Record_ID,Age,BusinessTravel,DailyRate,Department,DistanceFromHome,Education,EducationField,EmployeeCount,EmployeeNumber,EnvironmentSatisfaction,Gender,HourlyRate,JobInvolvement,JobLevel,JobRole,JobSatisfaction,MaritalStatus,MonthlyIncome,MonthlyRate,NumCompaniesWorked,Over18,OverTime,PercentSalaryHike,PerformanceRating,RelationshipSatisfaction,StandardHours,StockOptionLevel,TotalWorkingYears,TrainingTimesLastYear,WorkLifeBalance,YearsAtCompany,YearsInCurrentRole,YearsSinceLastPromotion,YearsWithCurrManager,Attrition,IsolationForest_Prediction,Anomaly_Label,Anomaly_Score,Anomaly_Status
1,0.4463504035345031,2,0.7425265337769018,2,-1.010909342912418,-0.8916882501868245,1,0.0,-1.701282951740758,-0.6605306743650393,0,1.3831382668932737,0.3796721288811475,-0.0577875452794142,7,1.153253590238697,2,-0.1083495135106711,0.7260199409380492,2.1251359240839385,0,1,-1.1505541015749308,-0.4262300150429028,-1.584178240646517,0.0,-0.9320143892374164,-0.4216424583593375,-2.171981830933257,-2.4938204216722384,-0.1646131090542286,-0.063295899399149,-0.6791456840737199,0.2458339946348354,1,-1,1,0.5454821069826878,Anomaly
3,0.0083429981969065,2,1.4143632382387843,1,-0.8875151110697495,-0.8916882501868245,4,0.0,-1.6962980686465632,1.1697805251007627,1,1.2847252343505289,-1.0261667362455194,-0.9614863916702532,2,0.2462002046576992,2,-0.9376536912260358,-1.6748408610979753,1.324225833479301,0,1,-0.0572673987209239,-0.4262300150429028,-0.6589728319256667,0.0,-0.9320143892374164,-0.5502079870438897,0.1557070814399298,0.3380961637724818,-1.1442943653688686,-1.1676872598353414,-0.6791456840737199,-1.1559347102263289,1,-1,1,0.5179080929895612,Anomaly
7,2.417383727553688,2,1.2928872289449382,1,-0.7641208792270812,0.0850492518807105,3,0.0,-1.686328302458174,0.2546249253678617,0,0.743453555365431,1.7855109940078144,-0.9614863916702532,2,-1.5679065665042955,1,-0.814416073220678,-0.6112270608399039,0.523315742874663,0,1,1.3093409798465847,2.346151056253851,-1.584178240646517,0.0,2.5899937140505074,0.0926196563788712,0.1557070814399298,-1.0778621289498782,-0.9810141559830952,-1.1676872598353414,-0.6791456840737199,-1.1559347102263289,0,-1,1,0.5434697174238827,Anomaly
8,-0.7581699611438873,2,1.3771767047814845,1,1.827157989468953,-1.86842575225436,1,0.0,-1.684666674760109,1.1697805251007627,1,0.0545623275662159,0.3796721288811475,-0.9614863916702532,2,0.2462002046576992,0,-0.8095290642308104,-0.1374635670938734,-0.6780493930322936,0,0,1.855984331273588,2.346151056253851,-0.6589728319256667,0.0,0.241988311858558,-1.3216011591512031,-0.6201892226844657,0.3380961637724818,-0.9810141559830952,-1.1676872598353414,-0.6791456840737199,-1.1559347102263289,0,-1,1,0.5020403021903435,Anomaly
15,-0.9771736638126856,2,-1.7340965944792623,1,1.827157989468953,0.0850492518807105,1,0.0,-1.6713736531755896,0.2546249253678617,1,-0.7819484490471167,-1.0261667362455194,-0.9614863916702532,2,0.2462002046576992,2,-0.9508273676335052,-0.1919934500880768,0.9237707881769818,0,1,-0.3305890744344257,-0.4262300150429028,-0.6589728319256667,0.0,-0.9320143892374164,-0.678773515728442,0.9316033855643254,0.3380961637724818,-0.4911735278257753,-0.6154915796172451,-0.6791456840737199,-0.3148734873096303,1,-1,1,0.5018821378725701,Anomaly
18,-1.6341847718190805,0,0.7945876806171215,1,0.8400041347276065,-0.8916882501868245,3,0.0,-1.666388770081395,1.1697805251007627,1,1.4815512994360187,1.7855109940078144,-0.9614863916702532,2,1.153253590238697,0,-0.7581092305113335,-0.9822551306973706,-0.6780493930322936,0,1,-0.6039107501479274,-0.4262300150429028,-0.6589728319256667,0.0,1.4159910129545328,-1.3216011591512031,-0.6201892226844657,-1.0778621289498782,-0.9810141559830952,-1.1676872598353414,-0.6791456840737199,-1.1559347102263289,0,-1,1,0.5208813164878493,Anomaly
19,1.7603726195472926,2,1.03258149474384,2,-0.8875151110697495,1.0617867539482455,1,0.0,-1.66472714238333,-1.5756862740979405,0,0.5958340065513135,-1.0261667362455194,1.7496101475022634,3,1.153253590238697,1,1.8961740869419932,1.083274999111413,-0.2775943477299747,0,0,0.2160542769925777,-0.4262300150429028,0.2662325767951835,0.0,-0.9320143892374164,2.535364701385363,0.1557070814399298,0.3380961637724818,2.9377108692754645,1.041095461037043,0.2521455058408027,0.8065414765793012,0,-1,1,0.5089650001635371,Anomaly
21,-1.4151810691502822,0,-0.3210083231018714,1,0.2230329755142651,-0.8916882501868245,4,0.0,-1.659742259289135,-1.5756862740979405,0,1.4815512994360187,1.7855109940078144,-0.0577875452794142,4,0.2462002046576992,0,-0.5294822012462215,-0.8546439612160903,-1.0785044383346123,0,0,0.7626976284195812,-0.4262300150429028,1.1914379855160335,0.0,0.241988311858558,-0.8073390444129942,1.707499689688721,-1.0778621289498782,-0.4911735278257753,-0.6154915796172451,-0.3687152874355457,-0.3148734873096303,0,-1,1,0.5162924810113191,Anomaly
22,-0.1011588531374925,2,1.0301023925133532,2,-0.0237554881710714,1.0617867539482455,1,0.0,-1.6580806315910706,0.2546249253678617,1,0.7926600716368035,-1.0261667362455194,-0.9614863916702532,8,-1.5679065665042955,2,-0.6578193068931802,-1.0297579669139705,1.7246808787816197,0,0,2.1293060069870897,2.346151056253851,-0.6589728319256667,0.0,-0.9320143892374164,-0.1645114009902331,0.9316033855643254,0.3380961637724818,-0.3278933184400019,-0.339393739508197,-0.6791456840737199,-0.3148734873096303,1,-1,1,0.532087867864369,Anomaly
26,1.7603726195472926,2,1.188764935264499,1,-0.5173324155417446,0.0850492518807105,4,0.0,-1.649772493100746,0.2546249253678617,0,-0.3882963188761366,0.3796721288811475,2.6533089938931025,3,0.2462002046576992,0,2.6753333028482813,-0.5028699995292573,0.523315742874663,0,0,-1.1505541015749308,-0.4262300150429028,1.1914379855160335,0.0,0.241988311858558,1.8925370579626024,0.1557070814399298,-1.0778621289498782,1.141628566031958,2.421584661582284,0.5625759024789769,1.086895217551534,0,-1,1,0.5060614061188367,Anomaly
27,-0.5391662584750891,1,0.7995458850780948,1,0.8400041347276065,-1.86842575225436,1,0.0,-1.648110865402681,-0.6605306743650393,0,0.3005949089230785,-2.432005601372186,-0.9614863916702532,6,-1.5679065665042955,2,-0.549030237205692,-1.3537048233614937,-0.6780493930322936,0,1,1.855984331273588,2.346151056253851,-0.6589728319256667,0.0,-0.9320143892374164,-0.1645114009902331,1.707499689688721,0.3380961637724818,0.4885077284888646,-0.6154915796172451,1.1834366957553253,0.8065414765793012,1,-1,1,0.5731624210003456,Anomaly
29,0.7748559575377005,2,-0.806912360277255,1,-0.270543951856408,1.0617867539482455,3,0.0,-1.6431259823084865,-1.5756862740979405,0,-1.1756005792180968,-1.0261667362455194,0.8459113011114247,0,1.153253590238697,1,0.7957471496148416,-1.7172842236347006,0.1228606975723441,0,0,-0.3305890744344257,-0.4262300150429028,1.1914379855160335,0.0,0.241988311858558,1.6354060005934978,0.9316033855643254,0.3380961637724818,2.447870241118145,0.4888997808189471,0.8730062991171511,3.6100788863016295,0,-1,1,0.5240488211167771,Anomaly
30,0.9938596602064989,2,-0.2416770517262986,2,-0.8875151110697495,1.0617867539482455,2,0.0,-1.6398027269123563,-0.6605306743650393,0,0.841866587908176,0.3796721288811475,2.6533089938931025,3,-1.5679065665042955,2,2.644098941043475,1.1958482884886217,0.1228606975723441,0,0,-0.8772324258614291,-0.4262300150429028,1.1914379855160335,0.0,-0.9320143892374164,1.3782749432243937,-0.6201892226844657,-1.0778621289498782,-0.8177339465973219,-0.6154915796172451,-0.0582848907973714,-0.8755809692540959,0,-1,1,0.5135934479286949,Anomaly
34,0.2273467008657048,2,0.229352372066165,2,-0.5173324155417446,0.0850492518807105,5,0.0,-1.633156216120097,1.1697805251007627,1,-0.4867093514188816,0.3796721288811475,-0.0577875452794142,8,1.153253590238697,1,-0.9385036058329692,-1.5428729226145808,0.1228606975723441,0,0,-0.3305890744344257,-0.4262300150429028,0.2662325767951835,0.0,0.241988311858558,0.9925783571707368,2.4833959938131165,1.754054456494842,-0.9810141559830952,-1.1676872598353414,-0.6791456840737199,-1.1559347102263289,1,-1,1,0.5074673640783952,Anomaly
43,-1.196177366481484,2,1.3746976025509978,1,1.950552221311621,0.0850492518807105,1,0.0,-1.6115550560452534,-1.5756862740979405,1,-0.8803614815898617,-2.432005601372186,-0.9614863916702532,2,0.2462002046576992,2,-0.8945205249241606,-0.5277457451219738,-0.6780493930322936,0,0,-0.8772324258614291,-0.4262300150429028,0.2662325767951835,0.0,-0.9320143892374164,-1.3216011591512031,-0.6201892226844657,-1.0778621289498782,-0.9810141559830952,-1.1676872598353414,-0.6791456840737199,-0.8755809692540959,1,-1,1,0.5138075222108108,Anomaly
46,0.4463504035345031,2,1.3821349092424575,1,0.3464272073569334,0.0850492518807105,5,0.0,-1.6065701729510586,-0.6605306743650393,0,-0.8311549653184892,0.3796721288811475,2.6533089938931025,5,0.2462002046576992,1,2.7711611747800338,0.2764294881069749,-0.6780493930322936,0,0,-0.8772324258614291,-0.4262300150429028,1.1914379855160335,0.0,-0.9320143892374164,1.5068404719089457,-2.171981830933257,0.3380961637724818,2.447870241118145,2.97378034180038,3.977310265498893,1.086895217551534,1,-1,1,0.5776881309180366,Anomaly
47,-0.3201625558062908,0,0.6507997512488957,2,1.7037637576262843,1.0617867539482455,2,0.0,-1.6032469175549289,-0.6605306743650393,1,0.3005949089230785,0.3796721288811475,-0.0577875452794142,7,0.2462002046576992,2,-0.4111315922307312,-0.6013891953512589,-1.0785044383346123,0,0,1.3093409798465847,2.346151056253851,0.2662325767951835,0.0,-0.9320143892374164,-0.1645114009902331,-0.6201892226844657,0.3380961637724818,0.3252275191030913,0.212801940709899,1.8042974890316736,0.8065414765793012,0,-1,1,0.5100725370069913,Anomaly
49,0.9938596602064989,1,1.0127486768999467,2,-0.5173324155417446,1.0617867539482455,2,0.0,-1.599923662158799,-1.5756862740979405,1,1.5799643319787635,0.3796721288811475,-0.0577875452794142,7,1.153253590238697,2,-0.1553072955437471,0.8617824846813495,0.523315742874663,0,1,1.5826626555600865,2.346151056253851,0.2662325767951835,0.0,-0.9320143892374164,0.3497507137479757,0.9316033855643254,0.3380961637724818,0.3252275191030913,0.4888997808189471,-0.6791456840737199,1.086895217551534,0,-1,1,0.5274390296549755,Anomaly
51,1.2128633628752972,2,-0.437526127934744,1,-1.010909342912418,-0.8916882501868245,1,0.0,-1.5966004067626691,-1.5756862740979405,1,1.5799643319787635,-1.0261667362455194,0.8459113011114247,2,0.2462002046576992,2,-0.2383864483714969,0.7000198678609162,2.5255909693862573,0,1,-0.6039107501479274,-0.4262300150429028,1.1914379855160335,0.0,-0.9320143892374164,1.5068404719089457,-0.6201892226844657,0.3380961637724818,-0.9810141559830952,-1.1676872598353414,-0.6791456840737199,-1.1559347102263289,1,-1,1,0.5470410283767642,Anomaly
53,0.7748559575377005,2,1.699459994744749,2,-1.010909342912418,2.038524256015781,2,0.0,-1.5899538959704096,-0.6605306743650393,0,0.448214457737196,0.3796721288811475,-0.0577875452794142,7,-1.5679065665042955,0,-0.2228755067949605,-1.448148332052485,0.9237707881769818,0,1,1.5826626555600865,2.346151056253851,0.2662325767951835,0.0,0.241988311858558,-0.2930769296747854,-0.6201892226844657,-1.0778621289498782,-0.4911735278257753,-0.339393739508197,-0.3687152874355457,-0.3148734873096303,0,-1,1,0.525828895378301,Anomaly
56,-0.42966440714069,1,-0.7127064755187623,1,-1.010909342912418,-0.8916882501868245,1,0.0,-1.581645757480085,-1.5756862740979405,0,1.5799643319787635,0.3796721288811475,0.8459113011114247,5,1.153253590238697,2,1.477803621678977,0.1170560671909267,-0.6780493930322936,0,1,-0.8772324258614291,-0.4262300150429028,0.2662325767951835,0.0,-0.9320143892374164,0.4783162424325279,-1.3960855268088614,0.3380961637724818,1.304908775417731,2.6976825016913315,1.8042974890316736,2.2083101814404653,0,-1,1,0.5309606320823995,Anomaly
57,-0.2106607044718917,1,0.1252300783857257,2,1.0867925984129432,2.038524256015781,1,0.0,-1.5799841297820203,-0.6605306743650393,1,0.251388392651706,0.3796721288811475,0.8459113011114247,7,-1.5679065665042955,1,0.5452348192211919,-0.4612698826058444,-0.6780493930322936,0,0,1.855984331273588,2.346151056253851,1.1914379855160335,0.0,0.241988311858558,-0.2930769296747854,0.1557070814399298,-1.0778621289498782,0.3252275191030913,1.041095461037043,-0.3687152874355457,1.086895217551534,0,-1,1,0.51391804300337,Anomaly
62,0.1178448495313057,1,-0.3705903677116045,1,2.4441291486822943,2.038524256015781,1,0.0,-1.5716759912916958,1.1697805251007627,0,-0.7819484490471167,0.3796721288811475,-0.0577875452794142,2,1.153253590238697,2,-0.8705104372782891,-1.2447855983086389,-0.6780493930322936,0,0,-1.1505541015749308,-0.4262300150429028,1.1914379855160335,0.0,-0.9320143892374164,-0.1645114009902331,-0.6201892226844657,0.3380961637724818,0.4885077284888646,-0.339393739508197,2.114727885669848,1.3672489585237668,0,-1,1,0.5084886696710551,Anomaly
63,1.4318670655440953,2,0.4623879817319102,1,-0.270543951856408,-0.8916882501868245,3,0.0,-1.5700143635936308,-0.6605306743650393,0,-1.1263940629467242,-1.0261667362455194,2.6533089938931025,5,0.2462002046576992,0,2.6001158601346663,0.3355972219743967,0.9237707881769818,0,1,-0.8772324258614291,-0.4262300150429028,1.1914379855160335,0.0,0.241988311858558,2.2782336440162587,-0.6201892226844657,-1.0778621289498782,3.264271288047011,-0.339393739508197,3.3564494722225446,1.086895217551534,0,-1,1,0.5623750674932809,Anomaly
64,2.417383727553688,2,1.5680675765289565,2,1.950552221311621,0.0850492518807105,1,0.0,-1.568352735895566,-1.5756862740979405,0,1.629170848250136,0.3796721288811475,0.8459113011114247,7,-1.5679065665042955,2,0.2409653899389981,-1.680743580391162,1.7246808787816197,0,0,-1.1505541015749308,-0.4262300150429028,1.1914379855160335,0.0,-0.9320143892374164,2.1496681153317065,0.1557070814399298,-1.0778621289498782,2.284590031732371,3.249878181909428,1.4938670923934996,1.3672489585237668,0,-1,1,0.5881506552097806,Anomaly
65,-0.1011588531374925,2,1.0424979036657869,1,-0.1471497200137397,0.0850492518807105,5,0.0,-1.5650294804994362,0.2546249253678617,0,-0.3390898026047641,0.3796721288811475,0.8459113011114247,0,0.2462002046576992,0,0.7634503945513685,-0.8588601892826525,-0.6780493930322936,0,0,-0.6039107501479274,-0.4262300150429028,-0.6589728319256667,0.0,2.5899937140505074,0.7354472998016324,-0.6201892226844657,0.3380961637724818,1.6314691941892778,2.6976825016913315,3.0460190755843706,1.086895217551534,0,-1,1,0.5274452911236394,Anomaly
66,1.979376322216091,2,0.0830853404674526,1,-0.1471497200137397,0.0850492518807105,3,0.0,-1.5633678528013712,1.1697805251007627,0,-1.6184592256604493,0.3796721288811475,1.7496101475022634,3,0.2462002046576992,0,1.7536009116288984,0.761295715761619,-0.2775943477299747,0,1,-0.3305890744344257,-0.4262300150429028,0.2662325767951835,0.0,2.5899937140505074,1.2497094145398413,-0.6201892226844657,0.3380961637724818,-0.3278933184400019,-1.1676872598353414,-0.6791456840737199,-0.5952272282818631,0,-1,1,0.5008005242180199,Anomaly
71,2.417383727553688,1,1.04745610812676,2,-1.010909342912418,-1.86842575225436,1,0.0,-1.551736458914917,-1.5756862740979405,0,-0.4375028351475091,-1.0261667362455194,-0.0577875452794142,7,0.2462002046576992,2,-0.2188384124120264,1.4552868555177445,1.7246808787816197,0,0,-1.1505541015749308,-0.4262300150429028,1.1914379855160335,0.0,-0.9320143892374164,1.121143885855289,-0.6201892226844657,-1.0778621289498782,-0.4911735278257753,-0.339393739508197,-0.3687152874355457,-0.3148734873096303,0,-1,1,0.5218651893106201,Anomaly
80,0.9938596602064989,2,0.3533074835904976,0,-0.5173324155417446,-0.8916882501868245,3,0.0,-1.531796926538138,-0.6605306743650393,1,0.6942470390940585,0.3796721288811475,-0.0577875452794142,1,-0.6608531809232983,0,-0.3148787629955121,-0.5464376895503993,2.1251359240839385,0,1,1.855984331273588,2.346151056253851,1.1914379855160335,0.0,0.241988311858558,0.6068817711170802,-0.6201892226844657,0.3380961637724818,-0.4911735278257753,-0.6154915796172451,-0.6791456840737199,-0.5952272282818631,0,-1,1,0.5110306500204466,Anomaly
84,0.1178448495313057,0,-0.5689185461505365,1,-0.3939381836990763,0.0850492518807105,3,0.0,-1.5251504157458786,-0.6605306743650393,0,0.645040522822686,-2.432005601372186,-0.0577875452794142,6,1.153253590238697,0,-0.2494353382616325,0.1973049413911591,1.7246808787816197,0,1,-0.8772324258614291,-0.4262300150429028,1.1914379855160335,0.0,2.5899937140505074,0.7354472998016324,0.1557070814399298,0.3380961637724818,0.9783483566461848,1.8693889813641875,-0.3687152874355457,1.3672489585237668,0,-1,1,0.5345734702625043,Anomaly
89,-0.7581699611438873,2,-1.275462681839232,1,-0.8875151110697495,0.0850492518807105,1,0.0,-1.5085341387652296,0.2546249253678617,1,1.629170848250136,-1.0261667362455194,-0.0577875452794142,0,1.153253590238697,1,-0.4995227113518155,0.2131860671085431,-0.6780493930322936,0,0,1.036019304133083,-0.4262300150429028,-1.584178240646517,0.0,2.5899937140505074,-0.0359458723056809,0.1557070814399298,0.3380961637724818,0.651787937874638,1.5932911412551394,2.4251582823080224,1.086895217551534,0,-1,1,0.5017047398283518,Anomaly
91,0.3368485522001039,1,-0.6755199420614625,1,-1.010909342912418,1.0617867539482455,1,0.0,-1.5052108833690998,0.2546249253678617,1,0.5958340065513135,-1.0261667362455194,1.7496101475022634,0,-0.6608531809232983,1,1.487365161006979,-0.0278416373632582,-0.6780493930322936,0,0,1.855984331273588,2.346151056253851,1.1914379855160335,0.0,0.241988311858558,1.3782749432243937,0.1557070814399298,-1.0778621289498782,2.447870241118145,-0.339393739508197,2.7355886789461965,1.9279564404682328,0,-1,1,0.5536023039331399,Anomaly
92,1.5413689168784943,2,-0.4226515145518241,2,1.456975293940948,1.0617867539482455,2,0.0,-1.503549255671035,0.2546249253678617,1,0.251388392651706,0.3796721288811475,-0.0577875452794142,7,1.153253590238697,2,-0.2256377292674944,-0.8278006425256449,-1.0785044383346123,0,1,1.855984331273588,2.346151056253851,1.1914379855160335,0.0,-0.9320143892374164,-0.0359458723056809,-0.6201892226844657,-2.4938204216722384,0.4885077284888646,0.7649976209279952,-0.3687152874355457,-1.1559347102263289,0,-1,1,0.5260412873544514,Anomaly
94,0.9938596602064989,1,-0.4077769011689042,1,-1.010909342912418,0.0850492518807105,3,0.0,-1.4969027448787753,0.2546249253678617,1,-1.2740136117608418,-1.0261667362455194,0.8459113011114247,0,-1.5679065665042955,1,0.8860505766015262,-1.5699973231761304,-0.2775943477299747,0,1,-0.6039107501479274,-0.4262300150429028,0.2662325767951835,0.0,0.241988311858558,1.2497094145398413,1.707499689688721,-1.0778621289498782,0.4885077284888646,1.3171933011460917,2.114727885669848,0.2458339946348354,0,-1,1,0.5207361716475153,Anomaly
96,1.869874470881692,2,1.0276232902828666,1,-0.8875151110697495,1.0617867539482455,5,0.0,-1.4935794894826455,-1.5756862740979405,0,-0.2898832863333916,0.3796721288811475,0.8459113011114247,5,0.2462002046576992,1,1.497139178986714,1.361546051504513,2.5255909693862573,0,0,-0.8772324258614291,-0.4262300150429028,-1.584178240646517,0.0,0.241988311858558,0.6068817711170802,1.707499689688721,-2.4938204216722384,-0.4911735278257753,-0.339393739508197,-0.6791456840737199,-0.3148734873096303,0,-1,1,0.5255376372881684,Anomaly
97,-1.4151810691502822,2,1.3647811936290513,2,-0.7641208792270812,-0.8916882501868245,4,0.0,-1.4902562340865158,-1.5756862740979405,0,-1.6184592256604493,0.3796721288811475,-0.0577875452794142,7,0.2462002046576992,1,-0.3195532933336464,0.4505597072559906,-1.0785044383346123,0,0,1.5826626555600865,2.346151056253851,-1.584178240646517,0.0,0.241988311858558,-0.9359045730975464,-0.6201892226844657,-1.0778621289498782,-0.6544537372115486,-0.6154915796172451,-0.6791456840737199,-0.5952272282818631,0,-1,1,0.506854646253712,Anomaly
99,2.3078818762192883,2,-0.2986964030274915,2,0.0996387436715968,1.0617867539482455,3,0.0,-1.485271350992321,1.1697805251007627,1,-1.4216331605749593,0.3796721288811475,1.7496101475022634,7,0.2462002046576992,2,1.5657697834965945,1.418886753209758,-1.0785044383346123,0,0,-0.6039107501479274,-0.4262300150429028,0.2662325767951835,0.0,-0.9320143892374164,3.4353234021772288,-1.3960855268088614,-1.0778621289498782,4.897073381904744,1.5932911412551394,-0.3687152874355457,1.086895217551534,0,-1,1,0.5414580220153125,Anomaly
101,0.0083429981969065,2,0.0111913757833397,0,-0.3939381836990763,1.0617867539482455,0,0.0,-1.4819480955961912,0.2546249253678617,1,-0.142263737519274,0.3796721288811475,-0.9614863916702532,1,-1.5679065665042955,0,-0.9412658283055032,1.311935101254632,0.523315742874663,0,1,1.855984331273588,2.346151056253851,1.1914379855160335,0.0,-0.9320143892374164,-0.5502079870438897,0.1557070814399298,0.3380961637724818,-0.6544537372115486,-0.6154915796172451,-0.6791456840737199,-0.5952272282818631,1,-1,1,0.5424824410131897,Anomaly
103,-1.8531884744878788,1,0.1698539185344854,1,-0.3939381836990763,0.0850492518807105,1,0.0,-1.4753015848039317,1.1697805251007627,0,0.0053558112948434,-1.0261667362455194,-0.9614863916702532,2,1.153253590238697,2,-0.7600215383769339,0.7687443853458787,-0.6780493930322936,0,1,0.7626976284195812,-0.4262300150429028,-0.6589728319256667,0.0,-0.9320143892374164,-1.3216011591512031,1.707499689688721,0.3380961637724818,-0.9810141559830952,-1.1676872598353414,-0.3687152874355457,-1.1559347102263289,1,-1,1,0.5171710820573977,Anomaly
105,0.0083429981969065,0,0.5888221954867294,1,-0.8875151110697495,-0.8916882501868245,1,0.0,-1.471978329407802,0.2546249253678617,1,1.6783773645215088,-1.0261667362455194,-0.0577875452794142,0,1.153253590238697,0,-0.2847067944493728,0.2159968858195845,0.9237707881769818,0,0,-0.3305890744344257,-0.4262300150429028,1.1914379855160335,0.0,0.241988311858558,0.7354472998016324,-0.6201892226844657,1.754054456494842,-0.9810141559830952,-1.1676872598353414,-0.6791456840737199,-1.1559347102263289,0,-1,1,0.5032582263032215,Anomaly
106,2.417383727553688,0,1.5308810430716568,0,-0.8875151110697495,1.0617867539482455,0,0.0,-1.470316701709737,0.2546249253678617,0,-1.6676657419318217,-1.0261667362455194,2.6533089938931025,3,1.153253590238697,1,2.6222136399149374,1.069361446491758,2.5255909693862573,0,0,1.5826626555600865,2.346151056253851,1.1914379855160335,0.0,0.241988311858558,2.406799172700811,0.1557070814399298,0.3380961637724818,-0.6544537372115486,-0.6154915796172451,-0.0582848907973714,-0.5952272282818631,0,-1,1,0.6117196695940662,Anomaly
107,1.4318670655440953,1,0.7747548627732282,1,-1.010909342912418,0.0850492518807105,1,0.0,-1.468655074011672,-1.5756862740979405,0,0.349801425194451,0.3796721288811475,2.6533089938931025,5,-0.6608531809232983,1,2.4794279859501094,-0.6406001163702867,0.1228606975723441,0,1,1.036019304133083,-0.4262300150429028,-1.584178240646517,0.0,-0.9320143892374164,2.1496681153317065,-1.3960855268088614,-1.0778621289498782,0.161947309717318,-0.339393739508197,-0.6791456840737199,0.8065414765793012,0,-1,1,0.5279211944676486,Anomaly
108,-1.3056792178158831,2,-1.3944595889025913,2,-0.5173324155417446,0.0850492518807105,2,0.0,-1.4669934463136072,0.2546249253678617,1,-0.9787745141326066,-1.0261667362455194,-0.0577875452794142,7,0.2462002046576992,2,-0.1612566977922816,1.7772661388675384,-0.6780493930322936,0,1,-1.1505541015749308,-0.4262300150429028,1.1914379855160335,0.0,-0.9320143892374164,-0.678773515728442,-1.3960855268088614,0.3380961637724818,-0.1646131090542286,-0.063295899399149,-0.6791456840737199,-0.3148734873096303,1,-1,1,0.5031406929087587,Anomaly
111,1.5413689168784943,1,1.620128723369176,1,-1.010909342912418,1.0617867539482455,3,0.0,-1.4620085632194124,-1.5756862740979405,0,-1.7660787744745667,-1.0261667362455194,0.8459113011114247,0,-1.5679065665042955,2,0.2084561562237917,1.61381703082048,0.1228606975723441,0,0,1.3093409798465847,2.346151056253851,0.2662325767951835,0.0,-0.9320143892374164,1.5068404719089457,-1.3960855268088614,-1.0778621289498782,0.9783483566461848,2.145486821473236,3.0460190755843706,1.086895217551534,0,-1,1,0.5865766956091177,Anomaly
112,-0.3201625558062908,1,-0.3581948565591712,1,-0.270543951856408,0.0850492518807105,1,0.0,-1.4586853078232829,-1.5756862740979405,1,0.0053558112948434,-2.432005601372186,-0.0577875452794142,2,0.2462002046576992,2,-0.0911387427202677,1.2049834492995064,-0.6780493930322936,0,1,2.4026276827005915,2.346151056253851,1.1914379855160335,0.0,-0.9320143892374164,-0.2930769296747854,0.1557070814399298,0.3380961637724818,0.3252275191030913,0.7649976209279952,-0.6791456840737199,0.5261877356070683,1,-1,1,0.5432798873954565,Anomaly
113,1.869874470881692,0,-1.6374116074902831,0,2.073946453154289,0.0850492518807105,0,0.0,-1.4570236801252177,1.1697805251007627,0,-1.7660787744745667,1.7855109940078144,1.7496101475022634,3,1.153253590238697,2,2.3000960038871403,-0.0621336256379634,-0.2775943477299747,0,1,-0.8772324258614291,-0.4262300150429028,0.2662325767951835,0.0,-0.9320143892374164,1.5068404719089457,0.1557070814399298,0.3380961637724818,-0.3278933184400019,-0.339393739508197,0.5625759024789769,-0.0345197463373974,0,-1,1,0.5760177509332288,Anomaly
118,-0.1011588531374925,1,1.6473988479045294,2,0.2230329755142651,-0.8916882501868245,5,0.0,-1.4470539139368284,-0.6605306743650393,0,1.2847252343505289,0.3796721288811475,0.8459113011114247,7,1.153253590238697,1,0.6873830372308202,1.214118610110391,-1.0785044383346123,0,0,-0.3305890744344257,-0.4262300150429028,0.2662325767951835,0.0,0.241988311858558,-0.1645114009902331,2.4833959938131165,0.3380961637724818,0.3252275191030913,0.7649976209279952,-0.0582848907973714,1.086895217551534,0,-1,1,0.5073238550176731,Anomaly
119,-0.1011588531374925,2,0.2962881322893046,1,-0.7641208792270812,-0.8916882501868245,1,0.0,-1.4453922862387634,-1.5756862740979405,0,-1.3232201280322142,0.3796721288811475,-0.9614863916702532,2,1.153253590238697,0,-0.779357095684671,-1.6516516067318836,0.9237707881769818,0,0,1.855984331273588,2.346151056253851,-1.584178240646517,0.0,0.241988311858558,-0.5502079870438897,-0.6201892226844657,0.3380961637724818,-0.9810141559830952,-1.1676872598353414,-0.6791456840737199,-1.1559347102263289,0,-1,1,0.5046603147696214,Anomaly
120,0.6653541062033014,1,-1.012677845407647,2,2.073946453154289,-0.8916882501868245,1,0.0,-1.4404074031445688,0.2546249253678617,1,1.2847252343505289,0.3796721288811475,1.7496101475022634,3,1.153253590238697,1,2.2216913813975245,0.7281280549713303,-0.6780493930322936,0,1,-0.8772324258614291,-0.4262300150429028,1.1914379855160335,0.0,1.4159910129545328,1.76397152927805,0.1557070814399298,1.754054456494842,2.9377108692754645,2.145486821473236,0.5625759024789769,2.2083101814404653,0,-1,1,0.5711371125692124,Anomaly
121,-0.7581699611438873,1,1.2631380021790986,1,1.7037637576262843,0.0850492518807105,1,0.0,-1.4387457754465038,-1.5756862740979405,1,1.4815512994360187,-2.432005601372186,-0.9614863916702532,6,0.2462002046576992,0,-0.8265273563694804,1.1238913294859614,-0.6780493930322936,0,0,2.675949358414093,2.346151056253851,0.2662325767951835,0.0,2.5899937140505074,-0.1645114009902331,-0.6201892226844657,-1.0778621289498782,0.4885077284888646,0.7649976209279952,-0.6791456840737199,1.3672489585237668,0,-1,1,0.5692897342709423,Anomaly
123,2.08887817355049,2,-0.8961600405747744,1,0.59321567104227,1.0617867539482455,1,0.0,-1.435422520050374,-0.6605306743650393,0,0.3005949089230785,0.3796721288811475,-0.9614863916702532,6,-0.6608531809232983,1,-0.3272025247960479,-1.3777373233408976,2.5255909693862573,0,1,0.7626976284195812,-0.4262300150429028,-1.584178240646517,0.0,2.5899937140505074,-0.5502079870438897,-0.6201892226844657,0.3380961637724818,-0.3278933184400019,-0.063295899399149,0.5625759024789769,-0.3148734873096303,1,-1,1,0.534419043314098,Anomaly
124,1.5413689168784943,2,-0.2937381985665183,1,-0.3939381836990763,0.0850492518807105,1,0.0,-1.433760892352309,-1.5756862740979405,1,-0.7327419327757442,0.3796721288811475,2.6533089938931025,5,0.2462002046576992,2,2.769461345566167,-1.1034014171432556,1.7246808787816197,0,0,-0.6039107501479274,-0.4262300150429028,0.2662325767951835,0.0,-0.9320143892374164,1.5068404719089457,1.707499689688721,0.3380961637724818,2.1213098223465976,3.802073862127524,3.977310265498893,3.049371404357164,0,-1,1,0.5592140045527594,Anomaly
125,-0.6486681098094882,2,-1.3721476688282117,2,-0.3939381836990763,1.0617867539482455,1,0.0,-1.4320992646542443,-0.6605306743650393,1,0.4974209740085685,-2.432005601372186,-0.0577875452794142,7,0.2462002046576992,1,-0.0703158348503969,0.9031015197336584,0.523315742874663,0,1,0.7626976284195812,-0.4262300150429028,-0.6589728319256667,0.0,-0.9320143892374164,0.0926196563788712,0.1557070814399298,-1.0778621289498782,-0.0013328996684553,0.7649976209279952,1.4938670923934996,0.8065414765793012,1,-1,1,0.5132676836403085,Anomaly
127,2.3078818762192883,2,-1.6250160963378495,1,1.7037637576262843,1.0617867539482455,3,0.0,-1.4287760092581143,1.1697805251007627,0,1.3831382668932737,0.3796721288811475,0.8459113011114247,0,1.153253590238697,1,0.8093457833257777,-1.5246026009928115,-0.6780493930322936,0,0,-0.8772324258614291,-0.4262300150429028,1.1914379855160335,0.0,0.241988311858558,3.692454459546333,0.1557070814399298,-1.0778621289498782,5.386914010062064,1.5932911412551394,3.977310265498893,0.5261877356070683,1,-1,1,0.5942659572475554,Anomaly
128,-1.9626903258222776,2,-0.6804781465224358,2,1.5803695257836163,-1.86842575225436,2,0.0,-1.4254527538619848,1.1697805251007627,1,-0.7819484490471167,0.3796721288811475,-0.9614863916702532,8,0.2462002046576992,2,-1.0258323316953866,1.7577309488258006,-0.6780493930322936,0,1,1.036019304133083,-0.4262300150429028,1.1914379855160335,0.0,-0.9320143892374164,-1.4501666878357553,-0.6201892226844657,-1.0778621289498782,-1.1442943653688686,-1.1676872598353414,-0.6791456840737199,-1.1559347102263289,1,-1,1,0.5288926416401095,Anomaly
135,-1.196177366481484,2,1.3697393980900243,0,1.950552221311621,-1.86842575225436,1,0.0,-1.4088364768813355,0.2546249253678617,0,-0.2406767700620191,0.3796721288811475,-0.9614863916702532,1,0.2462002046576992,1,-0.7566218799491998,-0.758513961298474,-0.6780493930322936,0,0,2.1293060069870897,2.346151056253851,1.1914379855160335,0.0,0.241988311858558,-0.4216424583593375,0.1557070814399298,0.3380961637724818,0.161947309717318,0.7649976209279952,0.8730062991171511,0.8065414765793012,0,-1,1,0.5284042689317754,Anomaly
137,1.5413689168784943,1,0.861523440840261,1,-0.1471497200137397,1.0617867539482455,1,0.0,-1.405513221485206,-1.5756862740979405,1,-0.6343289002329991,-2.432005601372186,0.8459113011114247,4,1.153253590238697,2,0.8811635676116586,1.5230275864538425,-0.2775943477299747,0,0,-0.0572673987209239,-0.4262300150429028,1.1914379855160335,0.0,-0.9320143892374164,0.8640128284861845,-0.6201892226844657,0.3380961637724818,-0.4911735278257753,-0.6154915796172451,-0.6791456840737199,-0.3148734873096303,1,-1,1,0.5203123046921005,Anomaly
140,-0.7581699611438873,2,1.0846426415840595,0,-0.0237554881710714,0.0850492518807105,0,0.0,-1.3972050829948814,0.2546249253678617,1,-0.8803614815898617,0.3796721288811475,-0.0577875452794142,1,1.153253590238697,1,-0.0331320707970562,-0.0465335817916836,-1.0785044383346123,0,1,1.036019304133083,-0.4262300150429028,1.1914379855160335,0.0,-0.9320143892374164,0.0926196563788712,-0.6201892226844657,-2.4938204216722384,0.651787937874638,1.3171933011460917,0.5625759024789769,0.8065414765793012,0,-1,1,0.5139993094848091,Anomaly
141,-0.5391662584750891,2,0.5714684798733228,1,-0.0237554881710714,0.0850492518807105,3,0.0,-1.387235316806492,-1.5756862740979405,0,-1.2248070954894692,0.3796721288811475,-0.9614863916702532,2,-1.5679065665042955,2,-0.4893237360686134,-0.5746864175963655,1.7246808787816197,0,0,1.855984331273588,2.346151056253851,-1.584178240646517,0.0,-0.9320143892374164,-0.1645114009902331,-0.6201892226844657,1.754054456494842,-0.3278933184400019,-0.063295899399149,-0.6791456840737199,-0.0345197463373974,1,-1,1,0.538411390323444,Anomaly
143,0.1178448495313057,2,-1.0870509123222465,1,-0.7641208792270812,2.038524256015781,5,0.0,-1.3822504337122974,1.1697805251007627,0,-1.6676657419318217,0.3796721288811475,-0.0577875452794142,6,0.2462002046576992,2,-0.4644637338158085,-1.68805170903987,0.1228606975723441,0,1,1.3093409798465847,2.346151056253851,-0.6589728319256667,0.0,-0.9320143892374164,0.9925783571707368,-0.6201892226844657,0.3380961637724818,-0.6544537372115486,-0.6154915796172451,-0.0582848907973714,-0.5952272282818631,0,-1,1,0.5215408609462663,Anomaly
145,-0.5391662584750891,1,-0.281342687414085,2,-0.0237554881710714,-0.8916882501868245,3,0.0,-1.3789271783161676,1.1697805251007627,1,-1.5200461931177045,-2.432005601372186,-0.0577875452794142,7,1.153253590238697,0,-0.3898837270573937,1.194442879133101,-1.0785044383346123,0,0,0.4893759527060795,-0.4262300150429028,1.1914379855160335,0.0,2.5899937140505074,-0.2930769296747854,-0.6201892226844657,1.754054456494842,0.161947309717318,0.7649976209279952,-0.6791456840737199,0.8065414765793012,0,-1,1,0.5173829759467486,Anomaly
151,0.3368485522001039,1,1.4689034873094906,1,2.073946453154289,0.0850492518807105,3,0.0,-1.3672957844297131,-0.6605306743650393,0,-0.5851223839616266,0.3796721288811475,-0.0577875452794142,6,-0.6608531809232983,0,-0.1907912303832208,-0.8164168267459271,-0.6780493930322936,0,0,-1.1505541015749308,-0.4262300150429028,-1.584178240646517,0.0,0.241988311858558,1.121143885855289,-0.6201892226844657,0.3380961637724818,2.1213098223465976,0.7649976209279952,-0.0582848907973714,2.488663922412698,0,-1,1,0.5052958330788376,Anomaly
153,1.7603726195472926,2,1.570546678759443,2,-0.3939381836990763,-0.8916882501868245,2,0.0,-1.3623109013355186,-0.6605306743650393,1,-1.569252709389077,0.3796721288811475,-0.0577875452794142,8,0.2462002046576992,1,-0.8917583024516267,0.2436834501233424,-0.2775943477299747,0,1,1.3093409798465847,2.346151056253851,1.1914379855160335,0.0,0.241988311858558,0.2211851850634235,0.1557070814399298,-2.4938204216722384,-0.0013328996684553,0.7649976209279952,0.5625759024789769,0.2458339946348354,0,-1,1,0.5195799411596405,Anomaly
154,0.8843578088720997,2,-1.5084982915049772,1,-0.0237554881710714,0.0850492518807105,1,0.0,-1.3606492736374536,-0.6605306743650393,1,-0.2898832863333916,0.3796721288811475,-0.0577875452794142,2,-0.6608531809232983,0,-0.8828341990788249,-0.4795402042276135,2.1251359240839385,0,0,0.7626976284195812,-0.4262300150429028,0.2662325767951835,0.0,0.241988311858558,1.121143885855289,-0.6201892226844657,-2.4938204216722384,1.6314691941892778,1.3171933011460917,-0.6791456840737199,3.049371404357164,0,-1,1,0.5196965488526458,Anomaly
161,-1.6341847718190805,2,1.124308277271846,1,1.2101868302556114,-1.86842575225436,3,0.0,-1.3423713689587398,0.2546249253678617,1,0.6942470390940585,0.3796721288811475,-0.9614863916702532,6,1.153253590238697,1,-0.8881461653721593,-0.3262100435403044,-0.6780493930322936,0,0,2.4026276827005915,2.346151056253851,-1.584178240646517,0.0,1.4159910129545328,-1.193035630466651,2.4833959938131165,0.3380961637724818,-0.8177339465973219,-0.6154915796172451,-0.0582848907973714,-0.5952272282818631,0,-1,1,0.5250994200243755,Anomaly
164,2.198380024884889,2,-1.161423979236846,1,1.827157989468953,-0.8916882501868245,1,0.0,-1.3324016027703505,0.2546249253678617,1,0.841866587908176,1.7855109940078144,0.8459113011114247,0,1.153253590238697,0,0.6238519203625409,1.2773620311088227,0.1228606975723441,0,1,0.2160542769925777,-0.4262300150429028,-0.6589728319256667,0.0,0.241988311858558,0.0926196563788712,-0.6201892226844657,-2.4938204216722384,-0.3278933184400019,-0.339393739508197,-0.3687152874355457,-0.0345197463373974,0,-1,1,0.5159868927143599,Anomaly
172,-1.9626903258222776,1,-0.4970245814664236,2,-1.010909342912418,-1.86842575225436,5,0.0,-1.3124620703935717,0.2546249253678617,0,1.6783773645215088,-2.432005601372186,-0.9614863916702532,8,-1.5679065665042955,2,-0.8877212080686926,0.938236753621676,-1.0785044383346123,0,0,1.5826626555600865,2.346151056253851,-1.584178240646517,0.0,-0.9320143892374164,-1.3216011591512031,1.707499689688721,1.754054456494842,-1.1442943653688686,-1.1676872598353414,-0.6791456840737199,-1.1559347102263289,1,-1,1,0.6004699642549739,Anomaly
178,-1.9626903258222776,2,-1.2382761483819322,1,-0.8875151110697495,0.0850492518807105,1,0.0,-1.2991690488090524,-0.6605306743650393,1,-0.929567997861234,-1.0261667362455194,-0.9614863916702532,2,1.153253590238697,2,-1.1475825991386108,-0.712838157244051,-0.6780493930322936,0,0,1.855984331273588,2.346151056253851,0.2662325767951835,0.0,-0.9320143892374164,-1.3216011591512031,0.1557070814399298,-1.0778621289498782,-0.9810141559830952,-1.1676872598353414,-0.3687152874355457,-1.1559347102263289,1,-1,1,0.5170288820932366,Anomaly
179,0.9938596602064989,2,-0.6854363509834092,2,-1.010909342912418,-0.8916882501868245,2,0.0,-1.2975074211109874,-0.6605306743650393,0,1.2847252343505289,0.3796721288811475,0.8459113011114247,7,-1.5679065665042955,0,0.8393052732201837,-1.7112409634059615,-0.6780493930322936,0,0,2.675949358414093,2.346151056253851,0.2662325767951835,0.0,2.5899937140505074,1.6354060005934978,-0.6201892226844657,0.3380961637724818,2.774430659889691,2.421584661582284,3.977310265498893,0.8065414765793012,0,-1,1,0.5874590110129213,Anomaly
181,-0.6486681098094882,2,-1.6423698119512564,1,0.3464272073569334,-1.86842575225436,3,0.0,-1.2941841657148576,0.2546249253678617,0,1.432344783164646,0.3796721288811475,-0.9614863916702532,6,1.153253590238697,1,-0.5469054506883583,-1.0300390487850746,2.1251359240839385,0,1,2.1293060069870897,2.346151056253851,0.2662325767951835,0.0,0.241988311858558,-0.5502079870438897,-2.171981830933257,0.3380961637724818,-0.4911735278257753,-0.6154915796172451,-0.6791456840737199,-0.5952272282818631,0,-1,1,0.5266138133438891,Anomaly
183,0.4463504035345031,2,1.3722185003205112,2,1.3335810620982798,-0.8916882501868245,2,0.0,-1.2908609103187278,-0.6605306743650393,0,0.2021818763803334,0.3796721288811475,-0.9614863916702532,8,-0.6608531809232983,2,-0.7145511069059916,1.0420965049946562,-0.6780493930322936,0,1,1.855984331273588,2.346151056253851,1.1914379855160335,0.0,-0.9320143892374164,-0.9359045730975464,1.707499689688721,-1.0778621289498782,-0.4911735278257753,-0.339393739508197,-0.6791456840737199,-0.5952272282818631,1,-1,1,0.54654365663438,Anomaly
188,1.979376322216091,2,-0.273905380722625,1,0.59321567104227,1.0617867539482455,3,0.0,-1.2808911441303386,0.2546249253678617,1,-0.2406767700620191,1.7855109940078144,2.6533089938931025,5,-0.6608531809232983,2,2.596291244403466,-0.1369014033516651,2.1251359240839385,0,0,-1.1505541015749308,-0.4262300150429028,1.1914379855160335,0.0,-0.9320143892374164,3.1781923448081244,0.1557070814399298,0.3380961637724818,2.774430659889691,2.97378034180038,-0.0582848907973714,3.049371404357164,0,-1,1,0.5630535610312641,Anomaly
190,1.5413689168784943,2,-1.2134851260770658,1,-0.7641208792270812,0.0850492518807105,3,0.0,-1.2742446333380788,1.1697805251007627,0,1.5799643319787635,0.3796721288811475,1.7496101475022634,0,-0.6608531809232983,2,1.5364477295573886,-1.000806534190244,0.1228606975723441,0,0,0.7626976284195812,-0.4262300150429028,0.2662325767951835,0.0,-0.9320143892374164,1.2497094145398413,2.4833959938131165,0.3380961637724818,-0.0013328996684553,0.7649976209279952,-0.3687152874355457,-1.1559347102263289,0,-1,1,0.5067824448079734,Anomaly
191,1.6508707682128936,2,-0.2565516651092185,1,-1.010909342912418,1.0617867539482455,1,0.0,-1.272583005640014,0.2546249253678617,1,-0.043850704976529,-1.0261667362455194,2.6533089938931025,3,0.2462002046576992,1,2.8676264826669864,-1.213585510616079,-1.0785044383346123,0,0,-0.3305890744344257,-0.4262300150429028,-1.584178240646517,0.0,0.241988311858558,2.92106128743902,1.707499689688721,0.3380961637724818,4.243952544361651,3.802073862127524,2.7355886789461965,1.3672489585237668,0,-1,1,0.5499927849527978,Anomaly
194,0.6653541062033014,0,1.3424692735546713,1,-0.270543951856408,0.0850492518807105,3,0.0,-1.2675981225458193,1.1697805251007627,1,-1.4216331605749593,1.7855109940078144,-0.9614863916702532,6,1.153253590238697,0,-0.9378661698777692,-1.276828931614511,0.523315742874663,0,0,-0.3305890744344257,-0.4262300150429028,1.1914379855160335,0.0,2.5899937140505074,-0.5502079870438897,0.1557070814399298,1.754054456494842,-0.3278933184400019,-0.063295899399149,-0.0582848907973714,-0.5952272282818631,0,-1,1,0.5004039636813858,Anomaly
195,0.8843578088720997,0,0.9730830412121604,1,-0.8875151110697495,-0.8916882501868245,3,0.0,-1.2642748671496895,-1.5756862740979405,1,-0.043850704976529,-1.0261667362455194,1.7496101475022634,3,1.153253590238697,1,2.186207446558051,0.8641716805857348,2.5255909693862573,0,0,2.1293060069870897,2.346151056253851,1.1914379855160335,0.0,0.241988311858558,1.3782749432243937,-1.3960855268088614,0.3380961637724818,2.1213098223465976,1.041095461037043,2.7355886789461965,1.086895217551534,0,-1,1,0.5833212446463477,Anomaly
202,1.3223652142096962,0,0.4946163107282367,1,1.0867925984129432,1.0617867539482455,1,0.0,-1.2459969624709757,1.1697805251007627,1,1.2847252343505289,0.3796721288811475,-0.0577875452794142,4,1.153253590238697,0,0.0639706730450963,1.3323135369096823,-0.6780493930322936,0,1,-0.0572673987209239,-0.4262300150429028,-1.584178240646517,0.0,1.4159910129545328,-0.5502079870438897,-2.171981830933257,0.3380961637724818,-0.0013328996684553,0.7649976209279952,-0.3687152874355457,0.8065414765793012,0,-1,1,0.5055700759741566,Anomaly
205,0.1178448495313057,2,0.9358965077548606,1,2.4441291486822943,-1.86842575225436,3,0.0,-1.2343655685845214,-0.6605306743650393,1,0.2021818763803334,0.3796721288811475,-0.0577875452794142,0,-1.5679065665042955,1,0.0361359696680241,-0.4158751604225255,1.7246808787816197,0,1,1.036019304133083,-0.4262300150429028,-0.6589728319256667,0.0,-0.9320143892374164,0.7354472998016324,-0.6201892226844657,0.3380961637724818,-0.9810141559830952,-1.1676872598353414,-0.6791456840737199,-1.1559347102263289,1,-1,1,0.5253190758098338,Anomaly
206,-0.8676718124782865,2,-1.6894727543305028,2,2.197340684996958,0.0850492518807105,2,0.0,-1.2327039408864564,-0.6605306743650393,0,-1.5200461931177045,0.3796721288811475,0.8459113011114247,7,1.153253590238697,1,0.2413903472424649,1.435189501733798,-0.6780493930322936,0,0,1.855984331273588,2.346151056253851,1.1914379855160335,0.0,2.5899937140505074,-0.1645114009902331,0.1557070814399298,-1.0778621289498782,0.4885077284888646,-0.063295899399149,-0.3687152874355457,1.3672489585237668,1,-1,1,0.5680794629226544,Anomaly
209,0.3368485522001039,0,0.8640025430707476,1,-0.0237554881710714,2.038524256015781,1,0.0,-1.2260574300941969,1.1697805251007627,1,-0.142263737519274,-1.0261667362455194,-0.0577875452794142,0,1.153253590238697,1,-0.3456881674968516,-0.0099929385481452,2.5255909693862573,0,0,-0.3305890744344257,-0.4262300150429028,1.1914379855160335,0.0,0.241988311858558,-0.8073390444129942,1.707499689688721,-2.4938204216722384,-0.6544537372115486,-0.6154915796172451,-0.6791456840737199,-0.5952272282818631,0,-1,1,0.5243117127373871,Anomaly
211,-0.5391662584750891,2,0.6012177066391627,2,-0.6407266473844129,1.0617867539482455,3,0.0,-1.2194109193019371,1.1697805251007627,1,-1.6676657419318217,-2.432005601372186,0.8459113011114247,7,1.153253590238697,1,0.8280439046783147,1.6160656857893132,-0.6780493930322936,0,0,-1.1505541015749308,-0.4262300150429028,0.2662325767951835,0.0,-0.9320143892374164,0.3497507137479757,-0.6201892226844657,-1.0778621289498782,1.141628566031958,1.041095461037043,2.114727885669848,1.086895217551534,1,-1,1,0.5196942955713728,Anomaly
212,-0.7581699611438873,0,0.0657316248540461,1,-1.010909342912418,-1.86842575225436,1,0.0,-1.2177492916038724,0.2546249253678617,1,1.0878991692650386,-1.0261667362455194,0.8459113011114247,4,0.2462002046576992,2,0.4188100214398335,0.9292421337463436,-0.6780493930322936,0,0,1.855984331273588,2.346151056253851,0.2662325767951835,0.0,-0.9320143892374164,0.0926196563788712,-0.6201892226844657,0.3380961637724818,0.651787937874638,1.041095461037043,0.8730062991171511,1.086895217551534,0,-1,1,0.5204742812245596,Anomaly
214,1.5413689168784943,2,1.652357052365503,1,-0.1471497200137397,1.0617867539482455,1,0.0,-1.2111027808116128,-0.6605306743650393,1,0.743453555365431,-1.0261667362455194,0.8459113011114247,5,-0.6608531809232983,1,1.2721242868010696,0.1999752191666484,0.9237707881769818,0,0,0.2160542769925777,-0.4262300150429028,1.1914379855160335,0.0,1.4159910129545328,0.6068817711170802,1.707499689688721,-2.4938204216722384,0.4885077284888646,1.3171933011460917,0.5625759024789769,0.8065414765793012,0,-1,1,0.5025492068226124,Anomaly
215,-0.7581699611438873,2,0.5020536174196967,1,-0.7641208792270812,0.0850492518807105,5,0.0,-1.2094411531135478,1.1697805251007627,0,1.0878991692650386,0.3796721288811475,-0.9614863916702532,6,-1.5679065665042955,2,-0.8171782956932119,-0.8091086980972194,0.9237707881769818,0,1,-1.1505541015749308,-0.4262300150429028,0.2662325767951835,0.0,-0.9320143892374164,-0.4216424583593375,1.707499689688721,0.3380961637724818,-0.3278933184400019,-0.6154915796172451,-0.6791456840737199,-0.0345197463373974,1,-1,1,0.5015949589566234,Anomaly
217,-0.7581699611438873,1,-1.161423979236846,2,2.073946453154289,1.0617867539482455,2,0.0,-1.206117897717418,0.2546249253678617,0,-0.6835354165043717,-1.0261667362455194,-0.0577875452794142,7,-1.5679065665042955,2,0.0410229786578918,1.216226724143672,0.9237707881769818,0,0,-0.0572673987209239,-0.4262300150429028,0.2662325767951835,0.0,-0.9320143892374164,-0.2930769296747854,1.707499689688721,-1.0778621289498782,-0.1646131090542286,-0.339393739508197,-0.6791456840737199,-0.8755809692540959,1,-1,1,0.5186700997831122,Anomaly
219,0.8843578088720997,0,0.6185714222525692,2,-0.3939381836990763,0.0850492518807105,3,0.0,-1.2011330146232233,1.1697805251007627,0,-0.4375028351475091,-1.0261667362455194,0.8459113011114247,7,1.153253590238697,2,0.5018891742675833,0.3551324120161345,1.324225833479301,0,0,-0.8772324258614291,-0.4262300150429028,1.1914379855160335,0.0,-0.9320143892374164,1.5068404719089457,-0.6201892226844657,0.3380961637724818,1.9580296129608248,0.7649976209279952,3.0460190755843706,1.086895217551534,0,-1,1,0.531858595638174,Anomaly
224,0.1178448495313057,2,-1.694430958791476,2,-0.7641208792270812,0.0850492518807105,1,0.0,-1.1928248761328988,-1.5756862740979405,1,0.4974209740085685,0.3796721288811475,0.8459113011114247,7,0.2462002046576992,0,0.8724519428905902,-0.6557785374099103,-1.0785044383346123,0,0,-0.8772324258614291,-0.4262300150429028,0.2662325767951835,0.0,1.4159910129545328,0.7354472998016324,2.4833959938131165,-1.0778621289498782,1.4681889848035046,1.5932911412551394,0.8730062991171511,2.488663922412698,0,-1,1,0.5071620992286345,Anomaly
232,0.5558522548689022,2,-0.6705617376004892,1,-0.6407266473844129,-0.8916882501868245,5,0.0,-1.1728853437561202,0.2546249253678617,1,-0.3882963188761366,0.3796721288811475,2.6533089938931025,3,1.153253590238697,1,2.704655356787488,-1.3182885076023718,-0.6780493930322936,0,0,-1.1505541015749308,-0.4262300150429028,1.1914379855160335,0.0,-0.9320143892374164,1.3782749432243937,0.1557070814399298,0.3380961637724818,2.447870241118145,3.5259760220184755,2.7355886789461965,3.049371404357164,0,-1,1,0.5429689094552858,Anomaly
233,2.417383727553688,2,0.0384615003186929,0,-0.3939381836990763,-0.8916882501868245,3,0.0,-1.1695620883599902,-0.6605306743650393,1,-0.6835354165043717,0.3796721288811475,-0.9614863916702532,1,0.2462002046576992,1,-0.9000449698692283,1.5942818407787422,2.1251359240839385,0,0,0.4893759527060795,-0.4262300150429028,1.1914379855160335,0.0,-0.9320143892374164,-0.5502079870438897,-0.6201892226844657,-1.0778621289498782,-0.8177339465973219,-0.6154915796172451,-0.0582848907973714,-0.5952272282818631,0,-1,1,0.5046875167788535,Anomaly
234,1.4318670655440953,2,0.1277091806162123,2,-1.010909342912418,1.0617867539482455,3,0.0,-1.1662388329638604,1.1697805251007627,0,0.1037688438375884,0.3796721288811475,2.6533089938931025,3,1.153253590238697,0,2.765211772531499,1.3779893409641053,0.1228606975723441,0,0,-1.1505541015749308,-0.4262300150429028,0.2662325767951835,0.0,0.241988311858558,2.6639302300699157,0.1557070814399298,-1.0778621289498782,-0.0013328996684553,-1.1676872598353414,-0.6791456840737199,0.5261877356070683,0,-1,1,0.516264606563424,Anomaly
236,0.6653541062033014,2,0.5739475821038096,2,0.8400041347276065,0.0850492518807105,2,0.0,-1.159592322171601,1.1697805251007627,0,0.6942470390940585,0.3796721288811475,1.7496101475022634,3,1.153253590238697,1,2.0315229880961536,-0.9232279377655008,0.9237707881769818,0,1,1.855984331273588,2.346151056253851,0.2662325767951835,0.0,0.241988311858558,1.3782749432243937,0.1557070814399298,0.3380961637724818,1.6314691941892778,2.421584661582284,-0.3687152874355457,1.3672489585237668,0,-1,1,0.5354890019905809,Anomaly
237,-0.42966440714069,2,-0.8366615870430948,1,-0.8875151110697495,-0.8916882501868245,1,0.0,-1.157930694473536,-1.5756862740979405,0,-1.3232201280322142,0.3796721288811475,-0.9614863916702532,2,-1.5679065665042955,1,-0.806554363106543,1.011318040108753,1.7246808787816197,0,0,1.3093409798465847,2.346151056253851,-1.584178240646517,0.0,-0.9320143892374164,0.2211851850634235,0.1557070814399298,1.754054456494842,0.3252275191030913,0.7649976209279952,-0.3687152874355457,0.8065414765793012,1,-1,1,0.5506962513355822,Anomaly
238,1.6508707682128936,0,-0.0780563045141796,2,-0.8875151110697495,1.0617867539482455,1,0.0,-1.1562690667754711,-1.5756862740979405,1,0.645040522822686,-1.0261667362455194,2.6533089938931025,3,0.2462002046576992,2,2.669808857903213,0.943998931979311,-0.6780493930322936,0,1,0.7626976284195812,-0.4262300150429028,1.1914379855160335,0.0,-0.9320143892374164,2.7924957587544674,-0.6201892226844657,1.754054456494842,4.243952544361651,0.7649976209279952,3.977310265498893,2.2083101814404653,0,-1,1,0.59851326090539,Anomaly
245,0.8843578088720997,2,-1.3647103621367511,1,-1.010909342912418,0.0850492518807105,4,0.0,-1.1446376728890169,0.2546249253678617,1,0.2021818763803334,1.7855109940078144,2.6533089938931025,3,1.153253590238697,1,2.6982809972354858,0.232861798085833,-1.0785044383346123,0,0,-1.1505541015749308,-0.4262300150429028,0.2662325767951835,0.0,0.241988311858558,1.76397152927805,-0.6201892226844657,0.3380961637724818,2.774430659889691,-1.1676872598353414,-0.3687152874355457,0.8065414765793012,0,-1,1,0.5050976906278427,Anomaly
251,0.0083429981969065,1,-0.7399766000541155,1,0.0996387436715968,0.0850492518807105,3,0.0,-1.1346679067006271,-1.5756862740979405,1,-0.2406767700620191,0.3796721288811475,0.8459113011114247,4,0.2462002046576992,0,0.7532514192681665,1.160853595536156,1.324225833479301,0,0,-1.1505541015749308,-0.4262300150429028,-0.6589728319256667,0.0,1.4159910129545328,0.7354472998016324,1.707499689688721,0.3380961637724818,-0.9810141559830952,-1.1676872598353414,-0.6791456840737199,-1.1559347102263289,1,-1,1,0.522123335342696,Anomaly
252,0.2273467008657048,1,-0.7374974978236288,1,-0.8875151110697495,1.0617867539482455,5,0.0,-1.1330062790025626,0.2546249253678617,0,-0.0930572212479015,0.3796721288811475,0.8459113011114247,0,0.2462002046576992,2,0.9423574193108708,-1.1093041364364429,-1.0785044383346123,0,0,2.675949358414093,2.346151056253851,1.1914379855160335,0.0,-0.9320143892374164,1.121143885855289,-1.3960855268088614,0.3380961637724818,1.9580296129608248,0.4888997808189471,2.7355886789461965,1.086895217551534,0,-1,1,0.5578452535054168,Anomaly
258,0.3368485522001039,2,1.5209646341497105,1,-0.8875151110697495,-0.8916882501868245,3,0.0,-1.1180516297199783,-1.5756862740979405,1,-0.8311549653184892,0.3796721288811475,2.6533089938931025,5,0.2462002046576992,0,2.748001001741096,-1.1754989170814678,-1.0785044383346123,0,0,1.036019304133083,-0.4262300150429028,1.1914379855160335,0.0,0.241988311858558,1.3782749432243937,1.707499689688721,0.3380961637724818,2.284590031732371,0.7649976209279952,0.2521455058408027,1.3672489585237668,0,-1,1,0.5167945505283038,Anomaly
260,-0.6486681098094882,1,-1.2283597394599857,1,2.4441291486822943,-0.8916882501868245,3,0.0,-1.1130667466257838,0.2546249253678617,1,0.251388392651706,-1.0261667362455194,-0.9614863916702532,2,-0.6608531809232983,2,-0.6425208439683772,-0.3739939616280084,-1.0785044383346123,0,0,-1.1505541015749308,-0.4262300150429028,-0.6589728319256667,0.0,-0.9320143892374164,-0.678773515728442,-0.6201892226844657,1.754054456494842,-0.3278933184400019,-0.063295899399149,-0.3687152874355457,-0.0345197463373974,1,-1,1,0.5088565912496422,Anomaly
261,-0.5391662584750891,1,1.260658899948612,1,-0.270543951856408,0.0850492518807105,1,0.0,-1.1064202358335242,-0.6605306743650393,1,1.6783773645215088,1.7855109940078144,-0.9614863916702532,2,-0.6608531809232983,1,-0.7880687204057394,1.651200919677331,-0.6780493930322936,0,0,1.3093409798465847,2.346151056253851,0.2662325767951835,0.0,-0.9320143892374164,-0.8073390444129942,0.1557070814399298,-2.4938204216722384,-0.3278933184400019,-0.8915894197262932,-0.6791456840737199,-0.3148734873096303,0,-1,1,0.5052680272553934,Anomaly
264,0.9938596602064989,2,-0.7796422357419018,2,-0.8875151110697495,0.0850492518807105,5,0.0,-1.0997737250412645,0.2546249253678617,0,0.448214457737196,-2.432005601372186,1.7496101475022634,3,-0.6608531809232983,1,2.203205738696721,0.0933046490826267,0.1228606975723441,0,1,-0.8772324258614291,-0.4262300150429028,-0.6589728319256667,0.0,0.241988311858558,2.1496681153317065,-0.6201892226844657,-1.0778621289498782,-0.0013328996684553,0.7649976209279952,1.4938670923934996,0.8065414765793012,0,-1,1,0.5229137840002946,Anomaly
267,-0.6486681098094882,2,1.6374824389825828,1,1.7037637576262843,0.0850492518807105,3,0.0,-1.093127214249005,-0.6605306743650393,1,-0.0930572212479015,-1.0261667362455194,-0.0577875452794142,0,1.153253590238697,1,-0.1956782393730885,0.0133368567534985,-1.0785044383346123,0,0,1.5826626555600865,2.346151056253851,-0.6589728319256667,0.0,0.241988311858558,-0.1645114009902331,-0.6201892226844657,0.3380961637724818,0.3252275191030913,-1.1676872598353414,1.4938670923934996,1.086895217551534,0,-1,1,0.515147086269937,Anomaly
269,0.8843578088720997,2,1.444112465004624,1,1.3335810620982798,-0.8916882501868245,3,0.0,-1.0848190757586804,0.2546249253678617,1,0.645040522822686,0.3796721288811475,1.7496101475022634,0,1.153253590238697,1,1.4858778104448451,-0.957379385104654,-1.0785044383346123,0,1,-0.3305890744344257,-0.4262300150429028,-0.6589728319256667,0.0,-0.9320143892374164,1.2497094145398413,-0.6201892226844657,0.3380961637724818,2.1213098223465976,0.7649976209279952,0.5625759024789769,1.6476026994959998,0,-1,1,0.505673971753696,Anomaly
271,1.979376322216091,2,-0.8688899160394212,1,-1.010909342912418,0.0850492518807105,3,0.0,-1.0814958203625509,1.1697805251007627,1,0.743453555365431,0.3796721288811475,2.6533089938931025,3,-1.5679065665042955,2,2.664921848913346,0.649987294804379,-1.0785044383346123,0,1,-0.3305890744344257,-0.4262300150429028,0.2662325767951835,0.0,-0.9320143892374164,3.3067578734926766,-0.6201892226844657,0.3380961637724818,4.733793172518971,1.5932911412551394,0.5625759024789769,2.488663922412698,0,-1,1,0.5617819691193061,Anomaly
272,1.103361511540898,0,-0.338362038715278,1,2.4441291486822943,1.0617867539482455,1,0.0,-1.0781725649664209,-1.5756862740979405,1,1.0878991692650386,0.3796721288811475,0.8459113011114247,3,-0.6608531809232983,1,1.1359254710399758,-0.5685026164320743,-0.6780493930322936,0,1,-0.8772324258614291,-0.4262300150429028,1.1914379855160335,0.0,0.241988311858558,-0.1645114009902331,-0.6201892226844657,-1.0778621289498782,0.4885077284888646,0.7649976209279952,2.114727885669848,1.3672489585237668,1,-1,1,0.5452595302510597,Anomaly
276,0.0083429981969065,0,-0.1846577004251056,1,-1.010909342912418,1.0617867539482455,3,0.0,-1.0715260541741614,-1.5756862740979405,0,0.6942470390940585,0.3796721288811475,0.8459113011114247,5,1.153253590238697,0,1.5086130261803166,-0.3704804382392067,-0.2775943477299747,0,1,0.7626976284195812,-0.4262300150429028,-1.584178240646517,0.0,1.4159910129545328,0.4783162424325279,-0.6201892226844657,0.3380961637724818,-0.3278933184400019,-0.6154915796172451,-0.6791456840737199,-0.5952272282818631,0,-1,1,0.50836205524242,Anomaly
277,-0.2106607044718917,2,1.2705753088705585,1,1.5803695257836163,0.0850492518807105,1,0.0,-1.0698644264760964,-0.6605306743650393,0,0.251388392651706,1.7855109940078144,0.8459113011114247,3,-0.6608531809232983,0,1.167159832844782,0.6727549263638144,1.7246808787816197,0,0,0.7626976284195812,-0.4262300150429028,-0.6589728319256667,0.0,0.241988311858558,-0.1645114009902331,2.4833959938131165,-1.0778621289498782,-0.0013328996684553,0.7649976209279952,1.1834366957553253,-0.5952272282818631,0,-1,1,0.5098991148719759,Anomaly
278,0.1178448495313057,2,-1.1911732060026858,2,-0.270543951856408,-0.8916882501868245,3,0.0,-1.0682027987780314,-1.5756862740979405,0,-1.0771875466753518,1.7855109940078144,-0.0577875452794142,7,-1.5679065665042955,0,-0.1907912303832208,0.6855441514990529,-0.6780493930322936,0,1,2.4026276827005915,2.346151056253851,0.2662325767951835,0.0,0.241988311858558,-0.4216424583593375,0.1557070814399298,0.3380961637724818,0.161947309717318,-1.1676872598353414,1.4938670923934996,0.8065414765793012,0,-1,1,0.5383472483327656,Anomaly
279,-1.196177366481484,1,1.677148074670369,1,-1.010909342912418,0.0850492518807105,1,0.0,-1.0648795433819016,0.2546249253678617,0,0.8910731041795485,0.3796721288811475,-0.0577875452794142,4,-0.6608531809232983,0,-0.0225081382103874,1.750282279241541,-0.6780493930322936,0,0,1.3093409798465847,2.346151056253851,-1.584178240646517,0.0,0.241988311858558,-0.678773515728442,2.4833959938131165,-2.4938204216722384,-0.1646131090542286,0.212801940709899,-0.3687152874355457,-0.0345197463373974,0,-1,1,0.52733028904242,Anomaly
280,1.4318670655440953,2,-0.0135996465215267,1,-0.6407266473844129,-1.86842575225436,1,0.0,-1.0632179156838368,-1.5756862740979405,1,1.4815512994360187,0.3796721288811475,2.6533089938931025,5,-0.6608531809232983,0,2.6859572354349504,0.211077953075262,0.1228606975723441,0,0,-0.3305890744344257,-0.4262300150429028,-1.584178240646517,0.0,1.4159910129545328,2.1496681153317065,0.9316033855643254,-1.0778621289498782,0.4885077284888646,-0.063295899399149,-0.3687152874355457,0.5261877356070683,0,-1,1,0.5212227062736633,Anomaly
281,1.7603726195472926,2,0.663195262401329,1,-0.7641208792270812,1.0617867539482455,3,0.0,-1.0615562879857718,0.2546249253678617,1,-1.0279810304039791,0.3796721288811475,1.7496101475022634,5,0.2462002046576992,1,2.3544905387308845,0.942031358881582,0.1228606975723441,0,1,0.2160542769925777,-0.4262300150429028,1.1914379855160335,0.0,2.5899937140505074,1.2497094145398413,1.707499689688721,-1.0778621289498782,-0.3278933184400019,-0.339393739508197,-0.3687152874355457,-0.3148734873096303,0,-1,1,0.5080222190288979,Anomaly
282,0.5558522548689022,2,-0.4152142078603641,2,-1.010909342912418,-1.86842575225436,1,0.0,-1.059894660287707,-0.6605306743650393,1,1.629170848250136,0.3796721288811475,-0.0577875452794142,7,0.2462002046576992,1,-0.339101329293117,1.4361732882826628,-0.6780493930322936,0,0,2.675949358414093,2.346151056253851,0.2662325767951835,0.0,-0.9320143892374164,1.121143885855289,0.1557070814399298,0.3380961637724818,2.1213098223465976,3.249878181909428,2.7355886789461965,0.5261877356070683,0,-1,1,0.5537456728006352,Anomaly
287,0.7748559575377005,1,0.2913299278283313,1,1.827157989468953,0.0850492518807105,1,0.0,-1.0515865217973823,1.1697805251007627,1,-1.1263940629467242,0.3796721288811475,-0.9614863916702532,2,0.2462002046576992,0,-0.7100890552195906,0.7879984935165124,0.1228606975723441,0,1,1.855984331273588,2.346151056253851,1.1914379855160335,0.0,0.241988311858558,0.9925783571707368,-2.171981830933257,-2.4938204216722384,-0.9810141559830952,-1.1676872598353414,-0.6791456840737199,-1.1559347102263289,1,-1,1,0.5689717465139218,Anomaly
291,1.3223652142096962,1,-0.4127351056298775,1,0.0996387436715968,1.0617867539482455,1,0.0,-1.0449400110051228,0.2546249253678617,0,-1.5200461931177045,0.3796721288811475,2.6533089938931025,5,-1.5679065665042955,2,2.584179961254663,1.5854277618389618,2.5255909693862573,0,1,-1.1505541015749308,-0.4262300150429028,1.1914379855160335,0.0,-0.9320143892374164,1.3782749432243937,0.9316033855643254,0.3380961637724818,-0.6544537372115486,-0.6154915796172451,-0.3687152874355457,-0.5952272282818631,0,-1,1,0.5495130782556146,Anomaly
296,0.5558522548689022,1,-0.6135423862992962,2,2.073946453154289,0.0850492518807105,2,0.0,-1.0316469894206035,0.2546249253678617,0,0.5466274902799411,0.3796721288811475,1.7496101475022634,7,-0.6608531809232983,1,1.4920396913451133,0.0774235233652427,0.9237707881769818,0,0,-0.3305890744344257,-0.4262300150429028,1.1914379855160335,0.0,0.241988311858558,1.5068404719089457,-0.6201892226844657,1.754054456494842,2.1213098223465976,-0.063295899399149,0.5625759024789769,1.086895217551534,0,-1,1,0.5160684172981299,Anomaly
305,0.2273467008657048,2,0.8168996006915014,1,-1.010909342912418,0.0850492518807105,3,0.0,-1.01004582934576,0.2546249253678617,1,-0.8803614815898617,1.7855109940078144,0.8459113011114247,0,1.153253590238697,0,0.6608232057641482,-0.4737780258699787,-1.0785044383346123,0,0,0.4893759527060795,-0.4262300150429028,-1.584178240646517,0.0,2.5899937140505074,0.9925783571707368,1.707499689688721,-1.0778621289498782,1.794749403575051,1.5932911412551394,0.2521455058408027,0.8065414765793012,0,-1,1,0.5147741090360289,Anomaly
309,2.3078818762192883,0,-1.0225942543295936,1,-1.010909342912418,1.0617867539482455,1,0.0,-1.0017376908554356,1.1697805251007627,1,-1.6676657419318217,-2.432005601372186,-0.0577875452794142,0,0.2462002046576992,0,-0.1791049045378852,0.3854892540953818,-0.2775943477299747,0,1,-0.6039107501479274,-0.4262300150429028,1.1914379855160335,0.0,0.241988311858558,0.0926196563788712,-0.6201892226844657,0.3380961637724818,-0.3278933184400019,-0.339393739508197,-0.3687152874355457,-0.5952272282818631,0,-1,1,0.5114941469746425,Anomaly
312,0.8843578088720997,1,1.1069545616584395,1,-0.270543951856408,0.0850492518807105,1,0.0,-0.9967528077612408,-1.5756862740979405,1,1.5307578157073911,0.3796721288811475,0.8459113011114247,2,-1.5679065665042955,0,-0.2747202978179042,0.8425283765107159,-0.6780493930322936,0,0,0.7626976284195812,-0.4262300150429028,-1.584178240646517,0.0,0.241988311858558,1.6354060005934978,-0.6201892226844657,0.3380961637724818,2.774430659889691,1.3171933011460917,2.114727885669848,1.9279564404682328,0,-1,1,0.5262188727881414,Anomaly
315,0.2273467008657048,2,-1.6993891632524494,1,0.0996387436715968,-1.86842575225436,3,0.0,-0.9901062969689812,0.2546249253678617,1,1.629170848250136,0.3796721288811475,1.7496101475022634,3,-1.5679065665042955,1,2.2448515544364627,-1.258980232799398,-0.6780493930322936,0,1,-0.3305890744344257,-0.4262300150429028,1.1914379855160335,0.0,-0.9320143892374164,1.2497094145398413,0.1557070814399298,0.3380961637724818,2.284590031732371,1.3171933011460917,2.7355886789461965,1.6476026994959998,0,-1,1,0.5310887776506157,Anomaly
317,1.3223652142096962,2,0.7152564092415487,1,-1.010909342912418,-0.8916882501868245,5,0.0,-0.9867830415728516,0.2546249253678617,0,1.1863122018077836,-1.0261667362455194,1.7496101475022634,0,0.2462002046576992,2,1.585317819456065,0.4914571195016431,1.7246808787816197,0,1,-0.8772324258614291,-0.4262300150429028,1.1914379855160335,0.0,-0.9320143892374164,1.76397152927805,-0.6201892226844657,0.3380961637724818,-0.0013328996684553,-0.8915894197262932,-0.6791456840737199,0.8065414765793012,0,-1,1,0.5176227069031285,Anomaly
320,-0.5391662584750891,2,-0.5317320126932368,2,-0.1471497200137397,-0.8916882501868245,5,0.0,-0.9784749030825268,0.2546249253678617,0,-0.043850704976529,-1.0261667362455194,-0.0577875452794142,7,-0.6608531809232983,1,-0.2708956820867034,1.449103054353453,-0.6780493930322936,0,1,-1.1505541015749308,-0.4262300150429028,1.1914379855160335,0.0,-0.9320143892374164,0.2211851850634235,-0.6201892226844657,0.3380961637724818,0.9783483566461848,2.145486821473236,2.7355886789461965,1.3672489585237668,0,-1,1,0.5175909342736551,Anomaly
324,-0.9771736638126856,2,0.8788771564536676,1,-0.8875151110697495,1.0617867539482455,3,0.0,-0.9718283922902672,-1.5756862740979405,1,0.8910731041795485,-2.432005601372186,-0.9614863916702532,6,1.153253590238697,1,-0.6457080237443779,1.4649841800708372,0.9237707881769818,0,1,-0.6039107501479274,-0.4262300150429028,1.1914379855160335,0.0,-0.9320143892374164,-0.8073390444129942,0.9316033855643254,-1.0778621289498782,-0.6544537372115486,-0.6154915796172451,-0.0582848907973714,-0.5952272282818631,1,-1,1,0.5100826920048598,Anomaly
326,-0.6486681098094882,1,-0.01112054429104,1,-0.270543951856408,-0.8916882501868245,1,0.0,-0.9685051368941376,0.2546249253678617,0,-0.8803614815898617,-1.0261667362455194,0.8459113011114247,4,0.2462002046576992,1,0.5184625091027866,-0.0392254531429759,-0.6780493930322936,0,0,2.4026276827005915,2.346151056253851,-1.584178240646517,0.0,0.241988311858558,-0.1645114009902331,-0.6201892226844657,0.3380961637724818,0.4885077284888646,1.3171933011460917,1.8042974890316736,1.3672489585237668,0,-1,1,0.5108044998247581,Anomaly
327,0.2273467008657048,1,-0.3234874253323581,1,-0.270543951856408,-0.8916882501868245,3,0.0,-0.9651818814980078,0.2546249253678617,1,-0.5851223839616266,-1.0261667362455194,2.6533089938931025,3,1.153253590238697,1,2.7131545028568222,0.9595989758255908,-0.6780493930322936,0,0,-0.0572673987209239,-0.4262300150429028,-1.584178240646517,0.0,0.241988311858558,1.2497094145398413,-0.6201892226844657,0.3380961637724818,2.284590031732371,1.3171933011460917,3.3564494722225446,-0.3148734873096303,0,-1,1,0.5211089575415107,Anomaly
328,0.2273467008657048,2,0.8912726676061008,2,-0.7641208792270812,-0.8916882501868245,3,0.0,-0.9635202537999428,1.1697805251007627,0,-1.2248070954894692,0.3796721288811475,-0.0577875452794142,7,0.2462002046576992,1,-0.2687708955693696,0.4869598095639769,0.523315742874663,0,1,0.7626976284195812,-0.4262300150429028,-1.584178240646517,0.0,-0.9320143892374164,0.0926196563788712,0.1557070814399298,-1.0778621289498782,-0.9810141559830952,-1.1676872598353414,-0.6791456840737199,-1.1559347102263289,1,-1,1,0.5012249273745929,Anomaly
332,-1.0866755151470848,0,-1.4688326558171907,2,-1.010909342912418,-1.86842575225436,2,0.0,-0.9568737430076832,0.2546249253678617,1,0.349801425194451,0.3796721288811475,-0.0577875452794142,7,-0.6608531809232983,1,-0.0327071134935894,1.095361519568891,-1.0785044383346123,0,1,-0.6039107501479274,-0.4262300150429028,1.1914379855160335,0.0,0.241988311858558,-0.678773515728442,-2.171981830933257,0.3380961637724818,-0.3278933184400019,-0.063295899399149,-0.3687152874355457,-0.0345197463373974,0,-1,1,0.5087890358985101,Anomaly
336,0.3368485522001039,2,0.7970667828476081,2,-1.010909342912418,-0.8916882501868245,3,0.0,-0.9502272322154236,-0.6605306743650393,1,-0.4375028351475091,-2.432005601372186,-0.0577875452794142,7,1.153253590238697,1,0.2027192326269905,-0.1461771050981017,-0.2775943477299747,0,1,1.855984331273588,2.346151056253851,0.2662325767951835,0.0,2.5899937140505074,-0.678773515728442,-0.6201892226844657,-1.0778621289498782,-0.4911735278257753,-0.339393739508197,-0.6791456840737199,-0.5952272282818631,0,-1,1,0.5102280001417987,Anomaly
337,-0.8676718124782865,2,-1.2010896149246324,1,-0.1471497200137397,1.0617867539482455,4,0.0,-0.9485656045173588,-0.6605306743650393,1,0.5466274902799411,-2.432005601372186,-0.9614863916702532,2,-1.5679065665042955,1,-0.931491810325768,-1.342742630388432,-0.6780493930322936,0,1,-1.1505541015749308,-0.4262300150429028,1.1914379855160335,0.0,-0.9320143892374164,-0.5502079870438897,0.9316033855643254,-1.0778621289498782,-0.0013328996684553,0.7649976209279952,-0.6791456840737199,0.8065414765793012,1,-1,1,0.5122478399199835,Anomaly
344,-0.8676718124782865,2,-1.6324534030293096,2,0.0996387436715968,-1.86842575225436,2,0.0,-0.9336109552347748,1.1697805251007627,0,-1.3232201280322142,-1.0261667362455194,-0.0577875452794142,7,-0.6608531809232983,0,0.3750394191827581,-0.3439182014198653,-0.6780493930322936,0,1,-0.3305890744344257,-0.4262300150429028,-1.584178240646517,0.0,1.4159910129545328,-0.5502079870438897,-0.6201892226844657,0.3380961637724818,-0.0013328996684553,0.7649976209279952,-0.3687152874355457,0.8065414765793012,0,-1,1,0.5013360838749632,Anomaly
348,1.103361511540898,1,1.2557006954876386,2,-0.6407266473844129,-1.86842575225436,3,0.0,-0.926964444442515,-0.6605306743650393,1,1.629170848250136,0.3796721288811475,-0.0577875452794142,8,0.2462002046576992,2,-0.749397605790265,1.6074926887206369,0.1228606975723441,0,0,1.036019304133083,-0.4262300150429028,-1.584178240646517,0.0,-0.9320143892374164,-0.8073390444129942,0.1557070814399298,0.3380961637724818,-1.1442943653688686,-1.1676872598353414,-0.6791456840737199,-1.1559347102263289,0,-1,1,0.5002421047481691,Anomaly
349,0.5558522548689022,2,0.0186286824747997,1,1.7037637576262843,2.038524256015781,1,0.0,-0.92530281674445,-1.5756862740979405,0,-1.0771875466753518,0.3796721288811475,1.7496101475022634,5,1.153253590238697,2,2.01622452517135,0.2231644735327401,-0.2775943477299747,0,0,-0.3305890744344257,-0.4262300150429028,-0.6589728319256667,0.0,-0.9320143892374164,0.6068817711170802,-0.6201892226844657,0.3380961637724818,-0.9810141559830952,-1.1676872598353414,-0.6791456840737199,-1.1559347102263289,0,-1,1,0.5017601800118267,Anomaly
351,0.5558522548689022,2,-0.6408125108346494,0,-0.8875151110697495,-1.86842575225436,5,0.0,-0.9219795613483204,0.2546249253678617,1,-0.6835354165043717,0.3796721288811475,-0.9614863916702532,1,0.2462002046576992,0,-0.8088916282756102,1.3637947064733462,-1.0785044383346123,0,1,-1.1505541015749308,-0.4262300150429028,0.2662325767951835,0.0,0.241988311858558,-0.9359045730975464,1.707499689688721,0.3380961637724818,-0.6544537372115486,-0.6154915796172451,-0.3687152874355457,-1.1559347102263289,0,-1,1,0.51005077148498,Anomaly
353,1.2128633628752972,2,-0.6755199420614625,2,2.4441291486822943,-1.86842575225436,3,0.0,-0.9169946782541256,-1.5756862740979405,0,1.235518718079156,0.3796721288811475,0.8459113011114247,3,0.2462002046576992,1,1.2750989879253367,1.3583136099868154,0.1228606975723441,0,0,1.5826626555600865,2.346151056253851,-0.6589728319256667,0.0,0.241988311858558,0.4783162424325279,0.1557070814399298,-2.4938204216722384,-1.1442943653688686,-1.1676872598353414,-0.6791456840737199,-1.1559347102263289,0,-1,1,0.5359375424479645,Anomaly
355,-0.7581699611438873,0,-0.4003395944774442,2,1.950552221311621,-0.8916882501868245,5,0.0,-0.913671422857996,1.1697805251007627,0,0.9402796204509212,0.3796721288811475,-0.0577875452794142,7,0.2462002046576992,1,-0.3754351787395242,-1.1586340048152193,1.7246808787816197,0,1,-0.8772324258614291,-0.4262300150429028,-0.6589728319256667,0.0,0.241988311858558,-0.9359045730975464,-0.6201892226844657,1.754054456494842,-0.8177339465973219,-0.6154915796172451,-0.0582848907973714,-0.5952272282818631,0,-1,1,0.52823806061506,Anomaly
357,0.5558522548689022,2,1.3127200467888316,1,-0.8875151110697495,1.0617867539482455,4,0.0,-0.910348167461866,-1.5756862740979405,1,1.5799643319787635,-1.0261667362455194,-0.0577875452794142,0,1.153253590238697,2,0.0590836640552287,0.3885811546775274,0.1228606975723441,0,0,2.1293060069870897,2.346151056253851,-0.6589728319256667,0.0,-0.9320143892374164,0.3497507137479757,2.4833959938131165,0.3380961637724818,-0.9810141559830952,-1.1676872598353414,-0.6791456840737199,-1.1559347102263289,0,-1,1,0.536543770593849,Anomaly
358,-1.7436866231534796,1,-0.1152428379714794,2,-1.010909342912418,-1.86842575225436,5,0.0,-0.9086865397638012,-1.5756862740979405,0,1.629170848250136,-1.0261667362455194,-0.9614863916702532,8,-0.6608531809232983,2,-0.9198054844804322,-0.7256273823792895,-0.6780493930322936,0,1,-1.1505541015749308,-0.4262300150429028,0.2662325767951835,0.0,-0.9320143892374164,-1.0644701017820986,0.1557070814399298,0.3380961637724818,-0.6544537372115486,-0.6154915796172451,-0.3687152874355457,-0.5952272282818631,1,-1,1,0.5474939812987538,Anomaly
359,-0.1011588531374925,0,0.1053972605418325,2,-1.010909342912418,2.038524256015781,3,0.0,-0.9070249120657364,1.1697805251007627,0,-1.0279810304039791,0.3796721288811475,-0.0577875452794142,7,1.153253590238697,2,0.0318863966333566,0.1353263888126959,0.523315742874663,0,0,-0.0572673987209239,-0.4262300150429028,-0.6589728319256667,0.0,-0.9320143892374164,-0.5502079870438897,2.4833959938131165,0.3380961637724818,-0.9810141559830952,-1.1676872598353414,-0.6791456840737199,-1.1559347102263289,0,-1,1,0.5045025052829105,Anomaly
363,-1.7436866231534796,0,0.229352372066165,2,-0.0237554881710714,-0.8916882501868245,3,0.0,-0.8987167735754118,-1.5756862740979405,1,-1.3232201280322142,0.3796721288811475,-0.9614863916702532,8,1.153253590238697,2,-0.8271647923246805,-1.610894735421783,-0.6780493930322936,0,0,2.4026276827005915,2.346151056253851,0.2662325767951835,0.0,-0.9320143892374164,-1.0644701017820986,0.1557070814399298,-1.0778621289498782,-0.6544537372115486,-0.6154915796172451,-0.0582848907973714,-0.5952272282818631,0,-1,1,0.5375944096980021,Anomaly
367,0.4463504035345031,1,-1.6349325052597965,2,-0.6407266473844129,0.0850492518807105,2,0.0,-0.8920702627831522,-1.5756862740979405,1,-0.4867093514188816,0.3796721288811475,-0.0577875452794142,7,-0.6608531809232983,2,0.6060037136169373,-0.6682866806740446,-0.6780493930322936,0,0,0.7626976284195812,-0.4262300150429028,0.2662325767951835,0.0,-0.9320143892374164,-0.4216424583593375,1.707499689688721,0.3380961637724818,0.161947309717318,0.7649976209279952,1.4938670923934996,0.8065414765793012,1,-1,1,0.5038541571366755,Anomaly
369,0.3368485522001039,2,-0.5639603416895632,2,1.5803695257836163,-0.8916882501868245,2,0.0,-0.8854237519908926,0.2546249253678617,1,0.1037688438375884,-1.0261667362455194,-0.0577875452794142,7,0.2462002046576992,1,-0.0261202752898548,-1.1528718264575846,-0.2775943477299747,0,1,-0.8772324258614291,-0.4262300150429028,-1.584178240646517,0.0,1.4159910129545328,-0.4216424583593375,2.4833959938131165,0.3380961637724818,-0.1646131090542286,-0.063295899399149,-0.3687152874355457,-1.1559347102263289,1,-1,1,0.5059695274904659,Anomaly
371,-1.7436866231534796,2,-1.60270417626347,2,0.3464272073569334,0.0850492518807105,1,0.0,-0.8821004965947629,0.2546249253678617,0,1.1863122018077836,1.7855109940078144,-0.9614863916702532,8,-0.6608531809232983,2,-0.8046420552409427,1.5612547209240055,-0.6780493930322936,0,0,-0.0572673987209239,-0.4262300150429028,1.1914379855160335,0.0,-0.9320143892374164,-1.3216011591512031,-2.171981830933257,0.3380961637724818,-0.9810141559830952,-1.1676872598353414,-0.6791456840737199,-1.1559347102263289,1,-1,1,0.5170459037239227,Anomaly
376,1.3223652142096962,2,1.1367037884242792,1,-0.270543951856408,0.0850492518807105,4,0.0,-0.8737923581044383,-0.6605306743650393,1,-1.7168722582031943,-1.0261667362455194,0.8459113011114247,0,0.2462002046576992,2,0.948094342907672,-0.3158100143094511,2.1251359240839385,0,0,2.4026276827005915,2.346151056253851,0.2662325767951835,0.0,-0.9320143892374164,1.8925370579626024,-0.6201892226844657,0.3380961637724818,-0.3278933184400019,-0.6154915796172451,-0.6791456840737199,-1.1559347102263289,0,-1,1,0.5283022037156558,Anomaly
379,-0.3201625558062908,0,1.387093113703431,2,1.2101868302556114,0.0850492518807105,2,0.0,-0.8688074750102436,-1.5756862740979405,1,0.0545623275662159,1.7855109940078144,-0.0577875452794142,7,1.153253590238697,2,-0.2547473045549669,-1.3577805104925036,2.1251359240839385,0,1,-0.6039107501479274,-0.4262300150429028,-0.6589728319256667,0.0,-0.9320143892374164,-0.2930769296747854,0.1557070814399298,-1.0778621289498782,-0.3278933184400019,-0.6154915796172451,-0.6791456840737199,-0.0345197463373974,1,-1,1,0.5421537066579732,Anomaly
380,1.979376322216091,2,1.260658899948612,1,-0.8875151110697495,0.0850492518807105,1,0.0,-0.8638225919160489,0.2546249253678617,0,1.5307578157073911,0.3796721288811475,1.7496101475022634,3,1.153253590238697,2,2.157947785877512,1.2571241363893246,-0.2775943477299747,0,1,-0.6039107501479274,-0.4262300150429028,0.2662325767951835,0.0,-0.9320143892374164,2.406799172700811,-0.6201892226844657,0.3380961637724818,-0.3278933184400019,-0.063295899399149,-0.3687152874355457,-0.5952272282818631,0,-1,1,0.5034918262662188,Anomaly
383,-1.196177366481484,1,-0.5639603416895632,1,-0.7641208792270812,-1.86842575225436,5,0.0,-0.8555144534257244,0.2546249253678617,1,0.349801425194451,0.3796721288811475,-0.9614863916702532,6,-1.5679065665042955,2,-0.7226252956718597,-1.086536504877007,-1.0785044383346123,0,0,1.855984331273588,2.346151056253851,0.2662325767951835,0.0,-0.9320143892374164,-0.5502079870438897,-0.6201892226844657,0.3380961637724818,-0.1646131090542286,-0.063295899399149,-0.6791456840737199,-0.0345197463373974,1,-1,1,0.528958754211759,Anomaly
386,-0.7581699611438873,1,-0.8391406892735814,1,-0.6407266473844129,0.0850492518807105,5,0.0,-0.8488679426334649,0.2546249253678617,1,-1.2740136117608418,0.3796721288811475,-0.9614863916702532,6,1.153253590238697,2,-0.8962203541380276,-1.5299431565437902,2.5255909693862573,0,1,2.1293060069870897,2.346151056253851,0.2662325767951835,0.0,-0.9320143892374164,-1.0644701017820986,0.9316033855643254,0.3380961637724818,-0.9810141559830952,-1.1676872598353414,-0.6791456840737199,-1.1559347102263289,1,-1,1,0.556605400649208,Anomaly
387,0.0083429981969065,2,0.754922044929335,1,0.59321567104227,0.0850492518807105,1,0.0,-0.8472063149353999,1.1697805251007627,0,1.432344783164646,0.3796721288811475,-0.9614863916702532,2,-1.5679065665042955,0,-0.7370738439897293,1.7709417967676953,-0.6780493930322936,0,0,-0.8772324258614291,-0.4262300150429028,0.2662325767951835,0.0,0.241988311858558,0.8640128284861845,-0.6201892226844657,-1.0778621289498782,1.794749403575051,0.7649976209279952,3.0460190755843706,3.6100788863016295,0,-1,1,0.5372987445723486,Anomaly
393,1.869874470881692,2,0.0458988070101529,1,-0.5173324155417446,-0.8916882501868245,3,0.0,-0.8355749210489456,-1.5756862740979405,1,0.9894861367222936,0.3796721288811475,2.6533089938931025,5,-1.5679065665042955,1,2.7416266421890945,-0.8157141220681667,0.523315742874663,0,0,-1.1505541015749308,-0.4262300150429028,0.2662325767951835,0.0,0.241988311858558,1.6354060005934978,0.9316033855643254,-1.0778621289498782,-0.4911735278257753,-0.6154915796172451,-0.3687152874355457,-0.5952272282818631,0,-1,1,0.5010678325441137,Anomaly
399,0.0083429981969065,0,0.6458415467879224,1,1.950552221311621,2.038524256015781,3,0.0,-0.8239435271624913,-0.6605306743650393,0,0.3005949089230785,0.3796721288811475,-0.0577875452794142,6,0.2462002046576992,1,-0.4364165517870029,1.3425730252049837,0.1228606975723441,0,1,-0.0572673987209239,-0.4262300150429028,-1.584178240646517,0.0,1.4159910129545328,0.4783162424325279,-0.6201892226844657,0.3380961637724818,0.9783483566461848,1.8693889813641875,2.4251582823080224,0.8065414765793012,0,-1,1,0.5361292623087438,Anomaly
401,0.2273467008657048,1,1.0301023925133532,1,-1.010909342912418,-1.86842575225436,1,0.0,-0.8206202717663615,-0.6605306743650393,1,-0.6835354165043717,0.3796721288811475,2.6533089938931025,3,0.2462002046576992,0,2.697218603976819,-0.8573142389915798,-0.6780493930322936,0,1,-0.3305890744344257,-0.4262300150429028,0.2662325767951835,0.0,0.241988311858558,1.2497094145398413,0.1557070814399298,0.3380961637724818,2.284590031732371,1.041095461037043,-0.3687152874355457,0.5261877356070683,0,-1,1,0.5149673958099714,Anomaly
402,2.08887817355049,1,0.2566224966015182,2,-0.3939381836990763,0.0850492518807105,1,0.0,-0.8189586440682967,0.2546249253678617,0,0.9894861367222936,1.7855109940078144,1.7496101475022634,7,-1.5679065665042955,1,1.4255338733525666,0.5541383767578667,2.5255909693862573,0,0,-1.1505541015749308,-0.4262300150429028,1.1914379855160335,0.0,2.5899937140505074,3.1781923448081244,-2.171981830933257,-1.0778621289498782,-0.0013328996684553,0.7649976209279952,1.4938670923934996,0.8065414765793012,0,-1,1,0.5633647044373393,Anomaly
409,1.6508707682128936,2,1.7044181992057224,1,-0.6407266473844129,-0.8916882501868245,1,0.0,-0.7956958562953881,1.1697805251007627,0,-1.7660787744745667,0.3796721288811475,1.7496101475022634,3,1.153253590238697,1,2.135850006097241,-0.5625998971388874,-0.2775943477299747,0,0,-0.6039107501479274,-0.4262300150429028,1.1914379855160335,0.0,-0.9320143892374164,2.535364701385363,-0.6201892226844657,-2.4938204216722384,-0.3278933184400019,-0.6154915796172451,-0.3687152874355457,-0.0345197463373974,0,-1,1,0.505314941464616,Anomaly
412,2.526885578888087,2,-0.9432629829540208,1,-0.270543951856408,0.0850492518807105,1,0.0,-0.7907109732011933,-1.5756862740979405,0,-1.2248070954894692,0.3796721288811475,2.6533089938931025,3,-1.5679065665042955,1,2.7756232264664344,-1.469932177063056,0.9237707881769818,0,0,-1.1505541015749308,-0.4262300150429028,1.1914379855160335,0.0,-0.9320143892374164,2.7924957587544674,1.707499689688721,-2.4938204216722384,3.5908317068185576,1.041095461037043,2.7355886789461965,1.6476026994959998,0,-1,1,0.5800271720360799,Anomaly
414,0.5558522548689022,1,1.4019677270863509,1,2.320734916839626,1.0617867539482455,5,0.0,-0.7873877178050636,1.1697805251007627,0,1.0878991692650386,-1.0261667362455194,-0.0577875452794142,0,1.153253590238697,1,-0.4206931315587331,-1.3951643993493543,-1.0785044383346123,0,0,-1.1505541015749308,-0.4262300150429028,1.1914379855160335,0.0,2.5899937140505074,-0.5502079870438897,0.9316033855643254,1.754054456494842,-0.1646131090542286,0.212801940709899,-0.6791456840737199,-0.0345197463373974,0,-1,1,0.5347691897390893,Anomaly
415,-1.4151810691502822,2,1.600295905525283,2,-1.010909342912418,-1.86842575225436,5,0.0,-0.7824028347108689,-1.5756862740979405,0,-0.1914702537906465,0.3796721288811475,-0.9614863916702532,8,-0.6608531809232983,2,-0.7013774304985222,1.0763884932693617,-0.6780493930322936,0,1,0.2160542769925777,-0.4262300150429028,-0.6589728319256667,0.0,-0.9320143892374164,-0.678773515728442,0.9316033855643254,0.3380961637724818,-0.3278933184400019,-0.339393739508197,-0.3687152874355457,-0.0345197463373974,1,-1,1,0.5270076411734914,Anomaly
416,-0.3201625558062908,1,-1.2556298639953387,2,-0.3939381836990763,-0.8916882501868245,2,0.0,-0.780741207012804,1.1697805251007627,0,-1.6184592256604493,-2.432005601372186,-0.9614863916702532,8,0.2462002046576992,0,-0.8821967631236248,-0.2895288593612139,-1.0785044383346123,0,0,0.2160542769925777,-0.4262300150429028,1.1914379855160335,0.0,0.241988311858558,-1.0644701017820986,0.1557070814399298,-1.0778621289498782,-0.8177339465973219,-0.6154915796172451,-0.3687152874355457,-1.1559347102263289,1,-1,1,0.5257616710412367,Anomaly
417,0.1178448495313057,1,1.7044181992057224,1,-0.8875151110697495,-0.8916882501868245,1,0.0,-0.779079579314739,1.1697805251007627,1,-1.1756005792180968,0.3796721288811475,-0.9614863916702532,2,1.153253590238697,1,-1.0200954080985856,-0.3101883768873683,-0.6780493930322936,0,1,2.1293060069870897,2.346151056253851,0.2662325767951835,0.0,0.241988311858558,-1.3216011591512031,0.1557070814399298,0.3380961637724818,-0.9810141559830952,-1.1676872598353414,-0.6791456840737199,-1.1559347102263289,0,-1,1,0.511517074572467,Anomaly
418,0.3368485522001039,2,1.4763407940009503,2,-0.8875151110697495,1.0617867539482455,1,0.0,-0.7757563239186093,0.2546249253678617,0,0.645040522822686,0.3796721288811475,2.6533089938931025,3,0.2462002046576992,1,2.451593282573037,-0.1814528799216715,-1.0785044383346123,0,0,-0.3305890744344257,-0.4262300150429028,1.1914379855160335,0.0,-0.9320143892374164,1.2497094145398413,-0.6201892226844657,0.3380961637724818,2.1213098223465976,2.97378034180038,-0.3687152874355457,2.2083101814404653,0,-1,1,0.5082766420351148,Anomaly
419,-1.196177366481484,2,1.3548647847071045,1,1.7037637576262843,0.0850492518807105,1,0.0,-0.7724330685224795,-1.5756862740979405,0,1.1863122018077836,0.3796721288811475,-0.9614863916702532,6,1.153253590238697,0,-0.7685206844462689,-1.5854568260868582,-0.6780493930322936,0,0,1.855984331273588,2.346151056253851,-0.6589728319256667,0.0,1.4159910129545328,-1.0644701017820986,0.1557070814399298,-2.4938204216722384,-0.6544537372115486,-0.6154915796172451,-0.6791456840737199,-0.5952272282818631,0,-1,1,0.5284469469979686,Anomaly
422,-0.8676718124782865,2,-0.977970414180834,1,1.950552221311621,2.038524256015781,5,0.0,-0.764124930032155,0.2546249253678617,0,0.251388392651706,-1.0261667362455194,-0.9614863916702532,6,-0.6608531809232983,1,-0.8407634260356166,0.5603221779221578,0.9237707881769818,0,0,0.2160542769925777,-0.4262300150429028,-0.6589728319256667,0.0,-0.9320143892374164,-0.678773515728442,-0.6201892226844657,1.754054456494842,-0.8177339465973219,-0.6154915796172451,-0.3687152874355457,-0.8755809692540959,1,-1,1,0.5056950617858209,Anomaly
423,-1.9626903258222776,2,-0.7771631335114152,0,-0.8875151110697495,-0.8916882501868245,5,0.0,-0.7624633023340901,-1.5756862740979405,1,-0.6835354165043717,-1.0261667362455194,-0.9614863916702532,1,1.153253590238697,2,-0.8369388103044157,0.5795762860927915,-0.6780493930322936,0,0,-0.8772324258614291,-0.4262300150429028,0.2662325767951835,0.0,-0.9320143892374164,-1.3216011591512031,0.1557070814399298,1.754054456494842,-0.9810141559830952,-1.1676872598353414,-0.6791456840737199,-1.1559347102263289,1,-1,1,0.5375898312075053,Anomaly
424,-0.7581699611438873,0,1.4763407940009503,2,1.5803695257836163,1.0617867539482455,4,0.0,-0.7608016746360252,0.2546249253678617,0,0.1529753601089609,0.3796721288811475,0.8459113011114247,7,-1.5679065665042955,1,0.4056363450323642,-1.6054136389352522,-1.0785044383346123,0,0,-1.1505541015749308,-0.4262300150429028,0.2662325767951835,0.0,-0.9320143892374164,-0.1645114009902331,0.1557070814399298,0.3380961637724818,0.3252275191030913,1.041095461037043,1.4938670923934996,1.086895217551534,0,-1,1,0.5156177283600024,Anomaly
425,2.198380024884889,2,-1.4688326558171907,2,2.4441291486822943,0.0850492518807105,2,0.0,-0.7591400469379603,-1.5756862740979405,1,-0.4867093514188816,-1.0261667362455194,1.7496101475022634,3,1.153253590238697,0,1.618039531823005,1.0946588148911307,0.1228606975723441,0,0,-0.8772324258614291,-0.4262300150429028,0.2662325767951835,0.0,0.241988311858558,2.6639302300699157,0.1557070814399298,-1.0778621289498782,-0.9810141559830952,-1.1676872598353414,-0.6791456840737199,-1.1559347102263289,0,-1,1,0.5323388553277142,Anomaly
426,1.4318670655440953,2,0.7350892270854419,1,2.4441291486822943,1.0617867539482455,1,0.0,-0.7574784192398955,-0.6605306743650393,1,1.0878991692650386,-1.0261667362455194,1.7496101475022634,3,0.2462002046576992,1,2.2401770240983283,-0.7025786689487499,-1.0785044383346123,0,0,-0.0572673987209239,-0.4262300150429028,-0.6589728319256667,0.0,0.241988311858558,2.1496681153317065,-0.6201892226844657,0.3380961637724818,3.264271288047011,1.5932911412551394,3.977310265498893,0.8065414765793012,0,-1,1,0.5449247756632036,Anomaly
428,2.526885578888087,1,1.726730119280102,2,2.320734916839626,0.0850492518807105,2,0.0,-0.7508319084476358,0.2546249253678617,0,0.6942470390940585,-1.0261667362455194,0.8459113011114247,7,-1.5679065665042955,1,0.7995717653460424,-1.6117379810350954,0.523315742874663,0,0,1.036019304133083,-0.4262300150429028,1.1914379855160335,0.0,-0.9320143892374164,1.3782749432243937,1.707499689688721,1.754054456494842,1.794749403575051,2.421584661582284,3.3564494722225446,1.9279564404682328,0,-1,1,0.5812750529838092,Anomaly
435,-0.6486681098094882,2,1.1689321174206058,1,-0.0237554881710714,-1.86842575225436,1,0.0,-0.7375388868631166,0.2546249253678617,1,-1.6184592256604493,0.3796721288811475,0.8459113011114247,4,-0.6608531809232983,0,0.8807386103081919,0.0113692836557695,-0.6780493930322936,0,0,2.675949358414093,2.346151056253851,1.1914379855160335,0.0,0.241988311858558,0.2211851850634235,2.4833959938131165,1.754054456494842,0.9783483566461848,1.041095461037043,-0.6791456840737199,1.086895217551534,0,-1,1,0.5421449817484768,Anomaly
436,-0.42966440714069,2,1.1763694241120657,1,0.7166099028849382,-1.86842575225436,3,0.0,-0.7358772591650518,-0.6605306743650393,1,-0.4867093514188816,0.3796721288811475,0.8459113011114247,3,0.2462002046576992,1,1.51010037674245,1.4484003496756928,1.7246808787816197,0,1,-0.8772324258614291,-0.4262300150429028,1.1914379855160335,0.0,-0.9320143892374164,0.4783162424325279,-0.6201892226844657,1.754054456494842,-0.0013328996684553,0.4888997808189471,1.4938670923934996,0.8065414765793012,1,-1,1,0.5289759963386437,Anomaly
437,-0.42966440714069,2,-0.5342111149237234,1,0.0996387436715968,-1.86842575225436,3,0.0,-0.7325540037689219,-1.5756862740979405,1,-1.3724266443035866,-2.432005601372186,-0.9614863916702532,2,1.153253590238697,0,-0.6576068282414469,-1.0692499698041025,1.7246808787816197,0,0,-0.6039107501479274,-0.4262300150429028,-1.584178240646517,0.0,2.5899937140505074,-0.4216424583593375,-0.6201892226844657,0.3380961637724818,-0.4911735278257753,-0.339393739508197,-0.3687152874355457,-0.3148734873096303,1,-1,1,0.5217513610525207,Anomaly
440,-0.6486681098094882,1,-0.6656035331395159,1,1.3335810620982798,0.0850492518807105,1,0.0,-0.7275691206747272,-1.5756862740979405,1,0.0053558112948434,0.3796721288811475,0.8459113011114247,0,0.2462002046576992,1,0.7056562012798904,1.2079348089460995,0.1228606975723441,0,0,-0.8772324258614291,-0.4262300150429028,-1.584178240646517,0.0,-0.9320143892374164,0.0926196563788712,-0.6201892226844657,0.3380961637724818,-0.9810141559830952,-1.1676872598353414,-0.6791456840737199,-1.1559347102263289,1,-1,1,0.5028380277633304,Anomaly
441,-0.3201625558062908,1,0.4599088795014236,0,1.7037637576262843,0.0850492518807105,0,0.0,-0.7225842375805326,-0.6605306743650393,0,-1.1263940629467242,0.3796721288811475,0.8459113011114247,1,-1.5679065665042955,0,0.7324285113982957,-0.3907183329587048,2.5255909693862573,0,1,-0.0572673987209239,-0.4262300150429028,0.2662325767951835,0.0,2.5899937140505074,-0.0359458723056809,-0.6201892226844657,0.3380961637724818,-0.6544537372115486,-0.6154915796172451,-0.6791456840737199,-0.5952272282818631,1,-1,1,0.5732926357246947,Anomaly
444,-1.6341847718190805,1,1.4019677270863509,1,-0.6407266473844129,-1.86842575225436,5,0.0,-0.7175993544863378,0.2546249253678617,1,1.629170848250136,-1.0261667362455194,-0.9614863916702532,2,0.2462002046576992,2,-0.5543422034990264,-0.7285787420258829,0.9237707881769818,0,0,0.2160542769925777,-0.4262300150429028,0.2662325767951835,0.0,-0.9320143892374164,-0.9359045730975464,0.1557070814399298,0.3380961637724818,-0.8177339465973219,-0.6154915796172451,-0.3687152874355457,-0.5952272282818631,1,-1,1,0.5232283901092214,Anomaly
446,1.979376322216091,2,0.7797130672342015,2,1.0867925984129432,2.038524256015781,1,0.0,-0.7109528436940782,-1.5756862740979405,0,0.841866587908176,0.3796721288811475,1.7496101475022634,3,-0.6608531809232983,2,2.195344028582586,-0.6240162859751422,0.1228606975723441,0,0,2.1293060069870897,2.346151056253851,1.1914379855160335,0.0,-0.9320143892374164,3.3067578734926766,-0.6201892226844657,0.3380961637724818,0.4885077284888646,1.3171933011460917,1.4938670923934996,0.8065414765793012,0,-1,1,0.5622143555110427,Anomaly
447,0.4463504035345031,0,-1.3275238286794515,2,0.0996387436715968,-0.8916882501868245,1,0.0,-0.7076295882979484,1.1697805251007627,1,-0.4867093514188816,0.3796721288811475,-0.0577875452794142,7,1.153253590238697,2,-0.0579920730498611,-0.1241121782164266,1.7246808787816197,0,0,-0.3305890744344257,-0.4262300150429028,1.1914379855160335,0.0,-0.9320143892374164,0.6068817711170802,0.1557070814399298,0.3380961637724818,1.141628566031958,-0.339393739508197,-0.3687152874355457,1.6476026994959998,0,-1,1,0.500840561219785,Anomaly
449,0.3368485522001039,2,-1.2407552506124189,1,-0.3939381836990763,0.0850492518807105,1,0.0,-0.7043063329018187,-0.6605306743650393,0,0.448214457737196,0.3796721288811475,1.7496101475022634,4,0.2462002046576992,2,1.430845839645901,0.8503986689016318,1.7246808787816197,0,0,-0.0572673987209239,-0.4262300150429028,0.2662325767951835,0.0,-0.9320143892374164,1.3782749432243937,0.1557070814399298,0.3380961637724818,2.1213098223465976,0.4888997808189471,0.8730062991171511,2.488663922412698,0,-1,1,0.5027301740350131,Anomaly
452,0.5558522548689022,2,-1.1986105126941458,1,1.827157989468953,0.0850492518807105,3,0.0,-0.697659822109559,1.1697805251007627,1,-0.4867093514188816,0.3796721288811475,0.8459113011114247,4,-1.5679065665042955,1,0.1918828213885884,-1.034817440593845,-0.6780493930322936,0,1,1.5826626555600865,2.346151056253851,1.1914379855160335,0.0,0.241988311858558,-0.1645114009902331,1.707499689688721,-1.0778621289498782,0.4885077284888646,1.3171933011460917,0.8730062991171511,1.086895217551534,0,-1,1,0.5198844931972914,Anomaly
454,-1.196177366481484,1,-0.9333465740320742,0,0.9633983665702748,1.0617867539482455,1,0.0,-0.6926749390153644,-0.6605306743650393,0,-0.3882963188761366,0.3796721288811475,-0.9614863916702532,1,0.2462002046576992,0,-0.7993300889476084,1.1938807153908928,-1.0785044383346123,0,1,-1.1505541015749308,-0.4262300150429028,-0.6589728319256667,0.0,0.241988311858558,-0.4216424583593375,-0.6201892226844657,-1.0778621289498782,-0.0013328996684553,0.7649976209279952,-0.3687152874355457,-1.1559347102263289,1,-1,1,0.536663354101143,Anomaly
456,-0.42966440714069,2,0.2962881322893046,1,-1.010909342912418,2.038524256015781,3,0.0,-0.6860284282231047,-1.5756862740979405,0,1.432344783164646,1.7855109940078144,1.7496101475022634,5,0.2462002046576992,0,2.0570204263041587,1.1615563002139164,0.523315742874663,0,0,1.036019304133083,-0.4262300150429028,0.2662325767951835,0.0,0.241988311858558,-0.1645114009902331,-0.6201892226844657,0.3380961637724818,-0.1646131090542286,-0.8915894197262932,-0.6791456840737199,0.2458339946348354,0,-1,1,0.5129556973543069,Anomaly
457,-0.6486681098094882,2,-0.2838217896445716,2,-0.270543951856408,0.0850492518807105,1,0.0,-0.6843668005250398,0.2546249253678617,1,-1.0771875466753518,-1.0261667362455194,0.8459113011114247,3,1.153253590238697,0,1.0738817047338305,1.5428438583666844,2.5255909693862573,0,0,1.5826626555600865,2.346151056253851,0.2662325767951835,0.0,0.241988311858558,-0.1645114009902331,0.1557070814399298,-1.0778621289498782,-0.3278933184400019,-0.063295899399149,-0.6791456840737199,-0.8755809692540959,0,-1,1,0.5073816068278061,Anomaly
458,-2.072192177156677,1,1.2482633887961785,2,-0.5173324155417446,0.0850492518807105,2,0.0,-0.682705172826975,-0.6605306743650393,1,0.1529753601089609,0.3796721288811475,-0.9614863916702532,8,-0.6608531809232983,2,-0.9826991653935114,-0.8789575430665986,-0.6780493930322936,0,1,-0.3305890744344257,-0.4262300150429028,1.1914379855160335,0.0,-0.9320143892374164,-1.4501666878357553,0.1557070814399298,0.3380961637724818,-1.1442943653688686,-1.1676872598353414,-0.6791456840737199,-1.1559347102263289,1,-1,1,0.5186554542367486,Anomaly
459,0.3368485522001039,0,0.7226937159330086,2,2.320734916839626,0.0850492518807105,4,0.0,-0.6810435451289101,0.2546249253678617,1,-0.3882963188761366,-2.432005601372186,0.8459113011114247,7,-1.5679065665042955,0,0.9410825474004704,-0.4132048826470362,0.1228606975723441,0,0,-0.0572673987209239,-0.4262300150429028,0.2662325767951835,0.0,0.241988311858558,1.121143885855289,-0.6201892226844657,0.3380961637724818,-0.9810141559830952,-1.1676872598353414,-0.6791456840737199,-0.8755809692540959,0,-1,1,0.5179527662884297,Anomaly
460,0.4463504035345031,0,-0.7275810889016822,1,-0.8875151110697495,1.0617867539482455,4,0.0,-0.6793819174308452,-1.5756862740979405,0,-0.1914702537906465,-1.0261667362455194,-0.0577875452794142,0,0.2462002046576992,2,0.0654580236072299,-1.7147544867947633,-0.2775943477299747,0,1,0.4893759527060795,-0.4262300150429028,-1.584178240646517,0.0,-0.9320143892374164,-0.1645114009902331,0.1557070814399298,0.3380961637724818,0.161947309717318,0.7649976209279952,-0.6791456840737199,0.8065414765793012,0,-1,1,0.5119743363847976,Anomaly
461,-1.196177366481484,2,-0.068139895592233,2,2.4441291486822943,-0.8916882501868245,3,0.0,-0.6760586620347153,-1.5756862740979405,1,-1.0279810304039791,0.3796721288811475,-0.0577875452794142,7,0.2462002046576992,0,-0.4668009989848756,-1.411888770680051,0.9237707881769818,0,0,-0.8772324258614291,-0.4262300150429028,-1.584178240646517,0.0,1.4159910129545328,-0.4216424583593375,1.707499689688721,0.3380961637724818,-1.1442943653688686,-1.1676872598353414,-0.6791456840737199,-1.1559347102263289,0,-1,1,0.5046669727488222,Anomaly
464,-1.196177366481484,2,-0.821786973660175,1,1.827157989468953,0.0850492518807105,5,0.0,-0.6694121512424558,0.2546249253678617,1,0.0053558112948434,-2.432005601372186,-0.9614863916702532,2,1.153253590238697,2,-0.8845340282926919,1.2507997942894813,-0.6780493930322936,0,1,0.7626976284195812,-0.4262300150429028,-0.6589728319256667,0.0,-0.9320143892374164,-1.3216011591512031,0.1557070814399298,-2.4938204216722384,-0.9810141559830952,-1.1676872598353414,-0.6791456840737199,-1.1559347102263289,1,-1,1,0.531080033398359,Anomaly
466,0.9938596602064989,1,0.5739475821038096,1,1.0867925984129432,-1.86842575225436,3,0.0,-0.666088895846326,-1.5756862740979405,0,0.9894861367222936,0.3796721288811475,0.8459113011114247,0,0.2462002046576992,1,0.8550286934484534,-0.7489571776809332,0.9237707881769818,0,0,-1.1505541015749308,-0.4262300150429028,1.1914379855160335,0.0,-0.9320143892374164,2.1496681153317065,0.1557070814399298,-1.0778621289498782,-0.8177339465973219,-0.6154915796172451,-0.3687152874355457,-0.5952272282818631,0,-1,1,0.5145335912148883,Anomaly
467,0.4463504035345031,2,1.173890321881579,2,-0.8875151110697495,2.038524256015781,1,0.0,-0.664427268148261,-0.6605306743650393,0,1.235518718079156,0.3796721288811475,1.7496101475022634,3,-1.5679065665042955,1,2.144349152166576,-1.220893639264787,1.7246808787816197,0,0,0.2160542769925777,-0.4262300150429028,-0.6589728319256667,0.0,0.241988311858558,1.3782749432243937,-0.6201892226844657,0.3380961637724818,1.794749403575051,3.249878181909428,2.7355886789461965,1.086895217551534,0,-1,1,0.5492696881214939,Anomaly
468,0.0083429981969065,0,-1.6374116074902831,2,-0.0237554881710714,1.0617867539482455,3,0.0,-0.6627656404501961,-1.5756862740979405,1,0.1529753601089609,0.3796721288811475,0.8459113011114247,7,-0.6608531809232983,0,0.4953023360638486,1.4550057736466402,-0.6780493930322936,0,0,-0.6039107501479274,-0.4262300150429028,1.1914379855160335,0.0,0.241988311858558,-0.2930769296747854,2.4833959938131165,0.3380961637724818,0.3252275191030913,0.212801940709899,1.4938670923934996,0.8065414765793012,0,-1,1,0.5049482439361828,Anomaly
470,-0.5391662584750891,0,1.664752563517936,2,0.2230329755142651,1.0617867539482455,4,0.0,-0.6544575019598717,1.1697805251007627,1,-0.2898832863333916,1.7855109940078144,-0.0577875452794142,7,0.2462002046576992,1,-0.381597059639792,1.349318990111483,2.1251359240839385,0,0,-0.8772324258614291,-0.4262300150429028,1.1914379855160335,0.0,-0.9320143892374164,-0.678773515728442,-0.6201892226844657,0.3380961637724818,-0.4911735278257753,-0.6154915796172451,-0.3687152874355457,-0.5952272282818631,1,-1,1,0.5190138678048377,Anomaly
474,1.3223652142096962,2,1.097038152736493,1,1.0867925984129432,1.0617867539482455,1,0.0,-0.6428261080734174,1.1697805251007627,1,-0.3882963188761366,-1.0261667362455194,2.6533089938931025,5,0.2462002046576992,0,2.7620245927554987,-1.7129274546325863,-0.6780493930322936,0,1,0.4893759527060795,-0.4262300150429028,0.2662325767951835,0.0,0.241988311858558,2.535364701385363,1.707499689688721,0.3380961637724818,3.917392125590105,1.3171933011460917,-0.6791456840737199,1.3672489585237668,0,-1,1,0.5472382723475165,Anomaly
476,-1.196177366481484,2,-0.2466352561872719,2,2.320734916839626,-0.8916882501868245,2,0.0,-0.6378412249792227,-1.5756862740979405,1,0.0053558112948434,0.3796721288811475,-0.0577875452794142,7,-0.6608531809232983,1,-0.0490679696770594,-0.9676388733999552,-0.6780493930322936,0,0,1.3093409798465847,2.346151056253851,1.1914379855160335,0.0,1.4159910129545328,-0.678773515728442,1.707499689688721,1.754054456494842,-0.3278933184400019,-0.339393739508197,-0.3687152874355457,-0.0345197463373974,0,-1,1,0.5105430178103222,Anomaly
477,-1.4151810691502822,2,0.0508570114711262,1,0.9633983665702748,-0.8916882501868245,4,0.0,-0.6345179695830929,1.1697805251007627,1,1.3831382668932737,-1.0261667362455194,-0.9614863916702532,2,-0.6608531809232983,1,-0.9297919811119008,-0.7326544291568929,-0.6780493930322936,0,0,1.5826626555600865,2.346151056253851,1.1914379855160335,0.0,0.241988311858558,-1.3216011591512031,-0.6201892226844657,0.3380961637724818,-0.9810141559830952,-1.1676872598353414,-0.6791456840737199,-1.1559347102263289,0,-1,1,0.5043006297122405,Anomaly
478,1.4318670655440953,1,1.0995172549669796,0,-0.7641208792270812,0.0850492518807105,3,0.0,-0.632856341885028,-1.5756862740979405,1,1.629170848250136,0.3796721288811475,2.6533089938931025,3,-0.6608531809232983,1,2.485377388198644,-0.8873899991997228,-0.6780493930322936,0,0,-1.1505541015749308,-0.4262300150429028,0.2662325767951835,0.0,0.241988311858558,2.6639302300699157,-0.6201892226844657,0.3380961637724818,4.080672334975878,0.212801940709899,2.4251582823080224,0.8065414765793012,0,-1,1,0.5623833341589544,Anomaly
485,-0.6486681098094882,2,-0.6879154532138958,2,-0.3939381836990763,1.0617867539482455,3,0.0,-0.6179016926024439,-1.5756862740979405,1,0.0053558112948434,1.7855109940078144,-0.0577875452794142,7,1.153253590238697,0,-0.2216006348845603,-1.1375528644824089,0.523315742874663,0,0,1.855984331273588,2.346151056253851,1.1914379855160335,0.0,1.4159910129545328,0.2211851850634235,0.9316033855643254,1.754054456494842,-0.0013328996684553,0.7649976209279952,0.8730062991171511,0.8065414765793012,0,-1,1,0.5216891413762652,Anomaly
490,0.6653541062033014,2,-0.0507861799788264,1,-0.3939381836990763,1.0617867539482455,4,0.0,-0.6046086710179247,-0.6605306743650393,1,-0.7819484490471167,-1.0261667362455194,1.7496101475022634,5,1.153253590238697,0,2.151148469022044,-1.6361921038211558,0.523315742874663,0,1,-0.3305890744344257,-0.4262300150429028,0.2662325767951835,0.0,0.241988311858558,1.2497094145398413,0.1557070814399298,-1.0778621289498782,-0.9810141559830952,-1.1676872598353414,-0.6791456840737199,-1.1559347102263289,0,-1,1,0.5003457121944676,Anomaly
493,1.2128633628752972,2,1.074726232662113,1,-1.010909342912418,1.0617867539482455,1,0.0,-0.5996237879237301,1.1697805251007627,0,-1.2740136117608418,-1.0261667362455194,1.7496101475022634,3,-1.5679065665042955,1,1.890862120648659,0.5177382744498804,1.7246808787816197,0,0,-1.1505541015749308,-0.4262300150429028,-1.584178240646517,0.0,0.241988311858558,1.2497094145398413,0.1557070814399298,-2.4938204216722384,-0.6544537372115486,-0.6154915796172451,-0.6791456840737199,-0.5952272282818631,0,-1,1,0.5155994287201621,Anomaly
495,-0.3201625558062908,2,-1.4837072692001108,2,0.59321567104227,0.0850492518807105,5,0.0,-0.5963005325276002,0.2546249253678617,0,-1.7168722582031943,0.3796721288811475,-0.9614863916702532,8,0.2462002046576992,0,-0.8337516305284152,-1.6023217383531068,-0.6780493930322936,0,1,0.7626976284195812,-0.4262300150429028,1.1914379855160335,0.0,1.4159910129545328,-0.4216424583593375,0.1557070814399298,0.3380961637724818,0.161947309717318,-0.6154915796172451,-0.6791456840737199,0.5261877356070683,0,-1,1,0.5059780974750933,Anomaly
498,0.7748559575377005,2,1.2705753088705585,1,-0.7641208792270812,1.0617867539482455,4,0.0,-0.5879923940372758,1.1697805251007627,1,-1.5200461931177045,0.3796721288811475,2.6533089938931025,3,1.153253590238697,1,2.7643618579245657,-0.6963948677844587,0.523315742874663,0,1,-0.8772324258614291,-0.4262300150429028,-1.584178240646517,0.0,0.241988311858558,1.8925370579626024,-0.6201892226844657,1.754054456494842,-0.8177339465973219,-0.6154915796172451,-0.6791456840737199,-0.8755809692540959,0,-1,1,0.5113126091800941,Anomaly
503,1.7603726195472926,2,-1.3994177933635643,2,-1.010909342912418,-1.86842575225436,3,0.0,-0.5697144893585618,1.1697805251007627,0,-1.569252709389077,0.3796721288811475,-0.0577875452794142,7,-1.5679065665042955,2,0.3990495068286295,-0.9565361394913416,1.7246808787816197,0,0,1.3093409798465847,2.346151056253851,1.1914379855160335,0.0,-0.9320143892374164,0.8640128284861845,-0.6201892226844657,1.754054456494842,1.141628566031958,0.7649976209279952,1.8042974890316736,1.6476026994959998,0,-1,1,0.5722191362288565,Anomaly
505,0.8843578088720997,1,-1.2308388416904723,2,2.073946453154289,1.0617867539482455,1,0.0,-0.5663912339624321,-1.5756862740979405,0,1.6783773645215088,0.3796721288811475,-0.0577875452794142,7,-1.5679065665042955,1,-0.4710505720195431,-1.2203314755225785,-0.2775943477299747,0,0,-0.3305890744344257,-0.4262300150429028,1.1914379855160335,0.0,1.4159910129545328,-0.8073390444129942,0.9316033855643254,0.3380961637724818,-0.9810141559830952,-0.8915894197262932,-0.6791456840737199,-1.1559347102263289,1,-1,1,0.5357996623031974,Anomaly
510,-0.42966440714069,1,1.223472366491312,1,-0.3939381836990763,0.0850492518807105,1,0.0,-0.5530982123779129,0.2546249253678617,1,-1.7660787744745667,0.3796721288811475,-0.0577875452794142,0,1.153253590238697,0,0.2596635112915352,-1.2617910515104394,0.1228606975723441,0,0,2.1293060069870897,2.346151056253851,0.2662325767951835,0.0,0.241988311858558,0.4783162424325279,-0.6201892226844657,-2.4938204216722384,0.9783483566461848,1.8693889813641875,0.5625759024789769,0.8065414765793012,0,-1,1,0.5248111083809098,Anomaly
514,-1.8531884744878788,2,1.387093113703431,1,0.0996387436715968,-1.86842575225436,3,0.0,-0.5381435630953287,1.1697805251007627,1,-1.6676657419318217,0.3796721288811475,-0.9614863916702532,6,0.2462002046576992,2,-1.1673431137498147,1.7828877762896211,-0.6780493930322936,0,1,-1.1505541015749308,-0.4262300150429028,1.1914379855160335,0.0,-0.9320143892374164,-1.3216011591512031,1.707499689688721,0.3380961637724818,-0.9810141559830952,-1.1676872598353414,-0.3687152874355457,-0.8755809692540959,1,-1,1,0.5233146466786933,Anomaly
515,-0.42966440714069,1,0.6780698757842488,1,-0.7641208792270812,0.0850492518807105,1,0.0,-0.5364819353972639,-1.5756862740979405,1,0.2021818763803334,0.3796721288811475,-0.9614863916702532,6,-1.5679065665042955,2,-0.6703555473454494,-1.566905422593985,-0.6780493930322936,0,1,-1.1505541015749308,-0.4262300150429028,-1.584178240646517,0.0,-0.9320143892374164,-0.1645114009902331,0.1557070814399298,0.3380961637724818,0.4885077284888646,1.041095461037043,2.114727885669848,0.8065414765793012,1,-1,1,0.5267420704151646,Anomaly
522,-1.0866755151470848,1,1.5060900207667902,2,-0.7641208792270812,-1.86842575225436,3,0.0,-0.516542403020485,1.1697805251007627,0,0.251388392651706,1.7855109940078144,-0.0577875452794142,7,1.153253590238697,0,-0.3943457787437946,0.3316620757789387,-0.6780493930322936,0,1,1.3093409798465847,2.346151056253851,-0.6589728319256667,0.0,1.4159910129545328,-0.678773515728442,0.1557070814399298,0.3380961637724818,-0.1646131090542286,0.212801940709899,-0.6791456840737199,-0.0345197463373974,0,-1,1,0.5293726509187101,Anomaly
524,1.4318670655440953,2,1.0028322679780002,1,2.320734916839626,-1.86842575225436,3,0.0,-0.5132191476243553,1.1697805251007627,1,0.3990079414658235,1.7855109940078144,-0.9614863916702532,2,0.2462002046576992,1,-0.6973403361155881,-1.5482134781655594,-0.6780493930322936,0,1,-1.1505541015749308,-0.4262300150429028,0.2662325767951835,0.0,2.5899937140505074,1.121143885855289,0.1557070814399298,0.3380961637724818,2.1213098223465976,1.041095461037043,0.2521455058408027,1.086895217551534,0,-1,1,0.5340632876085194,Anomaly
526,-1.4151810691502822,2,-0.2714262784921384,2,-0.7641208792270812,-0.8916882501868245,1,0.0,-0.5065726368320957,-1.5756862740979405,0,-0.043850704976529,0.3796721288811475,-0.0577875452794142,7,0.2462002046576992,2,-0.4092192843651309,1.4717301449773366,2.5255909693862573,0,0,-0.3305890744344257,-0.4262300150429028,-1.584178240646517,0.0,-0.9320143892374164,-0.9359045730975464,0.1557070814399298,0.3380961637724818,-0.8177339465973219,-0.6154915796172451,-0.0582848907973714,-1.1559347102263289,1,-1,1,0.51705762152397,Anomaly
527,0.2273467008657048,2,-0.977970414180834,1,-0.8875151110697495,1.0617867539482455,5,0.0,-0.5049110091340308,1.1697805251007627,0,0.6942470390940585,-1.0261667362455194,-0.0577875452794142,0,0.2462002046576992,2,-0.4143187720067319,0.9366908033306032,-0.6780493930322936,0,0,-1.1505541015749308,-0.4262300150429028,-1.584178240646517,0.0,-0.9320143892374164,1.121143885855289,0.9316033855643254,0.3380961637724818,2.1213098223465976,0.7649976209279952,2.7355886789461965,1.6476026994959998,0,-1,1,0.5232376863143929,Anomaly
529,1.4318670655440953,1,-0.5961886706858897,2,-0.1471497200137397,-0.8916882501868245,5,0.0,-0.501587753737901,-0.6605306743650393,1,-0.7819484490471167,0.3796721288811475,-0.0577875452794142,7,0.2462002046576992,1,0.0622708438312293,1.2843890778864262,0.1228606975723441,0,1,-0.3305890744344257,-0.4262300150429028,-1.584178240646517,0.0,0.241988311858558,0.8640128284861845,0.9316033855643254,0.3380961637724818,-0.4911735278257753,-0.339393739508197,-0.3687152874355457,-0.3148734873096303,1,-1,1,0.5145747087932003,Anomaly
534,0.3368485522001039,1,-0.55156483053713,2,-0.5173324155417446,1.0617867539482455,1,0.0,-0.4916179875495116,1.1697805251007627,1,-0.8803614815898617,-1.0261667362455194,0.8459113011114247,7,-1.5679065665042955,1,0.8439798035583179,1.3293621772630888,0.9237707881769818,0,1,1.5826626555600865,2.346151056253851,0.2662325767951835,0.0,0.241988311858558,1.121143885855289,-0.6201892226844657,0.3380961637724818,1.794749403575051,2.421584661582284,-0.3687152874355457,2.2083101814404653,0,-1,1,0.5471254995965059,Anomaly
536,0.4463504035345031,2,-0.9308674718015876,0,0.0996387436715968,1.0617867539482455,0,0.0,-0.4882947321533818,-0.6605306743650393,1,0.349801425194451,-1.0261667362455194,2.6533089938931025,3,1.153253590238697,0,2.68531979947975,-0.7662437127538378,0.1228606975723441,0,0,-0.0572673987209239,-0.4262300150429028,-0.6589728319256667,0.0,2.5899937140505074,1.5068404719089457,-0.6201892226844657,-1.0778621289498782,2.284590031732371,0.4888997808189471,3.0460190755843706,0.5261877356070683,0,-1,1,0.5604913520398038,Anomaly
538,-1.0866755151470848,1,-1.2605880684563122,1,0.0996387436715968,-0.8916882501868245,1,0.0,-0.484971476757252,1.1697805251007627,1,-1.6676657419318217,0.3796721288811475,0.8459113011114247,4,-1.5679065665042955,0,0.4865907113427802,-1.3357155836108283,-0.6780493930322936,0,0,1.5826626555600865,2.346151056253851,0.2662325767951835,0.0,1.4159910129545328,-0.2930769296747854,0.9316033855643254,-1.0778621289498782,0.3252275191030913,0.7649976209279952,-0.3687152874355457,0.8065414765793012,0,-1,1,0.5197281808988892,Anomaly
539,0.4463504035345031,2,-1.2110060238465792,0,-1.010909342912418,0.0850492518807105,0,0.0,-0.4833098490591871,1.1697805251007627,1,-0.3390898026047641,-1.0261667362455194,2.6533089938931025,3,0.2462002046576992,1,2.695518774762952,0.7376848385888711,-0.6780493930322936,0,0,-0.8772324258614291,-0.4262300150429028,-0.6589728319256667,0.0,0.241988311858558,1.3782749432243937,0.1557070814399298,0.3380961637724818,2.447870241118145,0.7649976209279952,-0.0582848907973714,1.6476026994959998,0,-1,1,0.5237980894036894,Anomaly
541,-0.9771736638126856,2,-0.3681112654811178,1,-1.010909342912418,-0.8916882501868245,1,0.0,-0.4716784551727328,-1.5756862740979405,0,0.0545623275662159,-2.432005601372186,-0.9614863916702532,6,-0.6608531809232983,2,-0.9108813811076304,-1.4674024402231187,1.7246808787816197,0,1,-0.6039107501479274,-0.4262300150429028,1.1914379855160335,0.0,-0.9320143892374164,-0.1645114009902331,0.9316033855643254,0.3380961637724818,-0.0013328996684553,0.7649976209279952,0.2521455058408027,0.8065414765793012,1,-1,1,0.530985489791132,Anomaly
542,-0.1011588531374925,0,-0.9308674718015876,1,-0.1471497200137397,0.0850492518807105,1,0.0,-0.4700168274746679,-1.5756862740979405,0,-0.142263737519274,1.7855109940078144,0.8459113011114247,5,-1.5679065665042955,1,1.1070283744042368,0.8463229817706218,2.5255909693862573,0,0,-0.3305890744344257,-0.4262300150429028,-1.584178240646517,0.0,0.241988311858558,-0.1645114009902331,-0.6201892226844657,0.3380961637724818,0.161947309717318,0.7649976209279952,-0.6791456840737199,0.2458339946348354,0,-1,1,0.5045742208932648,Anomaly
544,0.7748559575377005,0,-1.0449061744039736,1,1.827157989468953,0.0850492518807105,3,0.0,-0.4666935720785381,-1.5756862740979405,1,-0.8311549653184892,-2.432005601372186,-0.9614863916702532,2,0.2462002046576992,2,-0.5938632327214343,-1.71587881427918,-0.2775943477299747,0,0,-0.3305890744344257,-0.4262300150429028,0.2662325767951835,0.0,-0.9320143892374164,-0.2930769296747854,1.707499689688721,0.3380961637724818,-0.3278933184400019,-0.6154915796172451,-0.3687152874355457,-0.0345197463373974,0,-1,1,0.5113343715414196,Anomaly
545,1.103361511540898,1,-1.4514789402037842,2,-0.7641208792270812,0.0850492518807105,3,0.0,-0.4633703166824083,1.1697805251007627,0,-0.8311549653184892,0.3796721288811475,1.7496101475022634,7,0.2462002046576992,0,1.54409696101979,-0.5745458766608134,2.5255909693862573,0,1,-0.8772324258614291,-0.4262300150429028,1.1914379855160335,0.0,1.4159910129545328,2.1496681153317065,-0.6201892226844657,-1.0778621289498782,2.447870241118145,-0.6154915796172451,2.7355886789461965,2.488663922412698,0,-1,1,0.5895133707507676,Anomaly
546,-0.7581699611438873,2,-0.7474139067455754,2,2.197340684996958,2.038524256015781,2,0.0,-0.4617086889843434,0.2546249253678617,1,1.629170848250136,0.3796721288811475,-0.0577875452794142,7,1.153253590238697,0,-0.2547473045549669,1.5405952033978512,1.7246808787816197,0,0,2.1293060069870897,2.346151056253851,1.1914379855160335,0.0,0.241988311858558,-0.1645114009902331,-0.6201892226844657,-1.0778621289498782,0.161947309717318,0.7649976209279952,1.4938670923934996,0.8065414765793012,0,-1,1,0.5578874542811053,Anomaly
552,0.2273467008657048,2,-1.6398907097207698,0,-0.7641208792270812,0.0850492518807105,0,0.0,-0.4401075289094997,0.2546249253678617,0,-1.0771875466753518,1.7855109940078144,-0.0577875452794142,1,-0.6608531809232983,1,-0.0242079674242544,0.6259547948249748,2.5255909693862573,0,0,-0.0572673987209239,-0.4262300150429028,0.2662325767951835,0.0,0.241988311858558,0.0926196563788712,0.1557070814399298,-2.4938204216722384,0.161947309717318,-0.339393739508197,0.2521455058408027,0.5261877356070683,0,-1,1,0.5341005933337384,Anomaly
554,0.3368485522001039,2,0.0037540690918798,1,-0.8875151110697495,-1.86842575225436,3,0.0,-0.4351226458153051,1.1697805251007627,0,0.9894861367222936,-1.0261667362455194,-0.9614863916702532,6,1.153253590238697,2,-0.8841090709892252,1.2108861685926933,-1.0785044383346123,0,1,1.3093409798465847,2.346151056253851,1.1914379855160335,0.0,-0.9320143892374164,-0.8073390444129942,-0.6201892226844657,-1.0778621289498782,-0.4911735278257753,-0.6154915796172451,-0.0582848907973714,-0.3148734873096303,0,-1,1,0.5137583976891222,Anomaly
558,-0.2106607044718917,0,1.04745610812676,1,-0.8875151110697495,1.0617867539482455,1,0.0,-0.4218296242307858,1.1697805251007627,0,-0.2406767700620191,0.3796721288811475,-0.0577875452794142,0,-1.5679065665042955,0,-0.2995803000707091,-1.342461548517328,-0.2775943477299747,0,0,-1.1505541015749308,-0.4262300150429028,-1.584178240646517,0.0,0.241988311858558,0.6068817711170802,-0.6201892226844657,1.754054456494842,-0.9810141559830952,-1.1676872598353414,-0.6791456840737199,-1.1559347102263289,0,-1,1,0.5064936421480276,Anomaly
560,0.1178448495313057,2,-1.325044726448965,1,-0.8875151110697495,2.038524256015781,3,0.0,-0.4185063688346561,1.1697805251007627,1,1.2847252343505289,0.3796721288811475,-0.9614863916702532,6,0.2462002046576992,1,-0.7321868349998617,0.8654365490057034,1.324225833479301,0,1,-0.6039107501479274,-0.4262300150429028,-0.6589728319256667,0.0,0.241988311858558,-0.678773515728442,-2.171981830933257,-2.4938204216722384,-0.9810141559830952,-1.1676872598353414,-0.6791456840737199,-0.8755809692540959,0,-1,1,0.5076614650151794,Anomaly
562,1.6508707682128936,2,-0.4499216390871772,2,-0.7641208792270812,1.0617867539482455,2,0.0,-0.4135214857404614,0.2546249253678617,1,-1.7168722582031943,-1.0261667362455194,1.7496101475022634,3,-1.5679065665042955,1,2.199806080268987,-0.5943621485736553,-0.6780493930322936,0,0,-1.1505541015749308,-0.4262300150429028,-1.584178240646517,0.0,-0.9320143892374164,2.92106128743902,0.1557070814399298,1.754054456494842,4.407232753747424,0.4888997808189471,-0.3687152874355457,3.329725145329397,0,-1,1,0.5577098935603414,Anomaly
564,-1.3056792178158831,2,0.1996031453003252,2,2.073946453154289,-1.86842575225436,3,0.0,-0.4052133472501368,0.2546249253678617,0,-1.6676657419318217,0.3796721288811475,-0.0577875452794142,7,1.153253590238697,2,-0.0686160056365299,1.1937401744553406,-0.6780493930322936,0,0,2.1293060069870897,2.346151056253851,-0.6589728319256667,0.0,-0.9320143892374164,-0.678773515728442,1.707499689688721,-1.0778621289498782,-0.1646131090542286,0.212801940709899,-0.3687152874355457,-0.0345197463373974,0,-1,1,0.5235153556335445,Anomaly
567,1.103361511540898,1,-0.2069696204994855,2,2.197340684996958,-0.8916882501868245,1,0.0,-0.3985668364578772,-0.6605306743650393,0,0.5466274902799411,1.7855109940078144,-0.0577875452794142,7,0.2462002046576992,2,-0.0225081382103874,-0.5585242100078773,0.523315742874663,0,1,-0.8772324258614291,-0.4262300150429028,1.1914379855160335,0.0,-0.9320143892374164,-0.4216424583593375,-0.6201892226844657,0.3380961637724818,-0.3278933184400019,-0.063295899399149,-0.3687152874355457,-0.3148734873096303,1,-1,1,0.5183116252407809,Anomaly
569,1.979376322216091,2,-0.1920950071165655,1,-0.8875151110697495,0.0850492518807105,3,0.0,-0.3952435810617475,1.1697805251007627,1,0.5958340065513135,0.3796721288811475,2.6533089938931025,3,-1.5679065665042955,1,2.837879471424314,0.9677503500876108,0.9237707881769818,0,1,-0.6039107501479274,-0.4262300150429028,1.1914379855160335,0.0,0.241988311858558,1.6354060005934978,-0.6201892226844657,0.3380961637724818,-0.3278933184400019,-0.6154915796172451,-0.3687152874355457,-0.0345197463373974,1,-1,1,0.528267450792776,Anomaly
570,-0.1011588531374925,0,1.5655884742984698,2,-0.1471497200137397,1.0617867539482455,1,0.0,-0.3919203256656177,-1.5756862740979405,1,0.4974209740085685,-1.0261667362455194,0.8459113011114247,7,-1.5679065665042955,2,0.2303414573523294,-0.0118199707103221,-0.6780493930322936,0,0,-0.0572673987209239,-0.4262300150429028,-0.6589728319256667,0.0,-0.9320143892374164,-0.1645114009902331,-1.3960855268088614,0.3380961637724818,0.4885077284888646,0.7649976209279952,-0.6791456840737199,1.3672489585237668,0,-1,1,0.500435802022016,Anomaly
574,-1.196177366481484,2,0.8516070319183144,2,-0.1471497200137397,0.0850492518807105,5,0.0,-0.3802889317791634,1.1697805251007627,1,-1.3724266443035866,-1.0261667362455194,-0.0577875452794142,7,-1.5679065665042955,2,-0.2500727742168326,-1.580959516149192,1.324225833479301,0,0,0.4893759527060795,-0.4262300150429028,0.2662325767951835,0.0,-0.9320143892374164,-0.678773515728442,-0.6201892226844657,-1.0778621289498782,-0.4911735278257753,-0.339393739508197,-0.3687152874355457,-0.5952272282818631,1,-1,1,0.5015167939901342,Anomaly
576,1.869874470881692,2,-1.0573016855564068,1,1.2101868302556114,1.0617867539482455,3,0.0,-0.3753040486849687,1.1697805251007627,0,1.432344783164646,0.3796721288811475,-0.0577875452794142,4,-1.5679065665042955,0,-0.2162886685912259,1.174486066284707,2.5255909693862573,0,1,-1.1505541015749308,-0.4262300150429028,-0.6589728319256667,0.0,1.4159910129545328,-0.2930769296747854,0.9316033855643254,0.3380961637724818,-0.3278933184400019,-0.339393739508197,-0.3687152874355457,-0.0345197463373974,0,-1,1,0.514365389913679,Anomaly
579,0.1178448495313057,1,-1.3944595889025913,1,-0.8875151110697495,1.0617867539482455,1,0.0,-0.3686575378927091,-1.5756862740979405,0,0.448214457737196,1.7855109940078144,-0.0577875452794142,4,-1.5679065665042955,2,-0.111111735983205,1.6544333611950286,1.324225833479301,0,1,-0.8772324258614291,-0.4262300150429028,1.1914379855160335,0.0,-0.9320143892374164,0.7354472998016324,-0.6201892226844657,0.3380961637724818,1.304908775417731,0.7649976209279952,0.5625759024789769,2.2083101814404653,0,-1,1,0.5256550415552372,Anomaly
583,0.3368485522001039,1,-0.0284742599044466,1,-0.8875151110697495,-0.8916882501868245,3,0.0,-0.3620110271004495,0.2546249253678617,0,-1.3724266443035866,1.7855109940078144,-0.0577875452794142,0,-0.6608531809232983,1,-0.4799746753923449,-0.6158649117131222,-0.6780493930322936,0,0,2.4026276827005915,2.346151056253851,1.1914379855160335,0.0,0.241988311858558,-0.4216424583593375,-0.6201892226844657,0.3380961637724818,0.161947309717318,0.7649976209279952,0.2521455058408027,0.8065414765793012,0,-1,1,0.5102316013493555,Anomaly
585,0.5558522548689022,1,-0.5763558528419964,1,-0.1471497200137397,0.0850492518807105,1,0.0,-0.3586877717043197,-0.6605306743650393,1,0.0053558112948434,0.3796721288811475,2.6533089938931025,3,1.153253590238697,0,2.53424747809732,0.268699736651611,-0.6780493930322936,0,0,-0.6039107501479274,-0.4262300150429028,-0.6589728319256667,0.0,0.241988311858558,1.6354060005934978,0.9316033855643254,-1.0778621289498782,2.774430659889691,0.7649976209279952,3.666879868860719,1.3672489585237668,0,-1,1,0.5326086710880067,Anomaly
586,-1.5246829204846812,2,1.0920799482755197,1,-0.3939381836990763,0.0850492518807105,1,0.0,-0.3553645163081899,0.2546249253678617,1,-0.142263737519274,1.7855109940078144,-0.9614863916702532,2,-1.5679065665042955,1,-1.0415557519236565,-1.527413419703853,-0.6780493930322936,0,1,1.5826626555600865,2.346151056253851,0.2662325767951835,0.0,1.4159910129545328,-1.3216011591512031,-0.6201892226844657,0.3380961637724818,-1.1442943653688686,-1.1676872598353414,-0.6791456840737199,-1.1559347102263289,1,-1,1,0.5423457135480736,Anomaly
587,-1.4151810691502822,0,0.7177355114720353,1,-0.0237554881710714,0.0850492518807105,1,0.0,-0.353702888610125,0.2546249253678617,1,-0.2898832863333916,-1.0261667362455194,-0.9614863916702532,2,-0.6608531809232983,0,-0.8093165855790769,1.7199254371622934,-0.6780493930322936,0,0,-1.1505541015749308,-0.4262300150429028,0.2662325767951835,0.0,2.5899937140505074,-1.3216011591512031,0.9316033855643254,0.3380961637724818,-0.9810141559830952,-1.1676872598353414,-0.6791456840737199,-1.1559347102263289,0,-1,1,0.5031154181269589,Anomaly
590,-0.8676718124782865,2,0.0062331713223664,1,-1.010909342912418,-0.8916882501868245,1,0.0,-0.3470563778178654,-0.6605306743650393,0,-1.4708396768463317,-1.0261667362455194,-0.9614863916702532,2,-1.5679065665042955,1,-0.8889960799790928,-1.0714986247729354,-0.6780493930322936,0,1,-1.1505541015749308,-0.4262300150429028,1.1914379855160335,0.0,0.241988311858558,-1.3216011591512031,-1.3960855268088614,0.3380961637724818,-0.9810141559830952,-1.1676872598353414,-0.6791456840737199,-1.1559347102263289,1,-1,1,0.5082878275788361,Anomaly
593,1.103361511540898,2,-1.488665473661084,1,-0.8875151110697495,-0.8916882501868245,4,0.0,-0.3404098670256058,0.2546249253678617,0,-1.6184592256604493,0.3796721288811475,1.7496101475022634,3,1.153253590238697,1,2.177708300488716,-0.1870745173437543,-0.6780493930322936,0,1,-1.1505541015749308,-0.4262300150429028,0.2662325767951835,0.0,0.241988311858558,1.8925370579626024,0.1557070814399298,-1.0778621289498782,3.1009910786612376,2.6976825016913315,0.2521455058408027,-1.1559347102263289,0,-1,1,0.5305261858774136,Anomaly
596,2.3078818762192883,2,-1.2804208863002051,1,-0.8875151110697495,1.0617867539482455,1,0.0,-0.3321017285352813,1.1697805251007627,1,-1.7168722582031943,0.3796721288811475,2.6533089938931025,5,-0.6608531809232983,2,2.7076300579117545,1.6088980980761576,1.7246808787816197,0,1,-0.8772324258614291,-0.4262300150429028,1.1914379855160335,0.0,-0.9320143892374164,3.692454459546333,-0.6201892226844657,0.3380961637724818,3.917392125590105,2.97378034180038,3.3564494722225446,1.086895217551534,1,-1,1,0.6064229001543946,Anomaly
603,-0.7581699611438873,2,0.3557865858209842,1,-0.8875151110697495,0.0850492518807105,3,0.0,-0.3188087069507621,0.2546249253678617,0,-0.6835354165043717,-1.0261667362455194,-0.0577875452794142,4,1.153253590238697,2,0.0794816146216327,0.8321283472798626,0.9237707881769818,0,1,2.4026276827005915,2.346151056253851,-0.6589728319256667,0.0,-0.9320143892374164,0.0926196563788712,0.9316033855643254,-1.0778621289498782,-1.1442943653688686,-1.1676872598353414,-0.6791456840737199,-1.1559347102263289,0,-1,1,0.5185873921858096,Anomaly
608,1.3223652142096962,2,0.9458129166768072,2,0.2230329755142651,0.0850492518807105,2,0.0,-0.3071773130643078,0.2546249253678617,0,-1.1263940629467242,0.3796721288811475,0.8459113011114247,7,1.153253590238697,1,0.2445775270184655,-1.188007060345602,-0.6780493930322936,0,0,0.7626976284195812,-0.4262300150429028,-1.584178240646517,0.0,1.4159910129545328,-0.2930769296747854,0.1557070814399298,1.754054456494842,0.3252275191030913,1.041095461037043,1.4938670923934996,0.8065414765793012,1,-1,1,0.5149755172955625,Anomaly
609,1.979376322216091,2,-0.9085555517272076,2,-0.8875151110697495,-1.86842575225436,3,0.0,-0.3038540576681781,0.2546249253678617,1,-1.4216331605749593,0.3796721288811475,-0.0577875452794142,7,1.153253590238697,2,-0.2853442304045729,1.0127234494642736,0.523315742874663,0,0,0.2160542769925777,-0.4262300150429028,0.2662325767951835,0.0,-0.9320143892374164,0.0926196563788712,0.1557070814399298,-1.0778621289498782,0.3252275191030913,0.7649976209279952,1.4938670923934996,-0.3148734873096303,1,-1,1,0.5065471131530221,Anomaly
610,0.6653541062033014,2,-0.5292529104627501,1,0.59321567104227,-0.8916882501868245,1,0.0,-0.3021924299701131,-0.6605306743650393,1,1.3831382668932737,0.3796721288811475,1.7496101475022634,5,-1.5679065665042955,1,2.2641871117442,-1.280764077809969,1.324225833479301,0,0,2.4026276827005915,2.346151056253851,0.2662325767951835,0.0,0.241988311858558,1.3782749432243937,0.1557070814399298,0.3380961637724818,-0.4911735278257753,-0.8915894197262932,-0.3687152874355457,-1.1559347102263289,0,-1,1,0.5234085089691259,Anomaly
613,-0.9771736638126856,2,-0.1053264290495328,2,-0.8875151110697495,1.0617867539482455,2,0.0,-0.2972075468759184,-0.6605306743650393,0,0.743453555365431,0.3796721288811475,-0.0577875452794142,7,-0.6608531809232983,1,-0.366298596714989,-1.4918565630091791,-0.6780493930322936,0,1,1.3093409798465847,2.346151056253851,-1.584178240646517,0.0,-0.9320143892374164,-0.4216424583593375,-0.6201892226844657,0.3380961637724818,0.161947309717318,0.7649976209279952,1.4938670923934996,0.2458339946348354,0,-1,1,0.5078712671379835,Anomaly
614,-0.3201625558062908,2,0.0657316248540461,0,-0.7641208792270812,-0.8916882501868245,0,0.0,-0.2955459191778535,0.2546249253678617,1,1.0878991692650386,0.3796721288811475,-0.9614863916702532,1,1.153253590238697,1,-0.5877013518211663,-1.696343624237442,-1.0785044383346123,0,0,1.036019304133083,-0.4262300150429028,0.2662325767951835,0.0,0.241988311858558,-0.9359045730975464,-1.3960855268088614,-2.4938204216722384,-0.6544537372115486,-0.6154915796172451,-0.6791456840737199,-0.5952272282818631,0,-1,1,0.5005971064051319,Anomaly
617,1.5413689168784943,2,1.2780126155620184,2,2.073946453154289,1.0617867539482455,2,0.0,-0.2888994083855939,-1.5756862740979405,0,0.0053558112948434,0.3796721288811475,1.7496101475022634,3,0.2462002046576992,1,2.083155300467364,-1.225390949202453,-0.2775943477299747,0,0,-0.3305890744344257,-0.4262300150429028,0.2662325767951835,0.0,0.241988311858558,2.2782336440162587,-0.6201892226844657,-1.0778621289498782,2.1213098223465976,0.4888997808189471,0.5625759024789769,3.6100788863016295,0,-1,1,0.5318741831953384,Anomaly
620,-0.42966440714069,2,-0.5366902171542101,2,-1.010909342912418,0.0850492518807105,3,0.0,-0.2822528975933344,-1.5756862740979405,1,-0.8803614815898617,1.7855109940078144,-0.0577875452794142,7,-1.5679065665042955,0,-0.5239577563011537,1.0544641073232386,-0.6780493930322936,0,0,1.855984331273588,2.346151056253851,-1.584178240646517,0.0,0.241988311858558,-0.2930769296747854,1.707499689688721,0.3380961637724818,0.3252275191030913,1.041095461037043,-0.6791456840737199,1.086895217551534,0,-1,1,0.508964577766895,Anomaly
625,1.7603726195472926,2,-0.3507575498677112,2,-0.270543951856408,-0.8916882501868245,2,0.0,-0.2706215037068801,-1.5756862740979405,0,0.5958340065513135,-1.0261667362455194,0.8459113011114247,7,1.153253590238697,1,0.9415075047039372,0.8997285372804087,1.7246808787816197,0,1,0.7626976284195812,-0.4262300150429028,1.1914379855160335,0.0,0.241988311858558,3.049626816123572,0.1557070814399298,0.3380961637724818,-0.3278933184400019,-0.6154915796172451,-0.6791456840737199,-0.0345197463373974,0,-1,1,0.5264531816215552,Anomaly
628,1.6508707682128936,1,0.2169568609137318,1,1.950552221311621,1.0617867539482455,3,0.0,-0.2623133652165555,0.2546249253678617,0,0.743453555365431,-1.0261667362455194,1.7496101475022634,4,1.153253590238697,1,1.5559957655168593,0.6626359790040653,0.1228606975723441,0,0,1.855984331273588,2.346151056253851,0.2662325767951835,0.0,-0.9320143892374164,2.535364701385363,0.1557070814399298,0.3380961637724818,0.3252275191030913,1.041095461037043,-0.6791456840737199,-1.1559347102263289,0,-1,1,0.5281720359795521,Anomaly
631,-1.6341847718190805,2,1.0598516192791931,1,-1.010909342912418,-0.8916882501868245,1,0.0,-0.2540052267262311,1.1697805251007627,1,-1.6184592256604493,-1.0261667362455194,-0.0577875452794142,4,1.153253590238697,1,-0.3671485113219225,0.6792198093992097,1.324225833479301,0,0,1.855984331273588,2.346151056253851,-1.584178240646517,0.0,1.4159910129545328,-0.9359045730975464,-0.6201892226844657,-2.4938204216722384,-0.8177339465973219,-0.6154915796172451,-0.0582848907973714,-0.5952272282818631,0,-1,1,0.5228286405704888,Anomaly
632,0.7748559575377005,2,0.4549506750404503,1,-0.1471497200137397,1.0617867539482455,1,0.0,-0.2506819713301013,-1.5756862740979405,1,-0.1914702537906465,1.7855109940078144,-0.9614863916702532,2,1.153253590238697,1,-0.7829692327641384,-1.3026884637560918,-0.2775943477299747,0,1,2.4026276827005915,2.346151056253851,0.2662325767951835,0.0,0.241988311858558,-0.1645114009902331,-0.6201892226844657,-1.0778621289498782,-0.6544537372115486,-0.6154915796172451,-0.6791456840737199,-0.5952272282818631,0,-1,1,0.511372080325403,Anomaly
634,-0.1011588531374925,2,1.1788485263425523,0,-0.1471497200137397,0.0850492518807105,1,0.0,-0.2440354605378417,-1.5756862740979405,1,0.5466274902799411,-1.0261667362455194,-0.9614863916702532,1,-1.5679065665042955,1,-0.8841090709892252,-0.7980059641886059,-1.0785044383346123,0,0,1.5826626555600865,2.346151056253851,0.2662325767951835,0.0,-0.9320143892374164,-0.678773515728442,0.1557070814399298,0.3380961637724818,-0.3278933184400019,-0.063295899399149,-0.6791456840737199,-0.3148734873096303,0,-1,1,0.5110371363863265,Anomaly
636,-0.2106607044718917,2,-0.4846290703139904,1,-0.0237554881710714,0.0850492518807105,1,0.0,-0.2407122051417119,1.1697805251007627,0,0.0053558112948434,-1.0261667362455194,0.8459113011114247,4,0.2462002046576992,1,0.8886003204223267,1.2850917825641863,-0.6780493930322936,0,1,1.3093409798465847,2.346151056253851,-0.6589728319256667,0.0,0.241988311858558,0.7354472998016324,-0.6201892226844657,0.3380961637724818,1.6314691941892778,2.6976825016913315,0.8730062991171511,3.049371404357164,0,-1,1,0.5326722734184737,Anomaly
637,-0.2106607044718917,1,-1.6671608342561228,1,1.950552221311621,1.0617867539482455,1,0.0,-0.239050577443647,1.1697805251007627,0,1.4815512994360187,0.3796721288811475,-0.9614863916702532,6,-0.6608531809232983,0,-0.9521022395439054,0.3230890787102624,-0.6780493930322936,0,1,1.036019304133083,-0.4262300150429028,-1.584178240646517,0.0,0.241988311858558,-0.1645114009902331,0.1557070814399298,-1.0778621289498782,0.4885077284888646,-0.6154915796172451,1.4938670923934996,1.086895217551534,1,-1,1,0.5548343883798,Anomaly
646,-0.8676718124782865,2,-1.1440702636234394,2,-1.010909342912418,0.0850492518807105,3,0.0,-0.2141261619726735,-0.6605306743650393,0,-0.8803614815898617,-1.0261667362455194,-0.9614863916702532,8,0.2462002046576992,0,-0.7867938484953392,1.2942269433750713,1.324225833479301,0,1,1.036019304133083,-0.4262300150429028,0.2662325767951835,0.0,2.5899937140505074,-0.8073390444129942,0.1557070814399298,0.3380961637724818,-0.6544537372115486,-0.6154915796172451,-0.6791456840737199,-0.5952272282818631,1,-1,1,0.5204419602897427,Anomaly
650,1.7603726195472926,2,-1.736575696709749,1,1.7037637576262843,1.0617867539482455,1,0.0,-0.205818023482349,1.1697805251007627,0,0.3005949089230785,0.3796721288811475,1.7496101475022634,5,1.153253590238697,2,1.6513986801451448,0.8281932010844046,1.324225833479301,0,0,0.7626976284195812,-0.4262300150429028,0.2662325767951835,0.0,-0.9320143892374164,2.7924957587544674,-2.171981830933257,0.3380961637724818,0.8150681472604113,1.3171933011460917,0.2521455058408027,1.086895217551534,0,-1,1,0.5313744391790033,Anomaly
652,1.103361511540898,2,-1.3721476688282117,2,-0.8875151110697495,-0.8916882501868245,2,0.0,-0.2024947680862192,0.2546249253678617,0,-1.5200461931177045,0.3796721288811475,-0.0577875452794142,7,1.153253590238697,1,-0.4177184304344659,0.4876625142417372,-1.0785044383346123,0,1,1.855984331273588,2.346151056253851,-1.584178240646517,0.0,0.241988311858558,-0.4216424583593375,-0.6201892226844657,0.3380961637724818,-0.0013328996684553,0.4888997808189471,1.4938670923934996,0.8065414765793012,0,-1,1,0.5153458070990946,Anomaly
653,0.0083429981969065,0,1.1143918683498997,2,1.2101868302556114,-0.8916882501868245,3,0.0,-0.2008331403881543,-1.5756862740979405,1,-1.6676657419318217,0.3796721288811475,0.8459113011114247,7,-0.6608531809232983,2,0.242027783197665,-1.3350128789330682,-0.6780493930322936,0,1,-0.6039107501479274,-0.4262300150429028,1.1914379855160335,0.0,-0.9320143892374164,-0.1645114009902331,-0.6201892226844657,0.3380961637724818,0.4885077284888646,-1.1676872598353414,-0.6791456840737199,1.3672489585237668,0,-1,1,0.5223798229915465,Anomaly
654,1.4318670655440953,0,0.1946449408393519,1,-0.8875151110697495,1.0617867539482455,1,0.0,-0.1991715126900894,-1.5756862740979405,1,1.5799643319787635,0.3796721288811475,1.7496101475022634,3,-1.5679065665042955,0,2.426733280320232,-1.3729589315321271,-0.6780493930322936,0,0,-1.1505541015749308,-0.4262300150429028,1.1914379855160335,0.0,0.241988311858558,2.535364701385363,0.1557070814399298,0.3380961637724818,3.917392125590105,0.4888997808189471,3.666879868860719,0.8065414765793012,0,-1,1,0.5690801237735844,Anomaly
657,-0.5391662584750891,2,-1.06225989001738,1,1.950552221311621,1.0617867539482455,1,0.0,-0.1892017465017,-1.5756862740979405,1,1.038692652993666,0.3796721288811475,-0.9614863916702532,2,1.153253590238697,2,-0.787856241754006,0.5204085522253697,-0.6780493930322936,0,1,2.4026276827005915,2.346151056253851,0.2662325767951835,0.0,-0.9320143892374164,-1.3216011591512031,-0.6201892226844657,-2.4938204216722384,-0.9810141559830952,-1.1676872598353414,-0.6791456840737199,-0.8755809692540959,1,-1,1,0.5514989238710599,Anomaly
661,2.3078818762192883,1,-0.0532652822093131,1,-0.8875151110697495,-1.86842575225436,1,0.0,-0.1775703526152457,1.1697805251007627,1,-0.4375028351475091,-1.0261667362455194,-0.9614863916702532,2,1.153253590238697,0,-0.8760348822233569,-0.1305770612518219,2.5255909693862573,0,1,-0.3305890744344257,-0.4262300150429028,1.1914379855160335,0.0,0.241988311858558,-1.0644701017820986,0.1557070814399298,-1.0778621289498782,-0.9810141559830952,-1.1676872598353414,-0.6791456840737199,-1.1559347102263289,1,-1,1,0.5431686544970559,Anomaly
664,-1.7436866231534796,2,1.548234758685063,1,1.0867925984129432,-1.86842575225436,4,0.0,-0.1692622141249212,1.1697805251007627,0,-0.043850704976529,0.3796721288811475,-0.9614863916702532,6,1.153253590238697,2,-0.8095290642308104,-0.7649788443338692,-0.6780493930322936,0,0,1.036019304133083,-0.4262300150429028,-1.584178240646517,0.0,-0.9320143892374164,-1.3216011591512031,0.1557070814399298,-1.0778621289498782,-0.9810141559830952,-1.1676872598353414,-0.6791456840737199,-1.1559347102263289,1,-1,1,0.5106721754170482,Anomaly
667,-1.6341847718190805,2,-0.4598380480091238,1,-0.7641208792270812,-1.86842575225436,1,0.0,-0.1642773310307265,-0.6605306743650393,0,-1.569252709389077,0.3796721288811475,-0.0577875452794142,4,0.2462002046576992,1,-0.4954856169688813,-0.6030756865778838,-1.0785044383346123,0,1,1.036019304133083,-0.4262300150429028,-1.584178240646517,0.0,0.241988311858558,-0.9359045730975464,0.1557070814399298,1.754054456494842,-0.6544537372115486,-0.6154915796172451,-0.6791456840737199,-0.5952272282818631,1,-1,1,0.512424220767146,Anomaly
668,0.4463504035345031,2,0.7003817958586287,1,-0.8875151110697495,1.0617867539482455,1,0.0,-0.1626157033326616,-0.6605306743650393,0,-0.4375028351475091,-2.432005601372186,-0.9614863916702532,2,1.153253590238697,0,-0.7914683788334734,0.4795111399797171,0.523315742874663,0,1,-0.6039107501479274,-0.4262300150429028,0.2662325767951835,0.0,0.241988311858558,-0.1645114009902331,-1.3960855268088614,-1.0778621289498782,-0.0013328996684553,0.7649976209279952,-0.3687152874355457,-1.1559347102263289,1,-1,1,0.5100501202274543,Anomaly
670,0.2273467008657048,2,0.7921085783866348,1,-0.3939381836990763,0.0850492518807105,3,0.0,-0.1543075648423371,1.1697805251007627,1,0.2021818763803334,0.3796721288811475,-0.9614863916702532,2,-1.5679065665042955,1,-0.8709353945817558,-1.4068292970001763,1.7246808787816197,0,1,1.5826626555600865,2.346151056253851,1.1914379855160335,0.0,-0.9320143892374164,-0.4216424583593375,-0.6201892226844657,-2.4938204216722384,-0.8177339465973219,-0.6154915796172451,-0.0582848907973714,-0.5952272282818631,1,-1,1,0.5369857681540366,Anomaly
675,2.3078818762192883,2,1.1639739129596325,1,-0.5173324155417446,0.0850492518807105,5,0.0,-0.1410145432578179,0.2546249253678617,0,-1.4216331605749593,-1.0261667362455194,0.8459113011114247,0,-0.6608531809232983,0,0.8603406597417877,-0.710870584146322,-0.2775943477299747,0,1,-0.6039107501479274,-0.4262300150429028,1.1914379855160335,0.0,0.241988311858558,1.6354060005934978,0.1557070814399298,0.3380961637724818,-0.1646131090542286,-1.1676872598353414,-0.6791456840737199,-0.0345197463373974,0,-1,1,0.5055135721449198,Anomaly
677,-0.2106607044718917,2,0.8292951118439346,1,1.456975293940948,-1.86842575225436,1,0.0,-0.1376912878616882,1.1697805251007627,0,-0.7327419327757442,0.3796721288811475,-0.0577875452794142,0,1.153253590238697,1,-0.5288447652910213,0.6825927918524594,-0.6780493930322936,0,1,2.675949358414093,2.346151056253851,1.1914379855160335,0.0,0.241988311858558,-0.1645114009902331,-0.6201892226844657,-2.4938204216722384,0.4885077284888646,0.4888997808189471,-0.6791456840737199,0.8065414765793012,0,-1,1,0.5315374932660483,Anomaly
683,-0.5391662584750891,0,0.9458129166768072,1,-1.010909342912418,0.0850492518807105,1,0.0,-0.1227366385791041,0.2546249253678617,0,0.2021818763803334,-1.0261667362455194,-0.9614863916702532,2,-0.6608531809232983,1,-0.8862338575065589,-1.4530672647968077,1.324225833479301,0,0,1.3093409798465847,2.346151056253851,0.2662325767951835,0.0,-0.9320143892374164,-0.8073390444129942,0.1557070814399298,0.3380961637724818,-0.6544537372115486,-1.1676872598353414,-0.6791456840737199,-0.5952272282818631,0,-1,1,0.5022014527872461,Anomaly
684,-1.3056792178158831,2,0.1599375096125388,2,1.2101868302556114,-0.8916882501868245,2,0.0,-0.1210750108810392,0.2546249253678617,1,-1.4708396768463317,-1.0261667362455194,-0.9614863916702532,8,-0.6608531809232983,1,-0.8690230867161555,0.6303115638270891,-0.6780493930322936,0,1,0.7626976284195812,-0.4262300150429028,0.2662325767951835,0.0,2.5899937140505074,-1.3216011591512031,-0.6201892226844657,0.3380961637724818,-0.9810141559830952,-1.1676872598353414,-0.6791456840737199,-1.1559347102263289,1,-1,1,0.5201826676573353,Anomaly
687,0.4463504035345031,2,-1.3374402376013983,1,-0.3939381836990763,0.0850492518807105,3,0.0,-0.1127668723907147,1.1697805251007627,1,-0.3390898026047641,0.3796721288811475,-0.9614863916702532,2,-1.5679065665042955,2,-0.3786223585155248,-1.573229764693828,-0.2775943477299747,0,1,-0.6039107501479274,-0.4262300150429028,0.2662325767951835,0.0,-0.9320143892374164,1.121143885855289,0.1557070814399298,0.3380961637724818,1.794749403575051,2.421584661582284,-0.0582848907973714,3.6100788863016295,0,-1,1,0.507798841164957,Anomaly
689,-1.9626903258222776,2,-0.9507002896454808,2,1.456975293940948,0.0850492518807105,4,0.0,-0.1094436169945849,1.1697805251007627,1,-1.4216331605749593,-1.0261667362455194,-0.9614863916702532,8,-0.6608531809232983,2,-0.9310668530223012,-0.6136162567442891,-0.6780493930322936,0,1,-0.6039107501479274,-0.4262300150429028,-0.6589728319256667,0.0,-0.9320143892374164,-1.3216011591512031,0.1557070814399298,1.754054456494842,-0.9810141559830952,-1.1676872598353414,-0.6791456840737199,-1.1559347102263289,1,-1,1,0.52683756000143,Anomaly
694,-0.1011588531374925,2,-0.6755199420614625,2,-0.7641208792270812,-1.86842575225436,1,0.0,-0.0961505954100657,0.2546249253678617,1,-0.7327419327757442,-1.0261667362455194,0.8459113011114247,7,1.153253590238697,1,0.8121080057983115,-1.2360720603044104,-0.6780493930322936,0,1,-1.1505541015749308,-0.4262300150429028,-1.584178240646517,0.0,0.241988311858558,0.6068817711170802,2.4833959938131165,0.3380961637724818,1.4681889848035046,0.7649976209279952,0.2521455058408027,0.8065414765793012,1,-1,1,0.5251047036518677,Anomaly
696,0.0083429981969065,2,-0.4400052301652307,2,-1.010909342912418,1.0617867539482455,1,0.0,-0.091165712315871,-1.5756862740979405,1,-0.9787745141326066,-1.0261667362455194,0.8459113011114247,7,0.2462002046576992,1,0.8724519428905902,0.0855748976272628,0.9237707881769818,0,0,-1.1505541015749308,-0.4262300150429028,0.2662325767951835,0.0,-0.9320143892374164,0.7354472998016324,-0.6201892226844657,-2.4938204216722384,1.141628566031958,-0.8915894197262932,2.7355886789461965,0.8065414765793012,1,-1,1,0.5243416127659373,Anomaly
701,2.3078818762192883,2,-1.2729835796087454,1,-0.8875151110697495,0.0850492518807105,5,0.0,-0.0795343184294167,1.1697805251007627,1,-0.7327419327757442,0.3796721288811475,-0.9614863916702532,6,0.2462002046576992,2,-0.8549994957017527,1.6743901740434226,0.523315742874663,0,0,2.4026276827005915,2.346151056253851,-1.584178240646517,0.0,-0.9320143892374164,-0.5502079870438897,0.9316033855643254,0.3380961637724818,-0.9810141559830952,-1.1676872598353414,-0.6791456840737199,-1.1559347102263289,1,-1,1,0.53799226264531,Anomaly
702,1.7603726195472926,2,1.4218005449302442,2,-0.8875151110697495,-0.8916882501868245,3,0.0,-0.0728878076371571,0.2546249253678617,1,-1.0279810304039791,0.3796721288811475,1.7496101475022634,3,0.2462002046576992,0,1.7739988621953025,-0.0527173829559747,1.324225833479301,0,0,-0.6039107501479274,-0.4262300150429028,0.2662325767951835,0.0,0.241988311858558,1.3782749432243937,0.1557070814399298,1.754054456494842,1.6314691941892778,2.421584661582284,3.977310265498893,-0.5952272282818631,0,-1,1,0.5326843735330682,Anomaly
707,0.3368485522001039,0,1.677148074670369,2,1.827157989468953,0.0850492518807105,1,0.0,-0.0645796691468326,-0.6605306743650393,0,1.6783773645215088,1.7855109940078144,1.7496101475022634,7,-0.6608531809232983,2,1.421709257621366,0.3875973681286629,0.523315742874663,0,1,0.2160542769925777,-0.4262300150429028,1.1914379855160335,0.0,-0.9320143892374164,1.3782749432243937,-0.6201892226844657,-1.0778621289498782,-0.9810141559830952,-1.1676872598353414,-0.6791456840737199,-1.1559347102263289,1,-1,1,0.5748624364806901,Anomaly
708,1.103361511540898,1,1.429237851621704,1,0.8400041347276065,1.0617867539482455,3,0.0,-0.0629180414487677,0.2546249253678617,1,-0.0930572212479015,1.7855109940078144,-0.0577875452794142,4,0.2462002046576992,0,-0.3051047450157769,-1.0616607592842906,-0.6780493930322936,0,1,1.036019304133083,-0.4262300150429028,0.2662325767951835,0.0,-0.9320143892374164,1.121143885855289,0.1557070814399298,1.754054456494842,1.9580296129608248,1.5932911412551394,-0.0582848907973714,0.8065414765793012,0,-1,1,0.5089412534301507,Anomaly
709,-0.1011588531374925,0,1.0573725170487065,2,-0.1471497200137397,1.0617867539482455,5,0.0,-0.057933158354573,-1.5756862740979405,1,0.8910731041795485,0.3796721288811475,-0.0577875452794142,7,1.153253590238697,0,-0.3025550011949764,1.6357414167666031,0.523315742874663,0,0,-0.6039107501479274,-0.4262300150429028,1.1914379855160335,0.0,1.4159910129545328,0.0926196563788712,0.1557070814399298,0.3380961637724818,-0.0013328996684553,0.7649976209279952,-0.6791456840737199,0.8065414765793012,0,-1,1,0.5019390463428257,Anomaly
710,-0.6486681098094882,0,-1.1589448770063595,1,-0.0237554881710714,-0.8916882501868245,3,0.0,-0.0562715306565081,0.2546249253678617,1,-0.9787745141326066,-1.0261667362455194,-0.9614863916702532,6,-1.5679065665042955,2,-0.8885711226756261,-0.5609134059122626,-1.0785044383346123,0,1,1.855984331273588,2.346151056253851,-1.584178240646517,0.0,-0.9320143892374164,-0.9359045730975464,-2.171981830933257,0.3380961637724818,-0.6544537372115486,-0.6154915796172451,-0.3687152874355457,-0.5952272282818631,1,-1,1,0.5529329788041337,Anomaly
711,-0.42966440714069,0,-0.1995323138080255,2,0.9633983665702748,0.0850492518807105,1,0.0,-0.0546099029584432,1.1697805251007627,1,-1.3724266443035866,0.3796721288811475,1.7496101475022634,3,0.2462002046576992,2,2.324743527488212,0.8679662858456406,-0.6780493930322936,0,0,-1.1505541015749308,-0.4262300150429028,1.1914379855160335,0.0,-0.9320143892374164,-0.1645114009902331,-0.6201892226844657,0.3380961637724818,0.4885077284888646,1.041095461037043,1.1834366957553253,-1.1559347102263289,0,-1,1,0.5223249141547579,Anomaly
712,-0.8676718124782865,2,0.2566224966015182,1,0.0996387436715968,0.0850492518807105,1,0.0,-0.0512866475623134,1.1697805251007627,0,1.2847252343505289,-1.0261667362455194,-0.9614863916702532,6,-1.5679065665042955,2,-0.8709353945817558,-0.3983075434785167,1.324225833479301,0,1,1.3093409798465847,2.346151056253851,0.2662325767951835,0.0,-0.9320143892374164,-1.0644701017820986,1.707499689688721,0.3380961637724818,-1.1442943653688686,-1.1676872598353414,-0.6791456840737199,-1.1559347102263289,1,-1,1,0.5426984330532966,Anomaly
715,1.4318670655440953,2,0.8020249873085814,1,-1.010909342912418,-0.8916882501868245,3,0.0,-0.0463017644681187,1.1697805251007627,1,0.0053558112948434,0.3796721288811475,1.7496101475022634,5,1.153253590238697,0,2.31518198816021,-1.0818986540037887,2.5255909693862573,0,0,1.855984331273588,2.346151056253851,0.2662325767951835,0.0,0.241988311858558,2.6639302300699157,-1.3960855268088614,-1.0778621289498782,-0.3278933184400019,-0.063295899399149,-0.3687152874355457,-0.3148734873096303,0,-1,1,0.5438834604934454,Anomaly
717,0.4463504035345031,1,0.0930017493893992,1,-0.0237554881710714,0.0850492518807105,3,0.0,-0.0429785090719889,-1.5756862740979405,1,-0.0930572212479015,0.3796721288811475,2.6533089938931025,5,0.2462002046576992,0,2.7443888646616283,-1.4866565483937524,-0.2775943477299747,0,0,0.4893759527060795,-0.4262300150429028,-0.6589728319256667,0.0,0.241988311858558,1.2497094145398413,-0.6201892226844657,1.754054456494842,1.794749403575051,3.249878181909428,-0.6791456840737199,1.9279564404682328,0,-1,1,0.5148081117457044,Anomaly
726,-0.2106607044718917,2,-0.4474425368566906,1,0.59321567104227,1.0617867539482455,4,0.0,-0.024700604393275,0.2546249253678617,1,-1.3232201280322142,-1.0261667362455194,-0.9614863916702532,2,-0.6608531809232983,0,-0.586426479910766,-0.5957675579291761,-0.6780493930322936,0,1,2.4026276827005915,2.346151056253851,1.1914379855160335,0.0,0.241988311858558,-0.8073390444129942,-0.6201892226844657,-2.4938204216722384,-0.4911735278257753,-0.6154915796172451,-0.6791456840737199,-0.5952272282818631,1,-1,1,0.5404808702810311,Anomaly
730,-0.2106607044718917,2,-0.54412752384567,1,1.950552221311621,1.0617867539482455,3,0.0,-0.0180540936010154,0.2546249253678617,0,-0.4375028351475091,0.3796721288811475,0.8459113011114247,0,0.2462002046576992,0,0.8254941608575143,-1.031303917205043,-0.6780493930322936,0,1,-1.1505541015749308,-0.4262300150429028,0.2662325767951835,0.0,0.241988311858558,0.6068817711170802,0.1557070814399298,-1.0778621289498782,1.4681889848035046,1.5932911412551394,2.4251582823080224,-0.8755809692540959,0,-1,1,0.513594456940941,Anomaly
732,-1.8531884744878788,2,0.7301310226244685,1,0.2230329755142651,0.0850492518807105,3,0.0,-0.0147308382048856,1.1697805251007627,0,1.5799643319787635,-1.0261667362455194,-0.9614863916702532,6,-1.5679065665042955,2,-0.8292895788420143,0.556808654533356,-0.6780493930322936,0,1,-0.0572673987209239,-0.4262300150429028,-1.584178240646517,0.0,-0.9320143892374164,-1.3216011591512031,-0.6201892226844657,0.3380961637724818,-0.9810141559830952,-1.1676872598353414,-0.6791456840737199,-1.1559347102263289,1,-1,1,0.5176944023053978,Anomaly
742,0.5558522548689022,2,-1.332482033140425,2,-0.5173324155417446,-0.8916882501868245,2,0.0,0.006870321869958,1.1697805251007627,1,1.1863122018077836,0.3796721288811475,2.6533089938931025,3,0.2462002046576992,1,2.507262689327181,-0.919573873441147,1.324225833479301,0,0,-0.6039107501479274,-0.4262300150429028,-0.6589728319256667,0.0,-0.9320143892374164,1.2497094145398413,0.1557070814399298,1.754054456494842,-0.9810141559830952,-1.1676872598353414,-0.6791456840737199,-1.1559347102263289,0,-1,1,0.5093544395301366,Anomaly
744,2.417383727553688,2,-0.2168860294214321,1,-0.8875151110697495,0.0850492518807105,1,0.0,0.0118552049641527,0.2546249253678617,0,0.1529753601089609,-1.0261667362455194,1.7496101475022634,4,1.153253590238697,2,1.5347479003435216,1.0562911394854155,0.1228606975723441,0,1,-0.6039107501479274,-0.4262300150429028,-1.584178240646517,0.0,-0.9320143892374164,2.406799172700811,0.9316033855643254,0.3380961637724818,-0.3278933184400019,-0.339393739508197,0.5625759024789769,-0.3148734873096303,0,-1,1,0.5101078350118409,Anomaly
745,0.0083429981969065,2,0.8392115207658811,1,0.2230329755142651,-0.8916882501868245,3,0.0,0.0135168326622176,-1.5756862740979405,0,-0.2406767700620191,-2.432005601372186,-0.0577875452794142,0,-0.6608531809232983,1,-0.3667235540184558,0.0096827924291446,0.9237707881769818,0,0,-0.0572673987209239,-0.4262300150429028,-1.584178240646517,0.0,-0.9320143892374164,0.4783162424325279,-0.6201892226844657,-2.4938204216722384,-0.9810141559830952,-1.1676872598353414,-0.6791456840737199,-1.1559347102263289,1,-1,1,0.5263477579917115,Anomaly
747,0.4463504035345031,0,-1.3771058732891848,1,-0.270543951856408,-1.86842575225436,1,0.0,0.0168400880583474,-0.6605306743650393,0,-0.5359158676902541,-2.432005601372186,2.6533089938931025,5,0.2462002046576992,0,2.862102037721918,0.8391553940574662,-0.6780493930322936,0,0,1.855984331273588,2.346151056253851,-0.6589728319256667,0.0,1.4159910129545328,1.2497094145398413,0.1557070814399298,0.3380961637724818,2.284590031732371,3.249878181909428,0.8730062991171511,1.6476026994959998,0,-1,1,0.5908713574087211,Anomaly
749,-1.196177366481484,0,-1.332482033140425,2,2.4441291486822943,-0.8916882501868245,3,0.0,0.0201633434544771,-0.6605306743650393,1,0.645040522822686,-2.432005601372186,-0.0577875452794142,7,-1.5679065665042955,2,-0.3259276528856477,1.0540424845165823,2.1251359240839385,0,0,0.7626976284195812,-0.4262300150429028,1.1914379855160335,0.0,-0.9320143892374164,-0.5502079870438897,2.4833959938131165,0.3380961637724818,-0.8177339465973219,-0.6154915796172451,-0.0582848907973714,-0.5952272282818631,1,-1,1,0.5698508271177428,Anomaly
750,1.6508707682128936,2,-1.3300029309099384,2,-0.8875151110697495,-1.86842575225436,2,0.0,0.021824971152542,-1.5756862740979405,0,-0.4375028351475091,-2.432005601372186,2.6533089938931025,3,1.153253590238697,1,2.8349047703000463,1.6208440775980837,-0.6780493930322936,0,0,-0.0572673987209239,-0.4262300150429028,1.1914379855160335,0.0,0.241988311858558,2.7924957587544674,0.1557070814399298,0.3380961637724818,4.080672334975878,2.6976825016913315,1.1834366957553253,1.3672489585237668,1,-1,1,0.5817239501538368,Anomaly
751,0.7748559575377005,2,1.600295905525283,2,2.320734916839626,0.0850492518807105,3,0.0,0.0234865988506069,1.1697805251007627,0,-0.6343289002329991,1.7855109940078144,1.7496101475022634,7,1.153253590238697,1,1.448481567739771,-0.3620479821060824,0.1228606975723441,0,1,0.7626976284195812,-0.4262300150429028,0.2662325767951835,0.0,0.241988311858558,1.5068404719089457,-0.6201892226844657,0.3380961637724818,0.8150681472604113,1.8693889813641875,2.7355886789461965,1.9279564404682328,0,-1,1,0.5411356507185078,Anomaly
752,1.4318670655440953,0,-1.629974300798823,2,-1.010909342912418,0.0850492518807105,1,0.0,0.0251482265486718,1.1697805251007627,0,1.432344783164646,0.3796721288811475,-0.0577875452794142,7,0.2462002046576992,1,-0.0331320707970562,1.490703171276866,-1.0785044383346123,0,0,-0.8772324258614291,-0.4262300150429028,-1.584178240646517,0.0,0.241988311858558,0.9925783571707368,0.1557070814399298,0.3380961637724818,1.794749403575051,0.7649976209279952,-0.6791456840737199,2.488663922412698,0,-1,1,0.5216995244097355,Anomaly
753,-0.1011588531374925,2,0.2045613497612985,1,0.8400041347276065,1.0617867539482455,1,0.0,0.0284714819448016,0.2546249253678617,0,-1.1263940629467242,1.7855109940078144,-0.9614863916702532,2,-1.5679065665042955,2,-0.7989051316441416,-0.8494439466006638,-0.6780493930322936,0,0,0.2160542769925777,-0.4262300150429028,0.2662325767951835,0.0,-0.9320143892374164,0.8640128284861845,-1.3960855268088614,0.3380961637724818,1.6314691941892778,2.421584661582284,3.977310265498893,2.7690176633849317,1,-1,1,0.553339312086443,Anomaly
754,0.2273467008657048,1,0.3533074835904976,1,1.5803695257836163,0.0850492518807105,3,0.0,0.0301331096428665,1.1697805251007627,0,0.7926600716368035,0.3796721288811475,0.8459113011114247,4,-1.5679065665042955,2,0.930033657510335,-1.2972073672695612,-0.6780493930322936,0,1,-0.6039107501479274,-0.4262300150429028,0.2662325767951835,0.0,-0.9320143892374164,1.2497094145398413,-0.6201892226844657,0.3380961637724818,2.284590031732371,0.4888997808189471,-0.0582848907973714,1.086895217551534,0,-1,1,0.5049026482923419,Anomaly
755,-0.42966440714069,0,0.5838639910257561,2,-0.1471497200137397,-1.86842575225436,1,0.0,0.0317947373409314,-0.6605306743650393,0,1.0878991692650386,-1.0261667362455194,-0.9614863916702532,8,1.153253590238697,2,-0.8841090709892252,1.0011990927490038,-1.0785044383346123,0,0,1.036019304133083,-0.4262300150429028,1.1914379855160335,0.0,-0.9320143892374164,-1.0644701017820986,-0.6201892226844657,-1.0778621289498782,-0.8177339465973219,-0.6154915796172451,-0.0582848907973714,-0.5952272282818631,0,-1,1,0.5117248930529681,Anomaly
757,-0.5391662584750891,0,0.7598802493903084,1,2.4441291486822943,1.0617867539482455,3,0.0,0.0351179927370612,1.1697805251007627,0,0.1529753601089609,0.3796721288811475,-0.9614863916702532,2,0.2462002046576992,2,-0.5265075001219541,-0.446653625308429,2.5255909693862573,0,0,-0.8772324258614291,-0.4262300150429028,-0.6589728319256667,0.0,-0.9320143892374164,-0.1645114009902331,-0.6201892226844657,0.3380961637724818,0.161947309717318,0.7649976209279952,1.4938670923934996,0.8065414765793012,0,-1,1,0.5248405396815266,Anomaly
759,2.417383727553688,2,0.7102982047805754,2,-1.010909342912418,-0.8916882501868245,5,0.0,0.038441248133191,-0.6605306743650393,1,0.0053558112948434,0.3796721288811475,0.8459113011114247,3,1.153253590238697,1,1.1476117968853117,-0.4602860960569799,0.1228606975723441,0,1,-0.3305890744344257,-0.4262300150429028,0.2662325767951835,0.0,0.241988311858558,0.3497507137479757,-1.3960855268088614,-2.4938204216722384,-0.1646131090542286,-0.063295899399149,-0.6791456840737199,-0.0345197463373974,0,-1,1,0.5004270096446232,Anomaly
761,1.7603726195472926,1,-1.682035447639043,2,-0.8875151110697495,0.0850492518807105,2,0.0,0.0417645035293208,0.2546249253678617,0,-1.3724266443035866,-1.0261667362455194,0.8459113011114247,7,-0.6608531809232983,1,0.2171677809448601,1.2963350574083523,-0.2775943477299747,0,0,-0.8772324258614291,-0.4262300150429028,-1.584178240646517,0.0,0.241988311858558,2.406799172700811,-0.6201892226844657,0.3380961637724818,1.304908775417731,0.7649976209279952,1.1834366957553253,2.2083101814404653,0,-1,1,0.5133781389296659,Anomaly
765,-0.9771736638126856,2,0.8466488274573412,2,0.0996387436715968,-1.86842575225436,3,0.0,0.0517342697177102,1.1697805251007627,1,0.3990079414658235,0.3796721288811475,-0.9614863916702532,8,-0.6608531809232983,1,-1.1582065317252797,1.2748322942688854,-0.6780493930322936,0,0,1.855984331273588,2.346151056253851,-0.6589728319256667,0.0,-0.9320143892374164,-1.3216011591512031,1.707499689688721,0.3380961637724818,-0.9810141559830952,-1.1676872598353414,-0.6791456840737199,-1.1559347102263289,0,-1,1,0.5092074288019333,Anomaly
767,1.4318670655440953,2,1.6399615412130697,1,-0.8875151110697495,1.0617867539482455,3,0.0,0.0600424082080347,-0.6605306743650393,1,-0.1914702537906465,0.3796721288811475,2.6533089938931025,5,0.2462002046576992,1,2.705717750046154,-0.2052042980299714,-0.2775943477299747,0,1,-1.1505541015749308,-0.4262300150429028,1.1914379855160335,0.0,0.241988311858558,2.2782336440162587,-0.6201892226844657,-1.0778621289498782,0.161947309717318,-0.8915894197262932,1.4938670923934996,0.8065414765793012,0,-1,1,0.5027152732045125,Anomaly
771,0.9938596602064989,2,-0.9234301651101277,1,-1.010909342912418,1.0617867539482455,3,0.0,0.0733354297925539,1.1697805251007627,1,-1.2740136117608418,0.3796721288811475,2.6533089938931025,5,1.153253590238697,0,2.7885844242221705,1.0023234202334204,2.5255909693862573,0,0,0.4893759527060795,-0.4262300150429028,1.1914379855160335,0.0,1.4159910129545328,1.5068404719089457,-2.171981830933257,0.3380961637724818,-0.8177339465973219,-0.6154915796172451,-0.0582848907973714,-0.5952272282818631,0,-1,1,0.5369272600847187,Anomaly
775,1.979376322216091,0,-0.8887227338833145,1,-0.8875151110697495,-1.86842575225436,3,0.0,0.0816435682828784,0.2546249253678617,1,-1.2740136117608418,-1.0261667362455194,1.7496101475022634,3,-1.5679065665042955,2,2.178558215095649,0.4230136838877847,1.7246808787816197,0,0,-0.0572673987209239,-0.4262300150429028,-0.6589728319256667,0.0,-0.9320143892374164,2.535364701385363,0.1557070814399298,1.754054456494842,0.3252275191030913,0.7649976209279952,1.1834366957553253,-0.5952272282818631,0,-1,1,0.5614408745080187,Anomaly
778,-1.7436866231534796,2,1.3176782512498049,1,0.0996387436715968,0.0850492518807105,1,0.0,0.0899517067732029,0.2546249253678617,0,-1.4708396768463317,-1.0261667362455194,-0.9614863916702532,2,-1.5679065665042955,2,-1.080864302494331,0.4138785230769001,-0.6780493930322936,0,0,-0.6039107501479274,-0.4262300150429028,-1.584178240646517,0.0,-0.9320143892374164,-1.3216011591512031,2.4833959938131165,-1.0778621289498782,-0.9810141559830952,-1.1676872598353414,-0.3687152874355457,-1.1559347102263289,1,-1,1,0.5242787522083576,Anomaly
779,0.9938596602064989,2,0.4970954129587233,1,-0.1471497200137397,1.0617867539482455,1,0.0,0.0916133344712678,1.1697805251007627,0,0.3990079414658235,-1.0261667362455194,-0.0577875452794142,6,-1.5679065665042955,0,-0.4011450955992626,0.9438583910437588,2.1251359240839385,0,1,2.1293060069870897,2.346151056253851,-1.584178240646517,0.0,2.5899937140505074,0.9925783571707368,-0.6201892226844657,0.3380961637724818,1.4681889848035046,2.421584661582284,-0.3687152874355457,0.8065414765793012,0,-1,1,0.5545462523864579,Anomaly
780,1.5413689168784943,2,1.2904081267144516,1,-0.6407266473844129,1.0617867539482455,1,0.0,0.0932749621693327,-1.5756862740979405,1,-1.569252709389077,0.3796721288811475,-0.9614863916702532,6,0.2462002046576992,1,-0.8588241114329535,-0.5595079965567418,2.5255909693862573,0,1,-0.8772324258614291,-0.4262300150429028,0.2662325767951835,0.0,2.5899937140505074,0.8640128284861845,-0.6201892226844657,1.754054456494842,0.4885077284888646,-1.1676872598353414,-0.0582848907973714,0.8065414765793012,1,-1,1,0.5419604536363862,Anomaly
781,-0.9771736638126856,0,1.3970095226253776,1,1.827157989468953,-0.8916882501868245,5,0.0,0.0949365898673976,-0.6605306743650393,1,0.3005949089230785,-1.0261667362455194,0.8459113011114247,0,-1.5679065665042955,2,0.4715047270697106,-0.2751936839349027,-0.6780493930322936,0,0,-0.8772324258614291,-0.4262300150429028,-1.584178240646517,0.0,-0.9320143892374164,-0.1645114009902331,-0.6201892226844657,-1.0778621289498782,0.4885077284888646,0.7649976209279952,-0.3687152874355457,1.3672489585237668,1,-1,1,0.5545874211153009,Anomaly
785,0.1178448495313057,2,-1.1713403881587927,1,0.9633983665702748,-1.86842575225436,1,0.0,0.104906356055787,0.2546249253678617,0,-0.043850704976529,-1.0261667362455194,0.8459113011114247,0,0.2462002046576992,1,0.4929650708947815,1.44685439938462,-1.0785044383346123,0,0,0.7626976284195812,-0.4262300150429028,-1.584178240646517,0.0,0.241988311858558,1.121143885855289,0.9316033855643254,-1.0778621289498782,1.9580296129608248,1.3171933011460917,-0.3687152874355457,1.3672489585237668,0,-1,1,0.5020377334959775,Anomaly
786,0.3368485522001039,2,1.7093764036666956,1,1.3335810620982798,1.0617867539482455,5,0.0,0.1115528668480466,-1.5756862740979405,1,-0.2406767700620191,0.3796721288811475,0.8459113011114247,0,1.153253590238697,1,0.8114705698431114,1.7186605687423249,0.523315742874663,0,0,1.3093409798465847,2.346151056253851,1.1914379855160335,0.0,0.241988311858558,0.3497507137479757,2.4833959938131165,0.3380961637724818,0.651787937874638,1.5932911412551394,2.7355886789461965,-0.8755809692540959,0,-1,1,0.5550563584876047,Anomaly
787,-1.0866755151470848,0,1.1763694241120657,1,-0.1471497200137397,2.038524256015781,1,0.0,0.1148761222441764,-1.5756862740979405,1,1.038692652993666,-2.432005601372186,-0.9614863916702532,2,0.2462002046576992,1,-0.3998702236888624,-1.1867421919256336,-0.6780493930322936,0,0,1.036019304133083,-0.4262300150429028,1.1914379855160335,0.0,2.5899937140505074,-1.0644701017820986,0.9316033855643254,0.3380961637724818,-0.6544537372115486,-0.6154915796172451,-0.3687152874355457,-0.5952272282818631,0,-1,1,0.5274589693968478,Anomaly
790,0.7748559575377005,2,1.4218005449302442,0,-1.010909342912418,-0.8916882501868245,3,0.0,0.121522633036436,-0.6605306743650393,1,1.235518718079156,-1.0261667362455194,0.8459113011114247,1,-1.5679065665042955,1,0.8454671541204515,-1.68467872658662,2.5255909693862573,0,0,-0.3305890744344257,-0.4262300150429028,1.1914379855160335,0.0,0.241988311858558,1.6354060005934978,-1.3960855268088614,0.3380961637724818,2.1213098223465976,0.4888997808189471,0.2521455058408027,0.5261877356070683,1,-1,1,0.5625645624882206,Anomaly
792,-0.2106607044718917,2,0.99539496128654,2,-0.6407266473844129,0.0850492518807105,5,0.0,0.1248458884325658,1.1697805251007627,1,0.9894861367222936,0.3796721288811475,0.8459113011114247,7,-1.5679065665042955,2,0.6542363675604136,-0.5593674556211897,-1.0785044383346123,0,1,1.855984331273588,2.346151056253851,-1.584178240646517,0.0,-0.9320143892374164,-0.2930769296747854,-0.6201892226844657,0.3380961637724818,0.161947309717318,0.7649976209279952,0.5625759024789769,0.8065414765793012,1,-1,1,0.5480056827768888,Anomaly
793,-0.42966440714069,1,0.0607734203930728,1,2.4441291486822943,1.0617867539482455,3,0.0,0.1265075161306307,-1.5756862740979405,0,-0.5851223839616266,-1.0261667362455194,-0.0577875452794142,6,0.2462002046576992,2,-0.4238803113347338,-1.571824355338307,-0.6780493930322936,0,0,1.855984331273588,2.346151056253851,-0.6589728319256667,0.0,-0.9320143892374164,0.3497507137479757,0.9316033855643254,0.3380961637724818,0.9783483566461848,0.7649976209279952,0.2521455058408027,1.086895217551534,1,-1,1,0.5588679660195879,Anomaly
796,0.0083429981969065,2,-1.2234015349990124,2,0.0996387436715968,1.0617867539482455,1,0.0,0.1331540269228903,1.1697805251007627,0,1.0878991692650386,-1.0261667362455194,-0.0577875452794142,7,1.153253590238697,0,0.040598021354425,1.3927461391970728,-0.2775943477299747,0,1,-0.3305890744344257,-0.4262300150429028,0.2662325767951835,0.0,2.5899937140505074,-0.4216424583593375,1.707499689688721,0.3380961637724818,-0.9810141559830952,-1.1676872598353414,-0.6791456840737199,-1.1559347102263289,0,-1,1,0.5159610360204121,Anomaly
797,-1.3056792178158831,2,1.03258149474384,1,-0.6407266473844129,-1.86842575225436,5,0.0,0.1348156546209552,1.1697805251007627,1,-1.6676657419318217,0.3796721288811475,-0.9614863916702532,2,1.153253590238697,1,-0.5974753698009015,-1.364385934463451,-0.6780493930322936,0,1,-0.0572673987209239,-0.4262300150429028,-0.6589728319256667,0.0,0.241988311858558,-0.5502079870438897,0.1557070814399298,1.754054456494842,-0.0013328996684553,0.7649976209279952,0.8730062991171511,0.5261877356070683,1,-1,1,0.5174899322780417,Anomaly
798,-1.196177366481484,2,1.3077618423278583,1,1.456975293940948,0.0850492518807105,3,0.0,0.1364772823190201,-1.5756862740979405,1,-1.4216331605749593,0.3796721288811475,-0.9614863916702532,2,0.2462002046576992,0,-0.8766723181785571,0.7111226017695297,-0.6780493930322936,0,0,1.3093409798465847,2.346151056253851,0.2662325767951835,0.0,0.241988311858558,-1.3216011591512031,-2.171981830933257,-1.0778621289498782,-0.9810141559830952,-0.8915894197262932,-0.6791456840737199,-1.1559347102263289,1,-1,1,0.5320037606367135,Anomaly
799,-0.42966440714069,2,0.5318028441855365,1,1.950552221311621,0.0850492518807105,3,0.0,0.138138910017085,-1.5756862740979405,1,-0.5359158676902541,-1.0261667362455194,-0.9614863916702532,6,-0.6608531809232983,2,-0.890270951889493,-1.590937922573389,0.523315742874663,0,1,1.3093409798465847,2.346151056253851,-0.6589728319256667,0.0,-0.9320143892374164,-0.8073390444129942,-2.171981830933257,0.3380961637724818,-0.8177339465973219,-0.6154915796172451,-0.0582848907973714,-0.5952272282818631,1,-1,1,0.5330199263415816,Anomaly
800,0.5558522548689022,2,-0.8267451781211482,1,-0.8875151110697495,-0.8916882501868245,3,0.0,0.1398005377151499,1.1697805251007627,1,-1.5200461931177045,0.3796721288811475,1.7496101475022634,3,-1.5679065665042955,1,2.371701309521288,0.0120719883335298,-1.0785044383346123,0,0,0.4893759527060795,-0.4262300150429028,1.1914379855160335,0.0,0.241988311858558,1.5068404719089457,0.1557070814399298,0.3380961637724818,2.447870241118145,0.4888997808189471,3.3564494722225446,0.8065414765793012,0,-1,1,0.5091482864775472,Anomaly
801,-0.9771736638126856,1,0.5119700263416432,1,-1.010909342912418,0.0850492518807105,3,0.0,0.1431237931112797,-1.5756862740979405,1,-1.0279810304039791,-1.0261667362455194,-0.9614863916702532,2,-0.6608531809232983,0,-0.8301394934489478,-1.0053038441279103,-0.6780493930322936,0,0,-0.0572673987209239,-0.4262300150429028,-1.584178240646517,0.0,1.4159910129545328,-1.3216011591512031,-0.6201892226844657,0.3380961637724818,-0.9810141559830952,-1.1676872598353414,-0.6791456840737199,-1.1559347102263289,1,-1,1,0.5031596998292487,Anomaly
802,1.4318670655440953,1,0.3880149148173107,2,-1.010909342912418,1.0617867539482455,4,0.0,0.1464470485074095,1.1697805251007627,1,0.743453555365431,0.3796721288811475,-0.0577875452794142,7,0.2462002046576992,2,-0.3771350079533911,0.4128947365280356,0.1228606975723441,0,1,-0.3305890744344257,-0.4262300150429028,1.1914379855160335,0.0,-0.9320143892374164,-0.8073390444129942,0.9316033855643254,0.3380961637724818,-1.1442943653688686,-1.1676872598353414,-0.6791456840737199,-1.1559347102263289,1,-1,1,0.5131423432150344,Anomaly
805,1.2128633628752972,0,1.139182890654766,1,-1.010909342912418,1.0617867539482455,3,0.0,0.1514319316016042,-1.5756862740979405,1,-1.5200461931177045,1.7855109940078144,1.7496101475022634,3,1.153253590238697,2,2.205967961169255,0.258721330227414,-0.2775943477299747,0,0,1.855984331273588,2.346151056253851,0.2662325767951835,0.0,-0.9320143892374164,2.0211025866471544,0.1557070814399298,-1.0778621289498782,-0.3278933184400019,-0.063295899399149,-0.0582848907973714,-0.8755809692540959,0,-1,1,0.5493234476407288,Anomaly
809,-0.8676718124782865,2,0.754922044929335,1,2.320734916839626,1.0617867539482455,1,0.0,0.1580784423938638,0.2546249253678617,0,1.333931750621901,0.3796721288811475,-0.9614863916702532,6,1.153253590238697,0,-0.8475627428910846,1.778531007287507,0.523315742874663,0,0,1.855984331273588,2.346151056253851,-1.584178240646517,0.0,0.241988311858558,-0.0359458723056809,-1.3960855268088614,0.3380961637724818,-0.0013328996684553,0.212801940709899,-0.3687152874355457,0.8065414765793012,0,-1,1,0.5157219881990595,Anomaly
814,0.2273467008657048,1,-1.4861863714305974,1,-0.8875151110697495,0.0850492518807105,1,0.0,0.169709836280318,-1.5756862740979405,1,0.8910731041795485,0.3796721288811475,1.7496101475022634,0,1.153253590238697,0,1.203918639594656,-0.1076688887568344,1.7246808787816197,0,0,-1.1505541015749308,-0.4262300150429028,1.1914379855160335,0.0,2.5899937140505074,1.2497094145398413,0.9316033855643254,0.3380961637724818,1.794749403575051,0.7649976209279952,2.7355886789461965,0.2458339946348354,1,-1,1,0.5667977189459402,Anomaly
815,0.3368485522001039,2,1.2532215932571518,1,0.59321567104227,0.0850492518807105,3,0.0,0.171371463978383,0.2546249253678617,1,-1.0771875466753518,-1.0261667362455194,2.6533089938931025,5,0.2462002046576992,2,2.788371945570437,0.4540732306447923,-0.6780493930322936,0,0,-0.3305890744344257,-0.4262300150429028,-1.584178240646517,0.0,-0.9320143892374164,1.2497094145398413,-0.6201892226844657,1.754054456494842,2.1213098223465976,0.7649976209279952,0.5625759024789769,1.3672489585237668,0,-1,1,0.5025550674817054,Anomaly
816,-1.7436866231534796,2,0.449992470579477,1,-1.010909342912418,-1.86842575225436,5,0.0,0.1763563470725776,1.1697805251007627,0,0.2021818763803334,-1.0261667362455194,-0.9614863916702532,6,-0.6608531809232983,2,-0.9419032642607033,1.5477627911110068,-0.6780493930322936,0,1,-1.1505541015749308,-0.4262300150429028,0.2662325767951835,0.0,-0.9320143892374164,-1.193035630466651,2.4833959938131165,1.754054456494842,-0.8177339465973219,-0.6154915796172451,-0.0582848907973714,-0.5952272282818631,0,-1,1,0.5240980809340062,Anomaly
818,-0.1011588531374925,0,-1.4514789402037842,1,1.0867925984129432,1.0617867539482455,1,0.0,0.1796796024687074,-1.5756862740979405,1,0.5958340065513135,0.3796721288811475,-0.0577875452794142,4,1.153253590238697,2,0.2711373584851375,1.254313317678283,-0.2775943477299747,0,0,1.3093409798465847,2.346151056253851,-1.584178240646517,0.0,-0.9320143892374164,0.8640128284861845,-2.171981830933257,0.3380961637724818,0.651787937874638,1.3171933011460917,-0.6791456840737199,1.3672489585237668,0,-1,1,0.5309403886761606,Anomaly
825,0.5558522548689022,2,-1.523372904887897,1,2.4441291486822943,0.0850492518807105,3,0.0,0.2046040179396809,-0.6605306743650393,1,-0.4867093514188816,-2.432005601372186,-0.0577875452794142,2,1.153253590238697,2,-0.4740252731438104,-0.6682866806740446,0.523315742874663,0,0,1.036019304133083,-0.4262300150429028,-1.584178240646517,0.0,-0.9320143892374164,0.6068817711170802,0.1557070814399298,0.3380961637724818,-0.9810141559830952,-1.1676872598353414,-0.6791456840737199,-1.1559347102263289,0,-1,1,0.5017127287938091,Anomaly
829,-2.072192177156677,0,-1.3771058732891848,1,-0.1471497200137397,-1.86842575225436,3,0.0,0.2178970395242001,0.2546249253678617,1,0.6942470390940585,0.3796721288811475,-0.9614863916702532,2,0.2462002046576992,2,-0.9771747204484436,-0.1064040203368657,-0.6780493930322936,0,0,-0.8772324258614291,-0.4262300150429028,1.1914379855160335,0.0,-0.9320143892374164,-1.4501666878357553,-2.171981830933257,0.3380961637724818,-1.1442943653688686,-1.1676872598353414,-0.6791456840737199,-1.1559347102263289,1,-1,1,0.5280237580638407,Anomaly
837,-0.8676718124782865,2,-0.977970414180834,2,1.7037637576262843,-1.86842575225436,1,0.0,0.2328516888067842,1.1697805251007627,0,-1.0279810304039791,-1.0261667362455194,0.8459113011114247,7,-1.5679065665042955,1,0.1770093157672521,-0.4428590200485231,-0.6780493930322936,0,0,-0.6039107501479274,-0.4262300150429028,-1.584178240646517,0.0,0.241988311858558,-0.0359458723056809,0.1557070814399298,-2.4938204216722384,0.651787937874638,1.041095461037043,0.2521455058408027,1.6476026994959998,1,-1,1,0.5291570295466081,Anomaly
838,0.3368485522001039,1,-0.5193365015408035,1,-0.0237554881710714,1.0617867539482455,3,0.0,0.2345133165048491,-0.6605306743650393,0,1.0878991692650386,0.3796721288811475,0.8459113011114247,5,0.2462002046576992,2,1.4865152464000455,-0.0746417689020977,2.5255909693862573,0,0,0.4893759527060795,-0.4262300150429028,0.2662325767951835,0.0,-0.9320143892374164,1.121143885855289,0.1557070814399298,-1.0778621289498782,1.794749403575051,0.7649976209279952,-0.0582848907973714,2.488663922412698,0,-1,1,0.5176352119084884,Anomaly
839,0.5558522548689022,1,-0.7969959513553084,2,0.3464272073569334,0.0850492518807105,1,0.0,0.236174944202914,0.2546249253678617,1,-1.0771875466753518,0.3796721288811475,1.7496101475022634,7,-1.5679065665042955,2,1.5415472171989897,-1.6676732733848196,-1.0785044383346123,0,1,-0.8772324258614291,-0.4262300150429028,-0.6589728319256667,0.0,-0.9320143892374164,1.3782749432243937,-0.6201892226844657,-1.0778621289498782,2.284590031732371,1.3171933011460917,3.3564494722225446,2.7690176633849317,1,-1,1,0.582368776843444,Anomaly
842,-1.4151810691502822,2,-0.806912360277255,1,1.827157989468953,0.0850492518807105,3,0.0,0.2461447103913034,1.1697805251007627,1,-0.8311549653184892,0.3796721288811475,-0.9614863916702532,2,-0.6608531809232983,2,-0.6174483630638389,-1.1108500867275153,2.1251359240839385,0,0,1.855984331273588,2.346151056253851,1.1914379855160335,0.0,-0.9320143892374164,-0.678773515728442,-0.6201892226844657,0.3380961637724818,-0.4911735278257753,-0.339393739508197,-0.3687152874355457,-0.5952272282818631,0,-1,1,0.506065438699207,Anomaly
843,-0.9771736638126856,2,1.6920226880532891,1,0.3464272073569334,-1.86842575225436,1,0.0,0.2494679657874332,0.2546249253678617,0,0.645040522822686,0.3796721288811475,-0.9614863916702532,2,1.153253590238697,1,-0.8473502642393512,1.2145402329170472,-0.6780493930322936,0,1,-1.1505541015749308,-0.4262300150429028,1.1914379855160335,0.0,-0.9320143892374164,-1.3216011591512031,0.9316033855643254,-1.0778621289498782,-0.9810141559830952,-0.8915894197262932,-0.6791456840737199,-1.1559347102263289,1,-1,1,0.5154029484642324,Anomaly
846,0.3368485522001039,1,0.2467060876795716,1,2.073946453154289,-0.8916882501868245,3,0.0,0.2577761042777577,0.2546249253678617,0,1.2847252343505289,-1.0261667362455194,-0.0577875452794142,6,1.153253590238697,1,-0.4421534753838041,0.9683125138298192,0.1228606975723441,0,1,-0.6039107501479274,-0.4262300150429028,1.1914379855160335,0.0,0.241988311858558,0.6068817711170802,0.1557070814399298,-2.4938204216722384,-0.9810141559830952,-0.8915894197262932,-0.6791456840737199,-1.1559347102263289,0,-1,1,0.5018532020854722,Anomaly
848,-0.3201625558062908,1,-0.330924732023818,1,-1.010909342912418,0.0850492518807105,3,0.0,0.2644226150700173,1.1697805251007627,1,1.5307578157073911,-1.0261667362455194,-0.0577875452794142,0,-1.5679065665042955,2,-0.2464606371373652,1.608054852462845,-1.0785044383346123,0,0,1.3093409798465847,2.346151056253851,0.2662325767951835,0.0,-0.9320143892374164,0.3497507137479757,0.1557070814399298,0.3380961637724818,0.9783483566461848,1.3171933011460917,0.5625759024789769,1.3672489585237668,0,-1,1,0.5266101064297958,Anomaly
850,0.6653541062033014,2,1.4118841360082974,2,-0.0237554881710714,0.0850492518807105,2,0.0,0.2710691258622769,-1.5756862740979405,0,0.9402796204509212,-2.432005601372186,-0.0577875452794142,7,0.2462002046576992,2,-0.2458232011821651,-0.6779840052271374,2.1251359240839385,0,0,-0.6039107501479274,-0.4262300150429028,-0.6589728319256667,0.0,-0.9320143892374164,-0.5502079870438897,-0.6201892226844657,-1.0778621289498782,-0.4911735278257753,-0.339393739508197,-0.3687152874355457,-0.3148734873096303,1,-1,1,0.5092533164139568,Anomaly
851,-0.5391662584750891,0,0.1475419984601055,2,-0.8875151110697495,-1.86842575225436,1,0.0,0.2743923812584067,0.2546249253678617,0,0.4974209740085685,0.3796721288811475,-0.9614863916702532,8,-1.5679065665042955,0,-0.7810569248985381,0.0890884210160646,-0.6780493930322936,0,0,-0.8772324258614291,-0.4262300150429028,0.2662325767951835,0.0,2.5899937140505074,-1.3216011591512031,0.1557070814399298,0.3380961637724818,-0.9810141559830952,-1.1676872598353414,-0.6791456840737199,-1.1559347102263289,0,-1,1,0.5066635259149368,Anomaly
852,2.08887817355049,2,-0.2094487227299721,1,-0.6407266473844129,1.0617867539482455,5,0.0,0.2760540089564716,1.1697805251007627,0,1.2847252343505289,0.3796721288811475,2.6533089938931025,3,-1.5679065665042955,0,2.855727678169917,0.5989709351989773,0.523315742874663,0,0,-0.6039107501479274,-0.4262300150429028,1.1914379855160335,0.0,0.241988311858558,2.1496681153317065,-0.6201892226844657,0.3380961637724818,-0.3278933184400019,-0.6154915796172451,0.5625759024789769,-0.5952272282818631,0,-1,1,0.5285263019136733,Anomaly
854,-1.9626903258222776,2,-0.3904231855554976,1,-0.0237554881710714,-0.8916882501868245,1,0.0,0.2793772643526014,0.2546249253678617,1,-0.5851223839616266,0.3796721288811475,-0.9614863916702532,6,-1.5679065665042955,2,-0.8394885541252163,-1.0036173529012853,-0.6780493930322936,0,0,2.675949358414093,2.346151056253851,0.2662325767951835,0.0,-0.9320143892374164,-1.3216011591512031,0.9316033855643254,0.3380961637724818,-0.9810141559830952,-0.8915894197262932,-0.6791456840737199,-1.1559347102263289,0,-1,1,0.5086334899456134,Anomaly
859,1.7603726195472926,2,1.0424979036657869,1,-0.270543951856408,-0.8916882501868245,3,0.0,0.2926702859371206,1.1697805251007627,0,-0.7819484490471167,0.3796721288811475,2.6533089938931025,3,0.2462002046576992,0,2.571643720802394,0.6081060960098619,0.1228606975723441,0,0,0.7626976284195812,-0.4262300150429028,-0.6589728319256667,0.0,0.241988311858558,1.8925370579626024,2.4833959938131165,0.3380961637724818,-0.0013328996684553,0.7649976209279952,0.5625759024789769,0.8065414765793012,0,-1,1,0.509395705950119,Anomaly
861,-1.6341847718190805,1,1.124308277271846,1,-0.7641208792270812,1.0617867539482455,1,0.0,0.2959935413332504,0.2546249253678617,1,-0.8803614815898617,-1.0261667362455194,-0.9614863916702532,6,1.153253590238697,1,-0.7755324799534703,-1.418072571844342,-1.0785044383346123,0,1,-1.1505541015749308,-0.4262300150429028,-0.6589728319256667,0.0,0.241988311858558,-1.3216011591512031,1.707499689688721,0.3380961637724818,-1.1442943653688686,-1.1676872598353414,-0.6791456840737199,-1.1559347102263289,1,-1,1,0.5155889309819375,Anomaly
862,0.9938596602064989,2,1.486257202922897,2,-0.8875151110697495,0.0850492518807105,2,0.0,0.2976551690313153,0.2546249253678617,0,0.1529753601089609,0.3796721288811475,1.7496101475022634,3,-1.5679065665042955,1,2.2406019814017952,1.375037981317512,2.1251359240839385,0,0,2.1293060069870897,2.346151056253851,-1.584178240646517,0.0,-0.9320143892374164,2.1496681153317065,-0.6201892226844657,0.3380961637724818,3.1009910786612376,2.97378034180038,3.977310265498893,1.3672489585237668,0,-1,1,0.5950604366538808,Anomaly
865,0.4463504035345031,0,0.2566224966015182,1,-0.5173324155417446,-0.8916882501868245,1,0.0,0.3076249352197047,-1.5756862740979405,1,1.432344783164646,-1.0261667362455194,-0.9614863916702532,6,-1.5679065665042955,0,-0.9340415541465684,0.8404202624774348,1.324225833479301,0,0,0.4893759527060795,-0.4262300150429028,-1.584178240646517,0.0,0.241988311858558,-0.8073390444129942,-0.6201892226844657,-2.4938204216722384,-0.9810141559830952,-1.1676872598353414,-0.6791456840737199,-1.1559347102263289,1,-1,1,0.5423187563123616,Anomaly
868,1.4318670655440953,1,1.5333601453021437,1,-0.8875151110697495,0.0850492518807105,3,0.0,0.3159330737100291,1.1697805251007627,0,-1.7660787744745667,0.3796721288811475,1.7496101475022634,3,-1.5679065665042955,1,2.4122847320023624,-0.6778434642915854,-0.2775943477299747,0,0,1.855984331273588,2.346151056253851,0.2662325767951835,0.0,0.241988311858558,2.6639302300699157,0.1557070814399298,0.3380961637724818,-0.8177339465973219,-0.6154915796172451,-0.0582848907973714,-0.5952272282818631,0,-1,1,0.5406620438707644,Anomaly
872,-1.4151810691502822,2,0.449992470579477,1,0.9633983665702748,-0.8916882501868245,1,0.0,0.3225795845022887,1.1697805251007627,0,1.5307578157073911,0.3796721288811475,-0.9614863916702532,2,-0.6608531809232983,1,-0.9121562530180308,-1.5376729079991542,-0.6780493930322936,0,0,-0.6039107501479274,-0.4262300150429028,-1.584178240646517,0.0,0.241988311858558,-1.3216011591512031,0.1557070814399298,-2.4938204216722384,-0.9810141559830952,-1.1676872598353414,-0.6791456840737199,-1.1559347102263289,1,-1,1,0.512291290760043,Anomaly
876,0.7748559575377005,2,-1.493623678122057,1,2.4441291486822943,1.0617867539482455,4,0.0,0.3325493506906781,1.1697805251007627,1,-1.6676657419318217,0.3796721288811475,-0.0577875452794142,6,1.153253590238697,2,-0.4168685158275324,-0.9232279377655008,-0.6780493930322936,0,0,2.675949358414093,2.346151056253851,-0.6589728319256667,0.0,-0.9320143892374164,1.121143885855289,0.1557070814399298,0.3380961637724818,2.1213098223465976,1.8693889813641875,3.3564494722225446,3.6100788863016295,0,-1,1,0.5910895043912139,Anomaly
879,0.5558522548689022,0,-1.545684824962277,0,-0.8875151110697495,2.038524256015781,3,0.0,0.3425191168790675,1.1697805251007627,1,0.645040522822686,1.7855109940078144,-0.0577875452794142,1,-1.5679065665042955,1,-0.0490679696770594,-0.2045015933522111,1.7246808787816197,0,0,0.2160542769925777,-0.4262300150429028,-1.584178240646517,0.0,0.241988311858558,-0.1645114009902331,0.1557070814399298,1.754054456494842,-0.4911735278257753,-0.339393739508197,-0.6791456840737199,-0.3148734873096303,0,-1,1,0.5422615053776153,Anomaly
883,-0.1011588531374925,2,-1.0895300145527331,1,-1.010909342912418,0.0850492518807105,5,0.0,0.3524888830674569,0.2546249253678617,0,0.5466274902799411,-2.432005601372186,0.8459113011114247,4,-1.5679065665042955,0,0.7965970642217751,-1.416386080617717,-0.2775943477299747,0,1,1.5826626555600865,2.346151056253851,0.2662325767951835,0.0,0.241988311858558,0.7354472998016324,-0.6201892226844657,0.3380961637724818,-0.0013328996684553,0.7649976209279952,1.4938670923934996,0.8065414765793012,0,-1,1,0.5344214639355879,Anomaly
887,-0.7581699611438873,2,1.642440643443556,1,-1.010909342912418,0.0850492518807105,3,0.0,0.3591353938597165,1.1697805251007627,1,-0.142263737519274,0.3796721288811475,-0.9614863916702532,6,-0.6608531809232983,1,-0.6212729787950396,-0.694848917493386,-1.0785044383346123,0,1,1.5826626555600865,2.346151056253851,-1.584178240646517,0.0,0.241988311858558,0.0926196563788712,-0.6201892226844657,0.3380961637724818,0.651787937874638,1.3171933011460917,0.8730062991171511,0.8065414765793012,0,-1,1,0.5057929234013689,Anomaly
888,0.5558522548689022,1,-0.8540153026565014,1,2.073946453154289,2.038524256015781,3,0.0,0.3607970215577814,-1.5756862740979405,0,-0.2898832863333916,0.3796721288811475,0.8459113011114247,5,-1.5679065665042955,1,1.4210718216661655,1.2603565779070225,0.1228606975723441,0,1,0.4893759527060795,-0.4262300150429028,0.2662325767951835,0.0,-0.9320143892374164,1.121143885855289,2.4833959938131165,0.3380961637724818,-0.9810141559830952,-1.1676872598353414,-0.6791456840737199,-1.1559347102263289,0,-1,1,0.5355805595612219,Anomaly
889,-0.2106607044718917,0,1.0152277791304334,2,-0.1471497200137397,-0.8916882501868245,2,0.0,0.3624586492558463,0.2546249253678617,0,0.5958340065513135,-1.0261667362455194,0.8459113011114247,7,1.153253590238697,1,0.8231568956884471,-0.0784363741620036,0.523315742874663,0,1,-1.1505541015749308,-0.4262300150429028,-0.6589728319256667,0.0,0.241988311858558,0.6068817711170802,2.4833959938131165,-1.0778621289498782,0.9783483566461848,-0.6154915796172451,0.5625759024789769,2.2083101814404653,0,-1,1,0.5311602382425222,Anomaly
891,1.869874470881692,1,0.4053686304307173,1,-1.010909342912418,1.0617867539482455,1,0.0,0.3657819046519761,1.1697805251007627,0,-0.6343289002329991,0.3796721288811475,0.8459113011114247,4,0.2462002046576992,0,0.849716727155119,-0.6540920461832854,1.7246808787816197,0,0,0.4893759527060795,-0.4262300150429028,-1.584178240646517,0.0,0.241988311858558,2.7924957587544674,-0.6201892226844657,-2.4938204216722384,-0.3278933184400019,-0.063295899399149,-0.3687152874355457,-0.0345197463373974,0,-1,1,0.5160352477948242,Anomaly
893,-1.9626903258222776,0,-0.7399766000541155,1,0.0996387436715968,0.0850492518807105,3,0.0,0.3707667877461708,-1.5756862740979405,0,1.4815512994360187,-1.0261667362455194,-0.9614863916702532,6,-0.6608531809232983,2,-0.9867362597764456,-1.147531270906606,-0.6780493930322936,0,1,2.675949358414093,2.346151056253851,-0.6589728319256667,0.0,-0.9320143892374164,-1.3216011591512031,-0.6201892226844657,1.754054456494842,-0.9810141559830952,-0.8915894197262932,-0.6791456840737199,-1.1559347102263289,1,-1,1,0.5814125057650905,Anomaly
905,1.2128633628752972,2,-0.2168860294214321,1,-1.010909342912418,0.0850492518807105,1,0.0,0.3956912032171443,1.1697805251007627,1,0.4974209740085685,-1.0261667362455194,2.6533089938931025,5,1.153253590238697,2,2.499188500561313,-0.784232952504503,1.324225833479301,0,0,-0.8772324258614291,-0.4262300150429028,0.2662325767951835,0.0,-0.9320143892374164,1.76397152927805,0.1557070814399298,1.754054456494842,-0.9810141559830952,-1.1676872598353414,-0.6791456840737199,-1.1559347102263289,0,-1,1,0.5072230761806867,Anomaly
908,0.7748559575377005,2,0.7350892270854419,2,-0.5173324155417446,0.0850492518807105,2,0.0,0.4023377140094039,-0.6605306743650393,1,1.0878991692650386,0.3796721288811475,2.6533089938931025,3,-0.6608531809232983,1,2.488139610671177,-0.7817032156645657,1.7246808787816197,0,0,-1.1505541015749308,-0.4262300150429028,0.2662325767951835,0.0,0.241988311858558,1.8925370579626024,1.707499689688721,0.3380961637724818,2.447870241118145,1.3171933011460917,0.2521455058408027,1.6476026994959998,0,-1,1,0.518343853970837,Anomaly
909,-0.42966440714069,2,-0.6606453286785426,2,0.0996387436715968,2.038524256015781,2,0.0,0.4039993417074688,1.1697805251007627,1,0.7926600716368035,1.7855109940078144,0.8459113011114247,7,0.2462002046576992,0,0.3988370281768962,1.0392856862836148,-1.0785044383346123,0,1,-0.3305890744344257,-0.4262300150429028,1.1914379855160335,0.0,1.4159910129545328,-0.1645114009902331,0.1557070814399298,0.3380961637724818,0.3252275191030913,1.041095461037043,-0.6791456840737199,1.086895217551534,0,-1,1,0.5038290497862095,Anomaly
910,-1.9626903258222776,2,-1.332482033140425,1,1.950552221311621,0.0850492518807105,1,0.0,0.4056609694055337,-0.6605306743650393,0,-0.4375028351475091,1.7855109940078144,-0.9614863916702532,6,1.153253590238697,2,-0.7455729900590643,0.9708422506697564,-0.6780493930322936,0,1,-0.8772324258614291,-0.4262300150429028,1.1914379855160335,0.0,-0.9320143892374164,-1.3216011591512031,-0.6201892226844657,0.3380961637724818,-0.9810141559830952,-1.1676872598353414,-0.6791456840737199,-0.8755809692540959,0,-1,1,0.508461699093454,Anomaly
912,-1.3056792178158831,1,-0.5044618881578836,2,1.827157989468953,-1.86842575225436,1,0.0,0.4123074801977933,0.2546249253678617,1,0.349801425194451,-2.432005601372186,-0.9614863916702532,8,1.153253590238697,2,-1.1441829407108768,-0.8816278208420879,-0.6780493930322936,0,1,-0.3305890744344257,-0.4262300150429028,1.1914379855160335,0.0,-0.9320143892374164,-1.3216011591512031,0.9316033855643254,0.3380961637724818,-0.9810141559830952,-1.1676872598353414,-0.3687152874355457,-1.1559347102263289,1,-1,1,0.5525757208949101,Anomaly
914,0.8843578088720997,2,1.6027750077557696,2,-0.8875151110697495,0.0850492518807105,2,0.0,0.4189539909900528,-1.5756862740979405,0,1.3831382668932737,-2.432005601372186,2.6533089938931025,3,-0.6608531809232983,2,2.61796406688027,-1.6612083903494244,-0.2775943477299747,0,1,0.2160542769925777,-0.4262300150429028,-1.584178240646517,0.0,-0.9320143892374164,1.8925370579626024,-0.6201892226844657,0.3380961637724818,2.774430659889691,1.5932911412551394,-0.3687152874355457,1.9279564404682328,1,-1,1,0.576578936342667,Anomaly
915,1.979376322216091,0,-1.5506430294232505,1,-0.1471497200137397,-1.86842575225436,3,0.0,0.4206156186881178,1.1697805251007627,1,-1.4216331605749593,-1.0261667362455194,1.7496101475022634,0,-0.6608531809232983,0,1.5030885812352488,1.5851466799678575,-0.6780493930322936,0,1,-0.0572673987209239,-0.4262300150429028,1.1914379855160335,0.0,0.241988311858558,2.92106128743902,0.1557070814399298,0.3380961637724818,4.243952544361651,1.3171933011460917,3.977310265498893,-1.1559347102263289,0,-1,1,0.5933411286076137,Anomaly
916,-1.7436866231534796,1,-1.3671894643672382,1,0.0996387436715968,-0.8916882501868245,1,0.0,0.4222772463861827,-1.5756862740979405,0,-1.0279810304039791,-1.0261667362455194,-0.9614863916702532,2,0.2462002046576992,2,-0.8239776125486798,1.5452330542710695,-0.6780493930322936,0,0,1.3093409798465847,2.346151056253851,0.2662325767951835,0.0,-0.9320143892374164,-1.193035630466651,-0.6201892226844657,-2.4938204216722384,-0.8177339465973219,-0.6154915796172451,-0.0582848907973714,-0.5952272282818631,1,-1,1,0.537409575711187,Anomaly
917,0.9938596602064989,2,-1.57295494949763,2,-0.6407266473844129,-0.8916882501868245,2,0.0,0.4239388740842476,1.1697805251007627,0,-1.6184592256604493,-1.0261667362455194,2.6533089938931025,3,-0.6608531809232983,1,2.6105273140696017,-0.6137567976798411,-0.2775943477299747,0,0,-0.3305890744344257,-0.4262300150429028,0.2662325767951835,0.0,0.241988311858558,1.8925370579626024,-0.6201892226844657,0.3380961637724818,0.651787937874638,-0.063295899399149,-0.6791456840737199,1.086895217551534,0,-1,1,0.5058554528701016,Anomaly
919,1.5413689168784943,1,-1.4018968955940512,2,-0.0237554881710714,0.0850492518807105,1,0.0,0.4272621294803774,1.1697805251007627,1,0.841866587908176,0.3796721288811475,2.6533089938931025,3,-0.6608531809232983,0,2.835329727603513,0.6862468561768132,0.523315742874663,0,1,2.4026276827005915,2.346151056253851,-1.584178240646517,0.0,0.241988311858558,2.535364701385363,1.707499689688721,-1.0778621289498782,3.5908317068185576,1.5932911412551394,2.7355886789461965,1.6476026994959998,0,-1,1,0.6207940731814171,Anomaly
920,2.417383727553688,2,1.5531929631460366,1,1.0867925984129432,1.0617867539482455,3,0.0,0.4289237571784423,1.1697805251007627,1,0.0545623275662159,0.3796721288811475,0.8459113011114247,4,1.153253590238697,2,0.8518415136724528,0.7995228502317823,1.324225833479301,0,0,-0.8772324258614291,-0.4262300150429028,1.1914379855160335,0.0,-0.9320143892374164,1.76397152927805,2.4833959938131165,-1.0778621289498782,0.3252275191030913,0.7649976209279952,0.8730062991171511,-0.0345197463373974,0,-1,1,0.5012690020562365,Anomaly
923,0.7748559575377005,2,0.982999450134107,1,-0.6407266473844129,-0.8916882501868245,1,0.0,0.4372318956687667,0.2546249253678617,1,1.2847252343505289,1.7855109940078144,2.6533089938931025,3,-1.5679065665042955,0,2.6957312534146856,0.4446569879628036,-0.6780493930322936,0,0,-0.3305890744344257,-0.4262300150429028,1.1914379855160335,0.0,1.4159910129545328,1.8925370579626024,0.9316033855643254,-1.0778621289498782,2.9377108692754645,1.3171933011460917,3.666879868860719,2.488663922412698,0,-1,1,0.5791307829491419,Anomaly
924,-0.3201625558062908,1,-0.3829858788640377,0,0.2230329755142651,0.0850492518807105,1,0.0,0.4388935233668317,0.2546249253678617,1,-0.4867093514188816,-1.0261667362455194,-0.0577875452794142,1,-0.6608531809232983,1,-0.4277049270659345,1.0568533032276235,0.523315742874663,0,0,-1.1505541015749308,-0.4262300150429028,1.1914379855160335,0.0,1.4159910129545328,0.3497507137479757,1.707499689688721,1.754054456494842,0.4885077284888646,1.3171933011460917,-0.3687152874355457,1.086895217551534,0,-1,1,0.5108118268697162,Anomaly
927,0.6653541062033014,2,-0.6730408398309758,2,-0.6407266473844129,1.0617867539482455,2,0.0,0.4455400341590912,1.1697805251007627,0,-0.4867093514188816,-1.0261667362455194,0.8459113011114247,7,1.153253590238697,2,0.7921350125353742,0.8503986689016318,0.1228606975723441,0,0,-0.3305890744344257,-0.4262300150429028,1.1914379855160335,0.0,-0.9320143892374164,1.5068404719089457,0.1557070814399298,1.754054456494842,2.284590031732371,0.7649976209279952,3.977310265498893,3.6100788863016295,0,-1,1,0.5384817765794446,Anomaly
928,-0.1011588531374925,2,-0.9259092673406144,1,-0.8875151110697495,1.0617867539482455,1,0.0,0.4472016618571561,0.2546249253678617,0,-0.6343289002329991,0.3796721288811475,-0.0577875452794142,4,-0.6608531809232983,2,-0.2322245674712291,-1.6851003493932764,2.5255909693862573,0,1,-1.1505541015749308,-0.4262300150429028,1.1914379855160335,0.0,-0.9320143892374164,0.8640128284861845,-0.6201892226844657,0.3380961637724818,1.4681889848035046,2.6976825016913315,0.8730062991171511,2.2083101814404653,0,-1,1,0.5268723471377843,Anomaly
931,1.5413689168784943,1,0.4103268348916906,1,-0.3939381836990763,-0.8916882501868245,3,0.0,0.4521865449513508,-0.6605306743650393,0,-1.2740136117608418,-1.0261667362455194,-0.9614863916702532,2,0.2462002046576992,2,-0.7787196597294709,-1.4132941800355716,-1.0785044383346123,0,0,-0.3305890744344257,-0.4262300150429028,-0.6589728319256667,0.0,-0.9320143892374164,-0.4216424583593375,2.4833959938131165,-1.0778621289498782,-0.0013328996684553,-1.1676872598353414,1.4938670923934996,0.8065414765793012,0,-1,1,0.5058884775205369,Anomaly
933,-0.8676718124782865,2,0.0087122735528531,1,-0.270543951856408,0.0850492518807105,5,0.0,0.4555098003474807,-0.6605306743650393,0,-1.3232201280322142,0.3796721288811475,-0.9614863916702532,2,0.2462002046576992,0,-0.6722678552110498,0.417673128336806,0.1228606975723441,0,1,-0.6039107501479274,-0.4262300150429028,-1.584178240646517,0.0,1.4159910129545328,-0.1645114009902331,-0.6201892226844657,0.3380961637724818,-0.0013328996684553,0.7649976209279952,1.4938670923934996,0.8065414765793012,1,-1,1,0.5184978053598417,Anomaly
937,0.8843578088720997,1,-1.0870509123222465,1,1.950552221311621,0.0850492518807105,3,0.0,0.4671411942339349,-0.6605306743650393,0,0.841866587908176,0.3796721288811475,2.6533089938931025,3,-0.6608531809232983,2,2.4558428556077043,-0.1796258477594946,0.1228606975723441,0,0,1.855984331273588,2.346151056253851,0.2662325767951835,0.0,-0.9320143892374164,1.3782749432243937,0.9316033855643254,0.3380961637724818,-1.1442943653688686,-1.1676872598353414,-0.6791456840737199,-1.1559347102263289,0,-1,1,0.5362846034397024,Anomaly
938,0.2273467008657048,2,-0.9680540052588872,1,0.4698214391996017,1.0617867539482455,3,0.0,0.4688028219319998,0.2546249253678617,0,1.3831382668932737,-1.0261667362455194,1.7496101475022634,3,-0.6608531809232983,0,2.2565378802817984,0.4245596341788575,1.324225833479301,0,1,-0.6039107501479274,-0.4262300150429028,1.1914379855160335,0.0,1.4159910129545328,1.2497094145398413,0.9316033855643254,0.3380961637724818,1.9580296129608248,1.3171933011460917,3.977310265498893,-0.5952272282818631,0,-1,1,0.5561060179226793,Anomaly
944,0.9938596602064989,2,0.4673461861928835,0,-1.010909342912418,-0.8916882501868245,1,0.0,0.4804342158184541,1.1697805251007627,0,-1.0771875466753518,0.3796721288811475,-0.9614863916702532,1,-1.5679065665042955,2,-0.6544196484654462,1.2148213147881513,1.324225833479301,0,0,-0.8772324258614291,-0.4262300150429028,0.2662325767951835,0.0,-0.9320143892374164,-0.1645114009902331,0.1557070814399298,1.754054456494842,-0.0013328996684553,0.4888997808189471,0.8730062991171511,0.8065414765793012,0,-1,1,0.5115164227652722,Anomaly
945,-0.9771736638126856,0,1.6697107679789092,1,-1.010909342912418,0.0850492518807105,1,0.0,0.482095843516519,0.2546249253678617,0,-0.5359158676902541,-2.432005601372186,-0.0577875452794142,2,1.153253590238697,1,0.0363484483197575,0.2921700728888068,-1.0785044383346123,0,0,-1.1505541015749308,-0.4262300150429028,-1.584178240646517,0.0,2.5899937140505074,-0.1645114009902331,2.4833959938131165,0.3380961637724818,0.3252275191030913,1.041095461037043,1.4938670923934996,0.2458339946348354,0,-1,1,0.5228275387790501,Anomaly
946,1.4318670655440953,2,1.287929024483965,1,2.320734916839626,0.0850492518807105,1,0.0,0.4854190989126488,1.1697805251007627,0,-1.1263940629467242,0.3796721288811475,1.7496101475022634,5,-1.5679065665042955,1,2.204905567910588,1.139631914267793,0.523315742874663,0,1,-1.1505541015749308,-0.4262300150429028,-0.6589728319256667,0.0,-0.9320143892374164,1.76397152927805,-0.6201892226844657,0.3380961637724818,-0.6544537372115486,-0.6154915796172451,-0.3687152874355457,-0.5952272282818631,0,-1,1,0.5016668183895459,Anomaly
947,0.3368485522001039,2,-1.2481925573038788,2,1.950552221311621,1.0617867539482455,2,0.0,0.4870807266107137,1.1697805251007627,1,-0.4375028351475091,-1.0261667362455194,0.8459113011114247,7,-0.6608531809232983,2,0.5505467855145263,0.4106460815592024,-0.2775943477299747,0,1,-0.8772324258614291,-0.4262300150429028,0.2662325767951835,0.0,-0.9320143892374164,-0.2930769296747854,-0.6201892226844657,0.3380961637724818,-0.3278933184400019,-0.063295899399149,-0.3687152874355457,-1.1559347102263289,1,-1,1,0.5074587153798298,Anomaly
948,1.6508707682128936,2,0.5640311731818629,2,-0.5173324155417446,0.0850492518807105,1,0.0,0.4887423543087786,-0.6605306743650393,1,-0.0930572212479015,0.3796721288811475,0.8459113011114247,7,-0.6608531809232983,2,0.4128606191912989,1.0148315634975549,2.5255909693862573,0,1,1.036019304133083,-0.4262300150429028,0.2662325767951835,0.0,-0.9320143892374164,-0.1645114009902331,-0.6201892226844657,-1.0778621289498782,0.161947309717318,0.7649976209279952,1.4938670923934996,0.8065414765793012,1,-1,1,0.5345305405496726,Anomaly
949,-0.7581699611438873,2,-0.4176933100908508,1,0.9633983665702748,1.0617867539482455,3,0.0,0.4920656097049084,-0.6605306743650393,0,1.432344783164646,0.3796721288811475,0.8459113011114247,3,-1.5679065665042955,1,1.150161540706112,1.6322278933778014,-0.6780493930322936,0,1,2.1293060069870897,2.346151056253851,1.1914379855160335,0.0,1.4159910129545328,-0.2930769296747854,-0.6201892226844657,0.3380961637724818,0.3252275191030913,-0.8915894197262932,-0.6791456840737199,1.086895217551534,0,-1,1,0.540596893791443,Anomaly
951,-0.6486681098094882,0,-0.5342111149237234,2,-0.8875151110697495,1.0617867539482455,1,0.0,0.4970504927991031,1.1697805251007627,0,-0.4375028351475091,0.3796721288811475,0.8459113011114247,7,0.2462002046576992,0,0.711605603528425,-0.7558436835229847,-0.6780493930322936,0,1,1.036019304133083,-0.4262300150429028,-1.584178240646517,0.0,0.241988311858558,-0.1645114009902331,1.707499689688721,-1.0778621289498782,0.4885077284888646,1.041095461037043,2.114727885669848,0.5261877356070683,0,-1,1,0.5273238149753027,Anomaly
952,0.4463504035345031,0,-1.3547939532148048,2,0.0996387436715968,-0.8916882501868245,3,0.0,0.5053586312894276,0.2546249253678617,1,-1.2740136117608418,-2.432005601372186,-0.0577875452794142,7,-0.6608531809232983,2,-0.0747778865367978,1.0907236686956727,-0.6780493930322936,0,0,-0.6039107501479274,-0.4262300150429028,-1.584178240646517,0.0,-0.9320143892374164,0.9925783571707368,0.9316033855643254,0.3380961637724818,1.9580296129608248,-0.6154915796172451,2.7355886789461965,1.3672489585237668,0,-1,1,0.5463666545419965,Anomaly
953,-0.6486681098094882,1,0.6384042400964625,2,-1.010909342912418,0.0850492518807105,1,0.0,0.5086818866855575,1.1697805251007627,0,-0.5851223839616266,0.3796721288811475,-0.9614863916702532,8,-0.6608531809232983,2,-0.8926082170585602,-0.8424168998230602,-0.6780493930322936,0,1,-1.1505541015749308,-0.4262300150429028,-1.584178240646517,0.0,-0.9320143892374164,-1.0644701017820986,-0.6201892226844657,1.754054456494842,-0.6544537372115486,-0.6154915796172451,-0.0582848907973714,-0.5952272282818631,1,-1,1,0.516750491880279,Anomaly
955,0.5558522548689022,0,-0.7622885201284952,1,-0.8875151110697495,-1.86842575225436,1,0.0,0.5136667697797521,0.2546249253678617,1,-1.4216331605749593,0.3796721288811475,1.7496101475022634,3,0.2462002046576992,1,2.413347125261029,1.7242822061644076,-1.0785044383346123,0,1,-0.6039107501479274,-0.4262300150429028,1.1914379855160335,0.0,-0.9320143892374164,1.2497094145398413,0.1557070814399298,-1.0778621289498782,2.1213098223465976,1.041095461037043,-0.0582848907973714,1.6476026994959998,0,-1,1,0.5491495680430826,Anomaly
956,1.979376322216091,2,-1.290337295222152,1,-0.8875151110697495,-0.8916882501868245,3,0.0,0.5169900251758819,1.1697805251007627,0,-0.3882963188761366,-2.432005601372186,2.6533089938931025,3,0.2462002046576992,1,2.6950938174594854,-1.0289147213006582,0.523315742874663,0,0,-0.3305890744344257,-0.4262300150429028,1.1914379855160335,0.0,0.241988311858558,1.5068404719089457,1.707499689688721,0.3380961637724818,1.9580296129608248,1.3171933011460917,2.114727885669848,1.9279564404682328,0,-1,1,0.5278526608035126,Anomaly
957,2.08887817355049,2,-1.4787490647391377,0,-0.1471497200137397,1.0617867539482455,1,0.0,0.5203132805720118,1.1697805251007627,1,1.629170848250136,0.3796721288811475,2.6533089938931025,3,-0.6608531809232983,2,2.8077075028781744,-1.446321299890308,1.324225833479301,0,0,-0.3305890744344257,-0.4262300150429028,-1.584178240646517,0.0,-0.9320143892374164,3.1781923448081244,0.9316033855643254,0.3380961637724818,-0.0013328996684553,-0.339393739508197,1.4938670923934996,0.8065414765793012,0,-1,1,0.5683643313065853,Anomaly
963,1.5413689168784943,2,-0.0805354067446662,0,-0.5173324155417446,0.0850492518807105,1,0.0,0.5435760683449203,0.2546249253678617,1,0.8910731041795485,0.3796721288811475,1.7496101475022634,3,-0.6608531809232983,0,1.5984914958635343,0.4602570318090834,-0.6780493930322936,0,1,-1.1505541015749308,-0.4262300150429028,-0.6589728319256667,0.0,0.241988311858558,2.7924957587544674,-0.6201892226844657,0.3380961637724818,4.243952544361651,1.3171933011460917,-0.6791456840737199,1.6476026994959998,0,-1,1,0.5337542008562031,Anomaly
967,2.3078818762192883,2,-0.4995036836969103,1,-0.270543951856408,1.0617867539482455,3,0.0,0.5568690899294395,0.2546249253678617,0,-0.6343289002329991,-1.0261667362455194,0.8459113011114247,4,-1.5679065665042955,1,0.7447522731988315,-0.3218532745381902,1.7246808787816197,0,1,-0.3305890744344257,-0.4262300150429028,1.1914379855160335,0.0,-0.9320143892374164,2.535364701385363,-2.171981830933257,-1.0778621289498782,0.4885077284888646,1.3171933011460917,0.8730062991171511,1.3672489585237668,1,-1,1,0.5530010354427032,Anomaly
969,-0.1011588531374925,1,-0.4846290703139904,2,-0.270543951856408,0.0850492518807105,2,0.0,0.5601923453255693,-1.5756862740979405,0,0.841866587908176,1.7855109940078144,-0.0577875452794142,7,-1.5679065665042955,1,-0.3960456079576616,-1.6938138873975048,-0.2775943477299747,0,0,0.2160542769925777,-0.4262300150429028,1.1914379855160335,0.0,0.241988311858558,0.7354472998016324,-0.6201892226844657,-1.0778621289498782,1.304908775417731,0.7649976209279952,1.1834366957553253,2.488663922412698,0,-1,1,0.5085022969996127,Anomaly
972,1.5413689168784943,2,1.493694509614357,1,0.2230329755142651,-0.8916882501868245,5,0.0,0.5685004838158938,1.1697805251007627,0,0.7926600716368035,-1.0261667362455194,1.7496101475022634,4,-0.6608531809232983,2,1.4106603677312304,1.42310298127632,0.1228606975723441,0,0,0.2160542769925777,-0.4262300150429028,-0.6589728319256667,0.0,-0.9320143892374164,2.2782336440162587,-1.3960855268088614,-1.0778621289498782,-0.3278933184400019,-0.6154915796172451,-0.6791456840737199,-0.3148734873096303,0,-1,1,0.5049762889131949,Anomaly
973,-2.072192177156677,0,0.7970667828476081,1,-1.010909342912418,0.0850492518807105,1,0.0,0.5701621115139587,1.1697805251007627,0,1.5307578157073911,0.3796721288811475,-0.9614863916702532,2,1.153253590238697,2,-1.0394309654063227,0.7015658181519889,-0.6780493930322936,0,0,-0.0572673987209239,-0.4262300150429028,0.2662325767951835,0.0,-0.9320143892374164,-1.4501666878357553,1.707499689688721,1.754054456494842,-1.1442943653688686,-1.1676872598353414,-0.6791456840737199,-1.1559347102263289,0,-1,1,0.5160848534137233,Anomaly
976,1.979376322216091,2,-1.3275238286794515,2,0.4698214391996017,1.0617867539482455,2,0.0,0.5768086223062182,-1.5756862740979405,1,0.9402796204509212,1.7855109940078144,1.7496101475022634,7,0.2462002046576992,2,1.528161062139787,-0.7077786835641765,1.324225833479301,0,1,0.4893759527060795,-0.4262300150429028,0.2662325767951835,0.0,-0.9320143892374164,1.6354060005934978,-0.6201892226844657,-1.0778621289498782,1.9580296129608248,0.7649976209279952,0.2521455058408027,1.086895217551534,1,-1,1,0.5560193669337863,Anomaly
977,2.08887817355049,2,1.4044468293168375,1,1.7037637576262843,0.0850492518807105,1,0.0,0.5784702500042832,1.1697805251007627,1,0.1037688438375884,0.3796721288811475,1.7496101475022634,4,-0.6608531809232983,1,1.465904817181908,0.5511870171112733,0.523315742874663,0,1,-0.8772324258614291,-0.4262300150429028,-1.584178240646517,0.0,0.241988311858558,2.7924957587544674,-2.171981830933257,0.3380961637724818,1.9580296129608248,3.249878181909428,3.977310265498893,1.3672489585237668,0,-1,1,0.5583623520530713,Anomaly
978,-0.3201625558062908,0,0.4871790040367768,1,2.073946453154289,-1.86842575225436,5,0.0,0.5801318777023481,-1.5756862740979405,0,1.2847252343505289,-1.0261667362455194,-0.9614863916702532,6,0.2462002046576992,0,-0.9506148889817716,0.2217590641772194,-0.6780493930322936,0,0,1.3093409798465847,2.346151056253851,0.2662325767951835,0.0,2.5899937140505074,-0.8073390444129942,-0.6201892226844657,0.3380961637724818,-0.3278933184400019,-0.063295899399149,-0.6791456840737199,-1.1559347102263289,0,-1,1,0.5598476419563292,Anomaly
979,0.3368485522001039,2,0.9904367568255668,1,-0.8875151110697495,-1.86842575225436,3,0.0,0.581793505400413,-0.6605306743650393,0,1.137105685536411,1.7855109940078144,-0.0577875452794142,0,0.2462002046576992,0,-0.0267577112450549,-0.0597444297335782,0.9237707881769818,0,0,1.3093409798465847,2.346151056253851,-0.6589728319256667,0.0,2.5899937140505074,0.4783162424325279,-2.171981830933257,0.3380961637724818,0.8150681472604113,1.8693889813641875,2.7355886789461965,1.086895217551534,0,-1,1,0.5611708508091579,Anomaly
981,-0.6486681098094882,1,-0.2466352561872719,2,-0.8875151110697495,0.0850492518807105,1,0.0,0.5884400161926726,0.2546249253678617,0,1.1863122018077836,-1.0261667362455194,-0.9614863916702532,8,1.153253590238697,2,-0.7899810282713399,-0.3416695464510322,1.7246808787816197,0,0,-0.3305890744344257,-0.4262300150429028,0.2662325767951835,0.0,-0.9320143892374164,-1.0644701017820986,0.1557070814399298,1.754054456494842,-0.9810141559830952,-1.1676872598353414,-0.6791456840737199,-1.1559347102263289,1,-1,1,0.503358389979529,Anomaly
982,-0.2106607044718917,1,-0.3482784476372246,2,1.0867925984129432,1.0617867539482455,2,0.0,0.5901016438907375,1.1697805251007627,0,0.0545623275662159,0.3796721288811475,-0.0577875452794142,7,0.2462002046576992,1,-0.401357574250996,1.2613403644558867,-1.0785044383346123,0,1,0.7626976284195812,-0.4262300150429028,0.2662325767951835,0.0,0.241988311858558,-0.8073390444129942,-2.171981830933257,-1.0778621289498782,-0.4911735278257753,-0.6154915796172451,0.2521455058408027,-0.5952272282818631,1,-1,1,0.5066834859742704,Anomaly
984,-0.3201625558062908,2,-0.9878868231027804,1,-0.8875151110697495,1.0617867539482455,5,0.0,0.5950865269849321,0.2546249253678617,0,1.5799643319787635,0.3796721288811475,-0.0577875452794142,0,1.153253590238697,2,0.0391106707922914,-1.1454231568733246,-0.6780493930322936,0,0,-1.1505541015749308,-0.4262300150429028,1.1914379855160335,0.0,-0.9320143892374164,0.3497507137479757,-0.6201892226844657,1.754054456494842,1.141628566031958,1.8693889813641875,0.5625759024789769,1.9279564404682328,0,-1,1,0.5012438916064919,Anomaly
986,-0.6486681098094882,2,-1.1713403881587927,1,1.5803695257836163,1.0617867539482455,3,0.0,0.6050562931733215,1.1697805251007627,1,1.5799643319787635,0.3796721288811475,-0.0577875452794142,4,0.2462002046576992,1,-0.0688284842882633,0.9477935372392168,-0.6780493930322936,0,1,-0.0572673987209239,-0.4262300150429028,1.1914379855160335,0.0,1.4159910129545328,-0.1645114009902331,0.1557070814399298,-1.0778621289498782,0.4885077284888646,-0.6154915796172451,1.1834366957553253,0.8065414765793012,1,-1,1,0.5075553321389121,Anomaly
993,0.2273467008657048,0,1.6920226880532891,1,1.950552221311621,-0.8916882501868245,1,0.0,0.6183493147578407,0.2546249253678617,1,0.251388392651706,0.3796721288811475,0.8459113011114247,0,0.2462002046576992,1,0.93853280357967,-1.5268512559616447,0.1228606975723441,0,0,1.5826626555600865,2.346151056253851,-0.6589728319256667,0.0,0.241988311858558,0.2211851850634235,-0.6201892226844657,0.3380961637724818,-0.1646131090542286,-0.063295899399149,-0.6791456840737199,0.2458339946348354,0,-1,1,0.5114886178415867,Anomaly
995,1.6508707682128936,1,-1.1911732060026858,1,2.320734916839626,-0.8916882501868245,3,0.0,0.6249958255501004,1.1697805251007627,0,-0.3390898026047641,1.7855109940078144,1.7496101475022634,4,0.2462002046576992,1,1.432970626163235,-0.6439730988235364,-0.2775943477299747,0,1,-1.1505541015749308,-0.4262300150429028,-0.6589728319256667,0.0,0.241988311858558,1.6354060005934978,0.1557070814399298,-1.0778621289498782,-0.3278933184400019,-0.339393739508197,-0.6791456840737199,-0.5952272282818631,0,-1,1,0.5181002825126765,Anomaly
998,-1.0866755151470848,2,-1.6547653231036896,1,0.9633983665702748,1.0617867539482455,1,0.0,0.6316423363423599,1.1697805251007627,0,-0.7327419327757442,0.3796721288811475,-0.9614863916702532,6,0.2462002046576992,2,-0.8730601810990897,1.597654823231992,-0.6780493930322936,0,1,-0.6039107501479274,-0.4262300150429028,1.1914379855160335,0.0,-0.9320143892374164,-0.4216424583593375,-0.6201892226844657,0.3380961637724818,0.161947309717318,-0.6154915796172451,1.4938670923934996,0.8065414765793012,1,-1,1,0.5106376745797433,Anomaly
1000,0.5558522548689022,2,0.8540861341488011,0,0.0996387436715968,0.0850492518807105,0,0.0,0.6366272194365546,0.2546249253678617,0,-1.7168722582031943,0.3796721288811475,1.7496101475022634,3,-1.5679065665042955,1,2.187694797120185,0.3236512424524707,-1.0785044383346123,0,0,-0.3305890744344257,-0.4262300150429028,0.2662325767951835,0.0,0.241988311858558,1.2497094145398413,1.707499689688721,0.3380961637724818,2.1213098223465976,0.7649976209279952,-0.6791456840737199,1.3672489585237668,0,-1,1,0.5250896912350371,Anomaly
1007,1.3223652142096962,1,1.6672316657484223,1,2.320734916839626,-0.8916882501868245,1,0.0,0.6565667518133333,-1.5756862740979405,1,1.5307578157073911,-1.0261667362455194,-0.0577875452794142,2,-1.5679065665042955,2,-0.4714755293230099,1.1801077037067895,0.1228606975723441,0,0,1.3093409798465847,2.346151056253851,-1.584178240646517,0.0,-0.9320143892374164,1.121143885855289,-0.6201892226844657,0.3380961637724818,-0.4911735278257753,-0.339393739508197,-0.3687152874355457,-0.3148734873096303,1,-1,1,0.5709525898684145,Anomaly
1008,-0.8676718124782865,1,-1.1539866725453862,1,0.59321567104227,-1.86842575225436,4,0.0,0.6582283795113983,0.2546249253678617,0,0.8910731041795485,0.3796721288811475,0.8459113011114247,0,1.153253590238697,2,0.2231171831933946,1.2110267095282454,-1.0785044383346123,0,1,-0.8772324258614291,-0.4262300150429028,-1.584178240646517,0.0,-0.9320143892374164,-0.2930769296747854,-1.3960855268088614,0.3380961637724818,0.161947309717318,0.7649976209279952,1.4938670923934996,0.8065414765793012,1,-1,1,0.5499979054458,Anomaly
1009,1.869874470881692,2,0.4177641415831505,1,-1.010909342912418,0.0850492518807105,3,0.0,0.6598900072094632,1.1697805251007627,0,-0.5851223839616266,0.3796721288811475,1.7496101475022634,5,1.153253590238697,2,2.3000960038871403,-1.2172395749404328,1.324225833479301,0,0,1.036019304133083,-0.4262300150429028,1.1914379855160335,0.0,-0.9320143892374164,2.2782336440162587,0.1557070814399298,-1.0778621289498782,2.1213098223465976,0.7649976209279952,3.0460190755843706,0.8065414765793012,0,-1,1,0.5346729928252847,Anomaly
1010,2.3078818762192883,2,0.6260087289440293,1,-1.010909342912418,0.0850492518807105,3,0.0,0.6615516349075281,1.1697805251007627,0,0.4974209740085685,0.3796721288811475,2.6533089938931025,5,-1.5679065665042955,1,2.8043078444504403,1.1444103060765638,0.1228606975723441,0,1,1.5826626555600865,2.346151056253851,0.2662325767951835,0.0,0.241988311858558,2.6639302300699157,0.1557070814399298,0.3380961637724818,0.3252275191030913,1.041095461037043,-0.3687152874355457,0.2458339946348354,0,-1,1,0.5273007531542985,Anomaly
1011,1.979376322216091,2,0.8268160096134479,1,-1.010909342912418,1.0617867539482455,3,0.0,0.663213262605593,-0.6605306743650393,1,0.743453555365431,1.7855109940078144,1.7496101475022634,5,1.153253590238697,0,1.7485014239872974,-0.2669017687373305,-0.2775943477299747,0,0,-0.6039107501479274,-0.4262300150429028,1.1914379855160335,0.0,1.4159910129545328,2.535364701385363,0.9316033855643254,1.754054456494842,-0.0013328996684553,0.7649976209279952,-0.6791456840737199,-1.1559347102263289,0,-1,1,0.5132292275123745,Anomaly
1013,-0.6486681098094882,1,-0.3358829364847913,2,-1.010909342912418,1.0617867539482455,1,0.0,0.6681981456997877,-0.6605306743650393,0,-0.7819484490471167,-2.432005601372186,-0.9614863916702532,8,0.2462002046576992,2,-1.0929755856431334,0.258721330227414,-0.6780493930322936,0,0,-0.8772324258614291,-0.4262300150429028,-0.6589728319256667,0.0,-0.9320143892374164,-1.3216011591512031,0.1557070814399298,0.3380961637724818,-0.9810141559830952,-1.1676872598353414,-0.6791456840737199,-1.1559347102263289,1,-1,1,0.5034428273026389,Anomaly
1015,-0.6486681098094882,2,-1.538247518270817,1,-0.1471497200137397,2.038524256015781,1,0.0,0.6731830287939824,-1.5756862740979405,0,1.333931750621901,0.3796721288811475,1.7496101475022634,5,-0.6608531809232983,2,2.107590345416702,-0.7682112858515668,0.1228606975723441,0,0,-1.1505541015749308,-0.4262300150429028,0.2662325767951835,0.0,-0.9320143892374164,-0.2930769296747854,0.1557070814399298,1.754054456494842,-0.6544537372115486,-0.6154915796172451,-0.3687152874355457,-1.1559347102263289,0,-1,1,0.50008086024468,Anomaly
1023,0.0083429981969065,0,1.51352732745825,1,-0.5173324155417446,-0.8916882501868245,5,0.0,0.6897993057746313,0.2546249253678617,1,0.8910731041795485,1.7855109940078144,-0.9614863916702532,2,0.2462002046576992,2,-0.6380587922819764,1.5680006858305051,-1.0785044383346123,0,0,-0.3305890744344257,-0.4262300150429028,-1.584178240646517,0.0,-0.9320143892374164,-0.5502079870438897,-0.6201892226844657,-2.4938204216722384,-0.1646131090542286,0.212801940709899,-0.3687152874355457,-0.3148734873096303,0,-1,1,0.5114235389901669,Anomaly
1024,2.08887817355049,2,1.1218291750413594,1,-1.010909342912418,-0.8916882501868245,1,0.0,0.6914609334726963,-1.5756862740979405,0,1.1863122018077836,0.3796721288811475,-0.9614863916702532,6,-1.5679065665042955,1,-0.9427531788676368,-0.5367403649973064,-0.2775943477299747,0,0,1.855984331273588,2.346151056253851,1.1914379855160335,0.0,0.241988311858558,-0.8073390444129942,0.1557070814399298,1.754054456494842,-0.6544537372115486,-0.6154915796172451,-0.3687152874355457,-1.1559347102263289,0,-1,1,0.5171945241145264,Anomaly
1025,1.103361511540898,2,-1.09944642347468,1,-0.8875151110697495,1.0617867539482455,3,0.0,0.6947841888688261,-1.5756862740979405,0,0.7926600716368035,0.3796721288811475,1.7496101475022634,5,0.2462002046576992,1,2.2663118982615336,1.7412876593662083,0.1228606975723441,0,0,1.036019304133083,-0.4262300150429028,-0.6589728319256667,0.0,1.4159910129545328,1.8925370579626024,-0.6201892226844657,1.754054456494842,2.1213098223465976,3.5259760220184755,0.8730062991171511,0.5261877356070683,0,-1,1,0.5147297573856121,Anomaly
1032,0.9938596602064989,2,-1.0548225833259202,2,-0.0237554881710714,0.0850492518807105,2,0.0,0.7180469766417347,-1.5756862740979405,1,-0.6835354165043717,0.3796721288811475,0.8459113011114247,7,1.153253590238697,0,0.7634503945513685,0.2351104530546661,0.523315742874663,0,0,-1.1505541015749308,-0.4262300150429028,-1.584178240646517,0.0,0.241988311858558,2.1496681153317065,-1.3960855268088614,1.754054456494842,-0.0013328996684553,0.7649976209279952,0.5625759024789769,-0.3148734873096303,1,-1,1,0.5218831173003387,Anomaly
1033,0.2273467008657048,0,-0.5218156037712901,1,-0.8875151110697495,0.0850492518807105,1,0.0,0.7197086043397996,-1.5756862740979405,0,-0.5851223839616266,-1.0261667362455194,-0.9614863916702532,2,-1.5679065665042955,2,-0.6070369091289035,0.4030568710393906,-0.2775943477299747,0,1,2.1293060069870897,2.346151056253851,-0.6589728319256667,0.0,-0.9320143892374164,-0.0359458723056809,-0.6201892226844657,1.754054456494842,-0.9810141559830952,-1.1676872598353414,-0.6791456840737199,-1.1559347102263289,1,-1,1,0.559164892927903,Anomaly
1034,-0.6486681098094882,1,1.592858598833823,1,-1.010909342912418,2.038524256015781,1,0.0,0.7213702320378644,0.2546249253678617,0,1.6783773645215088,1.7855109940078144,0.8459113011114247,4,-0.6608531809232983,2,0.2003819674579234,-0.7564058472651929,-0.6780493930322936,0,0,-1.1505541015749308,-0.4262300150429028,-1.584178240646517,0.0,-0.9320143892374164,-0.1645114009902331,-0.6201892226844657,0.3380961637724818,0.4885077284888646,1.041095461037043,0.5625759024789769,0.8065414765793012,1,-1,1,0.5294397242057364,Anomaly
1035,0.8843578088720997,2,0.5838639910257561,1,1.3335810620982798,0.0850492518807105,3,0.0,0.7230318597359293,-0.6605306743650393,1,1.432344783164646,-2.432005601372186,0.8459113011114247,0,-1.5679065665042955,0,0.923871776610067,0.7799876601900444,-0.2775943477299747,0,1,0.7626976284195812,-0.4262300150429028,-0.6589728319256667,0.0,0.241988311858558,1.6354060005934978,-0.6201892226844657,0.3380961637724818,-0.0013328996684553,0.7649976209279952,-0.6791456840737199,0.8065414765793012,0,-1,1,0.5063892523731031,Anomaly
1036,-0.6486681098094882,2,1.4763407940009503,0,-0.1471497200137397,-0.8916882501868245,3,0.0,0.7246934874339942,1.1697805251007627,0,1.4815512994360187,1.7855109940078144,-0.9614863916702532,1,-0.6608531809232983,2,-0.9336165968431016,1.446994940320172,2.5255909693862573,0,0,0.7626976284195812,-0.4262300150429028,1.1914379855160335,0.0,-0.9320143892374164,-0.4216424583593375,0.1557070814399298,0.3380961637724818,-0.6544537372115486,-0.6154915796172451,-0.6791456840737199,-0.5952272282818631,0,-1,1,0.5174105878393087,Anomaly
1037,-0.6486681098094882,1,-0.6928736576748691,1,-0.8875151110697495,0.0850492518807105,1,0.0,0.729678370528189,-0.6605306743650393,1,1.3831382668932737,0.3796721288811475,-0.9614863916702532,2,1.153253590238697,1,-0.5908885315971669,0.9511665196924666,1.324225833479301,0,1,-0.6039107501479274,-0.4262300150429028,0.2662325767951835,0.0,0.241988311858558,-0.5502079870438897,-0.6201892226844657,-2.4938204216722384,-0.8177339465973219,-0.6154915796172451,-0.0582848907973714,-0.5952272282818631,1,-1,1,0.5064696432111404,Anomaly
1038,0.8843578088720997,2,1.600295905525283,1,2.4441291486822943,0.0850492518807105,5,0.0,0.7313399982262538,-0.6605306743650393,1,-0.5359158676902541,0.3796721288811475,0.8459113011114247,4,1.153253590238697,1,0.6113156799102717,0.0571856286457445,0.523315742874663,0,1,0.7626976284195812,-0.4262300150429028,1.1914379855160335,0.0,1.4159910129545328,-0.1645114009902331,0.9316033855643254,1.754054456494842,-0.6544537372115486,-0.8915894197262932,-0.3687152874355457,-0.5952272282818631,0,-1,1,0.5095287891299483,Anomaly
1040,-0.3201625558062908,2,0.754922044929335,0,-0.0237554881710714,1.0617867539482455,5,0.0,0.7346632536223836,-1.5756862740979405,0,-0.6835354165043717,0.3796721288811475,-0.9614863916702532,1,0.2462002046576992,1,-0.7991176102958749,-1.5798351886647757,-0.6780493930322936,0,0,-0.0572673987209239,-0.4262300150429028,1.1914379855160335,0.0,-0.9320143892374164,-1.193035630466651,-2.171981830933257,0.3380961637724818,-0.8177339465973219,-0.6154915796172451,-0.0582848907973714,-0.5952272282818631,1,-1,1,0.5162207814241262,Anomaly
1041,0.3368485522001039,0,-1.4489998379732976,1,-0.1471497200137397,-1.86842575225436,3,0.0,0.7363248813204485,1.1697805251007627,1,-0.5359158676902541,-1.0261667362455194,0.8459113011114247,5,-0.6608531809232983,0,1.5413347385472562,1.5269627326493005,-0.2775943477299747,0,0,-1.1505541015749308,-0.4262300150429028,0.2662325767951835,0.0,0.241988311858558,0.6068817711170802,1.707499689688721,0.3380961637724818,0.3252275191030913,1.041095461037043,0.5625759024789769,1.086895217551534,0,-1,1,0.5147957267751945,Anomaly
1044,1.7603726195472926,2,-0.8812854271918545,1,-0.8875151110697495,0.0850492518807105,3,0.0,0.7429713921127081,1.1697805251007627,1,-1.3232201280322142,1.7855109940078144,1.7496101475022634,5,-0.6608531809232983,2,2.144986588121776,0.7660741075703894,0.523315742874663,0,0,-0.8772324258614291,-0.4262300150429028,-0.6589728319256667,0.0,-0.9320143892374164,3.049626816123572,-0.6201892226844657,-1.0778621289498782,0.3252275191030913,1.041095461037043,1.8042974890316736,1.086895217551534,0,-1,1,0.509903223714316,Anomaly
1054,2.198380024884889,2,-0.985407720872294,1,-1.010909342912418,-0.8916882501868245,1,0.0,0.7612492967914221,-0.6605306743650393,1,1.333931750621901,1.7855109940078144,-0.0577875452794142,6,0.2462002046576992,1,-0.3405886798552506,-1.6291650570435523,-1.0785044383346123,0,0,2.4026276827005915,2.346151056253851,-1.584178240646517,0.0,0.241988311858558,0.2211851850634235,-0.6201892226844657,-1.0778621289498782,0.8150681472604113,1.3171933011460917,-0.0582848907973714,1.086895217551534,0,-1,1,0.5374429801172935,Anomaly
1056,-0.3201625558062908,1,0.0657316248540461,1,0.7166099028849382,0.0850492518807105,3,0.0,0.7645725521875518,-0.6605306743650393,1,0.251388392651706,0.3796721288811475,1.7496101475022634,5,-1.5679065665042955,0,2.2318903566807267,-0.3350641224800849,1.7246808787816197,0,0,-0.3305890744344257,-0.4262300150429028,1.1914379855160335,0.0,1.4159910129545328,0.6068817711170802,0.1557070814399298,-1.0778621289498782,1.141628566031958,1.041095461037043,1.1834366957553253,1.3672489585237668,0,-1,1,0.5104353229269336,Anomaly
1057,-0.9771736638126856,1,1.7192928125886422,2,-1.010909342912418,0.0850492518807105,5,0.0,0.7662341798856167,-1.5756862740979405,1,1.2847252343505289,0.3796721288811475,-0.9614863916702532,8,0.2462002046576992,1,-0.7636336754564013,0.2015211694577212,0.1228606975723441,0,0,-0.0572673987209239,-0.4262300150429028,1.1914379855160335,0.0,0.241988311858558,-0.8073390444129942,0.1557070814399298,1.754054456494842,-0.6544537372115486,-0.6154915796172451,-0.3687152874355457,-0.5952272282818631,1,-1,1,0.5078732408347585,Anomaly
1058,-0.8676718124782865,1,-1.7043473677134229,2,0.4698214391996017,0.0850492518807105,5,0.0,0.7678958075836816,-1.5756862740979405,0,-0.7327419327757442,0.3796721288811475,-0.0577875452794142,7,-0.6608531809232983,2,-0.1567946461058807,0.4457813154472201,0.9237707881769818,0,0,-1.1505541015749308,-0.4262300150429028,-1.584178240646517,0.0,-0.9320143892374164,-0.5502079870438897,0.9316033855643254,-2.4938204216722384,-0.3278933184400019,-0.339393739508197,-0.6791456840737199,-1.1559347102263289,1,-1,1,0.5364170175722862,Anomaly
1059,-0.3201625558062908,2,-0.0309533621349332,2,1.827157989468953,1.0617867539482455,3,0.0,0.7712190629798115,-1.5756862740979405,0,-1.2740136117608418,-1.0261667362455194,-0.0577875452794142,7,-0.6608531809232983,2,-0.4045447540269966,-0.9132495313413038,-1.0785044383346123,0,1,2.1293060069870897,2.346151056253851,0.2662325767951835,0.0,-0.9320143892374164,0.6068817711170802,-0.6201892226844657,1.754054456494842,1.304908775417731,1.3171933011460917,2.4251582823080224,1.6476026994959998,1,-1,1,0.5829632722737506,Anomaly
1061,-1.4151810691502822,1,-1.0449061744039736,1,-0.0237554881710714,0.0850492518807105,3,0.0,0.7795272014701359,-0.6605306743650393,1,1.137105685536411,0.3796721288811475,-0.9614863916702532,2,-1.5679065665042955,2,-0.7077517900505235,0.3773378798333617,-0.2775943477299747,0,1,-1.1505541015749308,-0.4262300150429028,0.2662325767951835,0.0,-0.9320143892374164,-0.9359045730975464,-0.6201892226844657,-1.0778621289498782,-1.1442943653688686,-1.1676872598353414,-0.6791456840737199,-1.1559347102263289,1,-1,1,0.5079608281947797,Anomaly
1065,-0.7581699611438873,2,-1.1713403881587927,0,-1.010909342912418,0.0850492518807105,1,0.0,0.7878353399604604,0.2546249253678617,1,-0.9787745141326066,0.3796721288811475,-0.9614863916702532,1,0.2462002046576992,0,-0.9431781361711036,0.1566886110166106,-1.0785044383346123,0,0,1.5826626555600865,2.346151056253851,-1.584178240646517,0.0,0.241988311858558,-0.678773515728442,0.1557070814399298,1.754054456494842,-0.3278933184400019,-0.339393739508197,-0.3687152874355457,-0.3148734873096303,0,-1,1,0.5029593436012487,Anomaly
1069,-0.9771736638126856,1,-1.2729835796087454,1,-0.8875151110697495,-0.8916882501868245,3,0.0,0.7961434784507849,0.2546249253678617,1,-1.3724266443035866,-1.0261667362455194,-0.9614863916702532,2,-1.5679065665042955,2,-0.8375762462596159,-1.258980232799398,1.7246808787816197,0,0,-1.1505541015749308,-0.4262300150429028,0.2662325767951835,0.0,-0.9320143892374164,-0.4216424583593375,-0.6201892226844657,-1.0778621289498782,-1.1442943653688686,-1.1676872598353414,-0.6791456840737199,-1.1559347102263289,1,-1,1,0.5127438983185472,Anomaly
1072,1.3223652142096962,2,-1.3176074197575052,1,-0.7641208792270812,-0.8916882501868245,3,0.0,0.8044516169411093,0.2546249253678617,0,-1.1263940629467242,-1.0261667362455194,-0.0577875452794142,2,-1.5679065665042955,1,-0.3641738101976552,1.2307024405055351,0.523315742874663,0,0,2.675949358414093,2.346151056253851,-1.584178240646517,0.0,0.241988311858558,-0.1645114009902331,0.1557070814399298,0.3380961637724818,-0.6544537372115486,-0.6154915796172451,-0.3687152874355457,-0.5952272282818631,0,-1,1,0.5022599815871783,Anomaly
1075,-0.42966440714069,2,-0.7102273732882756,1,-0.1471497200137397,2.038524256015781,1,0.0,0.8144213831294987,1.1697805251007627,1,0.1529753601089609,0.3796721288811475,-0.0577875452794142,0,0.2462002046576992,2,-0.0244204460759878,1.087210145306871,-0.2775943477299747,0,1,0.4893759527060795,-0.4262300150429028,-1.584178240646517,0.0,-0.9320143892374164,0.3497507137479757,2.4833959938131165,0.3380961637724818,-1.1442943653688686,-1.1676872598353414,-0.6791456840737199,-1.1559347102263289,0,-1,1,0.5044777216675391,Anomaly
1076,-0.5391662584750891,2,-0.7622885201284952,1,0.0996387436715968,0.0850492518807105,3,0.0,0.8160830108275636,0.2546249253678617,1,-0.0930572212479015,0.3796721288811475,0.8459113011114247,3,1.153253590238697,2,1.0073758867412836,0.949901651272498,-0.2775943477299747,0,0,2.675949358414093,2.346151056253851,-0.6589728319256667,0.0,-0.9320143892374164,-0.1645114009902331,1.707499689688721,1.754054456494842,-0.3278933184400019,-0.6154915796172451,-0.6791456840737199,-1.1559347102263289,0,-1,1,0.5015655205850015,Anomaly
1077,1.869874470881692,1,0.6136132177915959,1,0.2230329755142651,1.0617867539482455,3,0.0,0.8227295216198233,-0.6605306743650393,0,1.038692652993666,0.3796721288811475,1.7496101475022634,3,1.153253590238697,0,2.024723671240685,1.4254921771807052,0.1228606975723441,0,0,1.3093409798465847,2.346151056253851,-1.584178240646517,0.0,0.241988311858558,1.8925370579626024,-0.6201892226844657,0.3380961637724818,1.141628566031958,1.3171933011460917,-0.3687152874355457,2.2083101814404653,0,-1,1,0.5421446744238504,Anomaly
1078,-0.8676718124782865,2,-1.4341252245903775,1,-1.010909342912418,1.0617867539482455,5,0.0,0.826052777015953,-1.5756862740979405,1,1.6783773645215088,-1.0261667362455194,-0.9614863916702532,6,-1.5679065665042955,2,-0.8798594979545576,-0.9479631424226652,1.324225833479301,0,0,-0.6039107501479274,-0.4262300150429028,0.2662325767951835,0.0,-0.9320143892374164,-0.0359458723056809,-0.6201892226844657,-2.4938204216722384,0.3252275191030913,0.7649976209279952,-0.6791456840737199,0.8065414765793012,1,-1,1,0.5394217985202822,Anomaly
1079,0.7748559575377005,2,-1.652286220873203,1,2.320734916839626,0.0850492518807105,1,0.0,0.827714404714018,1.1697805251007627,1,-1.6676657419318217,0.3796721288811475,1.7496101475022634,5,-1.5679065665042955,1,2.0876173521537646,1.0907236686956727,0.1228606975723441,0,0,-0.6039107501479274,-0.4262300150429028,0.2662325767951835,0.0,0.241988311858558,1.6354060005934978,-1.3960855268088614,1.754054456494842,2.1213098223465976,0.4888997808189471,3.666879868860719,3.6100788863016295,0,-1,1,0.571305031801795,Anomaly
1081,0.9938596602064989,2,-1.4242088156684312,2,-0.7641208792270812,0.0850492518807105,1,0.0,0.8343609155062776,0.2546249253678617,0,-0.7327419327757442,0.3796721288811475,1.7496101475022634,3,-0.6608531809232983,1,2.1466864173356432,-0.4122210960981717,2.1251359240839385,0,0,-0.8772324258614291,-0.4262300150429028,1.1914379855160335,0.0,0.241988311858558,1.5068404719089457,-0.6201892226844657,1.754054456494842,0.9783483566461848,2.145486821473236,0.8730062991171511,-0.8755809692540959,0,-1,1,0.5154477328432048,Anomaly
1086,-0.6486681098094882,1,-0.5986677729163763,1,-0.7641208792270812,0.0850492518807105,1,0.0,0.8509771924869266,1.1697805251007627,0,-1.6184592256604493,0.3796721288811475,-0.9614863916702532,6,0.2462002046576992,2,-0.513971259669685,-1.4274888145263307,-0.6780493930322936,0,0,-0.8772324258614291,-0.4262300150429028,-1.584178240646517,0.0,-0.9320143892374164,-0.5502079870438897,-0.6201892226844657,-2.4938204216722384,-0.0013328996684553,-0.6154915796172451,1.4938670923934996,0.8065414765793012,1,-1,1,0.5050601987114124,Anomaly
1087,1.4318670655440953,1,-1.1639030814673328,1,1.5803695257836163,2.038524256015781,3,0.0,0.8543004478830564,0.2546249253678617,1,1.0878991692650386,-2.432005601372186,1.7496101475022634,5,1.153253590238697,2,1.680295776780884,1.424648931567393,-0.6780493930322936,0,1,-0.6039107501479274,-0.4262300150429028,1.1914379855160335,0.0,-0.9320143892374164,2.6639302300699157,-0.6201892226844657,0.3380961637724818,4.080672334975878,0.4888997808189471,3.3564494722225446,1.3672489585237668,0,-1,1,0.5816939011044587,Anomaly
1088,-0.3201625558062908,2,1.58046308768139,2,-0.270543951856408,-0.8916882501868245,5,0.0,0.8576237032791861,-0.6605306743650393,1,-0.5359158676902541,0.3796721288811475,-0.9614863916702532,8,0.2462002046576992,1,-0.89133334514816,-1.316742557311299,-1.0785044383346123,0,1,2.675949358414093,2.346151056253851,-0.6589728319256667,0.0,0.241988311858558,0.0926196563788712,0.9316033855643254,0.3380961637724818,0.651787937874638,1.5932911412551394,0.8730062991171511,0.8065414765793012,0,-1,1,0.5564453057347631,Anomaly
1094,0.5558522548689022,1,-1.275462681839232,1,-0.8875151110697495,0.0850492518807105,1,0.0,0.8675934694675755,1.1697805251007627,1,-1.2740136117608418,0.3796721288811475,0.8459113011114247,0,1.153253590238697,1,0.7693997967999031,0.6040304088788518,-0.2775943477299747,0,1,-0.3305890744344257,-0.4262300150429028,0.2662325767951835,0.0,0.241988311858558,1.6354060005934978,0.1557070814399298,-2.4938204216722384,2.1213098223465976,1.041095461037043,3.3564494722225446,1.3672489585237668,0,-1,1,0.5347176022056153,Anomaly
1097,0.3368485522001039,2,0.236789678757625,0,-0.3939381836990763,-0.8916882501868245,3,0.0,0.8725783525617702,0.2546249253678617,1,-1.3724266443035866,0.3796721288811475,1.7496101475022634,3,1.153253590238697,2,2.110777525192703,0.4311650581498048,-0.6780493930322936,0,1,1.5826626555600865,2.346151056253851,1.1914379855160335,0.0,-0.9320143892374164,1.2497094145398413,-0.6201892226844657,0.3380961637724818,2.284590031732371,0.7649976209279952,1.4938670923934996,0.8065414765793012,0,-1,1,0.5492001759083097,Anomaly
1100,0.8843578088720997,2,-0.6556871242175693,1,-1.010909342912418,1.0617867539482455,5,0.0,0.877563235655965,-1.5756862740979405,1,0.0053558112948434,0.3796721288811475,0.8459113011114247,0,-0.6608531809232983,0,0.1993195741992565,0.93036646123076,-0.6780493930322936,0,0,-0.8772324258614291,-0.4262300150429028,-1.584178240646517,0.0,2.5899937140505074,-0.1645114009902331,0.9316033855643254,0.3380961637724818,0.4885077284888646,1.041095461037043,1.4938670923934996,0.8065414765793012,0,-1,1,0.5009020225810032,Anomaly
1101,-0.2106607044718917,2,1.486257202922897,2,2.320734916839626,1.0617867539482455,1,0.0,0.8792248633540298,-0.6605306743650393,0,1.5799643319787635,-1.0261667362455194,-0.9614863916702532,8,0.2462002046576992,1,-0.8654109496366881,1.671157732525725,-1.0785044383346123,0,0,2.1293060069870897,2.346151056253851,-1.584178240646517,0.0,1.4159910129545328,-0.678773515728442,1.707499689688721,0.3380961637724818,-0.3278933184400019,-0.339393739508197,0.5625759024789769,-0.5952272282818631,0,-1,1,0.5631158979350543,Anomaly
1111,-0.2106607044718917,2,-1.7316174922487757,1,-0.8875151110697495,0.0850492518807105,1,0.0,0.9041492788250032,-1.5756862740979405,0,0.1529753601089609,0.3796721288811475,-0.9614863916702532,2,-1.5679065665042955,0,-0.94105334965377,1.7294822207798344,-0.6780493930322936,0,1,-0.8772324258614291,-0.4262300150429028,1.1914379855160335,0.0,0.241988311858558,-1.3216011591512031,-0.6201892226844657,0.3380961637724818,-0.9810141559830952,-1.1676872598353414,-0.6791456840737199,-1.1559347102263289,1,-1,1,0.5064164213100462,Anomaly
1112,1.7603726195472926,2,-0.4846290703139904,1,-0.8875151110697495,2.038524256015781,5,0.0,0.909134161919198,0.2546249253678617,0,0.5958340065513135,-1.0261667362455194,0.8459113011114247,4,1.153253590238697,1,0.778961336127905,0.0428504532194333,-1.0785044383346123,0,0,0.2160542769925777,-0.4262300150429028,-0.6589728319256667,0.0,0.241988311858558,2.92106128743902,0.9316033855643254,0.3380961637724818,4.243952544361651,0.7649976209279952,-0.3687152874355457,1.3672489585237668,1,-1,1,0.5348082349052318,Anomaly
1117,1.979376322216091,2,-0.2912590963360316,2,2.073946453154289,2.038524256015781,2,0.0,0.9191039281075876,0.2546249253678617,1,-0.2898832863333916,-1.0261667362455194,2.6533089938931025,3,1.153253590238697,1,2.7798727995011023,1.226064589632317,-0.6780493930322936,0,0,1.5826626555600865,2.346151056253851,0.2662325767951835,0.0,0.241988311858558,3.1781923448081244,0.1557070814399298,0.3380961637724818,4.733793172518971,0.4888997808189471,-0.0582848907973714,2.488663922412698,0,-1,1,0.5726676318048577,Anomaly
1119,-1.196177366481484,2,-0.8143496669687149,1,-0.7641208792270812,0.0850492518807105,1,0.0,0.924088811201782,-1.5756862740979405,0,1.137105685536411,0.3796721288811475,-0.9614863916702532,6,1.153253590238697,1,-0.9438155721263036,-0.4469347071795331,-0.6780493930322936,0,0,1.5826626555600865,2.346151056253851,-1.584178240646517,0.0,-0.9320143892374164,-1.3216011591512031,1.707499689688721,0.3380961637724818,-0.9810141559830952,-1.1676872598353414,-0.6791456840737199,-1.1559347102263289,0,-1,1,0.5037223648553574,Anomaly
1130,0.5558522548689022,2,0.6359251378659758,1,-0.0237554881710714,-0.8916882501868245,4,0.0,0.9473515989746908,1.1697805251007627,1,1.333931750621901,-1.0261667362455194,2.6533089938931025,3,1.153253590238697,2,2.785609723097904,1.6933632003429522,2.1251359240839385,0,0,1.855984331273588,2.346151056253851,1.1914379855160335,0.0,-0.9320143892374164,1.6354060005934978,-0.6201892226844657,0.3380961637724818,-0.9810141559830952,-1.1676872598353414,-0.6791456840737199,-0.8755809692540959,0,-1,1,0.5526982951126866,Anomaly
1136,0.9938596602064989,2,-0.593709568455403,2,-1.010909342912418,1.0617867539482455,1,0.0,0.958982992861145,1.1697805251007627,1,-0.4867093514188816,1.7855109940078144,1.7496101475022634,3,-1.5679065665042955,2,2.350878401651417,-1.5680297500784015,-0.6780493930322936,0,0,-0.0572673987209239,-0.4262300150429028,-0.6589728319256667,0.0,-0.9320143892374164,2.0211025866471544,1.707499689688721,-2.4938204216722384,3.1009910786612376,-1.1676872598353414,-0.6791456840737199,2.2083101814404653,0,-1,1,0.5550902462190024,Anomaly
1137,-0.9771736638126856,2,-1.1738194903892794,1,1.827157989468953,0.0850492518807105,3,0.0,0.9623062482572748,0.2546249253678617,1,-0.7327419327757442,0.3796721288811475,-0.9614863916702532,2,-0.6608531809232983,1,-0.8700854799748223,-0.9822551306973706,-0.6780493930322936,0,1,0.4893759527060795,-0.4262300150429028,0.2662325767951835,0.0,2.5899937140505074,-1.3216011591512031,0.1557070814399298,0.3380961637724818,-0.9810141559830952,-0.8915894197262932,-0.6791456840737199,-1.1559347102263289,1,-1,1,0.5030850335458896,Anomaly
1138,-1.6341847718190805,0,-0.856494404886988,1,2.073946453154289,-0.8916882501868245,4,0.0,0.9639678759553396,-0.6605306743650393,0,0.9402796204509212,-1.0261667362455194,-0.9614863916702532,6,0.2462002046576992,1,-0.783819147371072,-0.5649890930432726,-0.6780493930322936,0,1,-0.3305890744344257,-0.4262300150429028,-0.6589728319256667,0.0,-0.9320143892374164,-0.9359045730975464,-0.6201892226844657,-1.0778621289498782,-0.4911735278257753,-0.6154915796172451,-0.3687152874355457,-0.3148734873096303,0,-1,1,0.5050010130960462,Anomaly
1139,1.4318670655440953,1,1.0697680282011397,1,1.3335810620982798,2.038524256015781,3,0.0,0.9656295036534046,-0.6605306743650393,1,-1.2248070954894692,0.3796721288811475,1.7496101475022634,0,0.2462002046576992,1,1.007588365393017,0.8960744729560548,-0.2775943477299747,0,1,-0.0572673987209239,-0.4262300150429028,0.2662325767951835,0.0,0.241988311858558,2.6639302300699157,0.1557070814399298,0.3380961637724818,3.754111916204331,1.041095461037043,3.0460190755843706,2.488663922412698,0,-1,1,0.5632175706874768,Anomaly
1141,0.7748559575377005,2,1.2656171044095852,1,-0.270543951856408,0.0850492518807105,3,0.0,0.9689527590495344,-0.6605306743650393,0,-1.7168722582031943,0.3796721288811475,2.6533089938931025,5,1.153253590238697,0,2.66577176352028,-1.5127971624064376,-1.0785044383346123,0,1,-0.3305890744344257,-0.4262300150429028,1.1914379855160335,0.0,0.241988311858558,1.5068404719089457,0.9316033855643254,-1.0778621289498782,2.447870241118145,0.7649976209279952,-0.3687152874355457,1.6476026994959998,0,-1,1,0.5242064613892394,Anomaly
1151,-0.2106607044718917,2,0.0409406025491796,1,1.0867925984129432,2.038524256015781,1,0.0,0.990553919124378,-0.6605306743650393,1,-0.8803614815898617,1.7855109940078144,-0.0577875452794142,6,-1.5679065665042955,1,-0.2751452551213709,1.6863361535653485,-0.6780493930322936,0,0,-1.1505541015749308,-0.4262300150429028,1.1914379855160335,0.0,-0.9320143892374164,0.6068817711170802,-0.6201892226844657,0.3380961637724818,1.4681889848035046,2.97378034180038,-0.3687152874355457,1.6476026994959998,0,-1,1,0.5061734721443815,Anomaly
1152,-0.9771736638126856,2,-0.55156483053713,1,2.197340684996958,0.0850492518807105,3,0.0,0.992215546822443,-0.6605306743650393,0,-1.3232201280322142,-2.432005601372186,-0.0577875452794142,4,-1.5679065665042955,0,-0.3454756888451182,0.8638905987146306,-1.0785044383346123,0,0,1.5826626555600865,2.346151056253851,-0.6589728319256667,0.0,0.241988311858558,-0.678773515728442,1.707499689688721,-1.0778621289498782,-0.3278933184400019,-0.339393739508197,-0.6791456840737199,-1.1559347102263289,0,-1,1,0.5329274075328289,Anomaly
1154,-2.072192177156677,1,-0.6408125108346494,2,-0.7641208792270812,-0.8916882501868245,3,0.0,0.9955388022185728,-0.6605306743650393,0,0.2021818763803334,0.3796721288811475,-0.9614863916702532,8,1.153253590238697,2,-1.0483550687791243,0.5771870901884063,-0.6780493930322936,0,1,-0.8772324258614291,-0.4262300150429028,0.2662325767951835,0.0,-0.9320143892374164,-1.4501666878357553,-0.6201892226844657,1.754054456494842,-1.1442943653688686,-1.1676872598353414,-0.6791456840737199,-1.1559347102263289,1,-1,1,0.5247133576931862,Anomaly
1155,1.103361511540898,2,0.925980098832914,0,2.073946453154289,1.0617867539482455,1,0.0,0.9972004299166376,1.1697805251007627,0,1.5799643319787635,0.3796721288811475,2.6533089938931025,3,0.2462002046576992,1,2.7951712624259053,-1.2779532590989275,0.1228606975723441,0,0,-1.1505541015749308,-0.4262300150429028,0.2662325767951835,0.0,0.241988311858558,2.0211025866471544,-0.6201892226844657,0.3380961637724818,-0.3278933184400019,-0.6154915796172451,-0.3687152874355457,-1.1559347102263289,0,-1,1,0.5318012774873573,Anomaly
1157,0.3368485522001039,2,0.2020822475308119,1,0.7166099028849382,0.0850492518807105,1,0.0,1.0021853130108322,-1.5756862740979405,0,0.6942470390940585,-1.0261667362455194,0.8459113011114247,4,0.2462002046576992,1,0.8354806574889828,1.6143791945626884,-0.6780493930322936,0,0,-0.6039107501479274,-0.4262300150429028,1.1914379855160335,0.0,1.4159910129545328,0.8640128284861845,-0.6201892226844657,0.3380961637724818,1.794749403575051,2.97378034180038,3.666879868860719,2.2083101814404653,0,-1,1,0.5214779194079577,Anomaly
1163,-0.2106607044718917,2,-0.1623457803507257,2,0.0996387436715968,0.0850492518807105,3,0.0,1.0204632176895465,1.1697805251007627,1,-0.5359158676902541,-1.0261667362455194,0.8459113011114247,7,-1.5679065665042955,1,0.8080709114153775,1.0142693997553462,2.5255909693862573,0,0,0.4893759527060795,-0.4262300150429028,0.2662325767951835,0.0,-0.9320143892374164,0.4783162424325279,0.1557070814399298,0.3380961637724818,0.9783483566461848,2.145486821473236,1.1834366957553253,-1.1559347102263289,1,-1,1,0.5255855681059113,Anomaly
1166,0.7748559575377005,1,-0.4970245814664236,0,-1.010909342912418,2.038524256015781,0,0.0,1.0254481007837408,-1.5756862740979405,1,-1.4216331605749593,0.3796721288811475,-0.0577875452794142,1,1.153253590238697,1,-0.161469176444015,-0.5354754965773377,0.523315742874663,0,1,-1.1505541015749308,-0.4262300150429028,0.2662325767951835,0.0,-0.9320143892374164,0.3497507137479757,0.1557070814399298,0.3380961637724818,0.4885077284888646,0.7649976209279952,-0.6791456840737199,-0.5952272282818631,0,-1,1,0.519361560709963,Anomaly
1167,1.2128633628752972,1,-1.0845718100917598,1,-0.6407266473844129,2.038524256015781,3,0.0,1.0287713561798708,0.2546249253678617,1,1.137105685536411,-1.0261667362455194,1.7496101475022634,3,1.153253590238697,1,1.848366390301984,-1.2242666217180365,-0.2775943477299747,0,0,2.675949358414093,2.346151056253851,-0.6589728319256667,0.0,0.241988311858558,1.5068404719089457,0.1557070814399298,0.3380961637724818,-0.8177339465973219,-0.6154915796172451,-0.0582848907973714,-0.5952272282818631,0,-1,1,0.5338181187121339,Anomaly
1168,-0.2106607044718917,2,-0.0978891223580728,2,0.7166099028849382,-0.8916882501868245,3,0.0,1.0304329838779356,-1.5756862740979405,1,-0.3390898026047641,-2.432005601372186,-0.0577875452794142,7,1.153253590238697,0,-0.2258502079192278,1.0940966511489223,1.324225833479301,0,1,-0.3305890744344257,-0.4262300150429028,1.1914379855160335,0.0,1.4159910129545328,-0.5502079870438897,-0.6201892226844657,-1.0778621289498782,-0.8177339465973219,-0.6154915796172451,-0.0582848907973714,-0.5952272282818631,1,-1,1,0.5287964468388547,Anomaly
1172,0.3368485522001039,2,1.3052827400973714,1,-0.270543951856408,0.0850492518807105,1,0.0,1.0370794946701951,-1.5756862740979405,1,0.349801425194451,0.3796721288811475,-0.9614863916702532,2,-1.5679065665042955,2,-0.9215053136942992,-1.5423107588723726,0.1228606975723441,0,1,-0.3305890744344257,-0.4262300150429028,-0.6589728319256667,0.0,-0.9320143892374164,-0.1645114009902331,0.1557070814399298,-2.4938204216722384,-0.4911735278257753,-0.6154915796172451,-0.6791456840737199,-0.3148734873096303,1,-1,1,0.5038300186431591,Anomaly
1178,1.4318670655440953,2,0.0260659891662596,1,0.9633983665702748,2.038524256015781,1,0.0,1.0487108885566494,1.1697805251007627,0,-0.7819484490471167,-1.0261667362455194,0.8459113011114247,5,-1.5679065665042955,0,1.437645156501369,1.0776533616893302,0.9237707881769818,0,0,-0.0572673987209239,-0.4262300150429028,0.2662325767951835,0.0,2.5899937140505074,0.9925783571707368,0.1557070814399298,0.3380961637724818,1.141628566031958,1.8693889813641875,-0.3687152874355457,1.9279564404682328,0,-1,1,0.5206620162367942,Anomaly
1182,1.3223652142096962,2,-0.8366615870430948,1,-0.3939381836990763,-1.86842575225436,1,0.0,1.057019027046974,0.2546249253678617,0,-1.2248070954894692,-1.0261667362455194,1.7496101475022634,0,0.2462002046576992,1,1.5857427767595318,-0.3739939616280084,-0.2775943477299747,0,1,1.036019304133083,-0.4262300150429028,-0.6589728319256667,0.0,0.241988311858558,2.406799172700811,0.1557070814399298,0.3380961637724818,1.304908775417731,1.8693889813641875,-0.0582848907973714,2.2083101814404653,0,-1,1,0.515428598243135,Anomaly
1184,-0.1011588531374925,2,0.5888221954867294,1,-0.7641208792270812,-0.8916882501868245,1,0.0,1.062003910141169,1.1697805251007627,1,0.645040522822686,1.7855109940078144,-0.0577875452794142,0,-1.5679065665042955,0,0.0720448618109646,1.6857739898231403,1.324225833479301,0,0,1.3093409798465847,2.346151056253851,-1.584178240646517,0.0,0.241988311858558,0.2211851850634235,0.1557070814399298,0.3380961637724818,-0.3278933184400019,-0.063295899399149,-0.6791456840737199,-0.0345197463373974,0,-1,1,0.5024599274859419,Anomaly
1185,1.869874470881692,2,-0.5416484216151833,1,1.5803695257836163,2.038524256015781,3,0.0,1.0636655378392337,-0.6605306743650393,0,1.235518718079156,0.3796721288811475,1.7496101475022634,3,0.2462002046576992,1,2.320918911757011,0.6144304381097051,0.1228606975723441,0,0,2.675949358414093,2.346151056253851,0.2662325767951835,0.0,0.241988311858558,3.1781923448081244,2.4833959938131165,0.3380961637724818,0.4885077284888646,1.041095461037043,0.5625759024789769,0.8065414765793012,0,-1,1,0.5540905235636722,Anomaly
1186,0.6653541062033014,2,1.2110768553388789,1,0.7166099028849382,-0.8916882501868245,1,0.0,1.0653271655372984,0.2546249253678617,1,-0.043850704976529,-1.0261667362455194,1.7496101475022634,5,0.2462002046576992,1,2.3585276331138187,-1.5161701448596874,-0.6780493930322936,0,0,2.4026276827005915,2.346151056253851,-1.584178240646517,0.0,0.241988311858558,0.3497507137479757,0.1557070814399298,0.3380961637724818,1.141628566031958,1.5932911412551394,1.1834366957553253,1.9279564404682328,0,-1,1,0.5416882162695527,Anomaly
1187,-0.2106607044718917,1,0.1921658386088653,2,0.3464272073569334,1.0617867539482455,4,0.0,1.0669887932353634,1.1697805251007627,1,-1.4708396768463317,0.3796721288811475,-0.0577875452794142,7,1.153253590238697,2,-0.4083693697581974,-0.547983639841472,0.1228606975723441,0,1,2.4026276827005915,2.346151056253851,-1.584178240646517,0.0,-0.9320143892374164,0.2211851850634235,-0.6201892226844657,1.754054456494842,0.651787937874638,1.3171933011460917,1.1834366957553253,0.8065414765793012,1,-1,1,0.5645411953232984,Anomaly
1195,1.103361511540898,2,1.04745610812676,2,-0.8875151110697495,1.0617867539482455,1,0.0,1.0819434425179475,-0.6605306743650393,0,-0.929567997861234,1.7855109940078144,1.7496101475022634,3,-0.6608531809232983,0,2.011974952136683,0.9518692243702268,1.324225833479301,0,0,-0.3305890744344257,-0.4262300150429028,0.2662325767951835,0.0,2.5899937140505074,2.2782336440162587,-0.6201892226844657,0.3380961637724818,-0.6544537372115486,-0.6154915796172451,-0.3687152874355457,-0.5952272282818631,0,-1,1,0.5165958428217975,Anomaly
1199,-0.42966440714069,0,-0.6755199420614625,2,0.8400041347276065,0.0850492518807105,1,0.0,1.090251581008272,0.2546249253678617,0,-1.4708396768463317,0.3796721288811475,-0.0577875452794142,7,1.153253590238697,0,-0.2411486708440308,0.2553483477741643,-0.6780493930322936,0,1,2.675949358414093,2.346151056253851,0.2662325767951835,0.0,0.241988311858558,-0.5502079870438897,-0.6201892226844657,0.3380961637724818,-0.1646131090542286,0.212801940709899,-0.3687152874355457,-0.5952272282818631,0,-1,1,0.5276879767946717,Anomaly
1201,0.7748559575377005,2,-0.6804781465224358,0,-1.010909342912418,0.0850492518807105,1,0.0,1.0935748364044018,0.2546249253678617,0,-1.0771875466753518,0.3796721288811475,-0.9614863916702532,1,1.153253590238697,0,-0.7028647810606559,-1.4259428642352578,0.523315742874663,0,1,0.7626976284195812,-0.4262300150429028,-1.584178240646517,0.0,2.5899937140505074,-0.4216424583593375,-0.6201892226844657,0.3380961637724818,-0.8177339465973219,-0.6154915796172451,-0.0582848907973714,-0.5952272282818631,0,-1,1,0.5171122468385831,Anomaly
1202,-1.5246829204846812,2,1.2829708200229917,1,-0.1471497200137397,-1.86842575225436,3,0.0,1.0952364641024666,1.1697805251007627,1,1.333931750621901,-1.0261667362455194,-0.9614863916702532,2,0.2462002046576992,2,-0.5341567315843557,0.8815987565941915,-0.6780493930322936,0,1,-1.1505541015749308,-0.4262300150429028,-1.584178240646517,0.0,-0.9320143892374164,-0.8073390444129942,-0.6201892226844657,0.3380961637724818,-0.3278933184400019,-0.063295899399149,-0.3687152874355457,-0.5952272282818631,1,-1,1,0.5043037592318145,Anomaly
1205,1.2128633628752972,1,-0.2342397450348386,2,-0.270543951856408,-0.8916882501868245,3,0.0,1.106867857988921,1.1697805251007627,0,1.432344783164646,0.3796721288811475,-0.9614863916702532,8,0.2462002046576992,1,-0.8176032529966786,-0.3616263592994262,-0.2775943477299747,0,1,-1.1505541015749308,-0.4262300150429028,0.2662325767951835,0.0,1.4159910129545328,0.9925783571707368,0.1557070814399298,0.3380961637724818,0.3252275191030913,0.7649976209279952,1.4938670923934996,0.8065414765793012,1,-1,1,0.5327740495711999,Anomaly
1208,1.979376322216091,2,1.5829421899118763,1,1.5803695257836163,0.0850492518807105,5,0.0,1.1118527410831156,-1.5756862740979405,1,1.3831382668932737,-1.0261667362455194,-0.9614863916702532,6,-0.6608531809232983,0,-0.6301970821678414,1.3244432445187664,0.9237707881769818,0,0,-0.8772324258614291,-0.4262300150429028,1.1914379855160335,0.0,0.241988311858558,-0.4216424583593375,-1.3960855268088614,0.3380961637724818,-0.4911735278257753,-0.6154915796172451,-0.3687152874355457,-0.5952272282818631,0,-1,1,0.5052334546050833,Anomaly
1210,2.526885578888087,2,-1.0721762989393266,1,-1.010909342912418,1.0617867539482455,3,0.0,1.1168376241773104,0.2546249253678617,1,1.2847252343505289,-2.432005601372186,0.8459113011114247,0,1.153253590238697,0,0.9306710934655352,0.8648743852634951,0.1228606975723441,0,0,1.3093409798465847,2.346151056253851,0.2662325767951835,0.0,0.241988311858558,0.9925783571707368,-0.6201892226844657,1.754054456494842,-0.9810141559830952,-1.1676872598353414,-0.6791456840737199,-1.1559347102263289,0,-1,1,0.534429812564885,Anomaly
1211,-0.42966440714069,2,-1.3275238286794515,1,1.456975293940948,0.0850492518807105,3,0.0,1.1184992518753754,-0.6605306743650393,1,0.645040522822686,1.7855109940078144,-0.9614863916702532,2,-0.6608531809232983,1,-0.9508273676335052,-0.095020204557148,-0.6780493930322936,0,0,0.7626976284195812,-0.4262300150429028,1.1914379855160335,0.0,2.5899937140505074,0.3497507137479757,2.4833959938131165,0.3380961637724818,1.141628566031958,1.8693889813641875,-0.0582848907973714,2.488663922412698,0,-1,1,0.5177725300621625,Anomaly
1214,-1.5246829204846812,2,-0.9308674718015876,2,-0.270543951856408,0.0850492518807105,1,0.0,1.1251457626676349,0.2546249253678617,1,1.629170848250136,0.3796721288811475,-0.9614863916702532,8,1.153253590238697,0,-0.8983451406553613,1.516422162482895,-0.6780493930322936,0,1,1.5826626555600865,2.346151056253851,-0.6589728319256667,0.0,0.241988311858558,-1.0644701017820986,-0.6201892226844657,0.3380961637724818,-0.6544537372115486,-0.6154915796172451,-0.6791456840737199,-0.5952272282818631,1,-1,1,0.5306750569093864,Anomaly
1222,0.8843578088720997,0,1.0796844371230865,1,-1.010909342912418,-1.86842575225436,1,0.0,1.141762039648284,0.2546249253678617,1,0.3990079414658235,-1.0261667362455194,0.8459113011114247,0,0.2462002046576992,1,0.9019864754815294,-1.5344404664814566,0.1228606975723441,0,0,2.1293060069870897,2.346151056253851,1.1914379855160335,0.0,0.241988311858558,1.76397152927805,0.1557070814399298,-1.0778621289498782,2.6111504505039176,2.97378034180038,3.666879868860719,-0.0345197463373974,0,-1,1,0.5825030445066808,Anomaly
1223,-1.4151810691502822,2,-1.3944595889025913,0,1.5803695257836163,-1.86842575225436,0,0.0,1.1450852950444137,1.1697805251007627,1,-0.3882963188761366,-2.432005601372186,-0.9614863916702532,1,0.2462002046576992,1,-1.0513297699033917,-0.3834102043099971,-0.6780493930322936,0,0,-1.1505541015749308,-0.4262300150429028,0.2662325767951835,0.0,0.241988311858558,-1.3216011591512031,-0.6201892226844657,0.3380961637724818,-0.9810141559830952,-1.1676872598353414,-0.6791456840737199,-1.1559347102263289,1,-1,1,0.5274994357922592,Anomaly
1224,1.103361511540898,1,0.7202146137025219,2,-0.0237554881710714,0.0850492518807105,1,0.0,1.1484085504405437,0.2546249253678617,1,0.7926600716368035,-2.432005601372186,1.7496101475022634,7,0.2462002046576992,1,1.366889765474155,1.3844542239995006,1.7246808787816197,0,0,-1.1505541015749308,-0.4262300150429028,0.2662325767951835,0.0,-0.9320143892374164,1.76397152927805,0.1557070814399298,-2.4938204216722384,2.6111504505039176,0.212801940709899,3.666879868860719,1.6476026994959998,1,-1,1,0.5805440491524934,Anomaly
1226,0.8843578088720997,2,0.5020536174196967,1,2.320734916839626,-0.8916882501868245,5,0.0,1.1533934335347382,1.1697805251007627,0,-0.8803614815898617,-1.0261667362455194,1.7496101475022634,5,-0.6608531809232983,2,2.167509325205514,0.3943433330351623,-0.6780493930322936,0,0,-1.1505541015749308,-0.4262300150429028,0.2662325767951835,0.0,-0.9320143892374164,1.2497094145398413,-0.6201892226844657,0.3380961637724818,2.284590031732371,0.4888997808189471,1.8042974890316736,0.5261877356070683,0,-1,1,0.5223499768914183,Anomaly
1229,0.4463504035345031,0,-0.6209796929907562,0,-0.6407266473844129,0.0850492518807105,0,0.0,1.1583783166289328,0.2546249253678617,1,-0.2898832863333916,-2.432005601372186,-0.0577875452794142,1,-0.6608531809232983,1,-0.015496342703186,0.9108312711890224,1.324225833479301,0,0,1.036019304133083,-0.4262300150429028,-0.6589728319256667,0.0,0.241988311858558,-0.1645114009902331,0.9316033855643254,0.3380961637724818,-0.6544537372115486,-0.6154915796172451,-0.3687152874355457,-0.5952272282818631,0,-1,1,0.5162037606100833,Anomaly
1231,-1.4151810691502822,2,-0.7350183955931421,1,2.4441291486822943,-1.86842575225436,3,0.0,1.1633631997231275,-0.6605306743650393,1,1.235518718079156,0.3796721288811475,-0.9614863916702532,2,-1.5679065665042955,0,-0.5515799810264925,-1.5025376741111365,-0.6780493930322936,0,0,-0.6039107501479274,-0.4262300150429028,-0.6589728319256667,0.0,2.5899937140505074,-0.678773515728442,-0.6201892226844657,1.754054456494842,-0.1646131090542286,-0.6154915796172451,-0.3687152874355457,-0.5952272282818631,0,-1,1,0.5094223698979784,Anomaly
1235,1.103361511540898,0,-0.643291613065136,2,-0.8875151110697495,1.0617867539482455,2,0.0,1.1733329659115168,0.2546249253678617,1,1.038692652993666,0.3796721288811475,-0.0577875452794142,7,-0.6608531809232983,1,-0.3240153450200473,-1.5146241945686143,1.7246808787816197,0,0,-1.1505541015749308,-0.4262300150429028,1.1914379855160335,0.0,0.241988311858558,-0.9359045730975464,0.1557070814399298,-2.4938204216722384,-0.9810141559830952,-1.1676872598353414,-0.6791456840737199,-1.1559347102263289,0,-1,1,0.5026181663646336,Anomaly
1237,-0.1011588531374925,2,1.620128723369176,2,0.4698214391996017,2.038524256015781,2,0.0,1.1766562213076468,-0.6605306743650393,1,1.4815512994360187,-1.0261667362455194,-0.0577875452794142,7,-1.5679065665042955,0,-0.0783900236162652,-0.7947735226709083,0.9237707881769818,0,1,-0.6039107501479274,-0.4262300150429028,-0.6589728319256667,0.0,2.5899937140505074,0.6068817711170802,0.1557070814399298,0.3380961637724818,-0.8177339465973219,-0.6154915796172451,-0.0582848907973714,-0.5952272282818631,1,-1,1,0.536233496761823,Anomaly
1238,-0.5391662584750891,2,0.4004104259697439,2,-1.010909342912418,-0.8916882501868245,1,0.0,1.1783178490057116,-1.5756862740979405,1,-1.569252709389077,-2.432005601372186,-0.0577875452794142,7,-0.6608531809232983,2,0.0493096460754934,-0.3044261985297334,1.324225833479301,0,0,-0.0572673987209239,-0.4262300150429028,-0.6589728319256667,0.0,-0.9320143892374164,-0.1645114009902331,-0.6201892226844657,0.3380961637724818,-1.1442943653688686,-1.1676872598353414,-0.6791456840737199,-1.1559347102263289,1,-1,1,0.5225685440538648,Anomaly
1240,-0.6486681098094882,1,-1.5853504606500637,1,1.827157989468953,-1.86842575225436,5,0.0,1.1816411044018411,1.1697805251007627,0,-1.7660787744745667,0.3796721288811475,-0.0577875452794142,4,1.153253590238697,2,-0.2687708955693696,-1.074168902548425,-0.2775943477299747,0,0,1.3093409798465847,2.346151056253851,1.1914379855160335,0.0,-0.9320143892374164,-0.2930769296747854,0.1557070814399298,-1.0778621289498782,-0.3278933184400019,-0.063295899399149,-0.3687152874355457,-0.0345197463373974,0,-1,1,0.5276342179623434,Anomaly
1243,0.3368485522001039,2,-0.4747126613920437,2,-0.270543951856408,1.0617867539482455,3,0.0,1.188287615194101,-0.6605306743650393,1,1.0878991692650386,0.3796721288811475,2.6533089938931025,3,-0.6608531809232983,2,2.832355026479246,-1.400364413964781,-0.6780493930322936,0,0,-0.3305890744344257,-0.4262300150429028,-0.6589728319256667,0.0,-0.9320143892374164,1.2497094145398413,0.1557070814399298,-1.0778621289498782,2.284590031732371,1.041095461037043,3.0460190755843706,1.086895217551534,0,-1,1,0.5216922635937341,Anomaly
1244,0.8843578088720997,2,-1.553122131653737,0,-0.6407266473844129,0.0850492518807105,1,0.0,1.1949341259863606,0.2546249253678617,0,-0.4867093514188816,-2.432005601372186,0.8459113011114247,1,0.2462002046576992,1,0.6912076529620209,-1.08470947271483,0.523315742874663,0,0,1.5826626555600865,2.346151056253851,0.2662325767951835,0.0,1.4159910129545328,-0.2930769296747854,-0.6201892226844657,1.754054456494842,-0.3278933184400019,-1.1676872598353414,-0.6791456840737199,-0.3148734873096303,0,-1,1,0.5218769310434422,Anomaly
1247,-0.7581699611438873,1,-0.501982785927397,0,-0.1471497200137397,0.0850492518807105,0,0.0,1.1999190090805554,0.2546249253678617,0,0.0053558112948434,-1.0261667362455194,-0.9614863916702532,1,1.153253590238697,0,-0.918530612570032,-0.6438325578879842,1.324225833479301,0,0,-1.1505541015749308,-0.4262300150429028,0.2662325767951835,0.0,0.241988311858558,-0.678773515728442,-2.171981830933257,-1.0778621289498782,-0.4911735278257753,-0.6154915796172451,-0.3687152874355457,-0.5952272282818631,1,-1,1,0.5291737052300864,Anomaly
1251,-0.8676718124782865,1,-0.8465779959650415,1,-1.010909342912418,0.0850492518807105,1,0.0,1.209888775268945,1.1697805251007627,1,0.2021818763803334,1.7855109940078144,-0.0577875452794142,0,0.2462002046576992,2,-0.0443934393389251,1.2292970311500144,2.1251359240839385,0,1,-0.8772324258614291,-0.4262300150429028,1.1914379855160335,0.0,-0.9320143892374164,-0.1645114009902331,1.707499689688721,1.754054456494842,-0.6544537372115486,-0.6154915796172451,-0.6791456840737199,-0.5952272282818631,0,-1,1,0.5131768412556434,Anomaly
1256,-0.42966440714069,2,-1.466353553586704,2,0.8400041347276065,0.0850492518807105,1,0.0,1.2181969137592692,-1.5756862740979405,0,0.3990079414658235,0.3796721288811475,0.8459113011114247,7,-1.5679065665042955,2,0.4379331000958372,-0.5932378210892388,-0.2775943477299747,0,1,1.3093409798465847,2.346151056253851,0.2662325767951835,0.0,-0.9320143892374164,-0.0359458723056809,-0.6201892226844657,-1.0778621289498782,-1.1442943653688686,-1.1676872598353414,-0.6791456840737199,-1.1559347102263289,1,-1,1,0.5354981527499988,Anomaly
1263,0.6653541062033014,1,0.0111913757833397,1,0.9633983665702748,0.0850492518807105,5,0.0,1.2331515630418532,0.2546249253678617,1,-1.3724266443035866,-1.0261667362455194,-0.9614863916702532,6,0.2462002046576992,1,-0.8639235990745545,0.1790346197693899,2.5255909693862573,0,1,0.2160542769925777,-0.4262300150429028,1.1914379855160335,0.0,0.241988311858558,-0.678773515728442,0.9316033855643254,0.3380961637724818,-0.9810141559830952,-1.1676872598353414,-0.6791456840737199,-1.1559347102263289,1,-1,1,0.510310988668983,Anomaly
1264,0.5558522548689022,2,0.130188282846699,1,0.3464272073569334,0.0850492518807105,3,0.0,1.2348131907399182,-0.6605306743650393,1,-0.4375028351475091,0.3796721288811475,-0.9614863916702532,2,-0.6608531809232983,0,-0.794018122654274,-0.7534544876185995,2.1251359240839385,0,0,1.855984331273588,2.346151056253851,-0.6589728319256667,0.0,2.5899937140505074,-0.5502079870438897,2.4833959938131165,-1.0778621289498782,-0.3278933184400019,-0.339393739508197,-0.6791456840737199,-0.0345197463373974,0,-1,1,0.5213727282369135,Anomaly
1265,1.979376322216091,2,-0.8044332580467684,1,-0.8875151110697495,0.0850492518807105,3,0.0,1.238136446136048,0.2546249253678617,1,-0.2898832863333916,-1.0261667362455194,2.6533089938931025,5,-1.5679065665042955,1,2.6634344983512124,0.7718362859280243,2.1251359240839385,0,0,-0.8772324258614291,-0.4262300150429028,-0.6589728319256667,0.0,2.5899937140505074,2.92106128743902,-0.6201892226844657,0.3380961637724818,-0.9810141559830952,-1.1676872598353414,-0.6791456840737199,-1.1559347102263289,0,-1,1,0.5261219423936209,Anomaly
1269,1.7603726195472926,0,-0.3507575498677112,1,-1.010909342912418,1.0617867539482455,3,0.0,1.2464445846263723,-1.5756862740979405,0,-0.2898832863333916,-1.0261667362455194,1.7496101475022634,4,0.2462002046576992,1,1.373051646374423,1.1236102476148573,0.523315742874663,0,1,1.3093409798465847,2.346151056253851,1.1914379855160335,0.0,2.5899937140505074,2.0211025866471544,-0.6201892226844657,-1.0778621289498782,-0.6544537372115486,-0.6154915796172451,-0.6791456840737199,-0.5952272282818631,0,-1,1,0.5697663570332128,Anomaly
1270,0.6653541062033014,2,-1.3845431799806447,0,-0.8875151110697495,0.0850492518807105,1,0.0,1.251429467720567,-0.6605306743650393,1,1.5307578157073911,0.3796721288811475,-0.9614863916702532,1,1.153253590238697,2,-0.6297721248643747,-1.304234414047165,-1.0785044383346123,0,0,-0.6039107501479274,-0.4262300150429028,-0.6589728319256667,0.0,-0.9320143892374164,-0.1645114009902331,1.707499689688721,0.3380961637724818,0.3252275191030913,0.7649976209279952,-0.3687152874355457,1.086895217551534,0,-1,1,0.5011241618784328,Anomaly
1274,-1.6341847718190805,2,1.2185141620303388,1,-0.1471497200137397,-1.86842575225436,3,0.0,1.2597376062108916,0.2546249253678617,0,0.645040522822686,0.3796721288811475,-0.9614863916702532,2,-1.5679065665042955,1,-0.8722102664921562,0.236937485216843,-0.6780493930322936,0,1,0.4893759527060795,-0.4262300150429028,0.2662325767951835,0.0,-0.9320143892374164,-1.3216011591512031,2.4833959938131165,0.3380961637724818,-0.9810141559830952,-1.1676872598353414,-0.6791456840737199,-1.1559347102263289,1,-1,1,0.5103347767806897,Anomaly
1280,0.7748559575377005,1,-0.9259092673406144,1,-1.010909342912418,-0.8916882501868245,3,0.0,1.2746922554934756,0.2546249253678617,1,1.629170848250136,0.3796721288811475,-0.9614863916702532,6,-0.6608531809232983,0,-0.8841090709892252,-0.4526968855371681,-0.6780493930322936,0,1,-0.8772324258614291,-0.4262300150429028,0.2662325767951835,0.0,2.5899937140505074,-0.678773515728442,-0.6201892226844657,-1.0778621289498782,-0.3278933184400019,-0.339393739508197,-0.0582848907973714,-0.3148734873096303,1,-1,1,0.5046830301787479,Anomaly
1282,-0.2106607044718917,2,-1.2382761483819322,2,2.197340684996958,0.0850492518807105,1,0.0,1.2830003939838002,0.2546249253678617,1,0.8910731041795485,0.3796721288811475,-0.0577875452794142,7,1.153253590238697,2,-0.1465956708226787,-0.1153986402121982,-0.6780493930322936,0,1,0.7626976284195812,-0.4262300150429028,1.1914379855160335,0.0,-0.9320143892374164,-0.1645114009902331,-0.6201892226844657,0.3380961637724818,0.4885077284888646,0.7649976209279952,1.4938670923934996,0.8065414765793012,1,-1,1,0.5073529959425954,Anomaly
1286,0.9938596602064989,0,0.1153136694637791,2,2.073946453154289,-0.8916882501868245,1,0.0,1.28964690477606,-0.6605306743650393,1,1.5799643319787635,-1.0261667362455194,-0.0577875452794142,7,-0.6608531809232983,2,0.3161828326526131,1.5252762414226757,2.1251359240839385,0,0,-0.0572673987209239,-0.4262300150429028,0.2662325767951835,0.0,-0.9320143892374164,-0.678773515728442,0.1557070814399298,0.3380961637724818,-0.8177339465973219,-0.6154915796172451,-0.0582848907973714,-0.5952272282818631,0,-1,1,0.5081938916188272,Anomaly
1290,0.1178448495313057,0,1.322636455710778,0,-0.8875151110697495,0.0850492518807105,0,0.0,1.2962934155683197,-1.5756862740979405,1,1.6783773645215088,0.3796721288811475,-0.9614863916702532,1,-0.6608531809232983,0,-0.8309894080558813,-1.0096606131300243,0.9237707881769818,0,0,-0.6039107501479274,-0.4262300150429028,1.1914379855160335,0.0,2.5899937140505074,0.2211851850634235,0.1557070814399298,0.3380961637724818,0.651787937874638,1.5932911412551394,0.2521455058408027,1.086895217551534,0,-1,1,0.5592196099766819,Anomaly
1296,0.4463504035345031,2,-0.0160787487520133,2,-0.6407266473844129,-1.86842575225436,2,0.0,1.3129096925489685,0.2546249253678617,0,0.743453555365431,0.3796721288811475,0.8459113011114247,7,0.2462002046576992,0,0.8380304013097833,1.706855130155951,-1.0785044383346123,0,1,-0.6039107501479274,-0.4262300150429028,1.1914379855160335,0.0,0.241988311858558,1.5068404719089457,0.1557070814399298,1.754054456494842,2.447870241118145,2.6976825016913315,3.3564494722225446,0.2458339946348354,0,-1,1,0.5421875858619815,Anomaly
1298,-1.196177366481484,2,0.2913299278283313,0,1.3335810620982798,-0.8916882501868245,3,0.0,1.317894575643163,1.1697805251007627,0,0.1529753601089609,0.3796721288811475,-0.9614863916702532,1,-0.6608531809232983,1,-0.9253299294255,-1.0433904376625214,-1.0785044383346123,0,1,-1.1505541015749308,-0.4262300150429028,0.2662325767951835,0.0,-0.9320143892374164,-0.678773515728442,0.1557070814399298,0.3380961637724818,-0.3278933184400019,-0.8915894197262932,-0.3687152874355457,-0.0345197463373974,1,-1,1,0.50980443233089,Anomaly
1299,0.9938596602064989,2,-1.3423984420623716,1,1.456975293940948,-0.8916882501868245,3,0.0,1.3228794587373578,1.1697805251007627,0,0.0053558112948434,0.3796721288811475,-0.0577875452794142,0,-0.6608531809232983,1,0.5148503720233192,-0.4878321194251857,0.523315742874663,0,0,1.855984331273588,2.346151056253851,1.1914379855160335,0.0,0.241988311858558,0.2211851850634235,-0.6201892226844657,1.754054456494842,0.3252275191030913,0.7649976209279952,0.2521455058408027,0.8065414765793012,1,-1,1,0.5310260461273373,Anomaly
1301,-0.3201625558062908,2,0.0186286824747997,2,-0.1471497200137397,-0.8916882501868245,5,0.0,1.3262027141334876,-0.6605306743650393,1,1.2847252343505289,1.7855109940078144,-0.0577875452794142,7,0.2462002046576992,1,0.0629082797864294,1.0983128792154846,-0.6780493930322936,0,0,1.5826626555600865,2.346151056253851,0.2662325767951835,0.0,1.4159910129545328,-0.1645114009902331,1.707499689688721,0.3380961637724818,0.4885077284888646,1.041095461037043,0.5625759024789769,1.086895217551534,0,-1,1,0.5048645739624548,Anomaly
1302,2.3078818762192883,0,-1.1217583435490597,2,-0.8875151110697495,0.0850492518807105,3,0.0,1.3278643418315526,-0.6605306743650393,1,-0.6835354165043717,0.3796721288811475,1.7496101475022634,3,-0.6608531809232983,0,2.07975564203963,1.1614157592783645,0.523315742874663,0,0,1.855984331273588,2.346151056253851,1.1914379855160335,0.0,0.241988311858558,3.3067578734926766,-2.171981830933257,-1.0778621289498782,1.4681889848035046,1.3171933011460917,3.666879868860719,2.7690176633849317,0,-1,1,0.613211380589273,Anomaly
1304,1.103361511540898,2,0.49213720849775,1,-0.6407266473844129,0.0850492518807105,1,0.0,1.332849224925747,0.2546249253678617,0,1.2847252343505289,-1.0261667362455194,0.8459113011114247,4,-0.6608531809232983,0,0.8138078350121786,0.6967874263432186,2.1251359240839385,0,1,-0.8772324258614291,-0.4262300150429028,0.2662325767951835,0.0,0.241988311858558,2.1496681153317065,0.9316033855643254,0.3380961637724818,2.447870241118145,1.8693889813641875,3.666879868860719,1.6476026994959998,0,-1,1,0.5472426283721887,Anomaly
1309,0.1178448495313057,2,-0.1970532115775388,2,-0.8875151110697495,1.0617867539482455,2,0.0,1.3461422465102664,-0.6605306743650393,0,0.5466274902799411,-2.432005601372186,-0.0577875452794142,8,1.153253590238697,1,-0.2332869607298959,-1.4151212121977486,-0.2775943477299747,0,1,1.3093409798465847,2.346151056253851,-1.584178240646517,0.0,1.4159910129545328,1.121143885855289,0.9316033855643254,-1.0778621289498782,-0.4911735278257753,-0.6154915796172451,-0.6791456840737199,-0.3148734873096303,0,-1,1,0.5304046550492266,Anomaly
1311,2.3078818762192883,1,1.02514418805238,1,0.7166099028849382,1.0617867539482455,1,0.0,1.349465501906396,-1.5756862740979405,1,1.038692652993666,0.3796721288811475,1.7496101475022634,5,0.2462002046576992,1,1.9726664015660087,1.027480247697241,-0.2775943477299747,0,1,-0.3305890744344257,-0.4262300150429028,-0.6589728319256667,0.0,-0.9320143892374164,1.5068404719089457,0.1557070814399298,0.3380961637724818,-0.8177339465973219,-0.6154915796172451,-0.0582848907973714,-0.5952272282818631,0,-1,1,0.505516700152369,Anomaly
1312,-2.072192177156677,0,1.55815116760701,1,0.59321567104227,0.0850492518807105,3,0.0,1.352788757302526,-0.6605306743650393,0,-1.6184592256604493,0.3796721288811475,-0.9614863916702532,6,0.2462002046576992,2,-1.06004139462446,-0.8847197214242335,-0.6780493930322936,0,0,0.2160542769925777,-0.4262300150429028,0.2662325767951835,0.0,-0.9320143892374164,-1.4501666878357553,0.9316033855643254,-2.4938204216722384,-1.1442943653688686,-1.1676872598353414,-0.6791456840737199,-1.1559347102263289,0,-1,1,0.5270345195541556,Anomaly
1313,-0.6486681098094882,2,-1.09944642347468,0,1.0867925984129432,2.038524256015781,0,0.0,1.3577736403967209,1.1697805251007627,1,1.137105685536411,1.7855109940078144,-0.9614863916702532,1,-1.5679065665042955,1,-0.7536471788249326,1.0093504670110238,-1.0785044383346123,0,0,0.4893759527060795,-0.4262300150429028,0.2662325767951835,0.0,-0.9320143892374164,-1.193035630466651,0.9316033855643254,0.3380961637724818,-0.9810141559830952,-1.1676872598353414,-0.6791456840737199,-1.1559347102263289,1,-1,1,0.53473955700109,Anomaly
1314,-0.8676718124782865,2,-1.1217583435490597,0,0.4698214391996017,0.0850492518807105,0,0.0,1.3610968957928504,-1.5756862740979405,1,-0.4867093514188816,-1.0261667362455194,-0.9614863916702532,1,-1.5679065665042955,0,-0.8855964215513588,-1.5678892091428491,0.523315742874663,0,1,-0.0572673987209239,-0.4262300150429028,1.1914379855160335,0.0,2.5899937140505074,-0.9359045730975464,0.1557070814399298,0.3380961637724818,-0.8177339465973219,-0.6154915796172451,-0.0582848907973714,-1.1559347102263289,1,-1,1,0.5509623058672263,Anomaly
1315,0.8843578088720997,0,-0.5292529104627501,2,-0.8875151110697495,1.0617867539482455,1,0.0,1.3627585234909154,0.2546249253678617,0,0.0545623275662159,0.3796721288811475,-0.0577875452794142,7,0.2462002046576992,1,-0.2866191023149732,0.7521605549507344,0.523315742874663,0,0,1.855984331273588,2.346151056253851,-0.6589728319256667,0.0,1.4159910129545328,-0.1645114009902331,0.1557070814399298,1.754054456494842,0.161947309717318,0.7649976209279952,0.8730062991171511,0.8065414765793012,0,-1,1,0.5074091178347201,Anomaly
1321,0.5558522548689022,0,-1.1093628323966265,1,0.0996387436715968,1.0617867539482455,5,0.0,1.3777131727734997,0.2546249253678617,1,-1.3724266443035866,0.3796721288811475,-0.9614863916702532,6,0.2462002046576992,1,-0.7578967518596001,-1.145704238744429,0.1228606975723441,0,0,1.855984331273588,2.346151056253851,-0.6589728319256667,0.0,1.4159910129545328,-0.1645114009902331,-1.3960855268088614,-1.0778621289498782,-0.1646131090542286,-0.339393739508197,0.2521455058408027,-0.3148734873096303,0,-1,1,0.5101664728884064,Anomaly
1325,-0.8676718124782865,2,-0.1896159048860789,1,2.4441291486822943,-1.86842575225436,1,0.0,1.386021311263824,1.1697805251007627,1,1.333931750621901,-2.432005601372186,-0.0577875452794142,0,0.2462002046576992,0,-0.0252703606829213,0.9598800576966948,2.1251359240839385,0,0,0.4893759527060795,-0.4262300150429028,1.1914379855160335,0.0,1.4159910129545328,-0.0359458723056809,0.1557070814399298,0.3380961637724818,-0.0013328996684553,-1.1676872598353414,-0.3687152874355457,0.5261877356070683,0,-1,1,0.5135466238705655,Anomaly
1327,-0.5391662584750891,2,-0.963095800797914,2,-0.8875151110697495,1.0617867539482455,2,0.0,1.3910061943580183,0.2546249253678617,1,0.7926600716368035,-1.0261667362455194,-0.0577875452794142,7,-0.6608531809232983,2,0.7232919293737606,1.6686279956857877,1.7246808787816197,0,1,-0.8772324258614291,-0.4262300150429028,0.2662325767951835,0.0,-0.9320143892374164,-0.5502079870438897,0.1557070814399298,-1.0778621289498782,-0.8177339465973219,-0.6154915796172451,-0.0582848907973714,-0.5952272282818631,1,-1,1,0.5030715537092991,Anomaly
1328,0.9938596602064989,2,1.280491717792505,2,-0.7641208792270812,0.0850492518807105,5,0.0,1.3926678220560835,-1.5756862740979405,0,-1.0279810304039791,1.7855109940078144,1.7496101475022634,7,-1.5679065665042955,0,1.4282960958251003,-0.9239306424432612,-0.2775943477299747,0,0,-0.8772324258614291,-0.4262300150429028,1.1914379855160335,0.0,0.241988311858558,1.76397152927805,1.707499689688721,0.3380961637724818,1.9580296129608248,3.5259760220184755,-0.0582848907973714,1.086895217551534,0,-1,1,0.5422720457276432,Anomaly
1329,-1.0866755151470848,2,-0.1846577004251056,2,1.7037637576262843,-1.86842575225436,3,0.0,1.3943294497541483,-0.6605306743650393,0,-1.4708396768463317,-1.0261667362455194,-0.0577875452794142,8,0.2462002046576992,1,-0.6295596462126413,-1.0252606569763043,-0.6780493930322936,0,0,1.5826626555600865,2.346151056253851,1.1914379855160335,0.0,0.241988311858558,-0.2930769296747854,1.707499689688721,0.3380961637724818,0.3252275191030913,1.041095461037043,0.8730062991171511,1.086895217551534,0,-1,1,0.5211545912529238,Anomaly
1331,0.6653541062033014,2,0.0508570114711262,1,-0.3939381836990763,0.0850492518807105,3,0.0,1.3976527051502785,-1.5756862740979405,0,0.743453555365431,-1.0261667362455194,2.6533089938931025,3,0.2462002046576992,1,2.738651941064828,1.1560752037273856,1.7246808787816197,0,0,-0.6039107501479274,-0.4262300150429028,1.1914379855160335,0.0,-0.9320143892374164,1.2497094145398413,-0.6201892226844657,0.3380961637724818,1.4681889848035046,2.145486821473236,1.1834366957553253,2.7690176633849317,0,-1,1,0.5270084897632454,Anomaly
1332,1.2128633628752972,2,1.0449770058962733,1,0.0996387436715968,0.0850492518807105,1,0.0,1.399314332848343,1.1697805251007627,1,1.235518718079156,-1.0261667362455194,2.6533089938931025,5,-0.6608531809232983,1,2.796658612988039,-0.1026094150769598,0.523315742874663,0,0,-0.8772324258614291,-0.4262300150429028,1.1914379855160335,0.0,-0.9320143892374164,2.2782336440162587,0.1557070814399298,0.3380961637724818,2.447870241118145,1.5932911412551394,3.0460190755843706,1.3672489585237668,0,-1,1,0.5206348701727199,Anomaly
1333,-0.8676718124782865,1,-0.8515362004260147,1,1.827157989468953,-0.8916882501868245,1,0.0,1.400975960546408,1.1697805251007627,1,0.349801425194451,-1.0261667362455194,-0.9614863916702532,6,1.153253590238697,2,-0.8634986417710877,0.0618234795189629,-0.6780493930322936,0,1,2.4026276827005915,2.346151056253851,-0.6589728319256667,0.0,-0.9320143892374164,-1.3216011591512031,0.1557070814399298,-1.0778621289498782,-0.9810141559830952,-1.1676872598353414,-0.3687152874355457,-1.1559347102263289,1,-1,1,0.5419091305039209,Anomaly
1334,0.9938596602064989,2,1.1193500728108727,2,0.0996387436715968,0.0850492518807105,1,0.0,1.4026375882444728,0.2546249253678617,0,-0.0930572212479015,0.3796721288811475,0.8459113011114247,7,-0.6608531809232983,1,0.1723347854291178,-0.0424578946606735,0.9237707881769818,0,0,1.5826626555600865,2.346151056253851,0.2662325767951835,0.0,2.5899937140505074,0.3497507137479757,-0.6201892226844657,0.3380961637724818,0.161947309717318,0.7649976209279952,-0.6791456840737199,0.8065414765793012,1,-1,1,0.5130671903714821,Anomaly
1337,1.979376322216091,2,0.0830853404674526,1,-0.8875151110697495,1.0617867539482455,5,0.0,1.4092840990367326,-0.6605306743650393,1,1.5799643319787635,-1.0261667362455194,-0.9614863916702532,6,1.153253590238697,1,-0.816115902434545,-0.8907629816529725,2.1251359240839385,0,0,1.3093409798465847,2.346151056253851,-0.6589728319256667,0.0,0.241988311858558,0.9925783571707368,-0.6201892226844657,1.754054456494842,-0.3278933184400019,-0.6154915796172451,-0.6791456840737199,-0.0345197463373974,0,-1,1,0.5253022957325677,Anomaly
1340,-1.6341847718190805,2,-1.020115152099107,1,-0.270543951856408,-1.86842575225436,1,0.0,1.417592237527057,1.1697805251007627,1,0.448214457737196,0.3796721288811475,-0.9614863916702532,6,-0.6608531809232983,2,-0.8564868462638864,1.655417147743893,-0.6780493930322936,0,1,2.1293060069870897,2.346151056253851,-1.584178240646517,0.0,-0.9320143892374164,-1.3216011591512031,-0.6201892226844657,0.3380961637724818,-0.9810141559830952,-1.1676872598353414,-0.6791456840737199,-1.1559347102263289,1,-1,1,0.5322516856157365,Anomaly
1348,-0.1011588531374925,1,1.01770688136092,0,-0.8875151110697495,-1.86842575225436,0,0.0,1.437531769903836,-0.6605306743650393,1,1.3831382668932737,-1.0261667362455194,-0.0577875452794142,1,1.153253590238697,2,-0.5560420327128933,-1.418072571844342,-0.6780493930322936,0,0,1.5826626555600865,2.346151056253851,1.1914379855160335,0.0,-0.9320143892374164,-0.1645114009902331,-0.6201892226844657,-1.0778621289498782,0.4885077284888646,-0.8915894197262932,-0.6791456840737199,1.086895217551534,0,-1,1,0.5331626365633727,Anomaly
1349,0.3368485522001039,2,0.8292951118439346,1,-1.010909342912418,1.0617867539482455,1,0.0,1.4408550252999657,-1.5756862740979405,1,1.5799643319787635,0.3796721288811475,1.7496101475022634,3,-1.5679065665042955,0,2.192794284761786,0.6574359643886387,-0.2775943477299747,0,0,-1.1505541015749308,-0.4262300150429028,-1.584178240646517,0.0,0.241988311858558,1.3782749432243937,0.1557070814399298,0.3380961637724818,1.9580296129608248,0.7649976209279952,2.7355886789461965,3.329725145329397,0,-1,1,0.5437532919952642,Anomaly
1352,1.2128633628752972,1,-1.6993891632524494,1,1.5803695257836163,0.0850492518807105,3,0.0,1.4541480468844847,1.1697805251007627,0,-0.3882963188761366,0.3796721288811475,1.7496101475022634,3,1.153253590238697,0,2.2673742915202006,-1.6690786827403403,0.1228606975723441,0,0,-1.1505541015749308,-0.4262300150429028,-0.6589728319256667,0.0,0.241988311858558,1.6354060005934978,0.1557070814399298,0.3380961637724818,2.447870241118145,3.5259760220184755,0.5625759024789769,0.8065414765793012,0,-1,1,0.5272914104437026,Anomaly
1354,-0.3201625558062908,0,0.4078477326612039,1,0.8400041347276065,1.0617867539482455,5,0.0,1.4624561853748093,1.1697805251007627,1,0.9402796204509212,-2.432005601372186,-0.9614863916702532,6,-1.5679065665042955,1,-0.8915458237998933,0.0206449854022061,-0.6780493930322936,0,1,2.1293060069870897,2.346151056253851,-0.6589728319256667,0.0,0.241988311858558,-0.8073390444129942,-0.6201892226844657,0.3380961637724818,-0.3278933184400019,-0.6154915796172451,0.2521455058408027,-1.1559347102263289,1,-1,1,0.5445453688886202,Anomaly
1355,2.08887817355049,2,0.8912726676061008,1,1.827157989468953,-0.8916882501868245,1,0.0,1.465779440770939,-1.5756862740979405,1,1.5307578157073911,0.3796721288811475,-0.9614863916702532,2,1.153253590238697,2,-0.8320518013145481,-0.5694864029809389,-0.6780493930322936,0,0,0.2160542769925777,-0.4262300150429028,1.1914379855160335,0.0,-0.9320143892374164,-0.8073390444129942,0.1557070814399298,0.3380961637724818,-0.4911735278257753,-0.6154915796172451,-0.3687152874355457,-1.1559347102263289,1,-1,1,0.5070476895863323,Anomaly
1366,-0.8676718124782865,1,-0.1400338602763459,2,1.827157989468953,0.0850492518807105,5,0.0,1.500673622430302,0.2546249253678617,1,-1.0279810304039791,1.7855109940078144,-0.9614863916702532,8,-1.5679065665042955,2,-1.149919864307678,-0.5159403065355999,-0.6780493930322936,0,0,0.4893759527060795,-0.4262300150429028,1.1914379855160335,0.0,-0.9320143892374164,-1.3216011591512031,0.1557070814399298,0.3380961637724818,-0.9810141559830952,-1.1676872598353414,-0.6791456840737199,-1.1559347102263289,1,-1,1,0.532128631530148,Anomaly
1367,0.2273467008657048,0,1.1119127661194128,2,1.456975293940948,1.0617867539482455,1,0.0,1.5023352501283669,-1.5756862740979405,0,-1.6676657419318217,-2.432005601372186,-0.0577875452794142,7,0.2462002046576992,1,-0.1629565270061486,-1.4512402326346308,1.324225833479301,0,0,1.036019304133083,-0.4262300150429028,0.2662325767951835,0.0,0.241988311858558,-0.1645114009902331,-1.3960855268088614,0.3380961637724818,-0.6544537372115486,-0.6154915796172451,-0.3687152874355457,-0.5952272282818631,0,-1,1,0.5189731903735959,Anomaly
1369,-0.3201625558062908,1,-0.167303984811699,1,1.5803695257836163,1.0617867539482455,4,0.0,1.5073201332225616,0.2546249253678617,1,0.9894861367222936,-1.0261667362455194,-0.0577875452794142,6,1.153253590238697,1,-0.1606192618370815,1.7121956857069296,-0.6780493930322936,0,1,-0.0572673987209239,-0.4262300150429028,-0.6589728319256667,0.0,-0.9320143892374164,0.6068817711170802,0.1557070814399298,0.3380961637724818,1.304908775417731,1.5932911412551394,1.1834366957553253,1.9279564404682328,0,-1,1,0.5010375067682618,Anomaly
1370,-0.9771736638126856,2,1.6672316657484223,2,0.4698214391996017,-0.8916882501868245,2,0.0,1.5089817609206264,1.1697805251007627,0,0.8910731041795485,0.3796721288811475,-0.0577875452794142,7,0.2462002046576992,2,0.7120305608318916,1.2703349843312193,0.1228606975723441,0,1,-1.1505541015749308,-0.4262300150429028,1.1914379855160335,0.0,-0.9320143892374164,-0.678773515728442,-2.171981830933257,0.3380961637724818,-0.8177339465973219,-1.1676872598353414,-0.0582848907973714,-0.5952272282818631,1,-1,1,0.51768245406159,Anomaly
1373,0.2273467008657048,2,0.1599375096125388,1,-0.0237554881710714,-0.8916882501868245,3,0.0,1.5139666440148212,-1.5756862740979405,1,1.038692652993666,0.3796721288811475,-0.0577875452794142,4,-1.5679065665042955,1,-0.2872565382701733,-0.2808153213569855,-0.6780493930322936,0,0,2.675949358414093,2.346151056253851,1.1914379855160335,0.0,0.241988311858558,-0.1645114009902331,0.1557070814399298,0.3380961637724818,0.4885077284888646,-1.1676872598353414,1.4938670923934996,1.3672489585237668,0,-1,1,0.513819641930433,Anomaly
1375,2.3078818762192883,2,-0.4895872747749636,2,1.456975293940948,0.0850492518807105,1,0.0,1.517289899410951,1.1697805251007627,0,0.3005949089230785,0.3796721288811475,1.7496101475022634,3,1.153253590238697,1,2.4163218263852966,-0.3586749996528327,0.523315742874663,0,1,-0.6039107501479274,-0.4262300150429028,0.2662325767951835,0.0,0.241988311858558,2.2782336440162587,-0.6201892226844657,-1.0778621289498782,-0.9810141559830952,-1.1676872598353414,-0.6791456840737199,-1.1559347102263289,0,-1,1,0.5150396004996097,Anomaly
1376,-0.5391662584750891,1,-1.3994177933635643,1,-0.5173324155417446,-0.8916882501868245,1,0.0,1.518951527109016,-1.5756862740979405,0,-0.929567997861234,1.7855109940078144,-0.9614863916702532,6,0.2462002046576992,2,-0.8649859923332214,0.1412291081058828,0.1228606975723441,0,1,-0.3305890744344257,-0.4262300150429028,-1.584178240646517,0.0,-0.9320143892374164,-0.4216424583593375,-0.6201892226844657,0.3380961637724818,-0.4911735278257753,-0.8915894197262932,-0.6791456840737199,-0.3148734873096303,1,-1,1,0.5070901524601419,Anomaly
1380,-1.0866755151470848,1,1.3251155579412648,0,1.5803695257836163,0.0850492518807105,0,0.0,1.5272596655993402,-1.5756862740979405,0,-0.3882963188761366,-1.0261667362455194,-0.9614863916702532,1,-0.6608531809232983,1,-0.7734076934361366,0.7367010520400066,-0.6780493930322936,0,0,-0.8772324258614291,-0.4262300150429028,-1.584178240646517,0.0,-0.9320143892374164,-1.3216011591512031,-0.6201892226844657,0.3380961637724818,-0.9810141559830952,-1.1676872598353414,-0.6791456840737199,-1.1559347102263289,1,-1,1,0.5406412861107545,Anomaly
1384,-0.1011588531374925,0,1.3598229891680778,1,-0.0237554881710714,1.0617867539482455,1,0.0,1.5355678040896648,-1.5756862740979405,1,0.0053558112948434,1.7855109940078144,-0.9614863916702532,2,-0.6608531809232983,1,-0.7846690619780055,-0.7132597800507072,-0.6780493930322936,0,0,1.855984331273588,2.346151056253851,-0.6589728319256667,0.0,-0.9320143892374164,-0.8073390444129942,0.1557070814399298,0.3380961637724818,-0.3278933184400019,-0.063295899399149,-0.6791456840737199,-0.5952272282818631,0,-1,1,0.5167626691762145,Anomaly
1390,-0.6486681098094882,1,0.7995458850780948,1,-1.010909342912418,0.0850492518807105,1,0.0,1.547199197976119,1.1697805251007627,1,-0.8803614815898617,-2.432005601372186,-0.0577875452794142,6,-1.5679065665042955,1,-0.3187033787267129,-1.2005152036097364,-0.6780493930322936,0,0,1.5826626555600865,2.346151056253851,-0.6589728319256667,0.0,-0.9320143892374164,-0.1645114009902331,2.4833959938131165,0.3380961637724818,0.4885077284888646,1.041095461037043,1.8042974890316736,0.8065414765793012,0,-1,1,0.5181051011077298,Anomaly
1391,-0.9771736638126856,2,1.4912154073838704,1,0.9633983665702748,0.0850492518807105,5,0.0,1.5538457087683788,0.2546249253678617,1,-1.6676657419318217,-1.0261667362455194,-0.9614863916702532,2,1.153253590238697,0,-0.8787971046958908,0.6276412860515997,0.9237707881769818,0,0,-0.8772324258614291,-0.4262300150429028,-1.584178240646517,0.0,0.241988311858558,-0.678773515728442,-0.6201892226844657,-1.0778621289498782,-0.4911735278257753,-0.8915894197262932,-0.6791456840737199,-0.3148734873096303,1,-1,1,0.5031075763273904,Anomaly
1395,-0.5391662584750891,2,1.4143632382387843,1,-0.5173324155417446,1.0617867539482455,1,0.0,1.563815474956768,1.1697805251007627,1,-0.4867093514188816,-1.0261667362455194,-0.0577875452794142,4,1.153253590238697,2,0.674846796778551,-0.5867729380538436,2.1251359240839385,0,0,2.4026276827005915,2.346151056253851,-0.6589728319256667,0.0,-0.9320143892374164,-0.4216424583593375,-1.3960855268088614,0.3380961637724818,-0.9810141559830952,-1.1676872598353414,-0.6791456840737199,-1.1559347102263289,0,-1,1,0.5210397596338574,Anomaly
1396,-0.6486681098094882,1,-0.1202010424324527,2,2.073946453154289,1.0617867539482455,2,0.0,1.565477102654833,-1.5756862740979405,1,-0.142263737519274,0.3796721288811475,-0.0577875452794142,7,1.153253590238697,1,-0.1882414865624203,0.950323274079154,-0.6780493930322936,0,1,-1.1505541015749308,-0.4262300150429028,0.2662325767951835,0.0,-0.9320143892374164,-0.1645114009902331,0.9316033855643254,0.3380961637724818,0.4885077284888646,0.7649976209279952,-0.6791456840737199,1.086895217551534,1,-1,1,0.5148772800315519,Anomaly
1397,1.7603726195472926,2,0.9061472809890208,2,1.827157989468953,1.0617867539482455,1,0.0,1.567138730352898,-1.5756862740979405,1,0.0053558112948434,0.3796721288811475,0.8459113011114247,7,-1.5679065665042955,2,0.8382428799615167,-1.1903962562499877,1.324225833479301,0,1,-0.6039107501479274,-0.4262300150429028,-0.6589728319256667,0.0,-0.9320143892374164,0.4783162424325279,-0.6201892226844657,-1.0778621289498782,-0.8177339465973219,-0.6154915796172451,-0.0582848907973714,-0.5952272282818631,1,-1,1,0.5357424157139511,Anomaly
1402,1.979376322216091,2,-1.5208938026574104,0,2.073946453154289,1.0617867539482455,0,0.0,1.5754468688432224,0.2546249253678617,1,0.251388392651706,1.7855109940078144,2.6533089938931025,3,-0.6608531809232983,1,2.790496732087771,1.615925144853761,0.523315742874663,0,1,0.7626976284195812,-0.4262300150429028,-1.584178240646517,0.0,0.241988311858558,3.049626816123572,-2.171981830933257,0.3380961637724818,0.4885077284888646,1.3171933011460917,-0.3687152874355457,-0.0345197463373974,0,-1,1,0.5772081513907469,Anomaly
1403,-0.6486681098094882,2,1.173890321881579,1,-0.8875151110697495,-1.86842575225436,3,0.0,1.5771084965412874,1.1697805251007627,0,-0.3390898026047641,-2.432005601372186,-0.9614863916702532,2,1.153253590238697,0,-1.1418456755418096,0.4529489031603758,-0.6780493930322936,0,1,-1.1505541015749308,-0.4262300150429028,0.2662325767951835,0.0,2.5899937140505074,-1.3216011591512031,0.9316033855643254,0.3380961637724818,-0.9810141559830952,-1.1676872598353414,-0.6791456840737199,-1.1559347102263289,0,-1,1,0.5088401371156324,Anomaly
1404,0.2273467008657048,2,-1.694430958791476,2,0.7166099028849382,1.0617867539482455,2,0.0,1.578770124239352,-0.6605306743650393,1,0.5466274902799411,0.3796721288811475,1.7496101475022634,7,-1.5679065665042955,2,1.452943619426172,1.5157194578051347,-1.0785044383346123,0,0,-0.8772324258614291,-0.4262300150429028,-1.584178240646517,0.0,-0.9320143892374164,1.2497094145398413,0.1557070814399298,0.3380961637724818,2.1213098223465976,1.041095461037043,2.7355886789461965,1.6476026994959998,0,-1,1,0.534687175899647,Anomaly
1406,-0.6486681098094882,0,-0.2615098695701918,1,0.0996387436715968,0.0850492518807105,3,0.0,1.5854166350316117,0.2546249253678617,0,-1.2740136117608418,0.3796721288811475,0.8459113011114247,5,0.2462002046576992,1,0.9621179339220748,1.7636336681189877,0.523315742874663,0,0,1.3093409798465847,2.346151056253851,0.2662325767951835,0.0,0.241988311858558,0.2211851850634235,-0.6201892226844657,1.754054456494842,0.651787937874638,0.7649976209279952,0.5625759024789769,1.086895217551534,0,-1,1,0.5102214437201436,Anomaly
1415,1.103361511540898,2,0.9358965077548606,1,1.950552221311621,0.0850492518807105,3,0.0,1.6086794228045205,-1.5756862740979405,1,0.8910731041795485,0.3796721288811475,0.8459113011114247,0,0.2462002046576992,2,0.4525941270654401,-0.1727393419174431,-0.2775943477299747,0,0,2.1293060069870897,2.346151056253851,-0.6589728319256667,0.0,-0.9320143892374164,1.76397152927805,0.1557070814399298,0.3380961637724818,1.6314691941892778,2.6976825016913315,3.0460190755843706,1.9279564404682328,0,-1,1,0.5626086104807213,Anomaly
1422,1.103361511540898,0,0.8912726676061008,1,-1.010909342912418,-1.86842575225436,3,0.0,1.6203108166909748,0.2546249253678617,0,1.5799643319787635,0.3796721288811475,0.8459113011114247,5,-0.6608531809232983,1,1.1588731654271804,0.4100839178169942,-1.0785044383346123,0,0,0.7626976284195812,-0.4262300150429028,-1.584178240646517,0.0,1.4159910129545328,0.3497507137479757,0.1557070814399298,-2.4938204216722384,0.9783483566461848,1.041095461037043,0.8730062991171511,2.2083101814404653,0,-1,1,0.5390499191239272,Anomaly
1426,-0.42966440714069,2,-0.7474139067455754,1,0.7166099028849382,-0.8916882501868245,3,0.0,1.6352654659735588,-0.6605306743650393,0,1.432344783164646,0.3796721288811475,-0.0577875452794142,0,1.153253590238697,1,-0.3452632101933848,1.031555934828251,-1.0785044383346123,0,1,-0.6039107501479274,-0.4262300150429028,-1.584178240646517,0.0,0.241988311858558,-0.1645114009902331,2.4833959938131165,0.3380961637724818,0.3252275191030913,0.7649976209279952,1.8042974890316736,-0.8755809692540959,0,-1,1,0.5087187099068262,Anomaly
1431,0.1178448495313057,2,-1.491144575891571,1,0.0996387436715968,0.0850492518807105,3,0.0,1.645235232161948,-0.6605306743650393,0,1.629170848250136,-2.432005601372186,0.8459113011114247,5,0.2462002046576992,1,1.4242590014421663,-1.5371107442569458,0.1228606975723441,0,0,-0.8772324258614291,-0.4262300150429028,-1.584178240646517,0.0,0.241988311858558,1.121143885855289,0.1557070814399298,0.3380961637724818,1.794749403575051,3.249878181909428,-0.3687152874355457,1.9279564404682328,0,-1,1,0.5086149850184815,Anomaly
1433,0.0083429981969065,2,-1.5903086651110367,1,0.0996387436715968,0.0850492518807105,1,0.0,1.648558487558078,0.2546249253678617,0,-1.1756005792180968,1.7855109940078144,0.8459113011114247,5,1.153253590238697,1,1.5385725160747223,0.1627318712453497,-0.6780493930322936,0,1,2.675949358414093,2.346151056253851,-1.584178240646517,0.0,0.241988311858558,0.6068817711170802,-0.6201892226844657,0.3380961637724818,1.4681889848035046,1.8693889813641875,1.1834366957553253,1.086895217551534,0,-1,1,0.5404729362209374,Anomaly
1434,-1.3056792178158831,2,1.436675158313164,2,-0.1471497200137397,-0.8916882501868245,4,0.0,1.6502201152561429,-1.5756862740979405,0,0.9402796204509212,0.3796721288811475,-0.0577875452794142,7,0.2462002046576992,0,-0.339101329293117,-0.0884147805862007,-1.0785044383346123,0,1,1.855984331273588,2.346151056253851,-0.6589728319256667,0.0,0.241988311858558,-0.678773515728442,0.1557070814399298,-1.0778621289498782,-0.3278933184400019,-0.339393739508197,-0.6791456840737199,-0.0345197463373974,0,-1,1,0.5225182973411441,Anomaly
1435,1.6508707682128936,0,-0.5391693193846967,2,2.4441291486822943,1.0617867539482455,1,0.0,1.6518817429542076,-1.5756862740979405,1,-1.2740136117608418,0.3796721288811475,-0.9614863916702532,8,1.153253590238697,0,-0.6418834080131771,0.7694470900236391,-0.2775943477299747,0,0,-0.0572673987209239,-0.4262300150429028,-0.6589728319256667,0.0,1.4159910129545328,0.6068817711170802,0.1557070814399298,-1.0778621289498782,0.3252275191030913,1.041095461037043,-0.6791456840737199,-1.1559347102263289,0,-1,1,0.5297840786675933,Anomaly
1437,-1.7436866231534796,2,-0.7474139067455754,2,-0.5173324155417446,-1.86842575225436,3,0.0,1.6552049983503376,0.2546249253678617,1,-0.3882963188761366,0.3796721288811475,-0.9614863916702532,8,-1.5679065665042955,2,-0.8760348822233569,1.5692655542504736,-0.6780493930322936,0,1,-1.1505541015749308,-0.4262300150429028,1.1914379855160335,0.0,-0.9320143892374164,-1.193035630466651,2.4833959938131165,0.3380961637724818,-0.8177339465973219,-0.6154915796172451,-0.3687152874355457,-0.5952272282818631,0,-1,1,0.5004463440650838,Anomaly
1438,0.2273467008657048,0,-1.729138390018289,1,-0.0237554881710714,0.0850492518807105,1,0.0,1.6568666260484024,1.1697805251007627,1,1.038692652993666,0.3796721288811475,2.6533089938931025,3,1.153253590238697,2,2.746938608482429,0.1389804531370497,-0.2775943477299747,0,0,-0.6039107501479274,-0.4262300150429028,0.2662325767951835,0.0,-0.9320143892374164,1.2497094145398413,0.1557070814399298,-1.0778621289498782,-0.1646131090542286,-1.1676872598353414,-0.3687152874355457,-0.3148734873096303,0,-1,1,0.5238236463509309,Anomaly
1439,-1.5246829204846812,1,-0.4077769011689042,2,-0.0237554881710714,0.0850492518807105,2,0.0,1.6585282537464674,1.1697805251007627,1,-1.6184592256604493,0.3796721288811475,-0.9614863916702532,8,-1.5679065665042955,1,-1.0013972867460486,1.776844516060882,-0.6780493930322936,0,0,1.036019304133083,-0.4262300150429028,-1.584178240646517,0.0,0.241988311858558,-1.3216011591512031,0.1557070814399298,-1.0778621289498782,-0.9810141559830952,-1.1676872598353414,-0.3687152874355457,-1.1559347102263289,1,-1,1,0.5057319289629891,Anomaly
1442,2.08887817355049,0,-0.3358829364847913,1,-1.010909342912418,1.0617867539482455,1,0.0,1.663513136840662,0.2546249253678617,1,-0.4375028351475091,0.3796721288811475,-0.0577875452794142,0,0.2462002046576992,0,-0.0418436955181246,1.6756550424633911,-0.6780493930322936,0,0,1.5826626555600865,2.346151056253851,-1.584178240646517,0.0,0.241988311858558,0.2211851850634235,-0.6201892226844657,-1.0778621289498782,0.9783483566461848,2.145486821473236,-0.3687152874355457,1.3672489585237668,0,-1,1,0.528190211131728,Anomaly
1443,-0.8676718124782865,2,0.7177355114720353,1,-1.010909342912418,1.0617867539482455,3,0.0,1.665174764538727,-1.5756862740979405,1,-1.4708396768463317,0.3796721288811475,-0.9614863916702532,6,1.153253590238697,1,-0.364598767501122,1.6599144576815592,2.5255909693862573,0,1,-0.3305890744344257,-0.4262300150429028,-0.6589728319256667,0.0,2.5899937140505074,-0.9359045730975464,0.1557070814399298,1.754054456494842,-0.8177339465973219,-0.6154915796172451,-0.0582848907973714,-0.5952272282818631,1,-1,1,0.5336616188477977,Anomaly
1444,0.5558522548689022,2,-1.2457134550733922,1,-0.8875151110697495,0.0850492518807105,1,0.0,1.6718212753309865,-1.5756862740979405,1,-0.4867093514188816,0.3796721288811475,2.6533089938931025,3,0.2462002046576992,1,2.629862871377339,0.4214677335967119,0.9237707881769818,0,0,-1.1505541015749308,-0.4262300150429028,-1.584178240646517,0.0,-0.9320143892374164,1.6354060005934978,-0.6201892226844657,-1.0778621289498782,2.447870241118145,0.4888997808189471,0.5625759024789769,2.7690176633849317,0,-1,1,0.5147975706986578,Anomaly
1445,2.08887817355049,2,-1.2209224327685255,1,-0.270543951856408,-0.8916882501868245,5,0.0,1.6734829030290514,1.1697805251007627,1,0.3005949089230785,0.3796721288811475,-0.9614863916702532,2,0.2462002046576992,1,-0.8847465069444252,-1.4963538729468453,2.1251359240839385,0,0,-1.1505541015749308,-0.4262300150429028,1.1914379855160335,0.0,0.241988311858558,0.3497507137479757,0.9316033855643254,-2.4938204216722384,0.4885077284888646,1.3171933011460917,2.114727885669848,1.086895217551534,1,-1,1,0.5498055776545775,Anomaly
1446,0.4463504035345031,2,-0.5466066260761566,1,2.320734916839626,1.0617867539482455,1,0.0,1.6768061584251812,-1.5756862740979405,0,-0.2898832863333916,-1.0261667362455194,1.7496101475022634,4,-0.6608531809232983,1,1.501601230673115,-1.2189260661670578,-1.0785044383346123,0,0,2.1293060069870897,2.346151056253851,0.2662325767951835,0.0,0.241988311858558,1.2497094145398413,0.1557070814399298,0.3380961637724818,2.1213098223465976,0.7649976209279952,-0.6791456840737199,1.6476026994959998,0,-1,1,0.5308694752286913,Anomaly
1447,-0.3201625558062908,2,-0.2441561539567852,2,2.320734916839626,0.0850492518807105,2,0.0,1.6784677861232462,1.1697805251007627,0,1.432344783164646,-1.0261667362455194,-0.0577875452794142,7,0.2462002046576992,1,0.0444226370856258,-0.7498004232942456,-0.6780493930322936,0,0,1.5826626555600865,2.346151056253851,1.1914379855160335,0.0,1.4159910129545328,-0.4216424583593375,-0.6201892226844657,0.3380961637724818,0.161947309717318,0.7649976209279952,-0.3687152874355457,0.8065414765793012,0,-1,1,0.506396535555592,Anomaly
1448,-0.1011588531374925,0,-1.2432343528429055,2,0.7166099028849382,1.0617867539482455,2,0.0,1.680129413821311,1.1697805251007627,1,1.0878991692650386,-2.432005601372186,-0.0577875452794142,7,1.153253590238697,0,-0.2330744820781626,-0.5448917392593264,-0.6780493930322936,0,0,2.4026276827005915,2.346151056253851,-1.584178240646517,0.0,0.241988311858558,0.4783162424325279,0.9316033855643254,-1.0778621289498782,1.304908775417731,2.145486821473236,2.7355886789461965,1.9279564404682328,0,-1,1,0.5787115688802678,Anomaly
1453,1.4318670655440953,1,0.187207634147892,2,-1.010909342912418,1.0617867539482455,1,0.0,1.6934224354058305,-0.6605306743650393,1,1.3831382668932737,0.3796721288811475,-0.0577875452794142,7,0.2462002046576992,0,0.0478222955133598,-0.0081659063859683,1.7246808787816197,0,0,-0.8772324258614291,-0.4262300150429028,1.1914379855160335,0.0,1.4159910129545328,0.0926196563788712,0.1557070814399298,0.3380961637724818,-0.1646131090542286,-0.339393739508197,-0.6791456840737199,-0.8755809692540959,1,-1,1,0.5114007013078131,Anomaly
1462,1.4318670655440953,2,-0.9730122097198606,2,2.320734916839626,0.0850492518807105,2,0.0,1.711700340084544,1.1697805251007627,1,-1.3232201280322142,-1.0261667362455194,0.8459113011114247,7,-1.5679065665042955,0,0.9245092125652672,0.3194350143859086,0.523315742874663,0,1,-0.6039107501479274,-0.4262300150429028,-0.6589728319256667,0.0,0.241988311858558,1.121143885855289,0.1557070814399298,0.3380961637724818,-0.6544537372115486,-0.6154915796172451,-0.0582848907973714,-1.1559347102263289,1,-1,1,0.5324498724548571,Anomaly
1463,0.2273467008657048,2,-0.1995323138080255,2,1.827157989468953,-1.86842575225436,2,0.0,1.713361967782609,-0.6605306743650393,0,-0.2898832863333916,-1.0261667362455194,1.7496101475022634,7,1.153253590238697,1,1.17459658565545,-0.7708815636270562,-1.0785044383346123,0,0,-1.1505541015749308,-0.4262300150429028,-1.584178240646517,0.0,0.241988311858558,1.2497094145398413,-0.6201892226844657,-1.0778621289498782,2.1213098223465976,1.3171933011460917,2.114727885669848,0.5261877356070683,0,-1,1,0.5116282935225004,Anomaly
