Record_ID,Age,BusinessTravel,DailyRate,Department,DistanceFromHome,Education,EducationField,EmployeeCount,EmployeeNumber,EnvironmentSatisfaction,Gender,HourlyRate,JobInvolvement,JobLevel,JobRole,JobSatisfaction,MaritalStatus,MonthlyIncome,MonthlyRate,NumCompaniesWorked,Over18,OverTime,PercentSalaryHike,PerformanceRating,RelationshipSatisfaction,StandardHours,StockOptionLevel,TotalWorkingYears,TrainingTimesLastYear,WorkLifeBalance,YearsAtCompany,YearsInCurrentRole,YearsSinceLastPromotion,YearsWithCurrManager,Attrition,IsolationForest_Prediction,Anomaly_Label,Anomaly_Score,Anomaly_Status
1,0.4463504035345031,2,0.7425265337769018,2,-1.010909342912418,-0.8916882501868245,1,0.0,-1.701282951740758,-0.6605306743650393,0,1.3831382668932737,0.3796721288811475,-0.0577875452794142,7,1.153253590238697,2,-0.1083495135106711,0.7260199409380492,2.1251359240839385,0,1,-1.1505541015749308,-0.4262300150429028,-1.584178240646517,0.0,-0.9320143892374164,-0.4216424583593375,-2.171981830933257,-2.4938204216722384,-0.1646131090542286,-0.063295899399149,-0.6791456840737199,0.2458339946348354,1,-1,1,0.5454821069826878,Anomaly
2,1.3223652142096962,1,-1.2977746019136118,1,-0.1471497200137397,-1.86842575225436,1,0.0,-1.699621324042693,0.2546249253678617,1,-0.2406767700620191,-1.0261667362455194,-0.0577875452794142,6,-0.6608531809232983,1,-0.2917185899565742,1.4888761391146892,-0.6780493930322936,0,0,2.1293060069870897,2.346151056253851,1.1914379855160335,0.0,0.241988311858558,-0.1645114009902331,0.1557070814399298,0.3380961637724818,0.4885077284888646,0.7649976209279952,-0.3687152874355457,0.8065414765793012,0,1,0,0.4937925811966558,Normal
3,0.0083429981969065,2,1.4143632382387843,1,-0.8875151110697495,-0.8916882501868245,4,0.0,-1.6962980686465632,1.1697805251007627,1,1.2847252343505289,-1.0261667362455194,-0.9614863916702532,2,0.2462002046576992,2,-0.9376536912260358,-1.6748408610979753,1.324225833479301,0,1,-0.0572673987209239,-0.4262300150429028,-0.6589728319256667,0.0,-0.9320143892374164,-0.5502079870438897,0.1557070814399298,0.3380961637724818,-1.1442943653688686,-1.1676872598353414,-0.6791456840737199,-1.1559347102263289,1,-1,1,0.5179080929895612,Anomaly
4,-0.42966440714069,1,1.4614661806180305,1,-0.7641208792270812,1.0617867539482455,1,0.0,-1.6946364409484982,1.1697805251007627,0,-0.4867093514188816,0.3796721288811475,-0.9614863916702532,6,0.2462002046576992,1,-0.7636336754564013,1.2432105837696696,-0.6780493930322936,0,1,-1.1505541015749308,-0.4262300150429028,0.2662325767951835,0.0,-0.9320143892374164,-0.4216424583593375,0.1557070814399298,0.3380961637724818,0.161947309717318,0.7649976209279952,0.2521455058408027,-1.1559347102263289,0,1,0,0.4652029733717673,Normal
5,-1.0866755151470848,2,-0.5242947060017769,1,-0.8875151110697495,-1.86842575225436,3,0.0,-1.6913131855523684,-1.5756862740979405,1,-1.2740136117608418,0.3796721288811475,-0.9614863916702532,2,-0.6608531809232983,1,-0.6448581091374443,0.3258998974213038,2.5255909693862573,0,0,-0.8772324258614291,-0.4262300150429028,1.1914379855160335,0.0,0.241988311858558,-0.678773515728442,0.1557070814399298,0.3380961637724818,-0.8177339465973219,-0.6154915796172451,-0.0582848907973714,-0.5952272282818631,0,1,0,0.4633906245132193,Normal
6,-0.5391662584750891,1,0.5020536174196967,1,-0.8875151110697495,-0.8916882501868245,1,0.0,-1.6896515578543037,1.1697805251007627,1,0.645040522822686,0.3796721288811475,-0.9614863916702532,2,1.153253590238697,2,-0.7298495698307945,-0.3441992832909694,-1.0785044383346123,0,0,-0.6039107501479274,-0.4262300150429028,0.2662325767951835,0.0,-0.9320143892374164,-0.4216424583593375,-0.6201892226844657,-1.0778621289498782,-0.0013328996684553,0.7649976209279952,0.2521455058408027,0.5261877356070683,0,1,0,0.451147076093883,Normal
7,2.417383727553688,2,1.2928872289449382,1,-0.7641208792270812,0.0850492518807105,3,0.0,-1.686328302458174,0.2546249253678617,0,0.743453555365431,1.7855109940078144,-0.9614863916702532,2,-1.5679065665042955,1,-0.814416073220678,-0.6112270608399039,0.523315742874663,0,1,1.3093409798465847,2.346151056253851,-1.584178240646517,0.0,2.5899937140505074,0.0926196563788712,0.1557070814399298,-1.0778621289498782,-0.9810141559830952,-1.1676872598353414,-0.6791456840737199,-1.1559347102263289,0,-1,1,0.5434697174238827,Anomaly
8,-0.7581699611438873,2,1.3771767047814845,1,1.827157989468953,-1.86842575225436,1,0.0,-1.684666674760109,1.1697805251007627,1,0.0545623275662159,0.3796721288811475,-0.9614863916702532,2,0.2462002046576992,0,-0.8095290642308104,-0.1374635670938734,-0.6780493930322936,0,0,1.855984331273588,2.346151056253851,-0.6589728319256667,0.0,0.241988311858558,-1.3216011591512031,-0.6201892226844657,0.3380961637724818,-0.9810141559830952,-1.1676872598353414,-0.6791456840737199,-1.1559347102263289,0,-1,1,0.5020403021903435,Anomaly
9,0.1178448495313057,1,-1.4539580424342708,1,1.7037637576262843,0.0850492518807105,1,0.0,-1.683005047062044,1.1697805251007627,1,-1.0771875466753518,-1.0261667362455194,0.8459113011114247,4,0.2462002046576992,2,0.6423375630633446,-0.7766437419846911,-1.0785044383346123,0,0,1.5826626555600865,2.346151056253851,-0.6589728319256667,0.0,-0.9320143892374164,-0.1645114009902331,-0.6201892226844657,0.3380961637724818,0.3252275191030913,0.7649976209279952,-0.3687152874355457,1.086895217551534,0,1,0,0.4967599949634472,Normal
10,-0.1011588531374925,2,1.230909673182772,1,2.197340684996958,0.0850492518807105,3,0.0,-1.6813434193639791,0.2546249253678617,1,1.3831382668932737,0.3796721288811475,-0.0577875452794142,0,0.2462002046576992,1,-0.2689833742211031,0.3181701459659399,1.324225833479301,0,0,-0.6039107501479274,-0.4262300150429028,-0.6589728319256667,0.0,1.4159910129545328,0.7354472998016324,0.1557070814399298,-1.0778621289498782,-0.0013328996684553,0.7649976209279952,1.4938670923934996,0.8065414765793012,0,1,0,0.46889482853033315,Normal
11,-0.2106607044718917,2,0.016149580244313,1,0.8400041347276065,0.0850492518807105,3,0.0,-1.679681791665914,-1.5756862740979405,1,0.8910731041795485,1.7855109940078144,-0.9614863916702532,2,-0.6608531809232983,1,-0.8662608642436216,0.304397134281837,-1.0785044383346123,0,0,-0.6039107501479274,-0.4262300150429028,0.2662325767951835,0.0,0.241988311858558,-0.678773515728442,1.707499689688721,0.3380961637724818,-0.3278933184400019,-0.063295899399149,-0.6791456840737199,-0.3148734873096303,0,1,0,0.4488973872790136,Normal
12,-0.8676718124782865,2,-1.61014148295493,1,0.7166099028849382,-0.8916882501868245,1,0.0,-1.6780201639678494,1.1697805251007627,0,-0.8311549653184892,-1.0261667362455194,-0.0577875452794142,2,0.2462002046576992,2,-0.4908110866307471,-0.2292367980093755,-1.0785044383346123,0,1,-0.8772324258614291,-0.4262300150429028,1.1914379855160335,0.0,-0.9320143892374164,-0.1645114009902331,0.1557070814399298,0.3380961637724818,0.3252275191030913,0.212801940709899,-0.6791456840737199,1.086895217551534,0,1,0,0.46943241669675523,Normal
13,-0.6486681098094882,2,-0.3284456297933313,1,2.073946453154289,-1.86842575225436,1,0.0,-1.6763585362697844,-1.5756862740979405,1,-1.7168722582031943,0.3796721288811475,-0.9614863916702532,6,0.2462002046576992,0,-0.7632087181529345,0.1204290496441764,-0.6780493930322936,0,0,0.4893759527060795,-0.4262300150429028,1.1914379855160335,0.0,0.241988311858558,-0.8073390444129942,-1.3960855268088614,-1.0778621289498782,-0.3278933184400019,-0.6154915796172451,0.5625759024789769,-0.3148734873096303,0,1,0,0.47857425015213967,Normal
14,-0.3201625558062908,2,1.3474274780156446,1,1.2101868302556114,-0.8916882501868245,3,0.0,-1.6730352808736546,-0.6605306743650393,1,1.333931750621901,0.3796721288811475,-0.9614863916702532,2,1.153253590238697,0,-0.8163283810862784,-0.7807194291157011,-1.0785044383346123,0,0,-1.1505541015749308,-0.4262300150429028,0.2662325767951835,0.0,0.241988311858558,-1.0644701017820986,-0.6201892226844657,0.3380961637724818,-0.8177339465973219,-0.6154915796172451,-0.3687152874355457,-0.5952272282818631,0,1,0,0.4570133799924285,Normal
15,-0.9771736638126856,2,-1.7340965944792623,1,1.827157989468953,0.0850492518807105,1,0.0,-1.6713736531755896,0.2546249253678617,1,-0.7819484490471167,-1.0261667362455194,-0.9614863916702532,2,0.2462002046576992,2,-0.9508273676335052,-0.1919934500880768,0.9237707881769818,0,1,-0.3305890744344257,-0.4262300150429028,-0.6589728319256667,0.0,-0.9320143892374164,-0.678773515728442,0.9316033855643254,0.3380961637724818,-0.4911735278257753,-0.6154915796172451,-0.6791456840737199,-0.3148734873096303,1,-1,1,0.5018821378725701,Anomaly
16,-0.8676718124782865,2,1.4540288739265703,1,1.456975293940948,1.0617867539482455,1,0.0,-1.6697120254775248,-0.6605306743650393,0,-0.7327419327757442,1.7855109940078144,0.8459113011114247,4,-1.5679065665042955,0,0.738802870950297,-0.5787621047273755,-0.6780493930322936,0,0,-1.1505541015749308,-0.4262300150429028,0.2662325767951835,0.0,0.241988311858558,-0.1645114009902331,-1.3960855268088614,0.3380961637724818,0.4885077284888646,1.3171933011460917,1.8042974890316736,1.086895217551534,0,1,0,0.498031942603016,Normal
17,-0.5391662584750891,2,-1.161423979236846,1,-0.5173324155417446,-0.8916882501868245,1,0.0,-1.6680503977794598,-1.5756862740979405,1,0.6942470390940585,1.7855109940078144,-0.9614863916702532,6,-0.6608531809232983,0,-0.6809794799321182,0.1039857601845841,-1.0785044383346123,0,1,-0.8772324258614291,-0.4262300150429028,1.1914379855160335,0.0,1.4159910129545328,-0.5502079870438897,1.707499689688721,-1.0778621289498782,-0.1646131090542286,-0.6154915796172451,-0.6791456840737199,0.2458339946348354,0,1,0,0.4853116305529165,Normal
18,-1.6341847718190805,0,0.7945876806171215,1,0.8400041347276065,-0.8916882501868245,3,0.0,-1.666388770081395,1.1697805251007627,1,1.4815512994360187,1.7855109940078144,-0.9614863916702532,2,1.153253590238697,0,-0.7581092305113335,-0.9822551306973706,-0.6780493930322936,0,1,-0.6039107501479274,-0.4262300150429028,-0.6589728319256667,0.0,1.4159910129545328,-1.3216011591512031,-0.6201892226844657,-1.0778621289498782,-0.9810141559830952,-1.1676872598353414,-0.6791456840737199,-1.1559347102263289,0,-1,1,0.5208813164878493,Anomaly
19,1.7603726195472926,2,1.03258149474384,2,-0.8875151110697495,1.0617867539482455,1,0.0,-1.66472714238333,-1.5756862740979405,0,0.5958340065513135,-1.0261667362455194,1.7496101475022634,3,1.153253590238697,1,1.8961740869419932,1.083274999111413,-0.2775943477299747,0,0,0.2160542769925777,-0.4262300150429028,0.2662325767951835,0.0,-0.9320143892374164,2.535364701385363,0.1557070814399298,0.3380961637724818,2.9377108692754645,1.041095461037043,0.2521455058408027,0.8065414765793012,0,-1,1,0.5089650001635371,Anomaly
20,0.1178448495313057,2,-1.06969719670884,1,-0.8875151110697495,0.0850492518807105,1,0.0,-1.663065514685265,1.1697805251007627,1,-1.0279810304039791,0.3796721288811475,-0.9614863916702532,6,1.153253590238697,2,-0.5437182709123576,-1.40640767419352,0.9237707881769818,0,1,-1.1505541015749308,-0.4262300150429028,0.2662325767951835,0.0,-0.9320143892374164,-0.678773515728442,0.1557070814399298,0.3380961637724818,-0.6544537372115486,-0.6154915796172451,-0.3687152874355457,-0.5952272282818631,0,1,0,0.45390817303103376,Normal
21,-1.4151810691502822,0,-0.3210083231018714,1,0.2230329755142651,-0.8916882501868245,4,0.0,-1.659742259289135,-1.5756862740979405,0,1.4815512994360187,1.7855109940078144,-0.0577875452794142,4,0.2462002046576992,0,-0.5294822012462215,-0.8546439612160903,-1.0785044383346123,0,0,0.7626976284195812,-0.4262300150429028,1.1914379855160335,0.0,0.241988311858558,-0.8073390444129942,1.707499689688721,-1.0778621289498782,-0.4911735278257753,-0.6154915796172451,-0.3687152874355457,-0.3148734873096303,0,-1,1,0.5162924810113191,Anomaly
22,-0.1011588531374925,2,1.0301023925133532,2,-0.0237554881710714,1.0617867539482455,1,0.0,-1.6580806315910706,0.2546249253678617,1,0.7926600716368035,-1.0261667362455194,-0.9614863916702532,8,-1.5679065665042955,2,-0.6578193068931802,-1.0297579669139705,1.7246808787816197,0,0,2.1293060069870897,2.346151056253851,-0.6589728319256667,0.0,-0.9320143892374164,-0.1645114009902331,0.9316033855643254,0.3380961637724818,-0.3278933184400019,-0.339393739508197,-0.6791456840737199,-0.3148734873096303,1,-1,1,0.532087867864369,Anomaly
23,-0.3201625558062908,2,-0.9507002896454808,1,-0.270543951856408,1.0617867539482455,1,0.0,-1.6564190038930056,-1.5756862740979405,0,-0.6343289002329991,0.3796721288811475,0.8459113011114247,5,-0.6608531809232983,2,1.1667348755413154,0.9809611980295057,-1.0785044383346123,0,0,-1.1505541015749308,-0.4262300150429028,0.2662325767951835,0.0,-0.9320143892374164,0.2211851850634235,0.9316033855643254,0.3380961637724818,0.8150681472604113,0.4888997808189471,-0.0582848907973714,1.9279564404682328,0,1,0,0.47410857710754345,Normal
24,-1.7436866231534796,2,-1.020115152099107,1,0.7166099028849382,-0.8916882501868245,1,0.0,-1.6530957484968758,0.2546249253678617,1,1.4815512994360187,0.3796721288811475,-0.9614863916702532,6,1.153253590238697,2,-1.119960374413272,0.6981928356987392,-0.6780493930322936,0,0,-0.3305890744344257,-0.4262300150429028,1.1914379855160335,0.0,-0.9320143892374164,-1.4501666878357553,2.4833959938131165,0.3380961637724818,-1.1442943653688686,-1.1676872598353414,-0.6791456840737199,-1.1559347102263289,0,1,0,0.48786095567138477,Normal
25,-0.3201625558062908,2,-0.2565516651092185,1,-0.3939381836990763,-1.86842575225436,3,0.0,-1.651434120798811,-0.6605306743650393,1,0.841866587908176,0.3796721288811475,-0.9614863916702532,6,-1.5679065665042955,2,-0.7527972642179991,0.3919541371307771,-0.2775943477299747,0,0,-1.1505541015749308,-0.4262300150429028,0.2662325767951835,0.0,-0.9320143892374164,-0.4216424583593375,-0.6201892226844657,0.3380961637724818,-0.4911735278257753,-0.6154915796172451,-0.3687152874355457,-0.3148734873096303,1,1,0,0.46015088075367205,Normal
26,1.7603726195472926,2,1.188764935264499,1,-0.5173324155417446,0.0850492518807105,4,0.0,-1.649772493100746,0.2546249253678617,0,-0.3882963188761366,0.3796721288811475,2.6533089938931025,3,0.2462002046576992,0,2.6753333028482813,-0.5028699995292573,0.523315742874663,0,0,-1.1505541015749308,-0.4262300150429028,1.1914379855160335,0.0,0.241988311858558,1.8925370579626024,0.1557070814399298,-1.0778621289498782,1.141628566031958,2.421584661582284,0.5625759024789769,1.086895217551534,0,-1,1,0.5060614061188367,Anomaly
27,-0.5391662584750891,1,0.7995458850780948,1,0.8400041347276065,-1.86842575225436,1,0.0,-1.648110865402681,-0.6605306743650393,0,0.3005949089230785,-2.432005601372186,-0.9614863916702532,6,-1.5679065665042955,2,-0.549030237205692,-1.3537048233614937,-0.6780493930322936,0,1,1.855984331273588,2.346151056253851,-0.6589728319256667,0.0,-0.9320143892374164,-0.1645114009902331,1.707499689688721,0.3380961637724818,0.4885077284888646,-0.6154915796172451,1.1834366957553253,0.8065414765793012,1,-1,1,0.5731624210003456,Anomaly
28,0.5558522548689022,2,-0.2763844829531117,2,-0.1471497200137397,1.0617867539482455,2,0.0,-1.6447876100065513,0.2546249253678617,1,-0.8803614815898617,0.3796721288811475,-0.0577875452794142,7,-0.6608531809232983,1,0.0684327247314972,0.964096285763257,-1.0785044383346123,0,0,-1.1505541015749308,-0.4262300150429028,1.1914379855160335,0.0,0.241988311858558,-0.1645114009902331,-0.6201892226844657,0.3380961637724818,0.3252275191030913,0.7649976209279952,0.5625759024789769,-0.5952272282818631,0,1,0,0.4412069788318455,Normal
29,0.7748559575377005,2,-0.806912360277255,1,-0.270543951856408,1.0617867539482455,3,0.0,-1.6431259823084865,-1.5756862740979405,0,-1.1756005792180968,-1.0261667362455194,0.8459113011114247,0,1.153253590238697,1,0.7957471496148416,-1.7172842236347006,0.1228606975723441,0,0,-0.3305890744344257,-0.4262300150429028,1.1914379855160335,0.0,0.241988311858558,1.6354060005934978,0.9316033855643254,0.3380961637724818,2.447870241118145,0.4888997808189471,0.8730062991171511,3.6100788863016295,0,-1,1,0.5240488211167771,Anomaly
30,0.9938596602064989,2,-0.2416770517262986,2,-0.8875151110697495,1.0617867539482455,2,0.0,-1.6398027269123563,-0.6605306743650393,0,0.841866587908176,0.3796721288811475,2.6533089938931025,3,-1.5679065665042955,2,2.644098941043475,1.1958482884886217,0.1228606975723441,0,0,-0.8772324258614291,-0.4262300150429028,1.1914379855160335,0.0,-0.9320143892374164,1.3782749432243937,-0.6201892226844657,-1.0778621289498782,-0.8177339465973219,-0.6154915796172451,-0.0582848907973714,-0.8755809692540959,0,-1,1,0.5135934479286949,Anomaly
31,-0.42966440714069,2,0.3012463367502779,1,-0.8875151110697495,0.0850492518807105,3,0.0,-1.6381410992142915,0.2546249253678617,1,0.5958340065513135,0.3796721288811475,-0.9614863916702532,2,1.153253590238697,2,-0.8513873586222853,-1.074168902548425,0.523315742874663,0,0,-1.1505541015749308,-0.4262300150429028,1.1914379855160335,0.0,-0.9320143892374164,-0.5502079870438897,0.1557070814399298,0.3380961637724818,-0.9810141559830952,-0.8915894197262932,-0.6791456840737199,-1.1559347102263289,0,1,0,0.4312329802909616,Normal
32,0.7748559575377005,2,1.627566030060636,1,0.0996387436715968,1.0617867539482455,4,0.0,-1.6364794715162267,1.1697805251007627,1,-1.2248070954894692,0.3796721288811475,-0.0577875452794142,0,1.153253590238697,1,-0.0080595898925179,0.6757062860104079,-0.2775943477299747,0,1,-0.6039107501479274,-0.4262300150429028,1.1914379855160335,0.0,-0.9320143892374164,-0.2930769296747854,1.707499689688721,1.754054456494842,-0.4911735278257753,-0.6154915796172451,-0.3687152874355457,-0.3148734873096303,0,1,0,0.48603302922579505,Normal
33,-0.7581699611438873,2,-1.679556345408556,1,-0.0237554881710714,-0.8916882501868245,3,0.0,-1.634817843818162,1.1697805251007627,1,0.841866587908176,-1.0261667362455194,-0.9614863916702532,2,0.2462002046576992,2,-0.9130061676249642,0.2535213156119874,-0.6780493930322936,0,0,-0.6039107501479274,-0.4262300150429028,-1.584178240646517,0.0,-0.9320143892374164,-0.1645114009902331,1.707499689688721,0.3380961637724818,0.4885077284888646,-1.1676872598353414,-0.3687152874355457,1.086895217551534,0,1,0,0.46786738751747514,Normal
34,0.2273467008657048,2,0.229352372066165,2,-0.5173324155417446,0.0850492518807105,5,0.0,-1.633156216120097,1.1697805251007627,1,-0.4867093514188816,0.3796721288811475,-0.0577875452794142,8,1.153253590238697,1,-0.9385036058329692,-1.5428729226145808,0.1228606975723441,0,0,-0.3305890744344257,-0.4262300150429028,0.2662325767951835,0.0,0.241988311858558,0.9925783571707368,2.4833959938131165,1.754054456494842,-0.9810141559830952,-1.1676872598353414,-0.6791456840737199,-1.1559347102263289,1,-1,1,0.5074673640783952,Anomaly
35,-1.4151810691502822,2,0.0260659891662596,1,-1.010909342912418,0.0850492518807105,3,0.0,-1.6281713330259022,-0.6605306743650393,1,-0.2406767700620191,0.3796721288811475,-0.9614863916702532,6,1.153253590238697,1,-0.8945205249241606,-1.587143317313483,-0.2775943477299747,0,1,0.2160542769925777,-0.4262300150429028,-1.584178240646517,0.0,0.241988311858558,-0.678773515728442,-0.6201892226844657,-1.0778621289498782,-0.8177339465973219,-1.1676872598353414,-0.0582848907973714,-1.1559347102263289,1,1,0,0.4856716408528948,Normal
36,0.6653541062033014,2,1.1664530151901191,1,-0.8875151110697495,-0.8916882501868245,3,0.0,-1.6265097053278377,1.1697805251007627,0,0.3005949089230785,1.7855109940078144,-0.9614863916702532,6,0.2462002046576992,0,-0.8197280395140124,1.0695019874273102,-0.6780493930322936,0,0,-0.8772324258614291,-0.4262300150429028,1.1914379855160335,0.0,1.4159910129545328,-0.678773515728442,0.1557070814399298,-1.0778621289498782,-0.3278933184400019,-0.339393739508197,-0.3687152874355457,-0.0345197463373974,0,1,0,0.45916888135002276,Normal
37,1.4318670655440953,2,0.1648957140735121,2,-0.7641208792270812,-0.8916882501868245,2,0.0,-1.6248480776297725,-1.5756862740979405,1,0.9894861367222936,-1.0261667362455194,-0.9614863916702532,8,0.2462002046576992,1,-0.8116538507481441,-1.4761159782273472,-0.6780493930322936,0,1,-0.3305890744344257,-0.4262300150429028,0.2662325767951835,0.0,-0.9320143892374164,-1.0644701017820986,-0.6201892226844657,0.3380961637724818,-0.6544537372115486,-0.6154915796172451,-0.6791456840737199,-0.5952272282818631,1,1,0,0.49500184305883993,Normal
38,-0.2106607044718917,2,0.2169568609137318,2,-0.8875151110697495,0.0850492518807105,2,0.0,-1.6215248222336427,1.1697805251007627,0,1.5307578157073911,0.3796721288811475,-0.9614863916702532,8,1.153253590238697,1,-0.9538020687577724,-0.6501568999878274,-0.6780493930322936,0,0,-0.6039107501479274,-0.4262300150429028,-1.584178240646517,0.0,-0.9320143892374164,-1.193035630466651,0.1557070814399298,0.3380961637724818,-0.8177339465973219,-0.6154915796172451,-0.0582848907973714,-0.5952272282818631,0,1,0,0.4580137870195063,Normal
39,-0.1011588531374925,2,0.122750976155239,1,-0.5173324155417446,1.0617867539482455,1,0.0,-1.618201566837513,-0.6605306743650393,0,0.7926600716368035,-1.0261667362455194,-0.9614863916702532,6,-1.5679065665042955,1,-0.6552695630723797,-0.174425833144068,2.5255909693862573,0,1,-0.3305890744344257,-0.4262300150429028,1.1914379855160335,0.0,0.241988311858558,-0.678773515728442,0.1557070814399298,1.754054456494842,-0.9810141559830952,-0.8915894197262932,-0.6791456840737199,-1.1559347102263289,0,1,0,0.4873656697355387,Normal
40,-0.42966440714069,1,0.8392115207658811,2,-1.010909342912418,0.0850492518807105,1,0.0,-1.616539939139448,0.2546249253678617,0,-1.1756005792180968,1.7855109940078144,-0.0577875452794142,7,-1.5679065665042955,1,-0.2394488416301638,-1.5628297354629748,-0.2775943477299747,0,0,1.036019304133083,-0.4262300150429028,-1.584178240646517,0.0,1.4159910129545328,-0.1645114009902331,0.1557070814399298,0.3380961637724818,-0.3278933184400019,-0.339393739508197,-0.3687152874355457,-0.3148734873096303,0,1,0,0.47334374468931034,Normal
41,-0.2106607044718917,2,-0.8391406892735814,1,-0.6407266473844129,-0.8916882501868245,4,0.0,-1.6148783114413832,0.2546249253678617,1,0.448214457737196,0.3796721288811475,-0.9614863916702532,2,1.153253590238697,0,-0.967188223816975,-0.4782753358076449,-0.6780493930322936,0,0,-0.8772324258614291,-0.4262300150429028,0.2662325767951835,0.0,0.241988311858558,-1.3216011591512031,0.1557070814399298,0.3380961637724818,-0.9810141559830952,-1.1676872598353414,-0.6791456840737199,-1.1559347102263289,0,1,0,0.43587349350759746,Normal
42,-1.0866755151470848,2,1.0846426415840595,1,-0.8875151110697495,1.0617867539482455,1,0.0,-1.6132166837433182,1.1697805251007627,0,-1.6184592256604493,0.3796721288811475,-0.9614863916702532,2,-1.5679065665042955,0,-0.8843215496409585,0.7591876017283379,-0.6780493930322936,0,0,-0.6039107501479274,-0.4262300150429028,1.1914379855160335,0.0,0.241988311858558,-1.3216011591512031,2.4833959938131165,0.3380961637724818,-0.9810141559830952,-1.1676872598353414,-0.6791456840737199,-1.1559347102263289,0,1,0,0.4926275136735354,Normal
43,-1.196177366481484,2,1.3746976025509978,1,1.950552221311621,0.0850492518807105,1,0.0,-1.6115550560452534,-1.5756862740979405,1,-0.8803614815898617,-2.432005601372186,-0.9614863916702532,2,0.2462002046576992,2,-0.8945205249241606,-0.5277457451219738,-0.6780493930322936,0,0,-0.8772324258614291,-0.4262300150429028,0.2662325767951835,0.0,-0.9320143892374164,-1.3216011591512031,-0.6201892226844657,-1.0778621289498782,-0.9810141559830952,-1.1676872598353414,-0.6791456840737199,-0.8755809692540959,1,-1,1,0.5138075222108108,Anomaly
44,-1.0866755151470848,1,0.4747834928843435,2,-0.1471497200137397,0.0850492518807105,1,0.0,-1.6098934283471884,1.1697805251007627,1,-1.4216331605749593,0.3796721288811475,0.8459113011114247,7,0.2462002046576992,2,0.4723546416766441,-1.5934676594133264,-0.6780493930322936,0,0,-0.0572673987209239,-0.4262300150429028,1.1914379855160335,0.0,-0.9320143892374164,-0.2930769296747854,-2.171981830933257,0.3380961637724818,0.3252275191030913,1.041095461037043,-0.3687152874355457,0.8065414765793012,0,1,0,0.47458432928031424,Normal
45,-0.7581699611438873,1,-0.2020114160385122,1,-1.010909342912418,-0.8916882501868245,3,0.0,-1.6082318006491236,0.2546249253678617,0,-0.3882963188761366,0.3796721288811475,-0.0577875452794142,2,1.153253590238697,2,-0.5294822012462215,-0.496405116493862,-0.6780493930322936,0,0,2.1293060069870897,2.346151056253851,1.1914379855160335,0.0,-0.9320143892374164,0.0926196563788712,-0.6201892226844657,0.3380961637724818,0.8150681472604113,1.041095461037043,0.2521455058408027,0.8065414765793012,0,1,0,0.49384727176420956,Normal
46,0.4463504035345031,2,1.3821349092424575,1,0.3464272073569334,0.0850492518807105,5,0.0,-1.6065701729510586,-0.6605306743650393,0,-0.8311549653184892,0.3796721288811475,2.6533089938931025,5,0.2462002046576992,1,2.7711611747800338,0.2764294881069749,-0.6780493930322936,0,0,-0.8772324258614291,-0.4262300150429028,1.1914379855160335,0.0,-0.9320143892374164,1.5068404719089457,-2.171981830933257,0.3380961637724818,2.447870241118145,2.97378034180038,3.977310265498893,1.086895217551534,1,-1,1,0.5776881309180366,Anomaly
47,-0.3201625558062908,0,0.6507997512488957,2,1.7037637576262843,1.0617867539482455,2,0.0,-1.6032469175549289,-0.6605306743650393,1,0.3005949089230785,0.3796721288811475,-0.0577875452794142,7,0.2462002046576992,2,-0.4111315922307312,-0.6013891953512589,-1.0785044383346123,0,0,1.3093409798465847,2.346151056253851,0.2662325767951835,0.0,-0.9320143892374164,-0.1645114009902331,-0.6201892226844657,0.3380961637724818,0.3252275191030913,0.212801940709899,1.8042974890316736,0.8065414765793012,0,-1,1,0.5100725370069913,Anomaly
48,0.0083429981969065,2,-0.977970414180834,1,1.2101868302556114,-0.8916882501868245,1,0.0,-1.601585289856864,-0.6605306743650393,1,0.349801425194451,0.3796721288811475,-0.9614863916702532,6,-0.6608531809232983,1,-0.7396235878105298,-0.5742647947897093,0.523315742874663,0,0,1.5826626555600865,2.346151056253851,-1.584178240646517,0.0,-0.9320143892374164,-0.4216424583593375,-1.3960855268088614,0.3380961637724818,-0.9810141559830952,-1.1676872598353414,-0.6791456840737199,-1.1559347102263289,0,1,0,0.48181593613361634,Normal
49,0.9938596602064989,1,1.0127486768999467,2,-0.5173324155417446,1.0617867539482455,2,0.0,-1.599923662158799,-1.5756862740979405,1,1.5799643319787635,0.3796721288811475,-0.0577875452794142,7,1.153253590238697,2,-0.1553072955437471,0.8617824846813495,0.523315742874663,0,1,1.5826626555600865,2.346151056253851,0.2662325767951835,0.0,-0.9320143892374164,0.3497507137479757,0.9316033855643254,0.3380961637724818,0.3252275191030913,0.4888997808189471,-0.6791456840737199,1.086895217551534,0,-1,1,0.5274390296549755,Anomaly
50,-0.2106607044718917,2,1.0573725170487065,1,-0.1471497200137397,-1.86842575225436,1,0.0,-1.598262034460734,1.1697805251007627,1,-1.4708396768463317,1.7855109940078144,-0.9614863916702532,2,1.153253590238697,1,-0.8996200125657616,-1.3240506859600067,-0.6780493930322936,0,0,1.036019304133083,-0.4262300150429028,1.1914379855160335,0.0,-0.9320143892374164,-1.3216011591512031,-0.6201892226844657,0.3380961637724818,-0.9810141559830952,-1.1676872598353414,-0.6791456840737199,-0.8755809692540959,0,1,0,0.47610149108292343,Normal
51,1.2128633628752972,2,-0.437526127934744,1,-1.010909342912418,-0.8916882501868245,1,0.0,-1.5966004067626691,-1.5756862740979405,1,1.5799643319787635,-1.0261667362455194,0.8459113011114247,2,0.2462002046576992,2,-0.2383864483714969,0.7000198678609162,2.5255909693862573,0,1,-0.6039107501479274,-0.4262300150429028,1.1914379855160335,0.0,-0.9320143892374164,1.5068404719089457,-0.6201892226844657,0.3380961637724818,-0.9810141559830952,-1.1676872598353414,-0.6791456840737199,-1.1559347102263289,1,-1,1,0.5470410283767642,Anomaly
52,-0.9771736638126856,2,1.5655884742984698,1,-0.5173324155417446,1.0617867539482455,5,0.0,-1.5949387790646044,0.2546249253678617,1,-0.7819484490471167,0.3796721288811475,-0.9614863916702532,2,0.2462002046576992,2,-0.6505950327342455,-0.4404698241441379,-0.6780493930322936,0,1,-0.6039107501479274,-0.4262300150429028,0.2662325767951835,0.0,-0.9320143892374164,-1.193035630466651,0.1557070814399298,-1.0778621289498782,-0.8177339465973219,-0.6154915796172451,-0.0582848907973714,-0.5952272282818631,1,1,0,0.4891819565874743,Normal
53,0.7748559575377005,2,1.699459994744749,2,-1.010909342912418,2.038524256015781,2,0.0,-1.5899538959704096,-0.6605306743650393,0,0.448214457737196,0.3796721288811475,-0.0577875452794142,7,-1.5679065665042955,0,-0.2228755067949605,-1.448148332052485,0.9237707881769818,0,1,1.5826626555600865,2.346151056253851,0.2662325767951835,0.0,0.241988311858558,-0.2930769296747854,-0.6201892226844657,-1.0778621289498782,-0.4911735278257753,-0.339393739508197,-0.3687152874355457,-0.3148734873096303,0,-1,1,0.525828895378301,Anomaly
54,-0.2106607044718917,0,0.7301310226244685,1,0.2230329755142651,-0.8916882501868245,3,0.0,-1.5866306405742798,0.2546249253678617,1,0.645040522822686,-1.0261667362455194,0.8459113011114247,0,-1.5679065665042955,1,0.7184049203838929,-0.8448060957274455,-0.2775943477299747,0,1,-0.6039107501479274,-0.4262300150429028,0.2662325767951835,0.0,0.241988311858558,-0.1645114009902331,0.1557070814399298,0.3380961637724818,-0.4911735278257753,-1.1676872598353414,-0.0582848907973714,-0.3148734873096303,0,1,0,0.4889553808225614,Normal
55,-1.196177366481484,2,1.5879003943728498,2,1.7037637576262843,0.0850492518807105,2,0.0,-1.58330738517815,0.2546249253678617,0,-0.929567997861234,-1.0261667362455194,-0.0577875452794142,7,1.153253590238697,1,-0.4984603180931486,1.0010585518134516,1.7246808787816197,0,1,1.036019304133083,-0.4262300150429028,0.2662325767951835,0.0,0.241988311858558,-0.8073390444129942,-0.6201892226844657,-1.0778621289498782,-0.8177339465973219,-0.6154915796172451,-0.6791456840737199,-1.1559347102263289,0,1,0,0.49676226040486005,Normal
56,-0.42966440714069,1,-0.7127064755187623,1,-1.010909342912418,-0.8916882501868245,1,0.0,-1.581645757480085,-1.5756862740979405,0,1.5799643319787635,0.3796721288811475,0.8459113011114247,5,1.153253590238697,2,1.477803621678977,0.1170560671909267,-0.6780493930322936,0,1,-0.8772324258614291,-0.4262300150429028,0.2662325767951835,0.0,-0.9320143892374164,0.4783162424325279,-1.3960855268088614,0.3380961637724818,1.304908775417731,2.6976825016913315,1.8042974890316736,2.2083101814404653,0,-1,1,0.5309606320823995,Anomaly
57,-0.2106607044718917,1,0.1252300783857257,2,1.0867925984129432,2.038524256015781,1,0.0,-1.5799841297820203,-0.6605306743650393,1,0.251388392651706,0.3796721288811475,0.8459113011114247,7,-1.5679065665042955,1,0.5452348192211919,-0.4612698826058444,-0.6780493930322936,0,0,1.855984331273588,2.346151056253851,1.1914379855160335,0.0,0.241988311858558,-0.2930769296747854,0.1557070814399298,-1.0778621289498782,0.3252275191030913,1.041095461037043,-0.3687152874355457,1.086895217551534,0,-1,1,0.51391804300337,Anomaly
58,-0.2106607044718917,2,0.8416906229963679,1,1.7037637576262843,1.0617867539482455,3,0.0,-1.5783225020839553,0.2546249253678617,0,-1.7660787744745667,0.3796721288811475,-0.9614863916702532,2,-1.5679065665042955,1,-0.5288447652910213,0.2373591080234992,0.1228606975723441,0,1,-0.0572673987209239,-0.4262300150429028,0.2662325767951835,0.0,0.241988311858558,-0.9359045730975464,0.1557070814399298,0.3380961637724818,-0.8177339465973219,-0.6154915796172451,-0.0582848907973714,-0.5952272282818631,0,1,0,0.46210115158072934,Normal
59,-0.6486681098094882,2,-0.3656321632506311,1,-0.270543951856408,1.0617867539482455,1,0.0,-1.5766608743858903,1.1697805251007627,1,-0.8803614815898617,0.3796721288811475,-0.0577875452794142,2,1.153253590238697,0,-0.1249228483458744,-0.6725029087406067,0.1228606975723441,0,0,1.855984331273588,2.346151056253851,1.1914379855160335,0.0,0.241988311858558,-0.1645114009902331,0.1557070814399298,-1.0778621289498782,-0.0013328996684553,0.7649976209279952,-0.3687152874355457,0.8065414765793012,0,1,0,0.4745908947674441,Normal
60,0.0083429981969065,2,0.7747548627732282,1,-1.010909342912418,1.0617867539482455,1,0.0,-1.5749992466878255,-1.5756862740979405,1,-0.7327419327757442,-1.0261667362455194,-0.0577875452794142,4,0.2462002046576992,0,-0.1083495135106711,-1.6336623669812185,-0.6780493930322936,0,0,0.7626976284195812,-0.4262300150429028,0.2662325767951835,0.0,0.241988311858558,-0.5502079870438897,-0.6201892226844657,1.754054456494842,-0.0013328996684553,0.212801940709899,-0.6791456840737199,0.8065414765793012,0,1,0,0.4482546088070416,Normal
61,-0.5391662584750891,2,-0.9308674718015876,1,-1.010909342912418,0.0850492518807105,3,0.0,-1.5733376189897608,-1.5756862740979405,1,-1.6184592256604493,0.3796721288811475,-0.0577875452794142,4,1.153253590238697,1,-0.0724406213677307,-0.4829131866808632,-0.6780493930322936,0,1,1.855984331273588,2.346151056253851,-0.6589728319256667,0.0,0.241988311858558,-0.2930769296747854,0.1557070814399298,0.3380961637724818,0.3252275191030913,1.041095461037043,1.4938670923934996,1.086895217551534,0,1,0,0.48958703811256804,Normal
62,0.1178448495313057,1,-0.3705903677116045,1,2.4441291486822943,2.038524256015781,1,0.0,-1.5716759912916958,1.1697805251007627,0,-0.7819484490471167,0.3796721288811475,-0.0577875452794142,2,1.153253590238697,2,-0.8705104372782891,-1.2447855983086389,-0.6780493930322936,0,0,-1.1505541015749308,-0.4262300150429028,1.1914379855160335,0.0,-0.9320143892374164,-0.1645114009902331,-0.6201892226844657,0.3380961637724818,0.4885077284888646,-0.339393739508197,2.114727885669848,1.3672489585237668,0,-1,1,0.5084886696710551,Anomaly
63,1.4318670655440953,2,0.4623879817319102,1,-0.270543951856408,-0.8916882501868245,3,0.0,-1.5700143635936308,-0.6605306743650393,0,-1.1263940629467242,-1.0261667362455194,2.6533089938931025,5,0.2462002046576992,0,2.6001158601346663,0.3355972219743967,0.9237707881769818,0,1,-0.8772324258614291,-0.4262300150429028,1.1914379855160335,0.0,0.241988311858558,2.2782336440162587,-0.6201892226844657,-1.0778621289498782,3.264271288047011,-0.339393739508197,3.3564494722225446,1.086895217551534,0,-1,1,0.5623750674932809,Anomaly
64,2.417383727553688,2,1.5680675765289565,2,1.950552221311621,0.0850492518807105,1,0.0,-1.568352735895566,-1.5756862740979405,0,1.629170848250136,0.3796721288811475,0.8459113011114247,7,-1.5679065665042955,2,0.2409653899389981,-1.680743580391162,1.7246808787816197,0,0,-1.1505541015749308,-0.4262300150429028,1.1914379855160335,0.0,-0.9320143892374164,2.1496681153317065,0.1557070814399298,-1.0778621289498782,2.284590031732371,3.249878181909428,1.4938670923934996,1.3672489585237668,0,-1,1,0.5881506552097806,Anomaly
65,-0.1011588531374925,2,1.0424979036657869,1,-0.1471497200137397,0.0850492518807105,5,0.0,-1.5650294804994362,0.2546249253678617,0,-0.3390898026047641,0.3796721288811475,0.8459113011114247,0,0.2462002046576992,0,0.7634503945513685,-0.8588601892826525,-0.6780493930322936,0,0,-0.6039107501479274,-0.4262300150429028,-0.6589728319256667,0.0,2.5899937140505074,0.7354472998016324,-0.6201892226844657,0.3380961637724818,1.6314691941892778,2.6976825016913315,3.0460190755843706,1.086895217551534,0,-1,1,0.5274452911236394,Anomaly
66,1.979376322216091,2,0.0830853404674526,1,-0.1471497200137397,0.0850492518807105,3,0.0,-1.5633678528013712,1.1697805251007627,0,-1.6184592256604493,0.3796721288811475,1.7496101475022634,3,0.2462002046576992,0,1.7536009116288984,0.761295715761619,-0.2775943477299747,0,1,-0.3305890744344257,-0.4262300150429028,0.2662325767951835,0.0,2.5899937140505074,1.2497094145398413,-0.6201892226844657,0.3380961637724818,-0.3278933184400019,-1.1676872598353414,-0.6791456840737199,-0.5952272282818631,0,-1,1,0.5008005242180199,Anomaly
67,-0.1011588531374925,1,0.9730830412121604,1,0.2230329755142651,0.0850492518807105,1,0.0,-1.5617062251033065,-0.6605306743650393,1,1.432344783164646,-1.0261667362455194,-0.0577875452794142,4,-0.6608531809232983,2,-0.0008353157335831,1.172518493186978,-0.6780493930322936,0,0,-0.6039107501479274,-0.4262300150429028,0.2662325767951835,0.0,-0.9320143892374164,-0.678773515728442,0.1557070814399298,0.3380961637724818,-0.1646131090542286,0.212801940709899,-0.6791456840737199,-0.3148734873096303,0,1,0,0.45107379974281675,Normal
68,0.8843578088720997,2,1.330073762402238,1,-0.270543951856408,0.0850492518807105,1,0.0,-1.5600445974052417,-0.6605306743650393,1,-0.3390898026047641,0.3796721288811475,0.8459113011114247,6,-1.5679065665042955,0,0.6844083361065528,0.6287656135360162,-0.2775943477299747,0,0,0.4893759527060795,-0.4262300150429028,0.2662325767951835,0.0,0.241988311858558,1.76397152927805,-0.6201892226844657,0.3380961637724818,-0.9810141559830952,-1.1676872598353414,-0.6791456840737199,-1.1559347102263289,0,1,0,0.4573939947406195,Normal
69,-0.2106607044718917,1,-0.3433202431762513,1,-1.010909342912418,0.0850492518807105,3,0.0,-1.5567213420091115,-0.6605306743650393,1,0.645040522822686,0.3796721288811475,-0.9614863916702532,6,-1.5679065665042955,1,-0.9155559114457648,-1.1868827328611855,0.523315742874663,0,0,-0.6039107501479274,-0.4262300150429028,1.1914379855160335,0.0,0.241988311858558,-0.8073390444129942,-0.6201892226844657,-1.0778621289498782,-0.6544537372115486,-0.6154915796172451,-0.3687152874355457,-0.5952272282818631,0,1,0,0.4436630701871909,Normal
70,-0.1011588531374925,2,-1.2010896149246324,1,-0.0237554881710714,0.0850492518807105,3,0.0,-1.553398086612982,1.1697805251007627,1,0.645040522822686,-1.0261667362455194,-0.9614863916702532,6,0.2462002046576992,1,-0.6618564012761143,1.0489830108367078,-1.0785044383346123,0,1,0.4893759527060795,-0.4262300150429028,-1.584178240646517,0.0,0.241988311858558,-1.193035630466651,-2.171981830933257,-1.0778621289498782,-0.9810141559830952,-1.1676872598353414,-0.6791456840737199,-1.1559347102263289,1,1,0,0.49453059191311843,Normal
71,2.417383727553688,1,1.04745610812676,2,-1.010909342912418,-1.86842575225436,1,0.0,-1.551736458914917,-1.5756862740979405,0,-0.4375028351475091,-1.0261667362455194,-0.0577875452794142,7,0.2462002046576992,2,-0.2188384124120264,1.4552868555177445,1.7246808787816197,0,0,-1.1505541015749308,-0.4262300150429028,1.1914379855160335,0.0,-0.9320143892374164,1.121143885855289,-0.6201892226844657,-1.0778621289498782,-0.4911735278257753,-0.339393739508197,-0.3687152874355457,-0.3148734873096303,0,-1,1,0.5218651893106201,Anomaly
72,-0.8676718124782865,2,1.3028036378668848,1,-0.8875151110697495,0.0850492518807105,1,0.0,-1.5467515758207222,0.2546249253678617,1,0.4974209740085685,0.3796721288811475,-0.9614863916702532,6,-0.6608531809232983,1,-0.8074042777134766,-1.3150560660846742,-1.0785044383346123,0,0,2.1293060069870897,2.346151056253851,1.1914379855160335,0.0,0.241988311858558,-0.678773515728442,0.1557070814399298,0.3380961637724818,-0.3278933184400019,-0.063295899399149,-0.6791456840737199,-0.0345197463373974,0,1,0,0.4696097930256256,Normal
73,-0.6486681098094882,2,0.6929444891671688,1,-1.010909342912418,1.0617867539482455,3,0.0,-1.5450899481226574,0.2546249253678617,1,1.038692652993666,0.3796721288811475,-0.9614863916702532,6,-0.6608531809232983,2,-0.8503249653636185,0.6270791223093914,-0.6780493930322936,0,0,0.4893759527060795,-0.4262300150429028,-0.6589728319256667,0.0,-0.9320143892374164,-1.3216011591512031,0.9316033855643254,0.3380961637724818,-0.9810141559830952,-0.8915894197262932,-0.3687152874355457,-1.1559347102263289,0,1,0,0.4448716559160692,Normal
74,-0.5391662584750891,2,-0.6308961019127028,1,-1.010909342912418,0.0850492518807105,1,0.0,-1.5434283204245924,-0.6605306743650393,1,0.0053558112948434,0.3796721288811475,-0.0577875452794142,6,-0.6608531809232983,1,-0.0601168595671949,-0.9791632301152252,-0.6780493930322936,0,0,0.4893759527060795,-0.4262300150429028,-0.6589728319256667,0.0,1.4159910129545328,-0.1645114009902331,0.1557070814399298,0.3380961637724818,0.4885077284888646,-0.063295899399149,-0.6791456840737199,1.3672489585237668,0,1,0,0.4278151818675275,Normal
75,-0.1011588531374925,2,-1.6622026297951495,1,-0.3939381836990763,0.0850492518807105,1,0.0,-1.5417666927265277,-0.6605306743650393,0,-0.5359158676902541,1.7855109940078144,-0.9614863916702532,2,1.153253590238697,1,-0.7362239293827958,1.0806047213359238,0.1228606975723441,0,0,-0.8772324258614291,-0.4262300150429028,-0.6589728319256667,0.0,-0.9320143892374164,-0.8073390444129942,0.1557070814399298,0.3380961637724818,-0.9810141559830952,-1.1676872598353414,-0.6791456840737199,-1.1559347102263289,0,1,0,0.45977684367819077,Normal
76,-0.6486681098094882,2,-0.1400338602763459,1,-0.1471497200137397,1.0617867539482455,1,0.0,-1.540105065028463,0.2546249253678617,0,-0.2406767700620191,0.3796721288811475,-0.0577875452794142,4,1.153253590238697,2,-0.4417285180803373,0.8950906864071904,-0.6780493930322936,0,0,2.1293060069870897,2.346151056253851,1.1914379855160335,0.0,-0.9320143892374164,-0.0359458723056809,-0.6201892226844657,0.3380961637724818,0.651787937874638,0.7649976209279952,-0.3687152874355457,1.086895217551534,0,1,0,0.47607402583506264,Normal
77,-0.2106607044718917,2,-0.0656607933617463,2,-1.010909342912418,1.0617867539482455,2,0.0,-1.536781809632333,0.2546249253678617,1,-1.6676657419318217,-1.0261667362455194,-0.0577875452794142,7,-1.5679065665042955,2,-0.4655261270744754,1.2231132299857237,-1.0785044383346123,0,0,-0.3305890744344257,-0.4262300150429028,-0.6589728319256667,0.0,-0.9320143892374164,0.6068817711170802,-0.6201892226844657,0.3380961637724818,1.304908775417731,2.421584661582284,-0.0582848907973714,1.086895217551534,0,1,0,0.4819960408572498,Normal
78,0.8843578088720997,2,-1.5109773937354638,1,-0.3939381836990763,1.0617867539482455,4,0.0,-1.535120181934268,1.1697805251007627,1,-0.6835354165043717,0.3796721288811475,0.8459113011114247,5,-1.5679065665042955,1,1.432545668859768,0.1059533332823131,0.523315742874663,0,1,-0.3305890744344257,-0.4262300150429028,-0.6589728319256667,0.0,-0.9320143892374164,0.7354472998016324,0.1557070814399298,1.754054456494842,-1.1442943653688686,-1.1676872598353414,-0.6791456840737199,-1.1559347102263289,0,1,0,0.4883895396380637,Normal
79,0.0083429981969065,2,-1.0052405387161871,1,-0.270543951856408,1.0617867539482455,3,0.0,-1.5334585542362031,-1.5756862740979405,1,-1.7660787744745667,0.3796721288811475,0.8459113011114247,5,0.2462002046576992,2,1.5215742239360524,1.538206007493466,0.523315742874663,0,0,-0.6039107501479274,-0.4262300150429028,-1.584178240646517,0.0,-0.9320143892374164,0.6068817711170802,0.1557070814399298,1.754054456494842,-0.3278933184400019,-0.6154915796172451,-0.6791456840737199,-0.5952272282818631,0,1,0,0.47450401135132064,Normal
80,0.9938596602064989,2,0.3533074835904976,0,-0.5173324155417446,-0.8916882501868245,3,0.0,-1.531796926538138,-0.6605306743650393,1,0.6942470390940585,0.3796721288811475,-0.0577875452794142,1,-0.6608531809232983,0,-0.3148787629955121,-0.5464376895503993,2.1251359240839385,0,1,1.855984331273588,2.346151056253851,1.1914379855160335,0.0,0.241988311858558,0.6068817711170802,-0.6201892226844657,0.3380961637724818,-0.4911735278257753,-0.6154915796172451,-0.6791456840737199,-0.5952272282818631,0,-1,1,0.5110306500204466,Anomaly
81,-0.7581699611438873,2,0.122750976155239,1,-1.010909342912418,-1.86842575225436,1,0.0,-1.5301352988400734,1.1697805251007627,1,-0.5359158676902541,-1.0261667362455194,-0.0577875452794142,2,1.153253590238697,1,-0.2925685045635077,0.2367969442812909,-0.6780493930322936,0,1,-0.8772324258614291,-0.4262300150429028,0.2662325767951835,0.0,1.4159910129545328,-0.1645114009902331,-1.3960855268088614,-1.0778621289498782,0.4885077284888646,1.041095461037043,0.2521455058408027,-1.1559347102263289,0,1,0,0.4705722103606174,Normal
82,-0.2106607044718917,2,1.0201859835914069,1,-1.010909342912418,0.0850492518807105,3,0.0,-1.5284736711420084,-0.6605306743650393,1,-1.7660787744745667,-1.0261667362455194,-0.9614863916702532,6,0.2462002046576992,2,-0.77425760804307,1.6815577617565782,-0.6780493930322936,0,0,0.7626976284195812,-0.4262300150429028,-1.584178240646517,0.0,-0.9320143892374164,-0.678773515728442,0.1557070814399298,0.3380961637724818,-0.1646131090542286,-0.063295899399149,-0.6791456840737199,-0.0345197463373974,0,1,0,0.45143279081679855,Normal
83,1.979376322216091,2,-1.7142637766353692,2,-1.010909342912418,-0.8916882501868245,1,0.0,-1.5268120434439436,-1.5756862740979405,1,0.2021818763803334,0.3796721288811475,0.8459113011114247,7,1.153253590238697,1,0.7938348417492412,0.5310896633273271,0.1228606975723441,0,0,-0.3305890744344257,-0.4262300150429028,1.1914379855160335,0.0,0.241988311858558,1.6354060005934978,0.9316033855643254,0.3380961637724818,-0.9810141559830952,-1.1676872598353414,-0.3687152874355457,-1.1559347102263289,0,1,0,0.4933006438140276,Normal
84,0.1178448495313057,0,-0.5689185461505365,1,-0.3939381836990763,0.0850492518807105,3,0.0,-1.5251504157458786,-0.6605306743650393,0,0.645040522822686,-2.432005601372186,-0.0577875452794142,6,1.153253590238697,0,-0.2494353382616325,0.1973049413911591,1.7246808787816197,0,1,-0.8772324258614291,-0.4262300150429028,1.1914379855160335,0.0,2.5899937140505074,0.7354472998016324,0.1557070814399298,0.3380961637724818,0.9783483566461848,1.8693889813641875,-0.3687152874355457,1.3672489585237668,0,-1,1,0.5345734702625043,Anomaly
85,-0.3201625558062908,2,0.868960747531721,1,-1.010909342912418,-0.8916882501868245,3,0.0,-1.520165532651684,-1.5756862740979405,1,1.3831382668932737,0.3796721288811475,-0.0577875452794142,4,-0.6608531809232983,1,-0.4627639046019415,0.4810570902707899,-0.6780493930322936,0,0,-0.0572673987209239,-0.4262300150429028,0.2662325767951835,0.0,-0.9320143892374164,-0.8073390444129942,-0.6201892226844657,0.3380961637724818,-0.3278933184400019,-0.6154915796172451,-0.3687152874355457,-0.3148734873096303,0,1,0,0.42680134082009796,Normal
86,2.08887817355049,2,1.4812989984619238,1,-0.270543951856408,0.0850492518807105,1,0.0,-1.516842277255554,1.1697805251007627,1,-0.8311549653184892,-2.432005601372186,0.8459113011114247,4,1.153253590238697,2,0.1608609382355156,1.037880276928094,0.523315742874663,0,0,-1.1505541015749308,-0.4262300150429028,-1.584178240646517,0.0,-0.9320143892374164,3.3067578734926766,0.1557070814399298,-1.0778621289498782,-0.1646131090542286,-0.063295899399149,-0.6791456840737199,-0.5952272282818631,0,1,0,0.49505600028804203,Normal
87,-1.5246829204846812,2,-0.6482498175261093,2,-0.8875151110697495,-1.86842575225436,5,0.0,-1.515180649557489,0.2546249253678617,1,-0.1914702537906465,0.3796721288811475,-0.9614863916702532,8,-1.5679065665042955,0,-0.8883586440238926,-0.6739083180961274,0.1228606975723441,0,0,-0.6039107501479274,-0.4262300150429028,0.2662325767951835,0.0,0.241988311858558,-1.0644701017820986,0.1557070814399298,0.3380961637724818,-1.1442943653688686,-1.1676872598353414,-0.6791456840737199,-1.1559347102263289,0,1,0,0.48242119809999245,Normal
88,1.5413689168784943,2,-0.9184719606491544,1,-0.0237554881710714,1.0617867539482455,1,0.0,-1.5101957664632946,1.1697805251007627,1,1.4815512994360187,0.3796721288811475,-0.9614863916702532,2,1.153253590238697,1,-0.9408408710020364,0.6200520755317879,0.1228606975723441,0,0,2.1293060069870897,2.346151056253851,-0.6589728319256667,0.0,1.4159910129545328,-0.1645114009902331,0.9316033855643254,0.3380961637724818,-0.4911735278257753,-0.6154915796172451,-0.6791456840737199,-0.3148734873096303,0,1,0,0.4926463456011434,Normal
89,-0.7581699611438873,2,-1.275462681839232,1,-0.8875151110697495,0.0850492518807105,1,0.0,-1.5085341387652296,0.2546249253678617,1,1.629170848250136,-1.0261667362455194,-0.0577875452794142,0,1.153253590238697,1,-0.4995227113518155,0.2131860671085431,-0.6780493930322936,0,0,1.036019304133083,-0.4262300150429028,-1.584178240646517,0.0,2.5899937140505074,-0.0359458723056809,0.1557070814399298,0.3380961637724818,0.651787937874638,1.5932911412551394,2.4251582823080224,1.086895217551534,0,-1,1,0.5017047398283518,Anomaly
90,0.9938596602064989,2,-0.330924732023818,2,-0.0237554881710714,-0.8916882501868245,3,0.0,-1.5068725110671648,0.2546249253678617,1,-0.0930572212479015,-1.0261667362455194,0.8459113011114247,7,1.153253590238697,2,0.6620980776745484,-0.1007823829147829,-0.6780493930322936,0,0,0.2160542769925777,-0.4262300150429028,1.1914379855160335,0.0,-0.9320143892374164,-0.2930769296747854,0.1557070814399298,0.3380961637724818,0.3252275191030913,1.041095461037043,0.5625759024789769,0.8065414765793012,1,1,0,0.48718623860581106,Normal
91,0.3368485522001039,1,-0.6755199420614625,1,-1.010909342912418,1.0617867539482455,1,0.0,-1.5052108833690998,0.2546249253678617,1,0.5958340065513135,-1.0261667362455194,1.7496101475022634,0,-0.6608531809232983,1,1.487365161006979,-0.0278416373632582,-0.6780493930322936,0,0,1.855984331273588,2.346151056253851,1.1914379855160335,0.0,0.241988311858558,1.3782749432243937,0.1557070814399298,-1.0778621289498782,2.447870241118145,-0.339393739508197,2.7355886789461965,1.9279564404682328,0,-1,1,0.5536023039331399,Anomaly
92,1.5413689168784943,2,-0.4226515145518241,2,1.456975293940948,1.0617867539482455,2,0.0,-1.503549255671035,0.2546249253678617,1,0.251388392651706,0.3796721288811475,-0.0577875452794142,7,1.153253590238697,2,-0.2256377292674944,-0.8278006425256449,-1.0785044383346123,0,1,1.855984331273588,2.346151056253851,1.1914379855160335,0.0,-0.9320143892374164,-0.0359458723056809,-0.6201892226844657,-2.4938204216722384,0.4885077284888646,0.7649976209279952,-0.3687152874355457,-1.1559347102263289,0,-1,1,0.5260412873544514,Anomaly
93,-0.7581699611438873,2,1.3176782512498049,2,-0.6407266473844129,-0.8916882501868245,3,0.0,-1.50188762797297,0.2546249253678617,0,-0.142263737519274,-1.0261667362455194,-0.0577875452794142,7,-0.6608531809232983,0,-0.2749327764696376,0.7655119438281811,-0.6780493930322936,0,1,-0.8772324258614291,-0.4262300150429028,-0.6589728319256667,0.0,2.5899937140505074,-0.0359458723056809,0.9316033855643254,-1.0778621289498782,0.651787937874638,1.041095461037043,-0.0582848907973714,0.8065414765793012,0,1,0,0.4956033474612644,Normal
94,0.9938596602064989,1,-0.4077769011689042,1,-1.010909342912418,0.0850492518807105,3,0.0,-1.4969027448787753,0.2546249253678617,1,-1.2740136117608418,-1.0261667362455194,0.8459113011114247,0,-1.5679065665042955,1,0.8860505766015262,-1.5699973231761304,-0.2775943477299747,0,1,-0.6039107501479274,-0.4262300150429028,0.2662325767951835,0.0,0.241988311858558,1.2497094145398413,1.707499689688721,-1.0778621289498782,0.4885077284888646,1.3171933011460917,2.114727885669848,0.2458339946348354,0,-1,1,0.5207361716475153,Anomaly
95,-0.5391662584750891,2,0.7202146137025219,2,-0.3939381836990763,1.0617867539482455,3,0.0,-1.4952411171807105,-0.6605306743650393,1,1.038692652993666,0.3796721288811475,-0.0577875452794142,7,0.2462002046576992,2,-0.3172160281645793,1.4037083321701342,-0.6780493930322936,0,0,0.2160542769925777,-0.4262300150429028,-1.584178240646517,0.0,-0.9320143892374164,0.0926196563788712,-2.171981830933257,0.3380961637724818,0.651787937874638,1.041095461037043,0.8730062991171511,0.8065414765793012,0,1,0,0.46448549152747165,Normal
96,1.869874470881692,2,1.0276232902828666,1,-0.8875151110697495,1.0617867539482455,5,0.0,-1.4935794894826455,-1.5756862740979405,0,-0.2898832863333916,0.3796721288811475,0.8459113011114247,5,0.2462002046576992,1,1.497139178986714,1.361546051504513,2.5255909693862573,0,0,-0.8772324258614291,-0.4262300150429028,-1.584178240646517,0.0,0.241988311858558,0.6068817711170802,1.707499689688721,-2.4938204216722384,-0.4911735278257753,-0.339393739508197,-0.6791456840737199,-0.3148734873096303,0,-1,1,0.5255376372881684,Anomaly
97,-1.4151810691502822,2,1.3647811936290513,2,-0.7641208792270812,-0.8916882501868245,4,0.0,-1.4902562340865158,-1.5756862740979405,0,-1.6184592256604493,0.3796721288811475,-0.0577875452794142,7,0.2462002046576992,1,-0.3195532933336464,0.4505597072559906,-1.0785044383346123,0,0,1.5826626555600865,2.346151056253851,-1.584178240646517,0.0,0.241988311858558,-0.9359045730975464,-0.6201892226844657,-1.0778621289498782,-0.6544537372115486,-0.6154915796172451,-0.6791456840737199,-0.5952272282818631,0,-1,1,0.506854646253712,Anomaly
98,-0.9771736638126856,0,-1.6919518565609897,2,-0.6407266473844129,0.0850492518807105,3,0.0,-1.4885946063884508,-0.6605306743650393,1,-1.1263940629467242,0.3796721288811475,-0.0577875452794142,7,0.2462002046576992,1,-0.4848616843822125,-0.7659626308827338,-0.6780493930322936,0,0,-0.0572673987209239,-0.4262300150429028,-0.6589728319256667,0.0,-0.9320143892374164,-0.8073390444129942,0.1557070814399298,1.754054456494842,-0.3278933184400019,-0.063295899399149,-0.6791456840737199,-0.0345197463373974,0,1,0,0.4702437754196386,Normal
99,2.3078818762192883,2,-0.2986964030274915,2,0.0996387436715968,1.0617867539482455,3,0.0,-1.485271350992321,1.1697805251007627,1,-1.4216331605749593,0.3796721288811475,1.7496101475022634,7,0.2462002046576992,2,1.5657697834965945,1.418886753209758,-1.0785044383346123,0,0,-0.6039107501479274,-0.4262300150429028,0.2662325767951835,0.0,-0.9320143892374164,3.4353234021772288,-1.3960855268088614,-1.0778621289498782,4.897073381904744,1.5932911412551394,-0.3687152874355457,1.086895217551534,0,-1,1,0.5414580220153125,Anomaly
100,0.7748559575377005,0,-0.7771631335114152,1,1.7037637576262843,0.0850492518807105,3,0.0,-1.4836097232942562,-0.6605306743650393,1,0.0545623275662159,0.3796721288811475,-0.0577875452794142,2,-0.6608531809232983,1,-0.9478526665092378,1.507989706349771,0.523315742874663,0,0,-0.8772324258614291,-0.4262300150429028,0.2662325767951835,0.0,0.241988311858558,0.7354472998016324,0.1557070814399298,1.754054456494842,-0.6544537372115486,-0.6154915796172451,-0.3687152874355457,-0.5952272282818631,0,1,0,0.4779518087046292,Normal
101,0.0083429981969065,2,0.0111913757833397,0,-0.3939381836990763,1.0617867539482455,0,0.0,-1.4819480955961912,0.2546249253678617,1,-0.142263737519274,0.3796721288811475,-0.9614863916702532,1,-1.5679065665042955,0,-0.9412658283055032,1.311935101254632,0.523315742874663,0,1,1.855984331273588,2.346151056253851,1.1914379855160335,0.0,-0.9320143892374164,-0.5502079870438897,0.1557070814399298,0.3380961637724818,-0.6544537372115486,-0.6154915796172451,-0.6791456840737199,-0.5952272282818631,1,-1,1,0.5424824410131897,Anomaly
102,-0.5391662584750891,2,0.0607734203930728,1,-1.010909342912418,-1.86842575225436,1,0.0,-1.4802864678981262,1.1697805251007627,1,0.251388392651706,0.3796721288811475,-0.9614863916702532,6,-1.5679065665042955,2,-0.7536471788249326,0.1215533771285929,-0.6780493930322936,0,0,-0.6039107501479274,-0.4262300150429028,1.1914379855160335,0.0,-0.9320143892374164,-1.3216011591512031,-0.6201892226844657,0.3380961637724818,-0.9810141559830952,-1.1676872598353414,-0.6791456840737199,-1.1559347102263289,0,1,0,0.4525701118932681,Normal
103,-1.8531884744878788,1,0.1698539185344854,1,-0.3939381836990763,0.0850492518807105,1,0.0,-1.4753015848039317,1.1697805251007627,0,0.0053558112948434,-1.0261667362455194,-0.9614863916702532,2,1.153253590238697,2,-0.7600215383769339,0.7687443853458787,-0.6780493930322936,0,1,0.7626976284195812,-0.4262300150429028,-0.6589728319256667,0.0,-0.9320143892374164,-1.3216011591512031,1.707499689688721,0.3380961637724818,-0.9810141559830952,-1.1676872598353414,-0.3687152874355457,-1.1559347102263289,1,-1,1,0.5171710820573977,Anomaly
104,-0.3201625558062908,2,-0.3408411409457646,1,-0.3939381836990763,1.0617867539482455,4,0.0,-1.4736399571058667,-1.5756862740979405,0,-1.2248070954894692,0.3796721288811475,-0.0577875452794142,6,0.2462002046576992,2,-0.3599242371629877,-0.2573449851197897,-0.6780493930322936,0,0,-0.3305890744344257,-0.4262300150429028,0.2662325767951835,0.0,-0.9320143892374164,0.6068817711170802,0.1557070814399298,0.3380961637724818,1.4681889848035046,2.421584661582284,-0.0582848907973714,1.6476026994959998,0,1,0,0.46543865819725483,Normal
105,0.0083429981969065,0,0.5888221954867294,1,-0.8875151110697495,-0.8916882501868245,1,0.0,-1.471978329407802,0.2546249253678617,1,1.6783773645215088,-1.0261667362455194,-0.0577875452794142,0,1.153253590238697,0,-0.2847067944493728,0.2159968858195845,0.9237707881769818,0,0,-0.3305890744344257,-0.4262300150429028,1.1914379855160335,0.0,0.241988311858558,0.7354472998016324,-0.6201892226844657,1.754054456494842,-0.9810141559830952,-1.1676872598353414,-0.6791456840737199,-1.1559347102263289,0,-1,1,0.5032582263032215,Anomaly
106,2.417383727553688,0,1.5308810430716568,0,-0.8875151110697495,1.0617867539482455,0,0.0,-1.470316701709737,0.2546249253678617,0,-1.6676657419318217,-1.0261667362455194,2.6533089938931025,3,1.153253590238697,1,2.6222136399149374,1.069361446491758,2.5255909693862573,0,0,1.5826626555600865,2.346151056253851,1.1914379855160335,0.0,0.241988311858558,2.406799172700811,0.1557070814399298,0.3380961637724818,-0.6544537372115486,-0.6154915796172451,-0.0582848907973714,-0.5952272282818631,0,-1,1,0.6117196695940662,Anomaly
107,1.4318670655440953,1,0.7747548627732282,1,-1.010909342912418,0.0850492518807105,1,0.0,-1.468655074011672,-1.5756862740979405,0,0.349801425194451,0.3796721288811475,2.6533089938931025,5,-0.6608531809232983,1,2.4794279859501094,-0.6406001163702867,0.1228606975723441,0,1,1.036019304133083,-0.4262300150429028,-1.584178240646517,0.0,-0.9320143892374164,2.1496681153317065,-1.3960855268088614,-1.0778621289498782,0.161947309717318,-0.339393739508197,-0.6791456840737199,0.8065414765793012,0,-1,1,0.5279211944676486,Anomaly
108,-1.3056792178158831,2,-1.3944595889025913,2,-0.5173324155417446,0.0850492518807105,2,0.0,-1.4669934463136072,0.2546249253678617,1,-0.9787745141326066,-1.0261667362455194,-0.0577875452794142,7,0.2462002046576992,2,-0.1612566977922816,1.7772661388675384,-0.6780493930322936,0,1,-1.1505541015749308,-0.4262300150429028,1.1914379855160335,0.0,-0.9320143892374164,-0.678773515728442,-1.3960855268088614,0.3380961637724818,-0.1646131090542286,-0.063295899399149,-0.6791456840737199,-0.3148734873096303,1,-1,1,0.5031406929087587,Anomaly
109,-1.3056792178158831,2,1.1838067308035256,1,-0.270543951856408,-1.86842575225436,3,0.0,-1.4653318186155422,1.1697805251007627,1,-0.0930572212479015,-1.0261667362455194,-0.9614863916702532,6,1.153253590238697,1,-0.7678832484910688,1.76855260086331,-0.6780493930322936,0,0,-1.1505541015749308,-0.4262300150429028,0.2662325767951835,0.0,1.4159910129545328,-1.193035630466651,-0.6201892226844657,0.3380961637724818,-0.8177339465973219,-0.6154915796172451,-0.0582848907973714,-0.8755809692540959,0,1,0,0.4493701109084533,Normal
110,-1.6341847718190805,2,-0.6656035331395159,1,0.7166099028849382,0.0850492518807105,3,0.0,-1.4636701909174774,-0.6605306743650393,0,-0.3390898026047641,0.3796721288811475,-0.9614863916702532,2,1.153253590238697,2,-0.7717078642222696,1.3311892094252658,-0.6780493930322936,0,0,-0.0572673987209239,-0.4262300150429028,0.2662325767951835,0.0,-0.9320143892374164,-1.3216011591512031,1.707499689688721,0.3380961637724818,-1.1442943653688686,-1.1676872598353414,-0.6791456840737199,-1.1559347102263289,0,1,0,0.47322727220847277,Normal
111,1.5413689168784943,1,1.620128723369176,1,-1.010909342912418,1.0617867539482455,3,0.0,-1.4620085632194124,-1.5756862740979405,0,-1.7660787744745667,-1.0261667362455194,0.8459113011114247,0,-1.5679065665042955,2,0.2084561562237917,1.61381703082048,0.1228606975723441,0,0,1.3093409798465847,2.346151056253851,0.2662325767951835,0.0,-0.9320143892374164,1.5068404719089457,-1.3960855268088614,-1.0778621289498782,0.9783483566461848,2.145486821473236,3.0460190755843706,1.086895217551534,0,-1,1,0.5865766956091177,Anomaly
112,-0.3201625558062908,1,-0.3581948565591712,1,-0.270543951856408,0.0850492518807105,1,0.0,-1.4586853078232829,-1.5756862740979405,1,0.0053558112948434,-2.432005601372186,-0.0577875452794142,2,0.2462002046576992,2,-0.0911387427202677,1.2049834492995064,-0.6780493930322936,0,1,2.4026276827005915,2.346151056253851,1.1914379855160335,0.0,-0.9320143892374164,-0.2930769296747854,0.1557070814399298,0.3380961637724818,0.3252275191030913,0.7649976209279952,-0.6791456840737199,0.5261877356070683,1,-1,1,0.5432798873954565,Anomaly
113,1.869874470881692,0,-1.6374116074902831,0,2.073946453154289,0.0850492518807105,0,0.0,-1.4570236801252177,1.1697805251007627,0,-1.7660787744745667,1.7855109940078144,1.7496101475022634,3,1.153253590238697,2,2.3000960038871403,-0.0621336256379634,-0.2775943477299747,0,1,-0.8772324258614291,-0.4262300150429028,0.2662325767951835,0.0,-0.9320143892374164,1.5068404719089457,0.1557070814399298,0.3380961637724818,-0.3278933184400019,-0.339393739508197,0.5625759024789769,-0.0345197463373974,0,-1,1,0.5760177509332288,Anomaly
114,-1.4151810691502822,2,0.804504089539068,1,1.0867925984129432,-1.86842575225436,1,0.0,-1.453700424729088,-0.6605306743650393,1,-0.6835354165043717,0.3796721288811475,-0.9614863916702532,2,0.2462002046576992,1,-0.7923182934404069,-0.1484257600669349,-1.0785044383346123,0,0,-0.8772324258614291,-0.4262300150429028,0.2662325767951835,0.0,0.241988311858558,-0.678773515728442,-0.6201892226844657,0.3380961637724818,-0.3278933184400019,-0.339393739508197,-0.3687152874355457,-0.5952272282818631,0,1,0,0.4405410698816011,Normal
115,-0.3201625558062908,2,0.5665102754123496,1,-0.3939381836990763,1.0617867539482455,1,0.0,-1.4520387970310231,0.2546249253678617,0,-1.0279810304039791,-1.0261667362455194,-0.0577875452794142,6,-0.6608531809232983,0,-0.4245177472899339,0.0965370906003243,1.324225833479301,0,0,-0.0572673987209239,-0.4262300150429028,0.2662325767951835,0.0,0.241988311858558,0.0926196563788712,0.1557070814399298,0.3380961637724818,-0.9810141559830952,-1.1676872598353414,-0.6791456840737199,-1.1559347102263289,0,1,0,0.4463348636297326,Normal
116,0.0083429981969065,2,0.9582084278292404,2,-0.7641208792270812,0.0850492518807105,1,0.0,-1.450377169332958,0.2546249253678617,1,1.038692652993666,0.3796721288811475,0.8459113011114247,7,1.153253590238697,2,0.1965573517267227,0.0271098684376014,-0.2775943477299747,0,0,-0.8772324258614291,-0.4262300150429028,-1.584178240646517,0.0,-0.9320143892374164,0.0926196563788712,0.1557070814399298,0.3380961637724818,-0.3278933184400019,-0.339393739508197,-0.3687152874355457,-0.3148734873096303,0,1,0,0.4370047909297295,Normal
117,-0.3201625558062908,2,1.367260295859538,1,-0.5173324155417446,0.0850492518807105,3,0.0,-1.4487155416348934,0.2546249253678617,0,-1.0279810304039791,-1.0261667362455194,0.8459113011114247,3,-1.5679065665042955,2,1.0896051249621,-1.2224395895558595,-0.2775943477299747,0,0,-0.8772324258614291,-0.4262300150429028,1.1914379855160335,0.0,-0.9320143892374164,0.3497507137479757,2.4833959938131165,0.3380961637724818,0.651787937874638,1.5932911412551394,0.8730062991171511,1.086895217551534,0,1,0,0.4846852431058816,Normal
118,-0.1011588531374925,1,1.6473988479045294,2,0.2230329755142651,-0.8916882501868245,5,0.0,-1.4470539139368284,-0.6605306743650393,0,1.2847252343505289,0.3796721288811475,0.8459113011114247,7,1.153253590238697,1,0.6873830372308202,1.214118610110391,-1.0785044383346123,0,0,-0.3305890744344257,-0.4262300150429028,0.2662325767951835,0.0,0.241988311858558,-0.1645114009902331,2.4833959938131165,0.3380961637724818,0.3252275191030913,0.7649976209279952,-0.0582848907973714,1.086895217551534,0,-1,1,0.5073238550176731,Anomaly
119,-0.1011588531374925,2,0.2962881322893046,1,-0.7641208792270812,-0.8916882501868245,1,0.0,-1.4453922862387634,-1.5756862740979405,0,-1.3232201280322142,0.3796721288811475,-0.9614863916702532,2,1.153253590238697,0,-0.779357095684671,-1.6516516067318836,0.9237707881769818,0,0,1.855984331273588,2.346151056253851,-1.584178240646517,0.0,0.241988311858558,-0.5502079870438897,-0.6201892226844657,0.3380961637724818,-0.9810141559830952,-1.1676872598353414,-0.6791456840737199,-1.1559347102263289,0,-1,1,0.5046603147696214,Anomaly
120,0.6653541062033014,1,-1.012677845407647,2,2.073946453154289,-0.8916882501868245,1,0.0,-1.4404074031445688,0.2546249253678617,1,1.2847252343505289,0.3796721288811475,1.7496101475022634,3,1.153253590238697,1,2.2216913813975245,0.7281280549713303,-0.6780493930322936,0,1,-0.8772324258614291,-0.4262300150429028,1.1914379855160335,0.0,1.4159910129545328,1.76397152927805,0.1557070814399298,1.754054456494842,2.9377108692754645,2.145486821473236,0.5625759024789769,2.2083101814404653,0,-1,1,0.5711371125692124,Anomaly
121,-0.7581699611438873,1,1.2631380021790986,1,1.7037637576262843,0.0850492518807105,1,0.0,-1.4387457754465038,-1.5756862740979405,1,1.4815512994360187,-2.432005601372186,-0.9614863916702532,6,0.2462002046576992,0,-0.8265273563694804,1.1238913294859614,-0.6780493930322936,0,0,2.675949358414093,2.346151056253851,0.2662325767951835,0.0,2.5899937140505074,-0.1645114009902331,-0.6201892226844657,-1.0778621289498782,0.4885077284888646,0.7649976209279952,-0.6791456840737199,1.3672489585237668,0,-1,1,0.5692897342709423,Anomaly
122,-0.42966440714069,0,-0.1301174513543993,2,1.5803695257836163,-0.8916882501868245,2,0.0,-1.437084147748439,0.2546249253678617,1,1.432344783164646,0.3796721288811475,-0.0577875452794142,7,-0.6608531809232983,1,-0.0758402797954647,0.1639967396653183,-1.0785044383346123,0,0,-0.6039107501479274,-0.4262300150429028,-1.584178240646517,0.0,0.241988311858558,-0.4216424583593375,-0.6201892226844657,1.754054456494842,-0.0013328996684553,0.7649976209279952,-0.6791456840737199,0.8065414765793012,0,1,0,0.4836887255104846,Normal
123,2.08887817355049,2,-0.8961600405747744,1,0.59321567104227,1.0617867539482455,1,0.0,-1.435422520050374,-0.6605306743650393,0,0.3005949089230785,0.3796721288811475,-0.9614863916702532,6,-0.6608531809232983,1,-0.3272025247960479,-1.3777373233408976,2.5255909693862573,0,1,0.7626976284195812,-0.4262300150429028,-1.584178240646517,0.0,2.5899937140505074,-0.5502079870438897,-0.6201892226844657,0.3380961637724818,-0.3278933184400019,-0.063295899399149,0.5625759024789769,-0.3148734873096303,1,-1,1,0.534419043314098,Anomaly
124,1.5413689168784943,2,-0.2937381985665183,1,-0.3939381836990763,0.0850492518807105,1,0.0,-1.433760892352309,-1.5756862740979405,1,-0.7327419327757442,0.3796721288811475,2.6533089938931025,5,0.2462002046576992,2,2.769461345566167,-1.1034014171432556,1.7246808787816197,0,0,-0.6039107501479274,-0.4262300150429028,0.2662325767951835,0.0,-0.9320143892374164,1.5068404719089457,1.707499689688721,0.3380961637724818,2.1213098223465976,3.802073862127524,3.977310265498893,3.049371404357164,0,-1,1,0.5592140045527594,Anomaly
125,-0.6486681098094882,2,-1.3721476688282117,2,-0.3939381836990763,1.0617867539482455,1,0.0,-1.4320992646542443,-0.6605306743650393,1,0.4974209740085685,-2.432005601372186,-0.0577875452794142,7,0.2462002046576992,1,-0.0703158348503969,0.9031015197336584,0.523315742874663,0,1,0.7626976284195812,-0.4262300150429028,-0.6589728319256667,0.0,-0.9320143892374164,0.0926196563788712,0.1557070814399298,-1.0778621289498782,-0.0013328996684553,0.7649976209279952,1.4938670923934996,0.8065414765793012,1,-1,1,0.5132676836403085,Anomaly
126,-1.196177366481484,2,0.0954808516198859,1,-0.3939381836990763,0.0850492518807105,4,0.0,-1.430437636956179,0.2546249253678617,0,-0.9787745141326066,-1.0261667362455194,-0.9614863916702532,6,-0.6608531809232983,1,-0.8785846260441574,1.2630268556825115,-0.6780493930322936,0,0,1.036019304133083,-0.4262300150429028,0.2662325767951835,0.0,-0.9320143892374164,-0.8073390444129942,0.1557070814399298,-1.0778621289498782,-0.3278933184400019,-0.063295899399149,0.5625759024789769,-0.3148734873096303,0,1,0,0.45457028855670245,Normal
127,2.3078818762192883,2,-1.6250160963378495,1,1.7037637576262843,1.0617867539482455,3,0.0,-1.4287760092581143,1.1697805251007627,0,1.3831382668932737,0.3796721288811475,0.8459113011114247,0,1.153253590238697,1,0.8093457833257777,-1.5246026009928115,-0.6780493930322936,0,0,-0.8772324258614291,-0.4262300150429028,1.1914379855160335,0.0,0.241988311858558,3.692454459546333,0.1557070814399298,-1.0778621289498782,5.386914010062064,1.5932911412551394,3.977310265498893,0.5261877356070683,1,-1,1,0.5942659572475554,Anomaly
128,-1.9626903258222776,2,-0.6804781465224358,2,1.5803695257836163,-1.86842575225436,2,0.0,-1.4254527538619848,1.1697805251007627,1,-0.7819484490471167,0.3796721288811475,-0.9614863916702532,8,0.2462002046576992,2,-1.0258323316953866,1.7577309488258006,-0.6780493930322936,0,1,1.036019304133083,-0.4262300150429028,1.1914379855160335,0.0,-0.9320143892374164,-1.4501666878357553,-0.6201892226844657,-1.0778621289498782,-1.1442943653688686,-1.1676872598353414,-0.6791456840737199,-1.1559347102263289,1,-1,1,0.5288926416401095,Anomaly
129,-1.6341847718190805,2,-0.5168573993103168,1,-0.8875151110697495,-1.86842575225436,5,0.0,-1.4221294984658548,0.2546249253678617,1,1.6783773645215088,0.3796721288811475,-0.9614863916702532,2,1.153253590238697,1,-0.8456504350254842,0.7007225725386765,-1.0785044383346123,0,0,-0.3305890744344257,-0.4262300150429028,0.2662325767951835,0.0,0.241988311858558,-1.0644701017820986,-0.6201892226844657,0.3380961637724818,-0.8177339465973219,-0.8915894197262932,-0.0582848907973714,-0.8755809692540959,0,1,0,0.47059687463011696,Normal
130,1.3223652142096962,2,-0.8242660758906616,1,1.3335810620982798,1.0617867539482455,3,0.0,-1.42046787076779,0.2546249253678617,0,1.4815512994360187,0.3796721288811475,-0.0577875452794142,4,-1.5679065665042955,1,0.0136132325842863,-1.2317152913022962,-0.6780493930322936,0,0,-0.3305890744344257,-0.4262300150429028,0.2662325767951835,0.0,-0.9320143892374164,0.6068817711170802,-0.6201892226844657,-1.0778621289498782,1.304908775417731,1.8693889813641875,0.8730062991171511,1.9279564404682328,0,1,0,0.4798586255134636,Normal
131,0.6653541062033014,1,0.3830567103563374,1,2.320734916839626,0.0850492518807105,3,0.0,-1.418806243069725,-0.6605306743650393,0,0.3005949089230785,1.7855109940078144,-0.9614863916702532,6,0.2462002046576992,2,-0.374797742784324,0.2497267103520815,0.523315742874663,0,0,-0.8772324258614291,-0.4262300150429028,1.1914379855160335,0.0,-0.9320143892374164,0.8640128284861845,-0.6201892226844657,0.3380961637724818,-0.6544537372115486,-0.6154915796172451,-0.3687152874355457,-0.5952272282818631,0,1,0,0.4818885036493659,Normal
132,1.4318670655440953,1,0.016149580244313,2,0.3464272073569334,0.0850492518807105,2,0.0,-1.4138213599755305,0.2546249253678617,0,0.5466274902799411,0.3796721288811475,0.8459113011114247,7,1.153253590238697,2,0.5747693518121311,-1.0776824259372266,0.523315742874663,0,0,-1.1505541015749308,-0.4262300150429028,1.1914379855160335,0.0,-0.9320143892374164,0.6068817711170802,0.1557070814399298,0.3380961637724818,-0.8177339465973219,-0.6154915796172451,-0.0582848907973714,-0.8755809692540959,0,1,0,0.47297324817223163,Normal
133,-0.6486681098094882,2,-0.6457707152956227,2,1.3335810620982798,0.0850492518807105,1,0.0,-1.4121597322774655,-0.6605306743650393,0,0.251388392651706,-2.432005601372186,-0.0577875452794142,7,0.2462002046576992,1,-0.4130439000963316,1.4721517677839928,0.1228606975723441,0,1,-1.1505541015749308,-0.4262300150429028,0.2662325767951835,0.0,0.241988311858558,-0.9359045730975464,-0.6201892226844657,0.3380961637724818,-0.8177339465973219,-0.6154915796172451,-0.0582848907973714,-0.5952272282818631,1,1,0,0.4902387084723591,Normal
134,0.4463504035345031,2,-0.0012041353690934,2,-0.0237554881710714,-1.86842575225436,1,0.0,-1.4104981045794005,0.2546249253678617,1,1.4815512994360187,0.3796721288811475,0.8459113011114247,7,0.2462002046576992,0,0.3582536056958214,0.9673287272809546,0.1228606975723441,0,1,-0.6039107501479274,-0.4262300150429028,0.2662325767951835,0.0,0.241988311858558,0.0926196563788712,-0.6201892226844657,0.3380961637724818,0.3252275191030913,0.7649976209279952,-0.6791456840737199,0.8065414765793012,0,1,0,0.46382872102357653,Normal
135,-1.196177366481484,2,1.3697393980900243,0,1.950552221311621,-1.86842575225436,1,0.0,-1.4088364768813355,0.2546249253678617,0,-0.2406767700620191,0.3796721288811475,-0.9614863916702532,1,0.2462002046576992,1,-0.7566218799491998,-0.758513961298474,-0.6780493930322936,0,0,2.1293060069870897,2.346151056253851,1.1914379855160335,0.0,0.241988311858558,-0.4216424583593375,0.1557070814399298,0.3380961637724818,0.161947309717318,0.7649976209279952,0.8730062991171511,0.8065414765793012,0,-1,1,0.5284042689317754,Anomaly
136,-0.1011588531374925,2,-1.4539580424342708,1,-0.3939381836990763,-0.8916882501868245,3,0.0,-1.4071748491832707,-0.6605306743650393,1,0.8910731041795485,0.3796721288811475,-0.0577875452794142,4,-0.6608531809232983,0,-0.3318770551341822,-1.6153920453594492,1.324225833479301,0,0,1.3093409798465847,2.346151056253851,1.1914379855160335,0.0,1.4159910129545328,-0.5502079870438897,-2.171981830933257,0.3380961637724818,-0.6544537372115486,-0.6154915796172451,-0.6791456840737199,-0.8755809692540959,0,1,0,0.49852328866057977,Normal
137,1.5413689168784943,1,0.861523440840261,1,-0.1471497200137397,1.0617867539482455,1,0.0,-1.405513221485206,-1.5756862740979405,1,-0.6343289002329991,-2.432005601372186,0.8459113011114247,4,1.153253590238697,2,0.8811635676116586,1.5230275864538425,-0.2775943477299747,0,0,-0.0572673987209239,-0.4262300150429028,1.1914379855160335,0.0,-0.9320143892374164,0.8640128284861845,-0.6201892226844657,0.3380961637724818,-0.4911735278257753,-0.6154915796172451,-0.6791456840737199,-0.3148734873096303,1,-1,1,0.5203123046921005,Anomaly
138,0.2273467008657048,2,1.3052827400973714,2,-0.6407266473844129,1.0617867539482455,1,0.0,-1.4005283383910112,1.1697805251007627,0,-0.929567997861234,-1.0261667362455194,-0.0577875452794142,7,0.2462002046576992,1,-0.1276850708184083,0.0389153070239753,0.523315742874663,0,0,-0.3305890744344257,-0.4262300150429028,0.2662325767951835,0.0,0.241988311858558,0.7354472998016324,-1.3960855268088614,1.754054456494842,1.304908775417731,1.8693889813641875,0.8730062991171511,1.3672489585237668,0,1,0,0.46667239846591535,Normal
139,-1.3056792178158831,2,0.3880149148173107,2,2.320734916839626,0.0850492518807105,1,0.0,-1.3988667106929462,-1.5756862740979405,1,-1.2248070954894692,-1.0261667362455194,-0.0577875452794142,7,0.2462002046576992,1,0.4538689989758404,1.47875719175494,-0.2775943477299747,0,0,0.7626976284195812,-0.4262300150429028,1.1914379855160335,0.0,-0.9320143892374164,-0.678773515728442,0.1557070814399298,0.3380961637724818,-0.8177339465973219,-0.6154915796172451,-0.0582848907973714,-0.5952272282818631,0,1,0,0.48065410695733773,Normal
140,-0.7581699611438873,2,1.0846426415840595,0,-0.0237554881710714,0.0850492518807105,0,0.0,-1.3972050829948814,0.2546249253678617,1,-0.8803614815898617,0.3796721288811475,-0.0577875452794142,1,1.153253590238697,1,-0.0331320707970562,-0.0465335817916836,-1.0785044383346123,0,1,1.036019304133083,-0.4262300150429028,1.1914379855160335,0.0,-0.9320143892374164,0.0926196563788712,-0.6201892226844657,-2.4938204216722384,0.651787937874638,1.3171933011460917,0.5625759024789769,0.8065414765793012,0,-1,1,0.5139993094848091,Anomaly
141,-0.5391662584750891,2,0.5714684798733228,1,-0.0237554881710714,0.0850492518807105,3,0.0,-1.387235316806492,-1.5756862740979405,0,-1.2248070954894692,0.3796721288811475,-0.9614863916702532,2,-1.5679065665042955,2,-0.4893237360686134,-0.5746864175963655,1.7246808787816197,0,0,1.855984331273588,2.346151056253851,-1.584178240646517,0.0,-0.9320143892374164,-0.1645114009902331,-0.6201892226844657,1.754054456494842,-0.3278933184400019,-0.063295899399149,-0.6791456840737199,-0.0345197463373974,1,-1,1,0.538411390323444,Anomaly
142,0.8843578088720997,2,1.2730544111010451,1,2.4441291486822943,0.0850492518807105,3,0.0,-1.3839120614103622,0.2546249253678617,1,0.841866587908176,0.3796721288811475,-0.9614863916702532,6,1.153253590238697,2,-0.6482577675651784,-0.6410217391769428,0.9237707881769818,0,0,-0.6039107501479274,-0.4262300150429028,-0.6589728319256667,0.0,-0.9320143892374164,-0.2930769296747854,-0.6201892226844657,-1.0778621289498782,-0.1646131090542286,0.212801940709899,-0.6791456840737199,-0.3148734873096303,0,1,0,0.4548837705656341,Normal
143,0.1178448495313057,2,-1.0870509123222465,1,-0.7641208792270812,2.038524256015781,5,0.0,-1.3822504337122974,1.1697805251007627,0,-1.6676657419318217,0.3796721288811475,-0.0577875452794142,6,0.2462002046576992,2,-0.4644637338158085,-1.68805170903987,0.1228606975723441,0,1,1.3093409798465847,2.346151056253851,-0.6589728319256667,0.0,-0.9320143892374164,0.9925783571707368,-0.6201892226844657,0.3380961637724818,-0.6544537372115486,-0.6154915796172451,-0.0582848907973714,-0.5952272282818631,0,-1,1,0.5215408609462663,Anomaly
144,-0.7581699611438873,2,-0.9035973472662344,1,1.0867925984129432,0.0850492518807105,1,0.0,-1.3805888060142324,-1.5756862740979405,0,0.448214457737196,0.3796721288811475,-0.9614863916702532,6,0.2462002046576992,2,-0.8224902619865463,1.3487568263692746,-0.6780493930322936,0,0,-0.3305890744344257,-0.4262300150429028,0.2662325767951835,0.0,-0.9320143892374164,-0.8073390444129942,0.9316033855643254,-1.0778621289498782,-0.3278933184400019,-0.063295899399149,-0.6791456840737199,-0.0345197463373974,0,1,0,0.4520913130021155,Normal
145,-0.5391662584750891,1,-0.281342687414085,2,-0.0237554881710714,-0.8916882501868245,3,0.0,-1.3789271783161676,1.1697805251007627,1,-1.5200461931177045,-2.432005601372186,-0.0577875452794142,7,1.153253590238697,0,-0.3898837270573937,1.194442879133101,-1.0785044383346123,0,0,0.4893759527060795,-0.4262300150429028,1.1914379855160335,0.0,2.5899937140505074,-0.2930769296747854,-0.6201892226844657,1.754054456494842,0.161947309717318,0.7649976209279952,-0.6791456840737199,0.8065414765793012,0,-1,1,0.5173829759467486,Anomaly
146,-0.7581699611438873,2,-1.491144575891571,1,-0.5173324155417446,0.0850492518807105,5,0.0,-1.3756039229200376,1.1697805251007627,0,0.8910731041795485,0.3796721288811475,-0.9614863916702532,6,-1.5679065665042955,0,-0.7009524731950555,-0.54784309890592,0.9237707881769818,0,0,-0.3305890744344257,-0.4262300150429028,1.1914379855160335,0.0,0.241988311858558,-0.4216424583593375,0.1557070814399298,0.3380961637724818,-0.6544537372115486,-0.6154915796172451,-0.0582848907973714,-0.5952272282818631,0,1,0,0.4584002244714567,Normal
147,-0.7581699611438873,2,1.548234758685063,1,-0.8875151110697495,-1.86842575225436,3,0.0,-1.3739422952219729,-0.6605306743650393,1,-1.5200461931177045,-1.0261667362455194,-0.9614863916702532,2,1.153253590238697,2,-0.8037921406340092,-0.4428590200485231,-1.0785044383346123,0,0,-0.6039107501479274,-0.4262300150429028,1.1914379855160335,0.0,-0.9320143892374164,-0.678773515728442,0.1557070814399298,0.3380961637724818,-0.3278933184400019,-0.339393739508197,-0.3687152874355457,-0.5952272282818631,0,1,0,0.46047332470224095,Normal
148,0.4463504035345031,1,0.1351464873076723,1,0.0996387436715968,0.0850492518807105,1,0.0,-1.372280667523908,1.1697805251007627,1,1.235518718079156,-1.0261667362455194,1.7496101475022634,3,-1.5679065665042955,0,2.268861642082334,-0.200285365285649,0.523315742874663,0,0,-0.6039107501479274,-0.4262300150429028,-0.6589728319256667,0.0,0.241988311858558,1.2497094145398413,-0.6201892226844657,-1.0778621289498782,-0.0013328996684553,0.4888997808189471,1.4938670923934996,0.8065414765793012,0,1,0,0.49778080933769786,Normal
149,0.4463504035345031,2,0.3235582568246578,1,-0.0237554881710714,1.0617867539482455,1,0.0,-1.370619039825843,0.2546249253678617,1,1.3831382668932737,0.3796721288811475,-0.9614863916702532,2,-1.5679065665042955,1,-0.9062068507694964,-1.0332714903027722,-0.2775943477299747,0,0,1.5826626555600865,2.346151056253851,1.1914379855160335,0.0,0.241988311858558,-0.5502079870438897,-0.6201892226844657,0.3380961637724818,-0.3278933184400019,-1.1676872598353414,-0.3687152874355457,-0.0345197463373974,0,1,0,0.4758120118360695,Normal
150,-1.9626903258222776,2,0.9383756099853472,1,-0.7641208792270812,-1.86842575225436,3,0.0,-1.368957412127778,-0.6605306743650393,0,0.645040522822686,0.3796721288811475,-0.9614863916702532,2,-0.6608531809232983,2,-1.0666282328281946,0.2514132015787063,-0.6780493930322936,0,0,-0.3305890744344257,-0.4262300150429028,1.1914379855160335,0.0,-0.9320143892374164,-1.3216011591512031,0.1557070814399298,0.3380961637724818,-0.9810141559830952,-1.1676872598353414,-0.6791456840737199,-1.1559347102263289,0,1,0,0.46947607989916573,Normal
151,0.3368485522001039,1,1.4689034873094906,1,2.073946453154289,0.0850492518807105,3,0.0,-1.3672957844297131,-0.6605306743650393,0,-0.5851223839616266,0.3796721288811475,-0.0577875452794142,6,-0.6608531809232983,0,-0.1907912303832208,-0.8164168267459271,-0.6780493930322936,0,0,-1.1505541015749308,-0.4262300150429028,-1.584178240646517,0.0,0.241988311858558,1.121143885855289,-0.6201892226844657,0.3380961637724818,2.1213098223465976,0.7649976209279952,-0.0582848907973714,2.488663922412698,0,-1,1,0.5052958330788376,Anomaly
152,-0.2106607044718917,2,-0.3482784476372246,2,-1.010909342912418,2.038524256015781,2,0.0,-1.3639725290335831,0.2546249253678617,1,1.3831382668932737,0.3796721288811475,0.8459113011114247,7,-0.6608531809232983,1,0.1682976910461837,-0.4039291809005995,-0.6780493930322936,0,0,-0.6039107501479274,-0.4262300150429028,-1.584178240646517,0.0,1.4159910129545328,-0.1645114009902331,0.1557070814399298,0.3380961637724818,0.4885077284888646,1.041095461037043,-0.6791456840737199,0.5261877356070683,0,1,0,0.46206537088369826,Normal
153,1.7603726195472926,2,1.570546678759443,2,-0.3939381836990763,-0.8916882501868245,2,0.0,-1.3623109013355186,-0.6605306743650393,1,-1.569252709389077,0.3796721288811475,-0.0577875452794142,8,0.2462002046576992,1,-0.8917583024516267,0.2436834501233424,-0.2775943477299747,0,1,1.3093409798465847,2.346151056253851,1.1914379855160335,0.0,0.241988311858558,0.2211851850634235,0.1557070814399298,-2.4938204216722384,-0.0013328996684553,0.7649976209279952,0.5625759024789769,0.2458339946348354,0,-1,1,0.5195799411596405,Anomaly
154,0.8843578088720997,2,-1.5084982915049772,1,-0.0237554881710714,0.0850492518807105,1,0.0,-1.3606492736374536,-0.6605306743650393,1,-0.2898832863333916,0.3796721288811475,-0.0577875452794142,2,-0.6608531809232983,0,-0.8828341990788249,-0.4795402042276135,2.1251359240839385,0,0,0.7626976284195812,-0.4262300150429028,0.2662325767951835,0.0,0.241988311858558,1.121143885855289,-0.6201892226844657,-2.4938204216722384,1.6314691941892778,1.3171933011460917,-0.6791456840737199,3.049371404357164,0,-1,1,0.5196965488526458,Anomaly
155,-0.5391662584750891,1,0.4078477326612039,2,-0.1471497200137397,0.0850492518807105,2,0.0,-1.3589876459393888,-0.6605306743650393,0,-1.1263940629467242,0.3796721288811475,0.8459113011114247,7,1.153253590238697,2,0.5301488349481223,0.179315701640494,-0.6780493930322936,0,0,-0.3305890744344257,-0.4262300150429028,1.1914379855160335,0.0,-0.9320143892374164,-0.2930769296747854,-0.6201892226844657,0.3380961637724818,0.3252275191030913,1.041095461037043,0.2521455058408027,0.8065414765793012,0,1,0,0.46143187163064575,Normal
156,-0.8676718124782865,0,1.7192928125886422,1,-1.010909342912418,-1.86842575225436,5,0.0,-1.3573260182413238,1.1697805251007627,1,-1.2248070954894692,0.3796721288811475,-0.0577875452794142,4,0.2462002046576992,1,-0.4640387765123417,1.6822604664343386,-0.6780493930322936,0,0,-0.6039107501479274,-0.4262300150429028,-1.584178240646517,0.0,0.241988311858558,-0.1645114009902331,-1.3960855268088614,0.3380961637724818,0.4885077284888646,0.7649976209279952,-0.6791456840737199,1.3672489585237668,0,1,0,0.4963344867769634,Normal
157,1.5413689168784943,2,0.9086263832195074,1,-0.270543951856408,1.0617867539482455,3,0.0,-1.352341135147129,-0.6605306743650393,1,-1.569252709389077,-1.0261667362455194,-0.0577875452794142,4,0.2462002046576992,1,-0.0788149809197319,-0.0463930408561315,-0.2775943477299747,0,0,0.4893759527060795,-0.4262300150429028,0.2662325767951835,0.0,-0.9320143892374164,-0.1645114009902331,-0.6201892226844657,0.3380961637724818,-0.9810141559830952,-1.1676872598353414,-0.6791456840737199,-1.1559347102263289,0,1,0,0.4443430277235188,Normal
158,2.3078818762192883,2,0.8491279296878278,1,-0.0237554881710714,0.0850492518807105,3,0.0,-1.3473562520529343,-0.6605306743650393,0,0.448214457737196,-1.0261667362455194,-0.9614863916702532,6,-0.6608531809232983,1,-0.6707805046489161,-0.3429344148710008,0.523315742874663,0,1,1.3093409798465847,2.346151056253851,-0.6589728319256667,0.0,0.241988311858558,-0.2930769296747854,0.1557070814399298,-1.0778621289498782,-0.9810141559830952,-1.1676872598353414,-0.6791456840737199,-1.1559347102263289,0,1,0,0.49630115272156383,Normal
159,0.3368485522001039,2,-0.4276097190127974,2,-0.6407266473844129,1.0617867539482455,2,0.0,-1.3456946243548695,0.2546249253678617,1,0.0545623275662159,-1.0261667362455194,0.8459113011114247,7,1.153253590238697,1,0.9247216912170004,-0.8096708618394277,1.7246808787816197,0,0,-1.1505541015749308,-0.4262300150429028,-1.584178240646517,0.0,0.241988311858558,0.4783162424325279,-0.6201892226844657,-1.0778621289498782,0.8150681472604113,1.8693889813641875,-0.0582848907973714,1.9279564404682328,0,1,0,0.48410571047927015,Normal
160,-0.3201625558062908,1,-1.2382761483819322,2,-0.8875151110697495,1.0617867539482455,2,0.0,-1.3440329966568048,0.2546249253678617,0,0.448214457737196,0.3796721288811475,-0.9614863916702532,8,0.2462002046576992,1,-0.9076942013316298,-0.4214967978446083,1.324225833479301,0,0,0.7626976284195812,-0.4262300150429028,1.1914379855160335,0.0,0.241988311858558,-0.678773515728442,0.1557070814399298,0.3380961637724818,-0.4911735278257753,-0.339393739508197,-0.3687152874355457,-0.5952272282818631,0,1,0,0.4666714362208033,Normal
161,-1.6341847718190805,2,1.124308277271846,1,1.2101868302556114,-1.86842575225436,3,0.0,-1.3423713689587398,0.2546249253678617,1,0.6942470390940585,0.3796721288811475,-0.9614863916702532,6,1.153253590238697,1,-0.8881461653721593,-0.3262100435403044,-0.6780493930322936,0,0,2.4026276827005915,2.346151056253851,-1.584178240646517,0.0,1.4159910129545328,-1.193035630466651,2.4833959938131165,0.3380961637724818,-0.8177339465973219,-0.6154915796172451,-0.0582848907973714,-0.5952272282818631,0,-1,1,0.5250994200243755,Anomaly
162,-1.0866755151470848,0,-0.2763844829531117,1,-0.0237554881710714,0.0850492518807105,3,0.0,-1.3407097412606748,1.1697805251007627,1,-0.4375028351475091,0.3796721288811475,-0.9614863916702532,6,-0.6608531809232983,0,-0.9516772822404386,-1.1725475574348745,1.324225833479301,0,0,0.7626976284195812,-0.4262300150429028,1.1914379855160335,0.0,0.241988311858558,-0.678773515728442,-1.3960855268088614,-2.4938204216722384,-0.8177339465973219,-0.6154915796172451,-0.0582848907973714,-0.5952272282818631,0,1,0,0.4910353224028789,Normal
163,-0.9771736638126856,2,-0.8986391428052611,1,1.456975293940948,0.0850492518807105,3,0.0,-1.3357248581664802,0.2546249253678617,1,-1.1756005792180968,0.3796721288811475,-0.9614863916702532,6,1.153253590238697,1,-0.8052794911961428,-1.0738878206773208,-0.6780493930322936,0,0,-1.1505541015749308,-0.4262300150429028,0.2662325767951835,0.0,0.241988311858558,-0.8073390444129942,-0.6201892226844657,-2.4938204216722384,-0.3278933184400019,-0.6154915796172451,-0.6791456840737199,-0.5952272282818631,0,1,0,0.44106857018007384,Normal
164,2.198380024884889,2,-1.161423979236846,1,1.827157989468953,-0.8916882501868245,1,0.0,-1.3324016027703505,0.2546249253678617,1,0.841866587908176,1.7855109940078144,0.8459113011114247,0,1.153253590238697,0,0.6238519203625409,1.2773620311088227,0.1228606975723441,0,1,0.2160542769925777,-0.4262300150429028,-0.6589728319256667,0.0,0.241988311858558,0.0926196563788712,-0.6201892226844657,-2.4938204216722384,-0.3278933184400019,-0.339393739508197,-0.3687152874355457,-0.0345197463373974,0,-1,1,0.5159868927143599,Anomaly
165,-1.0866755151470848,0,1.6052541099862565,1,-0.7641208792270812,0.0850492518807105,3,0.0,-1.3307399750722857,0.2546249253678617,1,0.645040522822686,-1.0261667362455194,-0.9614863916702532,6,0.2462002046576992,0,-0.836513853000949,1.5477627911110068,-0.6780493930322936,0,1,-0.0572673987209239,-0.4262300150429028,1.1914379855160335,0.0,0.241988311858558,-1.3216011591512031,-0.6201892226844657,-1.0778621289498782,-0.9810141559830952,-0.8915894197262932,-0.6791456840737199,-0.8755809692540959,0,1,0,0.4927685925837806,Normal
166,1.4318670655440953,2,1.6102123144472296,1,0.2230329755142651,0.0850492518807105,1,0.0,-1.3274167196761557,0.2546249253678617,0,-0.6343289002329991,0.3796721288811475,2.6533089938931025,3,-0.6608531809232983,2,2.8521155410904497,0.3850676312887256,0.1228606975723441,0,0,-0.0572673987209239,-0.4262300150429028,-0.6589728319256667,0.0,-0.9320143892374164,1.2497094145398413,1.707499689688721,0.3380961637724818,-0.3278933184400019,-0.063295899399149,0.5625759024789769,-0.0345197463373974,0,1,0,0.49027909451380824,Normal
167,0.4463504035345031,2,-0.8366615870430948,1,0.59321567104227,0.0850492518807105,1,0.0,-1.3257550919780907,-1.5756862740979405,1,-0.4867093514188816,0.3796721288811475,-0.9614863916702532,6,0.2462002046576992,0,-0.8609488979502873,-1.3638237707212426,0.523315742874663,0,0,-0.8772324258614291,-0.4262300150429028,-1.584178240646517,0.0,0.241988311858558,0.2211851850634235,-0.6201892226844657,0.3380961637724818,0.3252275191030913,1.041095461037043,-0.3687152874355457,1.086895217551534,0,1,0,0.4508321353286378,Normal
168,-0.7581699611438873,2,1.330073762402238,2,-0.5173324155417446,0.0850492518807105,1,0.0,-1.324093464280026,-0.6605306743650393,0,-1.2248070954894692,0.3796721288811475,0.8459113011114247,7,1.153253590238697,1,0.6196023473278733,-0.8798007886799111,-0.2775943477299747,0,0,-0.8772324258614291,-0.4262300150429028,0.2662325767951835,0.0,0.241988311858558,0.0926196563788712,-0.6201892226844657,0.3380961637724818,0.4885077284888646,1.3171933011460917,1.4938670923934996,-0.0345197463373974,0,1,0,0.4562986409914685,Normal
169,0.1178448495313057,2,-0.2491143584177585,2,-1.010909342912418,1.0617867539482455,1,0.0,-1.3207702088838962,-1.5756862740979405,0,-0.3390898026047641,-1.0261667362455194,-0.0577875452794142,7,1.153253590238697,2,0.4638554956073091,-0.194382645992462,0.523315742874663,0,0,1.855984331273588,2.346151056253851,0.2662325767951835,0.0,-0.9320143892374164,0.0926196563788712,-0.6201892226844657,1.754054456494842,0.161947309717318,-0.339393739508197,-0.6791456840737199,0.8065414765793012,0,1,0,0.4988783206779477,Normal
170,-0.5391662584750891,2,-1.6919518565609897,1,-0.3939381836990763,2.038524256015781,1,0.0,-1.3191085811858312,0.2546249253678617,1,-1.1263940629467242,0.3796721288811475,-0.9614863916702532,6,0.2462002046576992,2,-0.7362239293827958,-0.2646531137684974,0.1228606975723441,0,0,1.3093409798465847,2.346151056253851,-1.584178240646517,0.0,-0.9320143892374164,-0.4216424583593375,-0.6201892226844657,0.3380961637724818,-0.3278933184400019,-0.063295899399149,-0.3687152874355457,-0.0345197463373974,0,1,0,0.48073897574874935,Normal
171,-1.0866755151470848,2,0.8788771564536676,1,0.9633983665702748,0.0850492518807105,5,0.0,-1.3157853257897014,0.2546249253678617,1,-0.7327419327757442,0.3796721288811475,-0.9614863916702532,6,-0.6608531809232983,1,-0.7319743563481284,-0.1333878799628633,-1.0785044383346123,0,1,0.2160542769925777,-0.4262300150429028,1.1914379855160335,0.0,0.241988311858558,-0.678773515728442,0.1557070814399298,-1.0778621289498782,-0.3278933184400019,-0.6154915796172451,-0.3687152874355457,-0.8755809692540959,0,1,0,0.4582191416643355,Normal
172,-1.9626903258222776,1,-0.4970245814664236,2,-1.010909342912418,-1.86842575225436,5,0.0,-1.3124620703935717,0.2546249253678617,0,1.6783773645215088,-2.432005601372186,-0.9614863916702532,8,-1.5679065665042955,2,-0.8877212080686926,0.938236753621676,-1.0785044383346123,0,0,1.5826626555600865,2.346151056253851,-1.584178240646517,0.0,-0.9320143892374164,-1.3216011591512031,1.707499689688721,1.754054456494842,-1.1442943653688686,-1.1676872598353414,-0.6791456840737199,-1.1559347102263289,1,-1,1,0.6004699642549739,Anomaly
173,-0.1011588531374925,1,1.6796271769008555,1,-0.7641208792270812,-0.8916882501868245,3,0.0,-1.307477187299377,1.1697805251007627,1,-1.7660787744745667,0.3796721288811475,-0.9614863916702532,2,-0.6608531809232983,2,-0.9380786485295024,0.1052506286045527,0.523315742874663,0,0,-0.8772324258614291,-0.4262300150429028,0.2662325767951835,0.0,-0.9320143892374164,0.2211851850634235,0.1557070814399298,-1.0778621289498782,0.161947309717318,0.7649976209279952,1.4938670923934996,-0.5952272282818631,0,1,0,0.471619661360304,Normal
174,-0.7581699611438873,0,-1.7142637766353692,1,-0.0237554881710714,0.0850492518807105,3,0.0,-1.305815559601312,0.2546249253678617,1,0.0053558112948434,0.3796721288811475,-0.0577875452794142,2,-1.5679065665042955,0,-0.728999655223861,-0.4639401603813337,-0.6780493930322936,0,0,-1.1505541015749308,-0.4262300150429028,0.2662325767951835,0.0,1.4159910129545328,0.0926196563788712,0.9316033855643254,0.3380961637724818,0.8150681472604113,1.3171933011460917,1.1834366957553253,1.6476026994959998,0,1,0,0.4982968679466886,Normal
175,0.8843578088720997,2,1.154057504037686,2,-0.6407266473844129,-0.8916882501868245,1,0.0,-1.3041539319032471,0.2546249253678617,0,-1.7660787744745667,0.3796721288811475,-0.0577875452794142,7,-1.5679065665042955,0,-0.3180659427715128,-1.1234987709272015,0.523315742874663,0,1,-1.1505541015749308,-0.4262300150429028,-1.584178240646517,0.0,0.241988311858558,-0.2930769296747854,0.1557070814399298,1.754054456494842,-0.3278933184400019,-0.063295899399149,-0.6791456840737199,-0.3148734873096303,0,1,0,0.4877200172151341,Normal
176,2.08887817355049,2,-0.2218442338824054,1,-0.1471497200137397,0.0850492518807105,1,0.0,-1.302492304205182,0.2546249253678617,0,0.0545623275662159,0.3796721288811475,-0.9614863916702532,6,-1.5679065665042955,0,-0.477212452919811,-0.0525768420204226,0.523315742874663,0,1,0.7626976284195812,-0.4262300150429028,0.2662325767951835,0.0,0.241988311858558,0.9925783571707368,0.1557070814399298,0.3380961637724818,-0.8177339465973219,-0.6154915796172451,-0.0582848907973714,-0.5952272282818631,0,1,0,0.4617215856112738,Normal
177,-0.42966440714069,2,-1.6572444253341765,1,-0.8875151110697495,0.0850492518807105,1,0.0,-1.3008306765071174,0.2546249253678617,1,1.1863122018077836,0.3796721288811475,-0.9614863916702532,6,1.153253590238697,2,-0.8505374440153518,-0.5337890053507128,-1.0785044383346123,0,0,-0.3305890744344257,-0.4262300150429028,-1.584178240646517,0.0,-0.9320143892374164,-0.9359045730975464,-0.6201892226844657,1.754054456494842,-0.6544537372115486,-0.8915894197262932,-0.6791456840737199,-0.5952272282818631,0,1,0,0.4572605637973214,Normal
178,-1.9626903258222776,2,-1.2382761483819322,1,-0.8875151110697495,0.0850492518807105,1,0.0,-1.2991690488090524,-0.6605306743650393,1,-0.929567997861234,-1.0261667362455194,-0.9614863916702532,2,1.153253590238697,2,-1.1475825991386108,-0.712838157244051,-0.6780493930322936,0,0,1.855984331273588,2.346151056253851,0.2662325767951835,0.0,-0.9320143892374164,-1.3216011591512031,0.1557070814399298,-1.0778621289498782,-0.9810141559830952,-1.1676872598353414,-0.3687152874355457,-1.1559347102263289,1,-1,1,0.5170288820932366,Anomaly
179,0.9938596602064989,2,-0.6854363509834092,2,-1.010909342912418,-0.8916882501868245,2,0.0,-1.2975074211109874,-0.6605306743650393,0,1.2847252343505289,0.3796721288811475,0.8459113011114247,7,-1.5679065665042955,0,0.8393052732201837,-1.7112409634059615,-0.6780493930322936,0,0,2.675949358414093,2.346151056253851,0.2662325767951835,0.0,2.5899937140505074,1.6354060005934978,-0.6201892226844657,0.3380961637724818,2.774430659889691,2.421584661582284,3.977310265498893,0.8065414765793012,0,-1,1,0.5874590110129213,Anomaly
180,0.1178448495313057,2,1.4317169538521908,1,-0.0237554881710714,-0.8916882501868245,1,0.0,-1.2958457934129226,0.2546249253678617,0,0.448214457737196,0.3796721288811475,-0.9614863916702532,2,1.153253590238697,2,-0.8955829181828274,-1.1234987709272015,-0.6780493930322936,0,0,-0.8772324258614291,-0.4262300150429028,0.2662325767951835,0.0,-0.9320143892374164,-1.193035630466651,0.1557070814399298,0.3380961637724818,-0.8177339465973219,-0.6154915796172451,-0.0582848907973714,-0.8755809692540959,0,1,0,0.4405099997100283,Normal
181,-0.6486681098094882,2,-1.6423698119512564,1,0.3464272073569334,-1.86842575225436,3,0.0,-1.2941841657148576,0.2546249253678617,0,1.432344783164646,0.3796721288811475,-0.9614863916702532,6,1.153253590238697,1,-0.5469054506883583,-1.0300390487850746,2.1251359240839385,0,1,2.1293060069870897,2.346151056253851,0.2662325767951835,0.0,0.241988311858558,-0.5502079870438897,-2.171981830933257,0.3380961637724818,-0.4911735278257753,-0.6154915796172451,-0.6791456840737199,-0.5952272282818631,0,-1,1,0.5266138133438891,Anomaly
182,-0.3201625558062908,2,-0.430088821243284,1,2.197340684996958,-0.8916882501868245,3,0.0,-1.2925225380167928,1.1697805251007627,0,1.432344783164646,0.3796721288811475,-0.9614863916702532,6,-0.6608531809232983,2,-0.8906959091929598,-1.2089476597428608,-0.2775943477299747,0,0,-0.0572673987209239,-0.4262300150429028,1.1914379855160335,0.0,-0.9320143892374164,-0.2930769296747854,0.1557070814399298,0.3380961637724818,-0.6544537372115486,-0.6154915796172451,-0.3687152874355457,-0.5952272282818631,0,1,0,0.45803000914288106,Normal
183,0.4463504035345031,2,1.3722185003205112,2,1.3335810620982798,-0.8916882501868245,2,0.0,-1.2908609103187278,-0.6605306743650393,0,0.2021818763803334,0.3796721288811475,-0.9614863916702532,8,-0.6608531809232983,2,-0.7145511069059916,1.0420965049946562,-0.6780493930322936,0,1,1.855984331273588,2.346151056253851,1.1914379855160335,0.0,-0.9320143892374164,-0.9359045730975464,1.707499689688721,-1.0778621289498782,-0.4911735278257753,-0.339393739508197,-0.6791456840737199,-0.5952272282818631,1,-1,1,0.54654365663438,Anomaly
184,1.4318670655440953,2,-1.176298592619766,1,-1.010909342912418,0.0850492518807105,3,0.0,-1.289199282620663,0.2546249253678617,1,0.9894861367222936,-1.0261667362455194,-0.9614863916702532,2,0.2462002046576992,1,-0.597687848452635,-1.5302242384148943,-0.2775943477299747,0,0,-0.0572673987209239,-0.4262300150429028,1.1914379855160335,0.0,0.241988311858558,-0.8073390444129942,-0.6201892226844657,-1.0778621289498782,-0.6544537372115486,-0.6154915796172451,-0.6791456840737199,-0.5952272282818631,0,1,0,0.44373342160036083,Normal
185,1.7603726195472926,2,0.6979026936281421,1,0.4698214391996017,-0.8916882501868245,3,0.0,-1.287537654922598,1.1697805251007627,0,-0.4375028351475091,1.7855109940078144,-0.0577875452794142,4,-1.5679065665042955,0,-0.4362040731352696,1.6776226155611202,-0.6780493930322936,0,0,-1.1505541015749308,-0.4262300150429028,0.2662325767951835,0.0,1.4159910129545328,-0.8073390444129942,0.1557070814399298,0.3380961637724818,-0.4911735278257753,-0.6154915796172451,-0.3687152874355457,-0.3148734873096303,0,1,0,0.46762953417076764,Normal
186,-0.42966440714069,2,0.3186000523636845,1,0.59321567104227,0.0850492518807105,3,0.0,-1.2842143995264683,1.1697805251007627,0,0.3005949089230785,0.3796721288811475,-0.9614863916702532,6,-0.6608531809232983,1,-0.7961429091716077,-1.35482915084591,-0.6780493930322936,0,0,-0.6039107501479274,-0.4262300150429028,1.1914379855160335,0.0,0.241988311858558,-0.4216424583593375,1.707499689688721,0.3380961637724818,0.161947309717318,0.7649976209279952,-0.3687152874355457,0.5261877356070683,0,1,0,0.43577755155351966,Normal
187,0.3368485522001039,2,0.4623879817319102,1,-0.6407266473844129,-1.86842575225436,3,0.0,-1.282552771828403,1.1697805251007627,0,-0.9787745141326066,0.3796721288811475,2.6533089938931025,3,0.2462002046576992,1,2.6623721050925453,-1.098201402527829,-0.6780493930322936,0,0,-0.3305890744344257,-0.4262300150429028,-0.6589728319256667,0.0,0.241988311858558,1.2497094145398413,-0.6201892226844657,0.3380961637724818,2.1213098223465976,1.041095461037043,2.114727885669848,1.3672489585237668,0,1,0,0.48742160776647636,Normal
188,1.979376322216091,2,-0.273905380722625,1,0.59321567104227,1.0617867539482455,3,0.0,-1.2808911441303386,0.2546249253678617,1,-0.2406767700620191,1.7855109940078144,2.6533089938931025,5,-0.6608531809232983,2,2.596291244403466,-0.1369014033516651,2.1251359240839385,0,0,-1.1505541015749308,-0.4262300150429028,1.1914379855160335,0.0,-0.9320143892374164,3.1781923448081244,0.1557070814399298,0.3380961637724818,2.774430659889691,2.97378034180038,-0.0582848907973714,3.049371404357164,0,-1,1,0.5630535610312641,Anomaly
189,-0.3201625558062908,1,0.6607161601708423,1,-0.8875151110697495,-1.86842575225436,1,0.0,-1.2775678887342088,1.1697805251007627,1,-1.0279810304039791,-1.0261667362455194,-0.0577875452794142,4,0.2462002046576992,1,0.6467996147497455,-0.0336038157208931,-0.6780493930322936,0,0,0.4893759527060795,-0.4262300150429028,0.2662325767951835,0.0,-0.9320143892374164,-0.1645114009902331,-0.6201892226844657,-1.0778621289498782,0.4885077284888646,1.3171933011460917,-0.3687152874355457,1.3672489585237668,0,1,0,0.45529736350782785,Normal
190,1.5413689168784943,2,-1.2134851260770658,1,-0.7641208792270812,0.0850492518807105,3,0.0,-1.2742446333380788,1.1697805251007627,0,1.5799643319787635,0.3796721288811475,1.7496101475022634,0,-0.6608531809232983,2,1.5364477295573886,-1.000806534190244,0.1228606975723441,0,0,0.7626976284195812,-0.4262300150429028,0.2662325767951835,0.0,-0.9320143892374164,1.2497094145398413,2.4833959938131165,0.3380961637724818,-0.0013328996684553,0.7649976209279952,-0.3687152874355457,-1.1559347102263289,0,-1,1,0.5067824448079734,Anomaly
191,1.6508707682128936,2,-0.2565516651092185,1,-1.010909342912418,1.0617867539482455,1,0.0,-1.272583005640014,0.2546249253678617,1,-0.043850704976529,-1.0261667362455194,2.6533089938931025,3,0.2462002046576992,1,2.8676264826669864,-1.213585510616079,-1.0785044383346123,0,0,-0.3305890744344257,-0.4262300150429028,-1.584178240646517,0.0,0.241988311858558,2.92106128743902,1.707499689688721,0.3380961637724818,4.243952544361651,3.802073862127524,2.7355886789461965,1.3672489585237668,0,-1,1,0.5499927849527978,Anomaly
192,-1.0866755151470848,2,0.2268732698356784,1,-0.0237554881710714,0.0850492518807105,3,0.0,-1.270921377941949,1.1697805251007627,0,1.629170848250136,0.3796721288811475,-0.9614863916702532,6,-0.6608531809232983,2,-0.8974952260484278,-0.3558641809417913,-0.6780493930322936,0,0,0.2160542769925777,-0.4262300150429028,1.1914379855160335,0.0,-0.9320143892374164,-0.5502079870438897,-0.6201892226844657,-1.0778621289498782,-0.0013328996684553,0.7649976209279952,-0.6791456840737199,-0.3148734873096303,0,1,0,0.4546818322910164,Normal
193,-0.2106607044718917,2,-0.6110632840688096,1,1.7037637576262843,-0.8916882501868245,1,0.0,-1.2692597502438845,-0.6605306743650393,1,-0.7819484490471167,-1.0261667362455194,-0.0577875452794142,4,0.2462002046576992,1,-0.124710369694141,0.1663859355697035,0.1228606975723441,0,1,-0.6039107501479274,-0.4262300150429028,-1.584178240646517,0.0,-0.9320143892374164,-0.4216424583593375,-1.3960855268088614,0.3380961637724818,-0.9810141559830952,-1.1676872598353414,-0.6791456840737199,-0.8755809692540959,1,1,0,0.49121538458394975,Normal
194,0.6653541062033014,0,1.3424692735546713,1,-0.270543951856408,0.0850492518807105,3,0.0,-1.2675981225458193,1.1697805251007627,1,-1.4216331605749593,1.7855109940078144,-0.9614863916702532,6,1.153253590238697,0,-0.9378661698777692,-1.276828931614511,0.523315742874663,0,0,-0.3305890744344257,-0.4262300150429028,1.1914379855160335,0.0,2.5899937140505074,-0.5502079870438897,0.1557070814399298,1.754054456494842,-0.3278933184400019,-0.063295899399149,-0.0582848907973714,-0.5952272282818631,0,-1,1,0.5004039636813858,Anomaly
195,0.8843578088720997,0,0.9730830412121604,1,-0.8875151110697495,-0.8916882501868245,3,0.0,-1.2642748671496895,-1.5756862740979405,1,-0.043850704976529,-1.0261667362455194,1.7496101475022634,3,1.153253590238697,1,2.186207446558051,0.8641716805857348,2.5255909693862573,0,0,2.1293060069870897,2.346151056253851,1.1914379855160335,0.0,0.241988311858558,1.3782749432243937,-1.3960855268088614,0.3380961637724818,2.1213098223465976,1.041095461037043,2.7355886789461965,1.086895217551534,0,-1,1,0.5833212446463477,Anomaly
196,0.0083429981969065,2,-1.2705044773782588,1,1.456975293940948,0.0850492518807105,1,0.0,-1.2592899840554947,-0.6605306743650393,1,-0.043850704976529,1.7855109940078144,-0.9614863916702532,6,-1.5679065665042955,1,-0.6244601585710403,1.2176321334991926,-0.6780493930322936,0,1,-0.8772324258614291,-0.4262300150429028,-1.584178240646517,0.0,0.241988311858558,-0.4216424583593375,0.1557070814399298,-1.0778621289498782,0.161947309717318,0.7649976209279952,-0.3687152874355457,0.8065414765793012,0,1,0,0.46350654282413445,Normal
197,-0.2106607044718917,1,-1.6473280164122297,1,-0.8875151110697495,0.0850492518807105,3,0.0,-1.255966728659365,-0.6605306743650393,0,-1.4216331605749593,0.3796721288811475,-0.0577875452794142,2,-0.6608531809232983,2,-0.4415160394286039,0.2351104530546661,0.9237707881769818,0,0,-1.1505541015749308,-0.4262300150429028,1.1914379855160335,0.0,-0.9320143892374164,-0.1645114009902331,1.707499689688721,0.3380961637724818,-0.1646131090542286,-0.6154915796172451,-0.3687152874355457,-0.5952272282818631,0,1,0,0.47310371371605664,Normal
198,0.5558522548689022,0,0.3062045412112512,1,1.456975293940948,-0.8916882501868245,3,0.0,-1.2543051009613002,0.2546249253678617,0,-1.4708396768463317,0.3796721288811475,-0.0577875452794142,4,0.2462002046576992,0,-0.2630339719725685,0.2987754968597542,-0.2775943477299747,0,0,0.2160542769925777,-0.4262300150429028,-0.6589728319256667,0.0,0.241988311858558,-0.0359458723056809,1.707499689688721,0.3380961637724818,-0.3278933184400019,-0.339393739508197,-0.6791456840737199,-0.5952272282818631,0,1,0,0.46286421393477856,Normal
199,0.1178448495313057,2,1.1367037884242792,1,-0.8875151110697495,1.0617867539482455,1,0.0,-1.2526434732632352,1.1697805251007627,1,1.0878991692650386,0.3796721288811475,-0.0577875452794142,4,0.2462002046576992,1,0.0106385314600191,-0.9913902915082552,2.5255909693862573,0,0,-0.3305890744344257,-0.4262300150429028,-0.6589728319256667,0.0,-0.9320143892374164,0.3497507137479757,0.1557070814399298,0.3380961637724818,-0.9810141559830952,-1.1676872598353414,-0.6791456840737199,-1.1559347102263289,0,1,0,0.4518355765286979,Normal
200,0.1178448495313057,2,0.6979026936281421,1,2.4441291486822943,0.0850492518807105,5,0.0,-1.2493202178671057,1.1697805251007627,1,-0.5851223839616266,0.3796721288811475,-0.0577875452794142,4,1.153253590238697,1,-0.0514052348461265,-1.4234131273953206,0.1228606975723441,0,0,0.7626976284195812,-0.4262300150429028,-1.584178240646517,0.0,0.241988311858558,-0.2930769296747854,0.1557070814399298,-2.4938204216722384,-0.0013328996684553,0.7649976209279952,-0.3687152874355457,0.8065414765793012,0,1,0,0.47460901175897263,Normal
201,-1.0866755151470848,1,-0.8193078714296883,1,-1.010909342912418,-1.86842575225436,5,0.0,-1.2476585901690405,0.2546249253678617,1,-0.2898832863333916,-1.0261667362455194,-0.0577875452794142,4,-1.5679065665042955,1,-0.4685008281987426,-0.651281227472244,0.9237707881769818,0,0,1.036019304133083,-0.4262300150429028,0.2662325767951835,0.0,0.241988311858558,-0.678773515728442,-1.3960855268088614,0.3380961637724818,-0.8177339465973219,-0.6154915796172451,-0.0582848907973714,-1.1559347102263289,0,1,0,0.4818795759120244,Normal
202,1.3223652142096962,0,0.4946163107282367,1,1.0867925984129432,1.0617867539482455,1,0.0,-1.2459969624709757,1.1697805251007627,1,1.2847252343505289,0.3796721288811475,-0.0577875452794142,4,1.153253590238697,0,0.0639706730450963,1.3323135369096823,-0.6780493930322936,0,1,-0.0572673987209239,-0.4262300150429028,-1.584178240646517,0.0,1.4159910129545328,-0.5502079870438897,-2.171981830933257,0.3380961637724818,-0.0013328996684553,0.7649976209279952,-0.3687152874355457,0.8065414765793012,0,-1,1,0.5055700759741566,Anomaly
203,-0.3201625558062908,1,0.187207634147892,1,0.0996387436715968,1.0617867539482455,3,0.0,-1.242673707074846,1.1697805251007627,1,-1.1263940629467242,0.3796721288811475,-0.9614863916702532,6,0.2462002046576992,0,-0.571128016985963,-1.1722664755637702,-0.6780493930322936,0,1,0.4893759527060795,-0.4262300150429028,1.1914379855160335,0.0,0.241988311858558,-0.8073390444129942,0.9316033855643254,1.754054456494842,-0.3278933184400019,-0.339393739508197,-0.0582848907973714,-1.1559347102263289,0,1,0,0.4692323163733072,Normal
204,0.3368485522001039,2,0.2541433943710315,1,1.2101868302556114,-0.8916882501868245,3,0.0,-1.2360271962825862,0.2546249253678617,1,1.629170848250136,0.3796721288811475,-0.0577875452794142,2,1.153253590238697,1,-0.7993300889476084,0.3105809354461281,2.1251359240839385,0,1,-0.0572673987209239,-0.4262300150429028,0.2662325767951835,0.0,0.241988311858558,0.4783162424325279,-0.6201892226844657,1.754054456494842,-0.0013328996684553,-0.6154915796172451,0.2521455058408027,0.8065414765793012,0,1,0,0.48372614325568325,Normal
205,0.1178448495313057,2,0.9358965077548606,1,2.4441291486822943,-1.86842575225436,3,0.0,-1.2343655685845214,-0.6605306743650393,1,0.2021818763803334,0.3796721288811475,-0.0577875452794142,0,-1.5679065665042955,1,0.0361359696680241,-0.4158751604225255,1.7246808787816197,0,1,1.036019304133083,-0.4262300150429028,-0.6589728319256667,0.0,-0.9320143892374164,0.7354472998016324,-0.6201892226844657,0.3380961637724818,-0.9810141559830952,-1.1676872598353414,-0.6791456840737199,-1.1559347102263289,1,-1,1,0.5253190758098338,Anomaly
206,-0.8676718124782865,2,-1.6894727543305028,2,2.197340684996958,0.0850492518807105,2,0.0,-1.2327039408864564,-0.6605306743650393,0,-1.5200461931177045,0.3796721288811475,0.8459113011114247,7,1.153253590238697,1,0.2413903472424649,1.435189501733798,-0.6780493930322936,0,0,1.855984331273588,2.346151056253851,1.1914379855160335,0.0,2.5899937140505074,-0.1645114009902331,0.1557070814399298,-1.0778621289498782,0.4885077284888646,-0.063295899399149,-0.3687152874355457,1.3672489585237668,1,-1,1,0.5680794629226544,Anomaly
207,-1.6341847718190805,2,0.8268160096134479,1,-0.5173324155417446,0.0850492518807105,1,0.0,-1.2310423131883916,1.1697805251007627,1,-0.2898832863333916,1.7855109940078144,-0.9614863916702532,6,-0.6608531809232983,0,-0.8870837721134924,-0.2699936693194761,-0.6780493930322936,0,1,0.2160542769925777,-0.4262300150429028,-1.584178240646517,0.0,0.241988311858558,-0.9359045730975464,-0.6201892226844657,-1.0778621289498782,-0.4911735278257753,-0.6154915796172451,-0.0582848907973714,-0.5952272282818631,0,1,0,0.4766652799642743,Normal
208,-0.1011588531374925,1,-0.4152142078603641,1,1.0867925984129432,-1.86842575225436,3,0.0,-1.2277190577922616,-0.6605306743650393,0,0.349801425194451,0.3796721288811475,-0.9614863916702532,2,1.153253590238697,2,-0.9242675361668332,-0.9289901161231358,-0.6780493930322936,0,0,-0.6039107501479274,-0.4262300150429028,-1.584178240646517,0.0,-0.9320143892374164,-0.4216424583593375,-0.6201892226844657,0.3380961637724818,0.161947309717318,-0.8915894197262932,-0.3687152874355457,0.8065414765793012,0,1,0,0.47492086420871815,Normal
209,0.3368485522001039,0,0.8640025430707476,1,-0.0237554881710714,2.038524256015781,1,0.0,-1.2260574300941969,1.1697805251007627,1,-0.142263737519274,-1.0261667362455194,-0.0577875452794142,0,1.153253590238697,1,-0.3456881674968516,-0.0099929385481452,2.5255909693862573,0,0,-0.3305890744344257,-0.4262300150429028,1.1914379855160335,0.0,0.241988311858558,-0.8073390444129942,1.707499689688721,-2.4938204216722384,-0.6544537372115486,-0.6154915796172451,-0.6791456840737199,-0.5952272282818631,0,-1,1,0.5243117127373871,Anomaly
210,0.9938596602064989,2,-0.3929022877859843,1,-1.010909342912418,1.0617867539482455,3,0.0,-1.224395802396132,1.1697805251007627,1,1.5307578157073911,0.3796721288811475,0.8459113011114247,0,-1.5679065665042955,0,0.6147153383380057,-0.2733666517727258,1.7246808787816197,0,0,0.2160542769925777,-0.4262300150429028,0.2662325767951835,0.0,0.241988311858558,0.7354472998016324,0.1557070814399298,0.3380961637724818,-0.4911735278257753,-0.6154915796172451,-0.6791456840737199,-0.3148734873096303,0,1,0,0.4701604973993584,Normal
211,-0.5391662584750891,2,0.6012177066391627,2,-0.6407266473844129,1.0617867539482455,3,0.0,-1.2194109193019371,1.1697805251007627,1,-1.6676657419318217,-2.432005601372186,0.8459113011114247,7,1.153253590238697,1,0.8280439046783147,1.6160656857893132,-0.6780493930322936,0,0,-1.1505541015749308,-0.4262300150429028,0.2662325767951835,0.0,-0.9320143892374164,0.3497507137479757,-0.6201892226844657,-1.0778621289498782,1.141628566031958,1.041095461037043,2.114727885669848,1.086895217551534,1,-1,1,0.5196942955713728,Anomaly
212,-0.7581699611438873,0,0.0657316248540461,1,-1.010909342912418,-1.86842575225436,1,0.0,-1.2177492916038724,0.2546249253678617,1,1.0878991692650386,-1.0261667362455194,0.8459113011114247,4,0.2462002046576992,2,0.4188100214398335,0.9292421337463436,-0.6780493930322936,0,0,1.855984331273588,2.346151056253851,0.2662325767951835,0.0,-0.9320143892374164,0.0926196563788712,-0.6201892226844657,0.3380961637724818,0.651787937874638,1.041095461037043,0.8730062991171511,1.086895217551534,0,-1,1,0.5204742812245596,Anomaly
213,-1.0866755151470848,1,1.0896008460450328,2,1.3335810620982798,0.0850492518807105,1,0.0,-1.2160876639058074,1.1697805251007627,0,1.1863122018077836,0.3796721288811475,-0.0577875452794142,7,0.2462002046576992,2,0.7390153496020304,-0.196350219090191,-0.6780493930322936,0,0,-0.3305890744344257,-0.4262300150429028,1.1914379855160335,0.0,-0.9320143892374164,-0.5502079870438897,-0.6201892226844657,0.3380961637724818,-0.0013328996684553,0.7649976209279952,-0.6791456840737199,0.8065414765793012,0,1,0,0.46983698099169163,Normal
214,1.5413689168784943,2,1.652357052365503,1,-0.1471497200137397,1.0617867539482455,1,0.0,-1.2111027808116128,-0.6605306743650393,1,0.743453555365431,-1.0261667362455194,0.8459113011114247,5,-0.6608531809232983,1,1.2721242868010696,0.1999752191666484,0.9237707881769818,0,0,0.2160542769925777,-0.4262300150429028,1.1914379855160335,0.0,1.4159910129545328,0.6068817711170802,1.707499689688721,-2.4938204216722384,0.4885077284888646,1.3171933011460917,0.5625759024789769,0.8065414765793012,0,-1,1,0.5025492068226124,Anomaly
215,-0.7581699611438873,2,0.5020536174196967,1,-0.7641208792270812,0.0850492518807105,5,0.0,-1.2094411531135478,1.1697805251007627,0,1.0878991692650386,0.3796721288811475,-0.9614863916702532,6,-1.5679065665042955,2,-0.8171782956932119,-0.8091086980972194,0.9237707881769818,0,1,-1.1505541015749308,-0.4262300150429028,0.2662325767951835,0.0,-0.9320143892374164,-0.4216424583593375,1.707499689688721,0.3380961637724818,-0.3278933184400019,-0.6154915796172451,-0.6791456840737199,-0.0345197463373974,1,-1,1,0.5015949589566234,Anomaly
216,0.4463504035345031,2,0.2318314742966517,2,-0.3939381836990763,0.0850492518807105,1,0.0,-1.207779525415483,1.1697805251007627,0,0.448214457737196,0.3796721288811475,0.8459113011114247,3,1.153253590238697,2,1.506063282359516,0.0507207456103493,0.1228606975723441,0,1,0.7626976284195812,-0.4262300150429028,0.2662325767951835,0.0,-0.9320143892374164,0.6068817711170802,0.1557070814399298,0.3380961637724818,-0.9810141559830952,-1.1676872598353414,-0.6791456840737199,-1.1559347102263289,0,1,0,0.47564367960264614,Normal
217,-0.7581699611438873,1,-1.161423979236846,2,2.073946453154289,1.0617867539482455,2,0.0,-1.206117897717418,0.2546249253678617,0,-0.6835354165043717,-1.0261667362455194,-0.0577875452794142,7,-1.5679065665042955,2,0.0410229786578918,1.216226724143672,0.9237707881769818,0,0,-0.0572673987209239,-0.4262300150429028,0.2662325767951835,0.0,-0.9320143892374164,-0.2930769296747854,1.707499689688721,-1.0778621289498782,-0.1646131090542286,-0.339393739508197,-0.6791456840737199,-0.8755809692540959,1,-1,1,0.5186700997831122,Anomaly
218,-0.8676718124782865,2,0.4698252884233702,1,-1.010909342912418,0.0850492518807105,5,0.0,-1.204456270019353,0.2546249253678617,1,0.9402796204509212,0.3796721288811475,-0.9614863916702532,6,0.2462002046576992,2,-0.9444530080815038,0.7650903210215249,-1.0785044383346123,0,0,-0.3305890744344257,-0.4262300150429028,1.1914379855160335,0.0,-0.9320143892374164,-0.5502079870438897,-1.3960855268088614,-1.0778621289498782,-0.1646131090542286,-0.6154915796172451,-0.3687152874355457,0.2458339946348354,1,1,0,0.4765905628622392,Normal
219,0.8843578088720997,0,0.6185714222525692,2,-0.3939381836990763,0.0850492518807105,3,0.0,-1.2011330146232233,1.1697805251007627,0,-0.4375028351475091,-1.0261667362455194,0.8459113011114247,7,1.153253590238697,2,0.5018891742675833,0.3551324120161345,1.324225833479301,0,0,-0.8772324258614291,-0.4262300150429028,1.1914379855160335,0.0,-0.9320143892374164,1.5068404719089457,-0.6201892226844657,0.3380961637724818,1.9580296129608248,0.7649976209279952,3.0460190755843706,1.086895217551534,0,-1,1,0.531858595638174,Anomaly
220,1.869874470881692,2,0.8540861341488011,2,-0.7641208792270812,0.0850492518807105,2,0.0,-1.1994713869251583,1.1697805251007627,0,-0.6835354165043717,0.3796721288811475,-0.0577875452794142,7,-1.5679065665042955,1,-0.11961088205254,0.3791649119955386,-0.2775943477299747,0,0,-0.3305890744344257,-0.4262300150429028,1.1914379855160335,0.0,0.241988311858558,0.6068817711170802,0.9316033855643254,0.3380961637724818,-0.1646131090542286,-0.6154915796172451,-0.6791456840737199,0.2458339946348354,0,1,0,0.44590170419689884,Normal
221,-0.1011588531374925,2,1.4713825895399772,1,-0.5173324155417446,-0.8916882501868245,1,0.0,-1.1978097592270935,1.1697805251007627,1,-0.1914702537906465,0.3796721288811475,-0.0577875452794142,2,-0.6608531809232983,2,-0.1251353269976078,-0.6138973386153932,2.1251359240839385,0,0,0.2160542769925777,-0.4262300150429028,1.1914379855160335,0.0,-0.9320143892374164,0.6068817711170802,0.1557070814399298,1.754054456494842,0.9783483566461848,1.8693889813641875,0.2521455058408027,0.8065414765793012,0,1,0,0.4699662480074466,Normal
222,-0.42966440714069,2,-1.6250160963378495,1,-0.6407266473844129,1.0617867539482455,3,0.0,-1.1961481315290288,0.2546249253678617,0,-0.929567997861234,-1.0261667362455194,-0.9614863916702532,6,-0.6608531809232983,1,-0.82461504850388,-0.1496906284869035,1.324225833479301,0,0,1.5826626555600865,2.346151056253851,1.1914379855160335,0.0,-0.9320143892374164,-0.5502079870438897,0.1557070814399298,0.3380961637724818,-0.6544537372115486,-0.6154915796172451,-0.3687152874355457,-0.8755809692540959,0,1,0,0.4824800229197329,Normal
223,0.0083429981969065,1,-0.3457993454067379,1,0.2230329755142651,0.0850492518807105,4,0.0,-1.1944865038309638,-0.6605306743650393,1,-0.929567997861234,0.3796721288811475,0.8459113011114247,5,1.153253590238697,0,1.20731829802239,-0.5982972947691133,-0.6780493930322936,0,1,-0.3305890744344257,-0.4262300150429028,0.2662325767951835,0.0,2.5899937140505074,-0.1645114009902331,-1.3960855268088614,0.3380961637724818,0.4885077284888646,1.041095461037043,-0.6791456840737199,0.8065414765793012,0,1,0,0.4872371906079489,Normal
224,0.1178448495313057,2,-1.694430958791476,2,-0.7641208792270812,0.0850492518807105,1,0.0,-1.1928248761328988,-1.5756862740979405,1,0.4974209740085685,0.3796721288811475,0.8459113011114247,7,0.2462002046576992,0,0.8724519428905902,-0.6557785374099103,-1.0785044383346123,0,0,-0.8772324258614291,-0.4262300150429028,0.2662325767951835,0.0,1.4159910129545328,0.7354472998016324,2.4833959938131165,-1.0778621289498782,1.4681889848035046,1.5932911412551394,0.8730062991171511,2.488663922412698,0,-1,1,0.5071620992286345,Anomaly
225,-0.6486681098094882,0,0.4375969594270437,1,-1.010909342912418,1.0617867539482455,3,0.0,-1.191163248434834,0.2546249253678617,1,1.1863122018077836,-2.432005601372186,-0.0577875452794142,4,0.2462002046576992,1,-0.458514331567274,-1.395867104027115,-1.0785044383346123,0,0,-0.8772324258614291,-0.4262300150429028,1.1914379855160335,0.0,0.241988311858558,-0.678773515728442,-0.6201892226844657,0.3380961637724818,-0.3278933184400019,-0.063295899399149,-0.3687152874355457,-0.0345197463373974,0,1,0,0.4775259559522668,Normal
226,2.417383727553688,2,-1.6374116074902831,1,-0.7641208792270812,0.0850492518807105,1,0.0,-1.189501620736769,0.2546249253678617,1,0.2021818763803334,-1.0261667362455194,-0.9614863916702532,6,1.153253590238697,1,-0.9191680485252322,-0.8231627916524266,0.1228606975723441,0,0,0.4893759527060795,-0.4262300150429028,-1.584178240646517,0.0,0.241988311858558,-0.5502079870438897,2.4833959938131165,0.3380961637724818,-0.9810141559830952,-1.1676872598353414,-0.6791456840737199,-1.1559347102263289,0,1,0,0.4858245084885453,Normal
227,0.0083429981969065,1,-1.1986105126941458,2,-0.6407266473844129,1.0617867539482455,2,0.0,-1.1861783653406393,-1.5756862740979405,1,-1.2248070954894692,0.3796721288811475,-0.9614863916702532,8,1.153253590238697,0,-0.7882811990574728,-1.654743507314029,0.523315742874663,0,0,0.4893759527060795,-0.4262300150429028,0.2662325767951835,0.0,0.241988311858558,0.2211851850634235,-0.6201892226844657,0.3380961637724818,0.3252275191030913,1.041095461037043,0.8730062991171511,1.086895217551534,0,1,0,0.4818660307049361,Normal
228,-0.8676718124782865,1,1.51352732745825,2,-1.010909342912418,-1.86842575225436,3,0.0,-1.1845167376425745,-0.6605306743650393,0,-1.1756005792180968,0.3796721288811475,0.8459113011114247,7,1.153253590238697,1,0.3006718910760766,-1.084147308972622,-0.6780493930322936,0,0,-0.3305890744344257,-0.4262300150429028,1.1914379855160335,0.0,0.241988311858558,-0.0359458723056809,1.707499689688721,0.3380961637724818,0.651787937874638,1.5932911412551394,0.5625759024789769,-0.8755809692540959,0,1,0,0.49093538789481883,Normal
229,-0.2106607044718917,1,0.3508283813600109,2,-1.010909342912418,0.0850492518807105,2,0.0,-1.1811934822464445,0.2546249253678617,0,1.2847252343505289,0.3796721288811475,0.8459113011114247,7,0.2462002046576992,2,0.4857407967358467,-0.7332165928991012,-0.6780493930322936,0,0,-0.3305890744344257,-0.4262300150429028,-1.584178240646517,0.0,-0.9320143892374164,-0.1645114009902331,0.1557070814399298,1.754054456494842,0.4885077284888646,0.7649976209279952,-0.6791456840737199,1.086895217551534,0,1,0,0.47494546234957546,Normal
230,-0.8676718124782865,2,0.2318314742966517,1,1.0867925984129432,-1.86842575225436,3,0.0,-1.1795318545483795,0.2546249253678617,1,0.9894861367222936,-1.0261667362455194,-0.9614863916702532,6,1.153253590238697,2,-0.8741225743577565,0.0910559941137936,-0.6780493930322936,0,1,-0.6039107501479274,-0.4262300150429028,0.2662325767951835,0.0,-0.9320143892374164,-0.9359045730975464,0.1557070814399298,-1.0778621289498782,-0.4911735278257753,-0.339393739508197,-0.6791456840737199,-0.8755809692540959,1,1,0,0.4830419023428652,Normal
231,1.6508707682128936,2,1.2904081267144516,1,-0.8875151110697495,0.0850492518807105,1,0.0,-1.1778702268503147,0.2546249253678617,0,1.137105685536411,-1.0261667362455194,-0.9614863916702532,2,1.153253590238697,2,-0.6992526439811885,-1.5477918553589032,1.7246808787816197,0,0,-0.0572673987209239,-0.4262300150429028,-0.6589728319256667,0.0,-0.9320143892374164,-0.678773515728442,0.1557070814399298,-1.0778621289498782,-0.8177339465973219,-0.6154915796172451,-0.0582848907973714,-0.5952272282818631,0,1,0,0.48070785978917424,Normal
232,0.5558522548689022,2,-0.6705617376004892,1,-0.6407266473844129,-0.8916882501868245,5,0.0,-1.1728853437561202,0.2546249253678617,1,-0.3882963188761366,0.3796721288811475,2.6533089938931025,3,1.153253590238697,1,2.704655356787488,-1.3182885076023718,-0.6780493930322936,0,0,-1.1505541015749308,-0.4262300150429028,1.1914379855160335,0.0,-0.9320143892374164,1.3782749432243937,0.1557070814399298,0.3380961637724818,2.447870241118145,3.5259760220184755,2.7355886789461965,3.049371404357164,0,-1,1,0.5429689094552858,Anomaly
233,2.417383727553688,2,0.0384615003186929,0,-0.3939381836990763,-0.8916882501868245,3,0.0,-1.1695620883599902,-0.6605306743650393,1,-0.6835354165043717,0.3796721288811475,-0.9614863916702532,1,0.2462002046576992,1,-0.9000449698692283,1.5942818407787422,2.1251359240839385,0,0,0.4893759527060795,-0.4262300150429028,1.1914379855160335,0.0,-0.9320143892374164,-0.5502079870438897,-0.6201892226844657,-1.0778621289498782,-0.8177339465973219,-0.6154915796172451,-0.0582848907973714,-0.5952272282818631,0,-1,1,0.5046875167788535,Anomaly
234,1.4318670655440953,2,0.1277091806162123,2,-1.010909342912418,1.0617867539482455,3,0.0,-1.1662388329638604,1.1697805251007627,0,0.1037688438375884,0.3796721288811475,2.6533089938931025,3,1.153253590238697,0,2.765211772531499,1.3779893409641053,0.1228606975723441,0,0,-1.1505541015749308,-0.4262300150429028,0.2662325767951835,0.0,0.241988311858558,2.6639302300699157,0.1557070814399298,-1.0778621289498782,-0.0013328996684553,-1.1676872598353414,-0.6791456840737199,0.5261877356070683,0,-1,1,0.516264606563424,Anomaly
235,-0.42966440714069,2,0.0260659891662596,1,0.59321567104227,0.0850492518807105,3,0.0,-1.162915577567731,0.2546249253678617,1,-0.3882963188761366,0.3796721288811475,-0.9614863916702532,2,1.153253590238697,1,-0.8641360777262879,1.101264238862078,0.9237707881769818,0,1,-0.6039107501479274,-0.4262300150429028,0.2662325767951835,0.0,0.241988311858558,-0.4216424583593375,-0.6201892226844657,-2.4938204216722384,-0.3278933184400019,-0.063295899399149,-0.6791456840737199,-0.0345197463373974,1,1,0,0.47926255607109114,Normal
236,0.6653541062033014,2,0.5739475821038096,2,0.8400041347276065,0.0850492518807105,2,0.0,-1.159592322171601,1.1697805251007627,0,0.6942470390940585,0.3796721288811475,1.7496101475022634,3,1.153253590238697,1,2.0315229880961536,-0.9232279377655008,0.9237707881769818,0,1,1.855984331273588,2.346151056253851,0.2662325767951835,0.0,0.241988311858558,1.3782749432243937,0.1557070814399298,0.3380961637724818,1.6314691941892778,2.421584661582284,-0.3687152874355457,1.3672489585237668,0,-1,1,0.5354890019905809,Anomaly
237,-0.42966440714069,2,-0.8366615870430948,1,-0.8875151110697495,-0.8916882501868245,1,0.0,-1.157930694473536,-1.5756862740979405,0,-1.3232201280322142,0.3796721288811475,-0.9614863916702532,2,-1.5679065665042955,1,-0.806554363106543,1.011318040108753,1.7246808787816197,0,0,1.3093409798465847,2.346151056253851,-1.584178240646517,0.0,-0.9320143892374164,0.2211851850634235,0.1557070814399298,1.754054456494842,0.3252275191030913,0.7649976209279952,-0.3687152874355457,0.8065414765793012,1,-1,1,0.5506962513355822,Anomaly
238,1.6508707682128936,0,-0.0780563045141796,2,-0.8875151110697495,1.0617867539482455,1,0.0,-1.1562690667754711,-1.5756862740979405,1,0.645040522822686,-1.0261667362455194,2.6533089938931025,3,0.2462002046576992,2,2.669808857903213,0.943998931979311,-0.6780493930322936,0,1,0.7626976284195812,-0.4262300150429028,1.1914379855160335,0.0,-0.9320143892374164,2.7924957587544674,-0.6201892226844657,1.754054456494842,4.243952544361651,0.7649976209279952,3.977310265498893,2.2083101814404653,0,-1,1,0.59851326090539,Anomaly
239,-0.5391662584750891,2,1.4837781006924105,2,-0.6407266473844129,-0.8916882501868245,1,0.0,-1.1546074390774062,0.2546249253678617,0,-0.4867093514188816,0.3796721288811475,-0.9614863916702532,8,-0.6608531809232983,1,-0.5464804933848915,0.938377294557228,-0.2775943477299747,0,0,-1.1505541015749308,-0.4262300150429028,-1.584178240646517,0.0,0.241988311858558,-0.678773515728442,1.707499689688721,0.3380961637724818,-0.4911735278257753,-0.339393739508197,-0.3687152874355457,-0.5952272282818631,0,1,0,0.45031760481101923,Normal
240,-0.5391662584750891,2,-0.7127064755187623,1,-1.010909342912418,0.0850492518807105,1,0.0,-1.1529458113793414,1.1697805251007627,1,-0.1914702537906465,-1.0261667362455194,-0.9614863916702532,2,0.2462002046576992,2,-0.5891887023832999,-0.6664596485118677,-1.0785044383346123,0,1,-0.3305890744344257,-0.4262300150429028,1.1914379855160335,0.0,-0.9320143892374164,-0.9359045730975464,-0.6201892226844657,-2.4938204216722384,-0.6544537372115486,-0.6154915796172451,-0.3687152874355457,-0.5952272282818631,1,1,0,0.4881845349738986,Normal
241,0.2273467008657048,2,1.55815116760701,1,-1.010909342912418,1.0617867539482455,3,0.0,-1.1512841836812764,0.2546249253678617,0,1.4815512994360187,0.3796721288811475,-0.9614863916702532,2,0.2462002046576992,0,-0.9074817226798964,0.1551426607255379,1.7246808787816197,0,0,-0.3305890744344257,-0.4262300150429028,0.2662325767951835,0.0,2.5899937140505074,-0.5502079870438897,-1.3960855268088614,0.3380961637724818,-0.6544537372115486,-0.6154915796172451,-0.3687152874355457,-0.5952272282818631,0,1,0,0.47874191825912205,Normal
242,-0.5391662584750891,0,0.4301596527355837,2,2.073946453154289,1.0617867539482455,2,0.0,-1.1496225559832114,0.2546249253678617,1,1.6783773645215088,0.3796721288811475,-0.0577875452794142,7,1.153253590238697,1,-0.4330168933592689,-0.3153883915027949,-1.0785044383346123,0,0,0.7626976284195812,-0.4262300150429028,-1.584178240646517,0.0,-0.9320143892374164,-0.9359045730975464,-0.6201892226844657,0.3380961637724818,-0.6544537372115486,-0.6154915796172451,-0.0582848907973714,-0.5952272282818631,0,1,0,0.4933631846869803,Normal
243,0.4463504035345031,2,1.5085691229972769,1,1.2101868302556114,-0.8916882501868245,1,0.0,-1.1479609282851466,0.2546249253678617,1,-1.4708396768463317,0.3796721288811475,-0.0577875452794142,6,-1.5679065665042955,0,-0.728999655223861,0.7819552332877734,-0.2775943477299747,0,0,0.2160542769925777,-0.4262300150429028,-1.584178240646517,0.0,1.4159910129545328,0.7354472998016324,-0.6201892226844657,-1.0778621289498782,-0.9810141559830952,-1.1676872598353414,-0.6791456840737199,-1.1559347102263289,0,1,0,0.47496480453450274,Normal
244,0.3368485522001039,2,1.2333887754132586,1,1.827157989468953,-0.8916882501868245,5,0.0,-1.1462993005870816,-1.5756862740979405,1,-0.1914702537906465,0.3796721288811475,-0.0577875452794142,6,1.153253590238697,0,-0.6765174282457173,1.4242273087607369,-0.6780493930322936,0,0,0.4893759527060795,-0.4262300150429028,-1.584178240646517,0.0,1.4159910129545328,-0.2930769296747854,0.1557070814399298,0.3380961637724818,0.3252275191030913,1.041095461037043,0.5625759024789769,0.8065414765793012,0,1,0,0.48201692504639865,Normal
245,0.8843578088720997,2,-1.3647103621367511,1,-1.010909342912418,0.0850492518807105,4,0.0,-1.1446376728890169,0.2546249253678617,1,0.2021818763803334,1.7855109940078144,2.6533089938931025,3,1.153253590238697,1,2.6982809972354858,0.232861798085833,-1.0785044383346123,0,0,-1.1505541015749308,-0.4262300150429028,0.2662325767951835,0.0,0.241988311858558,1.76397152927805,-0.6201892226844657,0.3380961637724818,2.774430659889691,-1.1676872598353414,-0.3687152874355457,0.8065414765793012,0,-1,1,0.5050976906278427,Anomaly
246,-0.6486681098094882,1,1.3003245356363982,1,-0.7641208792270812,1.0617867539482455,3,0.0,-1.142976045190952,-0.6605306743650393,1,0.349801425194451,0.3796721288811475,0.8459113011114247,5,0.2462002046576992,0,1.5239114891051195,-0.111041871210084,2.5255909693862573,0,0,-0.8772324258614291,-0.4262300150429028,-1.584178240646517,0.0,0.241988311858558,-0.2930769296747854,0.1557070814399298,0.3380961637724818,-0.8177339465973219,-0.6154915796172451,-0.0582848907973714,-0.5952272282818631,0,1,0,0.47852244023485224,Normal
247,-0.42966440714069,2,0.073168931545506,1,-0.5173324155417446,1.0617867539482455,1,0.0,-1.141314417492887,0.2546249253678617,0,-0.142263737519274,-1.0261667362455194,-0.9614863916702532,6,1.153253590238697,1,-0.7632087181529345,0.0650559210366605,-0.6780493930322936,0,0,-0.6039107501479274,-0.4262300150429028,0.2662325767951835,0.0,0.241988311858558,-1.193035630466651,-0.6201892226844657,-1.0778621289498782,-0.8177339465973219,-0.6154915796172451,-0.6791456840737199,-0.5952272282818631,0,1,0,0.42684052171239745,Normal
248,-0.3201625558062908,2,-0.8242660758906616,1,-0.8875151110697495,1.0617867539482455,1,0.0,-1.139652789794822,1.1697805251007627,1,0.8910731041795485,-1.0261667362455194,-0.0577875452794142,4,-1.5679065665042955,1,-0.1159987449730726,1.317416197741163,1.324225833479301,0,0,-0.6039107501479274,-0.4262300150429028,-0.6589728319256667,0.0,0.241988311858558,0.2211851850634235,0.1557070814399298,0.3380961637724818,0.651787937874638,1.3171933011460917,0.8730062991171511,1.3672489585237668,0,1,0,0.46084525210764166,Normal
249,0.0083429981969065,2,0.5318028441855365,1,-1.010909342912418,-0.8916882501868245,3,0.0,-1.137991162096757,0.2546249253678617,0,0.841866587908176,-1.0261667362455194,-0.9614863916702532,6,-1.5679065665042955,1,-0.5488177585539586,0.6161169293363299,-0.2775943477299747,0,0,-0.3305890744344257,-0.4262300150429028,-1.584178240646517,0.0,0.241988311858558,0.7354472998016324,-0.6201892226844657,-1.0778621289498782,-0.6544537372115486,-0.8915894197262932,-0.6791456840737199,-0.5952272282818631,0,1,0,0.4459013242815391,Normal
250,0.8843578088720997,1,0.982999450134107,1,-0.270543951856408,1.0617867539482455,1,0.0,-1.1363295343986923,-1.5756862740979405,1,0.5466274902799411,1.7855109940078144,-0.0577875452794142,4,0.2462002046576992,1,-0.0146464280962525,-1.2922884345252386,0.523315742874663,0,0,0.4893759527060795,-0.4262300150429028,1.1914379855160335,0.0,0.241988311858558,-0.2930769296747854,-1.3960855268088614,0.3380961637724818,-0.6544537372115486,-0.6154915796172451,-0.6791456840737199,-0.5952272282818631,0,1,0,0.4550353026301357,Normal
251,0.0083429981969065,1,-0.7399766000541155,1,0.0996387436715968,0.0850492518807105,3,0.0,-1.1346679067006271,-1.5756862740979405,1,-0.2406767700620191,0.3796721288811475,0.8459113011114247,4,0.2462002046576992,0,0.7532514192681665,1.160853595536156,1.324225833479301,0,0,-1.1505541015749308,-0.4262300150429028,-0.6589728319256667,0.0,1.4159910129545328,0.7354472998016324,1.707499689688721,0.3380961637724818,-0.9810141559830952,-1.1676872598353414,-0.6791456840737199,-1.1559347102263289,1,-1,1,0.522123335342696,Anomaly
252,0.2273467008657048,1,-0.7374974978236288,1,-0.8875151110697495,1.0617867539482455,5,0.0,-1.1330062790025626,0.2546249253678617,0,-0.0930572212479015,0.3796721288811475,0.8459113011114247,0,0.2462002046576992,2,0.9423574193108708,-1.1093041364364429,-1.0785044383346123,0,0,2.675949358414093,2.346151056253851,1.1914379855160335,0.0,-0.9320143892374164,1.121143885855289,-1.3960855268088614,0.3380961637724818,1.9580296129608248,0.4888997808189471,2.7355886789461965,1.086895217551534,0,-1,1,0.5578452535054168,Anomaly
253,-0.8676718124782865,2,-0.3408411409457646,1,0.7166099028849382,0.0850492518807105,1,0.0,-1.1280213959083678,0.2546249253678617,1,-0.2898832863333916,0.3796721288811475,-0.9614863916702532,6,1.153253590238697,2,-0.8845340282926919,1.1749076890913632,-0.6780493930322936,0,0,1.036019304133083,-0.4262300150429028,-1.584178240646517,0.0,-0.9320143892374164,-0.678773515728442,-1.3960855268088614,0.3380961637724818,-0.1646131090542286,0.212801940709899,-0.3687152874355457,0.2458339946348354,0,1,0,0.4364896728302651,Normal
254,0.5558522548689022,2,0.2814135189063847,1,0.9633983665702748,-0.8916882501868245,1,0.0,-1.1263597682103028,1.1697805251007627,0,0.7926600716368035,1.7855109940078144,-0.0577875452794142,6,-1.5679065665042955,2,0.0089387022461521,1.2231132299857237,0.1228606975723441,0,1,-0.6039107501479274,-0.4262300150429028,0.2662325767951835,0.0,-0.9320143892374164,-0.1645114009902331,-1.3960855268088614,0.3380961637724818,-0.6544537372115486,-0.6154915796172451,-0.6791456840737199,-0.5952272282818631,0,1,0,0.4681041792051193,Normal
255,-0.8676718124782865,2,1.1019963571974662,2,1.3335810620982798,-0.8916882501868245,2,0.0,-1.123036512814173,1.1697805251007627,1,-1.0279810304039791,0.3796721288811475,-0.0577875452794142,7,1.153253590238697,0,0.090955461815235,-0.5032916223359135,-0.2775943477299747,0,0,-0.3305890744344257,-0.4262300150429028,1.1914379855160335,0.0,0.241988311858558,-0.1645114009902331,-0.6201892226844657,0.3380961637724818,-0.6544537372115486,-0.6154915796172451,-0.6791456840737199,-0.5952272282818631,0,1,0,0.4515144499642311,Normal
256,-1.3056792178158831,2,-0.2912590963360316,1,-1.010909342912418,0.0850492518807105,1,0.0,-1.1213748851161085,-1.5756862740979405,0,-0.1914702537906465,0.3796721288811475,-0.0577875452794142,4,0.2462002046576992,1,-0.3410136371587173,-0.9568172213624458,-1.0785044383346123,0,0,-0.8772324258614291,-0.4262300150429028,1.1914379855160335,0.0,1.4159910129545328,-0.8073390444129942,0.1557070814399298,0.3380961637724818,-0.4911735278257753,-0.6154915796172451,-0.3687152874355457,-0.5952272282818631,0,1,0,0.4419351860505148,Normal
257,0.5558522548689022,2,-1.3225656242184785,1,-0.8875151110697495,0.0850492518807105,3,0.0,-1.1197132574180433,1.1697805251007627,0,-0.4867093514188816,-1.0261667362455194,-0.9614863916702532,2,-1.5679065665042955,0,-0.8307769294041479,-0.8862656717153062,-1.0785044383346123,0,1,-1.1505541015749308,-0.4262300150429028,0.2662325767951835,0.0,0.241988311858558,-0.1645114009902331,0.9316033855643254,0.3380961637724818,0.3252275191030913,0.4888997808189471,1.4938670923934996,1.086895217551534,0,1,0,0.48707997515449797,Normal
258,0.3368485522001039,2,1.5209646341497105,1,-0.8875151110697495,-0.8916882501868245,3,0.0,-1.1180516297199783,-1.5756862740979405,1,-0.8311549653184892,0.3796721288811475,2.6533089938931025,5,0.2462002046576992,0,2.748001001741096,-1.1754989170814678,-1.0785044383346123,0,0,1.036019304133083,-0.4262300150429028,1.1914379855160335,0.0,0.241988311858558,1.3782749432243937,1.707499689688721,0.3380961637724818,2.284590031732371,0.7649976209279952,0.2521455058408027,1.3672489585237668,0,-1,1,0.5167945505283038,Anomaly
259,1.5413689168784943,2,0.0756480337759927,1,-1.010909342912418,0.0850492518807105,1,0.0,-1.1163900020219135,0.2546249253678617,1,1.4815512994360187,0.3796721288811475,-0.9614863916702532,6,1.153253590238697,1,-0.8031547046788091,1.2533295311294186,-0.6780493930322936,0,0,-1.1505541015749308,-0.4262300150429028,-0.6589728319256667,0.0,-0.9320143892374164,-1.3216011591512031,-2.171981830933257,-1.0778621289498782,-0.9810141559830952,-1.1676872598353414,-0.6791456840737199,-1.1559347102263289,0,1,0,0.4682534941612107,Normal
260,-0.6486681098094882,1,-1.2283597394599857,1,2.4441291486822943,-0.8916882501868245,3,0.0,-1.1130667466257838,0.2546249253678617,1,0.251388392651706,-1.0261667362455194,-0.9614863916702532,2,-0.6608531809232983,2,-0.6425208439683772,-0.3739939616280084,-1.0785044383346123,0,0,-1.1505541015749308,-0.4262300150429028,-0.6589728319256667,0.0,-0.9320143892374164,-0.678773515728442,-0.6201892226844657,1.754054456494842,-0.3278933184400019,-0.063295899399149,-0.3687152874355457,-0.0345197463373974,1,-1,1,0.5088565912496422,Anomaly
261,-0.5391662584750891,1,1.260658899948612,1,-0.270543951856408,0.0850492518807105,1,0.0,-1.1064202358335242,-0.6605306743650393,1,1.6783773645215088,1.7855109940078144,-0.9614863916702532,2,-0.6608531809232983,1,-0.7880687204057394,1.651200919677331,-0.6780493930322936,0,0,1.3093409798465847,2.346151056253851,0.2662325767951835,0.0,-0.9320143892374164,-0.8073390444129942,0.1557070814399298,-2.4938204216722384,-0.3278933184400019,-0.8915894197262932,-0.6791456840737199,-0.3148734873096303,0,-1,1,0.5052680272553934,Anomaly
262,0.1178448495313057,0,1.3003245356363982,2,-0.8875151110697495,-0.8916882501868245,1,0.0,-1.1030969804373942,1.1697805251007627,1,-1.3232201280322142,-1.0261667362455194,-0.0577875452794142,7,1.153253590238697,1,-0.2664336304003025,0.7545497508551195,0.1228606975723441,0,0,0.7626976284195812,-0.4262300150429028,1.1914379855160335,0.0,0.241988311858558,0.2211851850634235,-2.171981830933257,0.3380961637724818,0.161947309717318,0.7649976209279952,1.4938670923934996,0.2458339946348354,0,1,0,0.49571944977856586,Normal
263,-0.5391662584750891,2,-1.672119038717096,1,-0.8875151110697495,-1.86842575225436,5,0.0,-1.1014353527393297,1.1697805251007627,1,0.8910731041795485,-1.0261667362455194,-0.0577875452794142,2,-1.5679065665042955,2,-0.9193805271769656,0.7622795023104835,0.523315742874663,0,0,-0.6039107501479274,-0.4262300150429028,1.1914379855160335,0.0,-0.9320143892374164,-0.2930769296747854,1.707499689688721,0.3380961637724818,-0.1646131090542286,-0.6154915796172451,-0.6791456840737199,-0.0345197463373974,0,1,0,0.48215075791867285,Normal
264,0.9938596602064989,2,-0.7796422357419018,2,-0.8875151110697495,0.0850492518807105,5,0.0,-1.0997737250412645,0.2546249253678617,0,0.448214457737196,-2.432005601372186,1.7496101475022634,3,-0.6608531809232983,1,2.203205738696721,0.0933046490826267,0.1228606975723441,0,1,-0.8772324258614291,-0.4262300150429028,-0.6589728319256667,0.0,0.241988311858558,2.1496681153317065,-0.6201892226844657,-1.0778621289498782,-0.0013328996684553,0.7649976209279952,1.4938670923934996,0.8065414765793012,0,-1,1,0.5229137840002946,Anomaly
265,-0.9771736638126856,2,-0.6779990442919491,1,-0.8875151110697495,1.0617867539482455,1,0.0,-1.0981120973431997,-1.5756862740979405,1,0.645040522822686,0.3796721288811475,-0.9614863916702532,2,0.2462002046576992,2,-0.641245972057977,0.0874019297894397,-0.2775943477299747,0,0,-1.1505541015749308,-0.4262300150429028,0.2662325767951835,0.0,-0.9320143892374164,-0.8073390444129942,1.707499689688721,-2.4938204216722384,-1.1442943653688686,-1.1676872598353414,-0.6791456840737199,-1.1559347102263289,1,1,0,0.49822900143608123,Normal
266,-0.8676718124782865,2,1.01026957466946,2,-0.8875151110697495,0.0850492518807105,3,0.0,-1.09478884194707,-1.5756862740979405,1,0.5958340065513135,-1.0261667362455194,-0.0577875452794142,7,-0.6608531809232983,1,0.0299740887677562,-1.493402513300252,-0.2775943477299747,0,0,1.036019304133083,-0.4262300150429028,-0.6589728319256667,0.0,1.4159910129545328,-0.1645114009902331,-0.6201892226844657,0.3380961637724818,-1.1442943653688686,-1.1676872598353414,-0.6791456840737199,-1.1559347102263289,0,1,0,0.46156797439409675,Normal
267,-0.6486681098094882,2,1.6374824389825828,1,1.7037637576262843,0.0850492518807105,3,0.0,-1.093127214249005,-0.6605306743650393,1,-0.0930572212479015,-1.0261667362455194,-0.0577875452794142,0,1.153253590238697,1,-0.1956782393730885,0.0133368567534985,-1.0785044383346123,0,0,1.5826626555600865,2.346151056253851,-0.6589728319256667,0.0,0.241988311858558,-0.1645114009902331,-0.6201892226844657,0.3380961637724818,0.3252275191030913,-1.1676872598353414,1.4938670923934996,1.086895217551534,0,-1,1,0.515147086269937,Anomaly
268,-1.3056792178158831,0,-0.3160501186408981,1,-0.5173324155417446,-0.8916882501868245,1,0.0,-1.0898039588528752,-0.6605306743650393,1,0.9402796204509212,1.7855109940078144,-0.0577875452794142,0,-1.5679065665042955,0,-0.5318194664152885,0.5721276165085317,-0.6780493930322936,0,0,-0.8772324258614291,-0.4262300150429028,1.1914379855160335,0.0,1.4159910129545328,-0.678773515728442,-0.6201892226844657,0.3380961637724818,-0.1646131090542286,-0.339393739508197,-0.3687152874355457,0.2458339946348354,0,1,0,0.4958486747410805,Normal
269,0.8843578088720997,2,1.444112465004624,1,1.3335810620982798,-0.8916882501868245,3,0.0,-1.0848190757586804,0.2546249253678617,1,0.645040522822686,0.3796721288811475,1.7496101475022634,0,1.153253590238697,1,1.4858778104448451,-0.957379385104654,-1.0785044383346123,0,1,-0.3305890744344257,-0.4262300150429028,-0.6589728319256667,0.0,-0.9320143892374164,1.2497094145398413,-0.6201892226844657,0.3380961637724818,2.1213098223465976,0.7649976209279952,0.5625759024789769,1.6476026994959998,0,-1,1,0.505673971753696,Anomaly
270,-0.1011588531374925,2,1.4887363051533835,1,-0.3939381836990763,0.0850492518807105,1,0.0,-1.0831574480606156,1.1697805251007627,1,-0.929567997861234,0.3796721288811475,-0.9614863916702532,2,1.153253590238697,1,-0.6996776012846552,0.8345175431842479,-1.0785044383346123,0,0,-1.1505541015749308,-0.4262300150429028,0.2662325767951835,0.0,0.241988311858558,0.6068817711170802,0.9316033855643254,0.3380961637724818,1.304908775417731,2.421584661582284,2.4251582823080224,1.9279564404682328,0,1,0,0.4802757981873218,Normal
271,1.979376322216091,2,-0.8688899160394212,1,-1.010909342912418,0.0850492518807105,3,0.0,-1.0814958203625509,1.1697805251007627,1,0.743453555365431,0.3796721288811475,2.6533089938931025,3,-1.5679065665042955,2,2.664921848913346,0.649987294804379,-1.0785044383346123,0,1,-0.3305890744344257,-0.4262300150429028,0.2662325767951835,0.0,-0.9320143892374164,3.3067578734926766,-0.6201892226844657,0.3380961637724818,4.733793172518971,1.5932911412551394,0.5625759024789769,2.488663922412698,0,-1,1,0.5617819691193061,Anomaly
272,1.103361511540898,0,-0.338362038715278,1,2.4441291486822943,1.0617867539482455,1,0.0,-1.0781725649664209,-1.5756862740979405,1,1.0878991692650386,0.3796721288811475,0.8459113011114247,3,-0.6608531809232983,1,1.1359254710399758,-0.5685026164320743,-0.6780493930322936,0,1,-0.8772324258614291,-0.4262300150429028,1.1914379855160335,0.0,0.241988311858558,-0.1645114009902331,-0.6201892226844657,-1.0778621289498782,0.4885077284888646,0.7649976209279952,2.114727885669848,1.3672489585237668,1,-1,1,0.5452595302510597,Anomaly
273,-0.9771736638126856,2,0.8813562586841542,1,-0.0237554881710714,0.0850492518807105,3,0.0,-1.076510937268356,1.1697805251007627,1,1.3831382668932737,0.3796721288811475,-0.9614863916702532,6,1.153253590238697,1,-0.9419032642607033,-1.6443434780831758,-0.6780493930322936,0,0,2.1293060069870897,2.346151056253851,1.1914379855160335,0.0,0.241988311858558,-0.8073390444129942,0.1557070814399298,-1.0778621289498782,-0.3278933184400019,-0.6154915796172451,-0.6791456840737199,-0.0345197463373974,0,1,0,0.4847323046662574,Normal
274,0.0083429981969065,2,-1.4242088156684312,2,-0.3939381836990763,1.0617867539482455,3,0.0,-1.0748493095702911,0.2546249253678617,1,1.5799643319787635,0.3796721288811475,-0.0577875452794142,7,1.153253590238697,1,-0.000197879778383,1.196269911295278,0.523315742874663,0,0,-0.3305890744344257,-0.4262300150429028,-0.6589728319256667,0.0,0.241988311858558,-0.5502079870438897,1.707499689688721,1.754054456494842,-0.3278933184400019,-0.063295899399149,-0.6791456840737199,-0.8755809692540959,0,1,0,0.4671788929772292,Normal
275,-1.7436866231534796,2,0.4797416973453168,1,-0.7641208792270812,-0.8916882501868245,3,0.0,-1.073187681872226,1.1697805251007627,1,1.6783773645215088,-1.0261667362455194,-0.9614863916702532,6,0.2462002046576992,2,-0.6954280282499877,-0.5315403503818797,-0.6780493930322936,0,0,0.4893759527060795,-0.4262300150429028,-1.584178240646517,0.0,-0.9320143892374164,-1.0644701017820986,0.9316033855643254,1.754054456494842,-0.6544537372115486,-0.6154915796172451,-0.3687152874355457,-1.1559347102263289,0,1,0,0.4809624149370955,Normal
276,0.0083429981969065,0,-0.1846577004251056,1,-1.010909342912418,1.0617867539482455,3,0.0,-1.0715260541741614,-1.5756862740979405,0,0.6942470390940585,0.3796721288811475,0.8459113011114247,5,1.153253590238697,0,1.5086130261803166,-0.3704804382392067,-0.2775943477299747,0,1,0.7626976284195812,-0.4262300150429028,-1.584178240646517,0.0,1.4159910129545328,0.4783162424325279,-0.6201892226844657,0.3380961637724818,-0.3278933184400019,-0.6154915796172451,-0.6791456840737199,-0.5952272282818631,0,-1,1,0.50836205524242,Anomaly
277,-0.2106607044718917,2,1.2705753088705585,1,1.5803695257836163,0.0850492518807105,1,0.0,-1.0698644264760964,-0.6605306743650393,0,0.251388392651706,1.7855109940078144,0.8459113011114247,3,-0.6608531809232983,0,1.167159832844782,0.6727549263638144,1.7246808787816197,0,0,0.7626976284195812,-0.4262300150429028,-0.6589728319256667,0.0,0.241988311858558,-0.1645114009902331,2.4833959938131165,-1.0778621289498782,-0.0013328996684553,0.7649976209279952,1.1834366957553253,-0.5952272282818631,0,-1,1,0.5098991148719759,Anomaly
278,0.1178448495313057,2,-1.1911732060026858,2,-0.270543951856408,-0.8916882501868245,3,0.0,-1.0682027987780314,-1.5756862740979405,0,-1.0771875466753518,1.7855109940078144,-0.0577875452794142,7,-1.5679065665042955,0,-0.1907912303832208,0.6855441514990529,-0.6780493930322936,0,1,2.4026276827005915,2.346151056253851,0.2662325767951835,0.0,0.241988311858558,-0.4216424583593375,0.1557070814399298,0.3380961637724818,0.161947309717318,-1.1676872598353414,1.4938670923934996,0.8065414765793012,0,-1,1,0.5383472483327656,Anomaly
279,-1.196177366481484,1,1.677148074670369,1,-1.010909342912418,0.0850492518807105,1,0.0,-1.0648795433819016,0.2546249253678617,0,0.8910731041795485,0.3796721288811475,-0.0577875452794142,4,-0.6608531809232983,0,-0.0225081382103874,1.750282279241541,-0.6780493930322936,0,0,1.3093409798465847,2.346151056253851,-1.584178240646517,0.0,0.241988311858558,-0.678773515728442,2.4833959938131165,-2.4938204216722384,-0.1646131090542286,0.212801940709899,-0.3687152874355457,-0.0345197463373974,0,-1,1,0.52733028904242,Anomaly
280,1.4318670655440953,2,-0.0135996465215267,1,-0.6407266473844129,-1.86842575225436,1,0.0,-1.0632179156838368,-1.5756862740979405,1,1.4815512994360187,0.3796721288811475,2.6533089938931025,5,-0.6608531809232983,0,2.6859572354349504,0.211077953075262,0.1228606975723441,0,0,-0.3305890744344257,-0.4262300150429028,-1.584178240646517,0.0,1.4159910129545328,2.1496681153317065,0.9316033855643254,-1.0778621289498782,0.4885077284888646,-0.063295899399149,-0.3687152874355457,0.5261877356070683,0,-1,1,0.5212227062736633,Anomaly
281,1.7603726195472926,2,0.663195262401329,1,-0.7641208792270812,1.0617867539482455,3,0.0,-1.0615562879857718,0.2546249253678617,1,-1.0279810304039791,0.3796721288811475,1.7496101475022634,5,0.2462002046576992,1,2.3544905387308845,0.942031358881582,0.1228606975723441,0,1,0.2160542769925777,-0.4262300150429028,1.1914379855160335,0.0,2.5899937140505074,1.2497094145398413,1.707499689688721,-1.0778621289498782,-0.3278933184400019,-0.339393739508197,-0.3687152874355457,-0.3148734873096303,0,-1,1,0.5080222190288979,Anomaly
282,0.5558522548689022,2,-0.4152142078603641,2,-1.010909342912418,-1.86842575225436,1,0.0,-1.059894660287707,-0.6605306743650393,1,1.629170848250136,0.3796721288811475,-0.0577875452794142,7,0.2462002046576992,1,-0.339101329293117,1.4361732882826628,-0.6780493930322936,0,0,2.675949358414093,2.346151056253851,0.2662325767951835,0.0,-0.9320143892374164,1.121143885855289,0.1557070814399298,0.3380961637724818,2.1213098223465976,3.249878181909428,2.7355886789461965,0.5261877356070683,0,-1,1,0.5537456728006352,Anomaly
283,-0.8676718124782865,1,-0.8936809383442877,2,-0.8875151110697495,-0.8916882501868245,1,0.0,-1.058233032589642,-0.6605306743650393,1,-1.0771875466753518,0.3796721288811475,-0.0577875452794142,7,1.153253590238697,2,-0.4141062933549985,0.8357824116042165,-0.6780493930322936,0,0,0.7626976284195812,-0.4262300150429028,-1.584178240646517,0.0,-0.9320143892374164,-0.1645114009902331,0.1557070814399298,-1.0778621289498782,0.4885077284888646,0.7649976209279952,-0.6791456840737199,1.3672489585237668,0,1,0,0.46176776325757457,Normal
284,1.979376322216091,2,-1.6250160963378495,1,1.3335810620982798,-0.8916882501868245,5,0.0,-1.056571404891577,-0.6605306743650393,1,-1.4216331605749593,0.3796721288811475,-0.0577875452794142,2,1.153253590238697,1,-0.2311621742125622,0.2331428799569371,0.1228606975723441,0,1,1.036019304133083,-0.4262300150429028,1.1914379855160335,0.0,0.241988311858558,0.0926196563788712,0.9316033855643254,0.3380961637724818,0.4885077284888646,0.7649976209279952,-0.6791456840737199,1.086895217551534,0,1,0,0.4931677099854102,Normal
285,-1.196177366481484,1,-0.7598094178980086,1,0.2230329755142651,-0.8916882501868245,3,0.0,-1.0549097771935123,-1.5756862740979405,1,-0.2898832863333916,0.3796721288811475,-0.0577875452794142,0,-1.5679065665042955,1,-0.3743727854808573,1.1817941949334143,-0.6780493930322936,0,1,-0.6039107501479274,-0.4262300150429028,0.2662325767951835,0.0,0.241988311858558,-0.8073390444129942,0.1557070814399298,0.3380961637724818,-0.3278933184400019,-0.339393739508197,0.2521455058408027,-0.3148734873096303,0,1,0,0.47393707101806615,Normal
286,0.0083429981969065,2,1.4118841360082974,1,-1.010909342912418,0.0850492518807105,1,0.0,-1.053248149495447,1.1697805251007627,0,-1.1756005792180968,0.3796721288811475,-0.9614863916702532,6,1.153253590238697,2,-0.9323417249327014,0.2203536548216987,-0.6780493930322936,0,0,-0.8772324258614291,-0.4262300150429028,-0.6589728319256667,0.0,-0.9320143892374164,0.7354472998016324,0.1557070814399298,0.3380961637724818,1.6314691941892778,2.145486821473236,0.8730062991171511,0.8065414765793012,0,1,0,0.4721669465811415,Normal
287,0.7748559575377005,1,0.2913299278283313,1,1.827157989468953,0.0850492518807105,1,0.0,-1.0515865217973823,1.1697805251007627,1,-1.1263940629467242,0.3796721288811475,-0.9614863916702532,2,0.2462002046576992,0,-0.7100890552195906,0.7879984935165124,0.1228606975723441,0,1,1.855984331273588,2.346151056253851,1.1914379855160335,0.0,0.241988311858558,0.9925783571707368,-2.171981830933257,-2.4938204216722384,-0.9810141559830952,-1.1676872598353414,-0.6791456840737199,-1.1559347102263289,1,-1,1,0.5689717465139218,Anomaly
288,0.1178448495313057,2,-0.2838217896445716,1,1.7037637576262843,1.0617867539482455,1,0.0,-1.0499248940993176,1.1697805251007627,1,0.7926600716368035,0.3796721288811475,-0.0577875452794142,0,1.153253590238697,0,-0.1610442191405482,0.6445061983178482,2.5255909693862573,0,0,-0.3305890744344257,-0.4262300150429028,-0.6589728319256667,0.0,0.241988311858558,-0.1645114009902331,-0.6201892226844657,0.3380961637724818,-0.8177339465973219,-0.6154915796172451,-0.3687152874355457,-0.5952272282818631,0,1,0,0.47153553101773343,Normal
289,-1.196177366481484,2,1.6027750077557696,1,0.8400041347276065,1.0617867539482455,3,0.0,-1.0482632664012528,-1.5756862740979405,1,-1.0279810304039791,0.3796721288811475,-0.9614863916702532,2,-0.6608531809232983,0,-0.8775222327854906,-0.0187064765523736,-0.2775943477299747,0,1,-0.6039107501479274,-0.4262300150429028,1.1914379855160335,0.0,0.241988311858558,-0.8073390444129942,-0.6201892226844657,0.3380961637724818,-0.6544537372115486,-0.6154915796172451,-0.6791456840737199,-0.5952272282818631,1,1,0,0.49410122252626754,Normal
290,-0.9771736638126856,2,0.7797130672342015,1,-0.1471497200137397,-0.8916882501868245,1,0.0,-1.0466016387031878,1.1697805251007627,0,0.0053558112948434,0.3796721288811475,-0.9614863916702532,6,1.153253590238697,2,-0.6784297361113176,-1.3808292239230433,-0.6780493930322936,0,0,1.5826626555600865,2.346151056253851,1.1914379855160335,0.0,-0.9320143892374164,-0.8073390444129942,0.1557070814399298,0.3380961637724818,-0.3278933184400019,-0.339393739508197,-0.6791456840737199,-0.5952272282818631,0,1,0,0.4687736289024951,Normal
291,1.3223652142096962,1,-0.4127351056298775,1,0.0996387436715968,1.0617867539482455,1,0.0,-1.0449400110051228,0.2546249253678617,0,-1.5200461931177045,0.3796721288811475,2.6533089938931025,5,-1.5679065665042955,2,2.584179961254663,1.5854277618389618,2.5255909693862573,0,1,-1.1505541015749308,-0.4262300150429028,1.1914379855160335,0.0,-0.9320143892374164,1.3782749432243937,0.9316033855643254,0.3380961637724818,-0.6544537372115486,-0.6154915796172451,-0.3687152874355457,-0.5952272282818631,0,-1,1,0.5495130782556146,Anomaly
292,-0.1011588531374925,2,-0.7350183955931421,1,-0.7641208792270812,0.0850492518807105,5,0.0,-1.043278383307058,0.2546249253678617,1,-1.7660787744745667,0.3796721288811475,-0.0577875452794142,6,-0.6608531809232983,2,-0.4287673203246014,1.682541548305443,0.523315742874663,0,0,-0.8772324258614291,-0.4262300150429028,1.1914379855160335,0.0,-0.9320143892374164,-0.1645114009902331,-0.6201892226844657,0.3380961637724818,0.161947309717318,-1.1676872598353414,1.4938670923934996,0.8065414765793012,0,1,0,0.475036228013246,Normal
293,-0.6486681098094882,1,-0.8887227338833145,2,-0.5173324155417446,0.0850492518807105,2,0.0,-1.0399551279109285,1.1697805251007627,0,0.8910731041795485,0.3796721288811475,-0.9614863916702532,8,-0.6608531809232983,0,-0.7891311136644064,-1.4622024256076922,-0.6780493930322936,0,0,-1.1505541015749308,-0.4262300150429028,0.2662325767951835,0.0,0.241988311858558,-1.193035630466651,1.707499689688721,-1.0778621289498782,-0.8177339465973219,-0.6154915796172451,-0.0582848907973714,-0.5952272282818631,0,1,0,0.47984625464958497,Normal
294,-1.196177366481484,2,0.3657029947429309,2,-0.6407266473844129,1.0617867539482455,2,0.0,-1.0366318725147985,1.1697805251007627,1,-0.8803614815898617,-1.0261667362455194,-0.0577875452794142,7,1.153253590238697,2,-0.1434084910466781,-0.824006037265739,-0.6780493930322936,0,1,-0.8772324258614291,-0.4262300150429028,-0.6589728319256667,0.0,-0.9320143892374164,-0.4216424583593375,-2.171981830933257,0.3380961637724818,0.161947309717318,0.7649976209279952,1.4938670923934996,-0.0345197463373974,1,1,0,0.4995917328936462,Normal
295,0.0083429981969065,1,0.2144777586832451,1,-0.0237554881710714,0.0850492518807105,3,0.0,-1.0333086171186685,-0.6605306743650393,1,-0.6343289002329991,0.3796721288811475,-0.9614863916702532,6,1.153253590238697,1,-0.8875087294169591,-0.4078643270960575,-0.6780493930322936,0,1,-0.8772324258614291,-0.4262300150429028,0.2662325767951835,0.0,2.5899937140505074,-0.9359045730975464,0.1557070814399298,-1.0778621289498782,-0.4911735278257753,-0.6154915796172451,-0.3687152874355457,-0.5952272282818631,0,1,0,0.4537473561623304,Normal
296,0.5558522548689022,1,-0.6135423862992962,2,2.073946453154289,0.0850492518807105,2,0.0,-1.0316469894206035,0.2546249253678617,0,0.5466274902799411,0.3796721288811475,1.7496101475022634,7,-0.6608531809232983,1,1.4920396913451133,0.0774235233652427,0.9237707881769818,0,0,-0.3305890744344257,-0.4262300150429028,1.1914379855160335,0.0,0.241988311858558,1.5068404719089457,-0.6201892226844657,1.754054456494842,2.1213098223465976,-0.063295899399149,0.5625759024789769,1.086895217551534,0,-1,1,0.5160684172981299,Anomaly
297,-2.072192177156677,2,-1.419250611207458,1,-0.7641208792270812,0.0850492518807105,1,0.0,-1.0299853617225387,0.2546249253678617,1,-0.5851223839616266,0.3796721288811475,-0.9614863916702532,2,0.2462002046576992,2,-1.0800143878873971,1.5346924841046643,-0.6780493930322936,0,0,-0.6039107501479274,-0.4262300150429028,0.2662325767951835,0.0,-0.9320143892374164,-1.4501666878357553,-0.6201892226844657,0.3380961637724818,-1.1442943653688686,-1.1676872598353414,-0.6791456840737199,-1.1559347102263289,1,1,0,0.47743614603895745,Normal
298,-0.2106607044718917,2,1.0648098237401664,2,0.8400041347276065,0.0850492518807105,2,0.0,-1.028323734024474,0.2546249253678617,1,1.4815512994360187,0.3796721288811475,0.8459113011114247,7,-0.6608531809232983,1,0.3223447135528809,-1.294818171365176,-1.0785044383346123,0,0,-0.0572673987209239,-0.4262300150429028,0.2662325767951835,0.0,1.4159910129545328,0.0926196563788712,0.1557070814399298,-1.0778621289498782,0.651787937874638,1.3171933011460917,1.1834366957553253,1.3672489585237668,0,1,0,0.46913617598310864,Normal
299,-0.1011588531374925,1,-0.5862722617639431,1,1.0867925984129432,1.0617867539482455,1,0.0,-1.026662106326409,0.2546249253678617,1,0.743453555365431,1.7855109940078144,-0.9614863916702532,2,1.153253590238697,1,-0.5981128057561017,-1.010644399678889,0.523315742874663,0,0,0.7626976284195812,-0.4262300150429028,1.1914379855160335,0.0,1.4159910129545328,-0.9359045730975464,-0.6201892226844657,0.3380961637724818,-0.9810141559830952,-1.1676872598353414,-0.6791456840737199,-1.1559347102263289,0,1,0,0.46509198579175615,Normal
300,1.5413689168784943,2,1.238346979874232,1,-0.8875151110697495,0.0850492518807105,3,0.0,-1.0250004786283442,1.1697805251007627,1,0.8910731041795485,-2.432005601372186,-0.0577875452794142,4,-0.6608531809232983,0,-0.216926104546426,0.2821916664646098,0.9237707881769818,0,0,0.7626976284195812,-0.4262300150429028,1.1914379855160335,0.0,0.241988311858558,0.2211851850634235,0.1557070814399298,0.3380961637724818,-0.4911735278257753,-0.8915894197262932,-0.3687152874355457,-0.5952272282818631,0,1,0,0.46668280218321173,Normal
301,0.4463504035345031,2,-1.161423979236846,2,-0.8875151110697495,1.0617867539482455,1,0.0,-1.0216772232322142,1.1697805251007627,1,1.0878991692650386,0.3796721288811475,1.7496101475022634,3,-0.6608531809232983,2,2.0211115341612182,0.2224617688549797,-0.6780493930322936,0,0,1.036019304133083,-0.4262300150429028,-0.6589728319256667,0.0,-0.9320143892374164,1.3782749432243937,-0.6201892226844657,0.3380961637724818,2.447870241118145,1.5932911412551394,-0.6791456840737199,-0.0345197463373974,0,1,0,0.49926351734618074,Normal
302,-2.072192177156677,2,0.023586886935773,2,0.0996387436715968,0.0850492518807105,3,0.0,-1.0200155955341494,1.1697805251007627,0,0.1529753601089609,-1.0261667362455194,-0.9614863916702532,8,0.2462002046576992,2,-1.12675969126874,-0.6449568853724008,-0.6780493930322936,0,0,-0.8772324258614291,-0.4262300150429028,-1.584178240646517,0.0,-0.9320143892374164,-1.4501666878357553,-0.6201892226844657,0.3380961637724818,-1.1442943653688686,-1.1676872598353414,-0.6791456840737199,-1.1559347102263289,0,1,0,0.4920407503547941,Normal
303,-0.9771736638126856,2,1.6697107679789092,1,0.8400041347276065,-0.8916882501868245,3,0.0,-1.0183539678360845,-0.6605306743650393,1,0.1037688438375884,1.7855109940078144,-0.0577875452794142,0,-1.5679065665042955,2,-0.1788924258861518,-1.3336074695775475,-1.0785044383346123,0,0,1.036019304133083,-0.4262300150429028,0.2662325767951835,0.0,-0.9320143892374164,-0.2930769296747854,-0.6201892226844657,0.3380961637724818,0.161947309717318,-0.339393739508197,-0.6791456840737199,0.8065414765793012,0,1,0,0.49354100560342845,Normal
304,-0.6486681098094882,2,-1.4489998379732976,2,-0.270543951856408,0.0850492518807105,5,0.0,-1.011707457043825,-0.6605306743650393,1,1.6783773645215088,1.7855109940078144,-0.0577875452794142,7,1.153253590238697,1,0.0905305045117683,-0.2912153505878387,0.523315742874663,0,0,-1.1505541015749308,-0.4262300150429028,-0.6589728319256667,0.0,0.241988311858558,-0.1645114009902331,0.1557070814399298,-1.0778621289498782,0.161947309717318,0.7649976209279952,1.4938670923934996,0.8065414765793012,0,1,0,0.48090347349761947,Normal
305,0.2273467008657048,2,0.8168996006915014,1,-1.010909342912418,0.0850492518807105,3,0.0,-1.01004582934576,0.2546249253678617,1,-0.8803614815898617,1.7855109940078144,0.8459113011114247,0,1.153253590238697,0,0.6608232057641482,-0.4737780258699787,-1.0785044383346123,0,0,0.4893759527060795,-0.4262300150429028,-1.584178240646517,0.0,2.5899937140505074,0.9925783571707368,1.707499689688721,-1.0778621289498782,1.794749403575051,1.5932911412551394,0.2521455058408027,0.8065414765793012,0,-1,1,0.5147741090360289,Anomaly
306,-0.1011588531374925,0,0.7499638404683617,1,1.827157989468953,1.0617867539482455,1,0.0,-1.0067225739496302,-0.6605306743650393,0,-0.929567997861234,0.3796721288811475,-0.0577875452794142,2,-0.6608531809232983,1,-0.1761302034136179,-1.0380498821115427,1.7246808787816197,0,0,-0.0572673987209239,-0.4262300150429028,0.2662325767951835,0.0,0.241988311858558,-0.0359458723056809,0.1557070814399298,0.3380961637724818,0.3252275191030913,1.041095461037043,-0.6791456840737199,1.086895217551534,0,1,0,0.48817596109737516,Normal
307,-0.5391662584750891,2,0.2566224966015182,2,-0.270543951856408,0.0850492518807105,1,0.0,-1.0050609462515654,1.1697805251007627,1,1.235518718079156,-1.0261667362455194,-0.0577875452794142,7,0.2462002046576992,1,-0.2165011472429593,0.3755108476711848,-0.6780493930322936,0,0,-0.3305890744344257,-0.4262300150429028,0.2662325767951835,0.0,0.241988311858558,0.2211851850634235,0.1557070814399298,-1.0778621289498782,0.9783483566461848,1.041095461037043,0.5625759024789769,1.086895217551534,0,1,0,0.44511731995918963,Normal
308,0.1178448495313057,2,0.1153136694637791,1,1.950552221311621,-0.8916882501868245,1,0.0,-1.0033993185535004,-1.5756862740979405,0,0.743453555365431,-1.0261667362455194,0.8459113011114247,5,-0.6608531809232983,1,1.1809709452074515,1.7418498231084163,0.1228606975723441,0,0,0.4893759527060795,-0.4262300150429028,0.2662325767951835,0.0,0.241988311858558,0.9925783571707368,-0.6201892226844657,0.3380961637724818,0.4885077284888646,1.041095461037043,-0.6791456840737199,-0.8755809692540959,0,1,0,0.46807565690657077,Normal
309,2.3078818762192883,0,-1.0225942543295936,1,-1.010909342912418,1.0617867539482455,1,0.0,-1.0017376908554356,1.1697805251007627,1,-1.6676657419318217,-2.432005601372186,-0.0577875452794142,0,0.2462002046576992,0,-0.1791049045378852,0.3854892540953818,-0.2775943477299747,0,1,-0.6039107501479274,-0.4262300150429028,1.1914379855160335,0.0,0.241988311858558,0.0926196563788712,-0.6201892226844657,0.3380961637724818,-0.3278933184400019,-0.339393739508197,-0.3687152874355457,-0.5952272282818631,0,-1,1,0.5114941469746425,Anomaly
310,-0.6486681098094882,2,-0.2763844829531117,1,-0.5173324155417446,1.0617867539482455,5,0.0,-1.0000760631573706,0.2546249253678617,1,0.9894861367222936,0.3796721288811475,-0.9614863916702532,6,1.153253590238697,1,-0.3573744933421873,-0.5953459351225199,-1.0785044383346123,0,1,-0.8772324258614291,-0.4262300150429028,0.2662325767951835,0.0,0.241988311858558,-0.678773515728442,0.9316033855643254,0.3380961637724818,-0.3278933184400019,-0.6154915796172451,-0.6791456840737199,-0.3148734873096303,0,1,0,0.45425014003309655,Normal
311,-0.6486681098094882,2,-1.7266592877878024,0,-0.8875151110697495,0.0850492518807105,0,0.0,-0.9984144354593056,-1.5756862740979405,1,-0.1914702537906465,-1.0261667362455194,-0.0577875452794142,1,-1.5679065665042955,1,-0.0197459157378535,0.493143610728268,0.1228606975723441,0,0,-0.8772324258614291,-0.4262300150429028,1.1914379855160335,0.0,-0.9320143892374164,-0.2930769296747854,-1.3960855268088614,0.3380961637724818,-0.8177339465973219,-0.6154915796172451,-0.3687152874355457,-1.1559347102263289,0,1,0,0.4954873865898015,Normal
312,0.8843578088720997,1,1.1069545616584395,1,-0.270543951856408,0.0850492518807105,1,0.0,-0.9967528077612408,-1.5756862740979405,1,1.5307578157073911,0.3796721288811475,0.8459113011114247,2,-1.5679065665042955,0,-0.2747202978179042,0.8425283765107159,-0.6780493930322936,0,0,0.7626976284195812,-0.4262300150429028,-1.584178240646517,0.0,0.241988311858558,1.6354060005934978,-0.6201892226844657,0.3380961637724818,2.774430659889691,1.3171933011460917,2.114727885669848,1.9279564404682328,0,-1,1,0.5262188727881414,Anomaly
313,-0.6486681098094882,2,-1.5134564959659504,1,-0.8875151110697495,1.0617867539482455,1,0.0,-0.995091180063176,0.2546249253678617,1,-1.6676657419318217,0.3796721288811475,-0.9614863916702532,6,1.153253590238697,0,-0.8091041069273436,-0.9228063149588448,-1.0785044383346123,0,1,0.7626976284195812,-0.4262300150429028,-0.6589728319256667,0.0,0.241988311858558,-1.0644701017820986,-0.6201892226844657,-2.4938204216722384,-0.8177339465973219,-0.6154915796172451,-0.0582848907973714,-0.5952272282818631,0,1,0,0.4896519195776303,Normal
314,-0.42966440714069,1,-0.6185005907602695,1,-0.5173324155417446,1.0617867539482455,1,0.0,-0.991767924667046,1.1697805251007627,0,0.3990079414658235,0.3796721288811475,0.8459113011114247,3,-0.6608531809232983,1,1.1420873519402437,1.272021475557844,1.324225833479301,0,0,-1.1505541015749308,-0.4262300150429028,-0.6589728319256667,0.0,1.4159910129545328,0.0926196563788712,-0.6201892226844657,0.3380961637724818,0.4885077284888646,0.4888997808189471,1.8042974890316736,1.086895217551534,0,1,0,0.4868094145020028,Normal
315,0.2273467008657048,2,-1.6993891632524494,1,0.0996387436715968,-1.86842575225436,3,0.0,-0.9901062969689812,0.2546249253678617,1,1.629170848250136,0.3796721288811475,1.7496101475022634,3,-1.5679065665042955,1,2.2448515544364627,-1.258980232799398,-0.6780493930322936,0,1,-0.3305890744344257,-0.4262300150429028,1.1914379855160335,0.0,-0.9320143892374164,1.2497094145398413,0.1557070814399298,0.3380961637724818,2.284590031732371,1.3171933011460917,2.7355886789461965,1.6476026994959998,0,-1,1,0.5310887776506157,Anomaly
316,0.6653541062033014,1,-1.5308102115793571,1,0.0996387436715968,1.0617867539482455,1,0.0,-0.9884446692709165,0.2546249253678617,0,-1.6184592256604493,0.3796721288811475,-0.9614863916702532,2,1.153253590238697,2,-0.8600989833433538,-0.5113024556623815,-1.0785044383346123,0,0,1.036019304133083,-0.4262300150429028,-1.584178240646517,0.0,-0.9320143892374164,-0.2930769296747854,1.707499689688721,0.3380961637724818,0.161947309717318,0.7649976209279952,-0.3687152874355457,0.8065414765793012,0,1,0,0.48451201329675386,Normal
317,1.3223652142096962,2,0.7152564092415487,1,-1.010909342912418,-0.8916882501868245,5,0.0,-0.9867830415728516,0.2546249253678617,0,1.1863122018077836,-1.0261667362455194,1.7496101475022634,0,0.2462002046576992,2,1.585317819456065,0.4914571195016431,1.7246808787816197,0,1,-0.8772324258614291,-0.4262300150429028,1.1914379855160335,0.0,-0.9320143892374164,1.76397152927805,-0.6201892226844657,0.3380961637724818,-0.0013328996684553,-0.8915894197262932,-0.6791456840737199,0.8065414765793012,0,-1,1,0.5176227069031285,Anomaly
318,1.6508707682128936,2,-0.1970532115775388,1,-0.1471497200137397,1.0617867539482455,3,0.0,-0.9834597861767216,0.2546249253678617,1,0.9402796204509212,-1.0261667362455194,-0.0577875452794142,6,-0.6608531809232983,1,-0.3318770551341822,0.4826030405618627,-0.2775943477299747,0,0,-0.0572673987209239,-0.4262300150429028,-1.584178240646517,0.0,-0.9320143892374164,-0.0359458723056809,0.1557070814399298,-1.0778621289498782,0.161947309717318,-0.6154915796172451,1.4938670923934996,0.8065414765793012,1,1,0,0.47921295179620027,Normal
319,-1.0866755151470848,2,1.0350605969743265,1,-0.5173324155417446,0.0850492518807105,1,0.0,-0.9817981584786568,0.2546249253678617,0,0.9402796204509212,0.3796721288811475,-0.9614863916702532,6,-0.6608531809232983,2,-0.8552119743534861,0.9310691659085204,-0.6780493930322936,0,1,-0.8772324258614291,-0.4262300150429028,-0.6589728319256667,0.0,-0.9320143892374164,-0.9359045730975464,-0.6201892226844657,-1.0778621289498782,-0.4911735278257753,-0.339393739508197,-0.3687152874355457,-0.5952272282818631,0,1,0,0.4495120038376007,Normal
320,-0.5391662584750891,2,-0.5317320126932368,2,-0.1471497200137397,-0.8916882501868245,5,0.0,-0.9784749030825268,0.2546249253678617,0,-0.043850704976529,-1.0261667362455194,-0.0577875452794142,7,-0.6608531809232983,1,-0.2708956820867034,1.449103054353453,-0.6780493930322936,0,1,-1.1505541015749308,-0.4262300150429028,1.1914379855160335,0.0,-0.9320143892374164,0.2211851850634235,-0.6201892226844657,0.3380961637724818,0.9783483566461848,2.145486821473236,2.7355886789461965,1.3672489585237668,0,-1,1,0.5175909342736551,Anomaly
321,-1.0866755151470848,2,1.4242796471607309,2,-0.8875151110697495,0.0850492518807105,1,0.0,-0.976813275384462,1.1697805251007627,1,0.3990079414658235,0.3796721288811475,-0.0577875452794142,7,0.2462002046576992,2,-0.4302546708867351,-1.2748613585167818,-0.6780493930322936,0,1,-1.1505541015749308,-0.4262300150429028,-1.584178240646517,0.0,-0.9320143892374164,-0.8073390444129942,0.1557070814399298,0.3380961637724818,-0.3278933184400019,-0.063295899399149,-0.6791456840737199,-0.0345197463373974,0,1,0,0.46189146359132693,Normal
322,-0.6486681098094882,2,-0.2763844829531117,2,-0.270543951856408,0.0850492518807105,2,0.0,-0.9751516476863972,1.1697805251007627,1,0.349801425194451,0.3796721288811475,-0.0577875452794142,7,1.153253590238697,0,0.2218423112829943,-1.0076930400322954,0.523315742874663,0,0,-0.8772324258614291,-0.4262300150429028,1.1914379855160335,0.0,2.5899937140505074,0.2211851850634235,0.1557070814399298,0.3380961637724818,-0.0013328996684553,0.7649976209279952,-0.3687152874355457,0.8065414765793012,0,1,0,0.46041317186051006,Normal
323,-0.5391662584750891,2,0.5342819464160231,1,-0.8875151110697495,1.0617867539482455,3,0.0,-0.9734900199883324,-1.5756862740979405,0,0.3990079414658235,1.7855109940078144,-0.0577875452794142,6,1.153253590238697,2,-0.3076544888365774,-0.5278862860575259,1.7246808787816197,0,0,0.2160542769925777,-0.4262300150429028,0.2662325767951835,0.0,-0.9320143892374164,-0.1645114009902331,-2.171981830933257,-1.0778621289498782,-0.0013328996684553,0.7649976209279952,-0.6791456840737199,0.8065414765793012,0,1,0,0.47638769197647557,Normal
324,-0.9771736638126856,2,0.8788771564536676,1,-0.8875151110697495,1.0617867539482455,3,0.0,-0.9718283922902672,-1.5756862740979405,1,0.8910731041795485,-2.432005601372186,-0.9614863916702532,6,1.153253590238697,1,-0.6457080237443779,1.4649841800708372,0.9237707881769818,0,1,-0.6039107501479274,-0.4262300150429028,1.1914379855160335,0.0,-0.9320143892374164,-0.8073390444129942,0.9316033855643254,-1.0778621289498782,-0.6544537372115486,-0.6154915796172451,-0.0582848907973714,-0.5952272282818631,1,-1,1,0.5100826920048598,Anomaly
325,-0.7581699611438873,2,1.1714112196510924,1,2.320734916839626,-0.8916882501868245,3,0.0,-0.9701667645922024,1.1697805251007627,0,-0.0930572212479015,0.3796721288811475,-0.0577875452794142,6,1.153253590238697,1,-0.154669859588547,-0.3343614178023245,-0.6780493930322936,0,0,-0.6039107501479274,-0.4262300150429028,1.1914379855160335,0.0,1.4159910129545328,-0.0359458723056809,-0.6201892226844657,0.3380961637724818,0.4885077284888646,1.041095461037043,-0.3687152874355457,1.3672489585237668,0,1,0,0.45733994508932735,Normal
326,-0.6486681098094882,1,-0.01112054429104,1,-0.270543951856408,-0.8916882501868245,1,0.0,-0.9685051368941376,0.2546249253678617,0,-0.8803614815898617,-1.0261667362455194,0.8459113011114247,4,0.2462002046576992,1,0.5184625091027866,-0.0392254531429759,-0.6780493930322936,0,0,2.4026276827005915,2.346151056253851,-1.584178240646517,0.0,0.241988311858558,-0.1645114009902331,-0.6201892226844657,0.3380961637724818,0.4885077284888646,1.3171933011460917,1.8042974890316736,1.3672489585237668,0,-1,1,0.5108044998247581,Anomaly
327,0.2273467008657048,1,-0.3234874253323581,1,-0.270543951856408,-0.8916882501868245,3,0.0,-0.9651818814980078,0.2546249253678617,1,-0.5851223839616266,-1.0261667362455194,2.6533089938931025,3,1.153253590238697,1,2.7131545028568222,0.9595989758255908,-0.6780493930322936,0,0,-0.0572673987209239,-0.4262300150429028,-1.584178240646517,0.0,0.241988311858558,1.2497094145398413,-0.6201892226844657,0.3380961637724818,2.284590031732371,1.3171933011460917,3.3564494722225446,-0.3148734873096303,0,-1,1,0.5211089575415107,Anomaly
328,0.2273467008657048,2,0.8912726676061008,2,-0.7641208792270812,-0.8916882501868245,3,0.0,-0.9635202537999428,1.1697805251007627,0,-1.2248070954894692,0.3796721288811475,-0.0577875452794142,7,0.2462002046576992,1,-0.2687708955693696,0.4869598095639769,0.523315742874663,0,1,0.7626976284195812,-0.4262300150429028,-1.584178240646517,0.0,-0.9320143892374164,0.0926196563788712,0.1557070814399298,-1.0778621289498782,-0.9810141559830952,-1.1676872598353414,-0.6791456840737199,-1.1559347102263289,1,-1,1,0.5012249273745929,Anomaly
329,-0.42966440714069,1,-0.7300601911321688,2,0.0996387436715968,0.0850492518807105,2,0.0,-0.961858626101878,-0.6605306743650393,1,-0.9787745141326066,-1.0261667362455194,-0.0577875452794142,7,1.153253590238697,2,-0.3869090259331265,-1.4048617239024472,0.1228606975723441,0,0,-0.3305890744344257,-0.4262300150429028,0.2662325767951835,0.0,-0.9320143892374164,-0.2930769296747854,2.4833959938131165,-1.0778621289498782,-0.0013328996684553,0.7649976209279952,-0.6791456840737199,-0.8755809692540959,0,1,0,0.4714006488701557,Normal
330,1.103361511540898,2,1.6845853813618292,1,-0.5173324155417446,2.038524256015781,1,0.0,-0.960196998403813,1.1697805251007627,1,-1.1756005792180968,0.3796721288811475,2.6533089938931025,5,0.2462002046576992,1,2.5066252533719813,0.2897808769844217,0.523315742874663,0,0,-1.1505541015749308,-0.4262300150429028,-0.6589728319256667,0.0,0.241988311858558,1.2497094145398413,-0.6201892226844657,0.3380961637724818,-0.6544537372115486,-0.6154915796172451,-0.3687152874355457,-0.8755809692540959,0,1,0,0.49384080829994026,Normal
331,0.6653541062033014,1,-0.6036259773773496,1,0.0996387436715968,1.0617867539482455,1,0.0,-0.958535370705748,0.2546249253678617,0,0.7926600716368035,-1.0261667362455194,-0.0577875452794142,2,0.2462002046576992,0,-0.2647338011864355,-1.1364285369979923,-0.6780493930322936,0,0,-1.1505541015749308,-0.4262300150429028,-0.6589728319256667,0.0,0.241988311858558,-0.2930769296747854,0.1557070814399298,1.754054456494842,0.3252275191030913,0.7649976209279952,-0.6791456840737199,-1.1559347102263289,0,1,0,0.4698523070153827,Normal
332,-1.0866755151470848,0,-1.4688326558171907,2,-1.010909342912418,-1.86842575225436,2,0.0,-0.9568737430076832,0.2546249253678617,1,0.349801425194451,0.3796721288811475,-0.0577875452794142,7,-0.6608531809232983,1,-0.0327071134935894,1.095361519568891,-1.0785044383346123,0,1,-0.6039107501479274,-0.4262300150429028,1.1914379855160335,0.0,0.241988311858558,-0.678773515728442,-2.171981830933257,0.3380961637724818,-0.3278933184400019,-0.063295899399149,-0.3687152874355457,-0.0345197463373974,0,-1,1,0.5087890358985101,Anomaly
333,1.869874470881692,1,0.3111627456722245,1,1.3335810620982798,1.0617867539482455,1,0.0,-0.9552121153096184,1.1697805251007627,0,-1.7168722582031943,0.3796721288811475,-0.0577875452794142,6,0.2462002046576992,2,-0.3471755180589852,0.3614567541159777,0.1228606975723441,0,0,-0.8772324258614291,-0.4262300150429028,1.1914379855160335,0.0,-0.9320143892374164,1.121143885855289,0.9316033855643254,-1.0778621289498782,-0.4911735278257753,-0.339393739508197,-0.6791456840737199,-0.3148734873096303,0,1,0,0.488698304643211,Normal
334,0.6653541062033014,2,0.49213720849775,1,-0.270543951856408,0.0850492518807105,1,0.0,-0.9535504876115536,0.2546249253678617,0,-1.1263940629467242,0.3796721288811475,0.8459113011114247,0,-1.5679065665042955,1,0.7398652642089639,-0.7098867975974575,2.1251359240839385,0,0,0.2160542769925777,-0.4262300150429028,-1.584178240646517,0.0,0.241988311858558,-0.1645114009902331,-1.3960855268088614,-1.0778621289498782,-0.9810141559830952,-1.1676872598353414,-0.6791456840737199,-1.1559347102263289,0,1,0,0.4749330057021794,Normal
335,0.8843578088720997,2,-0.6284169996822161,1,-0.1471497200137397,1.0617867539482455,4,0.0,-0.9518888599134886,1.1697805251007627,1,0.448214457737196,0.3796721288811475,-0.0577875452794142,6,1.153253590238697,1,-0.5962004978905013,-0.7076381426286243,2.5255909693862573,0,0,-0.3305890744344257,-0.4262300150429028,-1.584178240646517,0.0,1.4159910129545328,0.0926196563788712,0.1557070814399298,0.3380961637724818,0.4885077284888646,1.3171933011460917,2.114727885669848,1.086895217551534,0,1,0,0.48423161172931944,Normal
336,0.3368485522001039,2,0.7970667828476081,2,-1.010909342912418,-0.8916882501868245,3,0.0,-0.9502272322154236,-0.6605306743650393,1,-0.4375028351475091,-2.432005601372186,-0.0577875452794142,7,1.153253590238697,1,0.2027192326269905,-0.1461771050981017,-0.2775943477299747,0,1,1.855984331273588,2.346151056253851,0.2662325767951835,0.0,2.5899937140505074,-0.678773515728442,-0.6201892226844657,-1.0778621289498782,-0.4911735278257753,-0.339393739508197,-0.6791456840737199,-0.5952272282818631,0,-1,1,0.5102280001417987,Anomaly
337,-0.8676718124782865,2,-1.2010896149246324,1,-0.1471497200137397,1.0617867539482455,4,0.0,-0.9485656045173588,-0.6605306743650393,1,0.5466274902799411,-2.432005601372186,-0.9614863916702532,2,-1.5679065665042955,1,-0.931491810325768,-1.342742630388432,-0.6780493930322936,0,1,-1.1505541015749308,-0.4262300150429028,1.1914379855160335,0.0,-0.9320143892374164,-0.5502079870438897,0.9316033855643254,-1.0778621289498782,-0.0013328996684553,0.7649976209279952,-0.6791456840737199,0.8065414765793012,1,-1,1,0.5122478399199835,Anomaly
338,-0.8676718124782865,2,-0.1598666781202391,1,-0.0237554881710714,2.038524256015781,4,0.0,-0.9469039768192938,-0.6605306743650393,1,-1.7660787744745667,-1.0261667362455194,-0.9614863916702532,2,1.153253590238697,2,-0.5354316034947559,-0.9405144728384056,-1.0785044383346123,0,0,0.4893759527060795,-0.4262300150429028,0.2662325767951835,0.0,-0.9320143892374164,-0.9359045730975464,-0.6201892226844657,0.3380961637724818,-0.6544537372115486,-0.6154915796172451,-0.0582848907973714,-0.5952272282818631,0,1,0,0.46430056337578957,Normal
339,-0.7581699611438873,2,-0.5763558528419964,2,-0.5173324155417446,0.0850492518807105,2,0.0,-0.945242349121229,1.1697805251007627,0,-1.7660787744745667,-1.0261667362455194,-0.0577875452794142,7,0.2462002046576992,0,-0.0817896820439992,-1.2482991216974406,-0.6780493930322936,0,0,-0.6039107501479274,-0.4262300150429028,0.2662325767951835,0.0,2.5899937140505074,-0.1645114009902331,-0.6201892226844657,0.3380961637724818,0.4885077284888646,1.3171933011460917,-0.3687152874355457,-0.5952272282818631,0,1,0,0.4775802802557305,Normal
340,-1.0866755151470848,2,0.811941396230528,2,-0.1471497200137397,1.0617867539482455,2,0.0,-0.9419190937250992,-0.6605306743650393,0,-0.4867093514188816,0.3796721288811475,-0.0577875452794142,7,-0.6608531809232983,1,-0.0613917314775951,-1.5316296477704152,-0.6780493930322936,0,0,0.7626976284195812,-0.4262300150429028,-1.584178240646517,0.0,0.241988311858558,-0.4216424583593375,0.1557070814399298,0.3380961637724818,0.161947309717318,0.7649976209279952,-0.6791456840737199,0.8065414765793012,0,1,0,0.4400764055530279,Normal
341,0.0083429981969065,2,0.9656457345207003,1,-0.5173324155417446,-0.8916882501868245,3,0.0,-0.9385958383289692,1.1697805251007627,1,-0.2406767700620191,0.3796721288811475,-0.0577875452794142,4,1.153253590238697,0,-0.0331320707970562,1.2457403206096067,1.7246808787816197,0,0,0.2160542769925777,-0.4262300150429028,0.2662325767951835,0.0,1.4159910129545328,-0.4216424583593375,-0.6201892226844657,-1.0778621289498782,-0.1646131090542286,-0.6154915796172451,-0.6791456840737199,-0.0345197463373974,0,1,0,0.4426403516876163,Normal
342,0.1178448495313057,2,-1.1391120591624662,1,0.7166099028849382,-0.8916882501868245,1,0.0,-0.9369342106309044,0.2546249253678617,1,1.2847252343505289,-1.0261667362455194,0.8459113011114247,5,1.153253590238697,0,1.0638952081023616,0.1923860086468366,-1.0785044383346123,0,1,-0.3305890744344257,-0.4262300150429028,-0.6589728319256667,0.0,0.241988311858558,0.0926196563788712,0.1557070814399298,0.3380961637724818,0.651787937874638,1.5932911412551394,-0.0582848907973714,1.3672489585237668,0,1,0,0.4757410540969346,Normal
343,-0.6486681098094882,2,1.0648098237401664,1,-0.270543951856408,1.0617867539482455,3,0.0,-0.9352725829328395,0.2546249253678617,0,-1.3232201280322142,0.3796721288811475,0.8459113011114247,4,1.153253590238697,2,0.1360009359827106,1.6021521331696582,-0.6780493930322936,0,1,-0.3305890744344257,-0.4262300150429028,0.2662325767951835,0.0,-0.9320143892374164,-0.0359458723056809,-0.6201892226844657,-1.0778621289498782,0.651787937874638,1.3171933011460917,0.5625759024789769,1.6476026994959998,0,1,0,0.48188340336516594,Normal
344,-0.8676718124782865,2,-1.6324534030293096,2,0.0996387436715968,-1.86842575225436,2,0.0,-0.9336109552347748,1.1697805251007627,0,-1.3232201280322142,-1.0261667362455194,-0.0577875452794142,7,-0.6608531809232983,0,0.3750394191827581,-0.3439182014198653,-0.6780493930322936,0,1,-0.3305890744344257,-0.4262300150429028,-1.584178240646517,0.0,1.4159910129545328,-0.5502079870438897,-0.6201892226844657,0.3380961637724818,-0.0013328996684553,0.7649976209279952,-0.3687152874355457,0.8065414765793012,0,-1,1,0.5013360838749632,Anomaly
345,-0.2106607044718917,2,1.223472366491312,1,-0.5173324155417446,1.0617867539482455,5,0.0,-0.9319493275367098,0.2546249253678617,1,-0.1914702537906465,0.3796721288811475,0.8459113011114247,4,-0.6608531809232983,2,0.3382806124328841,0.5552627042422833,-1.0785044383346123,0,0,-0.6039107501479274,-0.4262300150429028,1.1914379855160335,0.0,-0.9320143892374164,0.7354472998016324,1.707499689688721,0.3380961637724818,1.4681889848035046,0.4888997808189471,-0.6791456840737199,2.488663922412698,0,1,0,0.4776122821566651,Normal
346,-1.5246829204846812,2,1.2557006954876386,1,2.073946453154289,-1.86842575225436,1,0.0,-0.9302876998386448,0.2546249253678617,1,0.841866587908176,0.3796721288811475,-0.9614863916702532,6,1.153253590238697,0,-0.7646960687150681,0.2500077922231856,-0.6780493930322936,0,0,-0.8772324258614291,-0.4262300150429028,0.2662325767951835,0.0,1.4159910129545328,-0.9359045730975464,-0.6201892226844657,-1.0778621289498782,-0.4911735278257753,-0.6154915796172451,-0.6791456840737199,-0.5952272282818631,0,1,0,0.4607904285066604,Normal
347,0.4463504035345031,2,-0.7920377468943351,1,-0.3939381836990763,0.0850492518807105,3,0.0,-0.92862607214058,1.1697805251007627,1,1.432344783164646,-1.0261667362455194,-0.0577875452794142,4,-0.6608531809232983,2,-0.1000628460930695,-0.5907080842493015,1.324225833479301,0,1,-0.0572673987209239,-0.4262300150429028,1.1914379855160335,0.0,-0.9320143892374164,-0.4216424583593375,0.1557070814399298,0.3380961637724818,-0.3278933184400019,-0.063295899399149,-0.3687152874355457,-0.5952272282818631,0,1,0,0.460248000010869,Normal
348,1.103361511540898,1,1.2557006954876386,2,-0.6407266473844129,-1.86842575225436,3,0.0,-0.926964444442515,-0.6605306743650393,1,1.629170848250136,0.3796721288811475,-0.0577875452794142,8,0.2462002046576992,2,-0.749397605790265,1.6074926887206369,0.1228606975723441,0,0,1.036019304133083,-0.4262300150429028,-1.584178240646517,0.0,-0.9320143892374164,-0.8073390444129942,0.1557070814399298,0.3380961637724818,-1.1442943653688686,-1.1676872598353414,-0.6791456840737199,-1.1559347102263289,0,-1,1,0.5002421047481691,Anomaly
349,0.5558522548689022,2,0.0186286824747997,1,1.7037637576262843,2.038524256015781,1,0.0,-0.92530281674445,-1.5756862740979405,0,-1.0771875466753518,0.3796721288811475,1.7496101475022634,5,1.153253590238697,2,2.01622452517135,0.2231644735327401,-0.2775943477299747,0,0,-0.3305890744344257,-0.4262300150429028,-0.6589728319256667,0.0,-0.9320143892374164,0.6068817711170802,-0.6201892226844657,0.3380961637724818,-0.9810141559830952,-1.1676872598353414,-0.6791456840737199,-1.1559347102263289,0,-1,1,0.5017601800118267,Anomaly
350,-0.8676718124782865,0,-0.1400338602763459,2,-0.8875151110697495,0.0850492518807105,1,0.0,-0.9236411890463851,1.1697805251007627,1,-0.2406767700620191,0.3796721288811475,-0.0577875452794142,7,0.2462002046576992,1,-0.3939208214403278,0.3675000143447168,-0.6780493930322936,0,0,-0.3305890744344257,-0.4262300150429028,-1.584178240646517,0.0,0.241988311858558,-0.9359045730975464,0.1557070814399298,-1.0778621289498782,-0.4911735278257753,-0.339393739508197,-0.6791456840737199,-0.5952272282818631,0,1,0,0.45723957645859475,Normal
351,0.5558522548689022,2,-0.6408125108346494,0,-0.8875151110697495,-1.86842575225436,5,0.0,-0.9219795613483204,0.2546249253678617,1,-0.6835354165043717,0.3796721288811475,-0.9614863916702532,1,0.2462002046576992,0,-0.8088916282756102,1.3637947064733462,-1.0785044383346123,0,1,-1.1505541015749308,-0.4262300150429028,0.2662325767951835,0.0,0.241988311858558,-0.9359045730975464,1.707499689688721,0.3380961637724818,-0.6544537372115486,-0.6154915796172451,-0.3687152874355457,-1.1559347102263289,0,-1,1,0.51005077148498,Anomaly
352,-0.5391662584750891,2,0.6433624445574357,1,-0.8875151110697495,0.0850492518807105,3,0.0,-0.9203179336502556,0.2546249253678617,0,0.448214457737196,0.3796721288811475,-0.9614863916702532,2,-0.6608531809232983,1,-0.8781596687406906,-1.4555970016367448,-0.6780493930322936,0,0,-0.6039107501479274,-0.4262300150429028,0.2662325767951835,0.0,0.241988311858558,-0.4216424583593375,0.9316033855643254,0.3380961637724818,0.161947309717318,-1.1676872598353414,-0.6791456840737199,0.8065414765793012,0,1,0,0.4287064291960295,Normal
353,1.2128633628752972,2,-0.6755199420614625,2,2.4441291486822943,-1.86842575225436,3,0.0,-0.9169946782541256,-1.5756862740979405,0,1.235518718079156,0.3796721288811475,0.8459113011114247,3,0.2462002046576992,1,1.2750989879253367,1.3583136099868154,0.1228606975723441,0,0,1.5826626555600865,2.346151056253851,-0.6589728319256667,0.0,0.241988311858558,0.4783162424325279,0.1557070814399298,-2.4938204216722384,-1.1442943653688686,-1.1676872598353414,-0.6791456840737199,-1.1559347102263289,0,-1,1,0.5359375424479645,Anomaly
354,0.0083429981969065,2,1.280491717792505,1,-0.3939381836990763,0.0850492518807105,3,0.0,-0.9153330505560608,0.2546249253678617,1,-0.7327419327757442,1.7855109940078144,-0.0577875452794142,6,-1.5679065665042955,0,-0.1123866078936053,0.3777595026400179,0.523315742874663,0,1,-0.6039107501479274,-0.4262300150429028,-1.584178240646517,0.0,1.4159910129545328,0.2211851850634235,-0.6201892226844657,0.3380961637724818,-0.0013328996684553,0.7649976209279952,1.1834366957553253,0.8065414765793012,0,1,0,0.48014149306042364,Normal
355,-0.7581699611438873,0,-0.4003395944774442,2,1.950552221311621,-0.8916882501868245,5,0.0,-0.913671422857996,1.1697805251007627,0,0.9402796204509212,0.3796721288811475,-0.0577875452794142,7,0.2462002046576992,1,-0.3754351787395242,-1.1586340048152193,1.7246808787816197,0,1,-0.8772324258614291,-0.4262300150429028,-0.6589728319256667,0.0,0.241988311858558,-0.9359045730975464,-0.6201892226844657,1.754054456494842,-0.8177339465973219,-0.6154915796172451,-0.0582848907973714,-0.5952272282818631,0,-1,1,0.52823806061506,Anomaly
356,-1.196177366481484,2,0.3235582568246578,2,-1.010909342912418,0.0850492518807105,1,0.0,-0.912009795159931,0.2546249253678617,1,-0.4375028351475091,0.3796721288811475,-0.0577875452794142,7,0.2462002046576992,1,-0.2564471337688339,0.8211661543068011,-0.6780493930322936,0,0,0.4893759527060795,-0.4262300150429028,-0.6589728319256667,0.0,0.241988311858558,-0.4216424583593375,0.1557070814399298,0.3380961637724818,0.161947309717318,0.7649976209279952,1.4938670923934996,0.8065414765793012,0,1,0,0.42811554937322627,Normal
357,0.5558522548689022,2,1.3127200467888316,1,-0.8875151110697495,1.0617867539482455,4,0.0,-0.910348167461866,-1.5756862740979405,1,1.5799643319787635,-1.0261667362455194,-0.0577875452794142,0,1.153253590238697,2,0.0590836640552287,0.3885811546775274,0.1228606975723441,0,0,2.1293060069870897,2.346151056253851,-0.6589728319256667,0.0,-0.9320143892374164,0.3497507137479757,2.4833959938131165,0.3380961637724818,-0.9810141559830952,-1.1676872598353414,-0.6791456840737199,-1.1559347102263289,0,-1,1,0.536543770593849,Anomaly
358,-1.7436866231534796,1,-0.1152428379714794,2,-1.010909342912418,-1.86842575225436,5,0.0,-0.9086865397638012,-1.5756862740979405,0,1.629170848250136,-1.0261667362455194,-0.9614863916702532,8,-0.6608531809232983,2,-0.9198054844804322,-0.7256273823792895,-0.6780493930322936,0,1,-1.1505541015749308,-0.4262300150429028,0.2662325767951835,0.0,-0.9320143892374164,-1.0644701017820986,0.1557070814399298,0.3380961637724818,-0.6544537372115486,-0.6154915796172451,-0.3687152874355457,-0.5952272282818631,1,-1,1,0.5474939812987538,Anomaly
359,-0.1011588531374925,0,0.1053972605418325,2,-1.010909342912418,2.038524256015781,3,0.0,-0.9070249120657364,1.1697805251007627,0,-1.0279810304039791,0.3796721288811475,-0.0577875452794142,7,1.153253590238697,2,0.0318863966333566,0.1353263888126959,0.523315742874663,0,0,-0.0572673987209239,-0.4262300150429028,-0.6589728319256667,0.0,-0.9320143892374164,-0.5502079870438897,2.4833959938131165,0.3380961637724818,-0.9810141559830952,-1.1676872598353414,-0.6791456840737199,-1.1559347102263289,0,-1,1,0.5045025052829105,Anomaly
360,-0.1011588531374925,1,-0.6482498175261093,2,-0.7641208792270812,1.0617867539482455,3,0.0,-0.9037016566696064,-1.5756862740979405,1,-0.8803614815898617,-1.0261667362455194,0.8459113011114247,7,1.153253590238697,1,0.6790963698132185,-0.993217323670432,0.523315742874663,0,0,-1.1505541015749308,-0.4262300150429028,-1.584178240646517,0.0,0.241988311858558,0.6068817711170802,-0.6201892226844657,0.3380961637724818,0.9783483566461848,1.3171933011460917,-0.3687152874355457,2.2083101814404653,0,1,0,0.48424181011607975,Normal
361,2.198380024884889,2,-0.5193365015408035,1,-1.010909342912418,1.0617867539482455,3,0.0,-0.9020400289715416,1.1697805251007627,1,1.0878991692650386,0.3796721288811475,-0.0577875452794142,0,0.2462002046576992,1,0.0535592191101609,-1.5945919868977427,-0.2775943477299747,0,0,-1.1505541015749308,-0.4262300150429028,0.2662325767951835,0.0,-0.9320143892374164,0.4783162424325279,-0.6201892226844657,0.3380961637724818,-0.6544537372115486,-0.6154915796172451,-0.3687152874355457,-0.5952272282818631,0,1,0,0.46017317691266757,Normal
362,0.3368485522001039,2,0.9135845876804808,1,0.0996387436715968,1.0617867539482455,1,0.0,-0.9003784012734767,1.1697805251007627,0,-0.9787745141326066,1.7855109940078144,-0.9614863916702532,2,0.2462002046576992,1,-0.9115188170628306,1.1498914025630946,0.1228606975723441,0,1,-0.6039107501479274,-0.4262300150429028,0.2662325767951835,0.0,0.241988311858558,-0.1645114009902331,0.1557070814399298,0.3380961637724818,-0.0013328996684553,0.7649976209279952,-0.3687152874355457,0.8065414765793012,0,1,0,0.45644367428724475,Normal
363,-1.7436866231534796,0,0.229352372066165,2,-0.0237554881710714,-0.8916882501868245,3,0.0,-0.8987167735754118,-1.5756862740979405,1,-1.3232201280322142,0.3796721288811475,-0.9614863916702532,8,1.153253590238697,2,-0.8271647923246805,-1.610894735421783,-0.6780493930322936,0,0,2.4026276827005915,2.346151056253851,0.2662325767951835,0.0,-0.9320143892374164,-1.0644701017820986,0.1557070814399298,-1.0778621289498782,-0.6544537372115486,-0.6154915796172451,-0.0582848907973714,-0.5952272282818631,0,-1,1,0.5375944096980021,Anomaly
364,-0.42966440714069,2,-1.1217583435490597,2,-0.5173324155417446,0.0850492518807105,2,0.0,-0.8970551458773469,1.1697805251007627,0,-1.569252709389077,0.3796721288811475,-0.9614863916702532,8,0.2462002046576992,2,-0.775957437256937,-0.7256273823792895,-0.6780493930322936,0,1,-0.6039107501479274,-0.4262300150429028,-0.6589728319256667,0.0,-0.9320143892374164,-1.3216011591512031,-0.6201892226844657,0.3380961637724818,-0.9810141559830952,-1.1676872598353414,-0.6791456840737199,-1.1559347102263289,1,1,0,0.49511557925201344,Normal
365,0.0083429981969065,2,0.293809030058818,1,0.0996387436715968,0.0850492518807105,3,0.0,-0.895393518179282,0.2546249253678617,0,1.5799643319787635,0.3796721288811475,-0.9614863916702532,2,-1.5679065665042955,1,-0.6482577675651784,0.4707976019754887,1.324225833479301,0,0,1.3093409798465847,2.346151056253851,-0.6589728319256667,0.0,0.241988311858558,0.7354472998016324,0.1557070814399298,0.3380961637724818,-0.3278933184400019,-0.063295899399149,-0.6791456840737199,-0.3148734873096303,0,1,0,0.47631059164799694,Normal
366,0.9938596602064989,0,0.8466488274573412,1,-0.270543951856408,1.0617867539482455,3,0.0,-0.8937318904812172,0.2546249253678617,0,-1.7660787744745667,0.3796721288811475,-0.0577875452794142,4,0.2462002046576992,1,-0.2645213225347022,0.2432618273166862,-0.2775943477299747,0,0,-0.3305890744344257,-0.4262300150429028,0.2662325767951835,0.0,-0.9320143892374164,-0.5502079870438897,-0.6201892226844657,1.754054456494842,-0.9810141559830952,-1.1676872598353414,-0.6791456840737199,-1.1559347102263289,0,1,0,0.46501382759102344,Normal
367,0.4463504035345031,1,-1.6349325052597965,2,-0.6407266473844129,0.0850492518807105,2,0.0,-0.8920702627831522,-1.5756862740979405,1,-0.4867093514188816,0.3796721288811475,-0.0577875452794142,7,-0.6608531809232983,2,0.6060037136169373,-0.6682866806740446,-0.6780493930322936,0,0,0.7626976284195812,-0.4262300150429028,0.2662325767951835,0.0,-0.9320143892374164,-0.4216424583593375,1.707499689688721,0.3380961637724818,0.161947309717318,0.7649976209279952,1.4938670923934996,0.8065414765793012,1,-1,1,0.5038541571366755,Anomaly
368,1.4318670655440953,2,0.6036968088696494,1,0.0996387436715968,0.0850492518807105,5,0.0,-0.8870853796889575,1.1697805251007627,1,1.6783773645215088,-1.0261667362455194,0.8459113011114247,0,1.153253590238697,2,0.8484418552447187,-1.6243866652347818,1.324225833479301,0,0,-0.0572673987209239,-0.4262300150429028,1.1914379855160335,0.0,-0.9320143892374164,1.121143885855289,-0.6201892226844657,0.3380961637724818,-0.4911735278257753,-0.339393739508197,-0.3687152874355457,-0.3148734873096303,0,1,0,0.4973121434512426,Normal
369,0.3368485522001039,2,-0.5639603416895632,2,1.5803695257836163,-0.8916882501868245,2,0.0,-0.8854237519908926,0.2546249253678617,1,0.1037688438375884,-1.0261667362455194,-0.0577875452794142,7,0.2462002046576992,1,-0.0261202752898548,-1.1528718264575846,-0.2775943477299747,0,1,-0.8772324258614291,-0.4262300150429028,-1.584178240646517,0.0,1.4159910129545328,-0.4216424583593375,2.4833959938131165,0.3380961637724818,-0.1646131090542286,-0.063295899399149,-0.3687152874355457,-1.1559347102263289,1,-1,1,0.5059695274904659,Anomaly
370,-0.6486681098094882,2,-0.977970414180834,1,-0.0237554881710714,1.0617867539482455,1,0.0,-0.8837621242928277,0.2546249253678617,1,-1.1756005792180968,-1.0261667362455194,-0.9614863916702532,6,-0.6608531809232983,2,-0.8171782956932119,-0.9503523383270506,-1.0785044383346123,0,1,0.2160542769925777,-0.4262300150429028,1.1914379855160335,0.0,-0.9320143892374164,-1.0644701017820986,1.707499689688721,0.3380961637724818,-0.8177339465973219,-0.6154915796172451,-0.0582848907973714,-0.5952272282818631,0,1,0,0.47076531028192803,Normal
371,-1.7436866231534796,2,-1.60270417626347,2,0.3464272073569334,0.0850492518807105,1,0.0,-0.8821004965947629,0.2546249253678617,0,1.1863122018077836,1.7855109940078144,-0.9614863916702532,8,-0.6608531809232983,2,-0.8046420552409427,1.5612547209240055,-0.6780493930322936,0,0,-0.0572673987209239,-0.4262300150429028,1.1914379855160335,0.0,-0.9320143892374164,-1.3216011591512031,-2.171981830933257,0.3380961637724818,-0.9810141559830952,-1.1676872598353414,-0.6791456840737199,-1.1559347102263289,1,-1,1,0.5170459037239227,Anomaly
372,-0.8676718124782865,2,1.1912440374949855,1,1.7037637576262843,0.0850492518807105,1,0.0,-0.8804388688966979,1.1697805251007627,1,-0.5851223839616266,0.3796721288811475,-0.9614863916702532,6,1.153253590238697,2,-0.9140685608836312,0.5417707744292845,2.5255909693862573,0,0,0.2160542769925777,-0.4262300150429028,1.1914379855160335,0.0,-0.9320143892374164,-0.678773515728442,0.9316033855643254,0.3380961637724818,-0.6544537372115486,-0.6154915796172451,-0.3687152874355457,-0.5952272282818631,0,1,0,0.4686191733337961,Normal
373,-0.2106607044718917,2,-0.117721940201966,1,-0.0237554881710714,1.0617867539482455,1,0.0,-0.878777241198633,0.2546249253678617,1,1.5307578157073911,-1.0261667362455194,-0.0577875452794142,0,-0.6608531809232983,2,0.0078763089874852,0.7140739614161232,2.5255909693862573,0,0,1.036019304133083,-0.4262300150429028,0.2662325767951835,0.0,-0.9320143892374164,-0.1645114009902331,1.707499689688721,0.3380961637724818,-0.9810141559830952,-0.8915894197262932,-0.6791456840737199,-1.1559347102263289,0,1,0,0.4840322188550332,Normal
374,-1.0866755151470848,2,1.652357052365503,1,-1.010909342912418,-0.8916882501868245,3,0.0,-0.8771156135005681,1.1697805251007627,1,0.7926600716368035,0.3796721288811475,-0.9614863916702532,2,-0.6608531809232983,0,-0.5709155383342297,0.5014355259258402,-0.6780493930322936,0,0,-1.1505541015749308,-0.4262300150429028,-0.6589728319256667,0.0,0.241988311858558,-0.8073390444129942,-0.6201892226844657,0.3380961637724818,-0.3278933184400019,-0.6154915796172451,-0.6791456840737199,-0.0345197463373974,0,1,0,0.44206700211579913,Normal
375,-0.9771736638126856,2,-1.2357970461514456,2,-0.0237554881710714,1.0617867539482455,1,0.0,-0.8754539858025032,-0.6605306743650393,1,1.2847252343505289,0.3796721288811475,-0.0577875452794142,7,1.153253590238697,2,-0.265583715793369,0.9046474700247312,-0.6780493930322936,0,0,0.2160542769925777,-0.4262300150429028,1.1914379855160335,0.0,-0.9320143892374164,-0.5502079870438897,-1.3960855268088614,0.3380961637724818,-0.0013328996684553,0.212801940709899,-0.6791456840737199,0.8065414765793012,0,1,0,0.4528227253140073,Normal
376,1.3223652142096962,2,1.1367037884242792,1,-0.270543951856408,0.0850492518807105,4,0.0,-0.8737923581044383,-0.6605306743650393,1,-1.7168722582031943,-1.0261667362455194,0.8459113011114247,0,0.2462002046576992,2,0.948094342907672,-0.3158100143094511,2.1251359240839385,0,0,2.4026276827005915,2.346151056253851,0.2662325767951835,0.0,-0.9320143892374164,1.8925370579626024,-0.6201892226844657,0.3380961637724818,-0.3278933184400019,-0.6154915796172451,-0.6791456840737199,-1.1559347102263289,0,-1,1,0.5283022037156558,Anomaly
377,1.5413689168784943,2,0.9309383032938872,2,0.59321567104227,-0.8916882501868245,1,0.0,-0.8721307304063735,0.2546249253678617,0,1.038692652993666,0.3796721288811475,-0.0577875452794142,7,1.153253590238697,1,-0.3329394483928491,0.0771424414941386,0.523315742874663,0,0,-1.1505541015749308,-0.4262300150429028,0.2662325767951835,0.0,0.241988311858558,0.8640128284861845,-0.6201892226844657,-1.0778621289498782,-0.0013328996684553,0.7649976209279952,-0.6791456840737199,0.8065414765793012,0,1,0,0.4491116929466892,Normal
378,-0.1011588531374925,2,-1.1738194903892794,1,-0.8875151110697495,0.0850492518807105,1,0.0,-0.8704691027083085,1.1697805251007627,0,1.4815512994360187,0.3796721288811475,-0.9614863916702532,6,0.2462002046576992,1,-0.8414008619908167,-0.3436371195487612,0.523315742874663,0,0,-0.6039107501479274,-0.4262300150429028,-0.6589728319256667,0.0,0.241988311858558,-0.678773515728442,0.1557070814399298,0.3380961637724818,-0.8177339465973219,-0.6154915796172451,-0.0582848907973714,-0.5952272282818631,0,1,0,0.42384396204355507,Normal
379,-0.3201625558062908,0,1.387093113703431,2,1.2101868302556114,0.0850492518807105,2,0.0,-0.8688074750102436,-1.5756862740979405,1,0.0545623275662159,1.7855109940078144,-0.0577875452794142,7,1.153253590238697,2,-0.2547473045549669,-1.3577805104925036,2.1251359240839385,0,1,-0.6039107501479274,-0.4262300150429028,-0.6589728319256667,0.0,-0.9320143892374164,-0.2930769296747854,0.1557070814399298,-1.0778621289498782,-0.3278933184400019,-0.6154915796172451,-0.6791456840737199,-0.0345197463373974,1,-1,1,0.5421537066579732,Anomaly
380,1.979376322216091,2,1.260658899948612,1,-0.8875151110697495,0.0850492518807105,1,0.0,-0.8638225919160489,0.2546249253678617,0,1.5307578157073911,0.3796721288811475,1.7496101475022634,3,1.153253590238697,2,2.157947785877512,1.2571241363893246,-0.2775943477299747,0,1,-0.6039107501479274,-0.4262300150429028,0.2662325767951835,0.0,-0.9320143892374164,2.406799172700811,-0.6201892226844657,0.3380961637724818,-0.3278933184400019,-0.063295899399149,-0.3687152874355457,-0.5952272282818631,0,-1,1,0.5034918262662188,Anomaly
381,-1.4151810691502822,2,1.4094050337778108,2,0.0996387436715968,1.0617867539482455,2,0.0,-0.8604993365199192,1.1697805251007627,0,0.5466274902799411,0.3796721288811475,-0.0577875452794142,7,0.2462002046576992,0,-0.4765750169646109,-1.1802773088902383,-0.6780493930322936,0,1,-0.8772324258614291,-0.4262300150429028,1.1914379855160335,0.0,0.241988311858558,-0.8073390444129942,-0.6201892226844657,1.754054456494842,-0.3278933184400019,-0.6154915796172451,-0.6791456840737199,-0.3148734873096303,0,1,0,0.481196820169555,Normal
382,-0.7581699611438873,2,-1.488665473661084,2,-0.8875151110697495,-1.86842575225436,5,0.0,-0.8588377088218542,0.2546249253678617,1,0.3005949089230785,0.3796721288811475,-0.9614863916702532,8,-0.6608531809232983,1,-0.8556369316569529,0.4386137277340645,-0.6780493930322936,0,0,0.7626976284195812,-0.4262300150429028,-1.584178240646517,0.0,0.241988311858558,-1.3216011591512031,0.1557070814399298,0.3380961637724818,-0.9810141559830952,-1.1676872598353414,-0.6791456840737199,-1.1559347102263289,0,1,0,0.47477452041839635,Normal
383,-1.196177366481484,1,-0.5639603416895632,1,-0.7641208792270812,-1.86842575225436,5,0.0,-0.8555144534257244,0.2546249253678617,1,0.349801425194451,0.3796721288811475,-0.9614863916702532,6,-1.5679065665042955,2,-0.7226252956718597,-1.086536504877007,-1.0785044383346123,0,0,1.855984331273588,2.346151056253851,0.2662325767951835,0.0,-0.9320143892374164,-0.5502079870438897,-0.6201892226844657,0.3380961637724818,-0.1646131090542286,-0.063295899399149,-0.6791456840737199,-0.0345197463373974,1,-1,1,0.528958754211759,Anomaly
384,-1.6341847718190805,2,-1.3622312599062647,1,0.2230329755142651,0.0850492518807105,3,0.0,-0.8538528257276595,-1.5756862740979405,0,-1.1263940629467242,0.3796721288811475,-0.9614863916702532,6,-0.6608531809232983,1,-0.904931978859096,1.4232435222118722,-0.6780493930322936,0,0,-0.6039107501479274,-0.4262300150429028,1.1914379855160335,0.0,0.241988311858558,-1.193035630466651,-1.3960855268088614,0.3380961637724818,-0.8177339465973219,-0.8915894197262932,-0.3687152874355457,-0.5952272282818631,0,1,0,0.4590008517245105,Normal
385,-0.1011588531374925,2,-1.5828713584195768,2,-0.8875151110697495,-0.8916882501868245,3,0.0,-0.8505295703315298,-0.6605306743650393,1,-0.2406767700620191,-1.0261667362455194,0.8459113011114247,7,0.2462002046576992,1,0.2322537652179298,-1.4762565191628991,-0.6780493930322936,0,0,-0.6039107501479274,-0.4262300150429028,-0.6589728319256667,0.0,1.4159910129545328,-0.1645114009902331,-0.6201892226844657,0.3380961637724818,0.4885077284888646,1.3171933011460917,2.114727885669848,-1.1559347102263289,0,1,0,0.4666112623846536,Normal
386,-0.7581699611438873,1,-0.8391406892735814,1,-0.6407266473844129,0.0850492518807105,5,0.0,-0.8488679426334649,0.2546249253678617,1,-1.2740136117608418,0.3796721288811475,-0.9614863916702532,6,1.153253590238697,2,-0.8962203541380276,-1.5299431565437902,2.5255909693862573,0,1,2.1293060069870897,2.346151056253851,0.2662325767951835,0.0,-0.9320143892374164,-1.0644701017820986,0.9316033855643254,0.3380961637724818,-0.9810141559830952,-1.1676872598353414,-0.6791456840737199,-1.1559347102263289,1,-1,1,0.556605400649208,Anomaly
387,0.0083429981969065,2,0.754922044929335,1,0.59321567104227,0.0850492518807105,1,0.0,-0.8472063149353999,1.1697805251007627,0,1.432344783164646,0.3796721288811475,-0.9614863916702532,2,-1.5679065665042955,0,-0.7370738439897293,1.7709417967676953,-0.6780493930322936,0,0,-0.8772324258614291,-0.4262300150429028,0.2662325767951835,0.0,0.241988311858558,0.8640128284861845,-0.6201892226844657,-1.0778621289498782,1.794749403575051,0.7649976209279952,3.0460190755843706,3.6100788863016295,0,-1,1,0.5372987445723486,Anomaly
388,0.3368485522001039,2,-0.1078055312800194,2,-0.8875151110697495,-0.8916882501868245,2,0.0,-0.845544687237335,1.1697805251007627,0,-0.9787745141326066,0.3796721288811475,-0.0577875452794142,7,-0.6608531809232983,0,-0.1674185786925495,1.1580427768251147,1.7246808787816197,0,0,-0.8772324258614291,-0.4262300150429028,0.2662325767951835,0.0,1.4159910129545328,-0.4216424583593375,1.707499689688721,0.3380961637724818,-0.3278933184400019,-0.063295899399149,-0.3687152874355457,-0.3148734873096303,0,1,0,0.4697618878372806,Normal
389,0.5558522548689022,2,-1.491144575891571,1,-1.010909342912418,1.0617867539482455,1,0.0,-0.8438830595392701,-0.6605306743650393,0,1.432344783164646,0.3796721288811475,-0.9614863916702532,2,-1.5679065665042955,0,-0.8343890664836153,0.8681068267811928,0.1228606975723441,0,0,0.2160542769925777,-0.4262300150429028,-0.6589728319256667,0.0,0.241988311858558,-0.4216424583593375,1.707499689688721,0.3380961637724818,-0.3278933184400019,-0.6154915796172451,-0.3687152874355457,-0.5952272282818631,0,1,0,0.47076579595977547,Normal
390,0.0083429981969065,2,1.2457842865656918,1,0.0996387436715968,1.0617867539482455,1,0.0,-0.8422214318412052,0.2546249253678617,1,-0.8311549653184892,0.3796721288811475,-0.0577875452794142,4,-0.6608531809232983,2,-0.4899611720238135,0.9570692389856535,-0.2775943477299747,0,1,-0.8772324258614291,-0.4262300150429028,1.1914379855160335,0.0,-0.9320143892374164,0.8640128284861845,-0.6201892226844657,-1.0778621289498782,-0.9810141559830952,-1.1676872598353414,-0.6791456840737199,-0.8755809692540959,0,1,0,0.45847500390704016,Normal
391,0.6653541062033014,2,0.4450342661185036,1,0.3464272073569334,0.0850492518807105,1,0.0,-0.8388981764450755,-1.5756862740979405,1,-0.3390898026047641,-1.0261667362455194,1.7496101475022634,5,-0.6608531809232983,0,1.6643598779008808,-1.4009265777069893,-0.6780493930322936,0,0,-1.1505541015749308,-0.4262300150429028,0.2662325767951835,0.0,0.241988311858558,1.76397152927805,0.1557070814399298,0.3380961637724818,2.9377108692754645,1.5932911412551394,0.2521455058408027,1.3672489585237668,0,1,0,0.49062246010936467,Normal
392,0.3368485522001039,2,-0.6135423862992962,1,-0.8875151110697495,0.0850492518807105,3,0.0,-0.8372365487470106,-0.6605306743650393,0,0.5958340065513135,-1.0261667362455194,-0.0577875452794142,2,0.2462002046576992,1,-0.6491076821721119,-0.1232689326031142,1.324225833479301,0,0,1.855984331273588,2.346151056253851,-0.6589728319256667,0.0,0.241988311858558,1.121143885855289,0.1557070814399298,0.3380961637724818,-0.9810141559830952,-1.1676872598353414,-0.6791456840737199,-1.1559347102263289,0,1,0,0.4834935045244091,Normal
393,1.869874470881692,2,0.0458988070101529,1,-0.5173324155417446,-0.8916882501868245,3,0.0,-0.8355749210489456,-1.5756862740979405,1,0.9894861367222936,0.3796721288811475,2.6533089938931025,5,-1.5679065665042955,1,2.7416266421890945,-0.8157141220681667,0.523315742874663,0,0,-1.1505541015749308,-0.4262300150429028,0.2662325767951835,0.0,0.241988311858558,1.6354060005934978,0.9316033855643254,-1.0778621289498782,-0.4911735278257753,-0.6154915796172451,-0.3687152874355457,-0.5952272282818631,0,-1,1,0.5010678325441137,Anomaly
394,-0.3201625558062908,0,1.4341960560826774,2,-0.6407266473844129,1.0617867539482455,2,0.0,-0.8339132933508807,0.2546249253678617,0,0.3005949089230785,0.3796721288811475,-0.0577875452794142,7,0.2462002046576992,1,0.0074513516840184,-0.2210854237473555,2.5255909693862573,0,0,-0.0572673987209239,-0.4262300150429028,-1.584178240646517,0.0,0.241988311858558,-0.678773515728442,0.1557070814399298,0.3380961637724818,-0.6544537372115486,-0.6154915796172451,-0.3687152874355457,-0.5952272282818631,0,1,0,0.47390779629455543,Normal
395,-0.6486681098094882,2,-0.7994750535857951,1,-0.270543951856408,-0.8916882501868245,3,0.0,-0.8322516656528158,-0.6605306743650393,0,-1.7168722582031943,0.3796721288811475,-0.0577875452794142,4,-1.5679065665042955,1,-0.4668009989848756,-1.4274888145263307,-0.6780493930322936,0,0,-0.8772324258614291,-0.4262300150429028,-0.6589728319256667,0.0,0.241988311858558,0.2211851850634235,1.707499689688721,-2.4938204216722384,0.9783483566461848,1.5932911412551394,0.2521455058408027,2.2083101814404653,0,1,0,0.49897152879297624,Normal
396,0.6653541062033014,1,-1.2134851260770658,1,1.456975293940948,0.0850492518807105,3,0.0,-0.830590037954751,1.1697805251007627,1,-0.2406767700620191,0.3796721288811475,-0.9614863916702532,2,1.153253590238697,1,-0.9019572777348288,0.1299858332617172,1.7246808787816197,0,0,1.3093409798465847,2.346151056253851,-1.584178240646517,0.0,0.241988311858558,-0.4216424583593375,-1.3960855268088614,0.3380961637724818,-0.6544537372115486,-0.6154915796172451,-0.3687152874355457,-0.5952272282818631,0,1,0,0.4943261700785076,Normal
397,0.6653541062033014,2,1.6622734612874492,1,-0.1471497200137397,1.0617867539482455,4,0.0,-0.8289284102566861,0.2546249253678617,0,0.3990079414658235,0.3796721288811475,-0.0577875452794142,0,0.2462002046576992,0,-0.4209056102104666,-1.698592279206275,0.523315742874663,0,1,-0.3305890744344257,-0.4262300150429028,1.1914379855160335,0.0,-0.9320143892374164,-0.4216424583593375,0.1557070814399298,0.3380961637724818,-0.3278933184400019,-0.6154915796172451,-0.6791456840737199,-0.5952272282818631,0,1,0,0.4757099962415353,Normal
398,-1.3056792178158831,2,0.2194359631442184,2,-0.6407266473844129,-0.8916882501868245,1,0.0,-0.8272667825586212,-0.6605306743650393,0,1.629170848250136,-1.0261667362455194,-0.0577875452794142,7,1.153253590238697,2,-0.4283423630211347,-0.3124370318562015,-0.6780493930322936,0,1,-1.1505541015749308,-0.4262300150429028,-0.6589728319256667,0.0,-0.9320143892374164,-0.8073390444129942,0.1557070814399298,0.3380961637724818,-0.3278933184400019,-0.063295899399149,-0.3687152874355457,-0.3148734873096303,0,1,0,0.47459492405869264,Normal
399,0.0083429981969065,0,0.6458415467879224,1,1.950552221311621,2.038524256015781,3,0.0,-0.8239435271624913,-0.6605306743650393,0,0.3005949089230785,0.3796721288811475,-0.0577875452794142,6,0.2462002046576992,1,-0.4364165517870029,1.3425730252049837,0.1228606975723441,0,1,-0.0572673987209239,-0.4262300150429028,-1.584178240646517,0.0,1.4159910129545328,0.4783162424325279,-0.6201892226844657,0.3380961637724818,0.9783483566461848,1.8693889813641875,2.4251582823080224,0.8065414765793012,0,-1,1,0.5361292623087438,Anomaly
400,-0.6486681098094882,2,-1.1738194903892794,1,-1.010909342912418,-0.8916882501868245,1,0.0,-0.8222818994644264,1.1697805251007627,1,1.5799643319787635,-1.0261667362455194,-0.9614863916702532,2,-1.5679065665042955,1,-0.9104564238041636,0.2642024267139448,-0.6780493930322936,0,0,-0.8772324258614291,-0.4262300150429028,0.2662325767951835,0.0,0.241988311858558,-0.9359045730975464,0.1557070814399298,0.3380961637724818,-0.4911735278257753,-0.6154915796172451,0.2521455058408027,-0.5952272282818631,0,1,0,0.4513062105351164,Normal
401,0.2273467008657048,1,1.0301023925133532,1,-1.010909342912418,-1.86842575225436,1,0.0,-0.8206202717663615,-0.6605306743650393,1,-0.6835354165043717,0.3796721288811475,2.6533089938931025,3,0.2462002046576992,0,2.697218603976819,-0.8573142389915798,-0.6780493930322936,0,1,-0.3305890744344257,-0.4262300150429028,0.2662325767951835,0.0,0.241988311858558,1.2497094145398413,0.1557070814399298,0.3380961637724818,2.284590031732371,1.041095461037043,-0.3687152874355457,0.5261877356070683,0,-1,1,0.5149673958099714,Anomaly
402,2.08887817355049,1,0.2566224966015182,2,-0.3939381836990763,0.0850492518807105,1,0.0,-0.8189586440682967,0.2546249253678617,0,0.9894861367222936,1.7855109940078144,1.7496101475022634,7,-1.5679065665042955,1,1.4255338733525666,0.5541383767578667,2.5255909693862573,0,0,-1.1505541015749308,-0.4262300150429028,1.1914379855160335,0.0,2.5899937140505074,3.1781923448081244,-2.171981830933257,-1.0778621289498782,-0.0013328996684553,0.7649976209279952,1.4938670923934996,0.8065414765793012,0,-1,1,0.5633647044373393,Anomaly
403,-0.7581699611438873,2,0.6929444891671688,2,0.3464272073569334,0.0850492518807105,5,0.0,-0.8172970163702318,-0.6605306743650393,0,0.841866587908176,0.3796721288811475,-0.0577875452794142,7,0.2462002046576992,2,0.0157380191016201,0.7371226748466628,-1.0785044383346123,0,0,-1.1505541015749308,-0.4262300150429028,-0.6589728319256667,0.0,-0.9320143892374164,-0.678773515728442,2.4833959938131165,0.3380961637724818,-0.3278933184400019,-0.063295899399149,0.5625759024789769,-0.0345197463373974,0,1,0,0.4795748634470854,Normal
404,0.4463504035345031,2,-0.3904231855554976,2,-1.010909342912418,0.0850492518807105,2,0.0,-0.8156353886721669,-0.6605306743650393,1,-0.8311549653184892,1.7855109940078144,0.8459113011114247,7,-1.5679065665042955,1,0.4013867719976967,0.7382470023310794,-0.6780493930322936,0,0,0.2160542769925777,-0.4262300150429028,0.2662325767951835,0.0,0.241988311858558,-0.1645114009902331,-0.6201892226844657,0.3380961637724818,0.4885077284888646,0.7649976209279952,-0.6791456840737199,0.8065414765793012,0,1,0,0.44084366739109127,Normal
405,-0.9771736638126856,2,1.2333887754132586,1,0.9633983665702748,-0.8916882501868245,3,0.0,-0.812312133276037,0.2546249253678617,1,0.645040522822686,0.3796721288811475,-0.0577875452794142,2,-1.5679065665042955,0,-0.413256378748065,-0.1093553799834592,-0.6780493930322936,0,0,-0.8772324258614291,-0.4262300150429028,1.1914379855160335,0.0,0.241988311858558,-0.1645114009902331,-0.6201892226844657,0.3380961637724818,0.4885077284888646,-1.1676872598353414,-0.3687152874355457,1.086895217551534,0,1,0,0.4510034701233188,Normal
406,-1.3056792178158831,2,-0.2838217896445716,1,-0.7641208792270812,0.0850492518807105,3,0.0,-0.8089888778799073,-1.5756862740979405,1,1.235518718079156,0.3796721288811475,-0.9614863916702532,2,-1.5679065665042955,1,-0.5252326282115539,-0.69105431223348,0.9237707881769818,0,0,-0.6039107501479274,-0.4262300150429028,0.2662325767951835,0.0,0.241988311858558,-0.678773515728442,1.707499689688721,0.3380961637724818,-0.8177339465973219,-0.6154915796172451,-0.6791456840737199,-0.5952272282818631,1,1,0,0.4755625954573583,Normal
407,1.6508707682128936,2,-1.1986105126941458,1,-0.7641208792270812,0.0850492518807105,3,0.0,-0.8006807393895827,1.1697805251007627,1,-1.3232201280322142,-1.0261667362455194,0.8459113011114247,4,0.2462002046576992,1,0.3115083023144788,0.7442902625598184,-0.2775943477299747,0,1,-0.3305890744344257,-0.4262300150429028,0.2662325767951835,0.0,-0.9320143892374164,2.1496681153317065,0.9316033855643254,0.3380961637724818,-0.3278933184400019,-0.063295899399149,-0.6791456840737199,-0.0345197463373974,0,1,0,0.46213125210919986,Normal
408,0.8843578088720997,2,-1.5134564959659504,1,0.0996387436715968,-0.8916882501868245,1,0.0,-0.7990191116915178,-1.5756862740979405,1,0.1529753601089609,0.3796721288811475,-0.9614863916702532,6,1.153253590238697,1,-0.817815731648412,-0.6546542099254937,0.1228606975723441,0,0,1.5826626555600865,2.346151056253851,1.1914379855160335,0.0,1.4159910129545328,-0.4216424583593375,0.1557070814399298,-1.0778621289498782,-0.8177339465973219,-0.6154915796172451,-0.6791456840737199,-0.5952272282818631,0,1,0,0.4788549781041773,Normal
409,1.6508707682128936,2,1.7044181992057224,1,-0.6407266473844129,-0.8916882501868245,1,0.0,-0.7956958562953881,1.1697805251007627,0,-1.7660787744745667,0.3796721288811475,1.7496101475022634,3,1.153253590238697,1,2.135850006097241,-0.5625998971388874,-0.2775943477299747,0,0,-0.6039107501479274,-0.4262300150429028,1.1914379855160335,0.0,-0.9320143892374164,2.535364701385363,-0.6201892226844657,-2.4938204216722384,-0.3278933184400019,-0.6154915796172451,-0.3687152874355457,-0.0345197463373974,0,-1,1,0.505314941464616,Anomaly
410,0.5558522548689022,1,-0.6705617376004892,1,2.4441291486822943,-0.8916882501868245,1,0.0,-0.7940342285973232,-1.5756862740979405,0,1.2847252343505289,0.3796721288811475,-0.0577875452794142,6,0.2462002046576992,0,-0.4136813360515318,-0.1941015641213579,-0.2775943477299747,0,0,-1.1505541015749308,-0.4262300150429028,-0.6589728319256667,0.0,0.241988311858558,0.9925783571707368,0.1557070814399298,0.3380961637724818,-0.3278933184400019,-0.063295899399149,-0.6791456840737199,-0.5952272282818631,0,1,0,0.48042753929541415,Normal
411,-0.7581699611438873,2,-1.203568717155119,1,-0.8875151110697495,0.0850492518807105,1,0.0,-0.7923726008992583,0.2546249253678617,0,-1.1263940629467242,-2.432005601372186,-0.0577875452794142,4,1.153253590238697,2,-0.0875266056408003,1.4728544724617532,-0.2775943477299747,0,0,1.3093409798465847,2.346151056253851,0.2662325767951835,0.0,-0.9320143892374164,-0.0359458723056809,-0.6201892226844657,0.3380961637724818,-0.3278933184400019,-0.063295899399149,-0.6791456840737199,-0.5952272282818631,0,1,0,0.48077890049999544,Normal
412,2.526885578888087,2,-0.9432629829540208,1,-0.270543951856408,0.0850492518807105,1,0.0,-0.7907109732011933,-1.5756862740979405,0,-1.2248070954894692,0.3796721288811475,2.6533089938931025,3,-1.5679065665042955,1,2.7756232264664344,-1.469932177063056,0.9237707881769818,0,0,-1.1505541015749308,-0.4262300150429028,1.1914379855160335,0.0,-0.9320143892374164,2.7924957587544674,1.707499689688721,-2.4938204216722384,3.5908317068185576,1.041095461037043,2.7355886789461965,1.6476026994959998,0,-1,1,0.5800271720360799,Anomaly
413,0.9938596602064989,2,1.6920226880532891,1,1.0867925984129432,0.0850492518807105,3,0.0,-0.7890493455031284,0.2546249253678617,0,1.038692652993666,0.3796721288811475,-0.0577875452794142,4,0.2462002046576992,0,-0.3597117585112544,1.6866172354364528,-0.2775943477299747,0,0,-0.3305890744344257,-0.4262300150429028,0.2662325767951835,0.0,0.241988311858558,0.9925783571707368,1.707499689688721,-1.0778621289498782,0.4885077284888646,0.7649976209279952,-0.6791456840737199,1.086895217551534,0,1,0,0.4710562370163249,Normal
414,0.5558522548689022,1,1.4019677270863509,1,2.320734916839626,1.0617867539482455,5,0.0,-0.7873877178050636,1.1697805251007627,0,1.0878991692650386,-1.0261667362455194,-0.0577875452794142,0,1.153253590238697,1,-0.4206931315587331,-1.3951643993493543,-1.0785044383346123,0,0,-1.1505541015749308,-0.4262300150429028,1.1914379855160335,0.0,2.5899937140505074,-0.5502079870438897,0.9316033855643254,1.754054456494842,-0.1646131090542286,0.212801940709899,-0.6791456840737199,-0.0345197463373974,0,-1,1,0.5347691897390893,Anomaly
415,-1.4151810691502822,2,1.600295905525283,2,-1.010909342912418,-1.86842575225436,5,0.0,-0.7824028347108689,-1.5756862740979405,0,-0.1914702537906465,0.3796721288811475,-0.9614863916702532,8,-0.6608531809232983,2,-0.7013774304985222,1.0763884932693617,-0.6780493930322936,0,1,0.2160542769925777,-0.4262300150429028,-0.6589728319256667,0.0,-0.9320143892374164,-0.678773515728442,0.9316033855643254,0.3380961637724818,-0.3278933184400019,-0.339393739508197,-0.3687152874355457,-0.0345197463373974,1,-1,1,0.5270076411734914,Anomaly
416,-0.3201625558062908,1,-1.2556298639953387,2,-0.3939381836990763,-0.8916882501868245,2,0.0,-0.780741207012804,1.1697805251007627,0,-1.6184592256604493,-2.432005601372186,-0.9614863916702532,8,0.2462002046576992,0,-0.8821967631236248,-0.2895288593612139,-1.0785044383346123,0,0,0.2160542769925777,-0.4262300150429028,1.1914379855160335,0.0,0.241988311858558,-1.0644701017820986,0.1557070814399298,-1.0778621289498782,-0.8177339465973219,-0.6154915796172451,-0.3687152874355457,-1.1559347102263289,1,-1,1,0.5257616710412367,Anomaly
417,0.1178448495313057,1,1.7044181992057224,1,-0.8875151110697495,-0.8916882501868245,1,0.0,-0.779079579314739,1.1697805251007627,1,-1.1756005792180968,0.3796721288811475,-0.9614863916702532,2,1.153253590238697,1,-1.0200954080985856,-0.3101883768873683,-0.6780493930322936,0,1,2.1293060069870897,2.346151056253851,0.2662325767951835,0.0,0.241988311858558,-1.3216011591512031,0.1557070814399298,0.3380961637724818,-0.9810141559830952,-1.1676872598353414,-0.6791456840737199,-1.1559347102263289,0,-1,1,0.511517074572467,Anomaly
418,0.3368485522001039,2,1.4763407940009503,2,-0.8875151110697495,1.0617867539482455,1,0.0,-0.7757563239186093,0.2546249253678617,0,0.645040522822686,0.3796721288811475,2.6533089938931025,3,0.2462002046576992,1,2.451593282573037,-0.1814528799216715,-1.0785044383346123,0,0,-0.3305890744344257,-0.4262300150429028,1.1914379855160335,0.0,-0.9320143892374164,1.2497094145398413,-0.6201892226844657,0.3380961637724818,2.1213098223465976,2.97378034180038,-0.3687152874355457,2.2083101814404653,0,-1,1,0.5082766420351148,Anomaly
419,-1.196177366481484,2,1.3548647847071045,1,1.7037637576262843,0.0850492518807105,1,0.0,-0.7724330685224795,-1.5756862740979405,0,1.1863122018077836,0.3796721288811475,-0.9614863916702532,6,1.153253590238697,0,-0.7685206844462689,-1.5854568260868582,-0.6780493930322936,0,0,1.855984331273588,2.346151056253851,-0.6589728319256667,0.0,1.4159910129545328,-1.0644701017820986,0.1557070814399298,-2.4938204216722384,-0.6544537372115486,-0.6154915796172451,-0.6791456840737199,-0.5952272282818631,0,-1,1,0.5284469469979686,Anomaly
420,-0.7581699611438873,0,1.4812989984619238,1,-0.7641208792270812,0.0850492518807105,1,0.0,-0.7691098131263497,0.2546249253678617,1,-0.6343289002329991,0.3796721288811475,-0.9614863916702532,2,1.153253590238697,1,-0.936166340663902,0.340235072847615,0.523315742874663,0,0,-0.0572673987209239,-0.4262300150429028,0.2662325767951835,0.0,0.241988311858558,-0.2930769296747854,0.1557070814399298,-2.4938204216722384,-0.3278933184400019,-0.339393739508197,-0.3687152874355457,-0.0345197463373974,0,1,0,0.4597400668922611,Normal
421,-0.8676718124782865,2,0.4549506750404503,1,-0.7641208792270812,1.0617867539482455,3,0.0,-0.7657865577302199,-0.6605306743650393,1,1.333931750621901,-1.0261667362455194,0.8459113011114247,5,0.2462002046576992,1,1.154198635089046,1.013707236013138,-0.6780493930322936,0,0,0.7626976284195812,-0.4262300150429028,0.2662325767951835,0.0,-0.9320143892374164,-0.1645114009902331,-0.6201892226844657,0.3380961637724818,0.4885077284888646,-0.6154915796172451,-0.6791456840737199,0.8065414765793012,0,1,0,0.4517587336376458,Normal
422,-0.8676718124782865,2,-0.977970414180834,1,1.950552221311621,2.038524256015781,5,0.0,-0.764124930032155,0.2546249253678617,0,0.251388392651706,-1.0261667362455194,-0.9614863916702532,6,-0.6608531809232983,1,-0.8407634260356166,0.5603221779221578,0.9237707881769818,0,0,0.2160542769925777,-0.4262300150429028,-0.6589728319256667,0.0,-0.9320143892374164,-0.678773515728442,-0.6201892226844657,1.754054456494842,-0.8177339465973219,-0.6154915796172451,-0.3687152874355457,-0.8755809692540959,1,-1,1,0.5056950617858209,Anomaly
423,-1.9626903258222776,2,-0.7771631335114152,0,-0.8875151110697495,-0.8916882501868245,5,0.0,-0.7624633023340901,-1.5756862740979405,1,-0.6835354165043717,-1.0261667362455194,-0.9614863916702532,1,1.153253590238697,2,-0.8369388103044157,0.5795762860927915,-0.6780493930322936,0,0,-0.8772324258614291,-0.4262300150429028,0.2662325767951835,0.0,-0.9320143892374164,-1.3216011591512031,0.1557070814399298,1.754054456494842,-0.9810141559830952,-1.1676872598353414,-0.6791456840737199,-1.1559347102263289,1,-1,1,0.5375898312075053,Anomaly
424,-0.7581699611438873,0,1.4763407940009503,2,1.5803695257836163,1.0617867539482455,4,0.0,-0.7608016746360252,0.2546249253678617,0,0.1529753601089609,0.3796721288811475,0.8459113011114247,7,-1.5679065665042955,1,0.4056363450323642,-1.6054136389352522,-1.0785044383346123,0,0,-1.1505541015749308,-0.4262300150429028,0.2662325767951835,0.0,-0.9320143892374164,-0.1645114009902331,0.1557070814399298,0.3380961637724818,0.3252275191030913,1.041095461037043,1.4938670923934996,1.086895217551534,0,-1,1,0.5156177283600024,Anomaly
425,2.198380024884889,2,-1.4688326558171907,2,2.4441291486822943,0.0850492518807105,2,0.0,-0.7591400469379603,-1.5756862740979405,1,-0.4867093514188816,-1.0261667362455194,1.7496101475022634,3,1.153253590238697,0,1.618039531823005,1.0946588148911307,0.1228606975723441,0,0,-0.8772324258614291,-0.4262300150429028,0.2662325767951835,0.0,0.241988311858558,2.6639302300699157,0.1557070814399298,-1.0778621289498782,-0.9810141559830952,-1.1676872598353414,-0.6791456840737199,-1.1559347102263289,0,-1,1,0.5323388553277142,Anomaly
426,1.4318670655440953,2,0.7350892270854419,1,2.4441291486822943,1.0617867539482455,1,0.0,-0.7574784192398955,-0.6605306743650393,1,1.0878991692650386,-1.0261667362455194,1.7496101475022634,3,0.2462002046576992,1,2.2401770240983283,-0.7025786689487499,-1.0785044383346123,0,0,-0.0572673987209239,-0.4262300150429028,-0.6589728319256667,0.0,0.241988311858558,2.1496681153317065,-0.6201892226844657,0.3380961637724818,3.264271288047011,1.5932911412551394,3.977310265498893,0.8065414765793012,0,-1,1,0.5449247756632036,Anomaly
427,-0.7581699611438873,0,0.7772339650037149,1,-0.8875151110697495,0.0850492518807105,3,0.0,-0.7541551638437656,0.2546249253678617,0,-0.8311549653184892,0.3796721288811475,-0.9614863916702532,2,1.153253590238697,2,-0.8369388103044157,-1.0023524844813168,-1.0785044383346123,0,0,-0.3305890744344257,-0.4262300150429028,0.2662325767951835,0.0,-0.9320143892374164,0.0926196563788712,-0.6201892226844657,-1.0778621289498782,0.651787937874638,0.7649976209279952,1.1834366957553253,0.8065414765793012,0,1,0,0.48098639424002615,Normal
428,2.526885578888087,1,1.726730119280102,2,2.320734916839626,0.0850492518807105,2,0.0,-0.7508319084476358,0.2546249253678617,0,0.6942470390940585,-1.0261667362455194,0.8459113011114247,7,-1.5679065665042955,1,0.7995717653460424,-1.6117379810350954,0.523315742874663,0,0,1.036019304133083,-0.4262300150429028,1.1914379855160335,0.0,-0.9320143892374164,1.3782749432243937,1.707499689688721,1.754054456494842,1.794749403575051,2.421584661582284,3.3564494722225446,1.9279564404682328,0,-1,1,0.5812750529838092,Anomaly
429,1.103361511540898,2,0.4475133683489903,1,-0.8875151110697495,-0.8916882501868245,3,0.0,-0.7491702807495709,-1.5756862740979405,0,-0.043850704976529,0.3796721288811475,-0.0577875452794142,4,1.153253590238697,0,-0.3044673090605768,-0.973119969886486,0.9237707881769818,0,0,-0.6039107501479274,-0.4262300150429028,0.2662325767951835,0.0,2.5899937140505074,1.121143885855289,-0.6201892226844657,0.3380961637724818,-0.3278933184400019,-1.1676872598353414,-0.6791456840737199,-0.0345197463373974,0,1,0,0.4641950067927498,Normal
430,0.9938596602064989,2,0.5119700263416432,1,-0.8875151110697495,0.0850492518807105,1,0.0,-0.747508653051506,-1.5756862740979405,1,-0.7327419327757442,0.3796721288811475,1.7496101475022634,5,0.2462002046576992,1,2.413347125261029,-1.6900192821375988,1.324225833479301,0,0,-0.6039107501479274,-0.4262300150429028,0.2662325767951835,0.0,-0.9320143892374164,1.8925370579626024,-0.6201892226844657,-2.4938204216722384,-0.6544537372115486,-0.6154915796172451,-0.6791456840737199,-0.8755809692540959,0,1,0,0.49291871900687273,Normal
431,-0.2106607044718917,2,-1.6324534030293096,1,1.5803695257836163,0.0850492518807105,1,0.0,-0.7441853976553762,1.1697805251007627,1,-0.9787745141326066,-2.432005601372186,-0.9614863916702532,2,0.2462002046576992,2,-0.4829493765166122,0.6903225433078233,-1.0785044383346123,0,0,-0.0572673987209239,-0.4262300150429028,0.2662325767951835,0.0,-0.9320143892374164,-0.678773515728442,-0.6201892226844657,0.3380961637724818,-0.3278933184400019,-0.063295899399149,0.5625759024789769,-0.3148734873096303,0,1,0,0.4616279277421531,Normal
432,1.869874470881692,2,-0.6308961019127028,1,-0.1471497200137397,1.0617867539482455,1,0.0,-0.7425237699573113,0.2546249253678617,0,-1.1756005792180968,0.3796721288811475,-0.0577875452794142,2,0.2462002046576992,2,-0.5785647697966312,1.2810160954331766,1.7246808787816197,0,0,-1.1505541015749308,-0.4262300150429028,0.2662325767951835,0.0,-0.9320143892374164,0.9925783571707368,0.1557070814399298,0.3380961637724818,-0.9810141559830952,-1.1676872598353414,-0.6791456840737199,-1.1559347102263289,0,1,0,0.4710928137939103,Normal
433,-0.3201625558062908,2,1.2408260821047186,1,-0.8875151110697495,1.0617867539482455,1,0.0,-0.7408621422592464,1.1697805251007627,1,-0.1914702537906465,-1.0261667362455194,-0.9614863916702532,6,0.2462002046576992,0,-0.7935931653508072,-0.8287844290745093,0.1228606975723441,0,0,-0.8772324258614291,-0.4262300150429028,0.2662325767951835,0.0,0.241988311858558,0.3497507137479757,0.1557070814399298,0.3380961637724818,-0.0013328996684553,-0.339393739508197,0.8730062991171511,0.8065414765793012,0,1,0,0.4385570212997186,Normal
434,0.9938596602064989,2,0.7995458850780948,2,0.0996387436715968,0.0850492518807105,2,0.0,-0.7392005145611815,0.2546249253678617,0,1.3831382668932737,-1.0261667362455194,0.8459113011114247,7,1.153253590238697,1,0.5456597765246587,-0.3865021048921427,-0.2775943477299747,0,1,1.036019304133083,-0.4262300150429028,0.2662325767951835,0.0,0.241988311858558,0.4783162424325279,0.1557070814399298,0.3380961637724818,-0.6544537372115486,-0.6154915796172451,-0.3687152874355457,-0.5952272282818631,0,1,0,0.46091251682521334,Normal
435,-0.6486681098094882,2,1.1689321174206058,1,-0.0237554881710714,-1.86842575225436,1,0.0,-0.7375388868631166,0.2546249253678617,1,-1.6184592256604493,0.3796721288811475,0.8459113011114247,4,-0.6608531809232983,0,0.8807386103081919,0.0113692836557695,-0.6780493930322936,0,0,2.675949358414093,2.346151056253851,1.1914379855160335,0.0,0.241988311858558,0.2211851850634235,2.4833959938131165,1.754054456494842,0.9783483566461848,1.041095461037043,-0.6791456840737199,1.086895217551534,0,-1,1,0.5421449817484768,Anomaly
436,-0.42966440714069,2,1.1763694241120657,1,0.7166099028849382,-1.86842575225436,3,0.0,-0.7358772591650518,-0.6605306743650393,1,-0.4867093514188816,0.3796721288811475,0.8459113011114247,3,0.2462002046576992,1,1.51010037674245,1.4484003496756928,1.7246808787816197,0,1,-0.8772324258614291,-0.4262300150429028,1.1914379855160335,0.0,-0.9320143892374164,0.4783162424325279,-0.6201892226844657,1.754054456494842,-0.0013328996684553,0.4888997808189471,1.4938670923934996,0.8065414765793012,1,-1,1,0.5289759963386437,Anomaly
437,-0.42966440714069,2,-0.5342111149237234,1,0.0996387436715968,-1.86842575225436,3,0.0,-0.7325540037689219,-1.5756862740979405,1,-1.3724266443035866,-2.432005601372186,-0.9614863916702532,2,1.153253590238697,0,-0.6576068282414469,-1.0692499698041025,1.7246808787816197,0,0,-0.6039107501479274,-0.4262300150429028,-1.584178240646517,0.0,2.5899937140505074,-0.4216424583593375,-0.6201892226844657,0.3380961637724818,-0.4911735278257753,-0.339393739508197,-0.3687152874355457,-0.3148734873096303,1,-1,1,0.5217513610525207,Anomaly
438,-0.7581699611438873,2,-0.9655749030284008,2,-0.270543951856408,-1.86842575225436,2,0.0,-0.730892376070857,1.1697805251007627,1,-0.4375028351475091,0.3796721288811475,-0.9614863916702532,8,-0.6608531809232983,2,-0.7479102552281315,0.5740951896062607,-1.0785044383346123,0,0,-0.3305890744344257,-0.4262300150429028,-1.584178240646517,0.0,-0.9320143892374164,-0.9359045730975464,0.1557070814399298,0.3380961637724818,-0.6544537372115486,-0.6154915796172451,-0.3687152874355457,-0.5952272282818631,0,1,0,0.45386110329150847,Normal
439,-0.2106607044718917,2,1.173890321881579,1,0.8400041347276065,0.0850492518807105,1,0.0,-0.7292307483727921,1.1697805251007627,1,0.3005949089230785,0.3796721288811475,0.8459113011114247,0,0.2462002046576992,1,0.2399029966803313,-0.0025442689638854,0.523315742874663,0,1,-0.8772324258614291,-0.4262300150429028,0.2662325767951835,0.0,-0.9320143892374164,-0.1645114009902331,-0.6201892226844657,0.3380961637724818,0.161947309717318,0.7649976209279952,-0.6791456840737199,-1.1559347102263289,0,1,0,0.45129411471480196,Normal
440,-0.6486681098094882,1,-0.6656035331395159,1,1.3335810620982798,0.0850492518807105,1,0.0,-0.7275691206747272,-1.5756862740979405,1,0.0053558112948434,0.3796721288811475,0.8459113011114247,0,0.2462002046576992,1,0.7056562012798904,1.2079348089460995,0.1228606975723441,0,0,-0.8772324258614291,-0.4262300150429028,-1.584178240646517,0.0,-0.9320143892374164,0.0926196563788712,-0.6201892226844657,0.3380961637724818,-0.9810141559830952,-1.1676872598353414,-0.6791456840737199,-1.1559347102263289,1,-1,1,0.5028380277633304,Anomaly
441,-0.3201625558062908,1,0.4599088795014236,0,1.7037637576262843,0.0850492518807105,0,0.0,-0.7225842375805326,-0.6605306743650393,0,-1.1263940629467242,0.3796721288811475,0.8459113011114247,1,-1.5679065665042955,0,0.7324285113982957,-0.3907183329587048,2.5255909693862573,0,1,-0.0572673987209239,-0.4262300150429028,0.2662325767951835,0.0,2.5899937140505074,-0.0359458723056809,-0.6201892226844657,0.3380961637724818,-0.6544537372115486,-0.6154915796172451,-0.6791456840737199,-0.5952272282818631,1,-1,1,0.5732926357246947,Anomaly
442,0.5558522548689022,1,1.664752563517936,1,-0.5173324155417446,-0.8916882501868245,4,0.0,-0.7209226098824676,-0.6605306743650393,1,1.5307578157073911,0.3796721288811475,-0.9614863916702532,2,0.2462002046576992,1,-0.9370162552708357,-0.7101678794685616,0.523315742874663,0,0,0.4893759527060795,-0.4262300150429028,1.1914379855160335,0.0,0.241988311858558,-0.4216424583593375,0.9316033855643254,0.3380961637724818,-0.8177339465973219,-0.6154915796172451,-0.0582848907973714,-1.1559347102263289,0,1,0,0.4729979426471243,Normal
443,-0.1011588531374925,0,-0.4152142078603641,2,0.0996387436715968,1.0617867539482455,3,0.0,-0.7192609821844027,-0.6605306743650393,1,-1.6676657419318217,0.3796721288811475,0.8459113011114247,7,1.153253590238697,2,0.738802870950297,0.1412291081058828,-0.6780493930322936,0,0,-0.3305890744344257,-0.4262300150429028,1.1914379855160335,0.0,-0.9320143892374164,-0.1645114009902331,0.1557070814399298,-1.0778621289498782,0.4885077284888646,-0.339393739508197,2.114727885669848,0.8065414765793012,0,1,0,0.49567489385093505,Normal
444,-1.6341847718190805,1,1.4019677270863509,1,-0.6407266473844129,-1.86842575225436,5,0.0,-0.7175993544863378,0.2546249253678617,1,1.629170848250136,-1.0261667362455194,-0.9614863916702532,2,0.2462002046576992,2,-0.5543422034990264,-0.7285787420258829,0.9237707881769818,0,0,0.2160542769925777,-0.4262300150429028,0.2662325767951835,0.0,-0.9320143892374164,-0.9359045730975464,0.1557070814399298,0.3380961637724818,-0.8177339465973219,-0.6154915796172451,-0.3687152874355457,-0.5952272282818631,1,-1,1,0.5232283901092214,Anomaly
445,1.2128633628752972,2,-1.5853504606500637,2,-0.8875151110697495,2.038524256015781,2,0.0,-0.7142760990902081,-0.6605306743650393,0,-1.4216331605749593,0.3796721288811475,-0.0577875452794142,7,1.153253590238697,1,-0.5209830551768864,0.7511767684018699,-0.2775943477299747,0,0,-0.3305890744344257,-0.4262300150429028,-1.584178240646517,0.0,0.241988311858558,0.3497507137479757,-0.6201892226844657,0.3380961637724818,0.3252275191030913,0.7649976209279952,1.1834366957553253,0.8065414765793012,0,1,0,0.4793337841084875,Normal
446,1.979376322216091,2,0.7797130672342015,2,1.0867925984129432,2.038524256015781,1,0.0,-0.7109528436940782,-1.5756862740979405,0,0.841866587908176,0.3796721288811475,1.7496101475022634,3,-0.6608531809232983,2,2.195344028582586,-0.6240162859751422,0.1228606975723441,0,0,2.1293060069870897,2.346151056253851,1.1914379855160335,0.0,-0.9320143892374164,3.3067578734926766,-0.6201892226844657,0.3380961637724818,0.4885077284888646,1.3171933011460917,1.4938670923934996,0.8065414765793012,0,-1,1,0.5622143555110427,Anomaly
447,0.4463504035345031,0,-1.3275238286794515,2,0.0996387436715968,-0.8916882501868245,1,0.0,-0.7076295882979484,1.1697805251007627,1,-0.4867093514188816,0.3796721288811475,-0.0577875452794142,7,1.153253590238697,2,-0.0579920730498611,-0.1241121782164266,1.7246808787816197,0,0,-0.3305890744344257,-0.4262300150429028,1.1914379855160335,0.0,-0.9320143892374164,0.6068817711170802,0.1557070814399298,0.3380961637724818,1.141628566031958,-0.339393739508197,-0.3687152874355457,1.6476026994959998,0,-1,1,0.500840561219785,Anomaly
448,-0.2106607044718917,2,-0.4548798435481506,2,-1.010909342912418,0.0850492518807105,2,0.0,-0.7059679605998835,-0.6605306743650393,1,0.9402796204509212,0.3796721288811475,-0.0577875452794142,7,0.2462002046576992,1,-0.3794722731224583,0.6107763737853512,2.5255909693862573,0,0,-1.1505541015749308,-0.4262300150429028,0.2662325767951835,0.0,-0.9320143892374164,0.4783162424325279,-0.6201892226844657,0.3380961637724818,0.651787937874638,1.3171933011460917,1.1834366957553253,1.3672489585237668,0,1,0,0.4691009340112111,Normal
449,0.3368485522001039,2,-1.2407552506124189,1,-0.3939381836990763,0.0850492518807105,1,0.0,-0.7043063329018187,-0.6605306743650393,0,0.448214457737196,0.3796721288811475,1.7496101475022634,4,0.2462002046576992,2,1.430845839645901,0.8503986689016318,1.7246808787816197,0,0,-0.0572673987209239,-0.4262300150429028,0.2662325767951835,0.0,-0.9320143892374164,1.3782749432243937,0.1557070814399298,0.3380961637724818,2.1213098223465976,0.4888997808189471,0.8730062991171511,2.488663922412698,0,-1,1,0.5027301740350131,Anomaly
450,0.2273467008657048,1,-0.8912018361138011,1,-0.1471497200137397,-1.86842575225436,1,0.0,-0.7026447052037538,0.2546249253678617,0,-0.8803614815898617,0.3796721288811475,-0.9614863916702532,2,0.2462002046576992,1,-0.5838767360899656,0.5001706575058715,-0.6780493930322936,0,0,-1.1505541015749308,-0.4262300150429028,-1.584178240646517,0.0,0.241988311858558,-0.4216424583593375,0.1557070814399298,0.3380961637724818,0.161947309717318,-0.339393739508197,-0.6791456840737199,0.8065414765793012,0,1,0,0.45145381451838773,Normal
451,-0.6486681098094882,2,0.0632525226235594,2,-0.8875151110697495,-1.86842575225436,1,0.0,-0.6993214498076239,-0.6605306743650393,1,0.5466274902799411,0.3796721288811475,-0.0577875452794142,7,1.153253590238697,2,0.016800412360287,-0.8386222945631543,0.523315742874663,0,1,-0.6039107501479274,-0.4262300150429028,0.2662325767951835,0.0,-0.9320143892374164,-0.1645114009902331,-0.6201892226844657,1.754054456494842,-0.1646131090542286,0.212801940709899,-0.6791456840737199,0.2458339946348354,0,1,0,0.4652254063943937,Normal
452,0.5558522548689022,2,-1.1986105126941458,1,1.827157989468953,0.0850492518807105,3,0.0,-0.697659822109559,1.1697805251007627,1,-0.4867093514188816,0.3796721288811475,0.8459113011114247,4,-1.5679065665042955,1,0.1918828213885884,-1.034817440593845,-0.6780493930322936,0,1,1.5826626555600865,2.346151056253851,1.1914379855160335,0.0,0.241988311858558,-0.1645114009902331,1.707499689688721,-1.0778621289498782,0.4885077284888646,1.3171933011460917,0.8730062991171511,1.086895217551534,0,-1,1,0.5198844931972914,Anomaly
453,0.8843578088720997,2,-0.5986677729163763,2,-0.8875151110697495,0.0850492518807105,4,0.0,-0.6959981944114941,1.1697805251007627,1,-0.2406767700620191,0.3796721288811475,-0.0577875452794142,7,-0.6608531809232983,1,-0.3607741517699213,0.2619537717451116,-1.0785044383346123,0,0,1.036019304133083,-0.4262300150429028,-0.6589728319256667,0.0,0.241988311858558,-0.2930769296747854,0.1557070814399298,1.754054456494842,0.161947309717318,0.7649976209279952,0.2521455058408027,0.8065414765793012,0,1,0,0.4500304987507691,Normal
454,-1.196177366481484,1,-0.9333465740320742,0,0.9633983665702748,1.0617867539482455,1,0.0,-0.6926749390153644,-0.6605306743650393,0,-0.3882963188761366,0.3796721288811475,-0.9614863916702532,1,0.2462002046576992,0,-0.7993300889476084,1.1938807153908928,-1.0785044383346123,0,1,-1.1505541015749308,-0.4262300150429028,-0.6589728319256667,0.0,0.241988311858558,-0.4216424583593375,-0.6201892226844657,-1.0778621289498782,-0.0013328996684553,0.7649976209279952,-0.3687152874355457,-1.1559347102263289,1,-1,1,0.536663354101143,Anomaly
455,-0.8676718124782865,2,-1.4142924067464844,1,1.2101868302556114,0.0850492518807105,5,0.0,-0.6876900559211696,1.1697805251007627,1,-1.569252709389077,0.3796721288811475,-0.0577875452794142,4,1.153253590238697,0,-0.4761500596611442,1.1709725428959052,0.523315742874663,0,0,-0.8772324258614291,-0.4262300150429028,-0.6589728319256667,0.0,1.4159910129545328,-0.4216424583593375,-0.6201892226844657,1.754054456494842,-0.6544537372115486,-0.6154915796172451,-0.3687152874355457,-0.5952272282818631,0,1,0,0.4770384476561277,Normal
456,-0.42966440714069,2,0.2962881322893046,1,-1.010909342912418,2.038524256015781,3,0.0,-0.6860284282231047,-1.5756862740979405,0,1.432344783164646,1.7855109940078144,1.7496101475022634,5,0.2462002046576992,0,2.0570204263041587,1.1615563002139164,0.523315742874663,0,0,1.036019304133083,-0.4262300150429028,0.2662325767951835,0.0,0.241988311858558,-0.1645114009902331,-0.6201892226844657,0.3380961637724818,-0.1646131090542286,-0.8915894197262932,-0.6791456840737199,0.2458339946348354,0,-1,1,0.5129556973543069,Anomaly
457,-0.6486681098094882,2,-0.2838217896445716,2,-0.270543951856408,0.0850492518807105,1,0.0,-0.6843668005250398,0.2546249253678617,1,-1.0771875466753518,-1.0261667362455194,0.8459113011114247,3,1.153253590238697,0,1.0738817047338305,1.5428438583666844,2.5255909693862573,0,0,1.5826626555600865,2.346151056253851,0.2662325767951835,0.0,0.241988311858558,-0.1645114009902331,0.1557070814399298,-1.0778621289498782,-0.3278933184400019,-0.063295899399149,-0.6791456840737199,-0.8755809692540959,0,-1,1,0.5073816068278061,Anomaly
458,-2.072192177156677,1,1.2482633887961785,2,-0.5173324155417446,0.0850492518807105,2,0.0,-0.682705172826975,-0.6605306743650393,1,0.1529753601089609,0.3796721288811475,-0.9614863916702532,8,-0.6608531809232983,2,-0.9826991653935114,-0.8789575430665986,-0.6780493930322936,0,1,-0.3305890744344257,-0.4262300150429028,1.1914379855160335,0.0,-0.9320143892374164,-1.4501666878357553,0.1557070814399298,0.3380961637724818,-1.1442943653688686,-1.1676872598353414,-0.6791456840737199,-1.1559347102263289,1,-1,1,0.5186554542367486,Anomaly
459,0.3368485522001039,0,0.7226937159330086,2,2.320734916839626,0.0850492518807105,4,0.0,-0.6810435451289101,0.2546249253678617,1,-0.3882963188761366,-2.432005601372186,0.8459113011114247,7,-1.5679065665042955,0,0.9410825474004704,-0.4132048826470362,0.1228606975723441,0,0,-0.0572673987209239,-0.4262300150429028,0.2662325767951835,0.0,0.241988311858558,1.121143885855289,-0.6201892226844657,0.3380961637724818,-0.9810141559830952,-1.1676872598353414,-0.6791456840737199,-0.8755809692540959,0,-1,1,0.5179527662884297,Anomaly
460,0.4463504035345031,0,-0.7275810889016822,1,-0.8875151110697495,1.0617867539482455,4,0.0,-0.6793819174308452,-1.5756862740979405,0,-0.1914702537906465,-1.0261667362455194,-0.0577875452794142,0,0.2462002046576992,2,0.0654580236072299,-1.7147544867947633,-0.2775943477299747,0,1,0.4893759527060795,-0.4262300150429028,-1.584178240646517,0.0,-0.9320143892374164,-0.1645114009902331,0.1557070814399298,0.3380961637724818,0.161947309717318,0.7649976209279952,-0.6791456840737199,0.8065414765793012,0,-1,1,0.5119743363847976,Anomaly
461,-1.196177366481484,2,-0.068139895592233,2,2.4441291486822943,-0.8916882501868245,3,0.0,-0.6760586620347153,-1.5756862740979405,1,-1.0279810304039791,0.3796721288811475,-0.0577875452794142,7,0.2462002046576992,0,-0.4668009989848756,-1.411888770680051,0.9237707881769818,0,0,-0.8772324258614291,-0.4262300150429028,-1.584178240646517,0.0,1.4159910129545328,-0.4216424583593375,1.707499689688721,0.3380961637724818,-1.1442943653688686,-1.1676872598353414,-0.6791456840737199,-1.1559347102263289,0,-1,1,0.5046669727488222,Anomaly
462,-0.2106607044718917,2,-1.5060191892744903,2,-1.010909342912418,0.0850492518807105,3,0.0,-0.6727354066385856,-1.5756862740979405,0,0.6942470390940585,0.3796721288811475,-0.0577875452794142,7,0.2462002046576992,2,-0.349300304576319,-1.070233756352967,-0.6780493930322936,0,0,0.2160542769925777,-0.4262300150429028,1.1914379855160335,0.0,-0.9320143892374164,-0.8073390444129942,0.1557070814399298,0.3380961637724818,-0.3278933184400019,-0.063295899399149,-0.6791456840737199,-0.3148734873096303,0,1,0,0.44253436270277086,Normal
463,-0.3201625558062908,2,-1.3498357487538315,2,1.456975293940948,1.0617867539482455,1,0.0,-0.6710737789405207,1.1697805251007627,1,0.3990079414658235,1.7855109940078144,-0.0577875452794142,7,1.153253590238697,2,-0.2477355090477655,0.7881390344520645,-0.6780493930322936,0,0,-0.8772324258614291,-0.4262300150429028,1.1914379855160335,0.0,-0.9320143892374164,-0.1645114009902331,0.1557070814399298,0.3380961637724818,0.4885077284888646,0.7649976209279952,0.8730062991171511,0.8065414765793012,0,1,0,0.46934248652115595,Normal
464,-1.196177366481484,2,-0.821786973660175,1,1.827157989468953,0.0850492518807105,5,0.0,-0.6694121512424558,0.2546249253678617,1,0.0053558112948434,-2.432005601372186,-0.9614863916702532,2,1.153253590238697,2,-0.8845340282926919,1.2507997942894813,-0.6780493930322936,0,1,0.7626976284195812,-0.4262300150429028,-0.6589728319256667,0.0,-0.9320143892374164,-1.3216011591512031,0.1557070814399298,-2.4938204216722384,-0.9810141559830952,-1.1676872598353414,-0.6791456840737199,-1.1559347102263289,1,-1,1,0.531080033398359,Anomaly
465,0.0083429981969065,2,-0.0086414420605534,1,-1.010909342912418,0.0850492518807105,5,0.0,-0.6677505235443909,-0.6605306743650393,0,-0.3390898026047641,0.3796721288811475,0.8459113011114247,4,1.153253590238697,2,0.2099435067859253,1.3400432883650464,0.523315742874663,0,0,0.4893759527060795,-0.4262300150429028,1.1914379855160335,0.0,-0.9320143892374164,0.0926196563788712,0.1557070814399298,1.754054456494842,-0.1646131090542286,0.212801940709899,-0.3687152874355457,-0.5952272282818631,0,1,0,0.4649257262715033,Normal
466,0.9938596602064989,1,0.5739475821038096,1,1.0867925984129432,-1.86842575225436,3,0.0,-0.666088895846326,-1.5756862740979405,0,0.9894861367222936,0.3796721288811475,0.8459113011114247,0,0.2462002046576992,1,0.8550286934484534,-0.7489571776809332,0.9237707881769818,0,0,-1.1505541015749308,-0.4262300150429028,1.1914379855160335,0.0,-0.9320143892374164,2.1496681153317065,0.1557070814399298,-1.0778621289498782,-0.8177339465973219,-0.6154915796172451,-0.3687152874355457,-0.5952272282818631,0,-1,1,0.5145335912148883,Anomaly
467,0.4463504035345031,2,1.173890321881579,2,-0.8875151110697495,2.038524256015781,1,0.0,-0.664427268148261,-0.6605306743650393,0,1.235518718079156,0.3796721288811475,1.7496101475022634,3,-1.5679065665042955,1,2.144349152166576,-1.220893639264787,1.7246808787816197,0,0,0.2160542769925777,-0.4262300150429028,-0.6589728319256667,0.0,0.241988311858558,1.3782749432243937,-0.6201892226844657,0.3380961637724818,1.794749403575051,3.249878181909428,2.7355886789461965,1.086895217551534,0,-1,1,0.5492696881214939,Anomaly
468,0.0083429981969065,0,-1.6374116074902831,2,-0.0237554881710714,1.0617867539482455,3,0.0,-0.6627656404501961,-1.5756862740979405,1,0.1529753601089609,0.3796721288811475,0.8459113011114247,7,-0.6608531809232983,0,0.4953023360638486,1.4550057736466402,-0.6780493930322936,0,0,-0.6039107501479274,-0.4262300150429028,1.1914379855160335,0.0,0.241988311858558,-0.2930769296747854,2.4833959938131165,0.3380961637724818,0.3252275191030913,0.212801940709899,1.4938670923934996,0.8065414765793012,0,-1,1,0.5049482439361828,Anomaly
469,1.6508707682128936,2,0.3805776081258508,1,-0.3939381836990763,-0.8916882501868245,5,0.0,-0.6561191296579366,1.1697805251007627,1,0.5958340065513135,0.3796721288811475,-0.0577875452794142,6,-1.5679065665042955,0,-0.1967406326317554,1.0925507008578497,0.1228606975723441,0,1,-0.8772324258614291,-0.4262300150429028,-0.6589728319256667,0.0,1.4159910129545328,0.8640128284861845,0.1557070814399298,0.3380961637724818,0.4885077284888646,1.3171933011460917,1.1834366957553253,1.3672489585237668,0,1,0,0.4949750661588566,Normal
470,-0.5391662584750891,0,1.664752563517936,2,0.2230329755142651,1.0617867539482455,4,0.0,-0.6544575019598717,1.1697805251007627,1,-0.2898832863333916,1.7855109940078144,-0.0577875452794142,7,0.2462002046576992,1,-0.381597059639792,1.349318990111483,2.1251359240839385,0,0,-0.8772324258614291,-0.4262300150429028,1.1914379855160335,0.0,-0.9320143892374164,-0.678773515728442,-0.6201892226844657,0.3380961637724818,-0.4911735278257753,-0.6154915796172451,-0.3687152874355457,-0.5952272282818631,1,-1,1,0.5190138678048377,Anomaly
471,-1.4151810691502822,1,-0.6631244309090293,2,1.827157989468953,0.0850492518807105,3,0.0,-0.6527958742618067,1.1697805251007627,1,-1.3724266443035866,0.3796721288811475,-0.9614863916702532,8,1.153253590238697,1,-0.8717853091886894,-1.2343855690777854,-1.0785044383346123,0,0,-0.6039107501479274,-0.4262300150429028,0.2662325767951835,0.0,1.4159910129545328,-1.0644701017820986,0.1557070814399298,0.3380961637724818,-0.8177339465973219,-0.6154915796172451,-0.0582848907973714,-0.8755809692540959,0,1,0,0.48152636661646975,Normal
472,0.1178448495313057,2,1.7168137103581556,1,0.0996387436715968,0.0850492518807105,3,0.0,-0.649472618865677,0.2546249253678617,0,0.4974209740085685,0.3796721288811475,-0.0577875452794142,0,0.2462002046576992,1,0.7056562012798904,1.10477776225088,0.1228606975723441,0,0,1.036019304133083,-0.4262300150429028,0.2662325767951835,0.0,0.241988311858558,0.8640128284861845,0.9316033855643254,0.3380961637724818,-0.9810141559830952,-1.1676872598353414,-0.6791456840737199,-1.1559347102263289,0,1,0,0.45780182115706186,Normal
473,0.0083429981969065,2,-0.8837645294223412,1,-1.010909342912418,1.0617867539482455,1,0.0,-0.6478109911676121,-0.6605306743650393,0,-0.043850704976529,0.3796721288811475,-0.0577875452794142,4,-0.6608531809232983,1,-0.0118842056237186,0.1950562864223259,1.324225833479301,0,0,-0.8772324258614291,-0.4262300150429028,-0.6589728319256667,0.0,0.241988311858558,-0.4216424583593375,-0.6201892226844657,-1.0778621289498782,-0.1646131090542286,0.212801940709899,0.5625759024789769,-0.3148734873096303,0,1,0,0.4410192077815716,Normal
474,1.3223652142096962,2,1.097038152736493,1,1.0867925984129432,1.0617867539482455,1,0.0,-0.6428261080734174,1.1697805251007627,1,-0.3882963188761366,-1.0261667362455194,2.6533089938931025,5,0.2462002046576992,0,2.7620245927554987,-1.7129274546325863,-0.6780493930322936,0,1,0.4893759527060795,-0.4262300150429028,0.2662325767951835,0.0,0.241988311858558,2.535364701385363,1.707499689688721,0.3380961637724818,3.917392125590105,1.3171933011460917,-0.6791456840737199,1.3672489585237668,0,-1,1,0.5472382723475165,Anomaly
475,-1.4151810691502822,2,-0.2763844829531117,1,1.7037637576262843,0.0850492518807105,3,0.0,-0.6411644803753525,-0.6605306743650393,1,1.137105685536411,1.7855109940078144,-0.9614863916702532,6,1.153253590238697,1,-0.8027297473753423,1.0283234933105534,-0.6780493930322936,0,1,-1.1505541015749308,-0.4262300150429028,-0.6589728319256667,0.0,1.4159910129545328,-0.678773515728442,0.1557070814399298,0.3380961637724818,-0.1646131090542286,0.212801940709899,-0.3687152874355457,-0.0345197463373974,0,1,0,0.4789016687635355,Normal
476,-1.196177366481484,2,-0.2466352561872719,2,2.320734916839626,-0.8916882501868245,2,0.0,-0.6378412249792227,-1.5756862740979405,1,0.0053558112948434,0.3796721288811475,-0.0577875452794142,7,-0.6608531809232983,1,-0.0490679696770594,-0.9676388733999552,-0.6780493930322936,0,0,1.3093409798465847,2.346151056253851,1.1914379855160335,0.0,1.4159910129545328,-0.678773515728442,1.707499689688721,1.754054456494842,-0.3278933184400019,-0.339393739508197,-0.3687152874355457,-0.0345197463373974,0,-1,1,0.5105430178103222,Anomaly
477,-1.4151810691502822,2,0.0508570114711262,1,0.9633983665702748,-0.8916882501868245,4,0.0,-0.6345179695830929,1.1697805251007627,1,1.3831382668932737,-1.0261667362455194,-0.9614863916702532,2,-0.6608531809232983,1,-0.9297919811119008,-0.7326544291568929,-0.6780493930322936,0,0,1.5826626555600865,2.346151056253851,1.1914379855160335,0.0,0.241988311858558,-1.3216011591512031,-0.6201892226844657,0.3380961637724818,-0.9810141559830952,-1.1676872598353414,-0.6791456840737199,-1.1559347102263289,0,-1,1,0.5043006297122405,Anomaly
478,1.4318670655440953,1,1.0995172549669796,0,-0.7641208792270812,0.0850492518807105,3,0.0,-0.632856341885028,-1.5756862740979405,1,1.629170848250136,0.3796721288811475,2.6533089938931025,3,-0.6608531809232983,1,2.485377388198644,-0.8873899991997228,-0.6780493930322936,0,0,-1.1505541015749308,-0.4262300150429028,0.2662325767951835,0.0,0.241988311858558,2.6639302300699157,-0.6201892226844657,0.3380961637724818,4.080672334975878,0.212801940709899,2.4251582823080224,0.8065414765793012,0,-1,1,0.5623833341589544,Anomaly
479,-1.3056792178158831,2,-0.4474425368566906,2,0.4698214391996017,-1.86842575225436,3,0.0,-0.631194714186963,-0.6605306743650393,1,-1.2740136117608418,0.3796721288811475,-0.9614863916702532,8,0.2462002046576992,1,-0.9363788193156356,1.695330773440681,-0.6780493930322936,0,0,-1.1505541015749308,-0.4262300150429028,0.2662325767951835,0.0,-0.9320143892374164,-0.5502079870438897,-1.3960855268088614,0.3380961637724818,-0.0013328996684553,-0.063295899399149,-0.6791456840737199,0.5261877356070683,0,1,0,0.46315349821638635,Normal
480,-1.4151810691502822,1,1.2011604464169323,1,-0.270543951856408,0.0850492518807105,1,0.0,-0.6278714587908333,-1.5756862740979405,0,-0.5359158676902541,0.3796721288811475,-0.9614863916702532,2,0.2462002046576992,1,-0.7685206844462689,-0.0203929677789984,-0.6780493930322936,0,1,0.2160542769925777,-0.4262300150429028,1.1914379855160335,0.0,0.241988311858558,-0.678773515728442,0.9316033855643254,0.3380961637724818,-0.1646131090542286,-0.339393739508197,-0.3687152874355457,-0.5952272282818631,1,1,0,0.49197790044584744,Normal
481,-0.7581699611438873,1,-0.8788063249613679,2,0.3464272073569334,1.0617867539482455,1,0.0,-0.6262098310927684,-0.6605306743650393,1,0.3990079414658235,-1.0261667362455194,-0.9614863916702532,8,-1.5679065665042955,1,-0.9497649743748382,0.0220503947577268,-0.6780493930322936,0,0,0.7626976284195812,-0.4262300150429028,0.2662325767951835,0.0,0.241988311858558,-1.3216011591512031,-0.6201892226844657,1.754054456494842,-0.9810141559830952,-1.1676872598353414,-0.6791456840737199,-1.1559347102263289,1,1,0,0.49444754311508393,Normal
482,-0.3201625558062908,2,-1.359752157675778,1,-1.010909342912418,-0.8916882501868245,1,0.0,-0.6245482033947035,-0.6605306743650393,1,0.841866587908176,-1.0261667362455194,-0.9614863916702532,6,1.153253590238697,1,-0.6121363967705045,1.1919131422931637,-0.6780493930322936,0,1,-0.6039107501479274,-0.4262300150429028,1.1914379855160335,0.0,0.241988311858558,-0.678773515728442,0.1557070814399298,0.3380961637724818,-0.1646131090542286,0.212801940709899,-0.3687152874355457,-0.3148734873096303,0,1,0,0.44955848178380275,Normal
483,-0.6486681098094882,2,1.394530420394891,2,0.4698214391996017,1.0617867539482455,3,0.0,-0.6228865756966386,-0.6605306743650393,1,-0.9787745141326066,0.3796721288811475,-0.0577875452794142,7,-1.5679065665042955,0,-0.4823119405614121,-0.3936696926052983,-0.2775943477299747,0,0,0.4893759527060795,-0.4262300150429028,0.2662325767951835,0.0,-0.9320143892374164,-0.2930769296747854,-0.6201892226844657,-2.4938204216722384,-0.6544537372115486,-0.8915894197262932,-0.3687152874355457,-0.5952272282818631,1,1,0,0.48722661041945325,Normal
484,-0.2106607044718917,2,-0.6556871242175693,1,1.950552221311621,-0.8916882501868245,4,0.0,-0.6195633203005088,-1.5756862740979405,1,-0.5851223839616266,-1.0261667362455194,-0.0577875452794142,2,1.153253590238697,2,-0.5996001563182354,-0.043441681209538,0.523315742874663,0,0,-0.3305890744344257,-0.4262300150429028,1.1914379855160335,0.0,-0.9320143892374164,-0.2930769296747854,0.1557070814399298,0.3380961637724818,-0.6544537372115486,-0.6154915796172451,-0.6791456840737199,-0.5952272282818631,0,1,0,0.4576851308490742,Normal
485,-0.6486681098094882,2,-0.6879154532138958,2,-0.3939381836990763,1.0617867539482455,3,0.0,-0.6179016926024439,-1.5756862740979405,1,0.0053558112948434,1.7855109940078144,-0.0577875452794142,7,1.153253590238697,0,-0.2216006348845603,-1.1375528644824089,0.523315742874663,0,0,1.855984331273588,2.346151056253851,1.1914379855160335,0.0,1.4159910129545328,0.2211851850634235,0.9316033855643254,1.754054456494842,-0.0013328996684553,0.7649976209279952,0.8730062991171511,0.8065414765793012,0,-1,1,0.5216891413762652,Anomaly
486,-1.0866755151470848,2,-0.01112054429104,1,-0.3939381836990763,1.0617867539482455,3,0.0,-0.6145784372063141,-1.5756862740979405,0,0.0053558112948434,-1.0261667362455194,-0.9614863916702532,6,0.2462002046576992,0,-0.9170432620078984,-1.307045232758206,-1.0785044383346123,0,0,-0.8772324258614291,-0.4262300150429028,0.2662325767951835,0.0,1.4159910129545328,-0.678773515728442,1.707499689688721,-1.0778621289498782,-0.3278933184400019,-0.339393739508197,-0.6791456840737199,-0.3148734873096303,0,1,0,0.4693230259114444,Normal
487,0.0083429981969065,2,-0.6061050796078363,2,-0.8875151110697495,0.0850492518807105,2,0.0,-0.6129168095082492,1.1697805251007627,1,0.448214457737196,0.3796721288811475,-0.0577875452794142,7,0.2462002046576992,1,0.658485940595081,-1.5885487266690037,0.523315742874663,0,1,-1.1505541015749308,-0.4262300150429028,0.2662325767951835,0.0,0.241988311858558,0.7354472998016324,0.1557070814399298,-1.0778621289498782,-0.6544537372115486,-1.1676872598353414,-0.3687152874355457,-1.1559347102263289,0,1,0,0.4554910356439951,Normal
488,-1.8531884744878788,2,0.3880149148173107,1,-1.010909342912418,0.0850492518807105,1,0.0,-0.6112551818101843,1.1697805251007627,0,0.841866587908176,-1.0261667362455194,-0.9614863916702532,6,-0.6608531809232983,2,-0.7791446170329377,-0.359237163395041,-0.6780493930322936,0,0,-0.6039107501479274,-0.4262300150429028,1.1914379855160335,0.0,-0.9320143892374164,-1.3216011591512031,-2.171981830933257,1.754054456494842,-0.9810141559830952,-1.1676872598353414,-0.6791456840737199,-1.1559347102263289,0,1,0,0.48357985854324304,Normal
489,0.5558522548689022,2,-0.4474425368566906,1,-0.8875151110697495,1.0617867539482455,1,0.0,-0.6079319264140545,0.2546249253678617,0,0.743453555365431,0.3796721288811475,-0.0577875452794142,0,1.153253590238697,1,-0.5129088664110182,-1.207963873193996,-0.6780493930322936,0,0,-0.6039107501479274,-0.4262300150429028,-0.6589728319256667,0.0,1.4159910129545328,-0.1645114009902331,0.9316033855643254,0.3380961637724818,0.4885077284888646,-0.6154915796172451,-0.0582848907973714,-0.5952272282818631,0,1,0,0.4404093851030205,Normal
490,0.6653541062033014,2,-0.0507861799788264,1,-0.3939381836990763,1.0617867539482455,4,0.0,-0.6046086710179247,-0.6605306743650393,1,-0.7819484490471167,-1.0261667362455194,1.7496101475022634,5,1.153253590238697,0,2.151148469022044,-1.6361921038211558,0.523315742874663,0,1,-0.3305890744344257,-0.4262300150429028,0.2662325767951835,0.0,0.241988311858558,1.2497094145398413,0.1557070814399298,-1.0778621289498782,-0.9810141559830952,-1.1676872598353414,-0.6791456840737199,-1.1559347102263289,0,-1,1,0.5003457121944676,Anomaly
491,0.1178448495313057,2,-1.0920091167832198,1,-1.010909342912418,-1.86842575225436,1,0.0,-0.6029470433198598,0.2546249253678617,0,-1.1263940629467242,0.3796721288811475,-0.9614863916702532,6,-1.5679065665042955,2,-0.8252524844590802,0.0348396198929653,0.1228606975723441,0,0,0.4893759527060795,-0.4262300150429028,1.1914379855160335,0.0,-0.9320143892374164,-0.4216424583593375,0.1557070814399298,-1.0778621289498782,-1.1442943653688686,-1.1676872598353414,-0.6791456840737199,-1.1559347102263289,0,1,0,0.4668528727163491,Normal
492,0.6653541062033014,1,0.49213720849775,1,-0.0237554881710714,2.038524256015781,3,0.0,-0.6012854156217949,1.1697805251007627,1,0.3005949089230785,0.3796721288811475,-0.0577875452794142,2,0.2462002046576992,0,-0.175067810154951,0.7468199993997557,0.1228606975723441,0,1,-0.6039107501479274,-0.4262300150429028,-0.6589728319256667,0.0,0.241988311858558,-0.1645114009902331,0.1557070814399298,0.3380961637724818,0.161947309717318,0.7649976209279952,0.5625759024789769,0.8065414765793012,0,1,0,0.4678005755290081,Normal
493,1.2128633628752972,2,1.074726232662113,1,-1.010909342912418,1.0617867539482455,1,0.0,-0.5996237879237301,1.1697805251007627,0,-1.2740136117608418,-1.0261667362455194,1.7496101475022634,3,-1.5679065665042955,1,1.890862120648659,0.5177382744498804,1.7246808787816197,0,0,-1.1505541015749308,-0.4262300150429028,-1.584178240646517,0.0,0.241988311858558,1.2497094145398413,0.1557070814399298,-2.4938204216722384,-0.6544537372115486,-0.6154915796172451,-0.6791456840737199,-0.5952272282818631,0,-1,1,0.5155994287201621,Anomaly
494,0.7748559575377005,2,0.7673175560817683,0,-1.010909342912418,1.0617867539482455,1,0.0,-0.5979621602256652,-1.5756862740979405,0,-0.7819484490471167,-1.0261667362455194,-0.0577875452794142,1,0.2462002046576992,2,-0.1100493427245381,1.7681309780566536,0.523315742874663,0,0,-1.1505541015749308,-0.4262300150429028,-0.6589728319256667,0.0,-0.9320143892374164,-0.1645114009902331,-1.3960855268088614,1.754054456494842,-0.8177339465973219,-0.6154915796172451,-0.6791456840737199,-0.5952272282818631,0,1,0,0.4968057137948523,Normal
495,-0.3201625558062908,2,-1.4837072692001108,2,0.59321567104227,0.0850492518807105,5,0.0,-0.5963005325276002,0.2546249253678617,0,-1.7168722582031943,0.3796721288811475,-0.9614863916702532,8,0.2462002046576992,0,-0.8337516305284152,-1.6023217383531068,-0.6780493930322936,0,1,0.7626976284195812,-0.4262300150429028,1.1914379855160335,0.0,1.4159910129545328,-0.4216424583593375,0.1557070814399298,0.3380961637724818,0.161947309717318,-0.6154915796172451,-0.6791456840737199,0.5261877356070683,0,-1,1,0.5059780974750933,Anomaly
496,-1.0866755151470848,2,1.5308810430716568,2,-0.8875151110697495,-1.86842575225436,2,0.0,-0.5946389048295353,0.2546249253678617,1,0.9402796204509212,0.3796721288811475,-0.9614863916702532,8,-1.5679065665042955,0,-0.7355864934275956,0.2857051898534116,-1.0785044383346123,0,0,-1.1505541015749308,-0.4262300150429028,-0.6589728319256667,0.0,0.241988311858558,-0.8073390444129942,0.1557070814399298,0.3380961637724818,-0.4911735278257753,-0.339393739508197,-0.6791456840737199,-0.5952272282818631,1,1,0,0.49272367147876267,Normal
497,-1.7436866231534796,2,1.3399901713241846,2,1.5803695257836163,-1.86842575225436,5,0.0,-0.5913156494334055,0.2546249253678617,1,-0.8311549653184892,0.3796721288811475,-0.9614863916702532,8,0.2462002046576992,2,-0.6493201608238452,1.4238056859540804,-0.6780493930322936,0,0,-1.1505541015749308,-0.4262300150429028,0.2662325767951835,0.0,-0.9320143892374164,-1.0644701017820986,-0.6201892226844657,0.3380961637724818,-0.6544537372115486,-0.6154915796172451,-0.3687152874355457,-0.5952272282818631,0,1,0,0.48599748747626437,Normal
498,0.7748559575377005,2,1.2705753088705585,1,-0.7641208792270812,1.0617867539482455,4,0.0,-0.5879923940372758,1.1697805251007627,1,-1.5200461931177045,0.3796721288811475,2.6533089938931025,3,1.153253590238697,1,2.7643618579245657,-0.6963948677844587,0.523315742874663,0,1,-0.8772324258614291,-0.4262300150429028,-1.584178240646517,0.0,0.241988311858558,1.8925370579626024,-0.6201892226844657,1.754054456494842,-0.8177339465973219,-0.6154915796172451,-0.6791456840737199,-0.8755809692540959,0,-1,1,0.5113126091800941,Anomaly
499,-1.6341847718190805,2,-0.4920663770054503,1,-0.3939381836990763,-1.86842575225436,3,0.0,-0.5813458832450161,-1.5756862740979405,1,0.1529753601089609,0.3796721288811475,-0.9614863916702532,6,0.2462002046576992,1,-0.7925307720921403,-0.3047072804008375,-1.0785044383346123,0,0,1.3093409798465847,2.346151056253851,1.1914379855160335,0.0,-0.9320143892374164,-1.0644701017820986,0.1557070814399298,0.3380961637724818,-0.8177339465973219,-0.6154915796172451,-0.0582848907973714,-0.5952272282818631,0,1,0,0.47915948043542406,Normal
500,-0.42966440714069,2,1.02514418805238,2,-0.1471497200137397,1.0617867539482455,2,0.0,-0.5780226278488864,0.2546249253678617,1,-1.3232201280322142,0.3796721288811475,-0.0577875452794142,7,0.2462002046576992,0,0.127714268565109,0.8598149115836206,-1.0785044383346123,0,0,-0.8772324258614291,-0.4262300150429028,1.1914379855160335,0.0,-0.9320143892374164,-0.678773515728442,0.1557070814399298,0.3380961637724818,-0.3278933184400019,-1.1676872598353414,-0.3687152874355457,-0.5952272282818631,0,1,0,0.45150569087604775,Normal
501,-0.5391662584750891,2,-0.387944083325011,1,-0.0237554881710714,1.0617867539482455,1,0.0,-0.5746993724527566,-1.5756862740979405,0,1.2847252343505289,0.3796721288811475,-0.0577875452794142,6,1.153253590238697,1,-0.0384440370903906,0.5306680405206708,-0.6780493930322936,0,1,-0.8772324258614291,-0.4262300150429028,1.1914379855160335,0.0,0.241988311858558,-0.678773515728442,-0.6201892226844657,-1.0778621289498782,-0.1646131090542286,-0.063295899399149,-0.6791456840737199,0.2458339946348354,0,1,0,0.457192316155106,Normal
502,-0.7581699611438873,1,-1.5927877673415234,1,-0.7641208792270812,0.0850492518807105,3,0.0,-0.5730377447546916,0.2546249253678617,0,0.251388392651706,0.3796721288811475,-0.9614863916702532,6,0.2462002046576992,0,-0.9391410417881694,1.1720968703803218,-0.6780493930322936,0,0,1.3093409798465847,2.346151056253851,0.2662325767951835,0.0,0.241988311858558,-1.3216011591512031,-0.6201892226844657,0.3380961637724818,-0.9810141559830952,-1.1676872598353414,-0.6791456840737199,-1.1559347102263289,0,1,0,0.4840859694756442,Normal
503,1.7603726195472926,2,-1.3994177933635643,2,-1.010909342912418,-1.86842575225436,3,0.0,-0.5697144893585618,1.1697805251007627,0,-1.569252709389077,0.3796721288811475,-0.0577875452794142,7,-1.5679065665042955,2,0.3990495068286295,-0.9565361394913416,1.7246808787816197,0,0,1.3093409798465847,2.346151056253851,1.1914379855160335,0.0,-0.9320143892374164,0.8640128284861845,-0.6201892226844657,1.754054456494842,1.141628566031958,0.7649976209279952,1.8042974890316736,1.6476026994959998,0,-1,1,0.5722191362288565,Anomaly
504,-0.3201625558062908,2,1.473861691770464,1,-1.010909342912418,2.038524256015781,1,0.0,-0.568052861660497,-0.6605306743650393,1,-1.1756005792180968,0.3796721288811475,-0.9614863916702532,6,1.153253590238697,1,-0.8099540215342771,-0.9350333763518748,-0.6780493930322936,0,0,-0.8772324258614291,-0.4262300150429028,1.1914379855160335,0.0,0.241988311858558,-0.1645114009902331,0.9316033855643254,-1.0778621289498782,0.4885077284888646,1.3171933011460917,1.8042974890316736,1.086895217551534,0,1,0,0.47920992142651614,Normal
505,0.8843578088720997,1,-1.2308388416904723,2,2.073946453154289,1.0617867539482455,1,0.0,-0.5663912339624321,-1.5756862740979405,0,1.6783773645215088,0.3796721288811475,-0.0577875452794142,7,-1.5679065665042955,1,-0.4710505720195431,-1.2203314755225785,-0.2775943477299747,0,0,-0.3305890744344257,-0.4262300150429028,1.1914379855160335,0.0,1.4159910129545328,-0.8073390444129942,0.9316033855643254,0.3380961637724818,-0.9810141559830952,-0.8915894197262932,-0.6791456840737199,-1.1559347102263289,1,-1,1,0.5357996623031974,Anomaly
506,-1.196177366481484,2,0.4673461861928835,1,-0.3939381836990763,0.0850492518807105,1,0.0,-0.5630679785663023,0.2546249253678617,0,0.251388392651706,0.3796721288811475,-0.9614863916702532,2,1.153253590238697,1,-0.8167533383897452,0.4842895317884875,-0.6780493930322936,0,1,-0.6039107501479274,-0.4262300150429028,0.2662325767951835,0.0,0.241988311858558,-1.0644701017820986,-0.6201892226844657,0.3380961637724818,-0.6544537372115486,-0.6154915796172451,-0.6791456840737199,-0.5952272282818631,0,1,0,0.4337805920926206,Normal
507,0.0083429981969065,2,-0.7945168491248218,1,-0.7641208792270812,0.0850492518807105,4,0.0,-0.5580830954721075,0.2546249253678617,1,-1.4708396768463317,0.3796721288811475,0.8459113011114247,4,0.2462002046576992,1,0.6227895271038739,-0.6615407157675451,-0.6780493930322936,0,0,-0.0572673987209239,-0.4262300150429028,0.2662325767951835,0.0,0.241988311858558,-0.1645114009902331,-0.6201892226844657,0.3380961637724818,0.4885077284888646,0.7649976209279952,1.4938670923934996,1.086895217551534,0,1,0,0.4298827081510569,Normal
508,-0.8676718124782865,2,0.925980098832914,2,-0.7641208792270812,-0.8916882501868245,3,0.0,-0.5564214677740427,-0.6605306743650393,0,-0.1914702537906465,0.3796721288811475,-0.0577875452794142,7,0.2462002046576992,1,-0.2001402910594893,-1.521510700410666,-0.6780493930322936,0,0,-0.3305890744344257,-0.4262300150429028,-1.584178240646517,0.0,0.241988311858558,-0.678773515728442,1.707499689688721,-1.0778621289498782,-0.1646131090542286,-1.1676872598353414,-0.3687152874355457,-0.5952272282818631,0,1,0,0.4514189657114264,Normal
509,-0.2106607044718917,2,0.5318028441855365,1,-0.3939381836990763,1.0617867539482455,1,0.0,-0.5547598400759778,-0.6605306743650393,1,0.7926600716368035,-2.432005601372186,-0.0577875452794142,6,1.153253590238697,2,0.030399046071223,0.7104198970917693,-0.6780493930322936,0,0,-0.6039107501479274,-0.4262300150429028,-0.6589728319256667,0.0,-0.9320143892374164,0.7354472998016324,0.1557070814399298,0.3380961637724818,1.6314691941892778,1.8693889813641875,2.7355886789461965,1.086895217551534,0,1,0,0.49587252641913443,Normal
510,-0.42966440714069,1,1.223472366491312,1,-0.3939381836990763,0.0850492518807105,1,0.0,-0.5530982123779129,0.2546249253678617,1,-1.7660787744745667,0.3796721288811475,-0.0577875452794142,0,1.153253590238697,0,0.2596635112915352,-1.2617910515104394,0.1228606975723441,0,0,2.1293060069870897,2.346151056253851,0.2662325767951835,0.0,0.241988311858558,0.4783162424325279,-0.6201892226844657,-2.4938204216722384,0.9783483566461848,1.8693889813641875,0.5625759024789769,0.8065414765793012,0,-1,1,0.5248111083809098,Anomaly
511,1.869874470881692,2,-1.0052405387161871,0,1.2101868302556114,1.0617867539482455,3,0.0,-0.5431284461895235,0.2546249253678617,1,1.0878991692650386,0.3796721288811475,0.8459113011114247,1,-0.6608531809232983,1,0.8970994664916617,-1.065876987350853,-0.2775943477299747,0,0,-0.0572673987209239,-0.4262300150429028,0.2662325767951835,0.0,0.241988311858558,0.6068817711170802,-1.3960855268088614,1.754054456494842,0.3252275191030913,0.7649976209279952,1.4938670923934996,-0.8755809692540959,0,1,0,0.49114166850775304,Normal
512,-0.1011588531374925,2,0.2739762122149248,1,-0.0237554881710714,-0.8916882501868245,3,0.0,-0.5414668184914586,-0.6605306743650393,1,-0.8803614815898617,-1.0261667362455194,-0.0577875452794142,4,-0.6608531809232983,0,0.4980645585363825,-0.053279546698183,-0.2775943477299747,0,1,-1.1505541015749308,-0.4262300150429028,0.2662325767951835,0.0,0.241988311858558,0.2211851850634235,-0.6201892226844657,0.3380961637724818,-0.6544537372115486,-0.6154915796172451,-0.6791456840737199,-0.5952272282818631,0,1,0,0.4410603841099281,Normal
513,-1.0866755151470848,2,0.7747548627732282,1,-0.7641208792270812,1.0617867539482455,3,0.0,-0.5398051907933936,-1.5756862740979405,1,-0.5851223839616266,-1.0261667362455194,-0.9614863916702532,6,1.153253590238697,2,-0.9472152305540376,0.1209912133863846,-1.0785044383346123,0,0,-0.6039107501479274,-0.4262300150429028,1.1914379855160335,0.0,-0.9320143892374164,-0.8073390444129942,-2.171981830933257,0.3380961637724818,-0.4911735278257753,-0.6154915796172451,-0.3687152874355457,-0.8755809692540959,0,1,0,0.4597412603121413,Normal
514,-1.8531884744878788,2,1.387093113703431,1,0.0996387436715968,-1.86842575225436,3,0.0,-0.5381435630953287,1.1697805251007627,1,-1.6676657419318217,0.3796721288811475,-0.9614863916702532,6,0.2462002046576992,2,-1.1673431137498147,1.7828877762896211,-0.6780493930322936,0,1,-1.1505541015749308,-0.4262300150429028,1.1914379855160335,0.0,-0.9320143892374164,-1.3216011591512031,1.707499689688721,0.3380961637724818,-0.9810141559830952,-1.1676872598353414,-0.3687152874355457,-0.8755809692540959,1,-1,1,0.5233146466786933,Anomaly
515,-0.42966440714069,1,0.6780698757842488,1,-0.7641208792270812,0.0850492518807105,1,0.0,-0.5364819353972639,-1.5756862740979405,1,0.2021818763803334,0.3796721288811475,-0.9614863916702532,6,-1.5679065665042955,2,-0.6703555473454494,-1.566905422593985,-0.6780493930322936,0,1,-1.1505541015749308,-0.4262300150429028,-1.584178240646517,0.0,-0.9320143892374164,-0.1645114009902331,0.1557070814399298,0.3380961637724818,0.4885077284888646,1.041095461037043,2.114727885669848,0.8065414765793012,1,-1,1,0.5267420704151646,Anomaly
516,-0.2106607044718917,0,-0.1871368026555923,1,-0.7641208792270812,0.0850492518807105,1,0.0,-0.5331586800011341,0.2546249253678617,1,-1.2248070954894692,-1.0261667362455194,-0.9614863916702532,2,0.2462002046576992,1,-1.1095489204783366,0.3635648681492588,-0.6780493930322936,0,0,0.7626976284195812,-0.4262300150429028,0.2662325767951835,0.0,1.4159910129545328,-1.3216011591512031,0.1557070814399298,0.3380961637724818,-0.9810141559830952,-1.1676872598353414,-0.6791456840737199,-1.1559347102263289,0,1,0,0.4757288992959258,Normal
517,-1.5246829204846812,2,0.2045613497612985,1,-0.6407266473844129,0.0850492518807105,3,0.0,-0.5314970523030692,-1.5756862740979405,1,-0.3882963188761366,1.7855109940078144,-0.9614863916702532,6,-1.5679065665042955,1,-0.7827567541124051,-0.8107951893238443,-0.2775943477299747,0,0,0.2160542769925777,-0.4262300150429028,-1.584178240646517,0.0,0.241988311858558,-0.8073390444129942,0.1557070814399298,1.754054456494842,-0.6544537372115486,-0.6154915796172451,-0.6791456840737199,-0.5952272282818631,0,1,0,0.4678676340977328,Normal
518,-1.3056792178158831,2,0.0186286824747997,2,-0.1471497200137397,0.0850492518807105,1,0.0,-0.5281737969069393,1.1697805251007627,1,-0.4375028351475091,1.7855109940078144,-0.0577875452794142,7,-0.6608531809232983,1,-0.351000133790186,0.1918238449046283,-1.0785044383346123,0,0,1.855984331273588,2.346151056253851,0.2662325767951835,0.0,0.241988311858558,-0.9359045730975464,0.9316033855643254,0.3380961637724818,-0.6544537372115486,-0.6154915796172451,-0.3687152874355457,-0.5952272282818631,0,1,0,0.48159624945048446,Normal
519,0.1178448495313057,2,-1.387022282211131,2,-0.270543951856408,1.0617867539482455,2,0.0,-0.5248505415108096,1.1697805251007627,0,-0.9787745141326066,-1.0261667362455194,-0.0577875452794142,7,1.153253590238697,2,-0.5258700641667541,-0.9166225137945536,-1.0785044383346123,0,0,1.3093409798465847,2.346151056253851,-1.584178240646517,0.0,-0.9320143892374164,-0.4216424583593375,-0.6201892226844657,0.3380961637724818,-0.0013328996684553,0.7649976209279952,-0.6791456840737199,0.2458339946348354,0,1,0,0.4943532626443013,Normal
520,-0.8676718124782865,1,0.0087122735528531,1,-1.010909342912418,1.0617867539482455,1,0.0,-0.5231889138127447,-0.6605306743650393,1,0.4974209740085685,-2.432005601372186,-0.9614863916702532,6,1.153253590238697,0,-0.8037921406340092,0.6529386544509724,-0.6780493930322936,0,0,0.7626976284195812,-0.4262300150429028,1.1914379855160335,0.0,0.241988311858558,-0.1645114009902331,1.707499689688721,0.3380961637724818,0.4885077284888646,0.7649976209279952,-0.0582848907973714,1.086895217551534,0,1,0,0.47905470778430836,Normal
521,1.2128633628752972,2,0.0359823980882062,2,-0.8875151110697495,-1.86842575225436,2,0.0,-0.5198656584166149,-0.6605306743650393,1,-0.4867093514188816,1.7855109940078144,-0.0577875452794142,7,-0.6608531809232983,1,0.3435925787262185,0.6020628357811229,0.1228606975723441,0,0,-0.8772324258614291,-0.4262300150429028,1.1914379855160335,0.0,-0.9320143892374164,0.0926196563788712,0.1557070814399298,0.3380961637724818,-0.8177339465973219,-0.6154915796172451,-0.0582848907973714,-0.5952272282818631,0,1,0,0.4520510275013929,Normal
522,-1.0866755151470848,1,1.5060900207667902,2,-0.7641208792270812,-1.86842575225436,3,0.0,-0.516542403020485,1.1697805251007627,0,0.251388392651706,1.7855109940078144,-0.0577875452794142,7,1.153253590238697,0,-0.3943457787437946,0.3316620757789387,-0.6780493930322936,0,1,1.3093409798465847,2.346151056253851,-0.6589728319256667,0.0,1.4159910129545328,-0.678773515728442,0.1557070814399298,0.3380961637724818,-0.1646131090542286,0.212801940709899,-0.6791456840737199,-0.0345197463373974,0,-1,1,0.5293726509187101,Anomaly
523,0.0083429981969065,2,1.04745610812676,1,0.0996387436715968,-0.8916882501868245,1,0.0,-0.5148807753224202,1.1697805251007627,1,0.6942470390940585,1.7855109940078144,-0.9614863916702532,6,1.153253590238697,2,-0.3873339832365932,0.1291425876484048,0.1228606975723441,0,0,0.4893759527060795,-0.4262300150429028,-1.584178240646517,0.0,-0.9320143892374164,-0.9359045730975464,-0.6201892226844657,0.3380961637724818,-0.9810141559830952,-1.1676872598353414,-0.6791456840737199,-1.1559347102263289,0,1,0,0.45069099229893594,Normal
524,1.4318670655440953,2,1.0028322679780002,1,2.320734916839626,-1.86842575225436,3,0.0,-0.5132191476243553,1.1697805251007627,1,0.3990079414658235,1.7855109940078144,-0.9614863916702532,2,0.2462002046576992,1,-0.6973403361155881,-1.5482134781655594,-0.6780493930322936,0,1,-1.1505541015749308,-0.4262300150429028,0.2662325767951835,0.0,2.5899937140505074,1.121143885855289,0.1557070814399298,0.3380961637724818,2.1213098223465976,1.041095461037043,0.2521455058408027,1.086895217551534,0,-1,1,0.5340632876085194,Anomaly
525,-0.3201625558062908,2,1.5854212921423632,1,-0.0237554881710714,0.0850492518807105,3,0.0,-0.5115575199262904,1.1697805251007627,0,-0.9787745141326066,-1.0261667362455194,0.8459113011114247,0,-0.6608531809232983,2,0.4500443832446397,0.4695327335555201,-0.6780493930322936,0,0,-0.3305890744344257,-0.4262300150429028,-0.6589728319256667,0.0,-0.9320143892374164,-0.2930769296747854,0.1557070814399298,1.754054456494842,0.161947309717318,0.7649976209279952,1.4938670923934996,0.8065414765793012,0,1,0,0.474530619176887,Normal
526,-1.4151810691502822,2,-0.2714262784921384,2,-0.7641208792270812,-0.8916882501868245,1,0.0,-0.5065726368320957,-1.5756862740979405,0,-0.043850704976529,0.3796721288811475,-0.0577875452794142,7,0.2462002046576992,2,-0.4092192843651309,1.4717301449773366,2.5255909693862573,0,0,-0.3305890744344257,-0.4262300150429028,-1.584178240646517,0.0,-0.9320143892374164,-0.9359045730975464,0.1557070814399298,0.3380961637724818,-0.8177339465973219,-0.6154915796172451,-0.0582848907973714,-1.1559347102263289,1,-1,1,0.51705762152397,Anomaly
527,0.2273467008657048,2,-0.977970414180834,1,-0.8875151110697495,1.0617867539482455,5,0.0,-0.5049110091340308,1.1697805251007627,0,0.6942470390940585,-1.0261667362455194,-0.0577875452794142,0,0.2462002046576992,2,-0.4143187720067319,0.9366908033306032,-0.6780493930322936,0,0,-1.1505541015749308,-0.4262300150429028,-1.584178240646517,0.0,-0.9320143892374164,1.121143885855289,0.9316033855643254,0.3380961637724818,2.1213098223465976,0.7649976209279952,2.7355886789461965,1.6476026994959998,0,-1,1,0.5232376863143929,Anomaly
528,-0.5391662584750891,2,0.3136418479027112,2,0.0996387436715968,0.0850492518807105,2,0.0,-0.5032493814359659,1.1697805251007627,1,-0.5359158676902541,0.3796721288811475,-0.0577875452794142,7,1.153253590238697,2,-0.2351992685954963,1.0385829816058545,-0.6780493930322936,0,0,-0.8772324258614291,-0.4262300150429028,1.1914379855160335,0.0,-0.9320143892374164,-0.1645114009902331,-0.6201892226844657,-1.0778621289498782,0.4885077284888646,0.7649976209279952,-0.6791456840737199,1.086895217551534,0,1,0,0.44657744112163367,Normal
529,1.4318670655440953,1,-0.5961886706858897,2,-0.1471497200137397,-0.8916882501868245,5,0.0,-0.501587753737901,-0.6605306743650393,1,-0.7819484490471167,0.3796721288811475,-0.0577875452794142,7,0.2462002046576992,1,0.0622708438312293,1.2843890778864262,0.1228606975723441,0,1,-0.3305890744344257,-0.4262300150429028,-1.584178240646517,0.0,0.241988311858558,0.8640128284861845,0.9316033855643254,0.3380961637724818,-0.4911735278257753,-0.339393739508197,-0.3687152874355457,-0.3148734873096303,1,-1,1,0.5145747087932003,Anomaly
530,0.1178448495313057,2,0.0607734203930728,1,-1.010909342912418,1.0617867539482455,1,0.0,-0.4999261260398361,-0.6605306743650393,0,-1.6184592256604493,1.7855109940078144,-0.0577875452794142,0,1.153253590238697,2,0.2384156461181976,0.7125280111250505,-1.0785044383346123,0,0,-0.6039107501479274,-0.4262300150429028,0.2662325767951835,0.0,-0.9320143892374164,-0.1645114009902331,0.9316033855643254,-1.0778621289498782,0.3252275191030913,0.7649976209279952,-0.3687152874355457,1.086895217551534,0,1,0,0.4768841861746404,Normal
531,-1.0866755151470848,2,-0.4821499680835037,1,-1.010909342912418,-0.8916882501868245,1,0.0,-0.4982644983417712,0.2546249253678617,0,0.1037688438375884,0.3796721288811475,0.8459113011114247,4,-1.5679065665042955,1,0.1931576932989887,-1.1670664609483437,-0.6780493930322936,0,0,-1.1505541015749308,-0.4262300150429028,1.1914379855160335,0.0,-0.9320143892374164,-0.2930769296747854,0.1557070814399298,0.3380961637724818,0.3252275191030913,0.7649976209279952,-0.6791456840737199,0.8065414765793012,0,1,0,0.44308198407713995,Normal
532,-0.5391662584750891,2,0.5342819464160231,1,-0.7641208792270812,-0.8916882501868245,1,0.0,-0.4949412429456414,0.2546249253678617,0,-1.3232201280322142,0.3796721288811475,0.8459113011114247,5,1.153253590238697,2,0.9893152013439468,0.7111226017695297,0.1228606975723441,0,0,-0.0572673987209239,-0.4262300150429028,1.1914379855160335,0.0,-0.9320143892374164,-0.1645114009902331,2.4833959938131165,0.3380961637724818,-0.0013328996684553,0.7649976209279952,1.4938670923934996,0.8065414765793012,0,1,0,0.47409872820004834,Normal
533,1.103361511540898,2,-0.2466352561872719,2,0.59321567104227,1.0617867539482455,2,0.0,-0.4932796152475765,1.1697805251007627,1,-1.1756005792180968,0.3796721288811475,-0.0577875452794142,7,-1.5679065665042955,2,-0.327839960751248,-0.3496803797775002,-0.2775943477299747,0,0,-0.8772324258614291,-0.4262300150429028,1.1914379855160335,0.0,-0.9320143892374164,1.121143885855289,-0.6201892226844657,0.3380961637724818,-0.0013328996684553,0.7649976209279952,-0.3687152874355457,0.8065414765793012,0,1,0,0.459024849920161,Normal
534,0.3368485522001039,1,-0.55156483053713,2,-0.5173324155417446,1.0617867539482455,1,0.0,-0.4916179875495116,1.1697805251007627,1,-0.8803614815898617,-1.0261667362455194,0.8459113011114247,7,-1.5679065665042955,1,0.8439798035583179,1.3293621772630888,0.9237707881769818,0,1,1.5826626555600865,2.346151056253851,0.2662325767951835,0.0,0.241988311858558,1.121143885855289,-0.6201892226844657,0.3380961637724818,1.794749403575051,2.421584661582284,-0.3687152874355457,2.2083101814404653,0,-1,1,0.5471254995965059,Anomaly
535,1.7603726195472926,2,0.4152850393526638,1,-0.270543951856408,0.0850492518807105,1,0.0,-0.4899563598514467,0.2546249253678617,1,-0.3390898026047641,1.7855109940078144,1.7496101475022634,5,0.2462002046576992,1,1.7659246734294345,-0.1123067396300527,0.1228606975723441,0,0,1.036019304133083,-0.4262300150429028,0.2662325767951835,0.0,-0.9320143892374164,2.6639302300699157,0.1557070814399298,0.3380961637724818,-0.3278933184400019,-0.8915894197262932,-0.3687152874355457,-0.3148734873096303,0,1,0,0.4587348075683011,Normal
536,0.4463504035345031,2,-0.9308674718015876,0,0.0996387436715968,1.0617867539482455,0,0.0,-0.4882947321533818,-0.6605306743650393,1,0.349801425194451,-1.0261667362455194,2.6533089938931025,3,1.153253590238697,0,2.68531979947975,-0.7662437127538378,0.1228606975723441,0,0,-0.0572673987209239,-0.4262300150429028,-0.6589728319256667,0.0,2.5899937140505074,1.5068404719089457,-0.6201892226844657,-1.0778621289498782,2.284590031732371,0.4888997808189471,3.0460190755843706,0.5261877356070683,0,-1,1,0.5604913520398038,Anomaly
537,2.526885578888087,2,0.933417405524374,2,0.8400041347276065,1.0617867539482455,2,0.0,-0.4866331044553169,-1.5756862740979405,1,0.8910731041795485,0.3796721288811475,-0.0577875452794142,7,-1.5679065665042955,2,-0.2332869607298959,-0.3357668271578452,2.1251359240839385,0,0,-0.3305890744344257,-0.4262300150429028,1.1914379855160335,0.0,-0.9320143892374164,-0.1645114009902331,-1.3960855268088614,0.3380961637724818,-0.8177339465973219,-0.6154915796172451,-0.0582848907973714,-0.5952272282818631,0,1,0,0.4984312346938559,Normal
538,-1.0866755151470848,1,-1.2605880684563122,1,0.0996387436715968,-0.8916882501868245,1,0.0,-0.484971476757252,1.1697805251007627,1,-1.6676657419318217,0.3796721288811475,0.8459113011114247,4,-1.5679065665042955,0,0.4865907113427802,-1.3357155836108283,-0.6780493930322936,0,0,1.5826626555600865,2.346151056253851,0.2662325767951835,0.0,1.4159910129545328,-0.2930769296747854,0.9316033855643254,-1.0778621289498782,0.3252275191030913,0.7649976209279952,-0.3687152874355457,0.8065414765793012,0,-1,1,0.5197281808988892,Anomaly
539,0.4463504035345031,2,-1.2110060238465792,0,-1.010909342912418,0.0850492518807105,0,0.0,-0.4833098490591871,1.1697805251007627,1,-0.3390898026047641,-1.0261667362455194,2.6533089938931025,3,0.2462002046576992,1,2.695518774762952,0.7376848385888711,-0.6780493930322936,0,0,-0.8772324258614291,-0.4262300150429028,-0.6589728319256667,0.0,0.241988311858558,1.3782749432243937,0.1557070814399298,0.3380961637724818,2.447870241118145,0.7649976209279952,-0.0582848907973714,1.6476026994959998,0,-1,1,0.5237980894036894,Anomaly
540,1.4318670655440953,2,-1.206047819385606,2,-0.1471497200137397,1.0617867539482455,2,0.0,-0.4766633382669275,1.1697805251007627,1,-0.5851223839616266,0.3796721288811475,-0.9614863916702532,8,-0.6608531809232983,1,-0.5583792978819605,-0.6085567830644145,1.7246808787816197,0,0,-0.0572673987209239,-0.4262300150429028,1.1914379855160335,0.0,0.241988311858558,-0.9359045730975464,-0.6201892226844657,0.3380961637724818,-0.8177339465973219,-0.6154915796172451,-0.0582848907973714,-0.5952272282818631,0,1,0,0.4610331557803488,Normal
541,-0.9771736638126856,2,-0.3681112654811178,1,-1.010909342912418,-0.8916882501868245,1,0.0,-0.4716784551727328,-1.5756862740979405,0,0.0545623275662159,-2.432005601372186,-0.9614863916702532,6,-0.6608531809232983,2,-0.9108813811076304,-1.4674024402231187,1.7246808787816197,0,1,-0.6039107501479274,-0.4262300150429028,1.1914379855160335,0.0,-0.9320143892374164,-0.1645114009902331,0.9316033855643254,0.3380961637724818,-0.0013328996684553,0.7649976209279952,0.2521455058408027,0.8065414765793012,1,-1,1,0.530985489791132,Anomaly
542,-0.1011588531374925,0,-0.9308674718015876,1,-0.1471497200137397,0.0850492518807105,1,0.0,-0.4700168274746679,-1.5756862740979405,0,-0.142263737519274,1.7855109940078144,0.8459113011114247,5,-1.5679065665042955,1,1.1070283744042368,0.8463229817706218,2.5255909693862573,0,0,-0.3305890744344257,-0.4262300150429028,-1.584178240646517,0.0,0.241988311858558,-0.1645114009902331,-0.6201892226844657,0.3380961637724818,0.161947309717318,0.7649976209279952,-0.6791456840737199,0.2458339946348354,0,-1,1,0.5045742208932648,Anomaly
543,0.1178448495313057,2,-1.57295494949763,1,-1.010909342912418,0.0850492518807105,1,0.0,-0.468355199776603,0.2546249253678617,0,0.743453555365431,0.3796721288811475,0.8459113011114247,4,0.2462002046576992,2,0.2885606079272743,0.1523318420144964,0.523315742874663,0,1,-0.3305890744344257,-0.4262300150429028,1.1914379855160335,0.0,-0.9320143892374164,-0.1645114009902331,0.9316033855643254,1.754054456494842,-0.9810141559830952,-1.1676872598353414,-0.6791456840737199,-1.1559347102263289,0,1,0,0.474921084760384,Normal
544,0.7748559575377005,0,-1.0449061744039736,1,1.827157989468953,0.0850492518807105,3,0.0,-0.4666935720785381,-1.5756862740979405,1,-0.8311549653184892,-2.432005601372186,-0.9614863916702532,2,0.2462002046576992,2,-0.5938632327214343,-1.71587881427918,-0.2775943477299747,0,0,-0.3305890744344257,-0.4262300150429028,0.2662325767951835,0.0,-0.9320143892374164,-0.2930769296747854,1.707499689688721,0.3380961637724818,-0.3278933184400019,-0.6154915796172451,-0.3687152874355457,-0.0345197463373974,0,-1,1,0.5113343715414196,Anomaly
545,1.103361511540898,1,-1.4514789402037842,2,-0.7641208792270812,0.0850492518807105,3,0.0,-0.4633703166824083,1.1697805251007627,0,-0.8311549653184892,0.3796721288811475,1.7496101475022634,7,0.2462002046576992,0,1.54409696101979,-0.5745458766608134,2.5255909693862573,0,1,-0.8772324258614291,-0.4262300150429028,1.1914379855160335,0.0,1.4159910129545328,2.1496681153317065,-0.6201892226844657,-1.0778621289498782,2.447870241118145,-0.6154915796172451,2.7355886789461965,2.488663922412698,0,-1,1,0.5895133707507676,Anomaly
546,-0.7581699611438873,2,-0.7474139067455754,2,2.197340684996958,2.038524256015781,2,0.0,-0.4617086889843434,0.2546249253678617,1,1.629170848250136,0.3796721288811475,-0.0577875452794142,7,1.153253590238697,0,-0.2547473045549669,1.5405952033978512,1.7246808787816197,0,0,2.1293060069870897,2.346151056253851,1.1914379855160335,0.0,0.241988311858558,-0.1645114009902331,-0.6201892226844657,-1.0778621289498782,0.161947309717318,0.7649976209279952,1.4938670923934996,0.8065414765793012,0,-1,1,0.5578874542811053,Anomaly
547,-0.8676718124782865,2,1.4713825895399772,2,0.0996387436715968,0.0850492518807105,1,0.0,-0.4583854335882136,0.2546249253678617,1,1.629170848250136,0.3796721288811475,-0.9614863916702532,8,0.2462002046576992,2,-0.8203654754692125,-1.6243866652347818,-0.6780493930322936,0,0,-1.1505541015749308,-0.4262300150429028,0.2662325767951835,0.0,-0.9320143892374164,-1.3216011591512031,2.4833959938131165,0.3380961637724818,-0.9810141559830952,-1.1676872598353414,-0.6791456840737199,-1.1559347102263289,0,1,0,0.4973456277601062,Normal
548,0.5558522548689022,1,0.3235582568246578,1,1.2101868302556114,0.0850492518807105,3,0.0,-0.4534005504940189,0.2546249253678617,1,-0.4375028351475091,1.7855109940078144,-0.9614863916702532,6,0.2462002046576992,0,-0.7955054732164076,0.8506797507727359,1.324225833479301,0,1,-0.8772324258614291,-0.4262300150429028,1.1914379855160335,0.0,-0.9320143892374164,-0.5502079870438897,-0.6201892226844657,0.3380961637724818,-0.8177339465973219,-0.6154915796172451,-0.0582848907973714,-0.5952272282818631,1,1,0,0.49801741739414884,Normal
549,0.6653541062033014,1,-0.068139895592233,2,0.7166099028849382,0.0850492518807105,1,0.0,-0.4500772950978891,1.1697805251007627,1,-0.929567997861234,-1.0261667362455194,-0.0577875452794142,7,1.153253590238697,1,0.0639706730450963,1.3168540339989545,0.1228606975723441,0,0,0.7626976284195812,-0.4262300150429028,0.2662325767951835,0.0,0.241988311858558,-0.5502079870438897,1.707499689688721,0.3380961637724818,-0.8177339465973219,-0.6154915796172451,-0.0582848907973714,-0.5952272282818631,0,1,0,0.4569940025156286,Normal
550,-0.3201625558062908,2,0.4152850393526638,1,-0.1471497200137397,-0.8916882501868245,3,0.0,-0.4450924120036944,-0.6605306743650393,0,1.4815512994360187,0.3796721288811475,-0.0577875452794142,0,0.2462002046576992,2,-0.0766901944023982,-0.977195657017496,0.1228606975723441,0,0,-1.1505541015749308,-0.4262300150429028,1.1914379855160335,0.0,-0.9320143892374164,-0.1645114009902331,-0.6201892226844657,0.3380961637724818,-0.3278933184400019,-0.8915894197262932,0.5625759024789769,-0.3148734873096303,0,1,0,0.45868322161649705,Normal
551,-1.5246829204846812,2,-0.3780276744030644,1,-0.0237554881710714,-1.86842575225436,3,0.0,-0.4434307843056295,-0.6605306743650393,1,-1.4216331605749593,0.3796721288811475,-0.9614863916702532,2,-1.5679065665042955,1,-0.8505374440153518,-1.4010671186425414,-0.6780493930322936,0,0,-0.3305890744344257,-0.4262300150429028,1.1914379855160335,0.0,0.241988311858558,-0.8073390444129942,-0.6201892226844657,1.754054456494842,-0.4911735278257753,-0.339393739508197,-0.6791456840737199,-0.5952272282818631,0,1,0,0.4677769490864225,Normal
552,0.2273467008657048,2,-1.6398907097207698,0,-0.7641208792270812,0.0850492518807105,0,0.0,-0.4401075289094997,0.2546249253678617,0,-1.0771875466753518,1.7855109940078144,-0.0577875452794142,1,-0.6608531809232983,1,-0.0242079674242544,0.6259547948249748,2.5255909693862573,0,0,-0.0572673987209239,-0.4262300150429028,0.2662325767951835,0.0,0.241988311858558,0.0926196563788712,0.1557070814399298,-2.4938204216722384,0.161947309717318,-0.339393739508197,0.2521455058408027,0.5261877356070683,0,-1,1,0.5341005933337384,Anomaly
553,2.08887817355049,2,0.073168931545506,1,-0.0237554881710714,0.0850492518807105,3,0.0,-0.4367842735133699,0.2546249253678617,1,0.743453555365431,0.3796721288811475,1.7496101475022634,0,1.153253590238697,1,0.9774163968468776,0.8582689612925478,1.7246808787816197,0,0,-1.1505541015749308,-0.4262300150429028,0.2662325767951835,0.0,-0.9320143892374164,2.406799172700811,-1.3960855268088614,-1.0778621289498782,0.4885077284888646,0.7649976209279952,-0.3687152874355457,-0.8755809692540959,0,1,0,0.49350522365191557,Normal
554,0.3368485522001039,2,0.0037540690918798,1,-0.8875151110697495,-1.86842575225436,3,0.0,-0.4351226458153051,1.1697805251007627,0,0.9894861367222936,-1.0261667362455194,-0.9614863916702532,6,1.153253590238697,2,-0.8841090709892252,1.2108861685926933,-1.0785044383346123,0,1,1.3093409798465847,2.346151056253851,1.1914379855160335,0.0,-0.9320143892374164,-0.8073390444129942,-0.6201892226844657,-1.0778621289498782,-0.4911735278257753,-0.6154915796172451,-0.0582848907973714,-0.3148734873096303,0,-1,1,0.5137583976891222,Anomaly
555,-1.0866755151470848,2,0.4276805505050971,1,-0.270543951856408,0.0850492518807105,3,0.0,-0.4334610181172401,1.1697805251007627,0,-0.5359158676902541,-1.0261667362455194,-0.0577875452794142,0,-1.5679065665042955,2,0.0654580236072299,1.2767998673666143,2.1251359240839385,0,0,1.036019304133083,-0.4262300150429028,-1.584178240646517,0.0,-0.9320143892374164,-0.2930769296747854,-0.6201892226844657,-2.4938204216722384,-0.0013328996684553,0.4888997808189471,-0.6791456840737199,0.8065414765793012,0,1,0,0.4986734800646103,Normal
556,-0.8676718124782865,2,0.712777307011062,2,0.0996387436715968,0.0850492518807105,2,0.0,-0.4301377627211104,1.1697805251007627,1,0.841866587908176,0.3796721288811475,-0.9614863916702532,8,-0.6608531809232983,0,-0.893670610317227,0.5135220463833182,-0.6780493930322936,0,0,-0.3305890744344257,-0.4262300150429028,1.1914379855160335,0.0,1.4159910129545328,-1.193035630466651,-0.6201892226844657,0.3380961637724818,-0.8177339465973219,-0.6154915796172451,-0.0582848907973714,-0.5952272282818631,0,1,0,0.45280037871541706,Normal
557,1.7603726195472926,2,-1.1316747524710062,1,-0.3939381836990763,0.0850492518807105,1,0.0,-0.4251528796269156,1.1697805251007627,1,0.9894861367222936,0.3796721288811475,-0.0577875452794142,2,1.153253590238697,2,-0.8611613766020206,-0.4770104673876763,-0.2775943477299747,0,0,0.4893759527060795,-0.4262300150429028,1.1914379855160335,0.0,-0.9320143892374164,0.9925783571707368,0.9316033855643254,0.3380961637724818,-0.8177339465973219,-0.6154915796172451,-0.0582848907973714,-0.5952272282818631,0,1,0,0.45676957668499896,Normal
558,-0.2106607044718917,0,1.04745610812676,1,-0.8875151110697495,1.0617867539482455,1,0.0,-0.4218296242307858,1.1697805251007627,0,-0.2406767700620191,0.3796721288811475,-0.0577875452794142,0,-1.5679065665042955,0,-0.2995803000707091,-1.342461548517328,-0.2775943477299747,0,0,-1.1505541015749308,-0.4262300150429028,-1.584178240646517,0.0,0.241988311858558,0.6068817711170802,-0.6201892226844657,1.754054456494842,-0.9810141559830952,-1.1676872598353414,-0.6791456840737199,-1.1559347102263289,0,-1,1,0.5064936421480276,Anomaly
559,-0.5391662584750891,1,-0.9234301651101277,1,1.827157989468953,1.0617867539482455,1,0.0,-0.4201679965327209,-1.5756862740979405,1,0.6942470390940585,0.3796721288811475,-0.0577875452794142,2,1.153253590238697,1,-0.2536849112963,0.9603016805033512,-0.6780493930322936,0,0,-0.0572673987209239,-0.4262300150429028,1.1914379855160335,0.0,1.4159910129545328,-0.1645114009902331,-0.6201892226844657,0.3380961637724818,0.4885077284888646,1.041095461037043,0.5625759024789769,0.8065414765793012,0,1,0,0.46654748171220783,Normal
560,0.1178448495313057,2,-1.325044726448965,1,-0.8875151110697495,2.038524256015781,3,0.0,-0.4185063688346561,1.1697805251007627,1,1.2847252343505289,0.3796721288811475,-0.9614863916702532,6,0.2462002046576992,1,-0.7321868349998617,0.8654365490057034,1.324225833479301,0,1,-0.6039107501479274,-0.4262300150429028,-0.6589728319256667,0.0,0.241988311858558,-0.678773515728442,-2.171981830933257,-2.4938204216722384,-0.9810141559830952,-1.1676872598353414,-0.6791456840737199,-0.8755809692540959,0,-1,1,0.5076614650151794,Anomaly
561,-0.3201625558062908,2,-1.575434051728117,1,-0.1471497200137397,2.038524256015781,1,0.0,-0.4151831134385262,-0.6605306743650393,0,-1.6676657419318217,0.3796721288811475,-0.0577875452794142,4,-1.5679065665042955,0,-0.2936308978221746,-1.4231320455242165,0.1228606975723441,0,0,-0.3305890744344257,-0.4262300150429028,0.2662325767951835,0.0,0.241988311858558,-0.5502079870438897,0.1557070814399298,0.3380961637724818,-1.1442943653688686,-1.1676872598353414,-0.6791456840737199,-1.1559347102263289,0,1,0,0.4732698818339149,Normal
562,1.6508707682128936,2,-0.4499216390871772,2,-0.7641208792270812,1.0617867539482455,2,0.0,-0.4135214857404614,0.2546249253678617,1,-1.7168722582031943,-1.0261667362455194,1.7496101475022634,3,-1.5679065665042955,1,2.199806080268987,-0.5943621485736553,-0.6780493930322936,0,0,-1.1505541015749308,-0.4262300150429028,-1.584178240646517,0.0,-0.9320143892374164,2.92106128743902,0.1557070814399298,1.754054456494842,4.407232753747424,0.4888997808189471,-0.3687152874355457,3.329725145329397,0,-1,1,0.5577098935603414,Anomaly
563,-0.42966440714069,2,-0.6829572487529224,1,-1.010909342912418,1.0617867539482455,4,0.0,-0.4068749749482018,1.1697805251007627,1,-0.142263737519274,0.3796721288811475,-0.9614863916702532,6,1.153253590238697,2,-0.811016414792944,-1.2797802912611045,-0.6780493930322936,0,1,-0.6039107501479274,-0.4262300150429028,0.2662325767951835,0.0,-0.9320143892374164,-0.1645114009902331,-0.6201892226844657,-1.0778621289498782,0.4885077284888646,1.3171933011460917,1.4938670923934996,1.086895217551534,1,1,0,0.4909606451077446,Normal
564,-1.3056792178158831,2,0.1996031453003252,2,2.073946453154289,-1.86842575225436,3,0.0,-0.4052133472501368,0.2546249253678617,0,-1.6676657419318217,0.3796721288811475,-0.0577875452794142,7,1.153253590238697,2,-0.0686160056365299,1.1937401744553406,-0.6780493930322936,0,0,2.1293060069870897,2.346151056253851,-0.6589728319256667,0.0,-0.9320143892374164,-0.678773515728442,1.707499689688721,-1.0778621289498782,-0.1646131090542286,0.212801940709899,-0.3687152874355457,-0.0345197463373974,0,-1,1,0.5235153556335445,Anomaly
565,0.8843578088720997,2,0.3756194036648774,2,-0.8875151110697495,-0.8916882501868245,5,0.0,-0.4018900918540071,-0.6605306743650393,1,-0.9787745141326066,-2.432005601372186,-0.0577875452794142,8,0.2462002046576992,2,0.0274243449469557,-0.2705558330616844,-1.0785044383346123,0,0,-0.6039107501479274,-0.4262300150429028,-1.584178240646517,0.0,-0.9320143892374164,-0.2930769296747854,0.1557070814399298,0.3380961637724818,0.161947309717318,0.7649976209279952,0.2521455058408027,-0.8755809692540959,0,1,0,0.4920450102723823,Normal
566,-1.5246829204846812,2,-1.2209224327685255,1,0.0996387436715968,-1.86842575225436,3,0.0,-0.4002284641559421,-1.5756862740979405,1,0.645040522822686,1.7855109940078144,-0.9614863916702532,6,0.2462002046576992,2,-0.6369963990233094,0.7472416222064119,-0.6780493930322936,0,0,0.7626976284195812,-0.4262300150429028,1.1914379855160335,0.0,-0.9320143892374164,-1.193035630466651,0.1557070814399298,0.3380961637724818,-0.8177339465973219,-0.6154915796172451,-0.6791456840737199,-0.5952272282818631,0,1,0,0.4637023851177,Normal
567,1.103361511540898,1,-0.2069696204994855,2,2.197340684996958,-0.8916882501868245,1,0.0,-0.3985668364578772,-0.6605306743650393,0,0.5466274902799411,1.7855109940078144,-0.0577875452794142,7,0.2462002046576992,2,-0.0225081382103874,-0.5585242100078773,0.523315742874663,0,1,-0.8772324258614291,-0.4262300150429028,1.1914379855160335,0.0,-0.9320143892374164,-0.4216424583593375,-0.6201892226844657,0.3380961637724818,-0.3278933184400019,-0.063295899399149,-0.3687152874355457,-0.3148734873096303,1,-1,1,0.5183116252407809,Anomaly
568,-0.3201625558062908,2,-1.2357970461514456,2,-0.8875151110697495,0.0850492518807105,4,0.0,-0.3969052087598124,1.1697805251007627,1,-0.2898832863333916,0.3796721288811475,-0.0577875452794142,7,1.153253590238697,2,-0.0486430123735926,0.6145709790452571,-0.6780493930322936,0,0,1.855984331273588,2.346151056253851,0.2662325767951835,0.0,-0.9320143892374164,-0.678773515728442,1.707499689688721,0.3380961637724818,-0.1646131090542286,0.212801940709899,-0.3687152874355457,-0.0345197463373974,0,1,0,0.472860691950208,Normal
569,1.979376322216091,2,-0.1920950071165655,1,-0.8875151110697495,0.0850492518807105,3,0.0,-0.3952435810617475,1.1697805251007627,1,0.5958340065513135,0.3796721288811475,2.6533089938931025,3,-1.5679065665042955,1,2.837879471424314,0.9677503500876108,0.9237707881769818,0,1,-0.6039107501479274,-0.4262300150429028,1.1914379855160335,0.0,0.241988311858558,1.6354060005934978,-0.6201892226844657,0.3380961637724818,-0.3278933184400019,-0.6154915796172451,-0.3687152874355457,-0.0345197463373974,1,-1,1,0.528267450792776,Anomaly
570,-0.1011588531374925,0,1.5655884742984698,2,-0.1471497200137397,1.0617867539482455,1,0.0,-0.3919203256656177,-1.5756862740979405,1,0.4974209740085685,-1.0261667362455194,0.8459113011114247,7,-1.5679065665042955,2,0.2303414573523294,-0.0118199707103221,-0.6780493930322936,0,0,-0.0572673987209239,-0.4262300150429028,-0.6589728319256667,0.0,-0.9320143892374164,-0.1645114009902331,-1.3960855268088614,0.3380961637724818,0.4885077284888646,0.7649976209279952,-0.6791456840737199,1.3672489585237668,0,-1,1,0.500435802022016,Anomaly
571,1.6508707682128936,0,-0.2168860294214321,1,1.2101868302556114,1.0617867539482455,3,0.0,-0.3885970702694878,1.1697805251007627,1,-1.2248070954894692,0.3796721288811475,-0.9614863916702532,6,1.153253590238697,1,-0.4769999742680776,1.725265992713272,-1.0785044383346123,0,0,0.7626976284195812,-0.4262300150429028,-1.584178240646517,0.0,0.241988311858558,-0.8073390444129942,0.1557070814399298,0.3380961637724818,-0.4911735278257753,-0.339393739508197,-0.3687152874355457,-0.5952272282818631,0,1,0,0.47810498598469253,Normal
572,-1.196177366481484,1,-0.5639603416895632,1,-1.010909342912418,-0.8916882501868245,1,0.0,-0.386935442571423,-1.5756862740979405,0,0.251388392651706,-2.432005601372186,-0.9614863916702532,2,1.153253590238697,0,-0.4544772371843398,-1.2683964754813866,0.1228606975723441,0,0,-0.3305890744344257,-0.4262300150429028,-1.584178240646517,0.0,0.241988311858558,-0.8073390444129942,-0.6201892226844657,0.3380961637724818,-0.8177339465973219,-0.6154915796172451,-0.0582848907973714,-1.1559347102263289,0,1,0,0.48866317701055884,Normal
573,-0.8676718124782865,2,-0.3606739587896578,1,2.197340684996958,0.0850492518807105,3,0.0,-0.3852738148733581,-0.6605306743650393,0,0.0053558112948434,0.3796721288811475,-0.0577875452794142,0,0.2462002046576992,1,-0.4606391180846078,1.5791034197391185,0.523315742874663,0,0,-0.8772324258614291,-0.4262300150429028,-1.584178240646517,0.0,0.241988311858558,-0.0359458723056809,0.1557070814399298,-1.0778621289498782,0.161947309717318,0.7649976209279952,-0.3687152874355457,-0.8755809692540959,0,1,0,0.46443585971788476,Normal
574,-1.196177366481484,2,0.8516070319183144,2,-0.1471497200137397,0.0850492518807105,5,0.0,-0.3802889317791634,1.1697805251007627,1,-1.3724266443035866,-1.0261667362455194,-0.0577875452794142,7,-1.5679065665042955,2,-0.2500727742168326,-1.580959516149192,1.324225833479301,0,0,0.4893759527060795,-0.4262300150429028,0.2662325767951835,0.0,-0.9320143892374164,-0.678773515728442,-0.6201892226844657,-1.0778621289498782,-0.4911735278257753,-0.339393739508197,-0.3687152874355457,-0.5952272282818631,1,-1,1,0.5015167939901342,Anomaly
575,-0.3201625558062908,2,-1.538247518270817,1,-1.010909342912418,1.0617867539482455,1,0.0,-0.3786273040810985,-0.6605306743650393,0,0.3005949089230785,1.7855109940078144,-0.9614863916702532,6,1.153253590238697,2,-0.6848040956633189,-0.1071067250146261,-0.2775943477299747,0,0,0.2160542769925777,-0.4262300150429028,0.2662325767951835,0.0,-0.9320143892374164,-0.1645114009902331,-0.6201892226844657,0.3380961637724818,-0.4911735278257753,-0.6154915796172451,-0.3687152874355457,-0.3148734873096303,0,1,0,0.4503305039334105,Normal
576,1.869874470881692,2,-1.0573016855564068,1,1.2101868302556114,1.0617867539482455,3,0.0,-0.3753040486849687,1.1697805251007627,0,1.432344783164646,0.3796721288811475,-0.0577875452794142,4,-1.5679065665042955,0,-0.2162886685912259,1.174486066284707,2.5255909693862573,0,1,-1.1505541015749308,-0.4262300150429028,-0.6589728319256667,0.0,1.4159910129545328,-0.2930769296747854,0.9316033855643254,0.3380961637724818,-0.3278933184400019,-0.339393739508197,-0.3687152874355457,-0.0345197463373974,0,-1,1,0.514365389913679,Anomaly
577,-1.0866755151470848,1,0.0657316248540461,2,-0.1471497200137397,-1.86842575225436,2,0.0,-0.3736424209869038,0.2546249253678617,1,0.8910731041795485,0.3796721288811475,-0.0577875452794142,7,1.153253590238697,1,-0.4591517675224741,1.3625298380533777,-1.0785044383346123,0,0,1.036019304133083,-0.4262300150429028,-0.6589728319256667,0.0,0.241988311858558,-0.8073390444129942,0.1557070814399298,0.3380961637724818,-0.4911735278257753,-0.6154915796172451,-0.3687152874355457,-0.8755809692540959,0,1,0,0.45364189440573405,Normal
578,0.0083429981969065,2,-0.5738767506115098,1,0.0996387436715968,-1.86842575225436,1,0.0,-0.370319165590774,1.1697805251007627,0,0.7926600716368035,0.3796721288811475,-0.9614863916702532,6,-1.5679065665042955,0,-0.7906184642265399,0.7858903794832314,-1.0785044383346123,0,1,-0.6039107501479274,-0.4262300150429028,-0.6589728319256667,0.0,1.4159910129545328,-0.678773515728442,0.1557070814399298,-1.0778621289498782,-0.3278933184400019,-0.339393739508197,0.5625759024789769,-0.3148734873096303,0,1,0,0.47698386363255424,Normal
579,0.1178448495313057,1,-1.3944595889025913,1,-0.8875151110697495,1.0617867539482455,1,0.0,-0.3686575378927091,-1.5756862740979405,0,0.448214457737196,1.7855109940078144,-0.0577875452794142,4,-1.5679065665042955,2,-0.111111735983205,1.6544333611950286,1.324225833479301,0,1,-0.8772324258614291,-0.4262300150429028,1.1914379855160335,0.0,-0.9320143892374164,0.7354472998016324,-0.6201892226844657,0.3380961637724818,1.304908775417731,0.7649976209279952,0.5625759024789769,2.2083101814404653,0,-1,1,0.5256550415552372,Anomaly
580,-0.3201625558062908,2,-1.6894727543305028,1,-0.8875151110697495,1.0617867539482455,3,0.0,-0.3669959101946442,0.2546249253678617,0,0.9894861367222936,-1.0261667362455194,-0.9614863916702532,6,-1.5679065665042955,2,-0.4508651001048725,-0.953303697973644,-0.6780493930322936,0,0,-1.1505541015749308,-0.4262300150429028,0.2662325767951835,0.0,-0.9320143892374164,-0.678773515728442,0.1557070814399298,0.3380961637724818,-0.1646131090542286,0.212801940709899,-0.3687152874355457,-0.3148734873096303,0,1,0,0.45211321961655015,Normal
581,-0.2106607044718917,2,-1.0374688677125137,2,-0.1471497200137397,1.0617867539482455,1,0.0,-0.3653342824965793,-1.5756862740979405,0,0.3005949089230785,0.3796721288811475,-0.9614863916702532,8,1.153253590238697,1,-0.8352389810905488,0.8437932449306845,-0.6780493930322936,0,0,0.2160542769925777,-0.4262300150429028,-0.6589728319256667,0.0,0.241988311858558,-1.0644701017820986,-1.3960855268088614,-1.0778621289498782,-0.6544537372115486,-0.6154915796172451,-0.6791456840737199,-0.5952272282818631,0,1,0,0.45117568327768565,Normal
582,-0.7581699611438873,2,0.293809030058818,1,-1.010909342912418,0.0850492518807105,1,0.0,-0.3636726547985144,1.1697805251007627,1,-1.3724266443035866,-2.432005601372186,-0.9614863916702532,2,0.2462002046576992,1,-0.5673034012547623,1.4141083614009875,0.1228606975723441,0,0,1.5826626555600865,2.346151056253851,0.2662325767951835,0.0,1.4159910129545328,-0.5502079870438897,-0.6201892226844657,0.3380961637724818,-0.8177339465973219,-0.6154915796172451,-0.6791456840737199,-0.5952272282818631,0,1,0,0.4811595158151347,Normal
583,0.3368485522001039,1,-0.0284742599044466,1,-0.8875151110697495,-0.8916882501868245,3,0.0,-0.3620110271004495,0.2546249253678617,0,-1.3724266443035866,1.7855109940078144,-0.0577875452794142,0,-0.6608531809232983,1,-0.4799746753923449,-0.6158649117131222,-0.6780493930322936,0,0,2.4026276827005915,2.346151056253851,1.1914379855160335,0.0,0.241988311858558,-0.4216424583593375,-0.6201892226844657,0.3380961637724818,0.161947309717318,0.7649976209279952,0.2521455058408027,0.8065414765793012,0,-1,1,0.5102316013493555,Anomaly
584,-0.3201625558062908,2,0.7648384538512817,2,-0.1471497200137397,-0.8916882501868245,1,0.0,-0.3603493994023846,0.2546249253678617,0,1.333931750621901,0.3796721288811475,-0.0577875452794142,7,-1.5679065665042955,1,-0.0006228370818497,-0.1416797951604355,0.9237707881769818,0,0,0.4893759527060795,-0.4262300150429028,-0.6589728319256667,0.0,0.241988311858558,-0.678773515728442,-1.3960855268088614,0.3380961637724818,-0.6544537372115486,-0.6154915796172451,-0.3687152874355457,-0.5952272282818631,0,1,0,0.43596004665235144,Normal
585,0.5558522548689022,1,-0.5763558528419964,1,-0.1471497200137397,0.0850492518807105,1,0.0,-0.3586877717043197,-0.6605306743650393,1,0.0053558112948434,0.3796721288811475,2.6533089938931025,3,1.153253590238697,0,2.53424747809732,0.268699736651611,-0.6780493930322936,0,0,-0.6039107501479274,-0.4262300150429028,-0.6589728319256667,0.0,0.241988311858558,1.6354060005934978,0.9316033855643254,-1.0778621289498782,2.774430659889691,0.7649976209279952,3.666879868860719,1.3672489585237668,0,-1,1,0.5326086710880067,Anomaly
586,-1.5246829204846812,2,1.0920799482755197,1,-0.3939381836990763,0.0850492518807105,1,0.0,-0.3553645163081899,0.2546249253678617,1,-0.142263737519274,1.7855109940078144,-0.9614863916702532,2,-1.5679065665042955,1,-1.0415557519236565,-1.527413419703853,-0.6780493930322936,0,1,1.5826626555600865,2.346151056253851,0.2662325767951835,0.0,1.4159910129545328,-1.3216011591512031,-0.6201892226844657,0.3380961637724818,-1.1442943653688686,-1.1676872598353414,-0.6791456840737199,-1.1559347102263289,1,-1,1,0.5423457135480736,Anomaly
587,-1.4151810691502822,0,0.7177355114720353,1,-0.0237554881710714,0.0850492518807105,1,0.0,-0.353702888610125,0.2546249253678617,1,-0.2898832863333916,-1.0261667362455194,-0.9614863916702532,2,-0.6608531809232983,0,-0.8093165855790769,1.7199254371622934,-0.6780493930322936,0,0,-1.1505541015749308,-0.4262300150429028,0.2662325767951835,0.0,2.5899937140505074,-1.3216011591512031,0.9316033855643254,0.3380961637724818,-0.9810141559830952,-1.1676872598353414,-0.6791456840737199,-1.1559347102263289,0,-1,1,0.5031154181269589,Anomaly
588,1.6508707682128936,2,1.2953663311754249,1,0.2230329755142651,1.0617867539482455,1,0.0,-0.3520412609120601,1.1697805251007627,0,0.7926600716368035,0.3796721288811475,-0.0577875452794142,2,0.2462002046576992,1,-0.7126387990403912,1.055166812000999,2.1251359240839385,0,0,1.3093409798465847,2.346151056253851,-0.6589728319256667,0.0,0.241988311858558,-0.2930769296747854,0.1557070814399298,0.3380961637724818,-0.3278933184400019,-0.6154915796172451,-0.3687152874355457,-0.0345197463373974,0,1,0,0.48392224259628047,Normal
589,1.4318670655440953,2,-0.2763844829531117,1,-0.8875151110697495,0.0850492518807105,3,0.0,-0.3487180055159303,0.2546249253678617,1,-0.0930572212479015,0.3796721288811475,1.7496101475022634,5,0.2462002046576992,1,2.36617686457622,-1.044514765146938,0.9237707881769818,0,0,0.2160542769925777,-0.4262300150429028,1.1914379855160335,0.0,-0.9320143892374164,2.406799172700811,0.1557070814399298,0.3380961637724818,-0.4911735278257753,-0.339393739508197,-0.6791456840737199,-0.3148734873096303,0,1,0,0.46201421261456765,Normal
590,-0.8676718124782865,2,0.0062331713223664,1,-1.010909342912418,-0.8916882501868245,1,0.0,-0.3470563778178654,-0.6605306743650393,0,-1.4708396768463317,-1.0261667362455194,-0.9614863916702532,2,-1.5679065665042955,1,-0.8889960799790928,-1.0714986247729354,-0.6780493930322936,0,1,-1.1505541015749308,-0.4262300150429028,1.1914379855160335,0.0,0.241988311858558,-1.3216011591512031,-1.3960855268088614,0.3380961637724818,-0.9810141559830952,-1.1676872598353414,-0.6791456840737199,-1.1559347102263289,1,-1,1,0.5082878275788361,Anomaly
591,-0.42966440714069,2,-1.4613953491257308,1,-0.270543951856408,0.0850492518807105,3,0.0,-0.3453947501198005,0.2546249253678617,1,-0.8311549653184892,0.3796721288811475,0.8459113011114247,5,0.2462002046576992,1,1.1023538440661025,1.641784676995342,-1.0785044383346123,0,0,-1.1505541015749308,-0.4262300150429028,1.1914379855160335,0.0,-0.9320143892374164,0.3497507137479757,0.1557070814399298,1.754054456494842,0.9783483566461848,1.3171933011460917,0.2521455058408027,0.8065414765793012,0,1,0,0.4645757140172695,Normal
592,-0.42966440714069,2,-1.6969100610219627,2,0.8400041347276065,0.0850492518807105,2,0.0,-0.3420714947236707,-1.5756862740979405,0,0.1529753601089609,0.3796721288811475,-0.0577875452794142,7,-1.5679065665042955,2,-0.2504977315202993,1.7137416359980024,0.9237707881769818,0,0,-0.0572673987209239,-0.4262300150429028,0.2662325767951835,0.0,-0.9320143892374164,-0.678773515728442,0.1557070814399298,0.3380961637724818,-0.6544537372115486,-0.6154915796172451,-0.6791456840737199,-0.5952272282818631,1,1,0,0.48758597683722593,Normal
593,1.103361511540898,2,-1.488665473661084,1,-0.8875151110697495,-0.8916882501868245,4,0.0,-0.3404098670256058,0.2546249253678617,0,-1.6184592256604493,0.3796721288811475,1.7496101475022634,3,1.153253590238697,1,2.177708300488716,-0.1870745173437543,-0.6780493930322936,0,1,-1.1505541015749308,-0.4262300150429028,0.2662325767951835,0.0,0.241988311858558,1.8925370579626024,0.1557070814399298,-1.0778621289498782,3.1009910786612376,2.6976825016913315,0.2521455058408027,-1.1559347102263289,0,-1,1,0.5305261858774136,Anomaly
594,-0.1011588531374925,2,-0.3135710164104114,1,-1.010909342912418,0.0850492518807105,4,0.0,-0.3354249839314111,0.2546249253678617,0,-1.5200461931177045,0.3796721288811475,-0.0577875452794142,4,-0.6608531809232983,1,-0.2708956820867034,1.2715998527511878,-1.0785044383346123,0,0,-0.0572673987209239,-0.4262300150429028,-1.584178240646517,0.0,0.241988311858558,-0.1645114009902331,-0.6201892226844657,0.3380961637724818,0.3252275191030913,0.7649976209279952,-0.6791456840737199,0.2458339946348354,0,1,0,0.4358959707296306,Normal
595,-0.8676718124782865,2,1.1143918683498997,1,1.7037637576262843,-0.8916882501868245,1,0.0,-0.3337633562333462,0.2546249253678617,1,0.743453555365431,1.7855109940078144,-0.9614863916702532,6,0.2462002046576992,1,-0.8080417136686767,1.3303459638119537,-0.6780493930322936,0,0,2.4026276827005915,2.346151056253851,0.2662325767951835,0.0,0.241988311858558,-0.1645114009902331,0.1557070814399298,0.3380961637724818,0.4885077284888646,0.7649976209279952,-0.6791456840737199,0.8065414765793012,0,1,0,0.49662328993500987,Normal
596,2.3078818762192883,2,-1.2804208863002051,1,-0.8875151110697495,1.0617867539482455,1,0.0,-0.3321017285352813,1.1697805251007627,1,-1.7168722582031943,0.3796721288811475,2.6533089938931025,5,-0.6608531809232983,2,2.7076300579117545,1.6088980980761576,1.7246808787816197,0,1,-0.8772324258614291,-0.4262300150429028,1.1914379855160335,0.0,-0.9320143892374164,3.692454459546333,-0.6201892226844657,0.3380961637724818,3.917392125590105,2.97378034180038,3.3564494722225446,1.086895217551534,1,-1,1,0.6064229001543946,Anomaly
597,-0.2106607044718917,2,1.1292664817328193,1,-1.010909342912418,1.0617867539482455,1,0.0,-0.3304401008372164,1.1697805251007627,0,-1.2740136117608418,1.7855109940078144,-0.9614863916702532,6,0.2462002046576992,2,-0.8492625721049516,-0.1422419589026438,0.1228606975723441,0,0,-0.6039107501479274,-0.4262300150429028,0.2662325767951835,0.0,-0.9320143892374164,-0.5502079870438897,-2.171981830933257,0.3380961637724818,-0.8177339465973219,-0.6154915796172451,-0.0582848907973714,-0.5952272282818631,0,1,0,0.4595736645741194,Normal
598,0.5558522548689022,2,0.3210791545941711,1,-1.010909342912418,-0.8916882501868245,1,0.0,-0.3287784731391515,1.1697805251007627,0,-1.1263940629467242,-1.0261667362455194,-0.0577875452794142,4,1.153253590238697,1,-0.0936884865410682,-1.4422456127592982,2.5255909693862573,0,1,-0.6039107501479274,-0.4262300150429028,1.1914379855160335,0.0,0.241988311858558,-0.4216424583593375,0.9316033855643254,0.3380961637724818,-0.4911735278257753,-0.339393739508197,-0.6791456840737199,-0.5952272282818631,0,1,0,0.4786737828424931,Normal
599,-0.9771736638126856,2,0.2169568609137318,1,-0.8875151110697495,1.0617867539482455,3,0.0,-0.3271168454410866,0.2546249253678617,1,-0.9787745141326066,0.3796721288811475,-0.9614863916702532,6,0.2462002046576992,2,-0.4506526214531391,0.2896403360488696,1.324225833479301,0,0,0.4893759527060795,-0.4262300150429028,1.1914379855160335,0.0,-0.9320143892374164,-0.8073390444129942,0.1557070814399298,-1.0778621289498782,-0.8177339465973219,-0.6154915796172451,-0.0582848907973714,-0.8755809692540959,1,1,0,0.4686530016806661,Normal
600,-0.1011588531374925,2,0.5913012977172161,0,0.4698214391996017,0.0850492518807105,0,0.0,-0.3254552177430217,0.2546249253678617,1,-1.4708396768463317,0.3796721288811475,-0.9614863916702532,1,-0.6608531809232983,1,-0.9263923226841668,1.576011519156973,0.523315742874663,0,0,-0.6039107501479274,-0.4262300150429028,-0.6589728319256667,0.0,0.241988311858558,-0.4216424583593375,-0.6201892226844657,0.3380961637724818,-0.3278933184400019,-0.6154915796172451,-0.6791456840737199,-0.0345197463373974,0,1,0,0.46985147368466446,Normal
601,-0.5391662584750891,2,0.1401046917686456,1,-0.6407266473844129,0.0850492518807105,1,0.0,-0.3237935900449568,0.2546249253678617,0,1.5799643319787635,-1.0261667362455194,-0.0577875452794142,4,0.2462002046576992,1,-0.0724406213677307,0.6761279088170641,-0.6780493930322936,0,0,-0.8772324258614291,-0.4262300150429028,0.2662325767951835,0.0,0.241988311858558,0.3497507137479757,0.1557070814399298,0.3380961637724818,1.141628566031958,2.421584661582284,1.1834366957553253,1.086895217551534,0,1,0,0.4532648095458076,Normal
602,0.3368485522001039,1,-0.2044905182689988,1,0.8400041347276065,1.0617867539482455,3,0.0,-0.320470334648827,-1.5756862740979405,1,-0.7327419327757442,-1.0261667362455194,-0.0577875452794142,2,0.2462002046576992,2,-0.2993678214189758,-0.327474911960273,1.324225833479301,0,0,-0.3305890744344257,-0.4262300150429028,1.1914379855160335,0.0,-0.9320143892374164,-0.1645114009902331,2.4833959938131165,0.3380961637724818,-0.9810141559830952,-1.1676872598353414,-0.6791456840737199,-1.1559347102263289,0,1,0,0.4920559357494698,Normal
603,-0.7581699611438873,2,0.3557865858209842,1,-0.8875151110697495,0.0850492518807105,3,0.0,-0.3188087069507621,0.2546249253678617,0,-0.6835354165043717,-1.0261667362455194,-0.0577875452794142,4,1.153253590238697,2,0.0794816146216327,0.8321283472798626,0.9237707881769818,0,1,2.4026276827005915,2.346151056253851,-0.6589728319256667,0.0,-0.9320143892374164,0.0926196563788712,0.9316033855643254,-1.0778621289498782,-1.1442943653688686,-1.1676872598353414,-0.6791456840737199,-1.1559347102263289,0,-1,1,0.5185873921858096,Anomaly
604,0.8843578088720997,2,-1.3647103621367511,1,-0.8875151110697495,0.0850492518807105,1,0.0,-0.3171470792526972,-0.6605306743650393,0,1.432344783164646,-1.0261667362455194,-0.9614863916702532,6,0.2462002046576992,2,-0.8985576193070947,-1.1468285662288455,-0.6780493930322936,0,0,-0.3305890744344257,-0.4262300150429028,1.1914379855160335,0.0,-0.9320143892374164,-1.3216011591512031,0.1557070814399298,0.3380961637724818,-0.9810141559830952,-1.1676872598353414,-0.6791456840737199,-1.1559347102263289,0,1,0,0.46915231833621585,Normal
605,0.5558522548689022,2,0.3235582568246578,1,2.4441291486822943,0.0850492518807105,1,0.0,-0.3138238238565674,-0.6605306743650393,1,1.5799643319787635,0.3796721288811475,-0.0577875452794142,4,-0.6608531809232983,1,-0.4396037315630036,-0.3523506575529895,-0.6780493930322936,0,0,-0.6039107501479274,-0.4262300150429028,1.1914379855160335,0.0,0.241988311858558,-0.1645114009902331,0.1557070814399298,-1.0778621289498782,0.3252275191030913,1.041095461037043,1.4938670923934996,1.086895217551534,0,1,0,0.4703727294196767,Normal
606,0.1178448495313057,1,-0.821786973660175,1,0.3464272073569334,0.0850492518807105,1,0.0,-0.3121621961585025,-1.5756862740979405,1,-1.0279810304039791,-1.0261667362455194,-0.0577875452794142,0,-1.5679065665042955,0,-0.0456683112493254,-1.4094995747756656,-0.2775943477299747,0,0,-0.0572673987209239,-0.4262300150429028,0.2662325767951835,0.0,0.241988311858558,0.2211851850634235,0.1557070814399298,-1.0778621289498782,-0.4911735278257753,-0.339393739508197,-0.3687152874355457,-0.5952272282818631,0,1,0,0.4644418192523459,Normal
607,-0.3201625558062908,1,-0.2491143584177585,1,0.8400041347276065,1.0617867539482455,1,0.0,-0.3105005684604376,0.2546249253678617,0,1.6783773645215088,-1.0261667362455194,-0.9614863916702532,6,1.153253590238697,2,-0.8392760754734829,-0.8442439319852372,-0.6780493930322936,0,0,0.2160542769925777,-0.4262300150429028,0.2662325767951835,0.0,-0.9320143892374164,-0.678773515728442,0.1557070814399298,0.3380961637724818,-0.3278933184400019,-0.6154915796172451,-0.3687152874355457,-0.3148734873096303,0,1,0,0.45528152555265106,Normal
608,1.3223652142096962,2,0.9458129166768072,2,0.2230329755142651,0.0850492518807105,2,0.0,-0.3071773130643078,0.2546249253678617,0,-1.1263940629467242,0.3796721288811475,0.8459113011114247,7,1.153253590238697,1,0.2445775270184655,-1.188007060345602,-0.6780493930322936,0,0,0.7626976284195812,-0.4262300150429028,-1.584178240646517,0.0,1.4159910129545328,-0.2930769296747854,0.1557070814399298,1.754054456494842,0.3252275191030913,1.041095461037043,1.4938670923934996,0.8065414765793012,1,-1,1,0.5149755172955625,Anomaly
609,1.979376322216091,2,-0.9085555517272076,2,-0.8875151110697495,-1.86842575225436,3,0.0,-0.3038540576681781,0.2546249253678617,1,-1.4216331605749593,0.3796721288811475,-0.0577875452794142,7,1.153253590238697,2,-0.2853442304045729,1.0127234494642736,0.523315742874663,0,0,0.2160542769925777,-0.4262300150429028,0.2662325767951835,0.0,-0.9320143892374164,0.0926196563788712,0.1557070814399298,-1.0778621289498782,0.3252275191030913,0.7649976209279952,1.4938670923934996,-0.3148734873096303,1,-1,1,0.5065471131530221,Anomaly
610,0.6653541062033014,2,-0.5292529104627501,1,0.59321567104227,-0.8916882501868245,1,0.0,-0.3021924299701131,-0.6605306743650393,1,1.3831382668932737,0.3796721288811475,1.7496101475022634,5,-1.5679065665042955,1,2.2641871117442,-1.280764077809969,1.324225833479301,0,0,2.4026276827005915,2.346151056253851,0.2662325767951835,0.0,0.241988311858558,1.3782749432243937,0.1557070814399298,0.3380961637724818,-0.4911735278257753,-0.8915894197262932,-0.3687152874355457,-1.1559347102263289,0,-1,1,0.5234085089691259,Anomaly
611,-1.0866755151470848,2,-1.3225656242184785,1,-0.5173324155417446,-1.86842575225436,5,0.0,-0.3005308022720482,0.2546249253678617,1,-1.1756005792180968,-1.0261667362455194,0.8459113011114247,5,1.153253590238697,0,1.3396924980522829,-0.7689139905293272,-0.6780493930322936,0,1,0.2160542769925777,-0.4262300150429028,-0.6589728319256667,0.0,0.241988311858558,-0.2930769296747854,0.1557070814399298,0.3380961637724818,0.3252275191030913,1.041095461037043,-0.6791456840737199,1.086895217551534,0,1,0,0.4874205785040131,Normal
612,-0.2106607044718917,2,0.3657029947429309,1,-0.270543951856408,0.0850492518807105,4,0.0,-0.2988691745739834,0.2546249253678617,1,-0.3390898026047641,0.3796721288811475,0.8459113011114247,4,0.2462002046576992,2,0.7900102260180405,0.6402899702512861,0.1228606975723441,0,0,1.5826626555600865,2.346151056253851,-0.6589728319256667,0.0,-0.9320143892374164,0.7354472998016324,0.1557070814399298,1.754054456494842,0.161947309717318,0.212801940709899,-0.3687152874355457,0.5261877356070683,0,1,0,0.4720263829100905,Normal
613,-0.9771736638126856,2,-0.1053264290495328,2,-0.8875151110697495,1.0617867539482455,2,0.0,-0.2972075468759184,-0.6605306743650393,0,0.743453555365431,0.3796721288811475,-0.0577875452794142,7,-0.6608531809232983,1,-0.366298596714989,-1.4918565630091791,-0.6780493930322936,0,1,1.3093409798465847,2.346151056253851,-1.584178240646517,0.0,-0.9320143892374164,-0.4216424583593375,-0.6201892226844657,0.3380961637724818,0.161947309717318,0.7649976209279952,1.4938670923934996,0.2458339946348354,0,-1,1,0.5078712671379835,Anomaly
614,-0.3201625558062908,2,0.0657316248540461,0,-0.7641208792270812,-0.8916882501868245,0,0.0,-0.2955459191778535,0.2546249253678617,1,1.0878991692650386,0.3796721288811475,-0.9614863916702532,1,1.153253590238697,1,-0.5877013518211663,-1.696343624237442,-1.0785044383346123,0,0,1.036019304133083,-0.4262300150429028,0.2662325767951835,0.0,0.241988311858558,-0.9359045730975464,-1.3960855268088614,-2.4938204216722384,-0.6544537372115486,-0.6154915796172451,-0.6791456840737199,-0.5952272282818631,0,-1,1,0.5005971064051319,Anomaly
615,-1.196177366481484,1,0.2095195542222718,1,-0.5173324155417446,-0.8916882501868245,3,0.0,-0.2938842914797887,0.2546249253678617,0,1.0878991692650386,-1.0261667362455194,-0.9614863916702532,6,0.2462002046576992,1,-0.8790095833476241,0.9254475284864376,-0.6780493930322936,0,1,-0.3305890744344257,-0.4262300150429028,-1.584178240646517,0.0,0.241988311858558,-0.4216424583593375,-0.6201892226844657,0.3380961637724818,0.161947309717318,0.7649976209279952,-0.3687152874355457,0.8065414765793012,1,1,0,0.4908824778335149,Normal
616,-1.0866755151470848,0,-0.8912018361138011,1,-0.7641208792270812,0.0850492518807105,3,0.0,-0.2905610360836588,1.1697805251007627,1,-0.7819484490471167,0.3796721288811475,-0.9614863916702532,6,1.153253590238697,1,-1.019245493491652,0.3173269003526275,-0.6780493930322936,0,0,-1.1505541015749308,-0.4262300150429028,0.2662325767951835,0.0,2.5899937140505074,-1.4501666878357553,2.4833959938131165,-1.0778621289498782,-1.1442943653688686,-1.1676872598353414,-0.6791456840737199,-1.1559347102263289,0,1,0,0.49229601389879313,Normal
617,1.5413689168784943,2,1.2780126155620184,2,2.073946453154289,1.0617867539482455,2,0.0,-0.2888994083855939,-1.5756862740979405,0,0.0053558112948434,0.3796721288811475,1.7496101475022634,3,0.2462002046576992,1,2.083155300467364,-1.225390949202453,-0.2775943477299747,0,0,-0.3305890744344257,-0.4262300150429028,0.2662325767951835,0.0,0.241988311858558,2.2782336440162587,-0.6201892226844657,-1.0778621289498782,2.1213098223465976,0.4888997808189471,0.5625759024789769,3.6100788863016295,0,-1,1,0.5318741831953384,Anomaly
618,0.7748559575377005,2,-0.4400052301652307,1,-0.6407266473844129,0.0850492518807105,3,0.0,-0.2872377806875291,1.1697805251007627,1,-0.7819484490471167,0.3796721288811475,-0.0577875452794142,0,-0.6608531809232983,2,-0.1210982326146737,-1.281185700616625,2.5255909693862573,0,0,-0.8772324258614291,-0.4262300150429028,1.1914379855160335,0.0,-0.9320143892374164,-0.1645114009902331,-0.6201892226844657,-1.0778621289498782,-0.3278933184400019,-0.6154915796172451,-0.0582848907973714,-0.3148734873096303,0,1,0,0.4677845923360117,Normal
619,-1.3056792178158831,2,-1.5432057227317904,1,-0.8875151110697495,-1.86842575225436,3,0.0,-0.2839145252913992,-1.5756862740979405,1,-0.043850704976529,1.7855109940078144,-0.9614863916702532,6,-1.5679065665042955,2,-0.6542071698137129,1.0286045751816577,1.7246808787816197,0,0,-0.6039107501479274,-0.4262300150429028,0.2662325767951835,0.0,-0.9320143892374164,-0.678773515728442,0.1557070814399298,-1.0778621289498782,-0.4911735278257753,-0.339393739508197,-0.6791456840737199,-0.8755809692540959,0,1,0,0.4890211453797236,Normal
620,-0.42966440714069,2,-0.5366902171542101,2,-1.010909342912418,0.0850492518807105,3,0.0,-0.2822528975933344,-1.5756862740979405,1,-0.8803614815898617,1.7855109940078144,-0.0577875452794142,7,-1.5679065665042955,0,-0.5239577563011537,1.0544641073232386,-0.6780493930322936,0,0,1.855984331273588,2.346151056253851,-1.584178240646517,0.0,0.241988311858558,-0.2930769296747854,1.707499689688721,0.3380961637724818,0.3252275191030913,1.041095461037043,-0.6791456840737199,1.086895217551534,0,-1,1,0.508964577766895,Anomaly
621,-0.2106607044718917,2,1.3399901713241846,1,2.197340684996958,-1.86842575225436,3,0.0,-0.2805912698952694,0.2546249253678617,0,-0.6343289002329991,-1.0261667362455194,-0.9614863916702532,6,-1.5679065665042955,2,-0.8380012035630827,0.4973598387948301,-0.6780493930322936,0,0,-1.1505541015749308,-0.4262300150429028,1.1914379855160335,0.0,-0.9320143892374164,-0.678773515728442,0.1557070814399298,-1.0778621289498782,-0.1646131090542286,0.212801940709899,-0.3687152874355457,-0.8755809692540959,0,1,0,0.47864030043234523,Normal
622,-0.1011588531374925,2,0.3111627456722245,2,-1.010909342912418,-0.8916882501868245,1,0.0,-0.2789296421972045,-0.6605306743650393,1,-0.4867093514188816,0.3796721288811475,-0.0577875452794142,7,1.153253590238697,1,-0.064153953950129,-1.614829881617241,-0.6780493930322936,0,1,-0.3305890744344257,-0.4262300150429028,1.1914379855160335,0.0,0.241988311858558,0.8640128284861845,-1.3960855268088614,-1.0778621289498782,1.794749403575051,2.6976825016913315,0.5625759024789769,1.9279564404682328,0,1,0,0.4975405916877877,Normal
623,-0.5391662584750891,2,-1.6993891632524494,2,0.4698214391996017,1.0617867539482455,1,0.0,-0.2756063868010748,-0.6605306743650393,1,0.349801425194451,0.3796721288811475,-0.0577875452794142,7,1.153253590238697,0,-0.4461905697667382,-0.7115732888240823,-0.2775943477299747,0,0,-1.1505541015749308,-0.4262300150429028,0.2662325767951835,0.0,0.241988311858558,-0.4216424583593375,0.1557070814399298,-1.0778621289498782,-0.3278933184400019,-0.6154915796172451,-0.6791456840737199,-0.3148734873096303,0,1,0,0.43961509434683016,Normal
624,-0.7581699611438873,1,0.5194073330331033,1,-0.5173324155417446,1.0617867539482455,1,0.0,-0.272283131404945,-0.6605306743650393,1,0.448214457737196,-1.0261667362455194,-0.9614863916702532,6,1.153253590238697,0,-0.5826018641795653,-1.678073302615673,2.5255909693862573,0,0,-0.8772324258614291,-0.4262300150429028,-0.6589728319256667,0.0,0.241988311858558,-0.1645114009902331,0.1557070814399298,-1.0778621289498782,-0.3278933184400019,-0.063295899399149,-0.6791456840737199,-0.3148734873096303,0,1,0,0.47539561990301005,Normal
625,1.7603726195472926,2,-0.3507575498677112,2,-0.270543951856408,-0.8916882501868245,2,0.0,-0.2706215037068801,-1.5756862740979405,0,0.5958340065513135,-1.0261667362455194,0.8459113011114247,7,1.153253590238697,1,0.9415075047039372,0.8997285372804087,1.7246808787816197,0,1,0.7626976284195812,-0.4262300150429028,1.1914379855160335,0.0,0.241988311858558,3.049626816123572,0.1557070814399298,0.3380961637724818,-0.3278933184400019,-0.6154915796172451,-0.6791456840737199,-0.0345197463373974,0,-1,1,0.5264531816215552,Anomaly
626,0.8843578088720997,2,0.3161209501331978,2,-0.0237554881710714,0.0850492518807105,2,0.0,-0.2672982483107503,1.1697805251007627,1,0.3990079414658235,0.3796721288811475,0.8459113011114247,7,-1.5679065665042955,0,0.9047486979540632,0.6922901164055523,0.523315742874663,0,1,-0.8772324258614291,-0.4262300150429028,0.2662325767951835,0.0,0.241988311858558,0.8640128284861845,-0.6201892226844657,0.3380961637724818,-0.3278933184400019,-0.063295899399149,-0.6791456840737199,-0.5952272282818631,0,1,0,0.46281247492634653,Normal
627,-0.5391662584750891,2,-0.4077769011689042,1,-0.1471497200137397,-0.8916882501868245,3,0.0,-0.2656366206126854,0.2546249253678617,0,1.235518718079156,1.7855109940078144,-0.0577875452794142,6,0.2462002046576992,1,-0.2821570506285723,1.103091271024255,0.9237707881769818,0,0,-0.8772324258614291,-0.4262300150429028,0.2662325767951835,0.0,0.241988311858558,-0.2930769296747854,0.1557070814399298,-1.0778621289498782,-0.3278933184400019,-0.339393739508197,-0.3687152874355457,-0.3148734873096303,0,1,0,0.4357289208464802,Normal
628,1.6508707682128936,1,0.2169568609137318,1,1.950552221311621,1.0617867539482455,3,0.0,-0.2623133652165555,0.2546249253678617,0,0.743453555365431,-1.0261667362455194,1.7496101475022634,4,1.153253590238697,1,1.5559957655168593,0.6626359790040653,0.1228606975723441,0,0,1.855984331273588,2.346151056253851,0.2662325767951835,0.0,-0.9320143892374164,2.535364701385363,0.1557070814399298,0.3380961637724818,0.3252275191030913,1.041095461037043,-0.6791456840737199,-1.1559347102263289,0,-1,1,0.5281720359795521,Anomaly
629,0.0083429981969065,2,-1.1415911613929528,2,0.8400041347276065,1.0617867539482455,2,0.0,-0.2606517375184907,1.1697805251007627,1,0.0053558112948434,-1.0261667362455194,-0.0577875452794142,7,0.2462002046576992,0,-0.0358942932695901,1.4398273526070164,0.523315742874663,0,0,1.036019304133083,-0.4262300150429028,1.1914379855160335,0.0,1.4159910129545328,-0.2930769296747854,-0.6201892226844657,0.3380961637724818,-0.9810141559830952,-1.1676872598353414,-0.6791456840737199,-1.1559347102263289,0,1,0,0.4650644430332134,Normal
630,-0.9771736638126856,2,0.9086263832195074,0,-0.1471497200137397,-0.8916882501868245,3,0.0,-0.2589901098204258,-0.6605306743650393,1,-0.142263737519274,-1.0261667362455194,-0.9614863916702532,1,1.153253590238697,0,-0.3329394483928491,1.3564865778246389,-0.6780493930322936,0,0,-0.6039107501479274,-0.4262300150429028,1.1914379855160335,0.0,0.241988311858558,-0.678773515728442,2.4833959938131165,0.3380961637724818,-0.3278933184400019,-0.8915894197262932,-0.6791456840737199,-0.0345197463373974,0,1,0,0.48402733525606917,Normal
631,-1.6341847718190805,2,1.0598516192791931,1,-1.010909342912418,-0.8916882501868245,1,0.0,-0.2540052267262311,1.1697805251007627,1,-1.6184592256604493,-1.0261667362455194,-0.0577875452794142,4,1.153253590238697,1,-0.3671485113219225,0.6792198093992097,1.324225833479301,0,0,1.855984331273588,2.346151056253851,-1.584178240646517,0.0,1.4159910129545328,-0.9359045730975464,-0.6201892226844657,-2.4938204216722384,-0.8177339465973219,-0.6154915796172451,-0.0582848907973714,-0.5952272282818631,0,-1,1,0.5228286405704888,Anomaly
632,0.7748559575377005,2,0.4549506750404503,1,-0.1471497200137397,1.0617867539482455,1,0.0,-0.2506819713301013,-1.5756862740979405,1,-0.1914702537906465,1.7855109940078144,-0.9614863916702532,2,1.153253590238697,1,-0.7829692327641384,-1.3026884637560918,-0.2775943477299747,0,1,2.4026276827005915,2.346151056253851,0.2662325767951835,0.0,0.241988311858558,-0.1645114009902331,-0.6201892226844657,-1.0778621289498782,-0.6544537372115486,-0.6154915796172451,-0.6791456840737199,-0.5952272282818631,0,-1,1,0.511372080325403,Anomaly
633,0.5558522548689022,1,1.1614948107291458,1,-0.8875151110697495,-1.86842575225436,3,0.0,-0.2490203436320364,-0.6605306743650393,1,-1.5200461931177045,0.3796721288811475,-0.9614863916702532,6,1.153253590238697,2,-0.8473502642393512,-0.7371517390945592,0.9237707881769818,0,1,-0.3305890744344257,-0.4262300150429028,1.1914379855160335,0.0,-0.9320143892374164,-0.4216424583593375,-0.6201892226844657,0.3380961637724818,-0.8177339465973219,-0.8915894197262932,-0.0582848907973714,-0.5952272282818631,0,1,0,0.48489509518877993,Normal
634,-0.1011588531374925,2,1.1788485263425523,0,-0.1471497200137397,0.0850492518807105,1,0.0,-0.2440354605378417,-1.5756862740979405,1,0.5466274902799411,-1.0261667362455194,-0.9614863916702532,1,-1.5679065665042955,1,-0.8841090709892252,-0.7980059641886059,-1.0785044383346123,0,0,1.5826626555600865,2.346151056253851,0.2662325767951835,0.0,-0.9320143892374164,-0.678773515728442,0.1557070814399298,0.3380961637724818,-0.3278933184400019,-0.063295899399149,-0.6791456840737199,-0.3148734873096303,0,-1,1,0.5110371363863265,Anomaly
635,-1.3056792178158831,2,-1.6398907097207698,2,-0.7641208792270812,-1.86842575225436,4,0.0,-0.2423738328397768,0.2546249253678617,1,1.5799643319787635,0.3796721288811475,-0.0577875452794142,7,-1.5679065665042955,1,-0.4905986079790137,0.0070125146536553,-0.6780493930322936,0,1,0.7626976284195812,-0.4262300150429028,1.1914379855160335,0.0,-0.9320143892374164,-0.8073390444129942,0.1557070814399298,0.3380961637724818,-0.3278933184400019,-0.339393739508197,-0.6791456840737199,-0.3148734873096303,0,1,0,0.4857389449284494,Normal
636,-0.2106607044718917,2,-0.4846290703139904,1,-0.0237554881710714,0.0850492518807105,1,0.0,-0.2407122051417119,1.1697805251007627,0,0.0053558112948434,-1.0261667362455194,0.8459113011114247,4,0.2462002046576992,1,0.8886003204223267,1.2850917825641863,-0.6780493930322936,0,1,1.3093409798465847,2.346151056253851,-0.6589728319256667,0.0,0.241988311858558,0.7354472998016324,-0.6201892226844657,0.3380961637724818,1.6314691941892778,2.6976825016913315,0.8730062991171511,3.049371404357164,0,-1,1,0.5326722734184737,Anomaly
637,-0.2106607044718917,1,-1.6671608342561228,1,1.950552221311621,1.0617867539482455,1,0.0,-0.239050577443647,1.1697805251007627,0,1.4815512994360187,0.3796721288811475,-0.9614863916702532,6,-0.6608531809232983,0,-0.9521022395439054,0.3230890787102624,-0.6780493930322936,0,1,1.036019304133083,-0.4262300150429028,-1.584178240646517,0.0,0.241988311858558,-0.1645114009902331,0.1557070814399298,-1.0778621289498782,0.4885077284888646,-0.6154915796172451,1.4938670923934996,1.086895217551534,1,-1,1,0.5548343883798,Anomaly
638,-0.5391662584750891,0,-1.2457134550733922,1,-1.010909342912418,0.0850492518807105,1,0.0,-0.2373889497455821,1.1697805251007627,1,-0.2406767700620191,0.3796721288811475,-0.9614863916702532,2,1.153253590238697,0,-0.8900584732377597,-0.7259084642503936,-1.0785044383346123,0,0,-0.8772324258614291,-0.4262300150429028,-0.6589728319256667,0.0,0.241988311858558,-0.9359045730975464,-0.6201892226844657,0.3380961637724818,-0.6544537372115486,-1.1676872598353414,-0.6791456840737199,-0.5952272282818631,0,1,0,0.4630329355098947,Normal
639,-1.3056792178158831,2,-0.54412752384567,2,-0.6407266473844129,-1.86842575225436,2,0.0,-0.2324040666513874,0.2546249253678617,1,1.038692652993666,-1.0261667362455194,-0.0577875452794142,7,-1.5679065665042955,1,-0.4774249315715444,0.5398032013315555,-0.6780493930322936,0,0,-0.8772324258614291,-0.4262300150429028,-1.584178240646517,0.0,-0.9320143892374164,-0.8073390444129942,-1.3960855268088614,1.754054456494842,-0.3278933184400019,-0.6154915796172451,-0.6791456840737199,-0.3148734873096303,0,1,0,0.47772081030775865,Normal
640,1.3223652142096962,2,1.5259228386106836,1,-1.010909342912418,0.0850492518807105,5,0.0,-0.2290808112552576,0.2546249253678617,0,-1.4708396768463317,0.3796721288811475,-0.9614863916702532,6,-1.5679065665042955,1,-0.6210605001433063,-0.5283079088641821,-0.2775943477299747,0,0,0.2160542769925777,-0.4262300150429028,-0.6589728319256667,0.0,0.241988311858558,-0.5502079870438897,-0.6201892226844657,0.3380961637724818,-0.4911735278257753,-0.6154915796172451,-0.6791456840737199,-0.5952272282818631,0,1,0,0.4569602436253139,Normal
641,-1.4151810691502822,0,1.1565366062681726,1,-0.6407266473844129,-1.86842575225436,1,0.0,-0.2274191835571927,-1.5756862740979405,1,-0.9787745141326066,-1.0261667362455194,-0.9614863916702532,2,1.153253590238697,1,-0.7098765765678573,-0.4968267393005183,-1.0785044383346123,0,0,0.4893759527060795,-0.4262300150429028,1.1914379855160335,0.0,-0.9320143892374164,-0.678773515728442,-0.6201892226844657,-1.0778621289498782,-0.3278933184400019,-0.6154915796172451,0.2521455058408027,-0.0345197463373974,0,1,0,0.49862860741755133,Normal
642,-0.5391662584750891,1,-1.0498643788649469,2,-0.5173324155417446,-0.8916882501868245,1,0.0,-0.2257575558591278,-0.6605306743650393,1,-0.8803614815898617,0.3796721288811475,-0.0577875452794142,7,-0.6608531809232983,1,0.0044766505597512,-0.7620274846872758,-0.6780493930322936,0,0,-0.3305890744344257,-0.4262300150429028,1.1914379855160335,0.0,0.241988311858558,-0.1645114009902331,0.1557070814399298,0.3380961637724818,0.4885077284888646,1.041095461037043,0.8730062991171511,-0.3148734873096303,0,1,0,0.44778000362446935,Normal
643,0.1178448495313057,2,-1.0101987431771604,2,-0.0237554881710714,0.0850492518807105,2,0.0,-0.2191110450668682,-0.6605306743650393,1,1.5799643319787635,-1.0261667362455194,-0.9614863916702532,8,-0.6608531809232983,1,-0.765758461973735,-0.3107505406295766,-1.0785044383346123,0,0,1.036019304133083,-0.4262300150429028,1.1914379855160335,0.0,0.241988311858558,-1.0644701017820986,0.1557070814399298,0.3380961637724818,-0.8177339465973219,-0.6154915796172451,-0.3687152874355457,-0.5952272282818631,0,1,0,0.4614694104050237,Normal
644,0.5558522548689022,2,1.1466201973462258,1,-0.7641208792270812,0.0850492518807105,1,0.0,-0.2174494173688033,0.2546249253678617,0,1.432344783164646,1.7855109940078144,-0.0577875452794142,2,1.153253590238697,1,-0.2702582461315033,1.3228972942276938,-0.2775943477299747,0,1,-0.6039107501479274,-0.4262300150429028,-0.6589728319256667,0.0,0.241988311858558,0.7354472998016324,-1.3960855268088614,-1.0778621289498782,-0.3278933184400019,-0.339393739508197,-0.3687152874355457,-0.3148734873096303,0,1,0,0.46641423835050333,Normal
645,-0.6486681098094882,2,1.0400188014353,1,0.2230329755142651,1.0617867539482455,1,0.0,-0.2157877896707384,1.1697805251007627,1,-0.8803614815898617,0.3796721288811475,-0.9614863916702532,6,1.153253590238697,1,-0.8811343698649579,0.0784073099141072,0.1228606975723441,0,1,1.036019304133083,-0.4262300150429028,-0.6589728319256667,0.0,0.241988311858558,-0.4216424583593375,-0.6201892226844657,0.3380961637724818,-0.1646131090542286,-0.063295899399149,-0.6791456840737199,-0.5952272282818631,0,1,0,0.44146158994399604,Normal
646,-0.8676718124782865,2,-1.1440702636234394,2,-1.010909342912418,0.0850492518807105,3,0.0,-0.2141261619726735,-0.6605306743650393,0,-0.8803614815898617,-1.0261667362455194,-0.9614863916702532,8,0.2462002046576992,0,-0.7867938484953392,1.2942269433750713,1.324225833479301,0,1,1.036019304133083,-0.4262300150429028,0.2662325767951835,0.0,2.5899937140505074,-0.8073390444129942,0.1557070814399298,0.3380961637724818,-0.6544537372115486,-0.6154915796172451,-0.6791456840737199,-0.5952272282818631,1,-1,1,0.5204419602897427,Anomaly
647,1.7603726195472926,2,0.1624166118430255,2,-0.1471497200137397,0.0850492518807105,2,0.0,-0.2124645342746086,-1.5756862740979405,1,0.349801425194451,0.3796721288811475,1.7496101475022634,7,1.153253590238697,1,1.133163248567442,1.1912104376154034,0.9237707881769818,0,0,-0.3305890744344257,-0.4262300150429028,0.2662325767951835,0.0,0.241988311858558,2.1496681153317065,0.1557070814399298,0.3380961637724818,-0.8177339465973219,-1.1676872598353414,-0.0582848907973714,-0.5952272282818631,0,1,0,0.46762797528971595,Normal
648,-0.2106607044718917,2,-0.3234874253323581,1,1.950552221311621,0.0850492518807105,5,0.0,-0.2091412788784788,1.1697805251007627,1,0.5958340065513135,-1.0261667362455194,0.8459113011114247,4,-0.6608531809232983,1,0.9349206665002026,-0.7285787420258829,0.1228606975723441,0,0,0.2160542769925777,-0.4262300150429028,-1.584178240646517,0.0,-0.9320143892374164,0.6068817711170802,-0.6201892226844657,0.3380961637724818,0.9783483566461848,1.5932911412551394,0.5625759024789769,1.086895217551534,0,1,0,0.48141013095496676,Normal
649,0.0083429981969065,1,1.0623307215096798,2,1.456975293940948,-0.8916882501868245,3,0.0,-0.2074796511804139,0.2546249253678617,0,-0.5851223839616266,0.3796721288811475,-0.9614863916702532,8,1.153253590238697,1,-0.7500350417454652,0.9709827916053084,0.9237707881769818,0,0,-0.0572673987209239,-0.4262300150429028,-0.6589728319256667,0.0,0.241988311858558,-0.1645114009902331,0.1557070814399298,0.3380961637724818,-0.3278933184400019,-0.063295899399149,-0.6791456840737199,-1.1559347102263289,0,1,0,0.4649939912314383,Normal
650,1.7603726195472926,2,-1.736575696709749,1,1.7037637576262843,1.0617867539482455,1,0.0,-0.205818023482349,1.1697805251007627,0,0.3005949089230785,0.3796721288811475,1.7496101475022634,5,1.153253590238697,2,1.6513986801451448,0.8281932010844046,1.324225833479301,0,0,0.7626976284195812,-0.4262300150429028,0.2662325767951835,0.0,-0.9320143892374164,2.7924957587544674,-2.171981830933257,0.3380961637724818,0.8150681472604113,1.3171933011460917,0.2521455058408027,1.086895217551534,0,-1,1,0.5313744391790033,Anomaly
651,0.6653541062033014,1,-0.9432629829540208,1,-1.010909342912418,0.0850492518807105,1,0.0,-0.2041563957842841,1.1697805251007627,0,-1.6184592256604493,0.3796721288811475,-0.0577875452794142,0,1.153253590238697,1,-0.199927812407756,1.049685715514468,0.523315742874663,0,0,-0.6039107501479274,-0.4262300150429028,-0.6589728319256667,0.0,0.241988311858558,0.0926196563788712,-0.6201892226844657,-1.0778621289498782,-0.3278933184400019,-0.6154915796172451,-0.0582848907973714,-0.5952272282818631,0,1,0,0.45859255079417705,Normal
652,1.103361511540898,2,-1.3721476688282117,2,-0.8875151110697495,-0.8916882501868245,2,0.0,-0.2024947680862192,0.2546249253678617,0,-1.5200461931177045,0.3796721288811475,-0.0577875452794142,7,1.153253590238697,1,-0.4177184304344659,0.4876625142417372,-1.0785044383346123,0,1,1.855984331273588,2.346151056253851,-1.584178240646517,0.0,0.241988311858558,-0.4216424583593375,-0.6201892226844657,0.3380961637724818,-0.0013328996684553,0.4888997808189471,1.4938670923934996,0.8065414765793012,0,-1,1,0.5153458070990946,Anomaly
653,0.0083429981969065,0,1.1143918683498997,2,1.2101868302556114,-0.8916882501868245,3,0.0,-0.2008331403881543,-1.5756862740979405,1,-1.6676657419318217,0.3796721288811475,0.8459113011114247,7,-0.6608531809232983,2,0.242027783197665,-1.3350128789330682,-0.6780493930322936,0,1,-0.6039107501479274,-0.4262300150429028,1.1914379855160335,0.0,-0.9320143892374164,-0.1645114009902331,-0.6201892226844657,0.3380961637724818,0.4885077284888646,-1.1676872598353414,-0.6791456840737199,1.3672489585237668,0,-1,1,0.5223798229915465,Anomaly
654,1.4318670655440953,0,0.1946449408393519,1,-0.8875151110697495,1.0617867539482455,1,0.0,-0.1991715126900894,-1.5756862740979405,1,1.5799643319787635,0.3796721288811475,1.7496101475022634,3,-1.5679065665042955,0,2.426733280320232,-1.3729589315321271,-0.6780493930322936,0,0,-1.1505541015749308,-0.4262300150429028,1.1914379855160335,0.0,0.241988311858558,2.535364701385363,0.1557070814399298,0.3380961637724818,3.917392125590105,0.4888997808189471,3.666879868860719,0.8065414765793012,0,-1,1,0.5690801237735844,Anomaly
655,0.2273467008657048,2,1.4391542605436507,0,-0.8875151110697495,0.0850492518807105,1,0.0,-0.1925250018978298,1.1697805251007627,0,-1.1756005792180968,-1.0261667362455194,-0.0577875452794142,1,1.153253590238697,1,-0.2759951697283044,-0.9167630547301056,2.1251359240839385,0,0,-1.1505541015749308,-0.4262300150429028,0.2662325767951835,0.0,1.4159910129545328,0.2211851850634235,-0.6201892226844657,0.3380961637724818,-0.3278933184400019,-0.063295899399149,-0.6791456840737199,-0.0345197463373974,0,1,0,0.49227141731721774,Normal
656,-0.42966440714069,2,0.6755907735537622,0,-0.7641208792270812,-0.8916882501868245,0,0.0,-0.1908633741997649,1.1697805251007627,1,-0.4375028351475091,0.3796721288811475,-0.9614863916702532,1,-0.6608531809232983,0,-0.8979201833518946,1.1716752475736656,0.1228606975723441,0,1,-1.1505541015749308,-0.4262300150429028,0.2662325767951835,0.0,0.241988311858558,-0.5502079870438897,0.9316033855643254,1.754054456494842,-0.4911735278257753,-0.339393739508197,-0.6791456840737199,-0.3148734873096303,0,1,0,0.4918284150578608,Normal
657,-0.5391662584750891,2,-1.06225989001738,1,1.950552221311621,1.0617867539482455,1,0.0,-0.1892017465017,-1.5756862740979405,1,1.038692652993666,0.3796721288811475,-0.9614863916702532,2,1.153253590238697,2,-0.787856241754006,0.5204085522253697,-0.6780493930322936,0,1,2.4026276827005915,2.346151056253851,0.2662325767951835,0.0,-0.9320143892374164,-1.3216011591512031,-0.6201892226844657,-2.4938204216722384,-0.9810141559830952,-1.1676872598353414,-0.6791456840737199,-0.8755809692540959,1,-1,1,0.5514989238710599,Anomaly
658,-0.8676718124782865,2,0.7028608980891153,1,-0.270543951856408,-1.86842575225436,3,0.0,-0.1875401188036351,-1.5756862740979405,0,-0.1914702537906465,-1.0261667362455194,-0.9614863916702532,2,1.153253590238697,0,-0.8437381271598838,-1.1607421188485003,1.324225833479301,0,0,-0.3305890744344257,-0.4262300150429028,0.2662325767951835,0.0,2.5899937140505074,-0.4216424583593375,1.707499689688721,0.3380961637724818,-0.4911735278257753,-0.339393739508197,-0.6791456840737199,-0.3148734873096303,0,1,0,0.48708455198406436,Normal
659,0.7748559575377005,2,-0.3507575498677112,1,-0.0237554881710714,-0.8916882501868245,1,0.0,-0.1858784911055702,-0.6605306743650393,1,-0.2406767700620191,0.3796721288811475,-0.9614863916702532,6,-1.5679065665042955,1,-0.8380012035630827,-0.9563955985557896,-0.6780493930322936,0,1,-0.6039107501479274,-0.4262300150429028,1.1914379855160335,0.0,-0.9320143892374164,-0.4216424583593375,-2.171981830933257,0.3380961637724818,0.161947309717318,0.7649976209279952,1.4938670923934996,-0.8755809692540959,0,1,0,0.48150340087778565,Normal
660,-0.9771736638126856,2,0.0458988070101529,2,-0.5173324155417446,1.0617867539482455,3,0.0,-0.1808936080113755,-1.5756862740979405,1,1.5799643319787635,0.3796721288811475,-0.0577875452794142,7,1.153253590238697,2,-0.3388888506413836,1.396821826328083,-0.6780493930322936,0,0,-0.3305890744344257,-0.4262300150429028,-0.6589728319256667,0.0,-0.9320143892374164,-0.9359045730975464,0.1557070814399298,0.3380961637724818,-0.4911735278257753,-0.6154915796172451,-0.6791456840737199,-0.5952272282818631,0,1,0,0.4594165098684682,Normal
661,2.3078818762192883,1,-0.0532652822093131,1,-0.8875151110697495,-1.86842575225436,1,0.0,-0.1775703526152457,1.1697805251007627,1,-0.4375028351475091,-1.0261667362455194,-0.9614863916702532,2,1.153253590238697,0,-0.8760348822233569,-0.1305770612518219,2.5255909693862573,0,1,-0.3305890744344257,-0.4262300150429028,1.1914379855160335,0.0,0.241988311858558,-1.0644701017820986,0.1557070814399298,-1.0778621289498782,-0.9810141559830952,-1.1676872598353414,-0.6791456840737199,-1.1559347102263289,1,-1,1,0.5431686544970559,Anomaly
662,0.6653541062033014,2,-1.5506430294232505,1,-0.1471497200137397,0.0850492518807105,1,0.0,-0.1742470972191159,-1.5756862740979405,0,-0.5359158676902541,0.3796721288811475,-0.0577875452794142,4,-0.6608531809232983,0,-0.3692732978392563,1.335264896556276,0.523315742874663,0,0,1.5826626555600865,2.346151056253851,0.2662325767951835,0.0,0.241988311858558,-0.9359045730975464,-0.6201892226844657,1.754054456494842,-0.9810141559830952,-1.1676872598353414,-0.6791456840737199,-1.1559347102263289,0,1,0,0.4905767069269328,Normal
663,-1.8531884744878788,2,-0.749893008976062,2,-0.8875151110697495,0.0850492518807105,3,0.0,-0.1709238418229861,0.2546249253678617,0,-0.8311549653184892,-1.0261667362455194,-0.9614863916702532,8,0.2462002046576992,2,-0.947427709205771,1.0876317681135272,-0.6780493930322936,0,0,-0.6039107501479274,-0.4262300150429028,1.1914379855160335,0.0,-0.9320143892374164,-1.193035630466651,0.1557070814399298,-1.0778621289498782,-0.8177339465973219,-0.6154915796172451,-0.6791456840737199,-0.5952272282818631,1,1,0,0.4918670597207801,Normal
664,-1.7436866231534796,2,1.548234758685063,1,1.0867925984129432,-1.86842575225436,4,0.0,-0.1692622141249212,1.1697805251007627,0,-0.043850704976529,0.3796721288811475,-0.9614863916702532,6,1.153253590238697,2,-0.8095290642308104,-0.7649788443338692,-0.6780493930322936,0,0,1.036019304133083,-0.4262300150429028,-1.584178240646517,0.0,-0.9320143892374164,-1.3216011591512031,0.1557070814399298,-1.0778621289498782,-0.9810141559830952,-1.1676872598353414,-0.6791456840737199,-1.1559347102263289,1,-1,1,0.5106721754170482,Anomaly
665,-0.1011588531374925,2,1.54327655422409,1,0.59321567104227,-1.86842575225436,1,0.0,-0.1676005864268563,0.2546249253678617,1,0.1037688438375884,0.3796721288811475,-0.0577875452794142,0,1.153253590238697,1,0.0176503269672205,-1.3340290923842038,-1.0785044383346123,0,1,0.4893759527060795,-0.4262300150429028,-1.584178240646517,0.0,0.241988311858558,0.7354472998016324,-0.6201892226844657,-1.0778621289498782,1.4681889848035046,1.041095461037043,0.5625759024789769,1.9279564404682328,0,1,0,0.4999138211522015,Normal
666,1.103361511540898,2,1.6151705189082028,2,-0.8875151110697495,1.0617867539482455,1,0.0,-0.1659389587287914,1.1697805251007627,0,-0.043850704976529,-1.0261667362455194,-0.9614863916702532,8,1.153253590238697,2,-0.6818293945390517,-0.1652906723331834,-0.6780493930322936,0,1,0.7626976284195812,-0.4262300150429028,-1.584178240646517,0.0,-0.9320143892374164,-1.0644701017820986,0.1557070814399298,-1.0778621289498782,-0.6544537372115486,-0.6154915796172451,-0.3687152874355457,-0.5952272282818631,0,1,0,0.49106273937607886,Normal
667,-1.6341847718190805,2,-0.4598380480091238,1,-0.7641208792270812,-1.86842575225436,1,0.0,-0.1642773310307265,-0.6605306743650393,0,-1.569252709389077,0.3796721288811475,-0.0577875452794142,4,0.2462002046576992,1,-0.4954856169688813,-0.6030756865778838,-1.0785044383346123,0,1,1.036019304133083,-0.4262300150429028,-1.584178240646517,0.0,0.241988311858558,-0.9359045730975464,0.1557070814399298,1.754054456494842,-0.6544537372115486,-0.6154915796172451,-0.6791456840737199,-0.5952272282818631,1,-1,1,0.512424220767146,Anomaly
668,0.4463504035345031,2,0.7003817958586287,1,-0.8875151110697495,1.0617867539482455,1,0.0,-0.1626157033326616,-0.6605306743650393,0,-0.4375028351475091,-2.432005601372186,-0.9614863916702532,2,1.153253590238697,0,-0.7914683788334734,0.4795111399797171,0.523315742874663,0,1,-0.6039107501479274,-0.4262300150429028,0.2662325767951835,0.0,0.241988311858558,-0.1645114009902331,-1.3960855268088614,-1.0778621289498782,-0.0013328996684553,0.7649976209279952,-0.3687152874355457,-1.1559347102263289,1,-1,1,0.5100501202274543,Anomaly
669,-0.9771736638126856,2,0.4772625951148301,1,-0.0237554881710714,0.0850492518807105,3,0.0,-0.1576308202384669,0.2546249253678617,0,0.5466274902799411,0.3796721288811475,-0.9614863916702532,6,0.2462002046576992,0,-0.8766723181785571,-0.6294973824616731,0.9237707881769818,0,0,0.7626976284195812,-0.4262300150429028,-0.6589728319256667,0.0,0.241988311858558,-0.678773515728442,-0.6201892226844657,0.3380961637724818,-0.8177339465973219,-0.6154915796172451,-0.0582848907973714,-0.5952272282818631,0,1,0,0.4307834992886844,Normal
670,0.2273467008657048,2,0.7921085783866348,1,-0.3939381836990763,0.0850492518807105,3,0.0,-0.1543075648423371,1.1697805251007627,1,0.2021818763803334,0.3796721288811475,-0.9614863916702532,2,-1.5679065665042955,1,-0.8709353945817558,-1.4068292970001763,1.7246808787816197,0,1,1.5826626555600865,2.346151056253851,1.1914379855160335,0.0,-0.9320143892374164,-0.4216424583593375,-0.6201892226844657,-2.4938204216722384,-0.8177339465973219,-0.6154915796172451,-0.0582848907973714,-0.5952272282818631,1,-1,1,0.5369857681540366,Anomaly
671,-1.0866755151470848,2,-0.4573589457786372,1,-0.6407266473844129,0.0850492518807105,1,0.0,-0.1526459371442722,-0.6605306743650393,0,0.4974209740085685,0.3796721288811475,-0.9614863916702532,6,0.2462002046576992,2,-0.8892085586308262,0.491176037630539,-0.6780493930322936,0,0,1.036019304133083,-0.4262300150429028,0.2662325767951835,0.0,-0.9320143892374164,-1.3216011591512031,-0.6201892226844657,0.3380961637724818,-0.9810141559830952,-0.8915894197262932,-0.6791456840737199,-1.1559347102263289,0,1,0,0.43421010940877197,Normal
672,-0.3201625558062908,2,-0.6358543063736761,1,0.0996387436715968,0.0850492518807105,1,0.0,-0.1509843094462073,-0.6605306743650393,1,0.841866587908176,0.3796721288811475,-0.9614863916702532,2,-0.6608531809232983,0,-0.9550769406681726,-1.042406651113657,-0.6780493930322936,0,0,-0.3305890744344257,-0.4262300150429028,-0.6589728319256667,0.0,1.4159910129545328,-1.3216011591512031,0.1557070814399298,0.3380961637724818,-0.9810141559830952,-1.1676872598353414,-0.3687152874355457,-1.1559347102263289,0,1,0,0.4392988623185397,Normal
673,0.5558522548689022,2,-0.8440988937345547,2,0.59321567104227,-0.8916882501868245,3,0.0,-0.1476610540500775,0.2546249253678617,0,0.1037688438375884,-1.0261667362455194,-0.0577875452794142,7,0.2462002046576992,2,-0.0550173719255939,-0.9119846629213352,1.7246808787816197,0,0,0.4893759527060795,-0.4262300150429028,-1.584178240646517,0.0,-0.9320143892374164,-0.1645114009902331,2.4833959938131165,0.3380961637724818,-0.3278933184400019,-0.063295899399149,-0.6791456840737199,-0.3148734873096303,0,1,0,0.48057136531264305,Normal
674,-0.42966440714069,2,0.9805203479036204,1,-1.010909342912418,1.0617867539482455,4,0.0,-0.1426761709558829,0.2546249253678617,1,1.6783773645215088,-1.0261667362455194,-0.9614863916702532,6,-1.5679065665042955,2,-0.7870063271470725,-1.5423107588723726,0.1228606975723441,0,1,-1.1505541015749308,-0.4262300150429028,-0.6589728319256667,0.0,-0.9320143892374164,-0.678773515728442,-1.3960855268088614,0.3380961637724818,-0.6544537372115486,-0.6154915796172451,-0.6791456840737199,-0.5952272282818631,0,1,0,0.48129379160985253,Normal
675,2.3078818762192883,2,1.1639739129596325,1,-0.5173324155417446,0.0850492518807105,5,0.0,-0.1410145432578179,0.2546249253678617,0,-1.4216331605749593,-1.0261667362455194,0.8459113011114247,0,-0.6608531809232983,0,0.8603406597417877,-0.710870584146322,-0.2775943477299747,0,1,-0.6039107501479274,-0.4262300150429028,1.1914379855160335,0.0,0.241988311858558,1.6354060005934978,0.1557070814399298,0.3380961637724818,-0.1646131090542286,-1.1676872598353414,-0.6791456840737199,-0.0345197463373974,0,-1,1,0.5055135721449198,Anomaly
676,-0.6486681098094882,2,-1.6076623807244432,2,-0.270543951856408,1.0617867539482455,1,0.0,-0.139352915559753,-0.6605306743650393,1,-1.2248070954894692,-1.0261667362455194,-0.9614863916702532,8,0.2462002046576992,1,-0.8868712934617591,-0.3620479821060824,0.1228606975723441,0,0,-0.0572673987209239,-0.4262300150429028,-0.6589728319256667,0.0,-0.9320143892374164,0.2211851850634235,-0.6201892226844657,1.754054456494842,-0.0013328996684553,0.7649976209279952,0.8730062991171511,-0.5952272282818631,0,1,0,0.4768363172104273,Normal
677,-0.2106607044718917,2,0.8292951118439346,1,1.456975293940948,-1.86842575225436,1,0.0,-0.1376912878616882,1.1697805251007627,0,-0.7327419327757442,0.3796721288811475,-0.0577875452794142,0,1.153253590238697,1,-0.5288447652910213,0.6825927918524594,-0.6780493930322936,0,1,2.675949358414093,2.346151056253851,1.1914379855160335,0.0,0.241988311858558,-0.1645114009902331,-0.6201892226844657,-2.4938204216722384,0.4885077284888646,0.4888997808189471,-0.6791456840737199,0.8065414765793012,0,-1,1,0.5315374932660483,Anomaly
678,1.3223652142096962,2,-0.6829572487529224,1,-0.1471497200137397,-0.8916882501868245,4,0.0,-0.1343680324655584,-1.5756862740979405,0,-0.7327419327757442,0.3796721288811475,0.8459113011114247,2,-0.6608531809232983,1,0.1912453854333883,1.1473616657231571,0.523315742874663,0,0,-1.1505541015749308,-0.4262300150429028,0.2662325767951835,0.0,0.241988311858558,2.2782336440162587,0.1557070814399298,-1.0778621289498782,3.1009910786612376,1.3171933011460917,-0.3687152874355457,0.8065414765793012,0,1,0,0.4887337613230266,Normal
679,1.2128633628752972,2,1.652357052365503,1,1.3335810620982798,1.0617867539482455,3,0.0,-0.1327064047674934,1.1697805251007627,1,-0.7327419327757442,0.3796721288811475,-0.9614863916702532,6,0.2462002046576992,1,-0.9017447990830952,-1.232558536915609,0.523315742874663,0,0,0.4893759527060795,-0.4262300150429028,-1.584178240646517,0.0,1.4159910129545328,0.2211851850634235,-0.6201892226844657,-1.0778621289498782,-1.1442943653688686,-1.1676872598353414,-0.6791456840737199,-1.1559347102263289,0,1,0,0.47269867766185364,Normal
680,-0.6486681098094882,0,0.9557293255987538,2,1.3335810620982798,-0.8916882501868245,2,0.0,-0.1293831493713637,1.1697805251007627,0,-1.0279810304039791,0.3796721288811475,-0.0577875452794142,7,0.2462002046576992,1,0.0911679404669684,1.4184651304031015,-0.6780493930322936,0,0,-0.6039107501479274,-0.4262300150429028,1.1914379855160335,0.0,0.241988311858558,-0.2930769296747854,-0.6201892226844657,-1.0778621289498782,0.3252275191030913,1.041095461037043,-0.6791456840737199,-1.1559347102263289,0,1,0,0.4937845301123494,Normal
681,-0.1011588531374925,2,-1.523372904887897,1,-0.270543951856408,1.0617867539482455,4,0.0,-0.1260598939752339,-0.6605306743650393,1,-0.043850704976529,0.3796721288811475,-0.9614863916702532,6,1.153253590238697,2,-0.38775894054006,1.262043069133647,-0.2775943477299747,0,0,0.7626976284195812,-0.4262300150429028,0.2662325767951835,0.0,-0.9320143892374164,-0.4216424583593375,2.4833959938131165,0.3380961637724818,-0.1646131090542286,-0.6154915796172451,-0.6791456840737199,-0.8755809692540959,0,1,0,0.4540637545843204,Normal
682,0.1178448495313057,2,1.3151991490193182,1,-1.010909342912418,0.0850492518807105,5,0.0,-0.1243982662771689,1.1697805251007627,0,0.6942470390940585,0.3796721288811475,0.8459113011114247,5,-1.5679065665042955,1,1.5041509744939157,0.2781159793335997,-0.6780493930322936,0,0,-0.6039107501479274,-0.4262300150429028,-0.6589728319256667,0.0,0.241988311858558,0.4783162424325279,0.1557070814399298,0.3380961637724818,1.304908775417731,2.145486821473236,0.8730062991171511,1.9279564404682328,0,1,0,0.47745794070215086,Normal
683,-0.5391662584750891,0,0.9458129166768072,1,-1.010909342912418,0.0850492518807105,1,0.0,-0.1227366385791041,0.2546249253678617,0,0.2021818763803334,-1.0261667362455194,-0.9614863916702532,2,-0.6608531809232983,1,-0.8862338575065589,-1.4530672647968077,1.324225833479301,0,0,1.3093409798465847,2.346151056253851,0.2662325767951835,0.0,-0.9320143892374164,-0.8073390444129942,0.1557070814399298,0.3380961637724818,-0.6544537372115486,-1.1676872598353414,-0.6791456840737199,-0.5952272282818631,0,-1,1,0.5022014527872461,Anomaly
684,-1.3056792178158831,2,0.1599375096125388,2,1.2101868302556114,-0.8916882501868245,2,0.0,-0.1210750108810392,0.2546249253678617,1,-1.4708396768463317,-1.0261667362455194,-0.9614863916702532,8,-0.6608531809232983,1,-0.8690230867161555,0.6303115638270891,-0.6780493930322936,0,1,0.7626976284195812,-0.4262300150429028,0.2662325767951835,0.0,2.5899937140505074,-1.3216011591512031,-0.6201892226844657,0.3380961637724818,-0.9810141559830952,-1.1676872598353414,-0.6791456840737199,-1.1559347102263289,1,-1,1,0.5201826676573353,Anomaly
685,0.3368485522001039,2,-0.3581948565591712,2,0.0996387436715968,1.0617867539482455,2,0.0,-0.1177517554849094,-1.5756862740979405,1,0.0545623275662159,-1.0261667362455194,0.8459113011114247,7,-0.6608531809232983,0,0.6803712417236187,0.8908744583406282,-0.2775943477299747,0,0,-0.8772324258614291,-0.4262300150429028,-0.6589728319256667,0.0,0.241988311858558,-0.0359458723056809,-0.6201892226844657,-1.0778621289498782,-0.9810141559830952,-1.1676872598353414,-0.6791456840737199,-1.1559347102263289,0,1,0,0.4627483610429315,Normal
686,-1.196177366481484,1,1.1912440374949855,2,-1.010909342912418,0.0850492518807105,3,0.0,-0.1144285000887796,0.2546249253678617,1,-0.6835354165043717,-1.0261667362455194,-0.0577875452794142,7,-1.5679065665042955,2,-0.4693507428056762,-0.4448265931462521,-0.6780493930322936,0,0,-0.8772324258614291,-0.4262300150429028,-0.6589728319256667,0.0,-0.9320143892374164,-0.5502079870438897,-0.6201892226844657,0.3380961637724818,-0.0013328996684553,0.7649976209279952,-0.6791456840737199,0.8065414765793012,0,1,0,0.4615461550582343,Normal
687,0.4463504035345031,2,-1.3374402376013983,1,-0.3939381836990763,0.0850492518807105,3,0.0,-0.1127668723907147,1.1697805251007627,1,-0.3390898026047641,0.3796721288811475,-0.9614863916702532,2,-1.5679065665042955,2,-0.3786223585155248,-1.573229764693828,-0.2775943477299747,0,1,-0.6039107501479274,-0.4262300150429028,0.2662325767951835,0.0,-0.9320143892374164,1.121143885855289,0.1557070814399298,0.3380961637724818,1.794749403575051,2.421584661582284,-0.0582848907973714,3.6100788863016295,0,-1,1,0.507798841164957,Anomaly
688,-0.1011588531374925,2,0.335953767977091,1,-0.8875151110697495,1.0617867539482455,3,0.0,-0.1111052446926498,0.2546249253678617,1,0.645040522822686,0.3796721288811475,-0.9614863916702532,2,0.2462002046576992,2,-0.8465003496324177,-0.2847504675524435,0.523315742874663,0,0,1.5826626555600865,2.346151056253851,0.2662325767951835,0.0,-0.9320143892374164,0.6068817711170802,2.4833959938131165,0.3380961637724818,0.651787937874638,1.041095461037043,0.2521455058408027,1.3672489585237668,0,1,0,0.48532289298329456,Normal
689,-1.9626903258222776,2,-0.9507002896454808,2,1.456975293940948,0.0850492518807105,4,0.0,-0.1094436169945849,1.1697805251007627,1,-1.4216331605749593,-1.0261667362455194,-0.9614863916702532,8,-0.6608531809232983,2,-0.9310668530223012,-0.6136162567442891,-0.6780493930322936,0,1,-0.6039107501479274,-0.4262300150429028,-0.6589728319256667,0.0,-0.9320143892374164,-1.3216011591512031,0.1557070814399298,1.754054456494842,-0.9810141559830952,-1.1676872598353414,-0.6791456840737199,-1.1559347102263289,1,-1,1,0.52683756000143,Anomaly
690,-1.8531884744878788,2,-1.6696399364866097,1,-0.6407266473844129,0.0850492518807105,5,0.0,-0.10778198929652,-1.5756862740979405,1,0.8910731041795485,0.3796721288811475,-0.9614863916702532,2,-1.5679065665042955,2,-0.7500350417454652,-0.1834204530194005,-0.6780493930322936,0,0,1.036019304133083,-0.4262300150429028,-0.6589728319256667,0.0,-0.9320143892374164,-1.3216011591512031,-0.6201892226844657,0.3380961637724818,-0.9810141559830952,-1.1676872598353414,-0.6791456840737199,-1.1559347102263289,1,1,0,0.4997576229635043,Normal
691,-0.6486681098094882,2,-0.4623171502396105,1,0.3464272073569334,0.0850492518807105,3,0.0,-0.1061203615984551,1.1697805251007627,0,-1.2248070954894692,0.3796721288811475,-0.0577875452794142,0,1.153253590238697,1,-0.137671567449877,0.42947856692318,-1.0785044383346123,0,1,-1.1505541015749308,-0.4262300150429028,0.2662325767951835,0.0,1.4159910129545328,-0.1645114009902331,-0.6201892226844657,-2.4938204216722384,0.3252275191030913,0.7649976209279952,1.8042974890316736,0.2458339946348354,0,1,0,0.4951906571937683,Normal
692,0.3368485522001039,1,1.652357052365503,1,-0.0237554881710714,1.0617867539482455,3,0.0,-0.1011354785042604,1.1697805251007627,1,-1.5200461931177045,0.3796721288811475,-0.9614863916702532,6,-0.6608531809232983,0,-0.6131987900291714,1.5108005250608123,2.1251359240839385,0,1,-0.3305890744344257,-0.4262300150429028,1.1914379855160335,0.0,0.241988311858558,-1.0644701017820986,-0.6201892226844657,0.3380961637724818,-0.9810141559830952,-0.8915894197262932,-0.6791456840737199,-1.1559347102263289,0,1,0,0.4951551234131218,Normal
693,-0.5391662584750891,2,-0.7548512134370353,1,-0.7641208792270812,1.0617867539482455,3,0.0,-0.0978122231081306,0.2546249253678617,0,1.333931750621901,0.3796721288811475,-0.0577875452794142,4,-1.5679065665042955,1,0.0471848595581597,-0.1066851022079699,-0.6780493930322936,0,0,-0.8772324258614291,-0.4262300150429028,0.2662325767951835,0.0,0.241988311858558,-0.4216424583593375,-0.6201892226844657,1.754054456494842,0.161947309717318,0.7649976209279952,1.1834366957553253,-0.3148734873096303,0,1,0,0.4467721639248992,Normal
694,-0.1011588531374925,2,-0.6755199420614625,2,-0.7641208792270812,-1.86842575225436,1,0.0,-0.0961505954100657,0.2546249253678617,1,-0.7327419327757442,-1.0261667362455194,0.8459113011114247,7,1.153253590238697,1,0.8121080057983115,-1.2360720603044104,-0.6780493930322936,0,1,-1.1505541015749308,-0.4262300150429028,-1.584178240646517,0.0,0.241988311858558,0.6068817711170802,2.4833959938131165,0.3380961637724818,1.4681889848035046,0.7649976209279952,0.2521455058408027,0.8065414765793012,1,-1,1,0.5251047036518677,Anomaly
695,-0.42966440714069,2,0.6607161601708423,1,-1.010909342912418,0.0850492518807105,1,0.0,-0.0928273400139359,-0.6605306743650393,0,-1.1756005792180968,-1.0261667362455194,-0.0577875452794142,0,1.153253590238697,2,0.0947800775464358,-0.2841883038102352,-1.0785044383346123,0,0,-0.3305890744344257,-0.4262300150429028,-1.584178240646517,0.0,-0.9320143892374164,-0.678773515728442,0.1557070814399298,0.3380961637724818,-0.3278933184400019,-1.1676872598353414,-0.3687152874355457,-0.0345197463373974,0,1,0,0.46220469227833477,Normal
696,0.0083429981969065,2,-0.4400052301652307,2,-1.010909342912418,1.0617867539482455,1,0.0,-0.091165712315871,-1.5756862740979405,1,-0.9787745141326066,-1.0261667362455194,0.8459113011114247,7,0.2462002046576992,1,0.8724519428905902,0.0855748976272628,0.9237707881769818,0,0,-1.1505541015749308,-0.4262300150429028,0.2662325767951835,0.0,-0.9320143892374164,0.7354472998016324,-0.6201892226844657,-2.4938204216722384,1.141628566031958,-0.8915894197262932,2.7355886789461965,0.8065414765793012,1,-1,1,0.5243416127659373,Anomaly
697,0.8843578088720997,0,0.0062331713223664,1,-0.6407266473844129,-0.8916882501868245,1,0.0,-0.0878424569197412,0.2546249253678617,1,-0.4375028351475091,0.3796721288811475,-0.0577875452794142,2,-0.6608531809232983,1,-0.4368415090904697,1.2437727475118778,-0.6780493930322936,0,0,-0.8772324258614291,-0.4262300150429028,-0.6589728319256667,0.0,-0.9320143892374164,-0.2930769296747854,1.707499689688721,-1.0778621289498782,0.3252275191030913,0.7649976209279952,-0.6791456840737199,1.086895217551534,0,1,0,0.47353457533803994,Normal
698,-0.8676718124782865,1,1.4912154073838704,2,1.3335810620982798,0.0850492518807105,5,0.0,-0.0845192015236114,0.2546249253678617,0,0.8910731041795485,0.3796721288811475,-0.9614863916702532,8,1.153253590238697,1,-0.9234176215598996,0.546689707173607,-0.6780493930322936,0,0,-0.0572673987209239,-0.4262300150429028,-0.6589728319256667,0.0,0.241988311858558,-1.0644701017820986,1.707499689688721,0.3380961637724818,-0.6544537372115486,-0.8915894197262932,-0.6791456840737199,-0.5952272282818631,0,1,0,0.49186874404195075,Normal
699,-0.2106607044718917,2,1.03258149474384,2,1.0867925984129432,0.0850492518807105,3,0.0,-0.0828575738255465,0.2546249253678617,0,0.9894861367222936,0.3796721288811475,-0.0577875452794142,7,0.2462002046576992,1,-0.4041197967235299,-1.1431745019044917,-0.6780493930322936,0,0,0.2160542769925777,-0.4262300150429028,-0.6589728319256667,0.0,-0.9320143892374164,-0.8073390444129942,0.1557070814399298,0.3380961637724818,-0.3278933184400019,-0.6154915796172451,-0.3687152874355457,-1.1559347102263289,0,1,0,0.43164803033088167,Normal
700,1.6508707682128936,2,0.6210505244830559,1,-1.010909342912418,-0.8916882501868245,1,0.0,-0.0811959461274816,1.1697805251007627,1,0.2021818763803334,0.3796721288811475,1.7496101475022634,3,1.153253590238697,1,2.251438392640197,-0.0680363449311504,-0.2775943477299747,0,0,-0.0572673987209239,-0.4262300150429028,-0.6589728319256667,0.0,0.241988311858558,1.8925370579626024,-0.6201892226844657,-1.0778621289498782,0.3252275191030913,1.041095461037043,1.4938670923934996,1.086895217551534,0,1,0,0.48133932180847955,Normal
701,2.3078818762192883,2,-1.2729835796087454,1,-0.8875151110697495,0.0850492518807105,5,0.0,-0.0795343184294167,1.1697805251007627,1,-0.7327419327757442,0.3796721288811475,-0.9614863916702532,6,0.2462002046576992,2,-0.8549994957017527,1.6743901740434226,0.523315742874663,0,0,2.4026276827005915,2.346151056253851,-1.584178240646517,0.0,-0.9320143892374164,-0.5502079870438897,0.9316033855643254,0.3380961637724818,-0.9810141559830952,-1.1676872598353414,-0.6791456840737199,-1.1559347102263289,1,-1,1,0.53799226264531,Anomaly
702,1.7603726195472926,2,1.4218005449302442,2,-0.8875151110697495,-0.8916882501868245,3,0.0,-0.0728878076371571,0.2546249253678617,1,-1.0279810304039791,0.3796721288811475,1.7496101475022634,3,0.2462002046576992,0,1.7739988621953025,-0.0527173829559747,1.324225833479301,0,0,-0.6039107501479274,-0.4262300150429028,0.2662325767951835,0.0,0.241988311858558,1.3782749432243937,0.1557070814399298,1.754054456494842,1.6314691941892778,2.421584661582284,3.977310265498893,-0.5952272282818631,0,-1,1,0.5326843735330682,Anomaly
703,-0.7581699611438873,2,-1.416771508976971,2,-0.1471497200137397,-0.8916882501868245,4,0.0,-0.0712261799390922,0.2546249253678617,1,-0.1914702537906465,0.3796721288811475,0.8459113011114247,7,0.2462002046576992,0,0.1617108528424491,-0.6094000286777269,0.9237707881769818,0,0,-1.1505541015749308,-0.4262300150429028,-1.584178240646517,0.0,0.241988311858558,-0.1645114009902331,-0.6201892226844657,1.754054456494842,0.161947309717318,-0.063295899399149,1.4938670923934996,0.8065414765793012,0,1,0,0.4835911094466506,Normal
704,0.1178448495313057,0,-1.6126205851854165,2,0.0996387436715968,0.0850492518807105,5,0.0,-0.0695645522410273,0.2546249253678617,0,0.9402796204509212,0.3796721288811475,-0.0577875452794142,7,1.153253590238697,2,-0.1778300326274849,0.785047133869919,-0.6780493930322936,0,1,-0.6039107501479274,-0.4262300150429028,-0.6589728319256667,0.0,-0.9320143892374164,-0.678773515728442,-1.3960855268088614,0.3380961637724818,-0.3278933184400019,-0.339393739508197,-0.3687152874355457,-0.3148734873096303,0,1,0,0.49284452215521224,Normal
705,-0.2106607044718917,2,0.1971240430698386,2,-0.7641208792270812,1.0617867539482455,1,0.0,-0.0679029245429624,1.1697805251007627,1,1.2847252343505289,0.3796721288811475,0.8459113011114247,7,1.153253590238697,0,0.280486419161406,-1.0542120897000309,1.324225833479301,0,0,-0.6039107501479274,-0.4262300150429028,-0.6589728319256667,0.0,0.241988311858558,0.0926196563788712,-0.6201892226844657,0.3380961637724818,0.4885077284888646,1.3171933011460917,-0.6791456840737199,1.086895217551534,0,1,0,0.46941000161984003,Normal
706,0.2273467008657048,2,0.2491851899100582,2,-0.8875151110697495,2.038524256015781,1,0.0,-0.0662412968448975,-1.5756862740979405,1,-1.2248070954894692,1.7855109940078144,0.8459113011114247,7,0.2462002046576992,2,0.2925977023102084,-1.6517921476674355,-1.0785044383346123,0,0,0.7626976284195812,-0.4262300150429028,1.1914379855160335,0.0,-0.9320143892374164,-0.2930769296747854,0.1557070814399298,0.3380961637724818,0.161947309717318,0.7649976209279952,-0.6791456840737199,0.8065414765793012,0,1,0,0.48396984398846793,Normal
707,0.3368485522001039,0,1.677148074670369,2,1.827157989468953,0.0850492518807105,1,0.0,-0.0645796691468326,-0.6605306743650393,0,1.6783773645215088,1.7855109940078144,1.7496101475022634,7,-0.6608531809232983,2,1.421709257621366,0.3875973681286629,0.523315742874663,0,1,0.2160542769925777,-0.4262300150429028,1.1914379855160335,0.0,-0.9320143892374164,1.3782749432243937,-0.6201892226844657,-1.0778621289498782,-0.9810141559830952,-1.1676872598353414,-0.6791456840737199,-1.1559347102263289,1,-1,1,0.5748624364806901,Anomaly
708,1.103361511540898,1,1.429237851621704,1,0.8400041347276065,1.0617867539482455,3,0.0,-0.0629180414487677,0.2546249253678617,1,-0.0930572212479015,1.7855109940078144,-0.0577875452794142,4,0.2462002046576992,0,-0.3051047450157769,-1.0616607592842906,-0.6780493930322936,0,1,1.036019304133083,-0.4262300150429028,0.2662325767951835,0.0,-0.9320143892374164,1.121143885855289,0.1557070814399298,1.754054456494842,1.9580296129608248,1.5932911412551394,-0.0582848907973714,0.8065414765793012,0,-1,1,0.5089412534301507,Anomaly
709,-0.1011588531374925,0,1.0573725170487065,2,-0.1471497200137397,1.0617867539482455,5,0.0,-0.057933158354573,-1.5756862740979405,1,0.8910731041795485,0.3796721288811475,-0.0577875452794142,7,1.153253590238697,0,-0.3025550011949764,1.6357414167666031,0.523315742874663,0,0,-0.6039107501479274,-0.4262300150429028,1.1914379855160335,0.0,1.4159910129545328,0.0926196563788712,0.1557070814399298,0.3380961637724818,-0.0013328996684553,0.7649976209279952,-0.6791456840737199,0.8065414765793012,0,-1,1,0.5019390463428257,Anomaly
710,-0.6486681098094882,0,-1.1589448770063595,1,-0.0237554881710714,-0.8916882501868245,3,0.0,-0.0562715306565081,0.2546249253678617,1,-0.9787745141326066,-1.0261667362455194,-0.9614863916702532,6,-1.5679065665042955,2,-0.8885711226756261,-0.5609134059122626,-1.0785044383346123,0,1,1.855984331273588,2.346151056253851,-1.584178240646517,0.0,-0.9320143892374164,-0.9359045730975464,-2.171981830933257,0.3380961637724818,-0.6544537372115486,-0.6154915796172451,-0.3687152874355457,-0.5952272282818631,1,-1,1,0.5529329788041337,Anomaly
711,-0.42966440714069,0,-0.1995323138080255,2,0.9633983665702748,0.0850492518807105,1,0.0,-0.0546099029584432,1.1697805251007627,1,-1.3724266443035866,0.3796721288811475,1.7496101475022634,3,0.2462002046576992,2,2.324743527488212,0.8679662858456406,-0.6780493930322936,0,0,-1.1505541015749308,-0.4262300150429028,1.1914379855160335,0.0,-0.9320143892374164,-0.1645114009902331,-0.6201892226844657,0.3380961637724818,0.4885077284888646,1.041095461037043,1.1834366957553253,-1.1559347102263289,0,-1,1,0.5223249141547579,Anomaly
712,-0.8676718124782865,2,0.2566224966015182,1,0.0996387436715968,0.0850492518807105,1,0.0,-0.0512866475623134,1.1697805251007627,0,1.2847252343505289,-1.0261667362455194,-0.9614863916702532,6,-1.5679065665042955,2,-0.8709353945817558,-0.3983075434785167,1.324225833479301,0,1,1.3093409798465847,2.346151056253851,0.2662325767951835,0.0,-0.9320143892374164,-1.0644701017820986,1.707499689688721,0.3380961637724818,-1.1442943653688686,-1.1676872598353414,-0.6791456840737199,-1.1559347102263289,1,-1,1,0.5426984330532966,Anomaly
713,-0.42966440714069,2,-0.8465779959650415,1,0.4698214391996017,-1.86842575225436,1,0.0,-0.0496250198642485,-0.6605306743650393,0,-0.6343289002329991,0.3796721288811475,-0.9614863916702532,6,1.153253590238697,2,-0.6482577675651784,0.4114893271725149,0.1228606975723441,0,0,0.7626976284195812,-0.4262300150429028,-1.584178240646517,0.0,-0.9320143892374164,-0.8073390444129942,0.9316033855643254,0.3380961637724818,-0.6544537372115486,-0.6154915796172451,-0.6791456840737199,-0.5952272282818631,0,1,0,0.4483718322268161,Normal
714,0.8843578088720997,2,0.4252014482746105,1,-1.010909342912418,1.0617867539482455,3,0.0,-0.0479633921661836,1.1697805251007627,0,1.235518718079156,0.3796721288811475,-0.9614863916702532,2,1.153253590238697,0,-0.8994075339140282,-0.4649239469301982,0.1228606975723441,0,0,-0.3305890744344257,-0.4262300150429028,1.1914379855160335,0.0,1.4159910129545328,-0.4216424583593375,-0.6201892226844657,0.3380961637724818,-0.3278933184400019,-0.339393739508197,-0.6791456840737199,-0.5952272282818631,0,1,0,0.4484080746028743,Normal
715,1.4318670655440953,2,0.8020249873085814,1,-1.010909342912418,-0.8916882501868245,3,0.0,-0.0463017644681187,1.1697805251007627,1,0.0053558112948434,0.3796721288811475,1.7496101475022634,5,1.153253590238697,0,2.31518198816021,-1.0818986540037887,2.5255909693862573,0,0,1.855984331273588,2.346151056253851,0.2662325767951835,0.0,0.241988311858558,2.6639302300699157,-1.3960855268088614,-1.0778621289498782,-0.3278933184400019,-0.063295899399149,-0.3687152874355457,-0.3148734873096303,0,-1,1,0.5438834604934454,Anomaly
716,-0.42966440714069,1,0.0607734203930728,1,-1.010909342912418,1.0617867539482455,4,0.0,-0.0446401367700538,0.2546249253678617,0,0.8910731041795485,1.7855109940078144,-0.0577875452794142,0,-0.6608531809232983,1,-0.2156512326360258,0.8218688589845614,-0.6780493930322936,0,1,-0.6039107501479274,-0.4262300150429028,-1.584178240646517,0.0,0.241988311858558,-0.678773515728442,-0.6201892226844657,0.3380961637724818,-0.1646131090542286,0.212801940709899,-0.3687152874355457,-0.5952272282818631,0,1,0,0.47682158576544004,Normal
717,0.4463504035345031,1,0.0930017493893992,1,-0.0237554881710714,0.0850492518807105,3,0.0,-0.0429785090719889,-1.5756862740979405,1,-0.0930572212479015,0.3796721288811475,2.6533089938931025,5,0.2462002046576992,0,2.7443888646616283,-1.4866565483937524,-0.2775943477299747,0,0,0.4893759527060795,-0.4262300150429028,-0.6589728319256667,0.0,0.241988311858558,1.2497094145398413,-0.6201892226844657,1.754054456494842,1.794749403575051,3.249878181909428,-0.6791456840737199,1.9279564404682328,0,-1,1,0.5148081117457044,Anomaly
718,-1.0866755151470848,2,0.8218578051524746,1,0.8400041347276065,1.0617867539482455,5,0.0,-0.0396552536758591,0.2546249253678617,0,-1.4216331605749593,0.3796721288811475,-0.9614863916702532,2,-0.6608531809232983,1,-0.7844565833262721,-0.3129991955984098,2.5255909693862573,0,0,-0.3305890744344257,-0.4262300150429028,-0.6589728319256667,0.0,0.241988311858558,-0.9359045730975464,-0.6201892226844657,0.3380961637724818,-0.8177339465973219,-0.6154915796172451,-0.0582848907973714,-0.5952272282818631,0,1,0,0.4735867263885836,Normal
719,0.8843578088720997,0,-1.374626771058698,1,1.7037637576262843,-0.8916882501868245,1,0.0,-0.0379936259777942,1.1697805251007627,1,-1.1756005792180968,0.3796721288811475,-0.0577875452794142,2,-1.5679065665042955,1,-0.6097991316014374,-0.0385227484652156,-0.6780493930322936,0,1,-0.0572673987209239,-0.4262300150429028,0.2662325767951835,0.0,0.241988311858558,-0.2930769296747854,-0.6201892226844657,0.3380961637724818,0.3252275191030913,1.041095461037043,-0.6791456840737199,1.086895217551534,0,1,0,0.4898245299218608,Normal
720,1.103361511540898,2,0.3780985058953641,2,-0.6407266473844129,-0.8916882501868245,1,0.0,-0.0363319982797293,1.1697805251007627,0,0.841866587908176,0.3796721288811475,-0.0577875452794142,7,1.153253590238697,2,-0.4971854461827483,-0.8070005840639384,-0.6780493930322936,0,1,0.4893759527060795,-0.4262300150429028,0.2662325767951835,0.0,-0.9320143892374164,-0.2930769296747854,-2.171981830933257,0.3380961637724818,0.3252275191030913,-1.1676872598353414,-0.6791456840737199,0.8065414765793012,0,1,0,0.4792896229049721,Normal
721,-0.7581699611438873,2,-1.6473280164122297,1,1.5803695257836163,0.0850492518807105,1,0.0,-0.0346703705816644,-1.5756862740979405,0,-0.8803614815898617,0.3796721288811475,-0.9614863916702532,6,0.2462002046576992,1,-0.928729587853234,-0.3898750873453924,0.523315742874663,0,1,-1.1505541015749308,-0.4262300150429028,-0.6589728319256667,0.0,-0.9320143892374164,-0.5502079870438897,-0.6201892226844657,0.3380961637724818,-0.3278933184400019,-0.6154915796172451,-0.6791456840737199,-0.8755809692540959,1,1,0,0.48227563049043704,Normal
722,1.4318670655440953,2,0.3384328702075777,1,1.827157989468953,0.0850492518807105,1,0.0,-0.0330087428835995,1.1697805251007627,1,1.432344783164646,0.3796721288811475,1.7496101475022634,4,0.2462002046576992,1,1.5872301273216654,-1.4267861098485703,0.1228606975723441,0,1,0.7626976284195812,-0.4262300150429028,1.1914379855160335,0.0,0.241988311858558,1.3782749432243937,-0.6201892226844657,0.3380961637724818,0.8150681472604113,1.8693889813641875,-0.3687152874355457,0.2458339946348354,0,1,0,0.48921436831815834,Normal
723,0.1178448495313057,1,1.4589870783875438,1,0.0996387436715968,-1.86842575225436,3,0.0,-0.0313471151855346,0.2546249253678617,1,0.0053558112948434,0.3796721288811475,-0.9614863916702532,6,0.2462002046576992,1,-0.8114413720964108,-0.3072370172407748,-1.0785044383346123,0,0,0.4893759527060795,-0.4262300150429028,-0.6589728319256667,0.0,0.241988311858558,-1.0644701017820986,-2.171981830933257,-1.0778621289498782,-0.8177339465973219,-0.8915894197262932,-0.6791456840737199,-0.5952272282818631,0,1,0,0.46065933263070175,Normal
724,0.9938596602064989,2,-0.5862722617639431,1,-0.270543951856408,-0.8916882501868245,3,0.0,-0.0296854874874697,1.1697805251007627,1,0.448214457737196,0.3796721288811475,0.8459113011114247,4,0.2462002046576992,0,0.9225969046996668,1.3906380251637918,1.324225833479301,0,0,-0.6039107501479274,-0.4262300150429028,-0.6589728319256667,0.0,0.241988311858558,0.2211851850634235,0.1557070814399298,0.3380961637724818,0.161947309717318,0.7649976209279952,-0.6791456840737199,0.8065414765793012,0,1,0,0.4515469523299091,Normal
725,-1.4151810691502822,2,1.0003531657475135,1,0.9633983665702748,-1.86842575225436,3,0.0,-0.0263622320913399,1.1697805251007627,0,-1.2248070954894692,-1.0261667362455194,-0.0577875452794142,4,0.2462002046576992,0,-0.451715014711806,1.3778488000285534,-0.6780493930322936,0,0,-0.0572673987209239,-0.4262300150429028,-0.6589728319256667,0.0,1.4159910129545328,-0.8073390444129942,2.4833959938131165,0.3380961637724818,-0.4911735278257753,-0.6154915796172451,0.2521455058408027,-0.5952272282818631,0,1,0,0.49836384182997,Normal
726,-0.2106607044718917,2,-0.4474425368566906,1,0.59321567104227,1.0617867539482455,4,0.0,-0.024700604393275,0.2546249253678617,1,-1.3232201280322142,-1.0261667362455194,-0.9614863916702532,2,-0.6608531809232983,0,-0.586426479910766,-0.5957675579291761,-0.6780493930322936,0,1,2.4026276827005915,2.346151056253851,1.1914379855160335,0.0,0.241988311858558,-0.8073390444129942,-0.6201892226844657,-2.4938204216722384,-0.4911735278257753,-0.6154915796172451,-0.6791456840737199,-0.5952272282818631,1,-1,1,0.5404808702810311,Anomaly
727,-0.6486681098094882,1,0.1252300783857257,1,-1.010909342912418,-1.86842575225436,1,0.0,-0.0230389766952101,0.2546249253678617,0,1.4815512994360187,0.3796721288811475,-0.0577875452794142,4,-1.5679065665042955,1,-0.500372625958749,-0.4269778943311391,-0.6780493930322936,0,0,-0.8772324258614291,-0.4262300150429028,0.2662325767951835,0.0,0.241988311858558,-0.9359045730975464,-1.3960855268088614,0.3380961637724818,-0.4911735278257753,-0.339393739508197,-0.6791456840737199,-0.3148734873096303,0,1,0,0.462229406787092,Normal
728,-2.072192177156677,0,-1.2779417840697187,1,-0.5173324155417446,-0.8916882501868245,1,0.0,-0.0213773489971452,-0.6605306743650393,1,0.349801425194451,0.3796721288811475,-0.9614863916702532,6,1.153253590238697,2,-1.158419010377013,-0.1152580992766462,-0.6780493930322936,0,0,-0.0572673987209239,-0.4262300150429028,1.1914379855160335,0.0,-0.9320143892374164,-1.4501666878357553,-0.6201892226844657,0.3380961637724818,-1.1442943653688686,-1.1676872598353414,-0.6791456840737199,-1.1559347102263289,0,1,0,0.48844434243653356,Normal
729,1.869874470881692,2,1.5829421899118763,1,0.9633983665702748,0.0850492518807105,5,0.0,-0.0197157212990803,0.2546249253678617,0,-0.4867093514188816,0.3796721288811475,0.8459113011114247,4,0.2462002046576992,1,0.9000741676159291,-0.0520146782782143,2.1251359240839385,0,0,-1.1505541015749308,-0.4262300150429028,0.2662325767951835,0.0,0.241988311858558,1.3782749432243937,-0.6201892226844657,0.3380961637724818,0.4885077284888646,0.7649976209279952,-0.6791456840737199,1.086895217551534,0,1,0,0.48592101188690207,Normal
730,-0.2106607044718917,2,-0.54412752384567,1,1.950552221311621,1.0617867539482455,3,0.0,-0.0180540936010154,0.2546249253678617,0,-0.4375028351475091,0.3796721288811475,0.8459113011114247,0,0.2462002046576992,0,0.8254941608575143,-1.031303917205043,-0.6780493930322936,0,1,-1.1505541015749308,-0.4262300150429028,0.2662325767951835,0.0,0.241988311858558,0.6068817711170802,0.1557070814399298,-1.0778621289498782,1.4681889848035046,1.5932911412551394,2.4251582823080224,-0.8755809692540959,0,-1,1,0.513594456940941,Anomaly
731,-0.7581699611438873,2,-1.61014148295493,1,-0.1471497200137397,-0.8916882501868245,1,0.0,-0.0163924659029505,-0.6605306743650393,0,0.349801425194451,1.7855109940078144,0.8459113011114247,5,-1.5679065665042955,1,1.0439222148394245,0.4903327920172265,-1.0785044383346123,0,1,-0.8772324258614291,-0.4262300150429028,0.2662325767951835,0.0,2.5899937140505074,-0.2930769296747854,0.9316033855643254,-1.0778621289498782,0.161947309717318,0.7649976209279952,-0.3687152874355457,0.8065414765793012,0,1,0,0.49868964992361,Normal
732,-1.8531884744878788,2,0.7301310226244685,1,0.2230329755142651,0.0850492518807105,3,0.0,-0.0147308382048856,1.1697805251007627,0,1.5799643319787635,-1.0261667362455194,-0.9614863916702532,6,-1.5679065665042955,2,-0.8292895788420143,0.556808654533356,-0.6780493930322936,0,1,-0.0572673987209239,-0.4262300150429028,-1.584178240646517,0.0,-0.9320143892374164,-1.3216011591512031,-0.6201892226844657,0.3380961637724818,-0.9810141559830952,-1.1676872598353414,-0.6791456840737199,-1.1559347102263289,1,-1,1,0.5176944023053978,Anomaly
733,-0.7581699611438873,1,-1.7192219810963425,1,-0.5173324155417446,0.0850492518807105,3,0.0,-0.0130692105068207,-0.6605306743650393,0,-0.2898832863333916,0.3796721288811475,-0.9614863916702532,2,-0.6608531809232983,2,-0.8671107788505551,1.603838624396283,-1.0785044383346123,0,0,0.4893759527060795,-0.4262300150429028,-1.584178240646517,0.0,-0.9320143892374164,-0.9359045730975464,0.1557070814399298,0.3380961637724818,-0.6544537372115486,-0.6154915796172451,-0.3687152874355457,-0.5952272282818631,1,1,0,0.49156724769410853,Normal
734,-1.196177366481484,2,0.6532788534793824,1,-0.8875151110697495,-0.8916882501868245,3,0.0,-0.0114075828087558,1.1697805251007627,1,-1.6676657419318217,1.7855109940078144,-0.0577875452794142,4,1.153253590238697,1,-0.2190508910637598,-1.543013463550133,-0.6780493930322936,0,0,-0.8772324258614291,-0.4262300150429028,-0.6589728319256667,0.0,-0.9320143892374164,-0.4216424583593375,-0.6201892226844657,0.3380961637724818,0.161947309717318,0.7649976209279952,-0.3687152874355457,-0.3148734873096303,0,1,0,0.4491529445581686,Normal
735,-1.6341847718190805,2,-1.4514789402037842,1,-0.1471497200137397,-1.86842575225436,1,0.0,-0.0097459551106909,-0.6605306743650393,1,1.3831382668932737,-2.432005601372186,-0.9614863916702532,2,-1.5679065665042955,1,-0.8609488979502873,-1.044514765146938,-0.6780493930322936,0,0,-0.0572673987209239,-0.4262300150429028,-1.584178240646517,0.0,0.241988311858558,-0.9359045730975464,0.1557070814399298,-1.0778621289498782,-0.4911735278257753,-0.339393739508197,-0.3687152874355457,-0.8755809692540959,0,1,0,0.4910355157655273,Normal
736,1.2128633628752972,2,-1.302732806374585,1,-0.3939381836990763,0.0850492518807105,1,0.0,-0.0047610720164962,-1.5756862740979405,1,1.5307578157073911,-1.0261667362455194,-0.0577875452794142,0,0.2462002046576992,2,-0.4808245899992784,-0.1678204091731207,-0.2775943477299747,0,0,-0.6039107501479274,-0.4262300150429028,1.1914379855160335,0.0,-0.9320143892374164,0.9925783571707368,-2.171981830933257,0.3380961637724818,-0.8177339465973219,-0.6154915796172451,-0.0582848907973714,-0.5952272282818631,0,1,0,0.484242956838803,Normal
737,1.2128633628752972,2,1.3697393980900243,1,-0.6407266473844129,1.0617867539482455,1,0.0,-0.0014378166203664,0.2546249253678617,1,0.5958340065513135,-1.0261667362455194,0.8459113011114247,0,0.2462002046576992,2,0.9553186170666066,1.1147561686750769,1.7246808787816197,0,0,-0.3305890744344257,-0.4262300150429028,-0.6589728319256667,0.0,-0.9320143892374164,2.0211025866471544,0.1557070814399298,0.3380961637724818,1.304908775417731,1.8693889813641875,0.5625759024789769,1.086895217551534,0,1,0,0.4952655042769233,Normal
738,0.4463504035345031,2,-0.6284169996822161,1,-0.270543951856408,-0.8916882501868245,3,0.0,0.0002238110776984,1.1697805251007627,0,-1.1756005792180968,0.3796721288811475,-0.0577875452794142,4,0.2462002046576992,2,-0.3187033787267129,1.2730052621067085,1.324225833479301,0,0,-0.3305890744344257,-0.4262300150429028,-0.6589728319256667,0.0,-0.9320143892374164,-0.4216424583593375,2.4833959938131165,0.3380961637724818,-0.8177339465973219,-0.6154915796172451,-0.0582848907973714,-0.8755809692540959,0,1,0,0.4596697494517458,Normal
739,0.2273467008657048,2,-0.8341824848126081,1,-1.010909342912418,-1.86842575225436,1,0.0,0.0018854387757633,1.1697805251007627,0,-0.043850704976529,-1.0261667362455194,1.7496101475022634,4,1.153253590238697,1,1.3256689070378802,-1.0193579376831172,-0.6780493930322936,0,0,0.2160542769925777,-0.4262300150429028,0.2662325767951835,0.0,0.241988311858558,1.2497094145398413,0.1557070814399298,0.3380961637724818,2.284590031732371,0.4888997808189471,2.7355886789461965,1.086895217551534,0,1,0,0.4965481009647296,Normal
740,-1.0866755151470848,2,0.6260087289440293,1,-0.8875151110697495,1.0617867539482455,1,0.0,0.0035470664738282,-1.5756862740979405,0,-0.929567997861234,0.3796721288811475,-0.0577875452794142,4,1.153253590238697,1,-0.4835868124718123,-1.356937264879191,-1.0785044383346123,0,0,0.7626976284195812,-0.4262300150429028,-0.6589728319256667,0.0,0.241988311858558,-0.9359045730975464,-0.6201892226844657,0.3380961637724818,-0.6544537372115486,-0.6154915796172451,-0.0582848907973714,-0.5952272282818631,0,1,0,0.450035284022914,Normal
741,-0.2106607044718917,2,-0.0012041353690934,1,0.0996387436715968,0.0850492518807105,4,0.0,0.0052086941718931,-0.6605306743650393,1,-1.0279810304039791,0.3796721288811475,-0.9614863916702532,2,1.153253590238697,0,-0.5494551945091587,-0.6706758765784298,-0.6780493930322936,0,0,1.3093409798465847,2.346151056253851,-1.584178240646517,0.0,0.241988311858558,-1.0644701017820986,0.9316033855643254,-1.0778621289498782,-0.6544537372115486,-0.6154915796172451,-0.3687152874355457,-0.5952272282818631,0,1,0,0.4723282405206211,Normal
742,0.5558522548689022,2,-1.332482033140425,2,-0.5173324155417446,-0.8916882501868245,2,0.0,0.006870321869958,1.1697805251007627,1,1.1863122018077836,0.3796721288811475,2.6533089938931025,3,0.2462002046576992,1,2.507262689327181,-0.919573873441147,1.324225833479301,0,0,-0.6039107501479274,-0.4262300150429028,-0.6589728319256667,0.0,-0.9320143892374164,1.2497094145398413,0.1557070814399298,1.754054456494842,-0.9810141559830952,-1.1676872598353414,-0.6791456840737199,-1.1559347102263289,0,-1,1,0.5093544395301366,Anomaly
743,1.4318670655440953,2,0.0037540690918798,1,-0.0237554881710714,0.0850492518807105,1,0.0,0.0085319495680229,-1.5756862740979405,1,-0.0930572212479015,0.3796721288811475,-0.9614863916702532,2,1.153253590238697,1,-0.8760348822233569,0.8224310227267697,0.523315742874663,0,0,0.7626976284195812,-0.4262300150429028,-0.6589728319256667,0.0,-0.9320143892374164,-0.4216424583593375,1.707499689688721,0.3380961637724818,-0.9810141559830952,-1.1676872598353414,-0.6791456840737199,-1.1559347102263289,0,1,0,0.45382640764880017,Normal
744,2.417383727553688,2,-0.2168860294214321,1,-0.8875151110697495,0.0850492518807105,1,0.0,0.0118552049641527,0.2546249253678617,0,0.1529753601089609,-1.0261667362455194,1.7496101475022634,4,1.153253590238697,2,1.5347479003435216,1.0562911394854155,0.1228606975723441,0,1,-0.6039107501479274,-0.4262300150429028,-1.584178240646517,0.0,-0.9320143892374164,2.406799172700811,0.9316033855643254,0.3380961637724818,-0.3278933184400019,-0.339393739508197,0.5625759024789769,-0.3148734873096303,0,-1,1,0.5101078350118409,Anomaly
745,0.0083429981969065,2,0.8392115207658811,1,0.2230329755142651,-0.8916882501868245,3,0.0,0.0135168326622176,-1.5756862740979405,0,-0.2406767700620191,-2.432005601372186,-0.0577875452794142,0,-0.6608531809232983,1,-0.3667235540184558,0.0096827924291446,0.9237707881769818,0,0,-0.0572673987209239,-0.4262300150429028,-1.584178240646517,0.0,-0.9320143892374164,0.4783162424325279,-0.6201892226844657,-2.4938204216722384,-0.9810141559830952,-1.1676872598353414,-0.6791456840737199,-1.1559347102263289,1,-1,1,0.5263477579917115,Anomaly
746,1.979376322216091,1,-1.6547653231036896,1,1.0867925984129432,1.0617867539482455,3,0.0,0.0151784603602825,0.2546249253678617,1,-0.1914702537906465,0.3796721288811475,-0.0577875452794142,0,-0.6608531809232983,1,-0.0250578820311879,-0.1856691079882336,0.1228606975723441,0,1,-0.3305890744344257,-0.4262300150429028,1.1914379855160335,0.0,1.4159910129545328,0.7354472998016324,0.1557070814399298,0.3380961637724818,0.161947309717318,0.7649976209279952,1.1834366957553253,0.8065414765793012,0,1,0,0.49523639977962347,Normal
747,0.4463504035345031,0,-1.3771058732891848,1,-0.270543951856408,-1.86842575225436,1,0.0,0.0168400880583474,-0.6605306743650393,0,-0.5359158676902541,-2.432005601372186,2.6533089938931025,5,0.2462002046576992,0,2.862102037721918,0.8391553940574662,-0.6780493930322936,0,0,1.855984331273588,2.346151056253851,-0.6589728319256667,0.0,1.4159910129545328,1.2497094145398413,0.1557070814399298,0.3380961637724818,2.284590031732371,3.249878181909428,0.8730062991171511,1.6476026994959998,0,-1,1,0.5908713574087211,Anomaly
748,0.1178448495313057,2,0.5764266843342962,2,-0.7641208792270812,1.0617867539482455,1,0.0,0.0185017157564122,-0.6605306743650393,1,-1.1756005792180968,0.3796721288811475,-0.0577875452794142,7,1.153253590238697,2,0.0760819561938987,-1.3115425426958724,2.1251359240839385,0,1,-0.8772324258614291,-0.4262300150429028,0.2662325767951835,0.0,-0.9320143892374164,0.9925783571707368,-1.3960855268088614,0.3380961637724818,-0.9810141559830952,-1.1676872598353414,-0.6791456840737199,-1.1559347102263289,0,1,0,0.4900465327470312,Normal
749,-1.196177366481484,0,-1.332482033140425,2,2.4441291486822943,-0.8916882501868245,3,0.0,0.0201633434544771,-0.6605306743650393,1,0.645040522822686,-2.432005601372186,-0.0577875452794142,7,-1.5679065665042955,2,-0.3259276528856477,1.0540424845165823,2.1251359240839385,0,0,0.7626976284195812,-0.4262300150429028,1.1914379855160335,0.0,-0.9320143892374164,-0.5502079870438897,2.4833959938131165,0.3380961637724818,-0.8177339465973219,-0.6154915796172451,-0.0582848907973714,-0.5952272282818631,1,-1,1,0.5698508271177428,Anomaly
750,1.6508707682128936,2,-1.3300029309099384,2,-0.8875151110697495,-1.86842575225436,2,0.0,0.021824971152542,-1.5756862740979405,0,-0.4375028351475091,-2.432005601372186,2.6533089938931025,3,1.153253590238697,1,2.8349047703000463,1.6208440775980837,-0.6780493930322936,0,0,-0.0572673987209239,-0.4262300150429028,1.1914379855160335,0.0,0.241988311858558,2.7924957587544674,0.1557070814399298,0.3380961637724818,4.080672334975878,2.6976825016913315,1.1834366957553253,1.3672489585237668,1,-1,1,0.5817239501538368,Anomaly
751,0.7748559575377005,2,1.600295905525283,2,2.320734916839626,0.0850492518807105,3,0.0,0.0234865988506069,1.1697805251007627,0,-0.6343289002329991,1.7855109940078144,1.7496101475022634,7,1.153253590238697,1,1.448481567739771,-0.3620479821060824,0.1228606975723441,0,1,0.7626976284195812,-0.4262300150429028,0.2662325767951835,0.0,0.241988311858558,1.5068404719089457,-0.6201892226844657,0.3380961637724818,0.8150681472604113,1.8693889813641875,2.7355886789461965,1.9279564404682328,0,-1,1,0.5411356507185078,Anomaly
752,1.4318670655440953,0,-1.629974300798823,2,-1.010909342912418,0.0850492518807105,1,0.0,0.0251482265486718,1.1697805251007627,0,1.432344783164646,0.3796721288811475,-0.0577875452794142,7,0.2462002046576992,1,-0.0331320707970562,1.490703171276866,-1.0785044383346123,0,0,-0.8772324258614291,-0.4262300150429028,-1.584178240646517,0.0,0.241988311858558,0.9925783571707368,0.1557070814399298,0.3380961637724818,1.794749403575051,0.7649976209279952,-0.6791456840737199,2.488663922412698,0,-1,1,0.5216995244097355,Anomaly
753,-0.1011588531374925,2,0.2045613497612985,1,0.8400041347276065,1.0617867539482455,1,0.0,0.0284714819448016,0.2546249253678617,0,-1.1263940629467242,1.7855109940078144,-0.9614863916702532,2,-1.5679065665042955,2,-0.7989051316441416,-0.8494439466006638,-0.6780493930322936,0,0,0.2160542769925777,-0.4262300150429028,0.2662325767951835,0.0,-0.9320143892374164,0.8640128284861845,-1.3960855268088614,0.3380961637724818,1.6314691941892778,2.421584661582284,3.977310265498893,2.7690176633849317,1,-1,1,0.553339312086443,Anomaly
754,0.2273467008657048,1,0.3533074835904976,1,1.5803695257836163,0.0850492518807105,3,0.0,0.0301331096428665,1.1697805251007627,0,0.7926600716368035,0.3796721288811475,0.8459113011114247,4,-1.5679065665042955,2,0.930033657510335,-1.2972073672695612,-0.6780493930322936,0,1,-0.6039107501479274,-0.4262300150429028,0.2662325767951835,0.0,-0.9320143892374164,1.2497094145398413,-0.6201892226844657,0.3380961637724818,2.284590031732371,0.4888997808189471,-0.0582848907973714,1.086895217551534,0,-1,1,0.5049026482923419,Anomaly
755,-0.42966440714069,0,0.5838639910257561,2,-0.1471497200137397,-1.86842575225436,1,0.0,0.0317947373409314,-0.6605306743650393,0,1.0878991692650386,-1.0261667362455194,-0.9614863916702532,8,1.153253590238697,2,-0.8841090709892252,1.0011990927490038,-1.0785044383346123,0,0,1.036019304133083,-0.4262300150429028,1.1914379855160335,0.0,-0.9320143892374164,-1.0644701017820986,-0.6201892226844657,-1.0778621289498782,-0.8177339465973219,-0.6154915796172451,-0.0582848907973714,-0.5952272282818631,0,-1,1,0.5117248930529681,Anomaly
756,0.8843578088720997,2,1.0697680282011397,2,0.2230329755142651,-0.8916882501868245,1,0.0,0.0334563650389963,1.1697805251007627,0,1.1863122018077836,0.3796721288811475,1.7496101475022634,3,1.153253590238697,1,2.368514129745287,-1.2520937269573464,0.1228606975723441,0,0,-0.6039107501479274,-0.4262300150429028,-0.6589728319256667,0.0,0.241988311858558,1.8925370579626024,0.9316033855643254,1.754054456494842,0.3252275191030913,-0.339393739508197,-0.3687152874355457,-0.8755809692540959,0,1,0,0.49826735413406836,Normal
757,-0.5391662584750891,0,0.7598802493903084,1,2.4441291486822943,1.0617867539482455,3,0.0,0.0351179927370612,1.1697805251007627,0,0.1529753601089609,0.3796721288811475,-0.9614863916702532,2,0.2462002046576992,2,-0.5265075001219541,-0.446653625308429,2.5255909693862573,0,0,-0.8772324258614291,-0.4262300150429028,-0.6589728319256667,0.0,-0.9320143892374164,-0.1645114009902331,-0.6201892226844657,0.3380961637724818,0.161947309717318,0.7649976209279952,1.4938670923934996,0.8065414765793012,0,-1,1,0.5248405396815266,Anomaly
758,-0.3201625558062908,2,-1.4539580424342708,2,-1.010909342912418,1.0617867539482455,2,0.0,0.0367796204351261,-0.6605306743650393,1,0.448214457737196,1.7855109940078144,-0.0577875452794142,7,1.153253590238697,0,0.6846208147582863,-0.2860153359724122,-1.0785044383346123,0,0,-1.1505541015749308,-0.4262300150429028,1.1914379855160335,0.0,0.241988311858558,0.6068817711170802,-0.6201892226844657,-1.0778621289498782,1.304908775417731,-0.8915894197262932,-0.6791456840737199,1.3672489585237668,0,1,0,0.4831260824615521,Normal
759,2.417383727553688,2,0.7102982047805754,2,-1.010909342912418,-0.8916882501868245,5,0.0,0.038441248133191,-0.6605306743650393,1,0.0053558112948434,0.3796721288811475,0.8459113011114247,3,1.153253590238697,1,1.1476117968853117,-0.4602860960569799,0.1228606975723441,0,1,-0.3305890744344257,-0.4262300150429028,0.2662325767951835,0.0,0.241988311858558,0.3497507137479757,-1.3960855268088614,-2.4938204216722384,-0.1646131090542286,-0.063295899399149,-0.6791456840737199,-0.0345197463373974,0,-1,1,0.5004270096446232,Anomaly
760,0.8843578088720997,2,-0.0359115665959065,0,1.827157989468953,1.0617867539482455,3,0.0,0.0401028758312559,-0.6605306743650393,1,-1.4708396768463317,0.3796721288811475,-0.9614863916702532,1,-0.6608531809232983,2,-0.9191680485252322,-0.8425574407586123,-0.6780493930322936,0,0,0.2160542769925777,-0.4262300150429028,-1.584178240646517,0.0,-0.9320143892374164,-0.678773515728442,0.1557070814399298,0.3380961637724818,-0.1646131090542286,-0.339393739508197,-0.6791456840737199,-0.0345197463373974,0,1,0,0.4795425088617504,Normal
761,1.7603726195472926,1,-1.682035447639043,2,-0.8875151110697495,0.0850492518807105,2,0.0,0.0417645035293208,0.2546249253678617,0,-1.3724266443035866,-1.0261667362455194,0.8459113011114247,7,-0.6608531809232983,1,0.2171677809448601,1.2963350574083523,-0.2775943477299747,0,0,-0.8772324258614291,-0.4262300150429028,-1.584178240646517,0.0,0.241988311858558,2.406799172700811,-0.6201892226844657,0.3380961637724818,1.304908775417731,0.7649976209279952,1.1834366957553253,2.2083101814404653,0,-1,1,0.5133781389296659,Anomaly
762,-0.1011588531374925,2,-0.3532366520981979,1,0.7166099028849382,0.0850492518807105,4,0.0,0.0450877589254506,-1.5756862740979405,1,0.743453555365431,0.3796721288811475,-0.0577875452794142,2,0.2462002046576992,0,-0.3546122708696534,-0.9072062711125648,1.7246808787816197,0,0,-0.3305890744344257,-0.4262300150429028,-0.6589728319256667,0.0,0.241988311858558,-0.2930769296747854,0.1557070814399298,-1.0778621289498782,-0.9810141559830952,-1.1676872598353414,-0.6791456840737199,-1.1559347102263289,1,1,0,0.48310621162602996,Normal
763,-1.196177366481484,1,-1.1415911613929528,1,-0.8875151110697495,0.0850492518807105,1,0.0,0.0467493866235155,-1.5756862740979405,1,-0.4375028351475091,0.3796721288811475,-0.9614863916702532,6,-1.5679065665042955,1,-0.9478526665092378,0.1451642543013408,1.324225833479301,0,1,-0.3305890744344257,-0.4262300150429028,-0.6589728319256667,0.0,0.241988311858558,-0.678773515728442,-0.6201892226844657,0.3380961637724818,-0.6544537372115486,-0.6154915796172451,-0.3687152874355457,-0.5952272282818631,1,1,0,0.49865989141890876,Normal
764,-0.3201625558062908,2,1.3151991490193182,2,0.0996387436715968,1.0617867539482455,1,0.0,0.0500726420196453,0.2546249253678617,0,1.038692652993666,0.3796721288811475,-0.9614863916702532,8,0.2462002046576992,1,-0.910031466500697,0.5757816808328856,-0.6780493930322936,0,1,1.036019304133083,-0.4262300150429028,1.1914379855160335,0.0,0.241988311858558,-1.3216011591512031,-0.6201892226844657,0.3380961637724818,-0.9810141559830952,-0.8915894197262932,-0.6791456840737199,-1.1559347102263289,0,1,0,0.4749861509854,Normal
765,-0.9771736638126856,2,0.8466488274573412,2,0.0996387436715968,-1.86842575225436,3,0.0,0.0517342697177102,1.1697805251007627,1,0.3990079414658235,0.3796721288811475,-0.9614863916702532,8,-0.6608531809232983,1,-1.1582065317252797,1.2748322942688854,-0.6780493930322936,0,0,1.855984331273588,2.346151056253851,-0.6589728319256667,0.0,-0.9320143892374164,-1.3216011591512031,1.707499689688721,0.3380961637724818,-0.9810141559830952,-1.1676872598353414,-0.6791456840737199,-1.1559347102263289,0,-1,1,0.5092074288019333,Anomaly
766,0.1178448495313057,1,0.9507711211377804,1,-0.7641208792270812,1.0617867539482455,4,0.0,0.0583807805099698,0.2546249253678617,1,-1.0771875466753518,0.3796721288811475,-0.9614863916702532,6,0.2462002046576992,1,-0.7823317968089383,-1.5903757588311809,0.1228606975723441,0,0,0.2160542769925777,-0.4262300150429028,-1.584178240646517,0.0,0.241988311858558,-0.4216424583593375,-0.6201892226844657,0.3380961637724818,-0.8177339465973219,-0.6154915796172451,-0.0582848907973714,-0.5952272282818631,0,1,0,0.4411784232199117,Normal
767,1.4318670655440953,2,1.6399615412130697,1,-0.8875151110697495,1.0617867539482455,3,0.0,0.0600424082080347,-0.6605306743650393,1,-0.1914702537906465,0.3796721288811475,2.6533089938931025,5,0.2462002046576992,1,2.705717750046154,-0.2052042980299714,-0.2775943477299747,0,1,-1.1505541015749308,-0.4262300150429028,1.1914379855160335,0.0,0.241988311858558,2.2782336440162587,-0.6201892226844657,-1.0778621289498782,0.161947309717318,-0.8915894197262932,1.4938670923934996,0.8065414765793012,0,-1,1,0.5027152732045125,Anomaly
768,0.0083429981969065,2,-1.682035447639043,1,-0.7641208792270812,0.0850492518807105,4,0.0,0.0617040359060996,1.1697805251007627,0,-1.5200461931177045,0.3796721288811475,-0.0577875452794142,0,-0.6608531809232983,2,-0.5090842506798174,-0.0653660671556611,0.1228606975723441,0,0,-0.0572673987209239,-0.4262300150429028,-1.584178240646517,0.0,-0.9320143892374164,-0.4216424583593375,0.1557070814399298,-1.0778621289498782,-0.4911735278257753,-0.339393739508197,-0.6791456840737199,-0.8755809692540959,0,1,0,0.47079749463056075,Normal
769,0.3368485522001039,2,-1.2457134550733922,2,2.073946453154289,0.0850492518807105,2,0.0,0.0683505466983592,0.2546249253678617,1,0.3990079414658235,0.3796721288811475,-0.0577875452794142,7,-1.5679065665042955,1,0.4022366866046302,1.110821022479619,-0.6780493930322936,0,0,-0.3305890744344257,-0.4262300150429028,-0.6589728319256667,0.0,0.241988311858558,-0.4216424583593375,0.1557070814399298,-1.0778621289498782,-0.0013328996684553,0.7649976209279952,1.4938670923934996,0.2458339946348354,0,1,0,0.45385332501811493,Normal
770,-1.196177366481484,1,0.293809030058818,1,-1.010909342912418,-1.86842575225436,3,0.0,0.071673802094489,-1.5756862740979405,0,0.0053558112948434,-1.0261667362455194,-0.9614863916702532,6,0.2462002046576992,0,-0.955289419319906,1.5391897940423305,-0.6780493930322936,0,0,-0.6039107501479274,-0.4262300150429028,0.2662325767951835,0.0,1.4159910129545328,-0.8073390444129942,1.707499689688721,0.3380961637724818,-0.3278933184400019,-0.339393739508197,-0.3687152874355457,-0.3148734873096303,0,1,0,0.48276973665510353,Normal
771,0.9938596602064989,2,-0.9234301651101277,1,-1.010909342912418,1.0617867539482455,3,0.0,0.0733354297925539,1.1697805251007627,1,-1.2740136117608418,0.3796721288811475,2.6533089938931025,5,1.153253590238697,0,2.7885844242221705,1.0023234202334204,2.5255909693862573,0,0,0.4893759527060795,-0.4262300150429028,1.1914379855160335,0.0,1.4159910129545328,1.5068404719089457,-2.171981830933257,0.3380961637724818,-0.8177339465973219,-0.6154915796172451,-0.0582848907973714,-0.5952272282818631,0,-1,1,0.5369272600847187,Anomaly
772,1.869874470881692,2,0.6929444891671688,2,-0.8875151110697495,1.0617867539482455,1,0.0,0.0749970574906188,0.2546249253678617,0,-1.2248070954894692,-1.0261667362455194,0.8459113011114247,7,0.2462002046576992,1,0.8888127990740601,-0.832157411527759,1.324225833479301,0,0,-1.1505541015749308,-0.4262300150429028,-0.6589728319256667,0.0,0.241988311858558,0.2211851850634235,0.9316033855643254,0.3380961637724818,0.3252275191030913,-0.063295899399149,1.4938670923934996,-1.1559347102263289,0,1,0,0.494493462861256,Normal
773,2.08887817355049,1,1.0846426415840595,1,-0.0237554881710714,0.0850492518807105,3,0.0,0.0766586851886837,-1.5756862740979405,0,-0.142263737519274,0.3796721288811475,-0.9614863916702532,6,0.2462002046576992,1,-0.7566218799491998,-0.3034424119808689,-0.2775943477299747,0,0,1.036019304133083,-0.4262300150429028,-0.6589728319256667,0.0,0.241988311858558,0.8640128284861845,0.9316033855643254,0.3380961637724818,-0.3278933184400019,-0.063295899399149,-0.6791456840737199,-0.3148734873096303,0,1,0,0.4617841272241352,Normal
774,-0.1011588531374925,2,-0.0160787487520133,1,0.3464272073569334,2.038524256015781,3,0.0,0.0799819405848135,1.1697805251007627,0,-0.7327419327757442,-1.0261667362455194,0.8459113011114247,4,1.153253590238697,2,0.5004018237054497,0.1905589764846597,-1.0785044383346123,0,0,-1.1505541015749308,-0.4262300150429028,-0.6589728319256667,0.0,-0.9320143892374164,0.4783162424325279,-0.6201892226844657,-1.0778621289498782,1.141628566031958,1.041095461037043,1.4938670923934996,1.086895217551534,0,1,0,0.4751674938878573,Normal
775,1.979376322216091,0,-0.8887227338833145,1,-0.8875151110697495,-1.86842575225436,3,0.0,0.0816435682828784,0.2546249253678617,1,-1.2740136117608418,-1.0261667362455194,1.7496101475022634,3,-1.5679065665042955,2,2.178558215095649,0.4230136838877847,1.7246808787816197,0,0,-0.0572673987209239,-0.4262300150429028,-0.6589728319256667,0.0,-0.9320143892374164,2.535364701385363,0.1557070814399298,1.754054456494842,0.3252275191030913,0.7649976209279952,1.1834366957553253,-0.5952272282818631,0,-1,1,0.5614408745080187,Anomaly
776,0.6653541062033014,2,-0.9606166985674274,2,1.950552221311621,0.0850492518807105,3,0.0,0.0849668236790082,0.2546249253678617,1,0.645040522822686,-1.0261667362455194,0.8459113011114247,7,1.153253590238697,0,0.9126104080681982,-1.271207294192428,0.9237707881769818,0,0,-0.6039107501479274,-0.4262300150429028,0.2662325767951835,0.0,0.241988311858558,0.8640128284861845,1.707499689688721,0.3380961637724818,-0.9810141559830952,-1.1676872598353414,-0.6791456840737199,-1.1559347102263289,0,1,0,0.49344706329833005,Normal
777,-1.8531884744878788,1,-0.0830145089751529,2,-0.0237554881710714,0.0850492518807105,2,0.0,0.0866284513770731,1.1697805251007627,0,-0.5851223839616266,0.3796721288811475,-0.9614863916702532,8,1.153253590238697,2,-0.8881461653721593,0.4064298534926404,-0.6780493930322936,0,1,-0.3305890744344257,-0.4262300150429028,-0.6589728319256667,0.0,-0.9320143892374164,-1.193035630466651,0.1557070814399298,0.3380961637724818,-0.8177339465973219,-0.6154915796172451,-0.6791456840737199,-0.5952272282818631,1,1,0,0.49741331112139686,Normal
778,-1.7436866231534796,2,1.3176782512498049,1,0.0996387436715968,0.0850492518807105,1,0.0,0.0899517067732029,0.2546249253678617,0,-1.4708396768463317,-1.0261667362455194,-0.9614863916702532,2,-1.5679065665042955,2,-1.080864302494331,0.4138785230769001,-0.6780493930322936,0,0,-0.6039107501479274,-0.4262300150429028,-1.584178240646517,0.0,-0.9320143892374164,-1.3216011591512031,2.4833959938131165,-1.0778621289498782,-0.9810141559830952,-1.1676872598353414,-0.3687152874355457,-1.1559347102263289,1,-1,1,0.5242787522083576,Anomaly
779,0.9938596602064989,2,0.4970954129587233,1,-0.1471497200137397,1.0617867539482455,1,0.0,0.0916133344712678,1.1697805251007627,0,0.3990079414658235,-1.0261667362455194,-0.0577875452794142,6,-1.5679065665042955,0,-0.4011450955992626,0.9438583910437588,2.1251359240839385,0,1,2.1293060069870897,2.346151056253851,-1.584178240646517,0.0,2.5899937140505074,0.9925783571707368,-0.6201892226844657,0.3380961637724818,1.4681889848035046,2.421584661582284,-0.3687152874355457,0.8065414765793012,0,-1,1,0.5545462523864579,Anomaly
780,1.5413689168784943,2,1.2904081267144516,1,-0.6407266473844129,1.0617867539482455,1,0.0,0.0932749621693327,-1.5756862740979405,1,-1.569252709389077,0.3796721288811475,-0.9614863916702532,6,0.2462002046576992,1,-0.8588241114329535,-0.5595079965567418,2.5255909693862573,0,1,-0.8772324258614291,-0.4262300150429028,0.2662325767951835,0.0,2.5899937140505074,0.8640128284861845,-0.6201892226844657,1.754054456494842,0.4885077284888646,-1.1676872598353414,-0.0582848907973714,0.8065414765793012,1,-1,1,0.5419604536363862,Anomaly
781,-0.9771736638126856,0,1.3970095226253776,1,1.827157989468953,-0.8916882501868245,5,0.0,0.0949365898673976,-0.6605306743650393,1,0.3005949089230785,-1.0261667362455194,0.8459113011114247,0,-1.5679065665042955,2,0.4715047270697106,-0.2751936839349027,-0.6780493930322936,0,0,-0.8772324258614291,-0.4262300150429028,-1.584178240646517,0.0,-0.9320143892374164,-0.1645114009902331,-0.6201892226844657,-1.0778621289498782,0.4885077284888646,0.7649976209279952,-0.3687152874355457,1.3672489585237668,1,-1,1,0.5545874211153009,Anomaly
782,-1.196177366481484,2,-1.5134564959659504,1,-1.010909342912418,-0.8916882501868245,3,0.0,0.0965982175654625,-1.5756862740979405,1,-0.3390898026047641,-1.0261667362455194,-0.9614863916702532,2,-1.5679065665042955,1,-0.5413810057432905,-0.4458103796951166,-0.6780493930322936,0,0,0.2160542769925777,-0.4262300150429028,-1.584178240646517,0.0,1.4159910129545328,-0.678773515728442,-0.6201892226844657,0.3380961637724818,-0.3278933184400019,-0.339393739508197,-0.3687152874355457,-0.3148734873096303,0,1,0,0.45761209624366705,Normal
783,-0.7581699611438873,2,0.925980098832914,1,1.3335810620982798,0.0850492518807105,4,0.0,0.0982598452635274,0.2546249253678617,1,0.9402796204509212,0.3796721288811475,-0.0577875452794142,4,-1.5679065665042955,1,0.7339158619604293,-0.7332165928991012,-1.0785044383346123,0,0,-0.0572673987209239,-0.4262300150429028,0.2662325767951835,0.0,0.241988311858558,-0.5502079870438897,-1.3960855268088614,-1.0778621289498782,-0.1646131090542286,-0.6154915796172451,-0.6791456840737199,-0.5952272282818631,0,1,0,0.4441966024254999,Normal
784,0.4463504035345031,2,-0.7275810889016822,1,-0.270543951856408,-0.8916882501868245,5,0.0,0.0999214729615923,-0.6605306743650393,0,-1.1263940629467242,1.7855109940078144,-0.9614863916702532,6,0.2462002046576992,1,-0.6644061450969149,0.6394467246379737,-0.6780493930322936,0,0,-0.6039107501479274,-0.4262300150429028,0.2662325767951835,0.0,-0.9320143892374164,-0.1645114009902331,0.1557070814399298,0.3380961637724818,0.4885077284888646,0.4888997808189471,-0.6791456840737199,1.086895217551534,0,1,0,0.45115026644189976,Normal
785,0.1178448495313057,2,-1.1713403881587927,1,0.9633983665702748,-1.86842575225436,1,0.0,0.104906356055787,0.2546249253678617,0,-0.043850704976529,-1.0261667362455194,0.8459113011114247,0,0.2462002046576992,1,0.4929650708947815,1.44685439938462,-1.0785044383346123,0,0,0.7626976284195812,-0.4262300150429028,-1.584178240646517,0.0,0.241988311858558,1.121143885855289,0.9316033855643254,-1.0778621289498782,1.9580296129608248,1.3171933011460917,-0.3687152874355457,1.3672489585237668,0,-1,1,0.5020377334959775,Anomaly
786,0.3368485522001039,2,1.7093764036666956,1,1.3335810620982798,1.0617867539482455,5,0.0,0.1115528668480466,-1.5756862740979405,1,-0.2406767700620191,0.3796721288811475,0.8459113011114247,0,1.153253590238697,1,0.8114705698431114,1.7186605687423249,0.523315742874663,0,0,1.3093409798465847,2.346151056253851,1.1914379855160335,0.0,0.241988311858558,0.3497507137479757,2.4833959938131165,0.3380961637724818,0.651787937874638,1.5932911412551394,2.7355886789461965,-0.8755809692540959,0,-1,1,0.5550563584876047,Anomaly
787,-1.0866755151470848,0,1.1763694241120657,1,-0.1471497200137397,2.038524256015781,1,0.0,0.1148761222441764,-1.5756862740979405,1,1.038692652993666,-2.432005601372186,-0.9614863916702532,2,0.2462002046576992,1,-0.3998702236888624,-1.1867421919256336,-0.6780493930322936,0,0,1.036019304133083,-0.4262300150429028,1.1914379855160335,0.0,2.5899937140505074,-1.0644701017820986,0.9316033855643254,0.3380961637724818,-0.6544537372115486,-0.6154915796172451,-0.3687152874355457,-0.5952272282818631,0,-1,1,0.5274589693968478,Anomaly
788,1.979376322216091,1,0.7152564092415487,1,-0.8875151110697495,-1.86842575225436,1,0.0,0.1181993776403062,1.1697805251007627,1,-0.043850704976529,0.3796721288811475,0.8459113011114247,4,-0.6608531809232983,1,0.950431608076739,0.2107968712041578,0.1228606975723441,0,0,0.7626976284195812,-0.4262300150429028,-0.6589728319256667,0.0,0.241988311858558,1.5068404719089457,0.9316033855643254,0.3380961637724818,-0.6544537372115486,-0.6154915796172451,-0.3687152874355457,-0.5952272282818631,0,1,0,0.4736739959238809,Normal
789,-0.9771736638126856,2,0.1351464873076723,1,0.0996387436715968,0.0850492518807105,4,0.0,0.1198610053383711,0.2546249253678617,0,-0.3390898026047641,0.3796721288811475,-0.0577875452794142,6,0.2462002046576992,2,-0.6040622080046363,-0.9000386833994092,0.1228606975723441,0,0,-0.6039107501479274,-0.4262300150429028,1.1914379855160335,0.0,-0.9320143892374164,-0.1645114009902331,0.9316033855643254,1.754054456494842,0.161947309717318,0.7649976209279952,-0.3687152874355457,0.8065414765793012,0,1,0,0.44707941654535,Normal
790,0.7748559575377005,2,1.4218005449302442,0,-1.010909342912418,-0.8916882501868245,3,0.0,0.121522633036436,-0.6605306743650393,1,1.235518718079156,-1.0261667362455194,0.8459113011114247,1,-1.5679065665042955,1,0.8454671541204515,-1.68467872658662,2.5255909693862573,0,0,-0.3305890744344257,-0.4262300150429028,1.1914379855160335,0.0,0.241988311858558,1.6354060005934978,-1.3960855268088614,0.3380961637724818,2.1213098223465976,0.4888997808189471,0.2521455058408027,0.5261877356070683,1,-1,1,0.5625645624882206,Anomaly
791,-0.42966440714069,2,-0.3681112654811178,1,-0.5173324155417446,0.0850492518807105,1,0.0,0.1231842607345009,1.1697805251007627,1,-1.569252709389077,-1.0261667362455194,0.8459113011114247,0,1.153253590238697,0,0.1309014483411096,0.969858464120892,0.523315742874663,0,0,-0.0572673987209239,-0.4262300150429028,0.2662325767951835,0.0,0.241988311858558,-0.2930769296747854,-0.6201892226844657,0.3380961637724818,-0.6544537372115486,-0.6154915796172451,-0.3687152874355457,-0.5952272282818631,0,1,0,0.4519559352650362,Normal
792,-0.2106607044718917,2,0.99539496128654,2,-0.6407266473844129,0.0850492518807105,5,0.0,0.1248458884325658,1.1697805251007627,1,0.9894861367222936,0.3796721288811475,0.8459113011114247,7,-1.5679065665042955,2,0.6542363675604136,-0.5593674556211897,-1.0785044383346123,0,1,1.855984331273588,2.346151056253851,-1.584178240646517,0.0,-0.9320143892374164,-0.2930769296747854,-0.6201892226844657,0.3380961637724818,0.161947309717318,0.7649976209279952,0.5625759024789769,0.8065414765793012,1,-1,1,0.5480056827768888,Anomaly
793,-0.42966440714069,1,0.0607734203930728,1,2.4441291486822943,1.0617867539482455,3,0.0,0.1265075161306307,-1.5756862740979405,0,-0.5851223839616266,-1.0261667362455194,-0.0577875452794142,6,0.2462002046576992,2,-0.4238803113347338,-1.571824355338307,-0.6780493930322936,0,0,1.855984331273588,2.346151056253851,-0.6589728319256667,0.0,-0.9320143892374164,0.3497507137479757,0.9316033855643254,0.3380961637724818,0.9783483566461848,0.7649976209279952,0.2521455058408027,1.086895217551534,1,-1,1,0.5588679660195879,Anomaly
794,-0.9771736638126856,2,0.229352372066165,1,0.7166099028849382,-0.8916882501868245,1,0.0,0.1281691438286956,-1.5756862740979405,1,-0.7819484490471167,0.3796721288811475,-0.9614863916702532,2,0.2462002046576992,0,-0.9127936889732308,1.1480643704009177,-0.6780493930322936,0,0,0.2160542769925777,-0.4262300150429028,1.1914379855160335,0.0,0.241988311858558,-0.9359045730975464,1.707499689688721,-1.0778621289498782,-0.4911735278257753,-0.6154915796172451,-0.0582848907973714,-0.5952272282818631,0,1,0,0.4655343194812363,Normal
795,-0.3201625558062908,1,-0.4573589457786372,1,-0.7641208792270812,-1.86842575225436,1,0.0,0.1298307715267605,-1.5756862740979405,1,-1.0279810304039791,0.3796721288811475,-0.0577875452794142,0,1.153253590238697,2,0.2662503494952699,1.1177075283216704,-1.0785044383346123,0,0,0.4893759527060795,-0.4262300150429028,0.2662325767951835,0.0,-0.9320143892374164,-0.5502079870438897,-1.3960855268088614,-1.0778621289498782,-0.1646131090542286,-0.6154915796172451,-0.6791456840737199,-0.0345197463373974,0,1,0,0.4741289870709792,Normal
796,0.0083429981969065,2,-1.2234015349990124,2,0.0996387436715968,1.0617867539482455,1,0.0,0.1331540269228903,1.1697805251007627,0,1.0878991692650386,-1.0261667362455194,-0.0577875452794142,7,1.153253590238697,0,0.040598021354425,1.3927461391970728,-0.2775943477299747,0,1,-0.3305890744344257,-0.4262300150429028,0.2662325767951835,0.0,2.5899937140505074,-0.4216424583593375,1.707499689688721,0.3380961637724818,-0.9810141559830952,-1.1676872598353414,-0.6791456840737199,-1.1559347102263289,0,-1,1,0.5159610360204121,Anomaly
797,-1.3056792178158831,2,1.03258149474384,1,-0.6407266473844129,-1.86842575225436,5,0.0,0.1348156546209552,1.1697805251007627,1,-1.6676657419318217,0.3796721288811475,-0.9614863916702532,2,1.153253590238697,1,-0.5974753698009015,-1.364385934463451,-0.6780493930322936,0,1,-0.0572673987209239,-0.4262300150429028,-0.6589728319256667,0.0,0.241988311858558,-0.5502079870438897,0.1557070814399298,1.754054456494842,-0.0013328996684553,0.7649976209279952,0.8730062991171511,0.5261877356070683,1,-1,1,0.5174899322780417,Anomaly
798,-1.196177366481484,2,1.3077618423278583,1,1.456975293940948,0.0850492518807105,3,0.0,0.1364772823190201,-1.5756862740979405,1,-1.4216331605749593,0.3796721288811475,-0.9614863916702532,2,0.2462002046576992,0,-0.8766723181785571,0.7111226017695297,-0.6780493930322936,0,0,1.3093409798465847,2.346151056253851,0.2662325767951835,0.0,0.241988311858558,-1.3216011591512031,-2.171981830933257,-1.0778621289498782,-0.9810141559830952,-0.8915894197262932,-0.6791456840737199,-1.1559347102263289,1,-1,1,0.5320037606367135,Anomaly
799,-0.42966440714069,2,0.5318028441855365,1,1.950552221311621,0.0850492518807105,3,0.0,0.138138910017085,-1.5756862740979405,1,-0.5359158676902541,-1.0261667362455194,-0.9614863916702532,6,-0.6608531809232983,2,-0.890270951889493,-1.590937922573389,0.523315742874663,0,1,1.3093409798465847,2.346151056253851,-0.6589728319256667,0.0,-0.9320143892374164,-0.8073390444129942,-2.171981830933257,0.3380961637724818,-0.8177339465973219,-0.6154915796172451,-0.0582848907973714,-0.5952272282818631,1,-1,1,0.5330199263415816,Anomaly
800,0.5558522548689022,2,-0.8267451781211482,1,-0.8875151110697495,-0.8916882501868245,3,0.0,0.1398005377151499,1.1697805251007627,1,-1.5200461931177045,0.3796721288811475,1.7496101475022634,3,-1.5679065665042955,1,2.371701309521288,0.0120719883335298,-1.0785044383346123,0,0,0.4893759527060795,-0.4262300150429028,1.1914379855160335,0.0,0.241988311858558,1.5068404719089457,0.1557070814399298,0.3380961637724818,2.447870241118145,0.4888997808189471,3.3564494722225446,0.8065414765793012,0,-1,1,0.5091482864775472,Anomaly
801,-0.9771736638126856,1,0.5119700263416432,1,-1.010909342912418,0.0850492518807105,3,0.0,0.1431237931112797,-1.5756862740979405,1,-1.0279810304039791,-1.0261667362455194,-0.9614863916702532,2,-0.6608531809232983,0,-0.8301394934489478,-1.0053038441279103,-0.6780493930322936,0,0,-0.0572673987209239,-0.4262300150429028,-1.584178240646517,0.0,1.4159910129545328,-1.3216011591512031,-0.6201892226844657,0.3380961637724818,-0.9810141559830952,-1.1676872598353414,-0.6791456840737199,-1.1559347102263289,1,-1,1,0.5031596998292487,Anomaly
802,1.4318670655440953,1,0.3880149148173107,2,-1.010909342912418,1.0617867539482455,4,0.0,0.1464470485074095,1.1697805251007627,1,0.743453555365431,0.3796721288811475,-0.0577875452794142,7,0.2462002046576992,2,-0.3771350079533911,0.4128947365280356,0.1228606975723441,0,1,-0.3305890744344257,-0.4262300150429028,1.1914379855160335,0.0,-0.9320143892374164,-0.8073390444129942,0.9316033855643254,0.3380961637724818,-1.1442943653688686,-1.1676872598353414,-0.6791456840737199,-1.1559347102263289,1,-1,1,0.5131423432150344,Anomaly
803,-0.42966440714069,1,0.4152850393526638,2,-0.270543951856408,0.0850492518807105,1,0.0,0.1481086762054744,1.1697805251007627,0,-1.7660787744745667,0.3796721288811475,-0.0577875452794142,7,-0.6608531809232983,1,-0.4676509135918091,-0.1281878653474367,-1.0785044383346123,0,0,0.4893759527060795,-0.4262300150429028,0.2662325767951835,0.0,0.241988311858558,-0.9359045730975464,0.1557070814399298,0.3380961637724818,-0.6544537372115486,-0.6154915796172451,-0.6791456840737199,-0.5952272282818631,0,1,0,0.44122202365612406,Normal
804,-0.3201625558062908,0,-0.2615098695701918,1,-0.7641208792270812,1.0617867539482455,1,0.0,0.1497703039035393,0.2546249253678617,1,-1.2740136117608418,-1.0261667362455194,-0.9614863916702532,6,1.153253590238697,1,-0.748760169835065,1.1475022066587093,0.1228606975723441,0,0,0.4893759527060795,-0.4262300150429028,1.1914379855160335,0.0,2.5899937140505074,-0.678773515728442,-0.6201892226844657,0.3380961637724818,-1.1442943653688686,-1.1676872598353414,-0.6791456840737199,-1.1559347102263289,0,1,0,0.49032324226545704,Normal
805,1.2128633628752972,0,1.139182890654766,1,-1.010909342912418,1.0617867539482455,3,0.0,0.1514319316016042,-1.5756862740979405,1,-1.5200461931177045,1.7855109940078144,1.7496101475022634,3,1.153253590238697,2,2.205967961169255,0.258721330227414,-0.2775943477299747,0,0,1.855984331273588,2.346151056253851,0.2662325767951835,0.0,-0.9320143892374164,2.0211025866471544,0.1557070814399298,-1.0778621289498782,-0.3278933184400019,-0.063295899399149,-0.0582848907973714,-0.8755809692540959,0,-1,1,0.5493234476407288,Anomaly
806,0.8843578088720997,0,0.6136132177915959,2,-0.0237554881710714,1.0617867539482455,1,0.0,0.153093559299669,-0.6605306743650393,0,-0.043850704976529,-1.0261667362455194,-0.0577875452794142,7,0.2462002046576992,1,-0.1933409742040213,0.5139436691899745,-0.6780493930322936,0,0,-0.6039107501479274,-0.4262300150429028,1.1914379855160335,0.0,0.241988311858558,0.4783162424325279,-0.6201892226844657,0.3380961637724818,1.304908775417731,1.5932911412551394,0.5625759024789769,2.2083101814404653,0,1,0,0.48841679552446127,Normal
807,1.6508707682128936,2,0.4747834928843435,1,-0.270543951856408,1.0617867539482455,1,0.0,0.154755186997734,-0.6605306743650393,1,1.038692652993666,0.3796721288811475,0.8459113011114247,0,-0.6608531809232983,2,0.8376054440063166,0.1417912718480911,1.7246808787816197,0,0,1.036019304133083,-0.4262300150429028,1.1914379855160335,0.0,-0.9320143892374164,0.8640128284861845,0.9316033855643254,0.3380961637724818,0.161947309717318,0.4888997808189471,0.5625759024789769,-1.1559347102263289,0,1,0,0.4947356545863122,Normal
808,0.1178448495313057,2,-0.0805354067446662,2,0.0996387436715968,1.0617867539482455,2,0.0,0.1564168146957988,0.2546249253678617,1,0.349801425194451,-1.0261667362455194,0.8459113011114247,7,0.2462002046576992,0,0.4753293428009114,-1.2289044725912548,-1.0785044383346123,0,1,-0.3305890744344257,-0.4262300150429028,-0.6589728319256667,0.0,1.4159910129545328,-0.2930769296747854,-0.6201892226844657,0.3380961637724818,0.161947309717318,0.7649976209279952,-0.0582848907973714,0.8065414765793012,0,1,0,0.46674858685935106,Normal
809,-0.8676718124782865,2,0.754922044929335,1,2.320734916839626,1.0617867539482455,1,0.0,0.1580784423938638,0.2546249253678617,0,1.333931750621901,0.3796721288811475,-0.9614863916702532,6,1.153253590238697,0,-0.8475627428910846,1.778531007287507,0.523315742874663,0,0,1.855984331273588,2.346151056253851,-1.584178240646517,0.0,0.241988311858558,-0.0359458723056809,-1.3960855268088614,0.3380961637724818,-0.0013328996684553,0.212801940709899,-0.3687152874355457,0.8065414765793012,0,-1,1,0.5157219881990595,Anomaly
810,-0.9771736638126856,2,0.3657029947429309,1,-0.7641208792270812,0.0850492518807105,3,0.0,0.1597400700919287,1.1697805251007627,0,1.333931750621901,0.3796721288811475,0.8459113011114247,4,-0.6608531809232983,0,0.2447900056701989,-0.8817683617776401,-1.0785044383346123,0,0,0.4893759527060795,-0.4262300150429028,-0.6589728319256667,0.0,2.5899937140505074,-0.1645114009902331,0.1557070814399298,-1.0778621289498782,0.3252275191030913,0.7649976209279952,-0.3687152874355457,0.8065414765793012,0,1,0,0.4709378675850831,Normal
811,0.9938596602064989,2,-0.9829286186418073,2,-0.7641208792270812,-1.86842575225436,2,0.0,0.1647249531861233,-1.5756862740979405,1,-0.6835354165043717,0.3796721288811475,1.7496101475022634,3,0.2462002046576992,1,2.3292055791746127,0.1802994881893585,0.1228606975723441,0,0,-0.8772324258614291,-0.4262300150429028,1.1914379855160335,0.0,0.241988311858558,1.5068404719089457,0.1557070814399298,0.3380961637724818,0.8150681472604113,1.3171933011460917,0.5625759024789769,1.3672489585237668,0,1,0,0.47942071540539605,Normal
812,0.1178448495313057,2,-1.6671608342561228,2,-0.8875151110697495,-0.8916882501868245,2,0.0,0.1663865808841882,1.1697805251007627,1,-1.6676657419318217,0.3796721288811475,0.8459113011114247,7,-0.6608531809232983,2,0.1801964955432528,0.8862366074674098,1.7246808787816197,0,0,0.2160542769925777,-0.4262300150429028,0.2662325767951835,0.0,-0.9320143892374164,-0.1645114009902331,-0.6201892226844657,0.3380961637724818,-0.9810141559830952,-1.1676872598353414,-0.6791456840737199,-1.1559347102263289,0,1,0,0.4752460237269825,Normal
813,0.6653541062033014,1,0.6929444891671688,1,2.197340684996958,0.0850492518807105,1,0.0,0.1680482085822532,0.2546249253678617,0,0.841866587908176,0.3796721288811475,0.8459113011114247,4,-1.5679065665042955,1,0.9172849384063324,-0.3904372510876007,2.1251359240839385,0,0,-1.1505541015749308,-0.4262300150429028,0.2662325767951835,0.0,0.241988311858558,0.8640128284861845,-1.3960855268088614,0.3380961637724818,0.161947309717318,0.7649976209279952,-0.6791456840737199,-0.8755809692540959,0,1,0,0.4757951742521283,Normal
814,0.2273467008657048,1,-1.4861863714305974,1,-0.8875151110697495,0.0850492518807105,1,0.0,0.169709836280318,-1.5756862740979405,1,0.8910731041795485,0.3796721288811475,1.7496101475022634,0,1.153253590238697,0,1.203918639594656,-0.1076688887568344,1.7246808787816197,0,0,-1.1505541015749308,-0.4262300150429028,1.1914379855160335,0.0,2.5899937140505074,1.2497094145398413,0.9316033855643254,0.3380961637724818,1.794749403575051,0.7649976209279952,2.7355886789461965,0.2458339946348354,1,-1,1,0.5667977189459402,Anomaly
815,0.3368485522001039,2,1.2532215932571518,1,0.59321567104227,0.0850492518807105,3,0.0,0.171371463978383,0.2546249253678617,1,-1.0771875466753518,-1.0261667362455194,2.6533089938931025,5,0.2462002046576992,2,2.788371945570437,0.4540732306447923,-0.6780493930322936,0,0,-0.3305890744344257,-0.4262300150429028,-1.584178240646517,0.0,-0.9320143892374164,1.2497094145398413,-0.6201892226844657,1.754054456494842,2.1213098223465976,0.7649976209279952,0.5625759024789769,1.3672489585237668,0,-1,1,0.5025550674817054,Anomaly
816,-1.7436866231534796,2,0.449992470579477,1,-1.010909342912418,-1.86842575225436,5,0.0,0.1763563470725776,1.1697805251007627,0,0.2021818763803334,-1.0261667362455194,-0.9614863916702532,6,-0.6608531809232983,2,-0.9419032642607033,1.5477627911110068,-0.6780493930322936,0,1,-1.1505541015749308,-0.4262300150429028,0.2662325767951835,0.0,-0.9320143892374164,-1.193035630466651,2.4833959938131165,1.754054456494842,-0.8177339465973219,-0.6154915796172451,-0.0582848907973714,-0.5952272282818631,0,-1,1,0.5240980809340062,Anomaly
817,0.2273467008657048,0,-0.9011182450357478,1,-0.0237554881710714,0.0850492518807105,1,0.0,0.1780179747706425,0.2546249253678617,1,0.2021818763803334,0.3796721288811475,-0.0577875452794142,2,-0.6608531809232983,2,0.0592961427069621,-0.7790329378890763,2.5255909693862573,0,0,-0.0572673987209239,-0.4262300150429028,0.2662325767951835,0.0,-0.9320143892374164,-0.2930769296747854,-0.6201892226844657,-1.0778621289498782,-0.3278933184400019,-0.063295899399149,-0.6791456840737199,-0.3148734873096303,0,1,0,0.4767410011799782,Normal
818,-0.1011588531374925,0,-1.4514789402037842,1,1.0867925984129432,1.0617867539482455,1,0.0,0.1796796024687074,-1.5756862740979405,1,0.5958340065513135,0.3796721288811475,-0.0577875452794142,4,1.153253590238697,2,0.2711373584851375,1.254313317678283,-0.2775943477299747,0,0,1.3093409798465847,2.346151056253851,-1.584178240646517,0.0,-0.9320143892374164,0.8640128284861845,-2.171981830933257,0.3380961637724818,0.651787937874638,1.3171933011460917,-0.6791456840737199,1.3672489585237668,0,-1,1,0.5309403886761606,Anomaly
819,-0.6486681098094882,1,-0.0235160554434733,2,1.3335810620982798,0.0850492518807105,1,0.0,0.1830028578648372,0.2546249253678617,1,0.0545623275662159,1.7855109940078144,-0.9614863916702532,8,1.153253590238697,1,-0.7887061563609395,1.0776533616893302,-1.0785044383346123,0,0,-0.8772324258614291,-0.4262300150429028,-1.584178240646517,0.0,0.241988311858558,-1.0644701017820986,0.9316033855643254,0.3380961637724818,-0.8177339465973219,-0.6154915796172451,-0.0582848907973714,-0.5952272282818631,0,1,0,0.476085456465831,Normal
820,-0.9771736638126856,2,1.607733212216743,1,-0.8875151110697495,-1.86842575225436,1,0.0,0.1846644855629021,-1.5756862740979405,1,0.0545623275662159,-1.0261667362455194,-0.9614863916702532,6,-0.6608531809232983,1,-0.7015899091502557,0.7867336250965438,-1.0785044383346123,0,0,0.4893759527060795,-0.4262300150429028,-1.584178240646517,0.0,-0.9320143892374164,-0.678773515728442,-0.6201892226844657,-2.4938204216722384,-0.3278933184400019,-0.339393739508197,-0.6791456840737199,-0.0345197463373974,0,1,0,0.47048968490235676,Normal
821,-0.2106607044718917,1,0.9408547122158338,2,0.2230329755142651,-0.8916882501868245,2,0.0,0.186326113260967,1.1697805251007627,1,-0.5851223839616266,0.3796721288811475,-0.0577875452794142,7,1.153253590238697,0,-0.3261401315373811,0.588430365032572,-0.6780493930322936,0,0,-1.1505541015749308,-0.4262300150429028,1.1914379855160335,0.0,0.241988311858558,-0.8073390444129942,0.1557070814399298,0.3380961637724818,-0.3278933184400019,-0.6154915796172451,-0.6791456840737199,-0.5952272282818631,0,1,0,0.4441412590803379,Normal
822,1.3223652142096962,2,-1.5580803361147102,2,-0.1471497200137397,1.0617867539482455,5,0.0,0.1879877409590319,1.1697805251007627,1,-0.4867093514188816,-1.0261667362455194,1.7496101475022634,7,-0.6608531809232983,1,1.405985837393096,-0.3420911692576884,1.324225833479301,0,0,0.4893759527060795,-0.4262300150429028,-0.6589728319256667,0.0,0.241988311858558,1.3782749432243937,0.1557070814399298,0.3380961637724818,0.3252275191030913,1.041095461037043,-0.0582848907973714,-0.3148734873096303,0,1,0,0.49376976739360084,Normal
823,-0.3201625558062908,1,0.4970954129587233,1,-0.8875151110697495,-0.8916882501868245,1,0.0,0.1913109963551617,1.1697805251007627,1,1.432344783164646,0.3796721288811475,-0.0577875452794142,4,0.2462002046576992,2,-0.5248076709080872,0.2137482308507513,-0.2775943477299747,0,0,-1.1505541015749308,-0.4262300150429028,1.1914379855160335,0.0,-0.9320143892374164,-0.8073390444129942,0.1557070814399298,-1.0778621289498782,-0.6544537372115486,-0.6154915796172451,-0.6791456840737199,-0.5952272282818631,0,1,0,0.44422351531027865,Normal
824,-0.8676718124782865,1,-0.7746840312809286,1,0.0996387436715968,0.0850492518807105,1,0.0,0.1962958794493564,1.1697805251007627,0,-0.2406767700620191,0.3796721288811475,-0.9614863916702532,6,-0.6608531809232983,0,-0.6824668304942518,0.5097274411234124,-1.0785044383346123,0,0,-0.3305890744344257,-0.4262300150429028,1.1914379855160335,0.0,1.4159910129545328,-0.4216424583593375,-0.6201892226844657,-1.0778621289498782,-0.0013328996684553,0.212801940709899,-0.3687152874355457,-0.8755809692540959,0,1,0,0.4659492856545261,Normal
825,0.5558522548689022,2,-1.523372904887897,1,2.4441291486822943,0.0850492518807105,3,0.0,0.2046040179396809,-0.6605306743650393,1,-0.4867093514188816,-2.432005601372186,-0.0577875452794142,2,1.153253590238697,2,-0.4740252731438104,-0.6682866806740446,0.523315742874663,0,0,1.036019304133083,-0.4262300150429028,-1.584178240646517,0.0,-0.9320143892374164,0.6068817711170802,0.1557070814399298,0.3380961637724818,-0.9810141559830952,-1.1676872598353414,-0.6791456840737199,-1.1559347102263289,0,-1,1,0.5017127287938091,Anomaly
826,-0.8676718124782865,2,-0.2094487227299721,1,-0.1471497200137397,-1.86842575225436,3,0.0,0.2079272733358107,-0.6605306743650393,1,0.645040522822686,-1.0261667362455194,-0.0577875452794142,4,1.153253590238697,1,-0.307442010184844,0.4744516662998426,-0.6780493930322936,0,1,-0.0572673987209239,-0.4262300150429028,0.2662325767951835,0.0,0.241988311858558,-0.1645114009902331,-0.6201892226844657,-1.0778621289498782,0.4885077284888646,0.7649976209279952,-0.3687152874355457,-0.5952272282818631,0,1,0,0.4498684756053218,Normal
827,0.1178448495313057,2,-0.9159928584186676,0,-1.010909342912418,0.0850492518807105,0,0.0,0.2112505287319405,0.2546249253678617,1,-1.4216331605749593,1.7855109940078144,-0.9614863916702532,1,0.2462002046576992,1,-0.7774447878190707,-1.167769165626104,-0.6780493930322936,0,0,-0.6039107501479274,-0.4262300150429028,1.1914379855160335,0.0,0.241988311858558,-0.5502079870438897,-0.6201892226844657,1.754054456494842,-0.0013328996684553,0.4888997808189471,0.8730062991171511,-1.1559347102263289,0,1,0,0.49507417370754253,Normal
828,-0.9771736638126856,1,-0.0730981000532063,1,-0.3939381836990763,0.0850492518807105,1,0.0,0.2145737841280703,0.2546249253678617,1,-1.3232201280322142,-1.0261667362455194,-0.9614863916702532,6,0.2462002046576992,0,-0.8074042777134766,1.0926912417934018,-0.6780493930322936,0,1,-0.3305890744344257,-0.4262300150429028,1.1914379855160335,0.0,0.241988311858558,-1.0644701017820986,-0.6201892226844657,0.3380961637724818,-0.6544537372115486,-0.8915894197262932,-0.6791456840737199,-0.5952272282818631,0,1,0,0.4630361619068705,Normal
829,-2.072192177156677,0,-1.3771058732891848,1,-0.1471497200137397,-1.86842575225436,3,0.0,0.2178970395242001,0.2546249253678617,1,0.6942470390940585,0.3796721288811475,-0.9614863916702532,2,0.2462002046576992,2,-0.9771747204484436,-0.1064040203368657,-0.6780493930322936,0,0,-0.8772324258614291,-0.4262300150429028,1.1914379855160335,0.0,-0.9320143892374164,-1.4501666878357553,-2.171981830933257,0.3380961637724818,-1.1442943653688686,-1.1676872598353414,-0.6791456840737199,-1.1559347102263289,1,-1,1,0.5280237580638407,Anomaly
830,-0.42966440714069,2,-0.494545479235937,2,-0.0237554881710714,1.0617867539482455,2,0.0,0.219558667222265,-1.5756862740979405,0,0.5466274902799411,0.3796721288811475,-0.0577875452794142,7,-1.5679065665042955,2,0.3656903585064896,0.5722681574440839,-1.0785044383346123,0,1,0.4893759527060795,-0.4262300150429028,-1.584178240646517,0.0,-0.9320143892374164,-0.678773515728442,0.1557070814399298,0.3380961637724818,-0.3278933184400019,-0.6154915796172451,-0.6791456840737199,-0.3148734873096303,1,1,0,0.4988286635244096,Normal
831,0.4463504035345031,2,-1.575434051728117,1,0.3464272073569334,1.0617867539482455,1,0.0,0.2212202949203299,-0.6605306743650393,1,-0.9787745141326066,0.3796721288811475,-0.9614863916702532,2,1.153253590238697,1,-0.3690608191875229,-0.7395409349989445,0.1228606975723441,0,1,-1.1505541015749308,-0.4262300150429028,-1.584178240646517,0.0,0.241988311858558,-0.678773515728442,0.9316033855643254,0.3380961637724818,-0.9810141559830952,-1.1676872598353414,-0.6791456840737199,-1.1559347102263289,0,1,0,0.47209867533150146,Normal
832,-0.6486681098094882,1,0.1772912252259454,1,0.7166099028849382,0.0850492518807105,3,0.0,0.2245435503164597,0.2546249253678617,1,0.3005949089230785,0.3796721288811475,-0.9614863916702532,2,0.2462002046576992,1,-0.8271647923246805,-1.1355852913846798,-0.6780493930322936,0,0,-0.8772324258614291,-0.4262300150429028,0.2662325767951835,0.0,0.241988311858558,-1.193035630466651,1.707499689688721,-1.0778621289498782,-0.8177339465973219,-0.6154915796172451,-0.0582848907973714,-0.5952272282818631,1,1,0,0.4630975179658246,Normal
833,0.0083429981969065,2,-1.0796136056307866,1,1.950552221311621,-0.8916882501868245,3,0.0,0.2262051780145246,0.2546249253678617,0,-0.6835354165043717,-1.0261667362455194,-0.0577875452794142,0,1.153253590238697,0,-0.1640189202648155,0.4016514616838699,1.7246808787816197,0,0,-0.6039107501479274,-0.4262300150429028,0.2662325767951835,0.0,1.4159910129545328,-0.2930769296747854,-0.6201892226844657,0.3380961637724818,-0.1646131090542286,-0.6154915796172451,-0.3687152874355457,-0.3148734873096303,0,1,0,0.47000968726335124,Normal
834,-1.0866755151470848,2,-1.496102780352544,1,-0.3939381836990763,0.0850492518807105,1,0.0,0.2278668057125895,1.1697805251007627,1,-0.5359158676902541,-1.0261667362455194,-0.9614863916702532,6,0.2462002046576992,1,-0.8422507765977502,-0.8942765050417744,-0.6780493930322936,0,0,-0.6039107501479274,-0.4262300150429028,0.2662325767951835,0.0,0.241988311858558,-0.9359045730975464,-2.171981830933257,0.3380961637724818,-0.4911735278257753,-0.6154915796172451,-0.0582848907973714,-0.5952272282818631,0,1,0,0.4424587652170816,Normal
835,-0.3201625558062908,2,1.4812989984619238,2,-0.0237554881710714,-1.86842575225436,1,0.0,0.2295284334106544,-0.6605306743650393,0,0.2021818763803334,0.3796721288811475,-0.0577875452794142,7,0.2462002046576992,1,-0.1676310573442829,-1.1923638293477163,-0.6780493930322936,0,0,1.3093409798465847,2.346151056253851,-1.584178240646517,0.0,-0.9320143892374164,-0.678773515728442,0.1557070814399298,-1.0778621289498782,-0.1646131090542286,0.212801940709899,-0.3687152874355457,-0.3148734873096303,0,1,0,0.4793597222908726,Normal
836,-0.2106607044718917,2,-0.6804781465224358,0,-0.1471497200137397,1.0617867539482455,5,0.0,0.2311900611087193,0.2546249253678617,1,1.6783773645215088,0.3796721288811475,-0.9614863916702532,1,0.2462002046576992,2,-0.4631888619054082,-1.012611972776618,-0.6780493930322936,0,0,0.4893759527060795,-0.4262300150429028,-0.6589728319256667,0.0,-0.9320143892374164,-0.678773515728442,-0.6201892226844657,-2.4938204216722384,-0.3278933184400019,-0.063295899399149,-0.3687152874355457,-0.0345197463373974,0,1,0,0.4852595601032133,Normal
837,-0.8676718124782865,2,-0.977970414180834,2,1.7037637576262843,-1.86842575225436,1,0.0,0.2328516888067842,1.1697805251007627,0,-1.0279810304039791,-1.0261667362455194,0.8459113011114247,7,-1.5679065665042955,1,0.1770093157672521,-0.4428590200485231,-0.6780493930322936,0,0,-0.6039107501479274,-0.4262300150429028,-1.584178240646517,0.0,0.241988311858558,-0.0359458723056809,0.1557070814399298,-2.4938204216722384,0.651787937874638,1.041095461037043,0.2521455058408027,1.6476026994959998,1,-1,1,0.5291570295466081,Anomaly
838,0.3368485522001039,1,-0.5193365015408035,1,-0.0237554881710714,1.0617867539482455,3,0.0,0.2345133165048491,-0.6605306743650393,0,1.0878991692650386,0.3796721288811475,0.8459113011114247,5,0.2462002046576992,2,1.4865152464000455,-0.0746417689020977,2.5255909693862573,0,0,0.4893759527060795,-0.4262300150429028,0.2662325767951835,0.0,-0.9320143892374164,1.121143885855289,0.1557070814399298,-1.0778621289498782,1.794749403575051,0.7649976209279952,-0.0582848907973714,2.488663922412698,0,-1,1,0.5176352119084884,Anomaly
839,0.5558522548689022,1,-0.7969959513553084,2,0.3464272073569334,0.0850492518807105,1,0.0,0.236174944202914,0.2546249253678617,1,-1.0771875466753518,0.3796721288811475,1.7496101475022634,7,-1.5679065665042955,2,1.5415472171989897,-1.6676732733848196,-1.0785044383346123,0,1,-0.8772324258614291,-0.4262300150429028,-0.6589728319256667,0.0,-0.9320143892374164,1.3782749432243937,-0.6201892226844657,-1.0778621289498782,2.284590031732371,1.3171933011460917,3.3564494722225446,2.7690176633849317,1,-1,1,0.582368776843444,Anomaly
840,0.5558522548689022,2,-0.3854649810945244,2,-0.6407266473844129,1.0617867539482455,2,0.0,0.2428214549951736,-0.6605306743650393,1,-1.0279810304039791,0.3796721288811475,-0.0577875452794142,7,-1.5679065665042955,2,-0.2864066236632398,-1.6949382148819214,1.7246808787816197,0,0,-0.6039107501479274,-0.4262300150429028,1.1914379855160335,0.0,-0.9320143892374164,-0.2930769296747854,0.1557070814399298,1.754054456494842,-0.1646131090542286,-0.063295899399149,-0.3687152874355457,0.2458339946348354,0,1,0,0.4729208809867217,Normal
841,-0.2106607044718917,2,0.4450342661185036,1,-1.010909342912418,1.0617867539482455,3,0.0,0.2444830826932385,1.1697805251007627,1,-0.3882963188761366,-1.0261667362455194,-0.9614863916702532,2,0.2462002046576992,1,-0.9019572777348288,0.2848619442400992,1.324225833479301,0,0,-0.8772324258614291,-0.4262300150429028,-0.6589728319256667,0.0,0.241988311858558,-0.1645114009902331,-0.6201892226844657,0.3380961637724818,0.161947309717318,-1.1676872598353414,-0.3687152874355457,0.8065414765793012,0,1,0,0.4438176510602702,Normal
842,-1.4151810691502822,2,-0.806912360277255,1,1.827157989468953,0.0850492518807105,3,0.0,0.2461447103913034,1.1697805251007627,1,-0.8311549653184892,0.3796721288811475,-0.9614863916702532,2,-0.6608531809232983,2,-0.6174483630638389,-1.1108500867275153,2.1251359240839385,0,0,1.855984331273588,2.346151056253851,1.1914379855160335,0.0,-0.9320143892374164,-0.678773515728442,-0.6201892226844657,0.3380961637724818,-0.4911735278257753,-0.339393739508197,-0.3687152874355457,-0.5952272282818631,0,-1,1,0.506065438699207,Anomaly
843,-0.9771736638126856,2,1.6920226880532891,1,0.3464272073569334,-1.86842575225436,1,0.0,0.2494679657874332,0.2546249253678617,0,0.645040522822686,0.3796721288811475,-0.9614863916702532,2,1.153253590238697,1,-0.8473502642393512,1.2145402329170472,-0.6780493930322936,0,1,-1.1505541015749308,-0.4262300150429028,1.1914379855160335,0.0,-0.9320143892374164,-1.3216011591512031,0.9316033855643254,-1.0778621289498782,-0.9810141559830952,-0.8915894197262932,-0.6791456840737199,-1.1559347102263289,1,-1,1,0.5154029484642324,Anomaly
844,-1.196177366481484,2,1.4416333627741371,1,-0.7641208792270812,1.0617867539482455,3,0.0,0.252791221183563,-1.5756862740979405,1,0.7926600716368035,1.7855109940078144,-0.9614863916702532,2,1.153253590238697,1,-0.4425784326872709,-0.1253770466363953,-0.6780493930322936,0,0,1.855984331273588,2.346151056253851,-0.6589728319256667,0.0,0.241988311858558,-0.4216424583593375,-0.6201892226844657,0.3380961637724818,0.161947309717318,0.7649976209279952,-0.6791456840737199,0.8065414765793012,0,1,0,0.48891337183901545,Normal
845,-0.7581699611438873,2,0.122750976155239,2,0.0996387436715968,0.0850492518807105,2,0.0,0.2561144765796928,0.2546249253678617,1,0.3005949089230785,-1.0261667362455194,-0.0577875452794142,7,0.2462002046576992,1,0.0159504977533535,-1.6312731710768331,-0.6780493930322936,0,0,0.7626976284195812,-0.4262300150429028,-1.584178240646517,0.0,0.241988311858558,-0.1645114009902331,0.1557070814399298,0.3380961637724818,0.4885077284888646,-0.339393739508197,-0.3687152874355457,-0.0345197463373974,0,1,0,0.42887153764078734,Normal
846,0.3368485522001039,1,0.2467060876795716,1,2.073946453154289,-0.8916882501868245,3,0.0,0.2577761042777577,0.2546249253678617,0,1.2847252343505289,-1.0261667362455194,-0.0577875452794142,6,1.153253590238697,1,-0.4421534753838041,0.9683125138298192,0.1228606975723441,0,1,-0.6039107501479274,-0.4262300150429028,1.1914379855160335,0.0,0.241988311858558,0.6068817711170802,0.1557070814399298,-2.4938204216722384,-0.9810141559830952,-0.8915894197262932,-0.6791456840737199,-1.1559347102263289,0,-1,1,0.5018532020854722,Anomaly
847,-0.2106607044718917,2,0.0409406025491796,1,-0.8875151110697495,0.0850492518807105,1,0.0,0.2610993596738875,0.2546249253678617,1,-1.0771875466753518,-1.0261667362455194,0.8459113011114247,4,-0.6608531809232983,0,0.8012715945599094,0.7413389029132249,-0.2775943477299747,0,0,0.7626976284195812,-0.4262300150429028,-0.6589728319256667,0.0,0.241988311858558,0.4783162424325279,-0.6201892226844657,1.754054456494842,-0.0013328996684553,0.7649976209279952,1.1834366957553253,-0.0345197463373974,0,1,0,0.458419228007346,Normal
848,-0.3201625558062908,1,-0.330924732023818,1,-1.010909342912418,0.0850492518807105,3,0.0,0.2644226150700173,1.1697805251007627,1,1.5307578157073911,-1.0261667362455194,-0.0577875452794142,0,-1.5679065665042955,2,-0.2464606371373652,1.608054852462845,-1.0785044383346123,0,0,1.3093409798465847,2.346151056253851,0.2662325767951835,0.0,-0.9320143892374164,0.3497507137479757,0.1557070814399298,0.3380961637724818,0.9783483566461848,1.3171933011460917,0.5625759024789769,1.3672489585237668,0,-1,1,0.5266101064297958,Anomaly
849,-0.2106607044718917,1,-0.4127351056298775,1,-0.6407266473844129,1.0617867539482455,4,0.0,0.2660842427680822,1.1697805251007627,1,-0.929567997861234,-1.0261667362455194,-0.9614863916702532,2,1.153253590238697,1,-0.8768847968302904,1.7179578640645643,-0.6780493930322936,0,0,-0.6039107501479274,-0.4262300150429028,-0.6589728319256667,0.0,0.241988311858558,-1.193035630466651,-0.6201892226844657,1.754054456494842,-0.8177339465973219,-0.6154915796172451,-0.0582848907973714,-0.5952272282818631,0,1,0,0.4563759902529506,Normal
850,0.6653541062033014,2,1.4118841360082974,2,-0.0237554881710714,0.0850492518807105,2,0.0,0.2710691258622769,-1.5756862740979405,0,0.9402796204509212,-2.432005601372186,-0.0577875452794142,7,0.2462002046576992,2,-0.2458232011821651,-0.6779840052271374,2.1251359240839385,0,0,-0.6039107501479274,-0.4262300150429028,-0.6589728319256667,0.0,-0.9320143892374164,-0.5502079870438897,-0.6201892226844657,-1.0778621289498782,-0.4911735278257753,-0.339393739508197,-0.3687152874355457,-0.3148734873096303,1,-1,1,0.5092533164139568,Anomaly
851,-0.5391662584750891,0,0.1475419984601055,2,-0.8875151110697495,-1.86842575225436,1,0.0,0.2743923812584067,0.2546249253678617,0,0.4974209740085685,0.3796721288811475,-0.9614863916702532,8,-1.5679065665042955,0,-0.7810569248985381,0.0890884210160646,-0.6780493930322936,0,0,-0.8772324258614291,-0.4262300150429028,0.2662325767951835,0.0,2.5899937140505074,-1.3216011591512031,0.1557070814399298,0.3380961637724818,-0.9810141559830952,-1.1676872598353414,-0.6791456840737199,-1.1559347102263289,0,-1,1,0.5066635259149368,Anomaly
852,2.08887817355049,2,-0.2094487227299721,1,-0.6407266473844129,1.0617867539482455,5,0.0,0.2760540089564716,1.1697805251007627,0,1.2847252343505289,0.3796721288811475,2.6533089938931025,3,-1.5679065665042955,0,2.855727678169917,0.5989709351989773,0.523315742874663,0,0,-0.6039107501479274,-0.4262300150429028,1.1914379855160335,0.0,0.241988311858558,2.1496681153317065,-0.6201892226844657,0.3380961637724818,-0.3278933184400019,-0.6154915796172451,0.5625759024789769,-0.5952272282818631,0,-1,1,0.5285263019136733,Anomaly
853,-0.8676718124782865,2,1.4837781006924105,1,-0.3939381836990763,-1.86842575225436,3,0.0,0.2777156366545365,-0.6605306743650393,0,-0.5851223839616266,0.3796721288811475,-0.9614863916702532,2,1.153253590238697,1,-0.7164634147715919,1.6905523816319108,-0.6780493930322936,0,0,-0.6039107501479274,-0.4262300150429028,-1.584178240646517,0.0,0.241988311858558,-0.1645114009902331,1.707499689688721,0.3380961637724818,0.4885077284888646,1.041095461037043,-0.6791456840737199,1.086895217551534,0,1,0,0.46825744805453245,Normal
854,-1.9626903258222776,2,-0.3904231855554976,1,-0.0237554881710714,-0.8916882501868245,1,0.0,0.2793772643526014,0.2546249253678617,1,-0.5851223839616266,0.3796721288811475,-0.9614863916702532,6,-1.5679065665042955,2,-0.8394885541252163,-1.0036173529012853,-0.6780493930322936,0,0,2.675949358414093,2.346151056253851,0.2662325767951835,0.0,-0.9320143892374164,-1.3216011591512031,0.9316033855643254,0.3380961637724818,-0.9810141559830952,-0.8915894197262932,-0.6791456840737199,-1.1559347102263289,0,-1,1,0.5086334899456134,Anomaly
855,0.8843578088720997,2,1.6226078255996628,1,-0.270543951856408,0.0850492518807105,3,0.0,0.2827005197487311,-1.5756862740979405,0,0.841866587908176,0.3796721288811475,-0.9614863916702532,6,0.2462002046576992,1,-0.4304671495384684,0.8132958619158851,0.523315742874663,0,1,1.036019304133083,-0.4262300150429028,0.2662325767951835,0.0,0.241988311858558,-0.5502079870438897,-0.6201892226844657,-1.0778621289498782,-0.6544537372115486,-0.6154915796172451,-0.6791456840737199,-0.5952272282818631,0,1,0,0.4556752329243392,Normal
856,0.0083429981969065,2,0.4326387549660704,1,-1.010909342912418,0.0850492518807105,1,0.0,0.2843621474467961,1.1697805251007627,0,-0.4867093514188816,-1.0261667362455194,-0.0577875452794142,4,1.153253590238697,1,-0.0061472820269175,-0.6116486836465601,-0.6780493930322936,0,0,-0.6039107501479274,-0.4262300150429028,-0.6589728319256667,0.0,0.241988311858558,0.3497507137479757,-0.6201892226844657,-1.0778621289498782,1.141628566031958,1.041095461037043,0.2521455058408027,1.9279564404682328,0,1,0,0.45202952237629757,Normal
857,-1.8531884744878788,2,0.0062331713223664,1,-0.7641208792270812,0.0850492518807105,1,0.0,0.2876854028429259,-1.5756862740979405,1,1.038692652993666,-1.0261667362455194,-0.9614863916702532,2,0.2462002046576992,2,-0.7372863226414627,-0.2087178214187732,-0.6780493930322936,0,0,-0.8772324258614291,-0.4262300150429028,-1.584178240646517,0.0,-0.9320143892374164,-1.193035630466651,-0.6201892226844657,-1.0778621289498782,-0.8177339465973219,-0.6154915796172451,-0.3687152874355457,-0.5952272282818631,0,1,0,0.4582561938445549,Normal
858,0.7748559575377005,2,0.7301310226244685,1,0.0996387436715968,1.0617867539482455,1,0.0,0.2910086582390557,0.2546249253678617,1,1.4815512994360187,0.3796721288811475,-0.9614863916702532,6,0.2462002046576992,2,-0.7578967518596001,-0.4900807743940188,-0.6780493930322936,0,1,-1.1505541015749308,-0.4262300150429028,0.2662325767951835,0.0,-0.9320143892374164,-0.678773515728442,0.9316033855643254,0.3380961637724818,-0.1646131090542286,-0.063295899399149,-0.6791456840737199,-0.5952272282818631,1,1,0,0.475163363544974,Normal
859,1.7603726195472926,2,1.0424979036657869,1,-0.270543951856408,-0.8916882501868245,3,0.0,0.2926702859371206,1.1697805251007627,0,-0.7819484490471167,0.3796721288811475,2.6533089938931025,3,0.2462002046576992,0,2.571643720802394,0.6081060960098619,0.1228606975723441,0,0,0.7626976284195812,-0.4262300150429028,-0.6589728319256667,0.0,0.241988311858558,1.8925370579626024,2.4833959938131165,0.3380961637724818,-0.0013328996684553,0.7649976209279952,0.5625759024789769,0.8065414765793012,0,-1,1,0.509395705950119,Anomaly
860,-0.8676718124782865,2,0.3458701768990376,1,0.7166099028849382,-1.86842575225436,1,0.0,0.2943319136351854,-0.6605306743650393,0,0.1529753601089609,-2.432005601372186,-0.9614863916702532,6,1.153253590238697,1,-0.9210803563908324,1.7736120745431845,-1.0785044383346123,0,1,0.7626976284195812,-0.4262300150429028,-1.584178240646517,0.0,0.241988311858558,-0.678773515728442,-0.6201892226844657,-1.0778621289498782,-0.3278933184400019,-0.063295899399149,-0.3687152874355457,-0.3148734873096303,0,1,0,0.494740951848197,Normal
861,-1.6341847718190805,1,1.124308277271846,1,-0.7641208792270812,1.0617867539482455,1,0.0,0.2959935413332504,0.2546249253678617,1,-0.8803614815898617,-1.0261667362455194,-0.9614863916702532,6,1.153253590238697,1,-0.7755324799534703,-1.418072571844342,-1.0785044383346123,0,1,-1.1505541015749308,-0.4262300150429028,-0.6589728319256667,0.0,0.241988311858558,-1.3216011591512031,1.707499689688721,0.3380961637724818,-1.1442943653688686,-1.1676872598353414,-0.6791456840737199,-1.1559347102263289,1,-1,1,0.5155889309819375,Anomaly
862,0.9938596602064989,2,1.486257202922897,2,-0.8875151110697495,0.0850492518807105,2,0.0,0.2976551690313153,0.2546249253678617,0,0.1529753601089609,0.3796721288811475,1.7496101475022634,3,-1.5679065665042955,1,2.2406019814017952,1.375037981317512,2.1251359240839385,0,0,2.1293060069870897,2.346151056253851,-1.584178240646517,0.0,-0.9320143892374164,2.1496681153317065,-0.6201892226844657,0.3380961637724818,3.1009910786612376,2.97378034180038,3.977310265498893,1.3672489585237668,0,-1,1,0.5950604366538808,Anomaly
863,0.7748559575377005,0,-1.7142637766353692,1,0.9633983665702748,0.0850492518807105,1,0.0,0.3009784244274451,1.1697805251007627,1,0.3990079414658235,-2.432005601372186,-0.9614863916702532,6,0.2462002046576992,2,-0.8951579608793607,-1.410202279453426,-0.2775943477299747,0,0,-0.6039107501479274,-0.4262300150429028,1.1914379855160335,0.0,-0.9320143892374164,-0.678773515728442,0.1557070814399298,0.3380961637724818,-1.1442943653688686,-1.1676872598353414,-0.6791456840737199,-1.1559347102263289,0,1,0,0.4970629828709248,Normal
864,-0.42966440714069,2,-1.6250160963378495,0,-0.8875151110697495,0.0850492518807105,0,0.0,0.30264005212551,-0.6605306743650393,1,1.629170848250136,0.3796721288811475,-0.9614863916702532,1,0.2462002046576992,1,-0.6168109271086387,-0.8269573969123324,-0.6780493930322936,0,0,-0.6039107501479274,-0.4262300150429028,1.1914379855160335,0.0,0.241988311858558,-0.8073390444129942,-0.6201892226844657,0.3380961637724818,-0.3278933184400019,-0.063295899399149,-0.3687152874355457,-0.0345197463373974,0,1,0,0.4782177054787689,Normal
865,0.4463504035345031,0,0.2566224966015182,1,-0.5173324155417446,-0.8916882501868245,1,0.0,0.3076249352197047,-1.5756862740979405,1,1.432344783164646,-1.0261667362455194,-0.9614863916702532,6,-1.5679065665042955,0,-0.9340415541465684,0.8404202624774348,1.324225833479301,0,0,0.4893759527060795,-0.4262300150429028,-1.584178240646517,0.0,0.241988311858558,-0.8073390444129942,-0.6201892226844657,-2.4938204216722384,-0.9810141559830952,-1.1676872598353414,-0.6791456840737199,-1.1559347102263289,1,-1,1,0.5423187563123616,Anomaly
866,-0.7581699611438873,2,1.3052827400973714,2,2.4441291486822943,1.0617867539482455,1,0.0,0.3092865629177695,0.2546249253678617,1,-0.2406767700620191,0.3796721288811475,-0.0577875452794142,7,-1.5679065665042955,0,-0.5073844214659504,-0.1575609208778195,2.1251359240839385,0,0,1.036019304133083,-0.4262300150429028,0.2662325767951835,0.0,2.5899937140505074,-0.4216424583593375,0.1557070814399298,0.3380961637724818,-0.4911735278257753,-0.339393739508197,-0.6791456840737199,-0.3148734873096303,0,1,0,0.4928179057338946,Normal
867,0.3368485522001039,1,0.9458129166768072,2,-0.8875151110697495,1.0617867539482455,3,0.0,0.3109481906158344,-0.6605306743650393,1,-0.1914702537906465,0.3796721288811475,-0.0577875452794142,7,-0.6608531809232983,1,-0.4623389472984748,1.5637844577639428,0.9237707881769818,0,0,-0.8772324258614291,-0.4262300150429028,1.1914379855160335,0.0,2.5899937140505074,-0.8073390444129942,-0.6201892226844657,0.3380961637724818,-1.1442943653688686,-1.1676872598353414,-0.6791456840737199,-1.1559347102263289,0,1,0,0.4807955090326673,Normal
868,1.4318670655440953,1,1.5333601453021437,1,-0.8875151110697495,0.0850492518807105,3,0.0,0.3159330737100291,1.1697805251007627,0,-1.7660787744745667,0.3796721288811475,1.7496101475022634,3,-1.5679065665042955,1,2.4122847320023624,-0.6778434642915854,-0.2775943477299747,0,0,1.855984331273588,2.346151056253851,0.2662325767951835,0.0,0.241988311858558,2.6639302300699157,0.1557070814399298,0.3380961637724818,-0.8177339465973219,-0.6154915796172451,-0.0582848907973714,-0.5952272282818631,0,-1,1,0.5406620438707644,Anomaly
869,-0.9771736638126856,2,0.933417405524374,1,1.2101868302556114,1.0617867539482455,3,0.0,0.3175947014080941,1.1697805251007627,1,0.5958340065513135,-1.0261667362455194,-0.9614863916702532,2,-1.5679065665042955,1,-0.7026523024089225,-0.2619828359930081,-0.6780493930322936,0,0,-0.8772324258614291,-0.4262300150429028,0.2662325767951835,0.0,2.5899937140505074,-0.678773515728442,-0.6201892226844657,0.3380961637724818,-0.1646131090542286,0.212801940709899,0.2521455058408027,-0.3148734873096303,0,1,0,0.45861487864109424,Normal
870,0.9938596602064989,2,1.6052541099862565,1,0.7166099028849382,-0.8916882501868245,1,0.0,0.319256329106159,1.1697805251007627,1,-0.6835354165043717,0.3796721288811475,2.6533089938931025,5,-0.6608531809232983,1,2.6725710803757474,-0.4868483328763212,0.9237707881769818,0,0,-1.1505541015749308,-0.4262300150429028,-1.584178240646517,0.0,0.241988311858558,1.76397152927805,-0.6201892226844657,0.3380961637724818,-0.4911735278257753,-0.6154915796172451,-0.6791456840737199,-0.3148734873096303,0,1,0,0.4889565961162205,Normal
871,-0.2106607044718917,2,1.3846140114729444,2,0.9633983665702748,1.0617867539482455,1,0.0,0.3209179568042238,0.2546249253678617,1,1.3831382668932737,0.3796721288811475,-0.0577875452794142,7,-1.5679065665042955,1,0.5233495180926542,0.9434367682371028,0.1228606975723441,0,1,-0.0572673987209239,-0.4262300150429028,1.1914379855160335,0.0,2.5899937140505074,0.4783162424325279,-0.6201892226844657,0.3380961637724818,-0.0013328996684553,0.7649976209279952,-0.3687152874355457,0.8065414765793012,0,1,0,0.4855316674174498,Normal
872,-1.4151810691502822,2,0.449992470579477,1,0.9633983665702748,-0.8916882501868245,1,0.0,0.3225795845022887,1.1697805251007627,0,1.5307578157073911,0.3796721288811475,-0.9614863916702532,2,-0.6608531809232983,1,-0.9121562530180308,-1.5376729079991542,-0.6780493930322936,0,0,-0.6039107501479274,-0.4262300150429028,-1.584178240646517,0.0,0.241988311858558,-1.3216011591512031,0.1557070814399298,-2.4938204216722384,-0.9810141559830952,-1.1676872598353414,-0.6791456840737199,-1.1559347102263289,1,-1,1,0.512291290760043,Anomaly
873,-0.42966440714069,1,0.8516070319183144,2,1.950552221311621,0.0850492518807105,3,0.0,0.3242412122003537,-0.6605306743650393,0,0.7926600716368035,0.3796721288811475,-0.0577875452794142,7,0.2462002046576992,1,-0.4172934731309992,-1.3222236537978298,-0.6780493930322936,0,0,-0.8772324258614291,-0.4262300150429028,-1.584178240646517,0.0,0.241988311858558,-0.1645114009902331,0.1557070814399298,-1.0778621289498782,0.4885077284888646,0.7649976209279952,-0.6791456840737199,-0.8755809692540959,0,1,0,0.464128659883856,Normal
874,-0.1011588531374925,2,0.2838926211368713,1,-0.3939381836990763,1.0617867539482455,1,0.0,0.3259028398984185,0.2546249253678617,1,-0.2898832863333916,-2.432005601372186,-0.9614863916702532,2,0.2462002046576992,0,-0.7993300889476084,-1.0467634201157712,-0.6780493930322936,0,0,-0.3305890744344257,-0.4262300150429028,0.2662325767951835,0.0,0.241988311858558,-0.5502079870438897,0.9316033855643254,0.3380961637724818,-0.0013328996684553,0.7649976209279952,-0.3687152874355457,0.8065414765793012,0,1,0,0.44863138561901694,Normal
875,-0.7581699611438873,2,0.1252300783857257,1,-0.270543951856408,1.0617867539482455,1,0.0,0.3308877229926132,0.2546249253678617,1,-0.8311549653184892,0.3796721288811475,-0.0577875452794142,2,0.2462002046576992,0,-0.6399711001475767,-0.4221995025223687,-0.6780493930322936,0,0,-0.6039107501479274,-0.4262300150429028,-1.584178240646517,0.0,2.5899937140505074,-0.1645114009902331,0.9316033855643254,-1.0778621289498782,0.4885077284888646,0.7649976209279952,1.8042974890316736,1.3672489585237668,0,1,0,0.4735247529238588,Normal
876,0.7748559575377005,2,-1.493623678122057,1,2.4441291486822943,1.0617867539482455,4,0.0,0.3325493506906781,1.1697805251007627,1,-1.6676657419318217,0.3796721288811475,-0.0577875452794142,6,1.153253590238697,2,-0.4168685158275324,-0.9232279377655008,-0.6780493930322936,0,0,2.675949358414093,2.346151056253851,-0.6589728319256667,0.0,-0.9320143892374164,1.121143885855289,0.1557070814399298,0.3380961637724818,2.1213098223465976,1.8693889813641875,3.3564494722225446,3.6100788863016295,0,-1,1,0.5910895043912139,Anomaly
877,-1.8531884744878788,2,-0.3681112654811178,2,1.456975293940948,0.0850492518807105,2,0.0,0.334210978388743,0.2546249253678617,1,-1.1263940629467242,1.7855109940078144,-0.9614863916702532,8,1.153253590238697,2,-0.812716244006811,-1.3018452181427795,-0.6780493930322936,0,0,0.4893759527060795,-0.4262300150429028,1.1914379855160335,0.0,-0.9320143892374164,-1.193035630466651,-0.6201892226844657,0.3380961637724818,-0.8177339465973219,-0.8915894197262932,-0.0582848907973714,-0.5952272282818631,0,1,0,0.4803028035229333,Normal
878,0.9938596602064989,2,-1.6175787896463898,1,-0.8875151110697495,1.0617867539482455,5,0.0,0.3375342337848728,1.1697805251007627,1,-0.2898832863333916,0.3796721288811475,-0.0577875452794142,4,1.153253590238697,0,0.1861458977917872,0.4384731867985125,-0.2775943477299747,0,0,-1.1505541015749308,-0.4262300150429028,0.2662325767951835,0.0,0.241988311858558,0.0926196563788712,0.1557070814399298,-1.0778621289498782,-0.1646131090542286,-0.339393739508197,-0.3687152874355457,-0.0345197463373974,0,1,0,0.4489575135762953,Normal
879,0.5558522548689022,0,-1.545684824962277,0,-0.8875151110697495,2.038524256015781,3,0.0,0.3425191168790675,1.1697805251007627,1,0.645040522822686,1.7855109940078144,-0.0577875452794142,1,-1.5679065665042955,1,-0.0490679696770594,-0.2045015933522111,1.7246808787816197,0,0,0.2160542769925777,-0.4262300150429028,-1.584178240646517,0.0,0.241988311858558,-0.1645114009902331,0.1557070814399298,1.754054456494842,-0.4911735278257753,-0.339393739508197,-0.6791456840737199,-0.3148734873096303,0,-1,1,0.5422615053776153,Anomaly
880,2.526885578888087,2,-0.2639889718006785,2,-0.270543951856408,1.0617867539482455,2,0.0,0.3458423722751973,-0.6605306743650393,1,-0.6835354165043717,1.7855109940078144,-0.0577875452794142,7,1.153253590238697,0,-0.2725955113005704,-0.4806645317120301,-1.0785044383346123,0,1,0.7626976284195812,-0.4262300150429028,-0.6589728319256667,0.0,0.241988311858558,0.0926196563788712,0.1557070814399298,0.3380961637724818,0.651787937874638,0.7649976209279952,-0.3687152874355457,1.3672489585237668,0,1,0,0.4883798452538904,Normal
881,-0.5391662584750891,1,-1.701868265482936,1,0.4698214391996017,0.0850492518807105,4,0.0,0.3475039999732622,0.2546249253678617,0,0.5466274902799411,-1.0261667362455194,-0.9614863916702532,2,-0.6608531809232983,1,-0.7989051316441416,-0.981271344148506,-0.6780493930322936,0,0,1.3093409798465847,2.346151056253851,0.2662325767951835,0.0,0.241988311858558,-1.193035630466651,-0.6201892226844657,0.3380961637724818,-0.8177339465973219,-0.6154915796172451,-0.0582848907973714,-0.5952272282818631,0,1,0,0.4881558506091809,Normal
882,-0.5391662584750891,1,1.2730544111010451,1,-0.8875151110697495,-0.8916882501868245,1,0.0,0.3491656276713271,1.1697805251007627,0,-1.3724266443035866,0.3796721288811475,-0.0577875452794142,6,0.2462002046576992,2,-0.3197657719853798,-1.682992235359995,0.523315742874663,0,1,-0.3305890744344257,-0.4262300150429028,1.1914379855160335,0.0,-0.9320143892374164,-0.1645114009902331,-0.6201892226844657,0.3380961637724818,0.161947309717318,0.7649976209279952,-0.6791456840737199,0.8065414765793012,0,1,0,0.4803475754607921,Normal
883,-0.1011588531374925,2,-1.0895300145527331,1,-1.010909342912418,0.0850492518807105,5,0.0,0.3524888830674569,0.2546249253678617,0,0.5466274902799411,-2.432005601372186,0.8459113011114247,4,-1.5679065665042955,0,0.7965970642217751,-1.416386080617717,-0.2775943477299747,0,1,1.5826626555600865,2.346151056253851,0.2662325767951835,0.0,0.241988311858558,0.7354472998016324,-0.6201892226844657,0.3380961637724818,-0.0013328996684553,0.7649976209279952,1.4938670923934996,0.8065414765793012,0,-1,1,0.5344214639355879,Anomaly
884,-0.42966440714069,2,-1.6993891632524494,1,-0.0237554881710714,0.0850492518807105,3,0.0,0.3541505107655218,-1.5756862740979405,1,-0.2898832863333916,0.3796721288811475,-0.9614863916702532,6,1.153253590238697,1,-0.7908309428782733,-1.1246230984116183,-1.0785044383346123,0,0,-0.6039107501479274,-0.4262300150429028,-0.6589728319256667,0.0,0.241988311858558,0.4783162424325279,1.707499689688721,0.3380961637724818,1.141628566031958,1.5932911412551394,0.5625759024789769,1.6476026994959998,0,1,0,0.46619342479390724,Normal
885,0.3368485522001039,2,-1.7241801855573158,2,0.0996387436715968,0.0850492518807105,5,0.0,0.3558121384635867,-0.6605306743650393,0,0.8910731041795485,-1.0261667362455194,-0.0577875452794142,7,-0.6608531809232983,0,0.0741696483282984,-0.3825669586966848,1.7246808787816197,0,0,-0.8772324258614291,-0.4262300150429028,-0.6589728319256667,0.0,0.241988311858558,-0.5502079870438897,-0.6201892226844657,1.754054456494842,-0.3278933184400019,-0.8915894197262932,-0.3687152874355457,-0.3148734873096303,0,1,0,0.4926579398385011,Normal
886,-1.3056792178158831,2,1.3722185003205112,2,0.0996387436715968,1.0617867539482455,1,0.0,0.3574737661616516,0.2546249253678617,1,-0.4375028351475091,0.3796721288811475,-0.0577875452794142,7,1.153253590238697,2,-0.3299647472685818,0.8867987712096181,-1.0785044383346123,0,0,-0.3305890744344257,-0.4262300150429028,-0.6589728319256667,0.0,-0.9320143892374164,-0.8073390444129942,0.9316033855643254,0.3380961637724818,-0.4911735278257753,-0.339393739508197,-0.3687152874355457,-0.8755809692540959,0,1,0,0.44975618921735955,Normal
887,-0.7581699611438873,2,1.642440643443556,1,-1.010909342912418,0.0850492518807105,3,0.0,0.3591353938597165,1.1697805251007627,1,-0.142263737519274,0.3796721288811475,-0.9614863916702532,6,-0.6608531809232983,1,-0.6212729787950396,-0.694848917493386,-1.0785044383346123,0,1,1.5826626555600865,2.346151056253851,-1.584178240646517,0.0,0.241988311858558,0.0926196563788712,-0.6201892226844657,0.3380961637724818,0.651787937874638,1.3171933011460917,0.8730062991171511,0.8065414765793012,0,-1,1,0.5057929234013689,Anomaly
888,0.5558522548689022,1,-0.8540153026565014,1,2.073946453154289,2.038524256015781,3,0.0,0.3607970215577814,-1.5756862740979405,0,-0.2898832863333916,0.3796721288811475,0.8459113011114247,5,-1.5679065665042955,1,1.4210718216661655,1.2603565779070225,0.1228606975723441,0,1,0.4893759527060795,-0.4262300150429028,0.2662325767951835,0.0,-0.9320143892374164,1.121143885855289,2.4833959938131165,0.3380961637724818,-0.9810141559830952,-1.1676872598353414,-0.6791456840737199,-1.1559347102263289,0,-1,1,0.5355805595612219,Anomaly
889,-0.2106607044718917,0,1.0152277791304334,2,-0.1471497200137397,-0.8916882501868245,2,0.0,0.3624586492558463,0.2546249253678617,0,0.5958340065513135,-1.0261667362455194,0.8459113011114247,7,1.153253590238697,1,0.8231568956884471,-0.0784363741620036,0.523315742874663,0,1,-1.1505541015749308,-0.4262300150429028,-0.6589728319256667,0.0,0.241988311858558,0.6068817711170802,2.4833959938131165,-1.0778621289498782,0.9783483566461848,-0.6154915796172451,0.5625759024789769,2.2083101814404653,0,-1,1,0.5311602382425222,Anomaly
890,-1.0866755151470848,2,0.7450056360073884,1,0.59321567104227,0.0850492518807105,1,0.0,0.3641202769539112,-1.5756862740979405,1,-1.1756005792180968,0.3796721288811475,-0.9614863916702532,6,-1.5679065665042955,1,-0.9068442867246964,0.0089800877513843,-0.6780493930322936,0,1,-0.3305890744344257,-0.4262300150429028,1.1914379855160335,0.0,1.4159910129545328,-0.2930769296747854,0.1557070814399298,-1.0778621289498782,0.3252275191030913,0.7649976209279952,1.1834366957553253,1.086895217551534,0,1,0,0.49048687360311494,Normal
891,1.869874470881692,1,0.4053686304307173,1,-1.010909342912418,1.0617867539482455,1,0.0,0.3657819046519761,1.1697805251007627,0,-0.6343289002329991,0.3796721288811475,0.8459113011114247,4,0.2462002046576992,0,0.849716727155119,-0.6540920461832854,1.7246808787816197,0,0,0.4893759527060795,-0.4262300150429028,-1.584178240646517,0.0,0.241988311858558,2.7924957587544674,-0.6201892226844657,-2.4938204216722384,-0.3278933184400019,-0.063295899399149,-0.3687152874355457,-0.0345197463373974,0,-1,1,0.5160352477948242,Anomaly
892,0.7748559575377005,2,0.7797130672342015,1,-0.8875151110697495,-1.86842575225436,1,0.0,0.367443532350041,-1.5756862740979405,0,0.3005949089230785,1.7855109940078144,-0.9614863916702532,6,1.153253590238697,1,-0.9544395047129725,0.7967120315207408,-0.6780493930322936,0,0,-0.6039107501479274,-0.4262300150429028,1.1914379855160335,0.0,0.241988311858558,-0.1645114009902331,1.707499689688721,0.3380961637724818,0.4885077284888646,0.212801940709899,1.4938670923934996,0.8065414765793012,0,1,0,0.4742258011549886,Normal
893,-1.9626903258222776,0,-0.7399766000541155,1,0.0996387436715968,0.0850492518807105,3,0.0,0.3707667877461708,-1.5756862740979405,0,1.4815512994360187,-1.0261667362455194,-0.9614863916702532,6,-0.6608531809232983,2,-0.9867362597764456,-1.147531270906606,-0.6780493930322936,0,1,2.675949358414093,2.346151056253851,-0.6589728319256667,0.0,-0.9320143892374164,-1.3216011591512031,-0.6201892226844657,1.754054456494842,-0.9810141559830952,-0.8915894197262932,-0.6791456840737199,-1.1559347102263289,1,-1,1,0.5814125057650905,Anomaly
894,-0.8676718124782865,2,0.5144491285721299,1,-1.010909342912418,0.0850492518807105,1,0.0,0.3724284154442357,-1.5756862740979405,0,1.5307578157073911,0.3796721288811475,-0.9614863916702532,6,1.153253590238697,0,-0.5828143428312987,-1.2248287854602449,-0.6780493930322936,0,0,-0.0572673987209239,-0.4262300150429028,-1.584178240646517,0.0,2.5899937140505074,-1.0644701017820986,1.707499689688721,0.3380961637724818,-0.6544537372115486,-0.6154915796172451,-0.3687152874355457,-0.5952272282818631,0,1,0,0.4937199342613221,Normal
895,1.869874470881692,2,-0.2912590963360316,1,-0.7641208792270812,0.0850492518807105,1,0.0,0.3740900431423006,1.1697805251007627,1,0.9402796204509212,0.3796721288811475,1.7496101475022634,5,1.153253590238697,1,2.3959238758188928,1.287480978468572,0.1228606975723441,0,0,-0.3305890744344257,-0.4262300150429028,-1.584178240646517,0.0,-0.9320143892374164,3.1781923448081244,-0.6201892226844657,0.3380961637724818,0.4885077284888646,1.3171933011460917,-0.6791456840737199,1.3672489585237668,0,1,0,0.48792512835598983,Normal
896,-0.6486681098094882,2,1.3127200467888316,1,0.2230329755142651,-0.8916882501868245,3,0.0,0.3757516708403655,0.2546249253678617,1,0.6942470390940585,0.3796721288811475,-0.0577875452794142,0,-1.5679065665042955,1,0.0701325539453642,0.3901271049686001,-0.6780493930322936,0,1,-0.8772324258614291,-0.4262300150429028,1.1914379855160335,0.0,-0.9320143892374164,-0.678773515728442,-0.6201892226844657,-1.0778621289498782,-0.1646131090542286,0.212801940709899,-0.6791456840737199,-0.8755809692540959,0,1,0,0.4622430148547074,Normal
897,-0.6486681098094882,2,0.6433624445574357,1,1.827157989468953,0.0850492518807105,3,0.0,0.3774132985384304,0.2546249253678617,0,1.4815512994360187,-1.0261667362455194,-0.0577875452794142,0,-1.5679065665042955,2,0.0656705022589633,0.4054460669437759,-0.6780493930322936,0,0,1.036019304133083,-0.4262300150429028,-0.6589728319256667,0.0,-0.9320143892374164,-0.1645114009902331,-0.6201892226844657,0.3380961637724818,0.4885077284888646,1.3171933011460917,-0.3687152874355457,1.086895217551534,0,1,0,0.47848696004851343,Normal
898,2.417383727553688,2,-1.1812567970807393,2,-0.7641208792270812,0.0850492518807105,1,0.0,0.3807365539345602,0.2546249253678617,0,-0.8803614815898617,-1.0261667362455194,-0.0577875452794142,7,1.153253590238697,2,-0.2830069652355058,0.3059430845729098,0.9237707881769818,0,0,0.4893759527060795,-0.4262300150429028,1.1914379855160335,0.0,-0.9320143892374164,0.2211851850634235,-0.6201892226844657,0.3380961637724818,-0.1646131090542286,-0.8915894197262932,-0.6791456840737199,0.2458339946348354,0,1,0,0.46987133303881473,Normal
899,0.6653541062033014,2,0.2913299278283313,1,-0.7641208792270812,0.0850492518807105,1,0.0,0.3823981816326251,0.2546249253678617,1,1.4815512994360187,-2.432005601372186,2.6533089938931025,5,1.153253590238697,1,2.812594511868042,0.6059979819765808,0.1228606975723441,0,0,-0.3305890744344257,-0.4262300150429028,-0.6589728319256667,0.0,0.241988311858558,1.76397152927805,-0.6201892226844657,0.3380961637724818,0.161947309717318,0.7649976209279952,-0.6791456840737199,0.8065414765793012,0,1,0,0.4857568709771304,Normal
900,1.3223652142096962,2,0.7326101248549552,1,-0.6407266473844129,-0.8916882501868245,3,0.0,0.38405980933069,-1.5756862740979405,1,0.9402796204509212,-1.0261667362455194,2.6533089938931025,3,0.2462002046576992,1,2.5939539792343984,-0.307658640047431,-0.2775943477299747,0,0,-0.6039107501479274,-0.4262300150429028,0.2662325767951835,0.0,0.241988311858558,1.5068404719089457,-0.6201892226844657,1.754054456494842,-0.9810141559830952,-1.1676872598353414,-0.6791456840737199,-1.1559347102263289,0,1,0,0.4919602714847321,Normal
901,-0.1011588531374925,1,-0.8267451781211482,1,-0.7641208792270812,0.0850492518807105,5,0.0,0.3857214370287549,0.2546249253678617,1,-0.9787745141326066,0.3796721288811475,-0.9614863916702532,6,-0.6608531809232983,1,-0.5972628911491682,-0.7107300432107699,-0.6780493930322936,0,0,-0.8772324258614291,-0.4262300150429028,0.2662325767951835,0.0,-0.9320143892374164,0.0926196563788712,-0.6201892226844657,-1.0778621289498782,0.651787937874638,1.5932911412551394,-0.6791456840737199,0.8065414765793012,0,1,0,0.45449266360031915,Normal
902,1.2128633628752972,2,0.4128059371221772,1,-0.8875151110697495,-0.8916882501868245,5,0.0,0.3873830647268198,1.1697805251007627,1,0.4974209740085685,1.7855109940078144,-0.9614863916702532,2,-0.6608531809232983,2,-0.8380012035630827,0.324213406194679,0.9237707881769818,0,0,-1.1505541015749308,-0.4262300150429028,0.2662325767951835,0.0,-0.9320143892374164,-0.5502079870438897,0.9316033855643254,-1.0778621289498782,-0.9810141559830952,-1.1676872598353414,-0.6791456840737199,-1.1559347102263289,0,1,0,0.48720524850617786,Normal
903,-1.0866755151470848,2,0.903668178758534,1,-0.6407266473844129,-0.8916882501868245,1,0.0,0.3890446924248847,-1.5756862740979405,1,0.4974209740085685,0.3796721288811475,-0.9614863916702532,6,0.2462002046576992,0,-0.8469253069358844,-1.5607216214296935,-0.6780493930322936,0,0,-1.1505541015749308,-0.4262300150429028,-0.6589728319256667,0.0,2.5899937140505074,-0.8073390444129942,-0.6201892226844657,0.3380961637724818,-0.3278933184400019,-0.339393739508197,-0.6791456840737199,-0.3148734873096303,0,1,0,0.45322794163130714,Normal
904,-0.8676718124782865,2,1.3052827400973714,1,-0.270543951856408,0.0850492518807105,1,0.0,0.3907063201229496,0.2546249253678617,1,0.7926600716368035,0.3796721288811475,-0.0577875452794142,0,1.153253590238697,0,0.0255120370813554,-1.420742849619831,-0.6780493930322936,0,1,-1.1505541015749308,-0.4262300150429028,-0.6589728319256667,0.0,1.4159910129545328,-0.678773515728442,-0.6201892226844657,0.3380961637724818,-0.1646131090542286,-1.1676872598353414,-0.3687152874355457,-1.1559347102263289,0,1,0,0.47143182257643945,Normal
905,1.2128633628752972,2,-0.2168860294214321,1,-1.010909342912418,0.0850492518807105,1,0.0,0.3956912032171443,1.1697805251007627,1,0.4974209740085685,-1.0261667362455194,2.6533089938931025,5,1.153253590238697,2,2.499188500561313,-0.784232952504503,1.324225833479301,0,0,-0.8772324258614291,-0.4262300150429028,0.2662325767951835,0.0,-0.9320143892374164,1.76397152927805,0.1557070814399298,1.754054456494842,-0.9810141559830952,-1.1676872598353414,-0.6791456840737199,-1.1559347102263289,0,-1,1,0.5072230761806867,Anomaly
906,-0.8676718124782865,2,-0.2689471762616517,1,-1.010909342912418,0.0850492518807105,1,0.0,0.3973528309152092,1.1697805251007627,0,1.038692652993666,-1.0261667362455194,1.7496101475022634,5,1.153253590238697,0,2.044271707200156,-1.5305053202859986,0.1228606975723441,0,0,-0.3305890744344257,-0.4262300150429028,-0.6589728319256667,0.0,1.4159910129545328,-0.2930769296747854,-0.6201892226844657,-1.0778621289498782,-0.0013328996684553,0.7649976209279952,-0.3687152874355457,0.8065414765793012,0,1,0,0.48401585620783116,Normal
907,-0.3201625558062908,2,1.2829708200229917,1,1.3335810620982798,0.0850492518807105,5,0.0,0.3990144586132741,0.2546249253678617,0,1.137105685536411,1.7855109940078144,-0.9614863916702532,6,0.2462002046576992,1,-0.832476758618015,1.0301505254727303,-1.0785044383346123,0,0,0.4893759527060795,-0.4262300150429028,1.1914379855160335,0.0,-0.9320143892374164,-1.193035630466651,1.707499689688721,-1.0778621289498782,-0.9810141559830952,-1.1676872598353414,-0.6791456840737199,-1.1559347102263289,0,1,0,0.49602707299718757,Normal
908,0.7748559575377005,2,0.7350892270854419,2,-0.5173324155417446,0.0850492518807105,2,0.0,0.4023377140094039,-0.6605306743650393,1,1.0878991692650386,0.3796721288811475,2.6533089938931025,3,-0.6608531809232983,1,2.488139610671177,-0.7817032156645657,1.7246808787816197,0,0,-1.1505541015749308,-0.4262300150429028,0.2662325767951835,0.0,0.241988311858558,1.8925370579626024,1.707499689688721,0.3380961637724818,2.447870241118145,1.3171933011460917,0.2521455058408027,1.6476026994959998,0,-1,1,0.518343853970837,Anomaly
909,-0.42966440714069,2,-0.6606453286785426,2,0.0996387436715968,2.038524256015781,2,0.0,0.4039993417074688,1.1697805251007627,1,0.7926600716368035,1.7855109940078144,0.8459113011114247,7,0.2462002046576992,0,0.3988370281768962,1.0392856862836148,-1.0785044383346123,0,1,-0.3305890744344257,-0.4262300150429028,1.1914379855160335,0.0,1.4159910129545328,-0.1645114009902331,0.1557070814399298,0.3380961637724818,0.3252275191030913,1.041095461037043,-0.6791456840737199,1.086895217551534,0,-1,1,0.5038290497862095,Anomaly
910,-1.9626903258222776,2,-1.332482033140425,1,1.950552221311621,0.0850492518807105,1,0.0,0.4056609694055337,-0.6605306743650393,0,-0.4375028351475091,1.7855109940078144,-0.9614863916702532,6,1.153253590238697,2,-0.7455729900590643,0.9708422506697564,-0.6780493930322936,0,1,-0.8772324258614291,-0.4262300150429028,1.1914379855160335,0.0,-0.9320143892374164,-1.3216011591512031,-0.6201892226844657,0.3380961637724818,-0.9810141559830952,-1.1676872598353414,-0.6791456840737199,-0.8755809692540959,0,-1,1,0.508461699093454,Anomaly
911,-1.5246829204846812,2,-1.0647389922478667,1,-1.010909342912418,-0.8916882501868245,1,0.0,0.4073225971035986,1.1697805251007627,1,-0.929567997861234,0.3796721288811475,-0.9614863916702532,6,0.2462002046576992,1,-1.1218726822788725,0.3637054090848108,-0.6780493930322936,0,0,1.855984331273588,2.346151056253851,1.1914379855160335,0.0,0.241988311858558,-1.3216011591512031,-0.6201892226844657,0.3380961637724818,-0.9810141559830952,-1.1676872598353414,-0.6791456840737199,-0.8755809692540959,0,1,0,0.47761715055260134,Normal
912,-1.3056792178158831,1,-0.5044618881578836,2,1.827157989468953,-1.86842575225436,1,0.0,0.4123074801977933,0.2546249253678617,1,0.349801425194451,-2.432005601372186,-0.9614863916702532,8,1.153253590238697,2,-1.1441829407108768,-0.8816278208420879,-0.6780493930322936,0,1,-0.3305890744344257,-0.4262300150429028,1.1914379855160335,0.0,-0.9320143892374164,-1.3216011591512031,0.9316033855643254,0.3380961637724818,-0.9810141559830952,-1.1676872598353414,-0.3687152874355457,-1.1559347102263289,1,-1,1,0.5525757208949101,Anomaly
913,-1.196177366481484,2,-0.54412752384567,1,-0.6407266473844129,-0.8916882501868245,1,0.0,0.4156307355939231,0.2546249253678617,1,-0.6343289002329991,0.3796721288811475,-0.9614863916702532,6,1.153253590238697,2,-0.770857949615336,-0.6099621924199352,-0.6780493930322936,0,1,1.3093409798465847,2.346151056253851,-0.6589728319256667,0.0,-0.9320143892374164,-0.4216424583593375,-0.6201892226844657,-1.0778621289498782,0.161947309717318,0.212801940709899,-0.0582848907973714,-0.5952272282818631,0,1,0,0.47762174504741184,Normal
914,0.8843578088720997,2,1.6027750077557696,2,-0.8875151110697495,0.0850492518807105,2,0.0,0.4189539909900528,-1.5756862740979405,0,1.3831382668932737,-2.432005601372186,2.6533089938931025,3,-0.6608531809232983,2,2.61796406688027,-1.6612083903494244,-0.2775943477299747,0,1,0.2160542769925777,-0.4262300150429028,-1.584178240646517,0.0,-0.9320143892374164,1.8925370579626024,-0.6201892226844657,0.3380961637724818,2.774430659889691,1.5932911412551394,-0.3687152874355457,1.9279564404682328,1,-1,1,0.576578936342667,Anomaly
915,1.979376322216091,0,-1.5506430294232505,1,-0.1471497200137397,-1.86842575225436,3,0.0,0.4206156186881178,1.1697805251007627,1,-1.4216331605749593,-1.0261667362455194,1.7496101475022634,0,-0.6608531809232983,0,1.5030885812352488,1.5851466799678575,-0.6780493930322936,0,1,-0.0572673987209239,-0.4262300150429028,1.1914379855160335,0.0,0.241988311858558,2.92106128743902,0.1557070814399298,0.3380961637724818,4.243952544361651,1.3171933011460917,3.977310265498893,-1.1559347102263289,0,-1,1,0.5933411286076137,Anomaly
916,-1.7436866231534796,1,-1.3671894643672382,1,0.0996387436715968,-0.8916882501868245,1,0.0,0.4222772463861827,-1.5756862740979405,0,-1.0279810304039791,-1.0261667362455194,-0.9614863916702532,2,0.2462002046576992,2,-0.8239776125486798,1.5452330542710695,-0.6780493930322936,0,0,1.3093409798465847,2.346151056253851,0.2662325767951835,0.0,-0.9320143892374164,-1.193035630466651,-0.6201892226844657,-2.4938204216722384,-0.8177339465973219,-0.6154915796172451,-0.0582848907973714,-0.5952272282818631,1,-1,1,0.537409575711187,Anomaly
917,0.9938596602064989,2,-1.57295494949763,2,-0.6407266473844129,-0.8916882501868245,2,0.0,0.4239388740842476,1.1697805251007627,0,-1.6184592256604493,-1.0261667362455194,2.6533089938931025,3,-0.6608531809232983,1,2.6105273140696017,-0.6137567976798411,-0.2775943477299747,0,0,-0.3305890744344257,-0.4262300150429028,0.2662325767951835,0.0,0.241988311858558,1.8925370579626024,-0.6201892226844657,0.3380961637724818,0.651787937874638,-0.063295899399149,-0.6791456840737199,1.086895217551534,0,-1,1,0.5058554528701016,Anomaly
918,-0.3201625558062908,2,-1.6646817320256362,2,-0.8875151110697495,0.0850492518807105,2,0.0,0.4256005017823124,0.2546249253678617,0,0.9894861367222936,0.3796721288811475,-0.0577875452794142,7,-1.5679065665042955,2,-0.4175059517827325,-1.1628502328817816,-1.0785044383346123,0,1,-0.8772324258614291,-0.4262300150429028,1.1914379855160335,0.0,-0.9320143892374164,-0.9359045730975464,0.1557070814399298,0.3380961637724818,-0.6544537372115486,-0.6154915796172451,-0.6791456840737199,-0.5952272282818631,0,1,0,0.47356756878340384,Normal
919,1.5413689168784943,1,-1.4018968955940512,2,-0.0237554881710714,0.0850492518807105,1,0.0,0.4272621294803774,1.1697805251007627,1,0.841866587908176,0.3796721288811475,2.6533089938931025,3,-0.6608531809232983,0,2.835329727603513,0.6862468561768132,0.523315742874663,0,1,2.4026276827005915,2.346151056253851,-1.584178240646517,0.0,0.241988311858558,2.535364701385363,1.707499689688721,-1.0778621289498782,3.5908317068185576,1.5932911412551394,2.7355886789461965,1.6476026994959998,0,-1,1,0.6207940731814171,Anomaly
920,2.417383727553688,2,1.5531929631460366,1,1.0867925984129432,1.0617867539482455,3,0.0,0.4289237571784423,1.1697805251007627,1,0.0545623275662159,0.3796721288811475,0.8459113011114247,4,1.153253590238697,2,0.8518415136724528,0.7995228502317823,1.324225833479301,0,0,-0.8772324258614291,-0.4262300150429028,1.1914379855160335,0.0,-0.9320143892374164,1.76397152927805,2.4833959938131165,-1.0778621289498782,0.3252275191030913,0.7649976209279952,0.8730062991171511,-0.0345197463373974,0,-1,1,0.5012690020562365,Anomaly
921,-0.3201625558062908,1,-1.6547653231036896,1,1.2101868302556114,0.0850492518807105,3,0.0,0.4322470125745721,0.2546249253678617,0,-0.9787745141326066,0.3796721288811475,-0.0577875452794142,2,-0.6608531809232983,0,-0.4374789450456698,1.1553724990496252,0.523315742874663,0,0,-0.6039107501479274,-0.4262300150429028,0.2662325767951835,0.0,1.4159910129545328,0.4783162424325279,-0.6201892226844657,1.754054456494842,0.651787937874638,1.041095461037043,0.8730062991171511,1.6476026994959998,0,1,0,0.49342058786902715,Normal
922,-0.9771736638126856,1,-0.0284742599044466,1,-1.010909342912418,1.0617867539482455,3,0.0,0.433908640272637,1.1697805251007627,1,-1.0771875466753518,0.3796721288811475,-0.9614863916702532,2,0.2462002046576992,2,-0.9240550575150998,-1.0499958616334688,-1.0785044383346123,0,1,-1.1505541015749308,-0.4262300150429028,0.2662325767951835,0.0,-0.9320143892374164,-0.8073390444129942,-0.6201892226844657,-1.0778621289498782,-0.4911735278257753,-0.6154915796172451,-0.6791456840737199,-0.5952272282818631,0,1,0,0.4706865283439922,Normal
923,0.7748559575377005,2,0.982999450134107,1,-0.6407266473844129,-0.8916882501868245,1,0.0,0.4372318956687667,0.2546249253678617,1,1.2847252343505289,1.7855109940078144,2.6533089938931025,3,-1.5679065665042955,0,2.6957312534146856,0.4446569879628036,-0.6780493930322936,0,0,-0.3305890744344257,-0.4262300150429028,1.1914379855160335,0.0,1.4159910129545328,1.8925370579626024,0.9316033855643254,-1.0778621289498782,2.9377108692754645,1.3171933011460917,3.666879868860719,2.488663922412698,0,-1,1,0.5791307829491419,Anomaly
924,-0.3201625558062908,1,-0.3829858788640377,0,0.2230329755142651,0.0850492518807105,1,0.0,0.4388935233668317,0.2546249253678617,1,-0.4867093514188816,-1.0261667362455194,-0.0577875452794142,1,-0.6608531809232983,1,-0.4277049270659345,1.0568533032276235,0.523315742874663,0,0,-1.1505541015749308,-0.4262300150429028,1.1914379855160335,0.0,1.4159910129545328,0.3497507137479757,1.707499689688721,1.754054456494842,0.4885077284888646,1.3171933011460917,-0.3687152874355457,1.086895217551534,0,-1,1,0.5108118268697162,Anomaly
925,-0.2106607044718917,2,-0.167303984811699,1,-0.3939381836990763,-1.86842575225436,1,0.0,0.4422167787629614,0.2546249253678617,1,0.0053558112948434,0.3796721288811475,-0.9614863916702532,6,0.2462002046576992,1,-0.636783920371576,-1.1655205106572708,-1.0785044383346123,0,1,-0.3305890744344257,-0.4262300150429028,1.1914379855160335,0.0,-0.9320143892374164,-0.9359045730975464,0.1557070814399298,0.3380961637724818,-0.6544537372115486,-0.6154915796172451,-0.0582848907973714,-0.5952272282818631,0,1,0,0.442623031225492,Normal
926,0.5558522548689022,2,-0.494545479235937,1,-0.270543951856408,1.0617867539482455,3,0.0,0.4438784064610264,-0.6605306743650393,0,0.5958340065513135,1.7855109940078144,-0.0577875452794142,6,-0.6608531809232983,1,-0.8777347114372239,-1.2206125573936826,1.324225833479301,0,1,0.2160542769925777,-0.4262300150429028,1.1914379855160335,0.0,-0.9320143892374164,0.8640128284861845,-0.6201892226844657,0.3380961637724818,-0.9810141559830952,-1.1676872598353414,-0.6791456840737199,-1.1559347102263289,0,1,0,0.4876016707551062,Normal
927,0.6653541062033014,2,-0.6730408398309758,2,-0.6407266473844129,1.0617867539482455,2,0.0,0.4455400341590912,1.1697805251007627,0,-0.4867093514188816,-1.0261667362455194,0.8459113011114247,7,1.153253590238697,2,0.7921350125353742,0.8503986689016318,0.1228606975723441,0,0,-0.3305890744344257,-0.4262300150429028,1.1914379855160335,0.0,-0.9320143892374164,1.5068404719089457,0.1557070814399298,1.754054456494842,2.284590031732371,0.7649976209279952,3.977310265498893,3.6100788863016295,0,-1,1,0.5384817765794446,Anomaly
928,-0.1011588531374925,2,-0.9259092673406144,1,-0.8875151110697495,1.0617867539482455,1,0.0,0.4472016618571561,0.2546249253678617,0,-0.6343289002329991,0.3796721288811475,-0.0577875452794142,4,-0.6608531809232983,2,-0.2322245674712291,-1.6851003493932764,2.5255909693862573,0,1,-1.1505541015749308,-0.4262300150429028,1.1914379855160335,0.0,-0.9320143892374164,0.8640128284861845,-0.6201892226844657,0.3380961637724818,1.4681889848035046,2.6976825016913315,0.8730062991171511,2.2083101814404653,0,-1,1,0.5268723471377843,Anomaly
929,0.7748559575377005,2,-0.4499216390871772,1,0.7166099028849382,0.0850492518807105,3,0.0,0.4488632895552211,-1.5756862740979405,0,0.349801425194451,0.3796721288811475,0.8459113011114247,0,1.153253590238697,1,0.3134206101800792,-0.033463274785341,-0.6780493930322936,0,0,-1.1505541015749308,-0.4262300150429028,1.1914379855160335,0.0,0.241988311858558,-0.1645114009902331,-0.6201892226844657,0.3380961637724818,0.4885077284888646,0.7649976209279952,-0.6791456840737199,0.2458339946348354,1,1,0,0.4822251680049485,Normal
930,-0.9771736638126856,1,-1.5109773937354638,1,-0.8875151110697495,0.0850492518807105,1,0.0,0.450524917253286,1.1697805251007627,1,-0.6835354165043717,-1.0261667362455194,-0.9614863916702532,2,1.153253590238697,1,-0.5600791270958275,-0.0128037572591866,-0.6780493930322936,0,1,-0.8772324258614291,-0.4262300150429028,-0.6589728319256667,0.0,0.241988311858558,-1.193035630466651,-0.6201892226844657,0.3380961637724818,-0.8177339465973219,-0.6154915796172451,-0.0582848907973714,-0.5952272282818631,0,1,0,0.45844627969744206,Normal
931,1.5413689168784943,1,0.4103268348916906,1,-0.3939381836990763,-0.8916882501868245,3,0.0,0.4521865449513508,-0.6605306743650393,0,-1.2740136117608418,-1.0261667362455194,-0.9614863916702532,2,0.2462002046576992,2,-0.7787196597294709,-1.4132941800355716,-1.0785044383346123,0,0,-0.3305890744344257,-0.4262300150429028,-0.6589728319256667,0.0,-0.9320143892374164,-0.4216424583593375,2.4833959938131165,-1.0778621289498782,-0.0013328996684553,-1.1676872598353414,1.4938670923934996,0.8065414765793012,0,-1,1,0.5058884775205369,Anomaly
932,-0.7581699611438873,0,0.1896867363783786,1,-0.0237554881710714,-0.8916882501868245,3,0.0,0.4538481726494157,0.2546249253678617,0,0.3005949089230785,0.3796721288811475,-0.0577875452794142,4,0.2462002046576992,2,-0.3841468034605926,-0.2045015933522111,1.7246808787816197,0,1,0.7626976284195812,-0.4262300150429028,0.2662325767951835,0.0,-0.9320143892374164,-0.1645114009902331,0.1557070814399298,0.3380961637724818,0.161947309717318,-0.063295899399149,-0.3687152874355457,0.8065414765793012,0,1,0,0.48096257258090636,Normal
933,-0.8676718124782865,2,0.0087122735528531,1,-0.270543951856408,0.0850492518807105,5,0.0,0.4555098003474807,-0.6605306743650393,0,-1.3232201280322142,0.3796721288811475,-0.9614863916702532,2,0.2462002046576992,0,-0.6722678552110498,0.417673128336806,0.1228606975723441,0,1,-0.6039107501479274,-0.4262300150429028,-1.584178240646517,0.0,1.4159910129545328,-0.1645114009902331,-0.6201892226844657,0.3380961637724818,-0.0013328996684553,0.7649976209279952,1.4938670923934996,0.8065414765793012,1,-1,1,0.5184978053598417,Anomaly
934,-0.9771736638126856,2,-0.4028186967079309,1,-1.010909342912418,0.0850492518807105,5,0.0,0.4588330557436104,1.1697805251007627,1,0.8910731041795485,0.3796721288811475,-0.9614863916702532,6,-1.5679065665042955,2,-0.9397784777433696,-1.346537235648338,-0.2775943477299747,0,0,-1.1505541015749308,-0.4262300150429028,-0.6589728319256667,0.0,-0.9320143892374164,-0.8073390444129942,-0.6201892226844657,-1.0778621289498782,-0.6544537372115486,-0.6154915796172451,-0.3687152874355457,-0.5952272282818631,0,1,0,0.4560581146441313,Normal
935,-1.3056792178158831,2,-1.3300029309099384,1,-1.010909342912418,0.0850492518807105,3,0.0,0.4621563111397402,1.1697805251007627,0,-1.2740136117608418,0.3796721288811475,-0.9614863916702532,6,-0.6608531809232983,2,-0.9363788193156356,0.6348088737647554,-0.6780493930322936,0,0,0.7626976284195812,-0.4262300150429028,1.1914379855160335,0.0,-0.9320143892374164,-1.193035630466651,0.1557070814399298,-1.0778621289498782,-0.8177339465973219,-0.6154915796172451,-0.0582848907973714,-0.8755809692540959,0,1,0,0.4649325307703656,Normal
936,-0.5391662584750891,2,-0.4920663770054503,2,-0.1471497200137397,0.0850492518807105,3,0.0,0.4638179388378051,0.2546249253678617,1,-0.4867093514188816,1.7855109940078144,-0.0577875452794142,7,1.153253590238697,1,-0.062454124736262,-0.3682317832703735,-0.6780493930322936,0,0,-0.0572673987209239,-0.4262300150429028,0.2662325767951835,0.0,1.4159910129545328,-0.1645114009902331,0.9316033855643254,1.754054456494842,0.4885077284888646,0.7649976209279952,-0.6791456840737199,1.086895217551534,0,1,0,0.4560468950311563,Normal
937,0.8843578088720997,1,-1.0870509123222465,1,1.950552221311621,0.0850492518807105,3,0.0,0.4671411942339349,-0.6605306743650393,0,0.841866587908176,0.3796721288811475,2.6533089938931025,3,-0.6608531809232983,2,2.4558428556077043,-0.1796258477594946,0.1228606975723441,0,0,1.855984331273588,2.346151056253851,0.2662325767951835,0.0,-0.9320143892374164,1.3782749432243937,0.9316033855643254,0.3380961637724818,-1.1442943653688686,-1.1676872598353414,-0.6791456840737199,-1.1559347102263289,0,-1,1,0.5362846034397024,Anomaly
938,0.2273467008657048,2,-0.9680540052588872,1,0.4698214391996017,1.0617867539482455,3,0.0,0.4688028219319998,0.2546249253678617,0,1.3831382668932737,-1.0261667362455194,1.7496101475022634,3,-0.6608531809232983,0,2.2565378802817984,0.4245596341788575,1.324225833479301,0,1,-0.6039107501479274,-0.4262300150429028,1.1914379855160335,0.0,1.4159910129545328,1.2497094145398413,0.9316033855643254,0.3380961637724818,1.9580296129608248,1.3171933011460917,3.977310265498893,-0.5952272282818631,0,-1,1,0.5561060179226793,Anomaly
939,2.3078818762192883,2,0.1128345672332924,1,1.7037637576262843,1.0617867539482455,1,0.0,0.4704644496300647,-1.5756862740979405,1,1.0878991692650386,0.3796721288811475,-0.9614863916702532,6,0.2462002046576992,0,-0.8777347114372239,1.6531684927750598,-0.6780493930322936,0,0,-0.8772324258614291,-0.4262300150429028,1.1914379855160335,0.0,1.4159910129545328,-1.193035630466651,0.1557070814399298,0.3380961637724818,-0.8177339465973219,-0.6154915796172451,-0.0582848907973714,-0.5952272282818631,0,1,0,0.49033809071727896,Normal
940,-0.5391662584750891,2,0.7102982047805754,1,-0.270543951856408,-0.8916882501868245,1,0.0,0.4721260773281296,1.1697805251007627,1,0.645040522822686,0.3796721288811475,-0.0577875452794142,2,0.2462002046576992,1,-0.344200816934718,1.199080730006319,-0.6780493930322936,0,0,0.7626976284195812,-0.4262300150429028,-1.584178240646517,0.0,0.241988311858558,-0.1645114009902331,0.1557070814399298,0.3380961637724818,0.4885077284888646,-0.063295899399149,-0.3687152874355457,-0.8755809692540959,1,1,0,0.4637506550643948,Normal
941,0.2273467008657048,2,-1.096967321244193,1,1.7037637576262843,0.0850492518807105,3,0.0,0.4737877050261945,0.2546249253678617,1,1.333931750621901,0.3796721288811475,-0.9614863916702532,6,-1.5679065665042955,2,-0.5522174169816926,1.1019669435398385,-1.0785044383346123,0,0,-0.6039107501479274,-0.4262300150429028,-1.584178240646517,0.0,-0.9320143892374164,-0.678773515728442,-0.6201892226844657,0.3380961637724818,-0.3278933184400019,-0.6154915796172451,-0.6791456840737199,-0.3148734873096303,1,1,0,0.4778244063538805,Normal
942,-0.7581699611438873,2,0.8317742140744212,1,-0.3939381836990763,0.0850492518807105,5,0.0,0.4754493327242594,-1.5756862740979405,0,-0.8803614815898617,-1.0261667362455194,-0.0577875452794142,2,1.153253590238697,1,-0.3985953517784621,1.309545905350247,-1.0785044383346123,0,0,-0.8772324258614291,-0.4262300150429028,-1.584178240646517,0.0,0.241988311858558,-0.1645114009902331,2.4833959938131165,0.3380961637724818,0.3252275191030913,-0.6154915796172451,1.1834366957553253,0.8065414765793012,0,1,0,0.48902815978105874,Normal
943,-0.1011588531374925,2,-1.183735899311226,1,0.0996387436715968,1.0617867539482455,5,0.0,0.4771109604223243,1.1697805251007627,0,-0.142263737519274,0.3796721288811475,0.8459113011114247,0,0.2462002046576992,1,0.1255894820477752,-1.2038881860629862,0.1228606975723441,0,0,-0.8772324258614291,-0.4262300150429028,-1.584178240646517,0.0,-0.9320143892374164,-0.1645114009902331,-2.171981830933257,0.3380961637724818,-0.0013328996684553,0.7649976209279952,-0.3687152874355457,0.8065414765793012,0,1,0,0.4687713204175905,Normal
944,0.9938596602064989,2,0.4673461861928835,0,-1.010909342912418,-0.8916882501868245,1,0.0,0.4804342158184541,1.1697805251007627,0,-1.0771875466753518,0.3796721288811475,-0.9614863916702532,1,-1.5679065665042955,2,-0.6544196484654462,1.2148213147881513,1.324225833479301,0,0,-0.8772324258614291,-0.4262300150429028,0.2662325767951835,0.0,-0.9320143892374164,-0.1645114009902331,0.1557070814399298,1.754054456494842,-0.0013328996684553,0.4888997808189471,0.8730062991171511,0.8065414765793012,0,-1,1,0.5115164227652722,Anomaly
945,-0.9771736638126856,0,1.6697107679789092,1,-1.010909342912418,0.0850492518807105,1,0.0,0.482095843516519,0.2546249253678617,0,-0.5359158676902541,-2.432005601372186,-0.0577875452794142,2,1.153253590238697,1,0.0363484483197575,0.2921700728888068,-1.0785044383346123,0,0,-1.1505541015749308,-0.4262300150429028,-1.584178240646517,0.0,2.5899937140505074,-0.1645114009902331,2.4833959938131165,0.3380961637724818,0.3252275191030913,1.041095461037043,1.4938670923934996,0.2458339946348354,0,-1,1,0.5228275387790501,Anomaly
946,1.4318670655440953,2,1.287929024483965,1,2.320734916839626,0.0850492518807105,1,0.0,0.4854190989126488,1.1697805251007627,0,-1.1263940629467242,0.3796721288811475,1.7496101475022634,5,-1.5679065665042955,1,2.204905567910588,1.139631914267793,0.523315742874663,0,1,-1.1505541015749308,-0.4262300150429028,-0.6589728319256667,0.0,-0.9320143892374164,1.76397152927805,-0.6201892226844657,0.3380961637724818,-0.6544537372115486,-0.6154915796172451,-0.3687152874355457,-0.5952272282818631,0,-1,1,0.5016668183895459,Anomaly
947,0.3368485522001039,2,-1.2481925573038788,2,1.950552221311621,1.0617867539482455,2,0.0,0.4870807266107137,1.1697805251007627,1,-0.4375028351475091,-1.0261667362455194,0.8459113011114247,7,-0.6608531809232983,2,0.5505467855145263,0.4106460815592024,-0.2775943477299747,0,1,-0.8772324258614291,-0.4262300150429028,0.2662325767951835,0.0,-0.9320143892374164,-0.2930769296747854,-0.6201892226844657,0.3380961637724818,-0.3278933184400019,-0.063295899399149,-0.3687152874355457,-1.1559347102263289,1,-1,1,0.5074587153798298,Anomaly
948,1.6508707682128936,2,0.5640311731818629,2,-0.5173324155417446,0.0850492518807105,1,0.0,0.4887423543087786,-0.6605306743650393,1,-0.0930572212479015,0.3796721288811475,0.8459113011114247,7,-0.6608531809232983,2,0.4128606191912989,1.0148315634975549,2.5255909693862573,0,1,1.036019304133083,-0.4262300150429028,0.2662325767951835,0.0,-0.9320143892374164,-0.1645114009902331,-0.6201892226844657,-1.0778621289498782,0.161947309717318,0.7649976209279952,1.4938670923934996,0.8065414765793012,1,-1,1,0.5345305405496726,Anomaly
949,-0.7581699611438873,2,-0.4176933100908508,1,0.9633983665702748,1.0617867539482455,3,0.0,0.4920656097049084,-0.6605306743650393,0,1.432344783164646,0.3796721288811475,0.8459113011114247,3,-1.5679065665042955,1,1.150161540706112,1.6322278933778014,-0.6780493930322936,0,1,2.1293060069870897,2.346151056253851,1.1914379855160335,0.0,1.4159910129545328,-0.2930769296747854,-0.6201892226844657,0.3380961637724818,0.3252275191030913,-0.8915894197262932,-0.6791456840737199,1.086895217551534,0,-1,1,0.540596893791443,Anomaly
950,0.2273467008657048,2,-0.6903945554443824,1,1.0867925984129432,-0.8916882501868245,1,0.0,0.4937272374029733,-1.5756862740979405,1,-1.6676657419318217,0.3796721288811475,-0.0577875452794142,4,0.2462002046576992,2,-0.418355866389666,-0.1350743711894882,-1.0785044383346123,0,0,-1.1505541015749308,-0.4262300150429028,-1.584178240646517,0.0,-0.9320143892374164,-0.2930769296747854,2.4833959938131165,0.3380961637724818,0.161947309717318,0.7649976209279952,-0.3687152874355457,0.8065414765793012,0,1,0,0.4775080466028415,Normal
951,-0.6486681098094882,0,-0.5342111149237234,2,-0.8875151110697495,1.0617867539482455,1,0.0,0.4970504927991031,1.1697805251007627,0,-0.4375028351475091,0.3796721288811475,0.8459113011114247,7,0.2462002046576992,0,0.711605603528425,-0.7558436835229847,-0.6780493930322936,0,1,1.036019304133083,-0.4262300150429028,-1.584178240646517,0.0,0.241988311858558,-0.1645114009902331,1.707499689688721,-1.0778621289498782,0.4885077284888646,1.041095461037043,2.114727885669848,0.5261877356070683,0,-1,1,0.5273238149753027,Anomaly
952,0.4463504035345031,0,-1.3547939532148048,2,0.0996387436715968,-0.8916882501868245,3,0.0,0.5053586312894276,0.2546249253678617,1,-1.2740136117608418,-2.432005601372186,-0.0577875452794142,7,-0.6608531809232983,2,-0.0747778865367978,1.0907236686956727,-0.6780493930322936,0,0,-0.6039107501479274,-0.4262300150429028,-1.584178240646517,0.0,-0.9320143892374164,0.9925783571707368,0.9316033855643254,0.3380961637724818,1.9580296129608248,-0.6154915796172451,2.7355886789461965,1.3672489585237668,0,-1,1,0.5463666545419965,Anomaly
953,-0.6486681098094882,1,0.6384042400964625,2,-1.010909342912418,0.0850492518807105,1,0.0,0.5086818866855575,1.1697805251007627,0,-0.5851223839616266,0.3796721288811475,-0.9614863916702532,8,-0.6608531809232983,2,-0.8926082170585602,-0.8424168998230602,-0.6780493930322936,0,1,-1.1505541015749308,-0.4262300150429028,-1.584178240646517,0.0,-0.9320143892374164,-1.0644701017820986,-0.6201892226844657,1.754054456494842,-0.6544537372115486,-0.6154915796172451,-0.0582848907973714,-0.5952272282818631,1,-1,1,0.516750491880279,Anomaly
954,0.7748559575377005,2,0.3285164612856311,1,-0.7641208792270812,0.0850492518807105,1,0.0,0.5120051420816872,-1.5756862740979405,1,1.137105685536411,0.3796721288811475,-0.9614863916702532,2,-1.5679065665042955,1,-0.8798594979545576,0.0500180409325889,0.523315742874663,0,0,-0.8772324258614291,-0.4262300150429028,0.2662325767951835,0.0,-0.9320143892374164,-0.1645114009902331,0.9316033855643254,1.754054456494842,-0.6544537372115486,-0.6154915796172451,-0.3687152874355457,-0.5952272282818631,1,1,0,0.4768907135195459,Normal
955,0.5558522548689022,0,-0.7622885201284952,1,-0.8875151110697495,-1.86842575225436,1,0.0,0.5136667697797521,0.2546249253678617,1,-1.4216331605749593,0.3796721288811475,1.7496101475022634,3,0.2462002046576992,1,2.413347125261029,1.7242822061644076,-1.0785044383346123,0,1,-0.6039107501479274,-0.4262300150429028,1.1914379855160335,0.0,-0.9320143892374164,1.2497094145398413,0.1557070814399298,-1.0778621289498782,2.1213098223465976,1.041095461037043,-0.0582848907973714,1.6476026994959998,0,-1,1,0.5491495680430826,Anomaly
956,1.979376322216091,2,-1.290337295222152,1,-0.8875151110697495,-0.8916882501868245,3,0.0,0.5169900251758819,1.1697805251007627,0,-0.3882963188761366,-2.432005601372186,2.6533089938931025,3,0.2462002046576992,1,2.6950938174594854,-1.0289147213006582,0.523315742874663,0,0,-0.3305890744344257,-0.4262300150429028,1.1914379855160335,0.0,0.241988311858558,1.5068404719089457,1.707499689688721,0.3380961637724818,1.9580296129608248,1.3171933011460917,2.114727885669848,1.9279564404682328,0,-1,1,0.5278526608035126,Anomaly
957,2.08887817355049,2,-1.4787490647391377,0,-0.1471497200137397,1.0617867539482455,1,0.0,0.5203132805720118,1.1697805251007627,1,1.629170848250136,0.3796721288811475,2.6533089938931025,3,-0.6608531809232983,2,2.8077075028781744,-1.446321299890308,1.324225833479301,0,0,-0.3305890744344257,-0.4262300150429028,-1.584178240646517,0.0,-0.9320143892374164,3.1781923448081244,0.9316033855643254,0.3380961637724818,-0.0013328996684553,-0.339393739508197,1.4938670923934996,0.8065414765793012,0,-1,1,0.5683643313065853,Anomaly
958,0.3368485522001039,0,-0.8540153026565014,1,0.8400041347276065,-0.8916882501868245,1,0.0,0.5236365359681415,0.2546249253678617,1,0.3990079414658235,0.3796721288811475,-0.9614863916702532,6,0.2462002046576992,0,-0.6287097316057078,-0.8124816805504691,2.5255909693862573,0,0,0.2160542769925777,-0.4262300150429028,-0.6589728319256667,0.0,0.241988311858558,-0.678773515728442,-2.171981830933257,0.3380961637724818,-0.4911735278257753,-0.6154915796172451,-0.6791456840737199,-1.1559347102263289,0,1,0,0.486452352988209,Normal
959,-0.3201625558062908,2,0.3483492791295243,1,-0.0237554881710714,0.0850492518807105,1,0.0,0.5302830467604011,1.1697805251007627,1,0.9894861367222936,0.3796721288811475,0.8459113011114247,0,1.153253590238697,0,0.4243344663849012,-1.23944504275766,-1.0785044383346123,0,0,-1.1505541015749308,-0.4262300150429028,1.1914379855160335,0.0,0.241988311858558,-0.1645114009902331,-2.171981830933257,-1.0778621289498782,0.3252275191030913,0.7649976209279952,-0.3687152874355457,0.5261877356070683,0,1,0,0.47264956293523186,Normal
960,0.3368485522001039,2,-0.6928736576748691,1,-0.8875151110697495,0.0850492518807105,1,0.0,0.5336063021565309,0.2546249253678617,1,1.5799643319787635,0.3796721288811475,-0.0577875452794142,6,1.153253590238697,2,-0.3913710776195273,1.1442697651410116,-0.6780493930322936,0,0,-0.6039107501479274,-0.4262300150429028,0.2662325767951835,0.0,-0.9320143892374164,-0.2930769296747854,0.9316033855643254,0.3380961637724818,0.3252275191030913,1.041095461037043,1.8042974890316736,1.086895217551534,0,1,0,0.46119164096138116,Normal
961,0.4463504035345031,1,0.5342819464160231,2,-1.010909342912418,0.0850492518807105,2,0.0,0.5385911852507256,0.2546249253678617,0,0.0053558112948434,0.3796721288811475,-0.0577875452794142,7,-1.5679065665042955,0,-0.5099341652867508,-1.4076725426134886,-1.0785044383346123,0,0,0.4893759527060795,-0.4262300150429028,1.1914379855160335,0.0,0.241988311858558,-0.1645114009902331,-0.6201892226844657,0.3380961637724818,0.3252275191030913,-0.339393739508197,-0.3687152874355457,0.8065414765793012,0,1,0,0.45298002914810237,Normal
962,-0.2106607044718917,1,-0.7945168491248218,1,-0.6407266473844129,1.0617867539482455,1,0.0,0.5402528129487905,0.2546249253678617,1,1.038692652993666,0.3796721288811475,-0.0577875452794142,6,0.2462002046576992,2,-0.4789122821336781,-1.6335218260456663,-0.6780493930322936,0,1,-1.1505541015749308,-0.4262300150429028,-0.6589728319256667,0.0,-0.9320143892374164,-0.2930769296747854,0.1557070814399298,0.3380961637724818,0.3252275191030913,0.4888997808189471,-0.3687152874355457,-0.8755809692540959,0,1,0,0.46003413283899364,Normal
963,1.5413689168784943,2,-0.0805354067446662,0,-0.5173324155417446,0.0850492518807105,1,0.0,0.5435760683449203,0.2546249253678617,1,0.8910731041795485,0.3796721288811475,1.7496101475022634,3,-0.6608531809232983,0,1.5984914958635343,0.4602570318090834,-0.6780493930322936,0,1,-1.1505541015749308,-0.4262300150429028,-0.6589728319256667,0.0,0.241988311858558,2.7924957587544674,-0.6201892226844657,0.3380961637724818,4.243952544361651,1.3171933011460917,-0.6791456840737199,1.6476026994959998,0,-1,1,0.5337542008562031,Anomaly
964,0.1178448495313057,2,0.5119700263416432,2,-0.8875151110697495,-0.8916882501868245,1,0.0,0.548560951439115,-0.6605306743650393,0,-1.7168722582031943,0.3796721288811475,-0.0577875452794142,7,-1.5679065665042955,0,0.0828812730493668,0.7234902040981119,0.1228606975723441,0,0,-0.0572673987209239,-0.4262300150429028,1.1914379855160335,0.0,0.241988311858558,-0.0359458723056809,0.1557070814399298,0.3380961637724818,-0.0013328996684553,0.7649976209279952,-0.3687152874355457,0.8065414765793012,0,1,0,0.4563870852713249,Normal
965,-0.3201625558062908,2,-0.7325392933626554,2,0.7166099028849382,-0.8916882501868245,3,0.0,0.5502225791371799,0.2546249253678617,0,0.0053558112948434,0.3796721288811475,-0.0577875452794142,7,-1.5679065665042955,2,-0.0803023314818656,1.2985837123771855,-0.6780493930322936,0,0,-0.8772324258614291,-0.4262300150429028,1.1914379855160335,0.0,-0.9320143892374164,-0.1645114009902331,2.4833959938131165,1.754054456494842,0.4885077284888646,1.041095461037043,2.114727885669848,0.5261877356070683,0,1,0,0.496037559777601,Normal
966,-1.3056792178158831,2,0.1971240430698386,1,1.2101868302556114,-1.86842575225436,3,0.0,0.5535458345333096,1.1697805251007627,1,0.0545623275662159,0.3796721288811475,-0.9614863916702532,2,1.153253590238697,1,-0.6021499001390359,-0.7361679525456948,0.1228606975723441,0,0,-1.1505541015749308,-0.4262300150429028,0.2662325767951835,0.0,2.5899937140505074,-0.5502079870438897,2.4833959938131165,-1.0778621289498782,-0.6544537372115486,-0.6154915796172451,-0.3687152874355457,-0.5952272282818631,0,1,0,0.47708981848682586,Normal
967,2.3078818762192883,2,-0.4995036836969103,1,-0.270543951856408,1.0617867539482455,3,0.0,0.5568690899294395,0.2546249253678617,0,-0.6343289002329991,-1.0261667362455194,0.8459113011114247,4,-1.5679065665042955,1,0.7447522731988315,-0.3218532745381902,1.7246808787816197,0,1,-0.3305890744344257,-0.4262300150429028,1.1914379855160335,0.0,-0.9320143892374164,2.535364701385363,-2.171981830933257,-1.0778621289498782,0.4885077284888646,1.3171933011460917,0.8730062991171511,1.3672489585237668,1,-1,1,0.5530010354427032,Anomaly
968,0.3368485522001039,2,-1.1738194903892794,1,-1.010909342912418,1.0617867539482455,1,0.0,0.5585307176275044,-0.6605306743650393,1,1.0878991692650386,0.3796721288811475,-0.9614863916702532,2,-0.6608531809232983,1,-0.8745475316612232,-1.0612391364776343,0.1228606975723441,0,0,1.855984331273588,2.346151056253851,0.2662325767951835,0.0,0.241988311858558,-0.5502079870438897,0.1557070814399298,0.3380961637724818,-0.4911735278257753,-0.6154915796172451,-0.6791456840737199,-0.3148734873096303,0,1,0,0.46267136894542155,Normal
969,-0.1011588531374925,1,-0.4846290703139904,2,-0.270543951856408,0.0850492518807105,2,0.0,0.5601923453255693,-1.5756862740979405,0,0.841866587908176,1.7855109940078144,-0.0577875452794142,7,-1.5679065665042955,1,-0.3960456079576616,-1.6938138873975048,-0.2775943477299747,0,0,0.2160542769925777,-0.4262300150429028,1.1914379855160335,0.0,0.241988311858558,0.7354472998016324,-0.6201892226844657,-1.0778621289498782,1.304908775417731,0.7649976209279952,1.1834366957553253,2.488663922412698,0,-1,1,0.5085022969996127,Anomaly
970,1.2128633628752972,2,0.130188282846699,1,-0.6407266473844129,0.0850492518807105,1,0.0,0.5618539730236342,1.1697805251007627,1,-0.5851223839616266,0.3796721288811475,0.8459113011114247,4,1.153253590238697,2,0.2964223180414091,0.6173817977562985,-0.6780493930322936,0,0,-1.1505541015749308,-0.4262300150429028,0.2662325767951835,0.0,-0.9320143892374164,-0.0359458723056809,-0.6201892226844657,0.3380961637724818,0.4885077284888646,1.3171933011460917,-0.6791456840737199,1.086895217551534,0,1,0,0.44631851798544103,Normal
971,-1.0866755151470848,2,1.2110768553388789,2,0.2230329755142651,0.0850492518807105,3,0.0,0.563515600721699,0.2546249253678617,0,1.5799643319787635,1.7855109940078144,-0.9614863916702532,8,1.153253590238697,1,-0.843313169856417,-1.094266256332371,2.1251359240839385,0,0,-0.3305890744344257,-0.4262300150429028,-0.6589728319256667,0.0,0.241988311858558,-0.8073390444129942,0.9316033855643254,0.3380961637724818,-0.9810141559830952,-1.1676872598353414,-0.6791456840737199,-1.1559347102263289,0,1,0,0.49839896385062393,Normal
972,1.5413689168784943,2,1.493694509614357,1,0.2230329755142651,-0.8916882501868245,5,0.0,0.5685004838158938,1.1697805251007627,0,0.7926600716368035,-1.0261667362455194,1.7496101475022634,4,-0.6608531809232983,2,1.4106603677312304,1.42310298127632,0.1228606975723441,0,0,0.2160542769925777,-0.4262300150429028,-0.6589728319256667,0.0,-0.9320143892374164,2.2782336440162587,-1.3960855268088614,-1.0778621289498782,-0.3278933184400019,-0.6154915796172451,-0.6791456840737199,-0.3148734873096303,0,-1,1,0.5049762889131949,Anomaly
973,-2.072192177156677,0,0.7970667828476081,1,-1.010909342912418,0.0850492518807105,1,0.0,0.5701621115139587,1.1697805251007627,0,1.5307578157073911,0.3796721288811475,-0.9614863916702532,2,1.153253590238697,2,-1.0394309654063227,0.7015658181519889,-0.6780493930322936,0,0,-0.0572673987209239,-0.4262300150429028,0.2662325767951835,0.0,-0.9320143892374164,-1.4501666878357553,1.707499689688721,1.754054456494842,-1.1442943653688686,-1.1676872598353414,-0.6791456840737199,-1.1559347102263289,0,-1,1,0.5160848534137233,Anomaly
974,-0.2106607044718917,2,0.0359823980882062,1,-1.010909342912418,0.0850492518807105,3,0.0,0.5718237392120236,1.1697805251007627,0,-0.2898832863333916,-1.0261667362455194,-0.0577875452794142,2,1.153253590238697,1,-0.2422110641026977,-0.4872699556829775,-1.0785044383346123,0,0,-0.8772324258614291,-0.4262300150429028,-0.6589728319256667,0.0,0.241988311858558,-0.1645114009902331,-2.171981830933257,0.3380961637724818,0.3252275191030913,0.7649976209279952,-0.6791456840737199,-1.1559347102263289,0,1,0,0.4512569367596981,Normal
975,-1.0866755151470848,1,-0.0235160554434733,2,-0.8875151110697495,-1.86842575225436,1,0.0,0.5751469946081533,1.1697805251007627,1,-1.1263940629467242,-2.432005601372186,-0.0577875452794142,7,1.153253590238697,2,-0.3042548304088434,0.8543338150970898,0.1228606975723441,0,0,1.3093409798465847,2.346151056253851,-0.6589728319256667,0.0,-0.9320143892374164,-0.4216424583593375,0.1557070814399298,0.3380961637724818,-0.1646131090542286,-0.6154915796172451,-0.6791456840737199,-1.1559347102263289,0,1,0,0.49416043961492484,Normal
976,1.979376322216091,2,-1.3275238286794515,2,0.4698214391996017,1.0617867539482455,2,0.0,0.5768086223062182,-1.5756862740979405,1,0.9402796204509212,1.7855109940078144,1.7496101475022634,7,0.2462002046576992,2,1.528161062139787,-0.7077786835641765,1.324225833479301,0,1,0.4893759527060795,-0.4262300150429028,0.2662325767951835,0.0,-0.9320143892374164,1.6354060005934978,-0.6201892226844657,-1.0778621289498782,1.9580296129608248,0.7649976209279952,0.2521455058408027,1.086895217551534,1,-1,1,0.5560193669337863,Anomaly
977,2.08887817355049,2,1.4044468293168375,1,1.7037637576262843,0.0850492518807105,1,0.0,0.5784702500042832,1.1697805251007627,1,0.1037688438375884,0.3796721288811475,1.7496101475022634,4,-0.6608531809232983,1,1.465904817181908,0.5511870171112733,0.523315742874663,0,1,-0.8772324258614291,-0.4262300150429028,-1.584178240646517,0.0,0.241988311858558,2.7924957587544674,-2.171981830933257,0.3380961637724818,1.9580296129608248,3.249878181909428,3.977310265498893,1.3672489585237668,0,-1,1,0.5583623520530713,Anomaly
978,-0.3201625558062908,0,0.4871790040367768,1,2.073946453154289,-1.86842575225436,5,0.0,0.5801318777023481,-1.5756862740979405,0,1.2847252343505289,-1.0261667362455194,-0.9614863916702532,6,0.2462002046576992,0,-0.9506148889817716,0.2217590641772194,-0.6780493930322936,0,0,1.3093409798465847,2.346151056253851,0.2662325767951835,0.0,2.5899937140505074,-0.8073390444129942,-0.6201892226844657,0.3380961637724818,-0.3278933184400019,-0.063295899399149,-0.6791456840737199,-1.1559347102263289,0,-1,1,0.5598476419563292,Anomaly
979,0.3368485522001039,2,0.9904367568255668,1,-0.8875151110697495,-1.86842575225436,3,0.0,0.581793505400413,-0.6605306743650393,0,1.137105685536411,1.7855109940078144,-0.0577875452794142,0,0.2462002046576992,0,-0.0267577112450549,-0.0597444297335782,0.9237707881769818,0,0,1.3093409798465847,2.346151056253851,-0.6589728319256667,0.0,2.5899937140505074,0.4783162424325279,-2.171981830933257,0.3380961637724818,0.8150681472604113,1.8693889813641875,2.7355886789461965,1.086895217551534,0,-1,1,0.5611708508091579,Anomaly
980,-0.3201625558062908,2,-1.282899988530692,1,2.4441291486822943,0.0850492518807105,3,0.0,0.5851167607965427,-0.6605306743650393,1,0.9894861367222936,0.3796721288811475,-0.0577875452794142,2,0.2462002046576992,1,-0.2281874730882949,0.4466245610605326,0.523315742874663,0,0,-0.6039107501479274,-0.4262300150429028,-1.584178240646517,0.0,1.4159910129545328,-0.1645114009902331,-1.3960855268088614,0.3380961637724818,0.161947309717318,0.7649976209279952,1.4938670923934996,0.8065414765793012,0,1,0,0.46873241350876155,Normal
981,-0.6486681098094882,1,-0.2466352561872719,2,-0.8875151110697495,0.0850492518807105,1,0.0,0.5884400161926726,0.2546249253678617,0,1.1863122018077836,-1.0261667362455194,-0.9614863916702532,8,1.153253590238697,2,-0.7899810282713399,-0.3416695464510322,1.7246808787816197,0,0,-0.3305890744344257,-0.4262300150429028,0.2662325767951835,0.0,-0.9320143892374164,-1.0644701017820986,0.1557070814399298,1.754054456494842,-0.9810141559830952,-1.1676872598353414,-0.6791456840737199,-1.1559347102263289,1,-1,1,0.503358389979529,Anomaly
982,-0.2106607044718917,1,-0.3482784476372246,2,1.0867925984129432,1.0617867539482455,2,0.0,0.5901016438907375,1.1697805251007627,0,0.0545623275662159,0.3796721288811475,-0.0577875452794142,7,0.2462002046576992,1,-0.401357574250996,1.2613403644558867,-1.0785044383346123,0,1,0.7626976284195812,-0.4262300150429028,0.2662325767951835,0.0,0.241988311858558,-0.8073390444129942,-2.171981830933257,-1.0778621289498782,-0.4911735278257753,-0.6154915796172451,0.2521455058408027,-0.5952272282818631,1,-1,1,0.5066834859742704,Anomaly
983,0.1178448495313057,1,-0.2714262784921384,1,-0.270543951856408,0.0850492518807105,1,0.0,0.5934248992868673,1.1697805251007627,1,-0.4375028351475091,1.7855109940078144,-0.9614863916702532,6,0.2462002046576992,0,-0.8271647923246805,0.2016617103932733,-0.6780493930322936,0,0,-1.1505541015749308,-0.4262300150429028,1.1914379855160335,0.0,2.5899937140505074,-0.9359045730975464,-0.6201892226844657,0.3380961637724818,-0.4911735278257753,-0.6154915796172451,-0.6791456840737199,-0.3148734873096303,0,1,0,0.45766642442225947,Normal
984,-0.3201625558062908,2,-0.9878868231027804,1,-0.8875151110697495,1.0617867539482455,5,0.0,0.5950865269849321,0.2546249253678617,0,1.5799643319787635,0.3796721288811475,-0.0577875452794142,0,1.153253590238697,2,0.0391106707922914,-1.1454231568733246,-0.6780493930322936,0,0,-1.1505541015749308,-0.4262300150429028,1.1914379855160335,0.0,-0.9320143892374164,0.3497507137479757,-0.6201892226844657,1.754054456494842,1.141628566031958,1.8693889813641875,0.5625759024789769,1.9279564404682328,0,-1,1,0.5012438916064919,Anomaly
985,-0.9771736638126856,2,-0.1648248825812124,2,2.073946453154289,0.0850492518807105,1,0.0,0.6017330377771918,0.2546249253678617,1,-0.8803614815898617,-1.0261667362455194,-0.0577875452794142,7,-1.5679065665042955,1,-0.3779849225603247,1.3940110076170416,-0.6780493930322936,0,0,-1.1505541015749308,-0.4262300150429028,0.2662325767951835,0.0,0.241988311858558,-0.8073390444129942,-2.171981830933257,0.3380961637724818,-0.3278933184400019,-0.339393739508197,-0.6791456840737199,-0.0345197463373974,0,1,0,0.46628791690137633,Normal
986,-0.6486681098094882,2,-1.1713403881587927,1,1.5803695257836163,1.0617867539482455,3,0.0,0.6050562931733215,1.1697805251007627,1,1.5799643319787635,0.3796721288811475,-0.0577875452794142,4,0.2462002046576992,1,-0.0688284842882633,0.9477935372392168,-0.6780493930322936,0,1,-0.0572673987209239,-0.4262300150429028,1.1914379855160335,0.0,1.4159910129545328,-0.1645114009902331,0.1557070814399298,-1.0778621289498782,0.4885077284888646,-0.6154915796172451,1.1834366957553253,0.8065414765793012,1,-1,1,0.5075553321389121,Anomaly
987,0.2273467008657048,2,1.7242510170496157,2,1.456975293940948,1.0617867539482455,1,0.0,0.6067179208713864,-1.5756862740979405,1,-1.0771875466753518,-1.0261667362455194,-0.0577875452794142,7,1.153253590238697,1,-0.0813647247405324,-1.5102674255665005,0.1228606975723441,0,1,-0.8772324258614291,-0.4262300150429028,1.1914379855160335,0.0,1.4159910129545328,-0.4216424583593375,-0.6201892226844657,1.754054456494842,-0.3278933184400019,-0.063295899399149,-0.3687152874355457,-0.0345197463373974,0,1,0,0.4948478647958614,Normal
988,1.5413689168784943,1,-0.6482498175261093,2,-0.8875151110697495,0.0850492518807105,2,0.0,0.6083795485694513,-0.6605306743650393,1,-0.6835354165043717,0.3796721288811475,0.8459113011114247,7,-0.6608531809232983,1,0.8696897204180564,0.1520507601433923,-0.2775943477299747,0,0,-1.1505541015749308,-0.4262300150429028,-0.6589728319256667,0.0,-0.9320143892374164,0.3497507137479757,1.707499689688721,0.3380961637724818,-0.4911735278257753,-0.6154915796172451,0.2521455058408027,-0.5952272282818631,0,1,0,0.46879067882674086,Normal
989,0.4463504035345031,1,0.9854785523645936,1,1.5803695257836163,0.0850492518807105,1,0.0,0.6100411762675162,1.1697805251007627,0,0.448214457737196,0.3796721288811475,-0.0577875452794142,6,1.153253590238697,0,-0.2201132843224267,-0.0506092689226936,0.1228606975723441,0,1,-0.3305890744344257,-0.4262300150429028,-1.584178240646517,0.0,1.4159910129545328,0.0926196563788712,0.9316033855643254,-1.0778621289498782,-0.1646131090542286,-0.6154915796172451,0.2521455058408027,-0.3148734873096303,0,1,0,0.4840235383191381,Normal
990,0.0083429981969065,2,1.5779839854509032,1,-0.6407266473844129,-1.86842575225436,1,0.0,0.6133644316636461,0.2546249253678617,1,-0.5851223839616266,0.3796721288811475,-0.9614863916702532,6,0.2462002046576992,1,-0.7451480327555976,-1.2832938146499062,1.7246808787816197,0,1,-0.0572673987209239,-0.4262300150429028,1.1914379855160335,0.0,-0.9320143892374164,-0.4216424583593375,-0.6201892226844657,0.3380961637724818,-0.1646131090542286,-0.063295899399149,-0.3687152874355457,-0.3148734873096303,0,1,0,0.45142469849336925,Normal
991,-0.42966440714069,1,0.7648384538512817,2,-0.5173324155417446,-1.86842575225436,1,0.0,0.615026059361711,-0.6605306743650393,1,-0.2406767700620191,0.3796721288811475,-0.0577875452794142,7,1.153253590238697,1,0.7426274866814978,0.699879326925364,1.324225833479301,0,0,-0.6039107501479274,-0.4262300150429028,-1.584178240646517,0.0,-0.9320143892374164,-0.4216424583593375,-0.6201892226844657,1.754054456494842,-0.3278933184400019,-0.063295899399149,-0.3687152874355457,-0.5952272282818631,0,1,0,0.47693367268529185,Normal
992,-0.5391662584750891,2,-0.7523721112065487,2,-0.8875151110697495,-1.86842575225436,2,0.0,0.6166876870597758,0.2546249253678617,1,-1.4708396768463317,0.3796721288811475,-0.0577875452794142,7,-0.6608531809232983,1,-0.5152461315800853,0.8690906133300572,-1.0785044383346123,0,1,-0.6039107501479274,-0.4262300150429028,-1.584178240646517,0.0,2.5899937140505074,-0.9359045730975464,0.1557070814399298,-1.0778621289498782,-0.6544537372115486,-0.6154915796172451,-0.3687152874355457,-0.5952272282818631,0,1,0,0.4802768391126663,Normal
993,0.2273467008657048,0,1.6920226880532891,1,1.950552221311621,-0.8916882501868245,1,0.0,0.6183493147578407,0.2546249253678617,1,0.251388392651706,0.3796721288811475,0.8459113011114247,0,0.2462002046576992,1,0.93853280357967,-1.5268512559616447,0.1228606975723441,0,0,1.5826626555600865,2.346151056253851,-0.6589728319256667,0.0,0.241988311858558,0.2211851850634235,-0.6201892226844657,0.3380961637724818,-0.1646131090542286,-0.063295899399149,-0.6791456840737199,0.2458339946348354,0,-1,1,0.5114886178415867,Anomaly
994,-1.3056792178158831,2,1.4118841360082974,2,1.0867925984129432,-1.86842575225436,1,0.0,0.6216725701539705,-1.5756862740979405,1,1.333931750621901,1.7855109940078144,-0.0577875452794142,7,0.2462002046576992,1,-0.0575671157463944,-0.2580476897975501,-0.2775943477299747,0,0,-1.1505541015749308,-0.4262300150429028,-0.6589728319256667,0.0,-0.9320143892374164,-0.678773515728442,0.1557070814399298,-1.0778621289498782,-0.6544537372115486,-0.6154915796172451,-0.3687152874355457,-0.5952272282818631,0,1,0,0.47258044079122496,Normal
995,1.6508707682128936,1,-1.1911732060026858,1,2.320734916839626,-0.8916882501868245,3,0.0,0.6249958255501004,1.1697805251007627,0,-0.3390898026047641,1.7855109940078144,1.7496101475022634,4,0.2462002046576992,1,1.432970626163235,-0.6439730988235364,-0.2775943477299747,0,1,-1.1505541015749308,-0.4262300150429028,-0.6589728319256667,0.0,0.241988311858558,1.6354060005934978,0.1557070814399298,-1.0778621289498782,-0.3278933184400019,-0.339393739508197,-0.6791456840737199,-0.5952272282818631,0,-1,1,0.5181002825126765,Anomaly
996,0.6653541062033014,2,0.3161209501331978,1,-0.3939381836990763,0.0850492518807105,3,0.0,0.6266574532481652,-1.5756862740979405,0,0.349801425194451,-1.0261667362455194,-0.0577875452794142,6,0.2462002046576992,2,-0.5146086956248852,0.7996633911673343,-0.6780493930322936,0,1,-0.3305890744344257,-0.4262300150429028,-1.584178240646517,0.0,-0.9320143892374164,1.121143885855289,0.1557070814399298,-2.4938204216722384,2.1213098223465976,0.7649976209279952,-0.3687152874355457,1.086895217551534,0,1,0,0.4933413367606682,Normal
997,-1.0866755151470848,2,-1.481228166969624,2,0.0996387436715968,0.0850492518807105,2,0.0,0.6283190809462301,1.1697805251007627,0,1.5799643319787635,-1.0261667362455194,-0.0577875452794142,7,1.153253590238697,1,-0.1559447314989472,-1.0137363002610345,-0.6780493930322936,0,1,-1.1505541015749308,-0.4262300150429028,1.1914379855160335,0.0,-0.9320143892374164,-0.678773515728442,0.1557070814399298,0.3380961637724818,-0.1646131090542286,-0.6154915796172451,0.5625759024789769,-0.0345197463373974,0,1,0,0.48558036632742707,Normal
998,-1.0866755151470848,2,-1.6547653231036896,1,0.9633983665702748,1.0617867539482455,1,0.0,0.6316423363423599,1.1697805251007627,0,-0.7327419327757442,0.3796721288811475,-0.9614863916702532,6,0.2462002046576992,2,-0.8730601810990897,1.597654823231992,-0.6780493930322936,0,1,-0.6039107501479274,-0.4262300150429028,1.1914379855160335,0.0,-0.9320143892374164,-0.4216424583593375,-0.6201892226844657,0.3380961637724818,0.161947309717318,-0.6154915796172451,1.4938670923934996,0.8065414765793012,1,-1,1,0.5106376745797433,Anomaly
999,-1.196177366481484,2,-0.2962173007970049,1,-0.8875151110697495,-1.86842575225436,3,0.0,0.6349655917384898,-1.5756862740979405,1,-1.4708396768463317,-1.0261667362455194,-0.9614863916702532,6,1.153253590238697,2,-0.5522174169816926,-1.44238615369485,-1.0785044383346123,0,0,-0.8772324258614291,-0.4262300150429028,1.1914379855160335,0.0,-0.9320143892374164,-0.8073390444129942,-0.6201892226844657,0.3380961637724818,-0.4911735278257753,-0.339393739508197,-0.3687152874355457,-0.8755809692540959,0,1,0,0.46508909543369753,Normal
1000,0.5558522548689022,2,0.8540861341488011,0,0.0996387436715968,0.0850492518807105,0,0.0,0.6366272194365546,0.2546249253678617,0,-1.7168722582031943,0.3796721288811475,1.7496101475022634,3,-1.5679065665042955,1,2.187694797120185,0.3236512424524707,-1.0785044383346123,0,0,-0.3305890744344257,-0.4262300150429028,0.2662325767951835,0.0,0.241988311858558,1.2497094145398413,1.707499689688721,0.3380961637724818,2.1213098223465976,0.7649976209279952,-0.6791456840737199,1.3672489585237668,0,-1,1,0.5250896912350371,Anomaly
1001,1.6508707682128936,2,-1.3498357487538315,1,-0.1471497200137397,1.0617867539482455,4,0.0,0.6382888471346195,0.2546249253678617,0,-0.5851223839616266,0.3796721288811475,-0.9614863916702532,2,-1.5679065665042955,1,-0.7549220507353328,0.4286353213098675,2.5255909693862573,0,0,-0.6039107501479274,-0.4262300150429028,0.2662325767951835,0.0,-0.9320143892374164,0.0926196563788712,-0.6201892226844657,-2.4938204216722384,-0.3278933184400019,-0.063295899399149,-0.6791456840737199,-0.0345197463373974,0,1,0,0.494668060790353,Normal
1002,0.0083429981969065,2,1.6350033367520962,1,0.2230329755142651,0.0850492518807105,3,0.0,0.6416121025307493,-1.5756862740979405,0,1.3831382668932737,0.3796721288811475,-0.9614863916702532,2,0.2462002046576992,2,-0.6106490462083709,0.6735981719771268,0.523315742874663,0,0,0.7626976284195812,-0.4262300150429028,-1.584178240646517,0.0,-0.9320143892374164,-0.4216424583593375,2.4833959938131165,0.3380961637724818,-0.6544537372115486,-0.6154915796172451,-0.6791456840737199,-0.5952272282818631,0,1,0,0.4795109524637327,Normal
1003,-0.2106607044718917,1,-1.493623678122057,1,1.0867925984129432,-0.8916882501868245,1,0.0,0.6432737302288142,0.2546249253678617,1,-0.2898832863333916,0.3796721288811475,0.8459113011114247,4,1.153253590238697,2,0.607491064179071,0.7913714759697621,-0.2775943477299747,0,0,-1.1505541015749308,-0.4262300150429028,0.2662325767951835,0.0,-0.9320143892374164,-0.1645114009902331,-0.6201892226844657,0.3380961637724818,-0.8177339465973219,-0.6154915796172451,-0.0582848907973714,-0.5952272282818631,0,1,0,0.44315323428976966,Normal
1004,-1.3056792178158831,2,0.3632238925124442,1,-1.010909342912418,0.0850492518807105,5,0.0,0.6482586133230089,-1.5756862740979405,1,0.743453555365431,0.3796721288811475,-0.9614863916702532,2,1.153253590238697,1,-0.6956405069017211,-1.3215209491200697,0.523315742874663,0,0,-1.1505541015749308,-0.4262300150429028,-0.6589728319256667,0.0,0.241988311858558,-0.5502079870438897,-0.6201892226844657,-1.0778621289498782,-0.6544537372115486,-0.6154915796172451,-0.6791456840737199,-0.5952272282818631,0,1,0,0.45068604574614657,Normal
1005,-1.196177366481484,2,-0.3730694699420911,1,-0.270543951856408,0.0850492518807105,4,0.0,0.6515818687191387,0.2546249253678617,1,1.6783773645215088,1.7855109940078144,-0.9614863916702532,2,-1.5679065665042955,2,-0.6214854574467731,1.301956694830435,-1.0785044383346123,0,0,-0.8772324258614291,-0.4262300150429028,1.1914379855160335,0.0,-0.9320143892374164,-0.4216424583593375,-0.6201892226844657,0.3380961637724818,-0.0013328996684553,0.7649976209279952,-0.6791456840737199,0.8065414765793012,0,1,0,0.4738306441818047,Normal
1006,-0.8676718124782865,2,-1.1663821836978194,0,0.9633983665702748,0.0850492518807105,4,0.0,0.6549051241152685,-0.6605306743650393,1,-0.7327419327757442,-1.0261667362455194,0.8459113011114247,1,-1.5679065665042955,2,0.315545396697413,-0.6386325432725577,-0.6780493930322936,0,0,-0.6039107501479274,-0.4262300150429028,-1.584178240646517,0.0,-0.9320143892374164,-0.1645114009902331,0.1557070814399298,-1.0778621289498782,0.4885077284888646,1.3171933011460917,-0.6791456840737199,1.3672489585237668,0,1,0,0.4954691384052116,Normal
1007,1.3223652142096962,1,1.6672316657484223,1,2.320734916839626,-0.8916882501868245,1,0.0,0.6565667518133333,-1.5756862740979405,1,1.5307578157073911,-1.0261667362455194,-0.0577875452794142,2,-1.5679065665042955,2,-0.4714755293230099,1.1801077037067895,0.1228606975723441,0,0,1.3093409798465847,2.346151056253851,-1.584178240646517,0.0,-0.9320143892374164,1.121143885855289,-0.6201892226844657,0.3380961637724818,-0.4911735278257753,-0.339393739508197,-0.3687152874355457,-0.3148734873096303,1,-1,1,0.5709525898684145,Anomaly
1008,-0.8676718124782865,1,-1.1539866725453862,1,0.59321567104227,-1.86842575225436,4,0.0,0.6582283795113983,0.2546249253678617,0,0.8910731041795485,0.3796721288811475,0.8459113011114247,0,1.153253590238697,2,0.2231171831933946,1.2110267095282454,-1.0785044383346123,0,1,-0.8772324258614291,-0.4262300150429028,-1.584178240646517,0.0,-0.9320143892374164,-0.2930769296747854,-1.3960855268088614,0.3380961637724818,0.161947309717318,0.7649976209279952,1.4938670923934996,0.8065414765793012,1,-1,1,0.5499979054458,Anomaly
1009,1.869874470881692,2,0.4177641415831505,1,-1.010909342912418,0.0850492518807105,3,0.0,0.6598900072094632,1.1697805251007627,0,-0.5851223839616266,0.3796721288811475,1.7496101475022634,5,1.153253590238697,2,2.3000960038871403,-1.2172395749404328,1.324225833479301,0,0,1.036019304133083,-0.4262300150429028,1.1914379855160335,0.0,-0.9320143892374164,2.2782336440162587,0.1557070814399298,-1.0778621289498782,2.1213098223465976,0.7649976209279952,3.0460190755843706,0.8065414765793012,0,-1,1,0.5346729928252847,Anomaly
1010,2.3078818762192883,2,0.6260087289440293,1,-1.010909342912418,0.0850492518807105,3,0.0,0.6615516349075281,1.1697805251007627,0,0.4974209740085685,0.3796721288811475,2.6533089938931025,5,-1.5679065665042955,1,2.8043078444504403,1.1444103060765638,0.1228606975723441,0,1,1.5826626555600865,2.346151056253851,0.2662325767951835,0.0,0.241988311858558,2.6639302300699157,0.1557070814399298,0.3380961637724818,0.3252275191030913,1.041095461037043,-0.3687152874355457,0.2458339946348354,0,-1,1,0.5273007531542985,Anomaly
1011,1.979376322216091,2,0.8268160096134479,1,-1.010909342912418,1.0617867539482455,3,0.0,0.663213262605593,-0.6605306743650393,1,0.743453555365431,1.7855109940078144,1.7496101475022634,5,1.153253590238697,0,1.7485014239872974,-0.2669017687373305,-0.2775943477299747,0,0,-0.6039107501479274,-0.4262300150429028,1.1914379855160335,0.0,1.4159910129545328,2.535364701385363,0.9316033855643254,1.754054456494842,-0.0013328996684553,0.7649976209279952,-0.6791456840737199,-1.1559347102263289,0,-1,1,0.5132292275123745,Anomaly
1012,-0.1011588531374925,2,0.9210218943719408,2,-0.7641208792270812,1.0617867539482455,2,0.0,0.6648748903036579,-1.5756862740979405,0,1.629170848250136,0.3796721288811475,-0.0577875452794142,7,-0.6608531809232983,2,0.5896428574334673,0.906474502186908,0.1228606975723441,0,1,0.2160542769925777,-0.4262300150429028,1.1914379855160335,0.0,-0.9320143892374164,0.4783162424325279,0.1557070814399298,0.3380961637724818,-0.3278933184400019,-0.063295899399149,-0.6791456840737199,-0.8755809692540959,0,1,0,0.4846986750321133,Normal
1013,-0.6486681098094882,1,-0.3358829364847913,2,-1.010909342912418,1.0617867539482455,1,0.0,0.6681981456997877,-0.6605306743650393,0,-0.7819484490471167,-2.432005601372186,-0.9614863916702532,8,0.2462002046576992,2,-1.0929755856431334,0.258721330227414,-0.6780493930322936,0,0,-0.8772324258614291,-0.4262300150429028,-0.6589728319256667,0.0,-0.9320143892374164,-1.3216011591512031,0.1557070814399298,0.3380961637724818,-0.9810141559830952,-1.1676872598353414,-0.6791456840737199,-1.1559347102263289,1,-1,1,0.5034428273026389,Anomaly
1014,-0.7581699611438873,2,0.130188282846699,2,-0.270543951856408,1.0617867539482455,2,0.0,0.6698597733978526,1.1697805251007627,0,0.349801425194451,0.3796721288811475,-0.0577875452794142,7,-1.5679065665042955,0,-0.366298596714989,-0.218134064100762,1.7246808787816197,0,0,-0.3305890744344257,-0.4262300150429028,-0.6589728319256667,0.0,1.4159910129545328,-0.4216424583593375,0.1557070814399298,0.3380961637724818,-0.6544537372115486,-0.6154915796172451,-0.6791456840737199,-0.5952272282818631,0,1,0,0.4621142086415993,Normal
1015,-0.6486681098094882,2,-1.538247518270817,1,-0.1471497200137397,2.038524256015781,1,0.0,0.6731830287939824,-1.5756862740979405,0,1.333931750621901,0.3796721288811475,1.7496101475022634,5,-0.6608531809232983,2,2.107590345416702,-0.7682112858515668,0.1228606975723441,0,0,-1.1505541015749308,-0.4262300150429028,0.2662325767951835,0.0,-0.9320143892374164,-0.2930769296747854,0.1557070814399298,1.754054456494842,-0.6544537372115486,-0.6154915796172451,-0.3687152874355457,-1.1559347102263289,0,-1,1,0.50008086024468,Anomaly
1016,-0.3201625558062908,1,-0.6011468751468629,1,-1.010909342912418,1.0617867539482455,4,0.0,0.6748446564920473,1.1697805251007627,1,1.235518718079156,0.3796721288811475,-0.9614863916702532,6,-1.5679065665042955,0,-0.7451480327555976,0.8391553940574662,0.9237707881769818,0,0,-0.3305890744344257,-0.4262300150429028,0.2662325767951835,0.0,1.4159910129545328,-0.1645114009902331,-0.6201892226844657,0.3380961637724818,-0.4911735278257753,-0.339393739508197,-0.3687152874355457,-0.3148734873096303,0,1,0,0.4626095142722861,Normal
1017,-0.6486681098094882,2,-1.488665473661084,1,-0.1471497200137397,0.0850492518807105,1,0.0,0.678167911888177,-1.5756862740979405,0,-1.569252709389077,-1.0261667362455194,-0.9614863916702532,6,-0.6608531809232983,2,-1.113798493513004,1.117145364579462,-0.6780493930322936,0,0,-0.8772324258614291,-0.4262300150429028,0.2662325767951835,0.0,-0.9320143892374164,-1.3216011591512031,0.1557070814399298,1.754054456494842,-0.9810141559830952,-1.1676872598353414,-0.6791456840737199,-1.1559347102263289,1,1,0,0.4974335923185941,Normal
1018,-1.0866755151470848,2,1.4242796471607309,1,0.2230329755142651,-1.86842575225436,1,0.0,0.679829539586242,-0.6605306743650393,1,1.235518718079156,0.3796721288811475,-0.9614863916702532,2,-1.5679065665042955,1,-0.9357413833604354,-0.9323630985763854,-1.0785044383346123,0,0,-0.3305890744344257,-0.4262300150429028,-0.6589728319256667,0.0,-0.9320143892374164,-0.678773515728442,0.1557070814399298,1.754054456494842,-0.3278933184400019,-1.1676872598353414,-0.3687152874355457,-0.0345197463373974,0,1,0,0.4766148003664538,Normal
1019,-0.1011588531374925,2,-1.5630385405756837,1,-0.6407266473844129,1.0617867539482455,1,0.0,0.6814911672843069,-1.5756862740979405,1,-1.4216331605749593,-1.0261667362455194,-0.0577875452794142,2,1.153253590238697,2,-0.1472331067778788,1.1652103645382703,-0.6780493930322936,0,0,0.2160542769925777,-0.4262300150429028,0.2662325767951835,0.0,-0.9320143892374164,-0.1645114009902331,-0.6201892226844657,-1.0778621289498782,0.4885077284888646,-0.063295899399149,-0.3687152874355457,1.086895217551534,0,1,0,0.4592725067578017,Normal
1020,-0.1011588531374925,2,-1.1738194903892794,2,0.8400041347276065,1.0617867539482455,2,0.0,0.6831527949823718,0.2546249253678617,0,1.5799643319787635,-1.0261667362455194,-0.0577875452794142,7,-1.5679065665042955,1,-0.1818671270104191,-0.1151175583410941,0.523315742874663,0,0,-0.6039107501479274,-0.4262300150429028,-1.584178240646517,0.0,1.4159910129545328,-0.0359458723056809,0.1557070814399298,-1.0778621289498782,-0.6544537372115486,-0.6154915796172451,-0.6791456840737199,-0.5952272282818631,0,1,0,0.4652030982090933,Normal
1021,1.103361511540898,2,-0.8366615870430948,1,-1.010909342912418,0.0850492518807105,5,0.0,0.6864760503785016,-1.5756862740979405,1,0.3990079414658235,0.3796721288811475,-0.9614863916702532,6,1.153253590238697,1,-0.6550570844206464,-0.5773566953718549,1.7246808787816197,0,0,-0.8772324258614291,-0.4262300150429028,0.2662325767951835,0.0,0.241988311858558,0.7354472998016324,-0.6201892226844657,-1.0778621289498782,-0.1646131090542286,0.212801940709899,-0.3687152874355457,-0.5952272282818631,0,1,0,0.4668975216952298,Normal
1022,-1.3056792178158831,2,-1.039947969943,2,-0.0237554881710714,-0.8916882501868245,1,0.0,0.6881376780765665,-1.5756862740979405,1,0.1037688438375884,-1.0261667362455194,-0.9614863916702532,8,-1.5679065665042955,1,-0.4468280057219383,0.1221155408708012,0.1228606975723441,0,0,-0.8772324258614291,-0.4262300150429028,-1.584178240646517,0.0,-0.9320143892374164,-0.678773515728442,-0.6201892226844657,0.3380961637724818,-0.6544537372115486,-0.6154915796172451,-0.0582848907973714,-0.5952272282818631,1,1,0,0.4892808227109362,Normal
1023,0.0083429981969065,0,1.51352732745825,1,-0.5173324155417446,-0.8916882501868245,5,0.0,0.6897993057746313,0.2546249253678617,1,0.8910731041795485,1.7855109940078144,-0.9614863916702532,2,0.2462002046576992,2,-0.6380587922819764,1.5680006858305051,-1.0785044383346123,0,0,-0.3305890744344257,-0.4262300150429028,-1.584178240646517,0.0,-0.9320143892374164,-0.5502079870438897,-0.6201892226844657,-2.4938204216722384,-0.1646131090542286,0.212801940709899,-0.3687152874355457,-0.3148734873096303,0,-1,1,0.5114235389901669,Anomaly
1024,2.08887817355049,2,1.1218291750413594,1,-1.010909342912418,-0.8916882501868245,1,0.0,0.6914609334726963,-1.5756862740979405,0,1.1863122018077836,0.3796721288811475,-0.9614863916702532,6,-1.5679065665042955,1,-0.9427531788676368,-0.5367403649973064,-0.2775943477299747,0,0,1.855984331273588,2.346151056253851,1.1914379855160335,0.0,0.241988311858558,-0.8073390444129942,0.1557070814399298,1.754054456494842,-0.6544537372115486,-0.6154915796172451,-0.3687152874355457,-1.1559347102263289,0,-1,1,0.5171945241145264,Anomaly
1025,1.103361511540898,2,-1.09944642347468,1,-0.8875151110697495,1.0617867539482455,3,0.0,0.6947841888688261,-1.5756862740979405,0,0.7926600716368035,0.3796721288811475,1.7496101475022634,5,0.2462002046576992,1,2.2663118982615336,1.7412876593662083,0.1228606975723441,0,0,1.036019304133083,-0.4262300150429028,-0.6589728319256667,0.0,1.4159910129545328,1.8925370579626024,-0.6201892226844657,1.754054456494842,2.1213098223465976,3.5259760220184755,0.8730062991171511,0.5261877356070683,0,-1,1,0.5147297573856121,Anomaly
1026,-1.4151810691502822,2,1.6697107679789092,2,-0.6407266473844129,-1.86842575225436,3,0.0,0.6981074442649559,1.1697805251007627,0,-1.1756005792180968,0.3796721288811475,-0.0577875452794142,7,0.2462002046576992,1,-0.4973979248344817,0.1261912280018113,-0.6780493930322936,0,1,-0.8772324258614291,-0.4262300150429028,0.2662325767951835,0.0,1.4159910129545328,-0.8073390444129942,0.1557070814399298,0.3380961637724818,-0.3278933184400019,-0.063295899399149,-0.6791456840737199,-0.3148734873096303,0,1,0,0.48013742324283787,Normal
1027,-0.5391662584750891,2,-0.4995036836969103,2,-0.270543951856408,2.038524256015781,2,0.0,0.6997690719630207,1.1697805251007627,1,1.5307578157073911,0.3796721288811475,-0.0577875452794142,7,1.153253590238697,1,0.5739194372051976,1.2690701159112503,0.523315742874663,0,0,-0.8772324258614291,-0.4262300150429028,0.2662325767951835,0.0,0.241988311858558,-0.5502079870438897,0.1557070814399298,-1.0778621289498782,-0.4911735278257753,-0.339393739508197,-0.6791456840737199,-0.3148734873096303,0,1,0,0.4634509665194133,Normal
1028,-0.3201625558062908,2,-0.9953241297942405,1,-1.010909342912418,0.0850492518807105,1,0.0,0.7014306996610856,1.1697805251007627,0,0.9894861367222936,-1.0261667362455194,-0.9614863916702532,2,-0.6608531809232983,1,-0.6818293945390517,-1.4904511536536584,0.9237707881769818,0,0,0.4893759527060795,-0.4262300150429028,-1.584178240646517,0.0,0.241988311858558,-0.5502079870438897,-0.6201892226844657,-1.0778621289498782,-0.3278933184400019,-0.063295899399149,-0.6791456840737199,-0.5952272282818631,0,1,0,0.4475826430405158,Normal
1029,0.4463504035345031,2,1.1912440374949855,1,-0.5173324155417446,2.038524256015781,3,0.0,0.7030923273591506,-0.6605306743650393,1,1.1863122018077836,1.7855109940078144,-0.9614863916702532,6,0.2462002046576992,1,-0.9297919811119008,-1.2300288000756714,-0.2775943477299747,0,1,-0.8772324258614291,-0.4262300150429028,-1.584178240646517,0.0,-0.9320143892374164,-0.5502079870438897,1.707499689688721,-1.0778621289498782,-0.4911735278257753,-0.6154915796172451,-0.6791456840737199,-0.3148734873096303,0,1,0,0.49688975016214915,Normal
1030,0.3368485522001039,0,-0.3457993454067379,1,-0.0237554881710714,1.0617867539482455,4,0.0,0.7047539550572155,0.2546249253678617,1,0.743453555365431,0.3796721288811475,-0.0577875452794142,2,0.2462002046576992,0,-0.537131432708623,1.2347781276365453,0.1228606975723441,0,0,-1.1505541015749308,-0.4262300150429028,0.2662325767951835,0.0,1.4159910129545328,-0.0359458723056809,-0.6201892226844657,1.754054456494842,0.161947309717318,0.7649976209279952,-0.6791456840737199,0.8065414765793012,0,1,0,0.4699992400669327,Normal
1031,-0.6486681098094882,2,-1.1812567970807393,2,-0.1471497200137397,-0.8916882501868245,1,0.0,0.711400465849475,-1.5756862740979405,1,-1.7168722582031943,0.3796721288811475,0.8459113011114247,7,1.153253590238697,0,0.9115480148095312,-0.8330006571410715,-0.6780493930322936,0,0,0.7626976284195812,-0.4262300150429028,-1.584178240646517,0.0,0.241988311858558,0.2211851850634235,1.707499689688721,0.3380961637724818,0.9783483566461848,0.7649976209279952,2.114727885669848,1.3672489585237668,0,1,0,0.49435252344395575,Normal
1032,0.9938596602064989,2,-1.0548225833259202,2,-0.0237554881710714,0.0850492518807105,2,0.0,0.7180469766417347,-1.5756862740979405,1,-0.6835354165043717,0.3796721288811475,0.8459113011114247,7,1.153253590238697,0,0.7634503945513685,0.2351104530546661,0.523315742874663,0,0,-1.1505541015749308,-0.4262300150429028,-1.584178240646517,0.0,0.241988311858558,2.1496681153317065,-1.3960855268088614,1.754054456494842,-0.0013328996684553,0.7649976209279952,0.5625759024789769,-0.3148734873096303,1,-1,1,0.5218831173003387,Anomaly
1033,0.2273467008657048,0,-0.5218156037712901,1,-0.8875151110697495,0.0850492518807105,1,0.0,0.7197086043397996,-1.5756862740979405,0,-0.5851223839616266,-1.0261667362455194,-0.9614863916702532,2,-1.5679065665042955,2,-0.6070369091289035,0.4030568710393906,-0.2775943477299747,0,1,2.1293060069870897,2.346151056253851,-0.6589728319256667,0.0,-0.9320143892374164,-0.0359458723056809,-0.6201892226844657,1.754054456494842,-0.9810141559830952,-1.1676872598353414,-0.6791456840737199,-1.1559347102263289,1,-1,1,0.559164892927903,Anomaly
1034,-0.6486681098094882,1,1.592858598833823,1,-1.010909342912418,2.038524256015781,1,0.0,0.7213702320378644,0.2546249253678617,0,1.6783773645215088,1.7855109940078144,0.8459113011114247,4,-0.6608531809232983,2,0.2003819674579234,-0.7564058472651929,-0.6780493930322936,0,0,-1.1505541015749308,-0.4262300150429028,-1.584178240646517,0.0,-0.9320143892374164,-0.1645114009902331,-0.6201892226844657,0.3380961637724818,0.4885077284888646,1.041095461037043,0.5625759024789769,0.8065414765793012,1,-1,1,0.5294397242057364,Anomaly
1035,0.8843578088720997,2,0.5838639910257561,1,1.3335810620982798,0.0850492518807105,3,0.0,0.7230318597359293,-0.6605306743650393,1,1.432344783164646,-2.432005601372186,0.8459113011114247,0,-1.5679065665042955,0,0.923871776610067,0.7799876601900444,-0.2775943477299747,0,1,0.7626976284195812,-0.4262300150429028,-0.6589728319256667,0.0,0.241988311858558,1.6354060005934978,-0.6201892226844657,0.3380961637724818,-0.0013328996684553,0.7649976209279952,-0.6791456840737199,0.8065414765793012,0,-1,1,0.5063892523731031,Anomaly
1036,-0.6486681098094882,2,1.4763407940009503,0,-0.1471497200137397,-0.8916882501868245,3,0.0,0.7246934874339942,1.1697805251007627,0,1.4815512994360187,1.7855109940078144,-0.9614863916702532,1,-0.6608531809232983,2,-0.9336165968431016,1.446994940320172,2.5255909693862573,0,0,0.7626976284195812,-0.4262300150429028,1.1914379855160335,0.0,-0.9320143892374164,-0.4216424583593375,0.1557070814399298,0.3380961637724818,-0.6544537372115486,-0.6154915796172451,-0.6791456840737199,-0.5952272282818631,0,-1,1,0.5174105878393087,Anomaly
1037,-0.6486681098094882,1,-0.6928736576748691,1,-0.8875151110697495,0.0850492518807105,1,0.0,0.729678370528189,-0.6605306743650393,1,1.3831382668932737,0.3796721288811475,-0.9614863916702532,2,1.153253590238697,1,-0.5908885315971669,0.9511665196924666,1.324225833479301,0,1,-0.6039107501479274,-0.4262300150429028,0.2662325767951835,0.0,0.241988311858558,-0.5502079870438897,-0.6201892226844657,-2.4938204216722384,-0.8177339465973219,-0.6154915796172451,-0.0582848907973714,-0.5952272282818631,1,-1,1,0.5064696432111404,Anomaly
1038,0.8843578088720997,2,1.600295905525283,1,2.4441291486822943,0.0850492518807105,5,0.0,0.7313399982262538,-0.6605306743650393,1,-0.5359158676902541,0.3796721288811475,0.8459113011114247,4,1.153253590238697,1,0.6113156799102717,0.0571856286457445,0.523315742874663,0,1,0.7626976284195812,-0.4262300150429028,1.1914379855160335,0.0,1.4159910129545328,-0.1645114009902331,0.9316033855643254,1.754054456494842,-0.6544537372115486,-0.8915894197262932,-0.3687152874355457,-0.5952272282818631,0,-1,1,0.5095287891299483,Anomaly
1039,1.2128633628752972,2,1.0375396992048131,2,-0.270543951856408,0.0850492518807105,2,0.0,0.7330016259243187,0.2546249253678617,1,1.4815512994360187,0.3796721288811475,-0.0577875452794142,7,-1.5679065665042955,0,-0.2160761899394925,1.4731355543328573,0.523315742874663,0,0,-1.1505541015749308,-0.4262300150429028,-1.584178240646517,0.0,2.5899937140505074,0.4783162424325279,0.1557070814399298,0.3380961637724818,-0.8177339465973219,-0.6154915796172451,-0.0582848907973714,-0.5952272282818631,0,1,0,0.4816295970912787,Normal
1040,-0.3201625558062908,2,0.754922044929335,0,-0.0237554881710714,1.0617867539482455,5,0.0,0.7346632536223836,-1.5756862740979405,0,-0.6835354165043717,0.3796721288811475,-0.9614863916702532,1,0.2462002046576992,1,-0.7991176102958749,-1.5798351886647757,-0.6780493930322936,0,0,-0.0572673987209239,-0.4262300150429028,1.1914379855160335,0.0,-0.9320143892374164,-1.193035630466651,-2.171981830933257,0.3380961637724818,-0.8177339465973219,-0.6154915796172451,-0.0582848907973714,-0.5952272282818631,1,-1,1,0.5162207814241262,Anomaly
1041,0.3368485522001039,0,-1.4489998379732976,1,-0.1471497200137397,-1.86842575225436,3,0.0,0.7363248813204485,1.1697805251007627,1,-0.5359158676902541,-1.0261667362455194,0.8459113011114247,5,-0.6608531809232983,0,1.5413347385472562,1.5269627326493005,-0.2775943477299747,0,0,-1.1505541015749308,-0.4262300150429028,0.2662325767951835,0.0,0.241988311858558,0.6068817711170802,1.707499689688721,0.3380961637724818,0.3252275191030913,1.041095461037043,0.5625759024789769,1.086895217551534,0,-1,1,0.5147957267751945,Anomaly
1042,-0.9771736638126856,2,0.1574584073820522,2,-0.5173324155417446,0.0850492518807105,3,0.0,0.7379865090185135,1.1697805251007627,1,0.8910731041795485,0.3796721288811475,-0.0577875452794142,7,-1.5679065665042955,2,0.4164727562707663,1.2897296334374049,-1.0785044383346123,0,0,0.7626976284195812,-0.4262300150429028,1.1914379855160335,0.0,-0.9320143892374164,-0.678773515728442,0.9316033855643254,0.3380961637724818,-0.3278933184400019,-0.063295899399149,-0.3687152874355457,-0.3148734873096303,0,1,0,0.4578908954349083,Normal
1043,0.7748559575377005,0,0.442555163888017,1,-0.5173324155417446,0.0850492518807105,1,0.0,0.7413097644146432,0.2546249253678617,1,1.1863122018077836,-1.0261667362455194,-0.9614863916702532,2,0.2462002046576992,2,-0.7098765765678573,-0.8910440635240767,0.1228606975723441,0,0,-0.3305890744344257,-0.4262300150429028,1.1914379855160335,0.0,-0.9320143892374164,-0.5502079870438897,1.707499689688721,0.3380961637724818,-0.3278933184400019,-0.6154915796172451,-0.6791456840737199,-0.3148734873096303,0,1,0,0.4697141377600091,Normal
1044,1.7603726195472926,2,-0.8812854271918545,1,-0.8875151110697495,0.0850492518807105,3,0.0,0.7429713921127081,1.1697805251007627,1,-1.3232201280322142,1.7855109940078144,1.7496101475022634,5,-0.6608531809232983,2,2.144986588121776,0.7660741075703894,0.523315742874663,0,0,-0.8772324258614291,-0.4262300150429028,-0.6589728319256667,0.0,-0.9320143892374164,3.049626816123572,-0.6201892226844657,-1.0778621289498782,0.3252275191030913,1.041095461037043,1.8042974890316736,1.086895217551534,0,-1,1,0.509903223714316,Anomaly
1045,1.3223652142096962,2,1.7168137103581556,1,-0.5173324155417446,1.0617867539482455,5,0.0,0.744633019810773,-1.5756862740979405,1,1.4815512994360187,0.3796721288811475,-0.0577875452794142,0,0.2462002046576992,1,0.0314614393298899,1.0148315634975549,-0.2775943477299747,0,0,-0.3305890744344257,-0.4262300150429028,-0.6589728319256667,0.0,0.241988311858558,1.121143885855289,-2.171981830933257,-1.0778621289498782,-0.6544537372115486,-0.6154915796172451,-0.3687152874355457,-0.5952272282818631,0,1,0,0.4972394155350171,Normal
1046,0.3368485522001039,2,0.2318314742966517,1,-0.8875151110697495,0.0850492518807105,3,0.0,0.7462946475088379,0.2546249253678617,1,0.1037688438375884,0.3796721288811475,-0.9614863916702532,6,0.2462002046576992,0,-0.883471635034025,-0.8809251161643276,-0.2775943477299747,0,0,-0.3305890744344257,-0.4262300150429028,0.2662325767951835,0.0,0.241988311858558,-0.4216424583593375,0.1557070814399298,1.754054456494842,-0.6544537372115486,-0.8915894197262932,-0.3687152874355457,-0.5952272282818631,0,1,0,0.4200696045370862,Normal
1047,0.7748559575377005,2,1.6473988479045294,1,1.3335810620982798,0.0850492518807105,1,0.0,0.7479562752069029,1.1697805251007627,1,-0.8311549653184892,0.3796721288811475,-0.9614863916702532,6,-0.6608531809232983,2,-0.6550570844206464,0.961988171729976,-0.6780493930322936,0,0,-0.6039107501479274,-0.4262300150429028,0.2662325767951835,0.0,-0.9320143892374164,-0.678773515728442,0.1557070814399298,-1.0778621289498782,-0.3278933184400019,-0.6154915796172451,-0.3687152874355457,-0.3148734873096303,0,1,0,0.4429017150220224,Normal
1048,-0.42966440714069,1,-0.9234301651101277,2,-0.270543951856408,0.0850492518807105,3,0.0,0.7512795306030327,1.1697805251007627,1,-0.5851223839616266,0.3796721288811475,-0.0577875452794142,7,-1.5679065665042955,1,-0.4525649293187395,0.4417056283162101,-1.0785044383346123,0,0,-0.3305890744344257,-0.4262300150429028,-1.584178240646517,0.0,1.4159910129545328,-0.8073390444129942,-0.6201892226844657,0.3380961637724818,-0.4911735278257753,-0.339393739508197,-0.6791456840737199,-0.3148734873096303,0,1,0,0.45513520291286924,Normal
1049,-0.3201625558062908,2,1.2978454334059115,2,-0.7641208792270812,0.0850492518807105,4,0.0,0.7529411583010975,1.1697805251007627,1,0.743453555365431,-2.432005601372186,-0.0577875452794142,7,-1.5679065665042955,2,-0.3705481697496565,0.2217590641772194,0.1228606975723441,0,0,0.7626976284195812,-0.4262300150429028,1.1914379855160335,0.0,-0.9320143892374164,0.4783162424325279,-0.6201892226844657,0.3380961637724818,0.9783483566461848,1.3171933011460917,0.2521455058408027,2.2083101814404653,0,1,0,0.48718438731073954,Normal
1050,-0.7581699611438873,2,1.3771767047814845,2,0.8400041347276065,-1.86842575225436,1,0.0,0.7546027859991624,1.1697805251007627,1,1.4815512994360187,0.3796721288811475,-0.0577875452794142,7,0.2462002046576992,1,-0.255384740510167,-1.5985271330932007,2.1251359240839385,0,0,-0.0572673987209239,-0.4262300150429028,0.2662325767951835,0.0,1.4159910129545328,-0.9359045730975464,-0.6201892226844657,-1.0778621289498782,-0.8177339465973219,-0.8915894197262932,-0.0582848907973714,-0.5952272282818631,0,1,0,0.4868552125648551,Normal
1051,0.5558522548689022,1,-0.1350756558153726,1,-0.0237554881710714,-0.8916882501868245,3,0.0,0.7562644136972273,-1.5756862740979405,0,0.3990079414658235,0.3796721288811475,-0.9614863916702532,2,1.153253590238697,2,-0.6012999855321024,0.3014457746352435,-0.6780493930322936,0,0,-0.6039107501479274,-0.4262300150429028,0.2662325767951835,0.0,-0.9320143892374164,0.0926196563788712,0.1557070814399298,0.3380961637724818,0.8150681472604113,1.3171933011460917,0.8730062991171511,1.086895217551534,0,1,0,0.46479734425307895,Normal
1052,0.7748559575377005,1,-1.039947969943,2,-1.010909342912418,2.038524256015781,2,0.0,0.7579260413952922,-1.5756862740979405,0,0.645040522822686,0.3796721288811475,-0.0577875452794142,7,0.2462002046576992,1,-0.3686358618840561,-0.707075978886416,1.7246808787816197,0,0,-0.8772324258614291,-0.4262300150429028,0.2662325767951835,0.0,0.241988311858558,-0.0359458723056809,0.9316033855643254,-1.0778621289498782,-0.9810141559830952,-1.1676872598353414,-0.6791456840737199,-1.1559347102263289,0,1,0,0.4899726073442334,Normal
1053,-0.7581699611438873,0,0.4648670839623969,1,-0.270543951856408,0.0850492518807105,5,0.0,0.7595876690933572,0.2546249253678617,1,-0.0930572212479015,0.3796721288811475,-0.9614863916702532,6,0.2462002046576992,0,-1.1110362710404702,-1.006428171612327,-0.6780493930322936,0,0,-0.6039107501479274,-0.4262300150429028,-0.6589728319256667,0.0,1.4159910129545328,-1.3216011591512031,-0.6201892226844657,-1.0778621289498782,-0.9810141559830952,-1.1676872598353414,-0.6791456840737199,-1.1559347102263289,0,1,0,0.4763666294347249,Normal
1054,2.198380024884889,2,-0.985407720872294,1,-1.010909342912418,-0.8916882501868245,1,0.0,0.7612492967914221,-0.6605306743650393,1,1.333931750621901,1.7855109940078144,-0.0577875452794142,6,0.2462002046576992,1,-0.3405886798552506,-1.6291650570435523,-1.0785044383346123,0,0,2.4026276827005915,2.346151056253851,-1.584178240646517,0.0,0.241988311858558,0.2211851850634235,-0.6201892226844657,-1.0778621289498782,0.8150681472604113,1.3171933011460917,-0.0582848907973714,1.086895217551534,0,-1,1,0.5374429801172935,Anomaly
1055,1.3223652142096962,2,1.7044181992057224,1,-0.270543951856408,1.0617867539482455,1,0.0,0.7629109244894869,0.2546249253678617,1,-1.5200461931177045,0.3796721288811475,0.8459113011114247,0,-0.6608531809232983,0,0.8420674956927175,0.9324745752640412,0.1228606975723441,0,0,-0.3305890744344257,-0.4262300150429028,-0.6589728319256667,0.0,1.4159910129545328,2.2782336440162587,0.1557070814399298,0.3380961637724818,0.161947309717318,0.7649976209279952,-0.6791456840737199,0.8065414765793012,0,1,0,0.46908964564911665,Normal
1056,-0.3201625558062908,1,0.0657316248540461,1,0.7166099028849382,0.0850492518807105,3,0.0,0.7645725521875518,-0.6605306743650393,1,0.251388392651706,0.3796721288811475,1.7496101475022634,5,-1.5679065665042955,0,2.2318903566807267,-0.3350641224800849,1.7246808787816197,0,0,-0.3305890744344257,-0.4262300150429028,1.1914379855160335,0.0,1.4159910129545328,0.6068817711170802,0.1557070814399298,-1.0778621289498782,1.141628566031958,1.041095461037043,1.1834366957553253,1.3672489585237668,0,-1,1,0.5104353229269336,Anomaly
1057,-0.9771736638126856,1,1.7192928125886422,2,-1.010909342912418,0.0850492518807105,5,0.0,0.7662341798856167,-1.5756862740979405,1,1.2847252343505289,0.3796721288811475,-0.9614863916702532,8,0.2462002046576992,1,-0.7636336754564013,0.2015211694577212,0.1228606975723441,0,0,-0.0572673987209239,-0.4262300150429028,1.1914379855160335,0.0,0.241988311858558,-0.8073390444129942,0.1557070814399298,1.754054456494842,-0.6544537372115486,-0.6154915796172451,-0.3687152874355457,-0.5952272282818631,1,-1,1,0.5078732408347585,Anomaly
1058,-0.8676718124782865,1,-1.7043473677134229,2,0.4698214391996017,0.0850492518807105,5,0.0,0.7678958075836816,-1.5756862740979405,0,-0.7327419327757442,0.3796721288811475,-0.0577875452794142,7,-0.6608531809232983,2,-0.1567946461058807,0.4457813154472201,0.9237707881769818,0,0,-1.1505541015749308,-0.4262300150429028,-1.584178240646517,0.0,-0.9320143892374164,-0.5502079870438897,0.9316033855643254,-2.4938204216722384,-0.3278933184400019,-0.339393739508197,-0.6791456840737199,-1.1559347102263289,1,-1,1,0.5364170175722862,Anomaly
1059,-0.3201625558062908,2,-0.0309533621349332,2,1.827157989468953,1.0617867539482455,3,0.0,0.7712190629798115,-1.5756862740979405,0,-1.2740136117608418,-1.0261667362455194,-0.0577875452794142,7,-0.6608531809232983,2,-0.4045447540269966,-0.9132495313413038,-1.0785044383346123,0,1,2.1293060069870897,2.346151056253851,0.2662325767951835,0.0,-0.9320143892374164,0.6068817711170802,-0.6201892226844657,1.754054456494842,1.304908775417731,1.3171933011460917,2.4251582823080224,1.6476026994959998,1,-1,1,0.5829632722737506,Anomaly
1060,-0.2106607044718917,2,-0.3532366520981979,2,-0.270543951856408,-1.86842575225436,1,0.0,0.7762039460740061,1.1697805251007627,1,0.4974209740085685,0.3796721288811475,-0.9614863916702532,8,0.2462002046576992,1,-0.8709353945817558,0.2640618857783927,-0.6780493930322936,0,0,-0.6039107501479274,-0.4262300150429028,-1.584178240646517,0.0,0.241988311858558,-1.3216011591512031,0.1557070814399298,0.3380961637724818,-0.9810141559830952,-1.1676872598353414,-0.6791456840737199,-1.1559347102263289,0,1,0,0.45157593892634895,Normal
1061,-1.4151810691502822,1,-1.0449061744039736,1,-0.0237554881710714,0.0850492518807105,3,0.0,0.7795272014701359,-0.6605306743650393,1,1.137105685536411,0.3796721288811475,-0.9614863916702532,2,-1.5679065665042955,2,-0.7077517900505235,0.3773378798333617,-0.2775943477299747,0,1,-1.1505541015749308,-0.4262300150429028,0.2662325767951835,0.0,-0.9320143892374164,-0.9359045730975464,-0.6201892226844657,-1.0778621289498782,-1.1442943653688686,-1.1676872598353414,-0.6791456840737199,-1.1559347102263289,1,-1,1,0.5079608281947797,Anomaly
1062,-1.4151810691502822,0,0.0682107270845327,2,0.4698214391996017,-0.8916882501868245,1,0.0,0.7811888291682008,1.1697805251007627,0,0.5958340065513135,0.3796721288811475,-0.9614863916702532,8,-0.6608531809232983,1,-0.9497649743748382,-1.0133146774543782,-0.6780493930322936,0,0,-0.6039107501479274,-0.4262300150429028,0.2662325767951835,0.0,0.241988311858558,-1.3216011591512031,-0.6201892226844657,0.3380961637724818,-0.9810141559830952,-1.1676872598353414,-0.6791456840737199,-1.1559347102263289,0,1,0,0.4804851689947459,Normal
1063,0.7748559575377005,1,0.968124836751187,1,-0.8875151110697495,-1.86842575225436,3,0.0,0.7828504568662658,-0.6605306743650393,1,0.9894861367222936,0.3796721288811475,0.8459113011114247,4,0.2462002046576992,2,0.78746048219724,0.7597497654705462,0.9237707881769818,0,1,0.7626976284195812,-0.4262300150429028,-0.6589728319256667,0.0,-0.9320143892374164,0.6068817711170802,-0.6201892226844657,-1.0778621289498782,-0.8177339465973219,-0.6154915796172451,-0.0582848907973714,-0.5952272282818631,0,1,0,0.49751536526714263,Normal
1064,-0.8676718124782865,2,1.0995172549669796,2,1.2101868302556114,0.0850492518807105,1,0.0,0.7845120845643306,0.2546249253678617,1,0.5466274902799411,-1.0261667362455194,-0.0577875452794142,7,0.2462002046576992,0,0.4498319045929063,1.3272540632298078,-0.6780493930322936,0,0,-0.3305890744344257,-0.4262300150429028,0.2662325767951835,0.0,1.4159910129545328,-0.1645114009902331,0.1557070814399298,0.3380961637724818,0.4885077284888646,0.7649976209279952,-0.6791456840737199,-0.0345197463373974,0,1,0,0.45156003796919775,Normal
1065,-0.7581699611438873,2,-1.1713403881587927,0,-1.010909342912418,0.0850492518807105,1,0.0,0.7878353399604604,0.2546249253678617,1,-0.9787745141326066,0.3796721288811475,-0.9614863916702532,1,0.2462002046576992,0,-0.9431781361711036,0.1566886110166106,-1.0785044383346123,0,0,1.5826626555600865,2.346151056253851,-1.584178240646517,0.0,0.241988311858558,-0.678773515728442,0.1557070814399298,1.754054456494842,-0.3278933184400019,-0.339393739508197,-0.3687152874355457,-0.3148734873096303,0,-1,1,0.5029593436012487,Anomaly
1066,1.979376322216091,2,1.0573725170487065,1,-0.6407266473844129,1.0617867539482455,1,0.0,0.7911585953565902,1.1697805251007627,1,-1.7660787744745667,0.3796721288811475,-0.0577875452794142,0,0.2462002046576992,1,-0.5243827136046204,0.2571753799363412,-1.0785044383346123,0,1,0.2160542769925777,-0.4262300150429028,-0.6589728319256667,0.0,-0.9320143892374164,-0.9359045730975464,-0.6201892226844657,0.3380961637724818,-0.6544537372115486,-0.6154915796172451,-0.3687152874355457,-0.5952272282818631,0,1,0,0.47196613134331505,Normal
1067,-0.42966440714069,2,0.7350892270854419,1,-0.6407266473844129,1.0617867539482455,3,0.0,0.792820223054655,-1.5756862740979405,0,0.7926600716368035,-1.0261667362455194,-0.9614863916702532,2,-0.6608531809232983,1,-0.5662410079960954,-0.8602655986381732,2.1251359240839385,0,0,-1.1505541015749308,-0.4262300150429028,1.1914379855160335,0.0,-0.9320143892374164,-0.4216424583593375,1.707499689688721,0.3380961637724818,-0.3278933184400019,-0.063295899399149,-0.6791456840737199,-0.5952272282818631,0,1,0,0.47280530044911334,Normal
1068,1.103361511540898,2,-0.5738767506115098,2,0.59321567104227,0.0850492518807105,3,0.0,0.79448185075272,0.2546249253678617,0,0.5958340065513135,0.3796721288811475,-0.0577875452794142,7,0.2462002046576992,1,-0.4062445832408636,1.3895136976793752,0.1228606975723441,0,1,0.4893759527060795,-0.4262300150429028,0.2662325767951835,0.0,0.241988311858558,-0.0359458723056809,0.9316033855643254,-1.0778621289498782,-0.3278933184400019,-0.063295899399149,-0.3687152874355457,-0.5952272282818631,0,1,0,0.4473354452573913,Normal
1069,-0.9771736638126856,1,-1.2729835796087454,1,-0.8875151110697495,-0.8916882501868245,3,0.0,0.7961434784507849,0.2546249253678617,1,-1.3724266443035866,-1.0261667362455194,-0.9614863916702532,2,-1.5679065665042955,2,-0.8375762462596159,-1.258980232799398,1.7246808787816197,0,0,-1.1505541015749308,-0.4262300150429028,0.2662325767951835,0.0,-0.9320143892374164,-0.4216424583593375,-0.6201892226844657,-1.0778621289498782,-1.1442943653688686,-1.1676872598353414,-0.6791456840737199,-1.1559347102263289,1,-1,1,0.5127438983185472,Anomaly
1070,-0.9771736638126856,2,1.5383183497631168,1,-1.010909342912418,0.0850492518807105,1,0.0,0.7994667338469147,-1.5756862740979405,1,0.3005949089230785,-1.0261667362455194,-0.9614863916702532,6,0.2462002046576992,0,-1.0496299406895246,-0.2505990202132903,-0.6780493930322936,0,0,-0.3305890744344257,-0.4262300150429028,1.1914379855160335,0.0,0.241988311858558,-1.3216011591512031,-0.6201892226844657,-2.4938204216722384,-0.9810141559830952,-1.1676872598353414,-0.6791456840737199,-1.1559347102263289,0,1,0,0.4758540564794457,Normal
1071,-0.9771736638126856,1,-0.8317033825821215,2,-0.270543951856408,0.0850492518807105,1,0.0,0.8011283615449796,0.2546249253678617,1,-0.5359158676902541,0.3796721288811475,-0.0577875452794142,7,-1.5679065665042955,2,-0.3410136371587173,-0.349399297906396,-1.0785044383346123,0,0,-0.3305890744344257,-0.4262300150429028,1.1914379855160335,0.0,-0.9320143892374164,-0.8073390444129942,1.707499689688721,0.3380961637724818,-0.4911735278257753,-0.6154915796172451,-0.3687152874355457,-0.3148734873096303,0,1,0,0.46191763041836875,Normal
1072,1.3223652142096962,2,-1.3176074197575052,1,-0.7641208792270812,-0.8916882501868245,3,0.0,0.8044516169411093,0.2546249253678617,0,-1.1263940629467242,-1.0261667362455194,-0.0577875452794142,2,-1.5679065665042955,1,-0.3641738101976552,1.2307024405055351,0.523315742874663,0,0,2.675949358414093,2.346151056253851,-1.584178240646517,0.0,0.241988311858558,-0.1645114009902331,0.1557070814399298,0.3380961637724818,-0.6544537372115486,-0.6154915796172451,-0.3687152874355457,-0.5952272282818631,0,-1,1,0.5022599815871783,Anomaly
1073,-0.8676718124782865,1,-0.9730122097198606,1,-0.8875151110697495,-1.86842575225436,1,0.0,0.811098127733369,1.1697805251007627,0,1.5307578157073911,0.3796721288811475,-0.9614863916702532,2,-0.6608531809232983,1,-0.7060519608366564,-1.3555318555236704,-1.0785044383346123,0,0,-0.6039107501479274,-0.4262300150429028,0.2662325767951835,0.0,2.5899937140505074,-0.9359045730975464,0.1557070814399298,0.3380961637724818,-0.6544537372115486,-0.6154915796172451,-0.6791456840737199,-0.5952272282818631,0,1,0,0.4805510456272443,Normal
1074,-0.9771736638126856,2,0.6954235913976554,1,2.4441291486822943,-1.86842575225436,1,0.0,0.8127597554314339,0.2546249253678617,1,1.4815512994360187,-2.432005601372186,-0.0577875452794142,4,-0.6608531809232983,1,0.0097886168530856,-1.5656405541740162,-0.6780493930322936,0,0,-0.3305890744344257,-0.4262300150429028,-0.6589728319256667,0.0,1.4159910129545328,-0.4216424583593375,-0.6201892226844657,-1.0778621289498782,0.161947309717318,0.4888997808189471,-0.3687152874355457,0.8065414765793012,0,1,0,0.4860465162493729,Normal
1075,-0.42966440714069,2,-0.7102273732882756,1,-0.1471497200137397,2.038524256015781,1,0.0,0.8144213831294987,1.1697805251007627,1,0.1529753601089609,0.3796721288811475,-0.0577875452794142,0,0.2462002046576992,2,-0.0244204460759878,1.087210145306871,-0.2775943477299747,0,1,0.4893759527060795,-0.4262300150429028,-1.584178240646517,0.0,-0.9320143892374164,0.3497507137479757,2.4833959938131165,0.3380961637724818,-1.1442943653688686,-1.1676872598353414,-0.6791456840737199,-1.1559347102263289,0,-1,1,0.5044777216675391,Anomaly
1076,-0.5391662584750891,2,-0.7622885201284952,1,0.0996387436715968,0.0850492518807105,3,0.0,0.8160830108275636,0.2546249253678617,1,-0.0930572212479015,0.3796721288811475,0.8459113011114247,3,1.153253590238697,2,1.0073758867412836,0.949901651272498,-0.2775943477299747,0,0,2.675949358414093,2.346151056253851,-0.6589728319256667,0.0,-0.9320143892374164,-0.1645114009902331,1.707499689688721,1.754054456494842,-0.3278933184400019,-0.6154915796172451,-0.6791456840737199,-1.1559347102263289,0,-1,1,0.5015655205850015,Anomaly
1077,1.869874470881692,1,0.6136132177915959,1,0.2230329755142651,1.0617867539482455,3,0.0,0.8227295216198233,-0.6605306743650393,0,1.038692652993666,0.3796721288811475,1.7496101475022634,3,1.153253590238697,0,2.024723671240685,1.4254921771807052,0.1228606975723441,0,0,1.3093409798465847,2.346151056253851,-1.584178240646517,0.0,0.241988311858558,1.8925370579626024,-0.6201892226844657,0.3380961637724818,1.141628566031958,1.3171933011460917,-0.3687152874355457,2.2083101814404653,0,-1,1,0.5421446744238504,Anomaly
1078,-0.8676718124782865,2,-1.4341252245903775,1,-1.010909342912418,1.0617867539482455,5,0.0,0.826052777015953,-1.5756862740979405,1,1.6783773645215088,-1.0261667362455194,-0.9614863916702532,6,-1.5679065665042955,2,-0.8798594979545576,-0.9479631424226652,1.324225833479301,0,0,-0.6039107501479274,-0.4262300150429028,0.2662325767951835,0.0,-0.9320143892374164,-0.0359458723056809,-0.6201892226844657,-2.4938204216722384,0.3252275191030913,0.7649976209279952,-0.6791456840737199,0.8065414765793012,1,-1,1,0.5394217985202822,Anomaly
1079,0.7748559575377005,2,-1.652286220873203,1,2.320734916839626,0.0850492518807105,1,0.0,0.827714404714018,1.1697805251007627,1,-1.6676657419318217,0.3796721288811475,1.7496101475022634,5,-1.5679065665042955,1,2.0876173521537646,1.0907236686956727,0.1228606975723441,0,0,-0.6039107501479274,-0.4262300150429028,0.2662325767951835,0.0,0.241988311858558,1.6354060005934978,-1.3960855268088614,1.754054456494842,2.1213098223465976,0.4888997808189471,3.666879868860719,3.6100788863016295,0,-1,1,0.571305031801795,Anomaly
1080,0.2273467008657048,2,0.7102982047805754,1,-0.3939381836990763,0.0850492518807105,1,0.0,0.8310376601101478,-0.6605306743650393,0,-1.6676657419318217,0.3796721288811475,0.8459113011114247,4,-0.6608531809232983,2,0.3979871135699627,-0.7256273823792895,0.523315742874663,0,0,0.7626976284195812,-0.4262300150429028,1.1914379855160335,0.0,-0.9320143892374164,-0.2930769296747854,0.1557070814399298,0.3380961637724818,-0.8177339465973219,-1.1676872598353414,-0.0582848907973714,-0.5952272282818631,0,1,0,0.4517549611513222,Normal
1081,0.9938596602064989,2,-1.4242088156684312,2,-0.7641208792270812,0.0850492518807105,1,0.0,0.8343609155062776,0.2546249253678617,0,-0.7327419327757442,0.3796721288811475,1.7496101475022634,3,-0.6608531809232983,1,2.1466864173356432,-0.4122210960981717,2.1251359240839385,0,0,-0.8772324258614291,-0.4262300150429028,1.1914379855160335,0.0,0.241988311858558,1.5068404719089457,-0.6201892226844657,1.754054456494842,0.9783483566461848,2.145486821473236,0.8730062991171511,-0.8755809692540959,0,-1,1,0.5154477328432048,Anomaly
1082,-0.2106607044718917,2,0.5615520709513763,1,0.8400041347276065,0.0850492518807105,1,0.0,0.8376841709024073,1.1697805251007627,0,1.235518718079156,-1.0261667362455194,0.8459113011114247,0,-0.6608531809232983,2,0.446857203468639,0.9671881863454026,-0.6780493930322936,0,0,1.036019304133083,-0.4262300150429028,1.1914379855160335,0.0,-0.9320143892374164,-0.0359458723056809,0.1557070814399298,-2.4938204216722384,0.651787937874638,1.041095461037043,0.2521455058408027,-0.3148734873096303,0,1,0,0.4892934941053739,Normal
1083,-1.5246829204846812,2,-0.7325392933626554,1,1.3335810620982798,-1.86842575225436,1,0.0,0.844330681694667,-1.5756862740979405,1,1.5307578157073911,0.3796721288811475,-0.0577875452794142,2,0.2462002046576992,2,-0.8989825766105615,1.4755247502372424,-1.0785044383346123,0,0,-0.3305890744344257,-0.4262300150429028,-0.6589728319256667,0.0,-0.9320143892374164,-0.8073390444129942,-0.6201892226844657,0.3380961637724818,-0.4911735278257753,-0.339393739508197,-0.3687152874355457,-0.5952272282818631,0,1,0,0.48112136229879165,Normal
1084,0.3368485522001039,2,-0.3135710164104114,1,-0.0237554881710714,1.0617867539482455,1,0.0,0.8459923093927318,1.1697805251007627,1,0.9894861367222936,0.3796721288811475,-0.9614863916702532,2,-1.5679065665042955,2,-0.9529521541508388,1.0565722213565196,0.1228606975723441,0,0,-0.3305890744344257,-0.4262300150429028,-0.6589728319256667,0.0,-0.9320143892374164,0.4783162424325279,0.1557070814399298,-2.4938204216722384,-0.3278933184400019,-0.063295899399149,-0.3687152874355457,-1.1559347102263289,1,1,0,0.4919218882443382,Normal
1085,-0.3201625558062908,2,0.4177641415831505,2,-1.010909342912418,0.0850492518807105,5,0.0,0.8476539370907967,1.1697805251007627,1,-0.0930572212479015,-1.0261667362455194,0.8459113011114247,7,0.2462002046576992,1,0.1232522168787081,-0.2846099266168914,-0.6780493930322936,0,1,-0.3305890744344257,-0.4262300150429028,1.1914379855160335,0.0,-0.9320143892374164,-0.1645114009902331,0.1557070814399298,0.3380961637724818,0.4885077284888646,1.3171933011460917,1.8042974890316736,0.5261877356070683,0,1,0,0.4750553648468437,Normal
1086,-0.6486681098094882,1,-0.5986677729163763,1,-0.7641208792270812,0.0850492518807105,1,0.0,0.8509771924869266,1.1697805251007627,0,-1.6184592256604493,0.3796721288811475,-0.9614863916702532,6,0.2462002046576992,2,-0.513971259669685,-1.4274888145263307,-0.6780493930322936,0,0,-0.8772324258614291,-0.4262300150429028,-1.584178240646517,0.0,-0.9320143892374164,-0.5502079870438897,-0.6201892226844657,-2.4938204216722384,-0.0013328996684553,-0.6154915796172451,1.4938670923934996,0.8065414765793012,1,-1,1,0.5050601987114124,Anomaly
1087,1.4318670655440953,1,-1.1639030814673328,1,1.5803695257836163,2.038524256015781,3,0.0,0.8543004478830564,0.2546249253678617,1,1.0878991692650386,-2.432005601372186,1.7496101475022634,5,1.153253590238697,2,1.680295776780884,1.424648931567393,-0.6780493930322936,0,1,-0.6039107501479274,-0.4262300150429028,1.1914379855160335,0.0,-0.9320143892374164,2.6639302300699157,-0.6201892226844657,0.3380961637724818,4.080672334975878,0.4888997808189471,3.3564494722225446,1.3672489585237668,0,-1,1,0.5816939011044587,Anomaly
1088,-0.3201625558062908,2,1.58046308768139,2,-0.270543951856408,-0.8916882501868245,5,0.0,0.8576237032791861,-0.6605306743650393,1,-0.5359158676902541,0.3796721288811475,-0.9614863916702532,8,0.2462002046576992,1,-0.89133334514816,-1.316742557311299,-1.0785044383346123,0,1,2.675949358414093,2.346151056253851,-0.6589728319256667,0.0,0.241988311858558,0.0926196563788712,0.9316033855643254,0.3380961637724818,0.651787937874638,1.5932911412551394,0.8730062991171511,0.8065414765793012,0,-1,1,0.5564453057347631,Anomaly
1089,0.5558522548689022,2,1.01026957466946,1,-0.8875151110697495,0.0850492518807105,3,0.0,0.859285330977251,0.2546249253678617,1,0.1037688438375884,-1.0261667362455194,-0.9614863916702532,2,-0.6608531809232983,1,-0.3531249203075197,1.3687136392176686,0.523315742874663,0,0,-0.3305890744344257,-0.4262300150429028,-0.6589728319256667,0.0,0.241988311858558,-0.9359045730975464,0.1557070814399298,0.3380961637724818,-0.9810141559830952,-1.1676872598353414,-0.6791456840737199,-1.1559347102263289,0,1,0,0.44131824282758925,Normal
1090,0.0083429981969065,2,-0.3185292208713848,1,0.4698214391996017,0.0850492518807105,3,0.0,0.8609469586753159,-1.5756862740979405,1,-0.929567997861234,0.3796721288811475,-0.0577875452794142,6,1.153253590238697,1,-0.4712630506712765,-1.5855973670224104,-0.6780493930322936,0,0,0.4893759527060795,-0.4262300150429028,-1.584178240646517,0.0,-0.9320143892374164,-0.1645114009902331,-0.6201892226844657,0.3380961637724818,0.4885077284888646,1.041095461037043,0.2521455058408027,0.8065414765793012,0,1,0,0.43934480977553725,Normal
1091,-0.8676718124782865,2,-0.8961600405747744,1,-0.1471497200137397,-1.86842575225436,4,0.0,0.8626085863733809,0.2546249253678617,0,-1.3232201280322142,-2.432005601372186,-0.0577875452794142,0,-1.5679065665042955,1,0.6824960282409525,-0.9873146043772452,0.1228606975723441,0,0,-0.6039107501479274,-0.4262300150429028,0.2662325767951835,0.0,0.241988311858558,-0.2930769296747854,0.1557070814399298,0.3380961637724818,-0.0013328996684553,0.7649976209279952,-0.6791456840737199,0.8065414765793012,0,1,0,0.47475468861770315,Normal
1092,-0.42966440714069,2,-0.5639603416895632,1,1.950552221311621,0.0850492518807105,1,0.0,0.8642702140714458,1.1697805251007627,1,-1.0771875466753518,-1.0261667362455194,-0.0577875452794142,4,-0.6608531809232983,2,-0.4638262978606084,1.3827677327728758,-0.6780493930322936,0,0,-0.6039107501479274,-0.4262300150429028,1.1914379855160335,0.0,-0.9320143892374164,-0.8073390444129942,-0.6201892226844657,0.3380961637724818,-0.3278933184400019,-0.339393739508197,-0.6791456840737199,-0.5952272282818631,0,1,0,0.45512753255470084,Normal
1093,0.8843578088720997,2,0.3657029947429309,1,2.320734916839626,0.0850492518807105,5,0.0,0.8659318417695107,1.1697805251007627,1,1.5307578157073911,0.3796721288811475,-0.9614863916702532,6,1.153253590238697,1,-0.928729587853234,-1.3671967531744924,0.523315742874663,0,0,1.3093409798465847,2.346151056253851,1.1914379855160335,0.0,0.241988311858558,-0.4216424583593375,0.1557070814399298,0.3380961637724818,-0.3278933184400019,-0.063295899399149,-0.6791456840737199,-0.3148734873096303,0,1,0,0.49797468366414943,Normal
1094,0.5558522548689022,1,-1.275462681839232,1,-0.8875151110697495,0.0850492518807105,1,0.0,0.8675934694675755,1.1697805251007627,1,-1.2740136117608418,0.3796721288811475,0.8459113011114247,0,1.153253590238697,1,0.7693997967999031,0.6040304088788518,-0.2775943477299747,0,1,-0.3305890744344257,-0.4262300150429028,0.2662325767951835,0.0,0.241988311858558,1.6354060005934978,0.1557070814399298,-2.4938204216722384,2.1213098223465976,1.041095461037043,3.3564494722225446,1.3672489585237668,0,-1,1,0.5347176022056153,Anomaly
1095,0.3368485522001039,2,1.337511069093698,2,-0.0237554881710714,-0.8916882501868245,3,0.0,0.8692550971656404,-1.5756862740979405,1,-0.929567997861234,0.3796721288811475,-0.0577875452794142,7,-1.5679065665042955,1,-0.2188384124120264,0.7071874555740717,-1.0785044383346123,0,0,-0.8772324258614291,-0.4262300150429028,1.1914379855160335,0.0,-0.9320143892374164,-0.2930769296747854,1.707499689688721,1.754054456494842,0.161947309717318,-0.063295899399149,1.4938670923934996,-0.8755809692540959,0,1,0,0.48349898813960046,Normal
1096,-0.42966440714069,2,-0.5292529104627501,1,2.320734916839626,1.0617867539482455,1,0.0,0.8709167248637053,-0.6605306743650393,1,0.645040522822686,0.3796721288811475,-0.0577875452794142,2,0.2462002046576992,1,-0.2753577337731043,1.2136969873037349,-0.6780493930322936,0,1,-0.8772324258614291,-0.4262300150429028,-0.6589728319256667,0.0,0.241988311858558,0.4783162424325279,0.1557070814399298,0.3380961637724818,1.304908775417731,2.6976825016913315,0.8730062991171511,0.8065414765793012,0,1,0,0.47262502856420185,Normal
1097,0.3368485522001039,2,0.236789678757625,0,-0.3939381836990763,-0.8916882501868245,3,0.0,0.8725783525617702,0.2546249253678617,1,-1.3724266443035866,0.3796721288811475,1.7496101475022634,3,1.153253590238697,2,2.110777525192703,0.4311650581498048,-0.6780493930322936,0,1,1.5826626555600865,2.346151056253851,1.1914379855160335,0.0,-0.9320143892374164,1.2497094145398413,-0.6201892226844657,0.3380961637724818,2.284590031732371,0.7649976209279952,1.4938670923934996,0.8065414765793012,0,-1,1,0.5492001759083097,Anomaly
1098,-1.4151810691502822,2,-1.1217583435490597,1,1.456975293940948,-0.8916882501868245,5,0.0,0.8742399802598352,0.2546249253678617,1,-0.4375028351475091,-1.0261667362455194,-0.9614863916702532,2,-1.5679065665042955,0,-0.8938830889689604,-0.6011081134801548,-1.0785044383346123,0,0,-0.3305890744344257,-0.4262300150429028,-0.6589728319256667,0.0,2.5899937140505074,-1.193035630466651,0.1557070814399298,0.3380961637724818,-0.9810141559830952,-0.8915894197262932,-0.6791456840737199,-1.1559347102263289,0,1,0,0.4981968517551896,Normal
1099,0.3368485522001039,0,0.8416906229963679,1,-0.1471497200137397,-0.8916882501868245,1,0.0,0.8759016079579001,1.1697805251007627,1,0.3005949089230785,0.3796721288811475,-0.0577875452794142,0,1.153253590238697,0,-0.5171584394456856,-0.7690545314648793,0.1228606975723441,0,1,0.7626976284195812,-0.4262300150429028,0.2662325767951835,0.0,-0.9320143892374164,-0.4216424583593375,-0.6201892226844657,0.3380961637724818,-0.8177339465973219,-0.6154915796172451,-0.0582848907973714,-0.5952272282818631,0,1,0,0.47035963236866096,Normal
1100,0.8843578088720997,2,-0.6556871242175693,1,-1.010909342912418,1.0617867539482455,5,0.0,0.877563235655965,-1.5756862740979405,1,0.0053558112948434,0.3796721288811475,0.8459113011114247,0,-0.6608531809232983,0,0.1993195741992565,0.93036646123076,-0.6780493930322936,0,0,-0.8772324258614291,-0.4262300150429028,-1.584178240646517,0.0,2.5899937140505074,-0.1645114009902331,0.9316033855643254,0.3380961637724818,0.4885077284888646,1.041095461037043,1.4938670923934996,0.8065414765793012,0,-1,1,0.5009020225810032,Anomaly
1101,-0.2106607044718917,2,1.486257202922897,2,2.320734916839626,1.0617867539482455,1,0.0,0.8792248633540298,-0.6605306743650393,0,1.5799643319787635,-1.0261667362455194,-0.9614863916702532,8,0.2462002046576992,1,-0.8654109496366881,1.671157732525725,-1.0785044383346123,0,0,2.1293060069870897,2.346151056253851,-1.584178240646517,0.0,1.4159910129545328,-0.678773515728442,1.707499689688721,0.3380961637724818,-0.3278933184400019,-0.339393739508197,0.5625759024789769,-0.5952272282818631,0,-1,1,0.5631158979350543,Anomaly
1102,-0.5391662584750891,2,0.0533361137016128,1,-0.5173324155417446,-0.8916882501868245,1,0.0,0.8808864910520947,1.1697805251007627,0,0.0545623275662159,-1.0261667362455194,-0.0577875452794142,6,-0.6608531809232983,1,-0.1327845584600093,0.1842346343848165,0.1228606975723441,0,0,-0.8772324258614291,-0.4262300150429028,-1.584178240646517,0.0,0.241988311858558,0.0926196563788712,-0.6201892226844657,0.3380961637724818,-0.0013328996684553,-0.8915894197262932,-0.0582848907973714,0.2458339946348354,0,1,0,0.4278431552745481,Normal
1103,-0.1011588531374925,2,0.8788771564536676,2,-0.8875151110697495,1.0617867539482455,1,0.0,0.8825481187501596,0.2546249253678617,1,0.2021818763803334,0.3796721288811475,-0.9614863916702532,8,1.153253590238697,2,-0.8199405181657458,0.3777595026400179,0.1228606975723441,0,1,1.5826626555600865,2.346151056253851,1.1914379855160335,0.0,-0.9320143892374164,-0.5502079870438897,0.1557070814399298,-1.0778621289498782,-0.6544537372115486,-0.6154915796172451,-0.3687152874355457,-0.5952272282818631,0,1,0,0.49027067860717005,Normal
1104,1.2128633628752972,2,-0.7697258268199553,2,0.8400041347276065,1.0617867539482455,1,0.0,0.8842097464482245,0.2546249253678617,0,1.4815512994360187,0.3796721288811475,-0.0577875452794142,7,0.2462002046576992,0,-0.0135840348375856,-0.087149912166232,2.1251359240839385,0,0,-0.3305890744344257,-0.4262300150429028,0.2662325767951835,0.0,0.241988311858558,0.8640128284861845,-0.6201892226844657,0.3380961637724818,0.161947309717318,0.7649976209279952,1.4938670923934996,0.8065414765793012,0,1,0,0.48547405640536806,Normal
1105,-0.8676718124782865,2,-0.5069409903883703,1,-0.0237554881710714,0.0850492518807105,1,0.0,0.8858713741462895,0.2546249253678617,1,1.235518718079156,1.7855109940078144,-0.9614863916702532,6,0.2462002046576992,1,-0.8609488979502873,1.1331670312323985,1.324225833479301,0,0,0.7626976284195812,-0.4262300150429028,-1.584178240646517,0.0,1.4159910129545328,-0.8073390444129942,-0.6201892226844657,-1.0778621289498782,-0.9810141559830952,-1.1676872598353414,-0.6791456840737199,-1.1559347102263289,0,1,0,0.46485452801208543,Normal
1106,-0.42966440714069,2,1.0896008460450328,2,-0.1471497200137397,1.0617867539482455,1,0.0,0.8891946295424192,-1.5756862740979405,1,-0.9787745141326066,0.3796721288811475,-0.0577875452794142,7,-1.5679065665042955,1,-0.0235705314690543,-0.5233889761198597,-0.2775943477299747,0,0,-0.6039107501479274,-0.4262300150429028,1.1914379855160335,0.0,0.241988311858558,-0.4216424583593375,2.4833959938131165,-2.4938204216722384,-0.8177339465973219,-0.6154915796172451,-0.0582848907973714,-0.5952272282818631,0,1,0,0.47840446261830033,Normal
1107,-0.7581699611438873,2,-0.1549084736592658,2,-1.010909342912418,0.0850492518807105,1,0.0,0.892517884938549,-0.6605306743650393,1,-0.0930572212479015,-1.0261667362455194,-0.0577875452794142,7,-1.5679065665042955,1,0.6822835495892191,-1.263477542737064,-0.6780493930322936,0,0,-1.1505541015749308,-0.4262300150429028,1.1914379855160335,0.0,0.241988311858558,-0.1645114009902331,0.9316033855643254,0.3380961637724818,0.4885077284888646,1.041095461037043,1.1834366957553253,0.8065414765793012,1,1,0,0.4928798416688216,Normal
1108,0.1178448495313057,1,0.2119986564527585,0,0.0996387436715968,1.0617867539482455,0,0.0,0.8941795126366139,0.2546249253678617,1,0.251388392651706,0.3796721288811475,-0.0577875452794142,1,0.2462002046576992,1,-0.0905013067650676,0.0703964765876392,0.1228606975723441,0,0,-1.1505541015749308,-0.4262300150429028,0.2662325767951835,0.0,-0.9320143892374164,-0.1645114009902331,-0.6201892226844657,0.3380961637724818,-0.1646131090542286,-0.339393739508197,-0.3687152874355457,-0.5952272282818631,0,1,0,0.46256193200368706,Normal
1109,-0.2106607044718917,2,0.4698252884233702,1,-1.010909342912418,0.0850492518807105,3,0.0,0.8958411403346788,1.1697805251007627,1,0.1037688438375884,-1.0261667362455194,-0.9614863916702532,2,-1.5679065665042955,2,-0.8611613766020206,1.0425181278013125,-0.6780493930322936,0,0,1.036019304133083,-0.4262300150429028,-0.6589728319256667,0.0,-0.9320143892374164,-1.0644701017820986,0.1557070814399298,0.3380961637724818,-0.6544537372115486,-1.1676872598353414,-0.3687152874355457,-0.5952272282818631,0,1,0,0.44645493880629344,Normal
1110,-0.7581699611438873,2,1.203639548647419,2,2.4441291486822943,1.0617867539482455,5,0.0,0.9024876511269384,0.2546249253678617,1,-1.6184592256604493,0.3796721288811475,0.8459113011114247,7,-0.6608531809232983,1,0.5836934551849329,0.4899111692105704,0.1228606975723441,0,0,-0.8772324258614291,-0.4262300150429028,-0.6589728319256667,0.0,0.241988311858558,-0.2930769296747854,0.1557070814399298,0.3380961637724818,-0.4911735278257753,-0.6154915796172451,-0.3687152874355457,-0.3148734873096303,0,1,0,0.4706589987544092,Normal
1111,-0.2106607044718917,2,-1.7316174922487757,1,-0.8875151110697495,0.0850492518807105,1,0.0,0.9041492788250032,-1.5756862740979405,0,0.1529753601089609,0.3796721288811475,-0.9614863916702532,2,-1.5679065665042955,0,-0.94105334965377,1.7294822207798344,-0.6780493930322936,0,1,-0.8772324258614291,-0.4262300150429028,1.1914379855160335,0.0,0.241988311858558,-1.3216011591512031,-0.6201892226844657,0.3380961637724818,-0.9810141559830952,-1.1676872598353414,-0.6791456840737199,-1.1559347102263289,1,-1,1,0.5064164213100462,Anomaly
1112,1.7603726195472926,2,-0.4846290703139904,1,-0.8875151110697495,2.038524256015781,5,0.0,0.909134161919198,0.2546249253678617,0,0.5958340065513135,-1.0261667362455194,0.8459113011114247,4,1.153253590238697,1,0.778961336127905,0.0428504532194333,-1.0785044383346123,0,0,0.2160542769925777,-0.4262300150429028,-0.6589728319256667,0.0,0.241988311858558,2.92106128743902,0.9316033855643254,0.3380961637724818,4.243952544361651,0.7649976209279952,-0.3687152874355457,1.3672489585237668,1,-1,1,0.5348082349052318,Anomaly
1113,0.1178448495313057,2,0.2491851899100582,1,-0.8875151110697495,0.0850492518807105,3,0.0,0.9107957896172628,0.2546249253678617,1,0.743453555365431,0.3796721288811475,-0.0577875452794142,4,-0.6608531809232983,1,-0.3501502191832525,-0.9360171629007392,0.523315742874663,0,0,-1.1505541015749308,-0.4262300150429028,-1.584178240646517,0.0,1.4159910129545328,-0.5502079870438897,-0.6201892226844657,0.3380961637724818,-0.3278933184400019,-0.6154915796172451,-0.3687152874355457,-0.0345197463373974,1,1,0,0.45102453586115043,Normal
1114,-0.5391662584750891,0,0.9854785523645936,1,-1.010909342912418,1.0617867539482455,5,0.0,0.9124574173153278,1.1697805251007627,1,-0.1914702537906465,0.3796721288811475,-0.0577875452794142,6,-1.5679065665042955,1,-0.5133338237144849,1.526400568907092,0.523315742874663,0,0,-0.3305890744344257,-0.4262300150429028,-0.6589728319256667,0.0,0.241988311858558,-0.2930769296747854,0.1557070814399298,-1.0778621289498782,-0.1646131090542286,0.212801940709899,-0.3687152874355457,-0.5952272282818631,0,1,0,0.4716375888631477,Normal
1115,1.2128633628752972,2,0.7574011471598217,1,0.7166099028849382,1.0617867539482455,4,0.0,0.9157806727114576,0.2546249253678617,0,-0.043850704976529,0.3796721288811475,-0.9614863916702532,6,-1.5679065665042955,1,-0.8787971046958908,0.3115647219949926,2.1251359240839385,0,0,-0.8772324258614291,-0.4262300150429028,1.1914379855160335,0.0,0.241988311858558,-0.1645114009902331,0.1557070814399298,-1.0778621289498782,0.161947309717318,-0.6154915796172451,1.4938670923934996,0.5261877356070683,0,1,0,0.4858062964170577,Normal
1116,-0.3201625558062908,2,-0.8019541558162817,1,-0.270543951856408,1.0617867539482455,3,0.0,0.9174423004095223,-1.5756862740979405,1,-1.5200461931177045,0.3796721288811475,-0.9614863916702532,6,1.153253590238697,2,-0.7502475203971986,1.0888966365334958,-0.6780493930322936,0,0,-0.6039107501479274,-0.4262300150429028,0.2662325767951835,0.0,-0.9320143892374164,-1.3216011591512031,0.9316033855643254,-2.4938204216722384,-0.9810141559830952,-1.1676872598353414,-0.6791456840737199,-1.1559347102263289,0,1,0,0.4743033403830518,Normal
1117,1.979376322216091,2,-0.2912590963360316,2,2.073946453154289,2.038524256015781,2,0.0,0.9191039281075876,0.2546249253678617,1,-0.2898832863333916,-1.0261667362455194,2.6533089938931025,3,1.153253590238697,1,2.7798727995011023,1.226064589632317,-0.6780493930322936,0,0,1.5826626555600865,2.346151056253851,0.2662325767951835,0.0,0.241988311858558,3.1781923448081244,0.1557070814399298,0.3380961637724818,4.733793172518971,0.4888997808189471,-0.0582848907973714,2.488663922412698,0,-1,1,0.5726676318048577,Anomaly
1118,-0.3201625558062908,2,1.3598229891680778,1,-1.010909342912418,1.0617867539482455,1,0.0,0.9224271835037172,-0.6605306743650393,1,-1.0279810304039791,0.3796721288811475,-0.0577875452794142,6,1.153253590238697,1,-0.2165011472429593,-0.1834204530194005,2.5255909693862573,0,0,0.4893759527060795,-0.4262300150429028,-0.6589728319256667,0.0,0.241988311858558,-0.2930769296747854,0.1557070814399298,-1.0778621289498782,-0.8177339465973219,-0.6154915796172451,-0.0582848907973714,-0.8755809692540959,0,1,0,0.4554085603339137,Normal
1119,-1.196177366481484,2,-0.8143496669687149,1,-0.7641208792270812,0.0850492518807105,1,0.0,0.924088811201782,-1.5756862740979405,0,1.137105685536411,0.3796721288811475,-0.9614863916702532,6,1.153253590238697,1,-0.9438155721263036,-0.4469347071795331,-0.6780493930322936,0,0,1.5826626555600865,2.346151056253851,-1.584178240646517,0.0,-0.9320143892374164,-1.3216011591512031,1.707499689688721,0.3380961637724818,-0.9810141559830952,-1.1676872598353414,-0.6791456840737199,-1.1559347102263289,0,-1,1,0.5037223648553574,Anomaly
1120,0.1178448495313057,2,1.097038152736493,2,0.59321567104227,0.0850492518807105,1,0.0,0.925750438899847,0.2546249253678617,1,0.6942470390940585,0.3796721288811475,-0.0577875452794142,7,-0.6608531809232983,1,0.7269040664532279,-0.2751936839349027,-1.0785044383346123,0,0,-1.1505541015749308,-0.4262300150429028,1.1914379855160335,0.0,0.241988311858558,-0.1645114009902331,0.1557070814399298,0.3380961637724818,0.3252275191030913,1.041095461037043,1.4938670923934996,0.8065414765793012,0,1,0,0.43881017975908454,Normal
1121,0.1178448495313057,2,-0.9060764494967212,2,0.8400041347276065,0.0850492518807105,1,0.0,0.927412066597912,-0.6605306743650393,0,1.1863122018077836,0.3796721288811475,-0.0577875452794142,7,-0.6608531809232983,2,-0.4897486933720802,0.2903430407266299,-0.2775943477299747,0,0,-0.8772324258614291,-0.4262300150429028,-0.6589728319256667,0.0,-0.9320143892374164,-0.4216424583593375,1.707499689688721,1.754054456494842,-0.6544537372115486,-0.6154915796172451,-0.3687152874355457,-0.5952272282818631,0,1,0,0.4604869679324922,Normal
1122,-0.1011588531374925,2,0.2020822475308119,2,-1.010909342912418,1.0617867539482455,1,0.0,0.9307353219940416,-0.6605306743650393,0,0.349801425194451,0.3796721288811475,-0.0577875452794142,7,0.2462002046576992,2,0.0663079382141635,1.0026045021045245,1.324225833479301,0,0,-0.6039107501479274,-0.4262300150429028,-1.584178240646517,0.0,-0.9320143892374164,0.4783162424325279,1.707499689688721,0.3380961637724818,-0.9810141559830952,-1.1676872598353414,-0.6791456840737199,-1.1559347102263289,0,1,0,0.4763890405506312,Normal
1123,-0.8676718124782865,2,1.406925931547324,1,-0.7641208792270812,-1.86842575225436,3,0.0,0.9323969496921066,-0.6605306743650393,1,1.038692652993666,0.3796721288811475,-0.9614863916702532,2,-1.5679065665042955,2,-0.3781974012120581,0.2670132454249861,-0.6780493930322936,0,1,0.7626976284195812,-0.4262300150429028,1.1914379855160335,0.0,-0.9320143892374164,-0.1645114009902331,0.1557070814399298,0.3380961637724818,0.4885077284888646,1.3171933011460917,-0.3687152874355457,0.2458339946348354,0,1,0,0.476104715097144,Normal
1124,-0.2106607044718917,2,-0.3284456297933313,1,0.0996387436715968,1.0617867539482455,3,0.0,0.9340585773901716,-1.5756862740979405,0,-0.7327419327757442,0.3796721288811475,-0.0577875452794142,0,0.2462002046576992,2,-0.0766901944023982,-1.418072571844342,0.1228606975723441,0,1,0.2160542769925777,-0.4262300150429028,0.2662325767951835,0.0,-0.9320143892374164,-0.1645114009902331,0.9316033855643254,0.3380961637724818,-0.3278933184400019,-0.6154915796172451,-0.6791456840737199,-0.0345197463373974,0,1,0,0.4641185927135777,Normal
1125,0.2273467008657048,2,1.6350033367520962,2,-0.3939381836990763,0.0850492518807105,3,0.0,0.9357202050882364,1.1697805251007627,1,-1.3724266443035866,1.7855109940078144,0.8459113011114247,7,0.2462002046576992,1,0.3684525809790235,-1.356937264879191,-0.2775943477299747,0,0,-1.1505541015749308,-0.4262300150429028,-1.584178240646517,0.0,0.241988311858558,-0.0359458723056809,0.1557070814399298,0.3380961637724818,-0.0013328996684553,0.4888997808189471,1.4938670923934996,0.5261877356070683,0,1,0,0.46700441078509153,Normal
1126,-0.8676718124782865,1,0.4772625951148301,1,-0.8875151110697495,-1.86842575225436,1,0.0,0.9390434604843662,-1.5756862740979405,1,1.038692652993666,0.3796721288811475,-0.0577875452794142,0,1.153253590238697,0,0.4993394304467828,1.4292867824406112,-0.6780493930322936,0,0,1.036019304133083,-0.4262300150429028,1.1914379855160335,0.0,0.241988311858558,-0.678773515728442,-2.171981830933257,1.754054456494842,-0.1646131090542286,-0.063295899399149,-0.3687152874355457,-0.3148734873096303,0,1,0,0.4951028832638161,Normal
1127,1.4318670655440953,2,-1.3349611353709117,2,-0.0237554881710714,0.0850492518807105,2,0.0,0.940705088182431,0.2546249253678617,1,-0.3390898026047641,0.3796721288811475,2.6533089938931025,3,0.2462002046576992,1,2.725690743309092,0.7316415783601321,0.523315742874663,0,1,0.2160542769925777,-0.4262300150429028,0.2662325767951835,0.0,0.241988311858558,2.0211025866471544,-0.6201892226844657,0.3380961637724818,-0.9810141559830952,-1.1676872598353414,-0.6791456840737199,-1.1559347102263289,0,1,0,0.4977166139222663,Normal
1128,-1.5246829204846812,2,0.4326387549660704,1,0.0996387436715968,0.0850492518807105,5,0.0,0.942366715880496,1.1697805251007627,1,-1.0279810304039791,1.7855109940078144,-0.9614863916702532,6,0.2462002046576992,1,-0.9412658283055032,-0.2089989032898774,-0.2775943477299747,0,0,0.2160542769925777,-0.4262300150429028,1.1914379855160335,0.0,0.241988311858558,-0.9359045730975464,-0.6201892226844657,0.3380961637724818,-0.8177339465973219,-0.6154915796172451,-0.0582848907973714,-0.5952272282818631,0,1,0,0.4507926522124665,Normal
1129,-0.1011588531374925,1,1.238346979874232,1,-0.3939381836990763,1.0617867539482455,1,0.0,0.9456899712766258,-1.5756862740979405,1,0.6942470390940585,1.7855109940078144,-0.0577875452794142,2,-1.5679065665042955,1,-0.199927812407756,0.7586254379861296,0.1228606975723441,0,1,-0.6039107501479274,-0.4262300150429028,1.1914379855160335,0.0,0.241988311858558,-0.2930769296747854,0.1557070814399298,0.3380961637724818,-0.6544537372115486,-0.6154915796172451,-0.6791456840737199,-0.5952272282818631,0,1,0,0.46988812784592365,Normal
1130,0.5558522548689022,2,0.6359251378659758,1,-0.0237554881710714,-0.8916882501868245,4,0.0,0.9473515989746908,1.1697805251007627,1,1.333931750621901,-1.0261667362455194,2.6533089938931025,3,1.153253590238697,2,2.785609723097904,1.6933632003429522,2.1251359240839385,0,0,1.855984331273588,2.346151056253851,1.1914379855160335,0.0,-0.9320143892374164,1.6354060005934978,-0.6201892226844657,0.3380961637724818,-0.9810141559830952,-1.1676872598353414,-0.6791456840737199,-0.8755809692540959,0,-1,1,0.5526982951126866,Anomaly
1131,-0.2106607044718917,2,-0.1301174513543993,1,2.320734916839626,0.0850492518807105,1,0.0,0.9490132266727556,-0.6605306743650393,1,-0.9787745141326066,1.7855109940078144,-0.0577875452794142,2,0.2462002046576992,1,-0.6578193068931802,1.5508546916931525,-0.6780493930322936,0,0,0.4893759527060795,-0.4262300150429028,1.1914379855160335,0.0,1.4159910129545328,-0.1645114009902331,0.1557070814399298,-1.0778621289498782,0.4885077284888646,1.3171933011460917,1.1834366957553253,1.086895217551534,0,1,0,0.4798380790461223,Normal
1132,-0.3201625558062908,1,-0.3705903677116045,1,0.0996387436715968,1.0617867539482455,5,0.0,0.9506748543708204,1.1697805251007627,1,1.2847252343505289,-1.0261667362455194,-0.0577875452794142,0,0.2462002046576992,1,-0.3059546596227104,0.1431966812036118,-0.6780493930322936,0,0,-0.3305890744344257,-0.4262300150429028,-0.6589728319256667,0.0,0.241988311858558,-0.4216424583593375,0.1557070814399298,-1.0778621289498782,0.161947309717318,-0.6154915796172451,1.4938670923934996,0.8065414765793012,0,1,0,0.4729729517534056,Normal
1133,0.3368485522001039,2,-1.6969100610219627,2,0.59321567104227,-0.8916882501868245,1,0.0,0.9523364820688852,1.1697805251007627,0,0.8910731041795485,0.3796721288811475,-0.0577875452794142,7,-1.5679065665042955,1,-0.3960456079576616,-0.428804926493316,-0.6780493930322936,0,0,-0.0572673987209239,-0.4262300150429028,0.2662325767951835,0.0,0.241988311858558,-0.8073390444129942,-0.6201892226844657,0.3380961637724818,-0.3278933184400019,-0.063295899399149,-0.3687152874355457,-0.5952272282818631,0,1,0,0.44654065370290896,Normal
1134,0.6653541062033014,2,0.4648670839623969,1,2.197340684996958,0.0850492518807105,5,0.0,0.9539981097669504,1.1697805251007627,1,1.038692652993666,1.7855109940078144,-0.9614863916702532,2,-0.6608531809232983,0,-0.3456881674968516,-1.1887097650233625,0.9237707881769818,0,0,-0.8772324258614291,-0.4262300150429028,0.2662325767951835,0.0,0.241988311858558,-0.4216424583593375,-2.171981830933257,0.3380961637724818,-0.1646131090542286,-0.063295899399149,-0.6791456840737199,-0.5952272282818631,0,1,0,0.4902789295453638,Normal
1135,-0.2106607044718917,2,1.3548647847071045,1,-0.270543951856408,-0.8916882501868245,1,0.0,0.95732136516308,0.2546249253678617,1,-0.142263737519274,-1.0261667362455194,-0.9614863916702532,2,1.153253590238697,1,-0.8101665001860104,-0.9275847067676152,-0.6780493930322936,0,0,0.7626976284195812,-0.4262300150429028,1.1914379855160335,0.0,0.241988311858558,-1.3216011591512031,1.707499689688721,-1.0778621289498782,-0.9810141559830952,-1.1676872598353414,-0.6791456840737199,-0.8755809692540959,0,1,0,0.4625513434000833,Normal
1136,0.9938596602064989,2,-0.593709568455403,2,-1.010909342912418,1.0617867539482455,1,0.0,0.958982992861145,1.1697805251007627,1,-0.4867093514188816,1.7855109940078144,1.7496101475022634,3,-1.5679065665042955,2,2.350878401651417,-1.5680297500784015,-0.6780493930322936,0,0,-0.0572673987209239,-0.4262300150429028,-0.6589728319256667,0.0,-0.9320143892374164,2.0211025866471544,1.707499689688721,-2.4938204216722384,3.1009910786612376,-1.1676872598353414,-0.6791456840737199,2.2083101814404653,0,-1,1,0.5550902462190024,Anomaly
1137,-0.9771736638126856,2,-1.1738194903892794,1,1.827157989468953,0.0850492518807105,3,0.0,0.9623062482572748,0.2546249253678617,1,-0.7327419327757442,0.3796721288811475,-0.9614863916702532,2,-0.6608531809232983,1,-0.8700854799748223,-0.9822551306973706,-0.6780493930322936,0,1,0.4893759527060795,-0.4262300150429028,0.2662325767951835,0.0,2.5899937140505074,-1.3216011591512031,0.1557070814399298,0.3380961637724818,-0.9810141559830952,-0.8915894197262932,-0.6791456840737199,-1.1559347102263289,1,-1,1,0.5030850335458896,Anomaly
1138,-1.6341847718190805,0,-0.856494404886988,1,2.073946453154289,-0.8916882501868245,4,0.0,0.9639678759553396,-0.6605306743650393,0,0.9402796204509212,-1.0261667362455194,-0.9614863916702532,6,0.2462002046576992,1,-0.783819147371072,-0.5649890930432726,-0.6780493930322936,0,1,-0.3305890744344257,-0.4262300150429028,-0.6589728319256667,0.0,-0.9320143892374164,-0.9359045730975464,-0.6201892226844657,-1.0778621289498782,-0.4911735278257753,-0.6154915796172451,-0.3687152874355457,-0.3148734873096303,0,-1,1,0.5050010130960462,Anomaly
1139,1.4318670655440953,1,1.0697680282011397,1,1.3335810620982798,2.038524256015781,3,0.0,0.9656295036534046,-0.6605306743650393,1,-1.2248070954894692,0.3796721288811475,1.7496101475022634,0,0.2462002046576992,1,1.007588365393017,0.8960744729560548,-0.2775943477299747,0,1,-0.0572673987209239,-0.4262300150429028,0.2662325767951835,0.0,0.241988311858558,2.6639302300699157,0.1557070814399298,0.3380961637724818,3.754111916204331,1.041095461037043,3.0460190755843706,2.488663922412698,0,-1,1,0.5632175706874768,Anomaly
1140,-0.5391662584750891,2,-0.4176933100908508,1,-0.5173324155417446,1.0617867539482455,4,0.0,0.9672911313514696,-0.6605306743650393,0,-1.5200461931177045,1.7855109940078144,-0.9614863916702532,6,1.153253590238697,1,-0.6780047788078509,0.628203449793808,0.1228606975723441,0,0,0.4893759527060795,-0.4262300150429028,1.1914379855160335,0.0,1.4159910129545328,-0.678773515728442,0.1557070814399298,0.3380961637724818,-0.6544537372115486,-0.6154915796172451,-0.6791456840737199,-0.5952272282818631,0,1,0,0.45517752819261303,Normal
1141,0.7748559575377005,2,1.2656171044095852,1,-0.270543951856408,0.0850492518807105,3,0.0,0.9689527590495344,-0.6605306743650393,0,-1.7168722582031943,0.3796721288811475,2.6533089938931025,5,1.153253590238697,0,2.66577176352028,-1.5127971624064376,-1.0785044383346123,0,1,-0.3305890744344257,-0.4262300150429028,1.1914379855160335,0.0,0.241988311858558,1.5068404719089457,0.9316033855643254,-1.0778621289498782,2.447870241118145,0.7649976209279952,-0.3687152874355457,1.6476026994959998,0,-1,1,0.5242064613892394,Anomaly
1142,-0.7581699611438873,2,-1.3919804866721046,1,-0.270543951856408,0.0850492518807105,3,0.0,0.9706143867475991,-0.6605306743650393,1,-0.8803614815898617,-1.0261667362455194,-0.9614863916702532,6,-0.6608531809232983,1,-0.9268172799876336,-1.2599640193482624,-0.6780493930322936,0,0,-0.8772324258614291,-0.4262300150429028,-0.6589728319256667,0.0,0.241988311858558,-0.678773515728442,0.1557070814399298,-1.0778621289498782,-0.1646131090542286,-0.063295899399149,-0.3687152874355457,-0.8755809692540959,0,1,0,0.43482908183167807,Normal
1143,0.8843578088720997,2,0.5268446397245632,1,-0.5173324155417446,2.038524256015781,3,0.0,0.973937642143729,0.2546249253678617,0,-0.7819484490471167,-2.432005601372186,-0.0577875452794142,2,-1.5679065665042955,2,-0.1559447314989472,1.283686373208666,-0.6780493930322936,0,1,-0.3305890744344257,-0.4262300150429028,-1.584178240646517,0.0,-0.9320143892374164,-0.1645114009902331,0.1557070814399298,0.3380961637724818,0.4885077284888646,0.7649976209279952,-0.3687152874355457,-0.0345197463373974,0,1,0,0.4951088939244351,Normal
1144,0.8843578088720997,0,-1.1564657747758729,2,2.073946453154289,0.0850492518807105,2,0.0,0.975599269841794,-1.5756862740979405,1,-0.6835354165043717,-1.0261667362455194,-0.0577875452794142,7,-1.5679065665042955,1,-0.450015185497939,1.3841731421283965,-0.6780493930322936,0,0,-0.0572673987209239,-0.4262300150429028,-1.584178240646517,0.0,0.241988311858558,-0.1645114009902331,-0.6201892226844657,0.3380961637724818,0.4885077284888646,0.7649976209279952,0.5625759024789769,0.2458339946348354,0,1,0,0.49196329123659316,Normal
1145,-0.6486681098094882,1,-0.2168860294214321,2,-0.8875151110697495,1.0617867539482455,4,0.0,0.9772608975398588,1.1697805251007627,1,-0.5851223839616266,0.3796721288811475,-0.0577875452794142,7,-1.5679065665042955,2,-0.2487979023064324,1.0243883471150954,1.7246808787816197,0,0,-0.6039107501479274,-0.4262300150429028,1.1914379855160335,0.0,-0.9320143892374164,-0.1645114009902331,0.1557070814399298,0.3380961637724818,-0.3278933184400019,-0.6154915796172451,-0.6791456840737199,-0.3148734873096303,0,1,0,0.47155687433550836,Normal
1146,-0.1011588531374925,2,-0.6036259773773496,1,0.3464272073569334,1.0617867539482455,1,0.0,0.9789225252379238,0.2546249253678617,0,0.4974209740085685,0.3796721288811475,-0.0577875452794142,4,0.2462002046576992,1,-0.3909461203160606,-0.2659179821884661,2.5255909693862573,0,1,-0.8772324258614291,-0.4262300150429028,-0.6589728319256667,0.0,1.4159910129545328,-0.5502079870438897,-0.6201892226844657,0.3380961637724818,-0.6544537372115486,-0.6154915796172451,-0.3687152874355457,-0.8755809692540959,0,1,0,0.45897156895545005,Normal
1147,-0.3201625558062908,1,-0.9333465740320742,1,0.0996387436715968,1.0617867539482455,1,0.0,0.9805841529359888,0.2546249253678617,1,-1.1756005792180968,1.7855109940078144,-0.0577875452794142,4,1.153253590238697,0,-0.3779849225603247,0.3776189617044658,-0.6780493930322936,0,0,-0.6039107501479274,-0.4262300150429028,-1.584178240646517,0.0,0.241988311858558,-0.2930769296747854,0.1557070814399298,0.3380961637724818,0.3252275191030913,0.7649976209279952,1.4938670923934996,-0.5952272282818631,0,1,0,0.45808747062697597,Normal
1148,1.3223652142096962,2,-0.1995323138080255,1,1.950552221311621,1.0617867539482455,1,0.0,0.9839074083321184,0.2546249253678617,0,0.8910731041795485,0.3796721288811475,-0.9614863916702532,2,-1.5679065665042955,1,-0.6994651226329218,1.0946588148911307,-0.6780493930322936,0,0,-0.3305890744344257,-0.4262300150429028,1.1914379855160335,0.0,0.241988311858558,-0.1645114009902331,0.1557070814399298,-1.0778621289498782,0.3252275191030913,0.4888997808189471,-0.3687152874355457,-0.0345197463373974,0,1,0,0.45785082148742307,Normal
1149,0.2273467008657048,2,1.4490706694655973,1,0.0996387436715968,2.038524256015781,3,0.0,0.9855690360301832,-0.6605306743650393,1,0.4974209740085685,0.3796721288811475,-0.0577875452794142,4,-1.5679065665042955,1,-0.2392363629784304,-1.4726024548385457,-0.2775943477299747,0,0,-0.6039107501479274,-0.4262300150429028,1.1914379855160335,0.0,2.5899937140505074,-0.1645114009902331,0.1557070814399298,0.3380961637724818,-0.0013328996684553,0.7649976209279952,1.4938670923934996,0.8065414765793012,0,1,0,0.4811687290385436,Normal
1150,-1.0866755151470848,2,1.238346979874232,1,1.2101868302556114,0.0850492518807105,4,0.0,0.9872306637282484,1.1697805251007627,1,0.0545623275662159,-1.0261667362455194,-0.9614863916702532,2,-1.5679065665042955,0,-0.5177958754008858,0.2778348974624956,-0.6780493930322936,0,0,-1.1505541015749308,-0.4262300150429028,-1.584178240646517,0.0,1.4159910129545328,-0.5502079870438897,0.1557070814399298,0.3380961637724818,-0.0013328996684553,0.7649976209279952,-0.6791456840737199,0.8065414765793012,0,1,0,0.4679253406363743,Normal
1151,-0.2106607044718917,2,0.0409406025491796,1,1.0867925984129432,2.038524256015781,1,0.0,0.990553919124378,-0.6605306743650393,1,-0.8803614815898617,1.7855109940078144,-0.0577875452794142,6,-1.5679065665042955,1,-0.2751452551213709,1.6863361535653485,-0.6780493930322936,0,0,-1.1505541015749308,-0.4262300150429028,1.1914379855160335,0.0,-0.9320143892374164,0.6068817711170802,-0.6201892226844657,0.3380961637724818,1.4681889848035046,2.97378034180038,-0.3687152874355457,1.6476026994959998,0,-1,1,0.5061734721443815,Anomaly
1152,-0.9771736638126856,2,-0.55156483053713,1,2.197340684996958,0.0850492518807105,3,0.0,0.992215546822443,-0.6605306743650393,0,-1.3232201280322142,-2.432005601372186,-0.0577875452794142,4,-1.5679065665042955,0,-0.3454756888451182,0.8638905987146306,-1.0785044383346123,0,0,1.5826626555600865,2.346151056253851,-0.6589728319256667,0.0,0.241988311858558,-0.678773515728442,1.707499689688721,-1.0778621289498782,-0.3278933184400019,-0.339393739508197,-0.6791456840737199,-1.1559347102263289,0,-1,1,0.5329274075328289,Anomaly
1153,-1.7436866231534796,2,-0.6358543063736761,1,-0.5173324155417446,-1.86842575225436,3,0.0,0.9938771745205078,0.2546249253678617,1,1.5307578157073911,0.3796721288811475,-0.9614863916702532,6,1.153253590238697,2,-0.7194381158958592,1.6437522500930712,-0.6780493930322936,0,0,0.7626976284195812,-0.4262300150429028,0.2662325767951835,0.0,-0.9320143892374164,-1.0644701017820986,-0.6201892226844657,0.3380961637724818,-0.8177339465973219,-0.6154915796172451,-0.0582848907973714,-0.5952272282818631,0,1,0,0.4563782216310094,Normal
1154,-2.072192177156677,1,-0.6408125108346494,2,-0.7641208792270812,-0.8916882501868245,3,0.0,0.9955388022185728,-0.6605306743650393,0,0.2021818763803334,0.3796721288811475,-0.9614863916702532,8,1.153253590238697,2,-1.0483550687791243,0.5771870901884063,-0.6780493930322936,0,1,-0.8772324258614291,-0.4262300150429028,0.2662325767951835,0.0,-0.9320143892374164,-1.4501666878357553,-0.6201892226844657,1.754054456494842,-1.1442943653688686,-1.1676872598353414,-0.6791456840737199,-1.1559347102263289,1,-1,1,0.5247133576931862,Anomaly
1155,1.103361511540898,2,0.925980098832914,0,2.073946453154289,1.0617867539482455,1,0.0,0.9972004299166376,1.1697805251007627,0,1.5799643319787635,0.3796721288811475,2.6533089938931025,3,0.2462002046576992,1,2.7951712624259053,-1.2779532590989275,0.1228606975723441,0,0,-1.1505541015749308,-0.4262300150429028,0.2662325767951835,0.0,0.241988311858558,2.0211025866471544,-0.6201892226844657,0.3380961637724818,-0.3278933184400019,-0.6154915796172451,-0.3687152874355457,-1.1559347102263289,0,-1,1,0.5318012774873573,Anomaly
1156,0.2273467008657048,2,-1.5679967450366568,1,-0.7641208792270812,-0.8916882501868245,3,0.0,1.0005236853127677,0.2546249253678617,1,0.4974209740085685,-1.0261667362455194,-0.0577875452794142,2,0.2462002046576992,0,-0.7296370911790612,-0.563724224623304,-1.0785044383346123,0,0,-0.0572673987209239,-0.4262300150429028,1.1914379855160335,0.0,0.241988311858558,-0.0359458723056809,0.1557070814399298,0.3380961637724818,0.4885077284888646,1.041095461037043,-0.6791456840737199,0.8065414765793012,0,1,0,0.443094902816096,Normal
1157,0.3368485522001039,2,0.2020822475308119,1,0.7166099028849382,0.0850492518807105,1,0.0,1.0021853130108322,-1.5756862740979405,0,0.6942470390940585,-1.0261667362455194,0.8459113011114247,4,0.2462002046576992,1,0.8354806574889828,1.6143791945626884,-0.6780493930322936,0,0,-0.6039107501479274,-0.4262300150429028,1.1914379855160335,0.0,1.4159910129545328,0.8640128284861845,-0.6201892226844657,0.3380961637724818,1.794749403575051,2.97378034180038,3.666879868860719,2.2083101814404653,0,-1,1,0.5214779194079577,Anomaly
1158,-0.2106607044718917,0,-1.4737908602781642,1,-0.1471497200137397,1.0617867539482455,1,0.0,1.0055085684069622,0.2546249253678617,0,-0.6835354165043717,0.3796721288811475,-0.0577875452794142,0,0.2462002046576992,1,-0.500372625958749,-0.2899504821678701,-0.6780493930322936,0,0,-0.8772324258614291,-0.4262300150429028,1.1914379855160335,0.0,0.241988311858558,0.4783162424325279,1.707499689688721,0.3380961637724818,1.141628566031958,1.8693889813641875,-0.0582848907973714,1.3672489585237668,0,1,0,0.4861344295421405,Normal
1159,0.0083429981969065,2,-0.3259665275628447,1,1.2101868302556114,0.0850492518807105,1,0.0,1.007170196105027,0.2546249253678617,1,0.9402796204509212,0.3796721288811475,-0.0577875452794142,4,0.2462002046576992,1,-0.1561572101506806,1.7117740629002731,0.1228606975723441,0,0,0.4893759527060795,-0.4262300150429028,-1.584178240646517,0.0,2.5899937140505074,-0.2930769296747854,-0.6201892226844657,-1.0778621289498782,-0.4911735278257753,-0.339393739508197,-0.6791456840737199,-0.5952272282818631,0,1,0,0.4389648099638109,Normal
1160,0.2273467008657048,1,-0.2268024383433787,1,-0.6407266473844129,0.0850492518807105,3,0.0,1.0104934515011568,-1.5756862740979405,0,0.743453555365431,0.3796721288811475,-0.0577875452794142,4,0.2462002046576992,2,-0.3104167113091113,-1.5702784050472345,-1.0785044383346123,0,0,-0.6039107501479274,-0.4262300150429028,1.1914379855160335,0.0,-0.9320143892374164,-0.1645114009902331,-0.6201892226844657,-2.4938204216722384,0.3252275191030913,-0.6154915796172451,0.2521455058408027,1.086895217551534,0,1,0,0.46951590235538765,Normal
1161,0.8843578088720997,2,1.3052827400973714,1,-0.8875151110697495,-0.8916882501868245,4,0.0,1.0138167068972863,1.1697805251007627,0,-0.3390898026047641,-1.0261667362455194,-0.0577875452794142,4,1.153253590238697,0,-0.1557322528472139,-1.2543423819261796,-0.6780493930322936,0,0,1.036019304133083,-0.4262300150429028,-1.584178240646517,0.0,1.4159910129545328,-0.1645114009902331,0.1557070814399298,0.3380961637724818,0.4885077284888646,0.7649976209279952,0.2521455058408027,1.3672489585237668,0,1,0,0.4741459949904929,Normal
1162,0.1178448495313057,2,-1.0052405387161871,1,-0.8875151110697495,-0.8916882501868245,3,0.0,1.0188015899914813,1.1697805251007627,0,-0.5851223839616266,-1.0261667362455194,0.8459113011114247,4,0.2462002046576992,1,0.2662503494952699,-0.0160361987768842,0.1228606975723441,0,1,1.036019304133083,-0.4262300150429028,1.1914379855160335,0.0,0.241988311858558,-0.1645114009902331,2.4833959938131165,1.754054456494842,-0.3278933184400019,-0.063295899399149,-0.6791456840737199,-0.5952272282818631,0,1,0,0.47458760554341445,Normal
1163,-0.2106607044718917,2,-0.1623457803507257,2,0.0996387436715968,0.0850492518807105,3,0.0,1.0204632176895465,1.1697805251007627,1,-0.5359158676902541,-1.0261667362455194,0.8459113011114247,7,-1.5679065665042955,1,0.8080709114153775,1.0142693997553462,2.5255909693862573,0,0,0.4893759527060795,-0.4262300150429028,0.2662325767951835,0.0,-0.9320143892374164,0.4783162424325279,0.1557070814399298,0.3380961637724818,0.9783483566461848,2.145486821473236,1.1834366957553253,-1.1559347102263289,1,-1,1,0.5255855681059113,Anomaly
1164,0.0083429981969065,2,1.654836154595989,1,0.0996387436715968,0.0850492518807105,3,0.0,1.022124845387611,-0.6605306743650393,0,0.251388392651706,0.3796721288811475,-0.9614863916702532,6,-0.6608531809232983,1,-0.5454181001262246,-0.6127730111309766,-0.6780493930322936,0,0,-1.1505541015749308,-0.4262300150429028,-1.584178240646517,0.0,0.241988311858558,-0.4216424583593375,-0.6201892226844657,-2.4938204216722384,0.161947309717318,-0.063295899399149,1.4938670923934996,0.8065414765793012,0,1,0,0.46112102708747793,Normal
1165,0.3368485522001039,2,-0.8788063249613679,1,0.8400041347276065,0.0850492518807105,1,0.0,1.023786473085676,0.2546249253678617,0,0.8910731041795485,0.3796721288811475,0.8459113011114247,4,1.153253590238697,2,0.3064088146728778,0.7919336397119704,1.324225833479301,0,1,-0.0572673987209239,-0.4262300150429028,1.1914379855160335,0.0,-0.9320143892374164,0.8640128284861845,-0.6201892226844657,-1.0778621289498782,-0.4911735278257753,-0.6154915796172451,0.2521455058408027,-0.3148734873096303,0,1,0,0.46917950453786683,Normal
1166,0.7748559575377005,1,-0.4970245814664236,0,-1.010909342912418,2.038524256015781,0,0.0,1.0254481007837408,-1.5756862740979405,1,-1.4216331605749593,0.3796721288811475,-0.0577875452794142,1,1.153253590238697,1,-0.161469176444015,-0.5354754965773377,0.523315742874663,0,1,-1.1505541015749308,-0.4262300150429028,0.2662325767951835,0.0,-0.9320143892374164,0.3497507137479757,0.1557070814399298,0.3380961637724818,0.4885077284888646,0.7649976209279952,-0.6791456840737199,-0.5952272282818631,0,-1,1,0.519361560709963,Anomaly
1167,1.2128633628752972,1,-1.0845718100917598,1,-0.6407266473844129,2.038524256015781,3,0.0,1.0287713561798708,0.2546249253678617,1,1.137105685536411,-1.0261667362455194,1.7496101475022634,3,1.153253590238697,1,1.848366390301984,-1.2242666217180365,-0.2775943477299747,0,0,2.675949358414093,2.346151056253851,-0.6589728319256667,0.0,0.241988311858558,1.5068404719089457,0.1557070814399298,0.3380961637724818,-0.8177339465973219,-0.6154915796172451,-0.0582848907973714,-0.5952272282818631,0,-1,1,0.5338181187121339,Anomaly
1168,-0.2106607044718917,2,-0.0978891223580728,2,0.7166099028849382,-0.8916882501868245,3,0.0,1.0304329838779356,-1.5756862740979405,1,-0.3390898026047641,-2.432005601372186,-0.0577875452794142,7,1.153253590238697,0,-0.2258502079192278,1.0940966511489223,1.324225833479301,0,1,-0.3305890744344257,-0.4262300150429028,1.1914379855160335,0.0,1.4159910129545328,-0.5502079870438897,-0.6201892226844657,-1.0778621289498782,-0.8177339465973219,-0.6154915796172451,-0.0582848907973714,-0.5952272282818631,1,-1,1,0.5287964468388547,Anomaly
1169,-1.4151810691502822,1,-0.5837931595334565,1,-0.8875151110697495,-1.86842575225436,5,0.0,1.0320946115760006,-1.5756862740979405,0,-1.6676657419318217,0.3796721288811475,-0.9614863916702532,6,1.153253590238697,2,-0.5828143428312987,0.4082568856548172,-0.6780493930322936,0,1,-0.6039107501479274,-0.4262300150429028,0.2662325767951835,0.0,-0.9320143892374164,-0.678773515728442,-0.6201892226844657,0.3380961637724818,-0.1646131090542286,-0.339393739508197,-0.3687152874355457,-0.3148734873096303,0,1,0,0.49845258556533784,Normal
1170,-1.0866755151470848,2,-0.7846004402028751,1,-0.1471497200137397,0.0850492518807105,3,0.0,1.0337562392740651,-0.6605306743650393,0,0.9894861367222936,1.7855109940078144,-0.9614863916702532,6,0.2462002046576992,1,-0.634446655202509,1.1491886978853345,1.7246808787816197,0,0,0.4893759527060795,-0.4262300150429028,-1.584178240646517,0.0,-0.9320143892374164,-0.8073390444129942,-2.171981830933257,0.3380961637724818,-0.6544537372115486,-0.6154915796172451,-0.6791456840737199,-0.5952272282818631,0,1,0,0.47547930936702565,Normal
1171,-1.0866755151470848,1,-0.5242947060017769,1,-0.8875151110697495,0.0850492518807105,3,0.0,1.0354178669721303,1.1697805251007627,1,1.038692652993666,0.3796721288811475,-0.9614863916702532,6,1.153253590238697,2,-0.8335391518766818,-1.1265906715093472,-0.2775943477299747,0,0,-0.6039107501479274,-0.4262300150429028,0.2662325767951835,0.0,-0.9320143892374164,-0.678773515728442,-2.171981830933257,-1.0778621289498782,-0.4911735278257753,-0.6154915796172451,-0.3687152874355457,-0.5952272282818631,0,1,0,0.4486193578403791,Normal
1172,0.3368485522001039,2,1.3052827400973714,1,-0.270543951856408,0.0850492518807105,1,0.0,1.0370794946701951,-1.5756862740979405,1,0.349801425194451,0.3796721288811475,-0.9614863916702532,2,-1.5679065665042955,2,-0.9215053136942992,-1.5423107588723726,0.1228606975723441,0,1,-0.3305890744344257,-0.4262300150429028,-0.6589728319256667,0.0,-0.9320143892374164,-0.1645114009902331,0.1557070814399298,-2.4938204216722384,-0.4911735278257753,-0.6154915796172451,-0.6791456840737199,-0.3148734873096303,1,-1,1,0.5038300186431591,Anomaly
1173,-0.8676718124782865,2,-0.8267451781211482,2,0.0996387436715968,0.0850492518807105,3,0.0,1.03874112236826,0.2546249253678617,1,-1.1756005792180968,-1.0261667362455194,-0.0577875452794142,7,0.2462002046576992,2,-0.1346968663256097,1.2789079813998956,2.5255909693862573,0,0,-1.1505541015749308,-0.4262300150429028,0.2662325767951835,0.0,-0.9320143892374164,-0.4216424583593375,-0.6201892226844657,0.3380961637724818,-0.3278933184400019,-0.6154915796172451,-0.3687152874355457,-0.0345197463373974,0,1,0,0.4595414454581033,Normal
1174,-0.1011588531374925,2,-0.2268024383433787,1,-0.5173324155417446,1.0617867539482455,1,0.0,1.040402750066325,-0.6605306743650393,0,-1.1756005792180968,0.3796721288811475,0.8459113011114247,0,-1.5679065665042955,1,0.3197949697320805,1.1916320604220596,0.523315742874663,0,0,-0.8772324258614291,-0.4262300150429028,0.2662325767951835,0.0,1.4159910129545328,-0.2930769296747854,2.4833959938131165,0.3380961637724818,-0.6544537372115486,-0.6154915796172451,-0.6791456840737199,-0.5952272282818631,0,1,0,0.4720350352183283,Normal
1175,-1.3056792178158831,1,-0.075577202283693,1,-0.8875151110697495,-1.86842575225436,1,0.0,1.0437260054624549,1.1697805251007627,1,0.5466274902799411,1.7855109940078144,-0.0577875452794142,4,0.2462002046576992,0,-0.2755702124248377,-1.3126668701802888,-0.6780493930322936,0,0,0.4893759527060795,-0.4262300150429028,0.2662325767951835,0.0,1.4159910129545328,-0.5502079870438897,2.4833959938131165,0.3380961637724818,-0.0013328996684553,0.7649976209279952,-0.6791456840737199,0.8065414765793012,0,1,0,0.49396722709351437,Normal
1176,0.2273467008657048,2,-0.7697258268199553,1,0.3464272073569334,0.0850492518807105,3,0.0,1.0453876331605196,1.1697805251007627,1,0.0053558112948434,0.3796721288811475,-0.0577875452794142,4,-0.6608531809232983,1,-0.2566596124205673,-0.9303955254786564,0.523315742874663,0,0,1.5826626555600865,2.346151056253851,0.2662325767951835,0.0,-0.9320143892374164,-0.5502079870438897,0.1557070814399298,0.3380961637724818,-0.3278933184400019,-0.063295899399149,-0.3687152874355457,-1.1559347102263289,0,1,0,0.4511346411379026,Normal
1177,1.3223652142096962,2,-1.2432343528429055,1,1.5803695257836163,1.0617867539482455,4,0.0,1.0470492608585846,-1.5756862740979405,0,0.3005949089230785,0.3796721288811475,1.7496101475022634,5,-0.6608531809232983,1,2.105678037551101,-1.5199647501195932,0.1228606975723441,0,0,0.2160542769925777,-0.4262300150429028,-0.6589728319256667,0.0,1.4159910129545328,2.0211025866471544,-0.6201892226844657,0.3380961637724818,-0.4911735278257753,-0.6154915796172451,-0.3687152874355457,-0.5952272282818631,0,1,0,0.4984042887123411,Normal
1178,1.4318670655440953,2,0.0260659891662596,1,0.9633983665702748,2.038524256015781,1,0.0,1.0487108885566494,1.1697805251007627,0,-0.7819484490471167,-1.0261667362455194,0.8459113011114247,5,-1.5679065665042955,0,1.437645156501369,1.0776533616893302,0.9237707881769818,0,0,-0.0572673987209239,-0.4262300150429028,0.2662325767951835,0.0,2.5899937140505074,0.9925783571707368,0.1557070814399298,0.3380961637724818,1.141628566031958,1.8693889813641875,-0.3687152874355457,1.9279564404682328,0,-1,1,0.5206620162367942,Anomaly
1179,-1.8531884744878788,2,0.8392115207658811,2,-0.8875151110697495,0.0850492518807105,3,0.0,1.0503725162547144,0.2546249253678617,0,-1.7168722582031943,0.3796721288811475,-0.9614863916702532,8,0.2462002046576992,2,-0.7904059855748066,-0.1492690056802473,-0.6780493930322936,0,0,1.036019304133083,-0.4262300150429028,-1.584178240646517,0.0,-0.9320143892374164,-1.193035630466651,0.1557070814399298,0.3380961637724818,-0.8177339465973219,-0.6154915796172451,-0.0582848907973714,-0.5952272282818631,0,1,0,0.4620729618639477,Normal
1180,-0.3201625558062908,2,0.811941396230528,1,-0.7641208792270812,0.0850492518807105,1,0.0,1.0520341439527794,1.1697805251007627,0,0.0053558112948434,0.3796721288811475,-0.0577875452794142,6,-0.6608531809232983,0,-0.2273375584813614,0.7053604234118949,-0.6780493930322936,0,0,-0.8772324258614291,-0.4262300150429028,0.2662325767951835,0.0,0.241988311858558,-0.0359458723056809,-0.6201892226844657,0.3380961637724818,0.651787937874638,1.041095461037043,1.4938670923934996,1.3672489585237668,0,1,0,0.44519102925930715,Normal
1181,-0.1011588531374925,2,-1.218443330538039,1,-0.270543951856408,0.0850492518807105,1,0.0,1.0536957716508442,-1.5756862740979405,1,0.5466274902799411,0.3796721288811475,-0.9614863916702532,2,-0.6608531809232983,2,-0.9540145474095058,-0.4726536983855621,-0.2775943477299747,0,0,-1.1505541015749308,-0.4262300150429028,0.2662325767951835,0.0,-0.9320143892374164,0.4783162424325279,0.9316033855643254,0.3380961637724818,-0.4911735278257753,-0.339393739508197,-0.3687152874355457,-0.3148734873096303,0,1,0,0.4388807462109524,Normal
1182,1.3223652142096962,2,-0.8366615870430948,1,-0.3939381836990763,-1.86842575225436,1,0.0,1.057019027046974,0.2546249253678617,0,-1.2248070954894692,-1.0261667362455194,1.7496101475022634,0,0.2462002046576992,1,1.5857427767595318,-0.3739939616280084,-0.2775943477299747,0,1,1.036019304133083,-0.4262300150429028,-0.6589728319256667,0.0,0.241988311858558,2.406799172700811,0.1557070814399298,0.3380961637724818,1.304908775417731,1.8693889813641875,-0.0582848907973714,2.2083101814404653,0,-1,1,0.515428598243135,Anomaly
1183,-0.1011588531374925,0,0.2268732698356784,1,-1.010909342912418,1.0617867539482455,3,0.0,1.058680654745039,1.1697805251007627,0,-1.6184592256604493,-1.0261667362455194,-0.0577875452794142,4,0.2462002046576992,1,-0.4523524506670061,0.1542994151122254,-1.0785044383346123,0,0,-0.0572673987209239,-0.4262300150429028,0.2662325767951835,0.0,-0.9320143892374164,-0.9359045730975464,2.4833959938131165,0.3380961637724818,-0.6544537372115486,-0.6154915796172451,-0.3687152874355457,-0.5952272282818631,0,1,0,0.4727642782513069,Normal
1184,-0.1011588531374925,2,0.5888221954867294,1,-0.7641208792270812,-0.8916882501868245,1,0.0,1.062003910141169,1.1697805251007627,1,0.645040522822686,1.7855109940078144,-0.0577875452794142,0,-1.5679065665042955,0,0.0720448618109646,1.6857739898231403,1.324225833479301,0,0,1.3093409798465847,2.346151056253851,-1.584178240646517,0.0,0.241988311858558,0.2211851850634235,0.1557070814399298,0.3380961637724818,-0.3278933184400019,-0.063295899399149,-0.6791456840737199,-0.0345197463373974,0,-1,1,0.5024599274859419,Anomaly
1185,1.869874470881692,2,-0.5416484216151833,1,1.5803695257836163,2.038524256015781,3,0.0,1.0636655378392337,-0.6605306743650393,0,1.235518718079156,0.3796721288811475,1.7496101475022634,3,0.2462002046576992,1,2.320918911757011,0.6144304381097051,0.1228606975723441,0,0,2.675949358414093,2.346151056253851,0.2662325767951835,0.0,0.241988311858558,3.1781923448081244,2.4833959938131165,0.3380961637724818,0.4885077284888646,1.041095461037043,0.5625759024789769,0.8065414765793012,0,-1,1,0.5540905235636722,Anomaly
1186,0.6653541062033014,2,1.2110768553388789,1,0.7166099028849382,-0.8916882501868245,1,0.0,1.0653271655372984,0.2546249253678617,1,-0.043850704976529,-1.0261667362455194,1.7496101475022634,5,0.2462002046576992,1,2.3585276331138187,-1.5161701448596874,-0.6780493930322936,0,0,2.4026276827005915,2.346151056253851,-1.584178240646517,0.0,0.241988311858558,0.3497507137479757,0.1557070814399298,0.3380961637724818,1.141628566031958,1.5932911412551394,1.1834366957553253,1.9279564404682328,0,-1,1,0.5416882162695527,Anomaly
1187,-0.2106607044718917,1,0.1921658386088653,2,0.3464272073569334,1.0617867539482455,4,0.0,1.0669887932353634,1.1697805251007627,1,-1.4708396768463317,0.3796721288811475,-0.0577875452794142,7,1.153253590238697,2,-0.4083693697581974,-0.547983639841472,0.1228606975723441,0,1,2.4026276827005915,2.346151056253851,-1.584178240646517,0.0,-0.9320143892374164,0.2211851850634235,-0.6201892226844657,1.754054456494842,0.651787937874638,1.3171933011460917,1.1834366957553253,0.8065414765793012,1,-1,1,0.5645411953232984,Anomaly
1188,0.1178448495313057,1,0.9582084278292404,1,-1.010909342912418,0.0850492518807105,1,0.0,1.0686504209334282,1.1697805251007627,1,1.1863122018077836,0.3796721288811475,-0.0577875452794142,6,1.153253590238697,1,-0.3756476573912575,-0.6248595315884548,1.7246808787816197,0,0,-0.0572673987209239,-0.4262300150429028,1.1914379855160335,0.0,1.4159910129545328,0.9925783571707368,0.9316033855643254,1.754054456494842,0.9783483566461848,1.8693889813641875,-0.0582848907973714,1.3672489585237668,0,1,0,0.49511189862713534,Normal
1189,-0.8676718124782865,2,0.4673461861928835,2,-0.5173324155417446,0.0850492518807105,3,0.0,1.0703120486314932,-1.5756862740979405,1,-1.1263940629467242,-1.0261667362455194,-0.0577875452794142,7,-0.6608531809232983,0,-0.4920859585411473,-1.5399215629679872,-0.6780493930322936,0,1,-0.6039107501479274,-0.4262300150429028,-0.6589728319256667,0.0,0.241988311858558,-0.1645114009902331,0.1557070814399298,-1.0778621289498782,0.4885077284888646,-1.1676872598353414,-0.6791456840737199,1.3672489585237668,0,1,0,0.4859753878480129,Normal
1190,-0.42966440714069,2,-1.0176360498686203,2,-0.8875151110697495,1.0617867539482455,3,0.0,1.071973676329558,1.1697805251007627,1,1.333931750621901,0.3796721288811475,-0.0577875452794142,7,1.153253590238697,0,-0.2120390955565584,-1.4605159343810674,-0.6780493930322936,0,0,-0.3305890744344257,-0.4262300150429028,0.2662325767951835,0.0,1.4159910129545328,-0.678773515728442,1.707499689688721,0.3380961637724818,-0.1646131090542286,-0.6154915796172451,-0.6791456840737199,-0.0345197463373974,0,1,0,0.4598365567118727,Normal
1191,-0.5391662584750891,2,0.4326387549660704,1,-0.8875151110697495,0.0850492518807105,3,0.0,1.073635304027623,1.1697805251007627,1,-1.0279810304039791,0.3796721288811475,-0.0577875452794142,6,-0.6608531809232983,0,-0.2194758483672265,1.5747466507370045,-1.0785044383346123,0,0,-0.6039107501479274,-0.4262300150429028,0.2662325767951835,0.0,1.4159910129545328,-0.1645114009902331,0.9316033855643254,-1.0778621289498782,0.3252275191030913,0.212801940709899,-0.3687152874355457,0.5261877356070683,0,1,0,0.4468202792964767,Normal
1192,-0.6486681098094882,2,0.7673175560817683,2,-0.5173324155417446,1.0617867539482455,1,0.0,1.0769585594237527,-1.5756862740979405,0,0.0545623275662159,0.3796721288811475,-0.0577875452794142,7,1.153253590238697,1,-0.2182009764568263,1.1631022505049893,-0.6780493930322936,0,0,-1.1505541015749308,-0.4262300150429028,-1.584178240646517,0.0,1.4159910129545328,-0.1645114009902331,-0.6201892226844657,0.3380961637724818,0.4885077284888646,-1.1676872598353414,-0.6791456840737199,-0.5952272282818631,0,1,0,0.44702414264882584,Normal
1193,1.3223652142096962,2,-0.8391406892735814,1,0.8400041347276065,0.0850492518807105,3,0.0,1.0786201871218175,1.1697805251007627,0,0.3990079414658235,0.3796721288811475,-0.9614863916702532,2,-1.5679065665042955,0,-0.8320518013145481,1.4936545309234597,0.523315742874663,0,1,0.2160542769925777,-0.4262300150429028,-0.6589728319256667,0.0,0.241988311858558,0.7354472998016324,-0.6201892226844657,-1.0778621289498782,-0.8177339465973219,-0.6154915796172451,-0.0582848907973714,-0.5952272282818631,0,1,0,0.4802305287123473,Normal
1194,0.1178448495313057,1,-1.622536994107363,1,-0.8875151110697495,0.0850492518807105,3,0.0,1.0802818148198825,1.1697805251007627,0,-1.1756005792180968,-1.0261667362455194,-0.9614863916702532,2,-0.6608531809232983,2,-0.8632861631193544,1.336951387782901,-0.6780493930322936,0,0,1.855984331273588,2.346151056253851,-0.6589728319256667,0.0,-0.9320143892374164,-0.9359045730975464,0.1557070814399298,0.3380961637724818,-0.4911735278257753,-0.339393739508197,0.2521455058408027,-0.3148734873096303,0,1,0,0.49831417917974763,Normal
1195,1.103361511540898,2,1.04745610812676,2,-0.8875151110697495,1.0617867539482455,1,0.0,1.0819434425179475,-0.6605306743650393,0,-0.929567997861234,1.7855109940078144,1.7496101475022634,3,-0.6608531809232983,0,2.011974952136683,0.9518692243702268,1.324225833479301,0,0,-0.3305890744344257,-0.4262300150429028,0.2662325767951835,0.0,2.5899937140505074,2.2782336440162587,-0.6201892226844657,0.3380961637724818,-0.6544537372115486,-0.6154915796172451,-0.3687152874355457,-0.5952272282818631,0,-1,1,0.5165958428217975,Anomaly
1196,1.3223652142096962,2,0.016149580244313,1,-1.010909342912418,0.0850492518807105,1,0.0,1.0836050702160125,0.2546249253678617,1,-1.4708396768463317,0.3796721288811475,1.7496101475022634,3,0.2462002046576992,2,1.8859751116587915,1.1342913587168146,0.523315742874663,0,0,-0.3305890744344257,-0.4262300150429028,-1.584178240646517,0.0,-0.9320143892374164,1.5068404719089457,-0.6201892226844657,0.3380961637724818,0.161947309717318,0.7649976209279952,-0.6791456840737199,-1.1559347102263289,0,1,0,0.4716545680152267,Normal
1197,0.4463504035345031,2,1.0003531657475135,2,1.7037637576262843,-0.8916882501868245,1,0.0,1.0852666979140773,1.1697805251007627,1,0.6942470390940585,0.3796721288811475,0.8459113011114247,7,0.2462002046576992,2,0.1230397382269747,-0.3825669586966848,0.1228606975723441,0,1,0.2160542769925777,-0.4262300150429028,1.1914379855160335,0.0,-0.9320143892374164,1.2497094145398413,-0.6201892226844657,0.3380961637724818,-0.8177339465973219,-1.1676872598353414,-0.6791456840737199,-0.5952272282818631,0,1,0,0.47702281069100505,Normal
1198,-1.8531884744878788,2,-0.1871368026555923,2,-0.0237554881710714,-1.86842575225436,1,0.0,1.088589953310207,1.1697805251007627,1,-0.5851223839616266,0.3796721288811475,-0.9614863916702532,8,-1.5679065665042955,2,-0.8020923114201423,0.9513070606280186,-0.6780493930322936,0,0,-1.1505541015749308,-0.4262300150429028,-1.584178240646517,0.0,-0.9320143892374164,-1.193035630466651,0.1557070814399298,0.3380961637724818,-0.8177339465973219,-0.6154915796172451,-0.6791456840737199,-0.5952272282818631,0,1,0,0.4701635019740421,Normal
1199,-0.42966440714069,0,-0.6755199420614625,2,0.8400041347276065,0.0850492518807105,1,0.0,1.090251581008272,0.2546249253678617,0,-1.4708396768463317,0.3796721288811475,-0.0577875452794142,7,1.153253590238697,0,-0.2411486708440308,0.2553483477741643,-0.6780493930322936,0,1,2.675949358414093,2.346151056253851,0.2662325767951835,0.0,0.241988311858558,-0.5502079870438897,-0.6201892226844657,0.3380961637724818,-0.1646131090542286,0.212801940709899,-0.3687152874355457,-0.5952272282818631,0,-1,1,0.5276879767946717,Anomaly
1200,-0.1011588531374925,2,1.3598229891680778,1,2.073946453154289,1.0617867539482455,1,0.0,1.0919132087063368,-1.5756862740979405,1,0.6942470390940585,0.3796721288811475,-0.0577875452794142,0,0.2462002046576992,1,-0.2456107225304317,-0.968903741819924,1.324225833479301,0,0,-0.3305890744344257,-0.4262300150429028,-0.6589728319256667,0.0,1.4159910129545328,-0.1645114009902331,-0.6201892226844657,-1.0778621289498782,-0.6544537372115486,-0.6154915796172451,-0.6791456840737199,-0.5952272282818631,0,1,0,0.467862975911354,Normal
1201,0.7748559575377005,2,-0.6804781465224358,0,-1.010909342912418,0.0850492518807105,1,0.0,1.0935748364044018,0.2546249253678617,0,-1.0771875466753518,0.3796721288811475,-0.9614863916702532,1,1.153253590238697,0,-0.7028647810606559,-1.4259428642352578,0.523315742874663,0,1,0.7626976284195812,-0.4262300150429028,-1.584178240646517,0.0,2.5899937140505074,-0.4216424583593375,-0.6201892226844657,0.3380961637724818,-0.8177339465973219,-0.6154915796172451,-0.0582848907973714,-0.5952272282818631,0,-1,1,0.5171122468385831,Anomaly
1202,-1.5246829204846812,2,1.2829708200229917,1,-0.1471497200137397,-1.86842575225436,3,0.0,1.0952364641024666,1.1697805251007627,1,1.333931750621901,-1.0261667362455194,-0.9614863916702532,2,0.2462002046576992,2,-0.5341567315843557,0.8815987565941915,-0.6780493930322936,0,1,-1.1505541015749308,-0.4262300150429028,-1.584178240646517,0.0,-0.9320143892374164,-0.8073390444129942,-0.6201892226844657,0.3380961637724818,-0.3278933184400019,-0.063295899399149,-0.3687152874355457,-0.5952272282818631,1,-1,1,0.5043037592318145,Anomaly
1203,0.1178448495313057,2,1.7168137103581556,1,-0.6407266473844129,-0.8916882501868245,3,0.0,1.100221347196661,1.1697805251007627,0,1.038692652993666,0.3796721288811475,-0.9614863916702532,2,0.2462002046576992,1,-0.6792796507182511,1.667222586330267,1.7246808787816197,0,0,1.036019304133083,-0.4262300150429028,1.1914379855160335,0.0,0.241988311858558,-0.5502079870438897,1.707499689688721,-1.0778621289498782,-1.1442943653688686,-1.1676872598353414,-0.6791456840737199,-1.1559347102263289,0,1,0,0.49036037667548554,Normal
1204,1.7603726195472926,2,1.4689034873094906,1,1.827157989468953,1.0617867539482455,3,0.0,1.103544602592791,-0.6605306743650393,1,-0.8803614815898617,1.7855109940078144,0.8459113011114247,0,1.153253590238697,1,0.1066788820435048,-1.525586387541676,0.1228606975723441,0,0,-0.0572673987209239,-0.4262300150429028,0.2662325767951835,0.0,-0.9320143892374164,-0.0359458723056809,-0.6201892226844657,0.3380961637724818,-0.4911735278257753,-0.339393739508197,-0.3687152874355457,-0.5952272282818631,0,1,0,0.48384057000844566,Normal
1205,1.2128633628752972,1,-0.2342397450348386,2,-0.270543951856408,-0.8916882501868245,3,0.0,1.106867857988921,1.1697805251007627,0,1.432344783164646,0.3796721288811475,-0.9614863916702532,8,0.2462002046576992,1,-0.8176032529966786,-0.3616263592994262,-0.2775943477299747,0,1,-1.1505541015749308,-0.4262300150429028,0.2662325767951835,0.0,1.4159910129545328,0.9925783571707368,0.1557070814399298,0.3380961637724818,0.3252275191030913,0.7649976209279952,1.4938670923934996,0.8065414765793012,1,-1,1,0.5327740495711999,Anomaly
1206,-0.5391662584750891,2,1.131745583963306,1,-0.8875151110697495,1.0617867539482455,1,0.0,1.1085294856869858,1.1697805251007627,1,1.432344783164646,0.3796721288811475,-0.9614863916702532,2,-0.6608531809232983,2,-1.0857513114841986,1.4811463876593254,-0.6780493930322936,0,0,-0.8772324258614291,-0.4262300150429028,-1.584178240646517,0.0,-0.9320143892374164,-1.3216011591512031,-0.6201892226844657,0.3380961637724818,-0.9810141559830952,-1.1676872598353414,-0.6791456840737199,-1.1559347102263289,1,1,0,0.48856956107728056,Normal
1207,-1.196177366481484,0,-0.0408697710568798,1,-0.270543951856408,0.0850492518807105,3,0.0,1.1101911133850508,1.1697805251007627,1,0.4974209740085685,0.3796721288811475,-0.9614863916702532,2,1.153253590238697,2,-0.8356639383940155,-0.3356262862222931,-0.6780493930322936,0,0,1.3093409798465847,2.346151056253851,0.2662325767951835,0.0,-0.9320143892374164,-0.5502079870438897,1.707499689688721,0.3380961637724818,-0.0013328996684553,0.7649976209279952,0.8730062991171511,0.8065414765793012,0,1,0,0.49095713159715965,Normal
1208,1.979376322216091,2,1.5829421899118763,1,1.5803695257836163,0.0850492518807105,5,0.0,1.1118527410831156,-1.5756862740979405,1,1.3831382668932737,-1.0261667362455194,-0.9614863916702532,6,-0.6608531809232983,0,-0.6301970821678414,1.3244432445187664,0.9237707881769818,0,0,-0.8772324258614291,-0.4262300150429028,1.1914379855160335,0.0,0.241988311858558,-0.4216424583593375,-1.3960855268088614,0.3380961637724818,-0.4911735278257753,-0.6154915796172451,-0.3687152874355457,-0.5952272282818631,0,-1,1,0.5052334546050833,Anomaly
1209,-0.3201625558062908,2,0.8788771564536676,1,-0.5173324155417446,-0.8916882501868245,3,0.0,1.1151759964792454,-0.6605306743650393,1,-0.4375028351475091,-1.0261667362455194,-0.0577875452794142,2,1.153253590238697,1,-0.5347941675395558,-0.33745331838447,-0.6780493930322936,0,0,-0.3305890744344257,-0.4262300150429028,0.2662325767951835,0.0,0.241988311858558,0.4783162424325279,0.1557070814399298,1.754054456494842,1.304908775417731,1.5932911412551394,0.5625759024789769,2.488663922412698,0,1,0,0.46220758852325267,Normal
1210,2.526885578888087,2,-1.0721762989393266,1,-1.010909342912418,1.0617867539482455,3,0.0,1.1168376241773104,0.2546249253678617,1,1.2847252343505289,-2.432005601372186,0.8459113011114247,0,1.153253590238697,0,0.9306710934655352,0.8648743852634951,0.1228606975723441,0,0,1.3093409798465847,2.346151056253851,0.2662325767951835,0.0,0.241988311858558,0.9925783571707368,-0.6201892226844657,1.754054456494842,-0.9810141559830952,-1.1676872598353414,-0.6791456840737199,-1.1559347102263289,0,-1,1,0.534429812564885,Anomaly
1211,-0.42966440714069,2,-1.3275238286794515,1,1.456975293940948,0.0850492518807105,3,0.0,1.1184992518753754,-0.6605306743650393,1,0.645040522822686,1.7855109940078144,-0.9614863916702532,2,-0.6608531809232983,1,-0.9508273676335052,-0.095020204557148,-0.6780493930322936,0,0,0.7626976284195812,-0.4262300150429028,1.1914379855160335,0.0,2.5899937140505074,0.3497507137479757,2.4833959938131165,0.3380961637724818,1.141628566031958,1.8693889813641875,-0.0582848907973714,2.488663922412698,0,-1,1,0.5177725300621625,Anomaly
1212,0.0083429981969065,1,1.1788485263425523,2,-1.010909342912418,1.0617867539482455,3,0.0,1.1218225072715051,0.2546249253678617,1,-1.7168722582031943,-2.432005601372186,-0.0577875452794142,7,1.153253590238697,0,0.6421250844116111,-0.9326441804474896,-0.6780493930322936,0,0,-0.3305890744344257,-0.4262300150429028,0.2662325767951835,0.0,1.4159910129545328,-0.678773515728442,-0.6201892226844657,-1.0778621289498782,-0.1646131090542286,-0.339393739508197,-0.3687152874355457,-0.3148734873096303,0,1,0,0.4812973451280908,Normal
1213,-0.3201625558062908,2,-0.3086128119494382,1,1.2101868302556114,0.0850492518807105,1,0.0,1.12348413496957,-0.6605306743650393,0,-1.5200461931177045,-1.0261667362455194,-0.9614863916702532,6,1.153253590238697,1,-0.7593841024217337,0.846744604577278,-0.6780493930322936,0,0,-0.8772324258614291,-0.4262300150429028,-0.6589728319256667,0.0,-0.9320143892374164,-0.1645114009902331,0.1557070814399298,0.3380961637724818,0.4885077284888646,1.3171933011460917,1.8042974890316736,0.8065414765793012,0,1,0,0.4644918917822159,Normal
1214,-1.5246829204846812,2,-0.9308674718015876,2,-0.270543951856408,0.0850492518807105,1,0.0,1.1251457626676349,0.2546249253678617,1,1.629170848250136,0.3796721288811475,-0.9614863916702532,8,1.153253590238697,0,-0.8983451406553613,1.516422162482895,-0.6780493930322936,0,1,1.5826626555600865,2.346151056253851,-0.6589728319256667,0.0,0.241988311858558,-1.0644701017820986,-0.6201892226844657,0.3380961637724818,-0.6544537372115486,-0.6154915796172451,-0.6791456840737199,-0.5952272282818631,1,-1,1,0.5306750569093864,Anomaly
1215,0.7748559575377005,2,0.293809030058818,1,-0.8875151110697495,0.0850492518807105,1,0.0,1.1268073903656997,0.2546249253678617,0,1.4815512994360187,1.7855109940078144,0.8459113011114247,0,1.153253590238697,1,0.292385223658475,0.0698343128454309,-0.6780493930322936,0,1,1.036019304133083,-0.4262300150429028,-0.6589728319256667,0.0,0.241988311858558,-0.2930769296747854,-0.6201892226844657,0.3380961637724818,0.161947309717318,0.7649976209279952,1.1834366957553253,0.8065414765793012,0,1,0,0.4787760198655525,Normal
1216,-0.2106607044718917,1,-1.6274951985683364,1,-0.8875151110697495,1.0617867539482455,3,0.0,1.1284690180637649,-1.5756862740979405,1,0.645040522822686,-1.0261667362455194,-0.9614863916702532,6,1.153253590238697,2,-0.3342143203032493,-0.0482200730183084,-1.0785044383346123,0,1,-0.3305890744344257,-0.4262300150429028,0.2662325767951835,0.0,-0.9320143892374164,-0.678773515728442,-0.6201892226844657,1.754054456494842,-0.3278933184400019,-0.063295899399149,-0.3687152874355457,-0.0345197463373974,0,1,0,0.4760106795317809,Normal
1217,0.6653541062033014,2,0.933417405524374,2,-0.8875151110697495,0.0850492518807105,3,0.0,1.1317922734598944,1.1697805251007627,1,0.349801425194451,0.3796721288811475,-0.0577875452794142,7,1.153253590238697,1,0.285585906803007,-1.1586340048152193,-0.6780493930322936,0,1,0.4893759527060795,-0.4262300150429028,-1.584178240646517,0.0,0.241988311858558,-0.1645114009902331,0.1557070814399298,0.3380961637724818,0.4885077284888646,1.3171933011460917,1.8042974890316736,1.086895217551534,0,1,0,0.46882689383799625,Normal
1218,-1.4151810691502822,2,-0.5490857283066433,1,-0.0237554881710714,0.0850492518807105,3,0.0,1.1334539011579594,0.2546249253678617,1,-0.1914702537906465,1.7855109940078144,-0.9614863916702532,6,0.2462002046576992,1,-0.4466155270702049,0.4641921780045414,-0.6780493930322936,0,0,0.2160542769925777,-0.4262300150429028,1.1914379855160335,0.0,0.241988311858558,-0.8073390444129942,-1.3960855268088614,0.3380961637724818,-0.3278933184400019,-0.339393739508197,-0.6791456840737199,-0.0345197463373974,0,1,0,0.4347477713329726,Normal
1219,0.4463504035345031,2,0.286371723367358,2,-0.3939381836990763,0.0850492518807105,2,0.0,1.1351155288560242,1.1697805251007627,1,-1.5200461931177045,0.3796721288811475,0.8459113011114247,7,0.2462002046576992,2,0.5817811473193325,0.2186671635950738,-0.6780493930322936,0,0,-0.8772324258614291,-0.4262300150429028,-0.6589728319256667,0.0,-0.9320143892374164,-0.1645114009902331,0.1557070814399298,0.3380961637724818,0.4885077284888646,1.041095461037043,1.8042974890316736,0.8065414765793012,0,1,0,0.44646283887701754,Normal
1220,-0.8676718124782865,2,0.6929444891671688,1,-0.0237554881710714,1.0617867539482455,3,0.0,1.1367771565540892,1.1697805251007627,0,-1.1263940629467242,0.3796721288811475,-0.9614863916702532,2,0.2462002046576992,1,-0.7498225630937319,1.5598493115684848,2.5255909693862573,0,0,0.4893759527060795,-0.4262300150429028,0.2662325767951835,0.0,0.241988311858558,-0.2930769296747854,-0.6201892226844657,0.3380961637724818,-0.3278933184400019,-0.339393739508197,-0.3687152874355457,-0.5952272282818631,0,1,0,0.45839437436393715,Normal
1221,-0.1011588531374925,2,-0.6755199420614625,2,-0.8875151110697495,1.0617867539482455,1,0.0,1.138438784252154,0.2546249253678617,0,-0.7327419327757442,0.3796721288811475,-0.0577875452794142,8,1.153253590238697,2,-0.425155183245134,-0.9660929231088824,0.1228606975723441,0,0,-0.0572673987209239,-0.4262300150429028,0.2662325767951835,0.0,-0.9320143892374164,0.7354472998016324,-0.6201892226844657,-1.0778621289498782,0.9783483566461848,0.7649976209279952,1.1834366957553253,0.8065414765793012,0,1,0,0.45692846766154654,Normal
1222,0.8843578088720997,0,1.0796844371230865,1,-1.010909342912418,-1.86842575225436,1,0.0,1.141762039648284,0.2546249253678617,1,0.3990079414658235,-1.0261667362455194,0.8459113011114247,0,0.2462002046576992,1,0.9019864754815294,-1.5344404664814566,0.1228606975723441,0,0,2.1293060069870897,2.346151056253851,1.1914379855160335,0.0,0.241988311858558,1.76397152927805,0.1557070814399298,-1.0778621289498782,2.6111504505039176,2.97378034180038,3.666879868860719,-0.0345197463373974,0,-1,1,0.5825030445066808,Anomaly
1223,-1.4151810691502822,2,-1.3944595889025913,0,1.5803695257836163,-1.86842575225436,0,0.0,1.1450852950444137,1.1697805251007627,1,-0.3882963188761366,-2.432005601372186,-0.9614863916702532,1,0.2462002046576992,1,-1.0513297699033917,-0.3834102043099971,-0.6780493930322936,0,0,-1.1505541015749308,-0.4262300150429028,0.2662325767951835,0.0,0.241988311858558,-1.3216011591512031,-0.6201892226844657,0.3380961637724818,-0.9810141559830952,-1.1676872598353414,-0.6791456840737199,-1.1559347102263289,1,-1,1,0.5274994357922592,Anomaly
1224,1.103361511540898,1,0.7202146137025219,2,-0.0237554881710714,0.0850492518807105,1,0.0,1.1484085504405437,0.2546249253678617,1,0.7926600716368035,-2.432005601372186,1.7496101475022634,7,0.2462002046576992,1,1.366889765474155,1.3844542239995006,1.7246808787816197,0,0,-1.1505541015749308,-0.4262300150429028,0.2662325767951835,0.0,-0.9320143892374164,1.76397152927805,0.1557070814399298,-2.4938204216722384,2.6111504505039176,0.212801940709899,3.666879868860719,1.6476026994959998,1,-1,1,0.5805440491524934,Anomaly
1225,-1.196177366481484,2,-1.0225942543295936,1,0.9633983665702748,1.0617867539482455,3,0.0,1.1517318058366732,1.1697805251007627,1,-0.1914702537906465,-2.432005601372186,-0.9614863916702532,2,0.2462002046576992,1,-0.89197078110336,-1.137833946353513,-0.6780493930322936,0,0,-0.0572673987209239,-0.4262300150429028,0.2662325767951835,0.0,2.5899937140505074,-1.0644701017820986,0.1557070814399298,1.754054456494842,-0.6544537372115486,-0.6154915796172451,-0.6791456840737199,-0.5952272282818631,0,1,0,0.47968589895936825,Normal
1226,0.8843578088720997,2,0.5020536174196967,1,2.320734916839626,-0.8916882501868245,5,0.0,1.1533934335347382,1.1697805251007627,0,-0.8803614815898617,-1.0261667362455194,1.7496101475022634,5,-0.6608531809232983,2,2.167509325205514,0.3943433330351623,-0.6780493930322936,0,0,-1.1505541015749308,-0.4262300150429028,0.2662325767951835,0.0,-0.9320143892374164,1.2497094145398413,-0.6201892226844657,0.3380961637724818,2.284590031732371,0.4888997808189471,1.8042974890316736,0.5261877356070683,0,-1,1,0.5223499768914183,Anomaly
1227,-0.5391662584750891,1,-0.5391693193846967,1,0.0996387436715968,0.0850492518807105,1,0.0,1.155055061232803,-1.5756862740979405,1,-0.4867093514188816,0.3796721288811475,-0.9614863916702532,6,0.2462002046576992,1,-0.6522948619481125,0.4282136985032113,1.324225833479301,0,0,-0.6039107501479274,-0.4262300150429028,-1.584178240646517,0.0,0.241988311858558,-0.1645114009902331,0.1557070814399298,-1.0778621289498782,-0.3278933184400019,-0.6154915796172451,-0.3687152874355457,-0.3148734873096303,0,1,0,0.4449059444389967,Normal
1228,-0.6486681098094882,2,-0.1524293714287791,1,-0.8875151110697495,1.0617867539482455,1,0.0,1.156716688930868,-0.6605306743650393,1,0.1529753601089609,0.3796721288811475,-0.9614863916702532,2,0.2462002046576992,1,-0.642945801271844,0.5326356136183998,-0.6780493930322936,0,0,-0.3305890744344257,-0.4262300150429028,1.1914379855160335,0.0,0.241988311858558,-0.678773515728442,-0.6201892226844657,1.754054456494842,-0.3278933184400019,-0.6154915796172451,-0.6791456840737199,-0.3148734873096303,0,1,0,0.4239442437301592,Normal
1229,0.4463504035345031,0,-0.6209796929907562,0,-0.6407266473844129,0.0850492518807105,0,0.0,1.1583783166289328,0.2546249253678617,1,-0.2898832863333916,-2.432005601372186,-0.0577875452794142,1,-0.6608531809232983,1,-0.015496342703186,0.9108312711890224,1.324225833479301,0,0,1.036019304133083,-0.4262300150429028,-0.6589728319256667,0.0,0.241988311858558,-0.1645114009902331,0.9316033855643254,0.3380961637724818,-0.6544537372115486,-0.6154915796172451,-0.3687152874355457,-0.5952272282818631,0,-1,1,0.5162037606100833,Anomaly
1230,0.3368485522001039,2,-1.0746554011698133,1,-0.1471497200137397,-0.8916882501868245,1,0.0,1.1617015720250623,-0.6605306743650393,0,1.2847252343505289,0.3796721288811475,-0.0577875452794142,4,-1.5679065665042955,1,0.0027768213458842,-1.303110086562748,-0.2775943477299747,0,1,0.2160542769925777,-0.4262300150429028,-0.6589728319256667,0.0,0.241988311858558,0.8640128284861845,0.1557070814399298,0.3380961637724818,-0.9810141559830952,-1.1676872598353414,-0.6791456840737199,-1.1559347102263289,0,1,0,0.4663120674934381,Normal
1231,-1.4151810691502822,2,-0.7350183955931421,1,2.4441291486822943,-1.86842575225436,3,0.0,1.1633631997231275,-0.6605306743650393,1,1.235518718079156,0.3796721288811475,-0.9614863916702532,2,-1.5679065665042955,0,-0.5515799810264925,-1.5025376741111365,-0.6780493930322936,0,0,-0.6039107501479274,-0.4262300150429028,-0.6589728319256667,0.0,2.5899937140505074,-0.678773515728442,-0.6201892226844657,1.754054456494842,-0.1646131090542286,-0.6154915796172451,-0.3687152874355457,-0.5952272282818631,0,-1,1,0.5094223698979784,Anomaly
1232,0.9938596602064989,2,-0.2119278249604587,1,0.4698214391996017,1.0617867539482455,1,0.0,1.1666864551192573,0.2546249253678617,1,-1.569252709389077,0.3796721288811475,-0.0577875452794142,0,-0.6608531809232983,2,-0.199927812407756,-0.6487514906323067,1.324225833479301,0,0,-0.3305890744344257,-0.4262300150429028,1.1914379855160335,0.0,-0.9320143892374164,0.9925783571707368,0.1557070814399298,0.3380961637724818,0.4885077284888646,0.7649976209279952,-0.6791456840737199,1.3672489585237668,0,1,0,0.46528718451640566,Normal
1233,-0.2106607044718917,2,1.406925931547324,1,2.197340684996958,1.0617867539482455,1,0.0,1.1683480828173225,1.1697805251007627,1,-0.8311549653184892,0.3796721288811475,-0.0577875452794142,4,0.2462002046576992,1,0.080756486532033,-1.2876505836520202,-0.2775943477299747,0,0,0.2160542769925777,-0.4262300150429028,-0.6589728319256667,0.0,0.241988311858558,0.7354472998016324,0.1557070814399298,0.3380961637724818,-0.0013328996684553,0.7649976209279952,-0.6791456840737199,0.8065414765793012,0,1,0,0.4354494180506707,Normal
1234,-0.7581699611438873,2,-0.0235160554434733,1,0.8400041347276065,-1.86842575225436,1,0.0,1.170009710515387,-0.6605306743650393,1,-1.6184592256604493,0.3796721288811475,-0.9614863916702532,6,1.153253590238697,1,-0.7736201720878699,-1.475975437291795,-0.6780493930322936,0,0,-0.8772324258614291,-0.4262300150429028,-0.6589728319256667,0.0,0.241988311858558,-0.1645114009902331,-0.6201892226844657,-1.0778621289498782,0.4885077284888646,-1.1676872598353414,-0.6791456840737199,1.086895217551534,0,1,0,0.4542480435286864,Normal
1235,1.103361511540898,0,-0.643291613065136,2,-0.8875151110697495,1.0617867539482455,2,0.0,1.1733329659115168,0.2546249253678617,1,1.038692652993666,0.3796721288811475,-0.0577875452794142,7,-0.6608531809232983,1,-0.3240153450200473,-1.5146241945686143,1.7246808787816197,0,0,-1.1505541015749308,-0.4262300150429028,1.1914379855160335,0.0,0.241988311858558,-0.9359045730975464,0.1557070814399298,-2.4938204216722384,-0.9810141559830952,-1.1676872598353414,-0.6791456840737199,-1.1559347102263289,0,-1,1,0.5026181663646336,Anomaly
1236,0.9938596602064989,2,1.1763694241120657,2,-0.8875151110697495,0.0850492518807105,1,0.0,1.1749945936095818,0.2546249253678617,1,0.3990079414658235,0.3796721288811475,0.8459113011114247,7,1.153253590238697,0,0.8212445878228467,-1.2251098673313487,0.523315742874663,0,1,-0.8772324258614291,-0.4262300150429028,-0.6589728319256667,0.0,0.241988311858558,0.2211851850634235,1.707499689688721,-1.0778621289498782,0.4885077284888646,0.4888997808189471,-0.6791456840737199,-0.3148734873096303,0,1,0,0.4815653736910334,Normal
1237,-0.1011588531374925,2,1.620128723369176,2,0.4698214391996017,2.038524256015781,2,0.0,1.1766562213076468,-0.6605306743650393,1,1.4815512994360187,-1.0261667362455194,-0.0577875452794142,7,-1.5679065665042955,0,-0.0783900236162652,-0.7947735226709083,0.9237707881769818,0,1,-0.6039107501479274,-0.4262300150429028,-0.6589728319256667,0.0,2.5899937140505074,0.6068817711170802,0.1557070814399298,0.3380961637724818,-0.8177339465973219,-0.6154915796172451,-0.0582848907973714,-0.5952272282818631,1,-1,1,0.536233496761823,Anomaly
1238,-0.5391662584750891,2,0.4004104259697439,2,-1.010909342912418,-0.8916882501868245,1,0.0,1.1783178490057116,-1.5756862740979405,1,-1.569252709389077,-2.432005601372186,-0.0577875452794142,7,-0.6608531809232983,2,0.0493096460754934,-0.3044261985297334,1.324225833479301,0,0,-0.0572673987209239,-0.4262300150429028,-0.6589728319256667,0.0,-0.9320143892374164,-0.1645114009902331,-0.6201892226844657,0.3380961637724818,-1.1442943653688686,-1.1676872598353414,-0.6791456840737199,-1.1559347102263289,1,-1,1,0.5225685440538648,Anomaly
1239,-1.5246829204846812,2,-1.5927877673415234,1,-0.6407266473844129,-1.86842575225436,3,0.0,1.1799794767037766,0.2546249253678617,0,-0.7327419327757442,0.3796721288811475,-0.9614863916702532,2,-0.6608531809232983,2,-0.6816169158873183,-0.2039394296100028,-0.6780493930322936,0,0,-0.6039107501479274,-0.4262300150429028,0.2662325767951835,0.0,-0.9320143892374164,-1.0644701017820986,0.1557070814399298,-2.4938204216722384,-0.6544537372115486,-0.6154915796172451,-0.3687152874355457,-0.5952272282818631,0,1,0,0.4665991237186089,Normal
1240,-0.6486681098094882,1,-1.5853504606500637,1,1.827157989468953,-1.86842575225436,5,0.0,1.1816411044018411,1.1697805251007627,0,-1.7660787744745667,0.3796721288811475,-0.0577875452794142,4,1.153253590238697,2,-0.2687708955693696,-1.074168902548425,-0.2775943477299747,0,0,1.3093409798465847,2.346151056253851,1.1914379855160335,0.0,-0.9320143892374164,-0.2930769296747854,0.1557070814399298,-1.0778621289498782,-0.3278933184400019,-0.063295899399149,-0.3687152874355457,-0.0345197463373974,0,-1,1,0.5276342179623434,Anomaly
1241,0.2273467008657048,0,-0.0259951576739599,1,-1.010909342912418,0.0850492518807105,1,0.0,1.1833027320999063,1.1697805251007627,1,0.5466274902799411,0.3796721288811475,-0.0577875452794142,2,1.153253590238697,1,-0.0065722393303842,-0.7482544730031728,-0.6780493930322936,0,1,-0.0572673987209239,-0.4262300150429028,1.1914379855160335,0.0,0.241988311858558,-0.2930769296747854,-0.6201892226844657,0.3380961637724818,0.3252275191030913,1.041095461037043,0.8730062991171511,1.086895217551534,0,1,0,0.46616667642075055,Normal
1242,-0.5391662584750891,2,-1.06969719670884,2,1.2101868302556114,0.0850492518807105,1,0.0,1.186625987496036,1.1697805251007627,1,0.6942470390940585,-2.432005601372186,0.8459113011114247,7,0.2462002046576992,1,0.660185769808948,-1.4718997501607851,0.1228606975723441,0,0,-0.6039107501479274,-0.4262300150429028,0.2662325767951835,0.0,0.241988311858558,-0.1645114009902331,-0.6201892226844657,-2.4938204216722384,-0.4911735278257753,-0.339393739508197,-0.6791456840737199,-0.5952272282818631,0,1,0,0.4691116055670723,Normal
1243,0.3368485522001039,2,-0.4747126613920437,2,-0.270543951856408,1.0617867539482455,3,0.0,1.188287615194101,-0.6605306743650393,1,1.0878991692650386,0.3796721288811475,2.6533089938931025,3,-0.6608531809232983,2,2.832355026479246,-1.400364413964781,-0.6780493930322936,0,0,-0.3305890744344257,-0.4262300150429028,-0.6589728319256667,0.0,-0.9320143892374164,1.2497094145398413,0.1557070814399298,-1.0778621289498782,2.284590031732371,1.041095461037043,3.0460190755843706,1.086895217551534,0,-1,1,0.5216922635937341,Anomaly
1244,0.8843578088720997,2,-1.553122131653737,0,-0.6407266473844129,0.0850492518807105,1,0.0,1.1949341259863606,0.2546249253678617,0,-0.4867093514188816,-2.432005601372186,0.8459113011114247,1,0.2462002046576992,1,0.6912076529620209,-1.08470947271483,0.523315742874663,0,0,1.5826626555600865,2.346151056253851,0.2662325767951835,0.0,1.4159910129545328,-0.2930769296747854,-0.6201892226844657,1.754054456494842,-0.3278933184400019,-1.1676872598353414,-0.6791456840737199,-0.3148734873096303,0,-1,1,0.5218769310434422,Anomaly
1245,-0.7581699611438873,1,1.2631380021790986,1,-0.8875151110697495,1.0617867539482455,5,0.0,1.1965957536844254,1.1697805251007627,0,0.5958340065513135,-1.0261667362455194,-0.9614863916702532,6,-1.5679065665042955,2,-0.3261401315373811,1.702498361153837,-1.0785044383346123,0,0,0.2160542769925777,-0.4262300150429028,1.1914379855160335,0.0,-0.9320143892374164,-0.1645114009902331,-0.6201892226844657,0.3380961637724818,0.3252275191030913,0.7649976209279952,-0.6791456840737199,0.8065414765793012,0,1,0,0.4888449129651391,Normal
1246,-1.4151810691502822,1,0.2343105765271383,0,0.0996387436715968,0.0850492518807105,3,0.0,1.1982573813824904,-1.5756862740979405,1,-0.3390898026047641,0.3796721288811475,-0.9614863916702532,1,1.153253590238697,1,-0.9259673653807,-1.7168626008280443,-1.0785044383346123,0,0,-0.3305890744344257,-0.4262300150429028,1.1914379855160335,0.0,0.241988311858558,-1.0644701017820986,-0.6201892226844657,0.3380961637724818,-0.8177339465973219,-0.6154915796172451,-0.0582848907973714,-0.8755809692540959,0,1,0,0.4901960612574888,Normal
1247,-0.7581699611438873,1,-0.501982785927397,0,-0.1471497200137397,0.0850492518807105,0,0.0,1.1999190090805554,0.2546249253678617,0,0.0053558112948434,-1.0261667362455194,-0.9614863916702532,1,1.153253590238697,0,-0.918530612570032,-0.6438325578879842,1.324225833479301,0,0,-1.1505541015749308,-0.4262300150429028,0.2662325767951835,0.0,0.241988311858558,-0.678773515728442,-2.171981830933257,-1.0778621289498782,-0.4911735278257753,-0.6154915796172451,-0.3687152874355457,-0.5952272282818631,1,-1,1,0.5291737052300864,Anomaly
1248,-0.6486681098094882,2,0.4970954129587233,2,-0.5173324155417446,0.0850492518807105,5,0.0,1.2032422644766851,-1.5756862740979405,1,-0.7327419327757442,0.3796721288811475,-0.0577875452794142,7,0.2462002046576992,1,0.3916127540179614,0.9317718705862807,-0.6780493930322936,0,0,1.036019304133083,-0.4262300150429028,0.2662325767951835,0.0,0.241988311858558,-0.678773515728442,0.1557070814399298,0.3380961637724818,-0.3278933184400019,-0.6154915796172451,-0.6791456840737199,-0.5952272282818631,0,1,0,0.43830600576357487,Normal
1249,-1.0866755151470848,2,0.6235296267135425,1,-0.1471497200137397,0.0850492518807105,3,0.0,1.206565519872815,0.2546249253678617,0,0.0545623275662159,0.3796721288811475,-0.9614863916702532,6,1.153253590238697,2,-0.649745118127312,-1.1469691071643977,-0.6780493930322936,0,0,-1.1505541015749308,-0.4262300150429028,0.2662325767951835,0.0,-0.9320143892374164,-0.678773515728442,1.707499689688721,-1.0778621289498782,-0.1646131090542286,-0.6154915796172451,-0.3687152874355457,-0.0345197463373974,0,1,0,0.4388470283577767,Normal
1250,-0.8676718124782865,2,-0.9283883695711008,2,-0.0237554881710714,0.0850492518807105,2,0.0,1.2082271475708797,-0.6605306743650393,0,-0.6835354165043717,-2.432005601372186,-0.9614863916702532,8,-0.6608531809232983,2,-0.7952929945646742,0.0445369444460582,-0.6780493930322936,0,0,-0.6039107501479274,-0.4262300150429028,0.2662325767951835,0.0,-0.9320143892374164,-1.193035630466651,0.1557070814399298,0.3380961637724818,-0.8177339465973219,-0.6154915796172451,-0.0582848907973714,-0.5952272282818631,1,1,0,0.4791260477243964,Normal
1251,-0.8676718124782865,1,-0.8465779959650415,1,-1.010909342912418,0.0850492518807105,1,0.0,1.209888775268945,1.1697805251007627,1,0.2021818763803334,1.7855109940078144,-0.0577875452794142,0,0.2462002046576992,2,-0.0443934393389251,1.2292970311500144,2.1251359240839385,0,1,-0.8772324258614291,-0.4262300150429028,1.1914379855160335,0.0,-0.9320143892374164,-0.1645114009902331,1.707499689688721,1.754054456494842,-0.6544537372115486,-0.6154915796172451,-0.6791456840737199,-0.5952272282818631,0,-1,1,0.5131768412556434,Anomaly
1252,-0.7581699611438873,2,0.4375969594270437,2,0.7166099028849382,-0.8916882501868245,2,0.0,1.2115504029670097,0.2546249253678617,1,1.3831382668932737,-1.0261667362455194,0.8459113011114247,7,-1.5679065665042955,0,0.1353635000275105,-1.5775865336959425,-0.2775943477299747,0,0,-1.1505541015749308,-0.4262300150429028,-1.584178240646517,0.0,0.241988311858558,0.0926196563788712,-0.6201892226844657,0.3380961637724818,-0.0013328996684553,0.7649976209279952,-0.3687152874355457,0.8065414765793012,0,1,0,0.47047804055962317,Normal
1253,-0.3201625558062908,2,-1.5407266205013035,1,-0.8875151110697495,1.0617867539482455,3,0.0,1.2132120306650744,1.1697805251007627,1,1.5307578157073911,1.7855109940078144,-0.9614863916702532,6,1.153253590238697,1,-0.7587466664665337,-1.2265152766868694,-1.0785044383346123,0,1,-0.3305890744344257,-0.4262300150429028,-1.584178240646517,0.0,2.5899937140505074,-0.678773515728442,0.1557070814399298,0.3380961637724818,-0.3278933184400019,-1.1676872598353414,-0.3687152874355457,-0.5952272282818631,0,1,0,0.497407176113741,Normal
1254,-0.42966440714069,0,1.1912440374949855,2,-0.8875151110697495,0.0850492518807105,2,0.0,1.2148736583631394,1.1697805251007627,0,-0.1914702537906465,0.3796721288811475,-0.0577875452794142,7,-0.6608531809232983,2,-0.2881064528771068,-0.508210555080236,2.1251359240839385,0,0,-0.0572673987209239,-0.4262300150429028,1.1914379855160335,0.0,-0.9320143892374164,0.2211851850634235,-0.6201892226844657,-1.0778621289498782,0.651787937874638,0.7649976209279952,-0.3687152874355457,0.8065414765793012,0,1,0,0.49849557543600115,Normal
1255,1.3223652142096962,2,1.2656171044095852,2,0.2230329755142651,1.0617867539482455,2,0.0,1.2165352860612042,1.1697805251007627,0,0.6942470390940585,0.3796721288811475,-0.0577875452794142,7,1.153253590238697,2,-0.4240927899864671,-0.8604061395737252,0.1228606975723441,0,0,-0.8772324258614291,-0.4262300150429028,0.2662325767951835,0.0,-0.9320143892374164,-0.4216424583593375,-1.3960855268088614,1.754054456494842,-0.3278933184400019,-0.8915894197262932,-0.6791456840737199,-0.0345197463373974,0,1,0,0.4642371534706323,Normal
1256,-0.42966440714069,2,-1.466353553586704,2,0.8400041347276065,0.0850492518807105,1,0.0,1.2181969137592692,-1.5756862740979405,0,0.3990079414658235,0.3796721288811475,0.8459113011114247,7,-1.5679065665042955,2,0.4379331000958372,-0.5932378210892388,-0.2775943477299747,0,1,1.3093409798465847,2.346151056253851,0.2662325767951835,0.0,-0.9320143892374164,-0.0359458723056809,-0.6201892226844657,-1.0778621289498782,-1.1442943653688686,-1.1676872598353414,-0.6791456840737199,-1.1559347102263289,1,-1,1,0.5354981527499988,Anomaly
1257,0.1178448495313057,1,-0.5168573993103168,1,-0.8875151110697495,-0.8916882501868245,3,0.0,1.221520169155399,0.2546249253678617,0,0.448214457737196,-1.0261667362455194,-0.9614863916702532,2,-0.6608531809232983,1,-0.8573367608708199,0.2318780115369685,0.523315742874663,0,0,-0.3305890744344257,-0.4262300150429028,-0.6589728319256667,0.0,0.241988311858558,-0.2930769296747854,0.9316033855643254,-1.0778621289498782,-0.1646131090542286,-0.8915894197262932,-0.6791456840737199,0.2458339946348354,0,1,0,0.4458412045014769,Normal
1258,-0.6486681098094882,2,0.6855071824757089,2,0.8400041347276065,1.0617867539482455,2,0.0,1.223181796853464,-1.5756862740979405,1,0.2021818763803334,0.3796721288811475,0.8459113011114247,7,0.2462002046576992,1,0.3523042034472869,0.6589819146797115,-0.2775943477299747,0,0,-0.6039107501479274,-0.4262300150429028,-1.584178240646517,0.0,2.5899937140505074,-0.1645114009902331,-0.6201892226844657,0.3380961637724818,-0.9810141559830952,-1.1676872598353414,-0.6791456840737199,-1.1559347102263289,1,1,0,0.49213673338914643,Normal
1259,-0.8676718124782865,2,-0.5267738082322635,1,-0.6407266473844129,0.0850492518807105,5,0.0,1.2248434245515287,1.1697805251007627,0,1.235518718079156,-1.0261667362455194,-0.9614863916702532,6,-1.5679065665042955,0,-0.9336165968431016,-0.6051838006111648,-0.6780493930322936,0,0,-0.6039107501479274,-0.4262300150429028,0.2662325767951835,0.0,0.241988311858558,-1.3216011591512031,-0.6201892226844657,0.3380961637724818,-0.9810141559830952,-1.1676872598353414,-0.6791456840737199,-1.1559347102263289,0,1,0,0.4700030573819424,Normal
1260,-0.7581699611438873,2,-1.233317943920959,1,0.8400041347276065,0.0850492518807105,1,0.0,1.2265050522495935,0.2546249253678617,1,-0.3882963188761366,1.7855109940078144,-0.0577875452794142,0,0.2462002046576992,1,-0.2568720910723006,-0.728719282961435,0.1228606975723441,0,0,0.2160542769925777,-0.4262300150429028,0.2662325767951835,0.0,0.241988311858558,-0.1645114009902331,0.1557070814399298,0.3380961637724818,-0.0013328996684553,-1.1676872598353414,-0.3687152874355457,0.8065414765793012,0,1,0,0.44529178924147056,Normal
1261,-0.5391662584750891,0,0.3731403014343908,1,-0.5173324155417446,1.0617867539482455,5,0.0,1.2281666799476585,-0.6605306743650393,1,-0.043850704976529,0.3796721288811475,-0.9614863916702532,6,-0.6608531809232983,2,-0.804217097937476,0.4723435522665615,-0.2775943477299747,0,0,-0.3305890744344257,-0.4262300150429028,-0.6589728319256667,0.0,-0.9320143892374164,0.0926196563788712,0.1557070814399298,0.3380961637724818,-0.0013328996684553,0.7649976209279952,-0.6791456840737199,0.8065414765793012,0,1,0,0.46741821515356463,Normal
1262,0.1178448495313057,2,0.0756480337759927,1,1.0867925984129432,0.0850492518807105,3,0.0,1.2314899353437885,-0.6605306743650393,1,-0.2898832863333916,-2.432005601372186,-0.0577875452794142,0,1.153253590238697,1,-0.1470206281261455,1.4371570748315272,0.1228606975723441,0,1,0.2160542769925777,-0.4262300150429028,0.2662325767951835,0.0,0.241988311858558,0.4783162424325279,-0.6201892226844657,0.3380961637724818,-0.9810141559830952,-1.1676872598353414,-0.3687152874355457,-1.1559347102263289,0,1,0,0.4765932189105008,Normal
1263,0.6653541062033014,1,0.0111913757833397,1,0.9633983665702748,0.0850492518807105,5,0.0,1.2331515630418532,0.2546249253678617,1,-1.3724266443035866,-1.0261667362455194,-0.9614863916702532,6,0.2462002046576992,1,-0.8639235990745545,0.1790346197693899,2.5255909693862573,0,1,0.2160542769925777,-0.4262300150429028,1.1914379855160335,0.0,0.241988311858558,-0.678773515728442,0.9316033855643254,0.3380961637724818,-0.9810141559830952,-1.1676872598353414,-0.6791456840737199,-1.1559347102263289,1,-1,1,0.510310988668983,Anomaly
1264,0.5558522548689022,2,0.130188282846699,1,0.3464272073569334,0.0850492518807105,3,0.0,1.2348131907399182,-0.6605306743650393,1,-0.4375028351475091,0.3796721288811475,-0.9614863916702532,2,-0.6608531809232983,0,-0.794018122654274,-0.7534544876185995,2.1251359240839385,0,0,1.855984331273588,2.346151056253851,-0.6589728319256667,0.0,2.5899937140505074,-0.5502079870438897,2.4833959938131165,-1.0778621289498782,-0.3278933184400019,-0.339393739508197,-0.6791456840737199,-0.0345197463373974,0,-1,1,0.5213727282369135,Anomaly
1265,1.979376322216091,2,-0.8044332580467684,1,-0.8875151110697495,0.0850492518807105,3,0.0,1.238136446136048,0.2546249253678617,1,-0.2898832863333916,-1.0261667362455194,2.6533089938931025,5,-1.5679065665042955,1,2.6634344983512124,0.7718362859280243,2.1251359240839385,0,0,-0.8772324258614291,-0.4262300150429028,-0.6589728319256667,0.0,2.5899937140505074,2.92106128743902,-0.6201892226844657,0.3380961637724818,-0.9810141559830952,-1.1676872598353414,-0.6791456840737199,-1.1559347102263289,0,-1,1,0.5261219423936209,Anomaly
1266,-0.42966440714069,0,-0.068139895592233,1,-0.6407266473844129,0.0850492518807105,5,0.0,1.2397980738341128,1.1697805251007627,1,1.1863122018077836,0.3796721288811475,-0.0577875452794142,6,-0.6608531809232983,0,-0.7326117923033284,-1.1410663878712106,0.9237707881769818,0,0,-0.0572673987209239,-0.4262300150429028,1.1914379855160335,0.0,1.4159910129545328,-0.0359458723056809,-0.6201892226844657,-1.0778621289498782,0.3252275191030913,1.041095461037043,-0.3687152874355457,0.8065414765793012,0,1,0,0.48853666173570404,Normal
1267,0.4463504035345031,2,-0.6308961019127028,1,-0.0237554881710714,1.0617867539482455,1,0.0,1.2414597015321778,0.2546249253678617,1,1.3831382668932737,0.3796721288811475,-0.9614863916702532,2,-1.5679065665042955,0,-0.8953704395310941,0.8723230548477549,-0.6780493930322936,0,0,1.3093409798465847,2.346151056253851,-0.6589728319256667,0.0,1.4159910129545328,-0.8073390444129942,-0.6201892226844657,0.3380961637724818,-0.3278933184400019,-0.339393739508197,-0.6791456840737199,-0.0345197463373974,0,1,0,0.48052624701341323,Normal
1268,-0.3201625558062908,0,1.4193214426997576,2,0.0996387436715968,0.0850492518807105,1,0.0,1.2447829569283075,1.1697805251007627,1,1.038692652993666,0.3796721288811475,-0.0577875452794142,7,0.2462002046576992,0,-0.5316069877635552,-0.2810964032280897,-0.6780493930322936,0,1,-0.3305890744344257,-0.4262300150429028,0.2662325767951835,0.0,0.241988311858558,0.4783162424325279,0.1557070814399298,0.3380961637724818,1.304908775417731,2.6976825016913315,-0.6791456840737199,0.8065414765793012,0,1,0,0.49306230623984365,Normal
1269,1.7603726195472926,0,-0.3507575498677112,1,-1.010909342912418,1.0617867539482455,3,0.0,1.2464445846263723,-1.5756862740979405,0,-0.2898832863333916,-1.0261667362455194,1.7496101475022634,4,0.2462002046576992,1,1.373051646374423,1.1236102476148573,0.523315742874663,0,1,1.3093409798465847,2.346151056253851,1.1914379855160335,0.0,2.5899937140505074,2.0211025866471544,-0.6201892226844657,-1.0778621289498782,-0.6544537372115486,-0.6154915796172451,-0.6791456840737199,-0.5952272282818631,0,-1,1,0.5697663570332128,Anomaly
1270,0.6653541062033014,2,-1.3845431799806447,0,-0.8875151110697495,0.0850492518807105,1,0.0,1.251429467720567,-0.6605306743650393,1,1.5307578157073911,0.3796721288811475,-0.9614863916702532,1,1.153253590238697,2,-0.6297721248643747,-1.304234414047165,-1.0785044383346123,0,0,-0.6039107501479274,-0.4262300150429028,-0.6589728319256667,0.0,-0.9320143892374164,-0.1645114009902331,1.707499689688721,0.3380961637724818,0.3252275191030913,0.7649976209279952,-0.3687152874355457,1.086895217551534,0,-1,1,0.5011241618784328,Anomaly
1271,-0.3201625558062908,2,-0.7226228844407089,2,-0.7641208792270812,-0.8916882501868245,1,0.0,1.253091095418632,1.1697805251007627,0,-1.6676657419318217,-2.432005601372186,-0.0577875452794142,7,1.153253590238697,2,-0.1007002820482696,1.5515573963709128,0.9237707881769818,0,0,-0.8772324258614291,-0.4262300150429028,-1.584178240646517,0.0,-0.9320143892374164,-0.678773515728442,0.1557070814399298,0.3380961637724818,-0.8177339465973219,-0.6154915796172451,-0.0582848907973714,-0.5952272282818631,0,1,0,0.4778533149311038,Normal
1272,-1.7436866231534796,2,-1.1539866725453862,2,-0.270543951856408,-1.86842575225436,2,0.0,1.2547527231166968,-0.6605306743650393,1,-1.7168722582031943,0.3796721288811475,-0.9614863916702532,8,-0.6608531809232983,2,-0.8125037653550776,-1.3697264900144297,-0.6780493930322936,0,0,-0.6039107501479274,-0.4262300150429028,-0.6589728319256667,0.0,-0.9320143892374164,-1.3216011591512031,0.1557070814399298,0.3380961637724818,-0.9810141559830952,-1.1676872598353414,-0.3687152874355457,-1.1559347102263289,1,1,0,0.49837409603086186,Normal
1273,0.1178448495313057,2,0.868960747531721,1,-0.3939381836990763,-0.8916882501868245,4,0.0,1.2580759785128268,1.1697805251007627,0,-1.2740136117608418,-1.0261667362455194,-0.9614863916702532,2,0.2462002046576992,1,-0.5951381046318345,0.2899214179199737,-0.6780493930322936,0,0,-1.1505541015749308,-0.4262300150429028,-0.6589728319256667,0.0,0.241988311858558,-0.8073390444129942,0.1557070814399298,0.3380961637724818,-0.3278933184400019,-0.063295899399149,-0.6791456840737199,-0.0345197463373974,0,1,0,0.44184132876306836,Normal
1274,-1.6341847718190805,2,1.2185141620303388,1,-0.1471497200137397,-1.86842575225436,3,0.0,1.2597376062108916,0.2546249253678617,0,0.645040522822686,0.3796721288811475,-0.9614863916702532,2,-1.5679065665042955,1,-0.8722102664921562,0.236937485216843,-0.6780493930322936,0,1,0.4893759527060795,-0.4262300150429028,0.2662325767951835,0.0,-0.9320143892374164,-1.3216011591512031,2.4833959938131165,0.3380961637724818,-0.9810141559830952,-1.1676872598353414,-0.6791456840737199,-1.1559347102263289,1,-1,1,0.5103347767806897,Anomaly
1275,-0.6486681098094882,2,-1.503540087044004,2,2.4441291486822943,1.0617867539482455,2,0.0,1.2613992339089566,-1.5756862740979405,0,1.235518718079156,-1.0261667362455194,-0.0577875452794142,7,1.153253590238697,1,-0.2199008056706933,-0.1280473244118846,-0.6780493930322936,0,0,-0.3305890744344257,-0.4262300150429028,-1.584178240646517,0.0,1.4159910129545328,0.2211851850634235,0.1557070814399298,0.3380961637724818,0.8150681472604113,0.7649976209279952,0.8730062991171511,0.8065414765793012,0,1,0,0.4922905292885391,Normal
1276,1.5413689168784943,2,0.3458701768990376,1,-0.7641208792270812,0.0850492518807105,5,0.0,1.2647224893050864,-1.5756862740979405,0,-0.6343289002329991,0.3796721288811475,0.8459113011114247,3,0.2462002046576992,1,1.4051359227861626,1.218615920048057,-0.2775943477299747,0,0,-1.1505541015749308,-0.4262300150429028,1.1914379855160335,0.0,-0.9320143892374164,0.4783162424325279,-0.6201892226844657,0.3380961637724818,-0.8177339465973219,-0.6154915796172451,-0.0582848907973714,-0.5952272282818631,0,1,0,0.46598208520330303,Normal
1277,0.0083429981969065,2,-0.5292529104627501,2,-0.0237554881710714,-0.8916882501868245,2,0.0,1.2663841170031511,-0.6605306743650393,1,-0.9787745141326066,-1.0261667362455194,-0.0577875452794142,7,-0.6608531809232983,1,-0.4916610012376806,-0.7748167098225142,-0.6780493930322936,0,0,-0.3305890744344257,-0.4262300150429028,-1.584178240646517,0.0,1.4159910129545328,-0.8073390444129942,-0.6201892226844657,0.3380961637724818,-0.3278933184400019,-0.6154915796172451,-0.6791456840737199,-0.3148734873096303,0,1,0,0.43832517594942494,Normal
1278,0.9938596602064989,2,-0.1697830870421857,1,-0.8875151110697495,1.0617867539482455,3,0.0,1.269707372399281,0.2546249253678617,1,-0.9787745141326066,0.3796721288811475,2.6533089938931025,5,1.153253590238697,0,2.725053307353891,-0.0133659210013949,1.7246808787816197,0,1,0.4893759527060795,-0.4262300150429028,0.2662325767951835,0.0,0.241988311858558,1.6354060005934978,0.1557070814399298,0.3380961637724818,-0.8177339465973219,-0.8915894197262932,-0.0582848907973714,-0.5952272282818631,0,1,0,0.49821114571779307,Normal
1279,-0.1011588531374925,2,1.4391542605436507,1,0.0996387436715968,0.0850492518807105,1,0.0,1.271369000097346,1.1697805251007627,1,1.1863122018077836,0.3796721288811475,0.8459113011114247,0,-1.5679065665042955,1,0.386300787724627,1.6353197939599469,1.7246808787816197,0,1,-0.6039107501479274,-0.4262300150429028,1.1914379855160335,0.0,0.241988311858558,0.4783162424325279,-1.3960855268088614,0.3380961637724818,0.8150681472604113,1.041095461037043,0.8730062991171511,0.8065414765793012,0,1,0,0.4946017007547995,Normal
1280,0.7748559575377005,1,-0.9259092673406144,1,-1.010909342912418,-0.8916882501868245,3,0.0,1.2746922554934756,0.2546249253678617,1,1.629170848250136,0.3796721288811475,-0.9614863916702532,6,-0.6608531809232983,0,-0.8841090709892252,-0.4526968855371681,-0.6780493930322936,0,1,-0.8772324258614291,-0.4262300150429028,0.2662325767951835,0.0,2.5899937140505074,-0.678773515728442,-0.6201892226844657,-1.0778621289498782,-0.3278933184400019,-0.339393739508197,-0.0582848907973714,-0.3148734873096303,1,-1,1,0.5046830301787479,Anomaly
1281,0.0083429981969065,2,1.082163539353573,0,-0.1471497200137397,-0.8916882501868245,4,0.0,1.2780155108896056,0.2546249253678617,1,1.137105685536411,0.3796721288811475,-0.0577875452794142,1,-0.6608531809232983,0,-0.5167334821422189,-0.2081556576765649,-0.2775943477299747,0,0,-0.6039107501479274,-0.4262300150429028,0.2662325767951835,0.0,-0.9320143892374164,0.9925783571707368,0.9316033855643254,-1.0778621289498782,0.4885077284888646,-1.1676872598353414,0.5625759024789769,0.8065414765793012,0,1,0,0.4878229013713396,Normal
1282,-0.2106607044718917,2,-1.2382761483819322,2,2.197340684996958,0.0850492518807105,1,0.0,1.2830003939838002,0.2546249253678617,1,0.8910731041795485,0.3796721288811475,-0.0577875452794142,7,1.153253590238697,2,-0.1465956708226787,-0.1153986402121982,-0.6780493930322936,0,1,0.7626976284195812,-0.4262300150429028,1.1914379855160335,0.0,-0.9320143892374164,-0.1645114009902331,-0.6201892226844657,0.3380961637724818,0.4885077284888646,0.7649976209279952,1.4938670923934996,0.8065414765793012,1,-1,1,0.5073529959425954,Anomaly
1283,-0.42966440714069,2,0.1599375096125388,1,-0.1471497200137397,1.0617867539482455,1,0.0,1.2846620216818652,1.1697805251007627,1,1.1863122018077836,1.7855109940078144,-0.9614863916702532,6,-1.5679065665042955,1,-0.7139136709507914,-1.1576502182663548,1.324225833479301,0,0,1.036019304133083,-0.4262300150429028,-0.6589728319256667,0.0,0.241988311858558,0.3497507137479757,-1.3960855268088614,0.3380961637724818,0.4885077284888646,1.041095461037043,1.4938670923934996,0.5261877356070683,0,1,0,0.4839371670284597,Normal
1284,-0.9771736638126856,2,0.9383756099853472,1,-1.010909342912418,0.0850492518807105,1,0.0,1.28632364937993,0.2546249253678617,1,0.7926600716368035,0.3796721288811475,-0.9614863916702532,6,1.153253590238697,1,-0.947427709205771,-1.2342450281422337,-0.6780493930322936,0,0,-1.1505541015749308,-0.4262300150429028,0.2662325767951835,0.0,0.241988311858558,-0.8073390444129942,2.4833959938131165,1.754054456494842,-0.3278933184400019,-0.339393739508197,-0.6791456840737199,-0.3148734873096303,0,1,0,0.44589907181521926,Normal
1285,0.2273467008657048,2,1.116870970580386,1,0.0996387436715968,-1.86842575225436,3,0.0,1.287985277077995,0.2546249253678617,1,-0.043850704976529,0.3796721288811475,0.8459113011114247,5,0.2462002046576992,2,1.4790784935893773,-0.8993359787216488,1.7246808787816197,0,0,1.5826626555600865,2.346151056253851,0.2662325767951835,0.0,-0.9320143892374164,-0.2930769296747854,0.1557070814399298,0.3380961637724818,-0.4911735278257753,-0.339393739508197,-0.0582848907973714,-0.5952272282818631,0,1,0,0.49333809382139615,Normal
1286,0.9938596602064989,0,0.1153136694637791,2,2.073946453154289,-0.8916882501868245,1,0.0,1.28964690477606,-0.6605306743650393,1,1.5799643319787635,-1.0261667362455194,-0.0577875452794142,7,-0.6608531809232983,2,0.3161828326526131,1.5252762414226757,2.1251359240839385,0,0,-0.0572673987209239,-0.4262300150429028,0.2662325767951835,0.0,-0.9320143892374164,-0.678773515728442,0.1557070814399298,0.3380961637724818,-0.8177339465973219,-0.6154915796172451,-0.0582848907973714,-0.5952272282818631,0,-1,1,0.5081938916188272,Anomaly
1287,0.3368485522001039,2,-0.4623171502396105,1,-0.8875151110697495,-0.8916882501868245,1,0.0,1.2913085324741247,0.2546249253678617,0,1.629170848250136,0.3796721288811475,-0.9614863916702532,2,-1.5679065665042955,1,-0.6641936664451815,1.5869737121300345,0.523315742874663,0,0,0.4893759527060795,-0.4262300150429028,1.1914379855160335,0.0,0.241988311858558,-0.5502079870438897,1.707499689688721,-1.0778621289498782,-0.4911735278257753,-0.339393739508197,-0.6791456840737199,-0.5952272282818631,0,1,0,0.45863941961347265,Normal
1288,0.5558522548689022,2,0.8069831917695547,1,0.4698214391996017,0.0850492518807105,3,0.0,1.2929701601721897,-0.6605306743650393,1,1.432344783164646,1.7855109940078144,-0.0577875452794142,0,-1.5679065665042955,1,-0.205027300049357,-1.2110557737761418,0.9237707881769818,0,0,0.7626976284195812,-0.4262300150429028,0.2662325767951835,0.0,1.4159910129545328,-0.1645114009902331,-0.6201892226844657,-1.0778621289498782,-1.1442943653688686,-1.1676872598353414,-0.6791456840737199,-1.1559347102263289,0,1,0,0.4826927919748325,Normal
1289,-0.2106607044718917,0,0.9358965077548606,1,-0.8875151110697495,-0.8916882501868245,3,0.0,1.2946317878702545,-0.6605306743650393,1,1.1863122018077836,0.3796721288811475,-0.0577875452794142,4,1.153253590238697,0,-0.1574320820610809,1.4235246040829763,-0.2775943477299747,0,0,-0.3305890744344257,-0.4262300150429028,0.2662325767951835,0.0,0.241988311858558,0.4783162424325279,2.4833959938131165,0.3380961637724818,-0.0013328996684553,0.7649976209279952,-0.3687152874355457,0.8065414765793012,0,1,0,0.4763279329037659,Normal
1290,0.1178448495313057,0,1.322636455710778,0,-0.8875151110697495,0.0850492518807105,0,0.0,1.2962934155683197,-1.5756862740979405,1,1.6783773645215088,0.3796721288811475,-0.9614863916702532,1,-0.6608531809232983,0,-0.8309894080558813,-1.0096606131300243,0.9237707881769818,0,0,-0.6039107501479274,-0.4262300150429028,1.1914379855160335,0.0,2.5899937140505074,0.2211851850634235,0.1557070814399298,0.3380961637724818,0.651787937874638,1.5932911412551394,0.2521455058408027,1.086895217551534,0,-1,1,0.5592196099766819,Anomaly
1291,-0.3201625558062908,1,-1.409334202285511,1,-0.0237554881710714,1.0617867539482455,1,0.0,1.2996166709644492,1.1697805251007627,1,1.333931750621901,0.3796721288811475,-0.0577875452794142,2,-1.5679065665042955,1,-0.2458232011821651,-1.1390988147734815,0.523315742874663,0,0,0.4893759527060795,-0.4262300150429028,0.2662325767951835,0.0,0.241988311858558,-0.0359458723056809,0.1557070814399298,-1.0778621289498782,-0.0013328996684553,-0.8915894197262932,-0.6791456840737199,0.8065414765793012,1,1,0,0.48915410291393835,Normal
1292,0.0083429981969065,2,-1.0721762989393266,1,0.0996387436715968,1.0617867539482455,3,0.0,1.302939926360579,1.1697805251007627,1,-0.3882963188761366,0.3796721288811475,-0.0577875452794142,4,-1.5679065665042955,2,-0.4865615135960796,-1.3099965924047996,-0.6780493930322936,0,0,-0.0572673987209239,-0.4262300150429028,-0.6589728319256667,0.0,-0.9320143892374164,-0.1645114009902331,0.9316033855643254,-2.4938204216722384,0.4885077284888646,-0.339393739508197,-0.6791456840737199,1.086895217551534,1,1,0,0.4904521427615344,Normal
1293,0.2273467008657048,1,-0.0904518156666129,2,1.3335810620982798,0.0850492518807105,1,0.0,1.3079248094547735,0.2546249253678617,1,0.841866587908176,0.3796721288811475,-0.0577875452794142,7,1.153253590238697,0,-0.5048346776451499,0.6851225286923966,-0.2775943477299747,0,0,0.7626976284195812,-0.4262300150429028,1.1914379855160335,0.0,0.241988311858558,-0.5502079870438897,2.4833959938131165,0.3380961637724818,-0.8177339465973219,-0.8915894197262932,-0.0582848907973714,-0.5952272282818631,0,1,0,0.46767273828652256,Normal
1294,0.6653541062033014,0,-1.1391120591624662,1,-0.0237554881710714,0.0850492518807105,1,0.0,1.3095864371528383,-1.5756862740979405,1,-0.6835354165043717,0.3796721288811475,-0.9614863916702532,6,0.2462002046576992,2,-0.8637111204228212,1.4988545455388862,0.523315742874663,0,0,-0.6039107501479274,-0.4262300150429028,0.2662325767951835,0.0,-0.9320143892374164,-0.5502079870438897,-0.6201892226844657,-1.0778621289498782,-0.6544537372115486,-0.6154915796172451,-0.3687152874355457,-0.5952272282818631,0,1,0,0.4674694903585558,Normal
1295,0.4463504035345031,2,-0.8812854271918545,1,-0.5173324155417446,0.0850492518807105,1,0.0,1.3112480648509035,-0.6605306743650393,1,0.9402796204509212,1.7855109940078144,-0.0577875452794142,0,-0.6608531809232983,2,0.0779942640594991,0.1710237864429218,0.1228606975723441,0,0,-0.8772324258614291,-0.4262300150429028,-1.584178240646517,0.0,-0.9320143892374164,-0.0359458723056809,0.1557070814399298,-2.4938204216722384,-0.6544537372115486,-0.6154915796172451,-0.3687152874355457,-0.5952272282818631,0,1,0,0.4724762513029595,Normal
1296,0.4463504035345031,2,-0.0160787487520133,2,-0.6407266473844129,-1.86842575225436,2,0.0,1.3129096925489685,0.2546249253678617,0,0.743453555365431,0.3796721288811475,0.8459113011114247,7,0.2462002046576992,0,0.8380304013097833,1.706855130155951,-1.0785044383346123,0,1,-0.6039107501479274,-0.4262300150429028,1.1914379855160335,0.0,0.241988311858558,1.5068404719089457,0.1557070814399298,1.754054456494842,2.447870241118145,2.6976825016913315,3.3564494722225446,0.2458339946348354,0,-1,1,0.5421875858619815,Anomaly
1297,-0.7581699611438873,2,0.7177355114720353,1,0.0996387436715968,0.0850492518807105,3,0.0,1.3145713202470333,-1.5756862740979405,0,-0.0930572212479015,0.3796721288811475,0.8459113011114247,4,0.2462002046576992,2,0.6722970529577504,-1.626635320203615,2.5255909693862573,0,0,-0.3305890744344257,-0.4262300150429028,-0.6589728319256667,0.0,-0.9320143892374164,-0.2930769296747854,0.1557070814399298,0.3380961637724818,-0.0013328996684553,0.7649976209279952,-0.6791456840737199,-0.5952272282818631,0,1,0,0.4754084338706344,Normal
1298,-1.196177366481484,2,0.2913299278283313,0,1.3335810620982798,-0.8916882501868245,3,0.0,1.317894575643163,1.1697805251007627,0,0.1529753601089609,0.3796721288811475,-0.9614863916702532,1,-0.6608531809232983,1,-0.9253299294255,-1.0433904376625214,-1.0785044383346123,0,1,-1.1505541015749308,-0.4262300150429028,0.2662325767951835,0.0,-0.9320143892374164,-0.678773515728442,0.1557070814399298,0.3380961637724818,-0.3278933184400019,-0.8915894197262932,-0.3687152874355457,-0.0345197463373974,1,-1,1,0.50980443233089,Anomaly
1299,0.9938596602064989,2,-1.3423984420623716,1,1.456975293940948,-0.8916882501868245,3,0.0,1.3228794587373578,1.1697805251007627,0,0.0053558112948434,0.3796721288811475,-0.0577875452794142,0,-0.6608531809232983,1,0.5148503720233192,-0.4878321194251857,0.523315742874663,0,0,1.855984331273588,2.346151056253851,1.1914379855160335,0.0,0.241988311858558,0.2211851850634235,-0.6201892226844657,1.754054456494842,0.3252275191030913,0.7649976209279952,0.2521455058408027,0.8065414765793012,1,-1,1,0.5310260461273373,Anomaly
1300,0.3368485522001039,2,0.9706039389816736,1,-1.010909342912418,0.0850492518807105,1,0.0,1.3245410864354228,0.2546249253678617,0,-0.6835354165043717,0.3796721288811475,-0.0577875452794142,0,1.153253590238697,0,0.002139385390684,-0.7382760665789758,0.523315742874663,0,0,0.4893759527060795,-0.4262300150429028,1.1914379855160335,0.0,0.241988311858558,0.0926196563788712,0.1557070814399298,0.3380961637724818,-0.3278933184400019,-0.339393739508197,-0.6791456840737199,-0.3148734873096303,0,1,0,0.4415121610500809,Normal
1301,-0.3201625558062908,2,0.0186286824747997,2,-0.1471497200137397,-0.8916882501868245,5,0.0,1.3262027141334876,-0.6605306743650393,1,1.2847252343505289,1.7855109940078144,-0.0577875452794142,7,0.2462002046576992,1,0.0629082797864294,1.0983128792154846,-0.6780493930322936,0,0,1.5826626555600865,2.346151056253851,0.2662325767951835,0.0,1.4159910129545328,-0.1645114009902331,1.707499689688721,0.3380961637724818,0.4885077284888646,1.041095461037043,0.5625759024789769,1.086895217551534,0,-1,1,0.5048645739624548,Anomaly
1302,2.3078818762192883,0,-1.1217583435490597,2,-0.8875151110697495,0.0850492518807105,3,0.0,1.3278643418315526,-0.6605306743650393,1,-0.6835354165043717,0.3796721288811475,1.7496101475022634,3,-0.6608531809232983,0,2.07975564203963,1.1614157592783645,0.523315742874663,0,0,1.855984331273588,2.346151056253851,1.1914379855160335,0.0,0.241988311858558,3.3067578734926766,-2.171981830933257,-1.0778621289498782,1.4681889848035046,1.3171933011460917,3.666879868860719,2.7690176633849317,0,-1,1,0.613211380589273,Anomaly
1303,-0.2106607044718917,2,-1.5308102115793571,1,1.7037637576262843,1.0617867539482455,3,0.0,1.3311875972276823,-0.6605306743650393,1,1.235518718079156,-2.432005601372186,-0.9614863916702532,2,0.2462002046576992,1,-0.8069793204100099,-0.6488920315678588,-1.0785044383346123,0,0,0.2160542769925777,-0.4262300150429028,-0.6589728319256667,0.0,0.241988311858558,-0.678773515728442,-0.6201892226844657,1.754054456494842,-0.3278933184400019,-0.063295899399149,-0.6791456840737199,-0.3148734873096303,0,1,0,0.4825357765636764,Normal
1304,1.103361511540898,2,0.49213720849775,1,-0.6407266473844129,0.0850492518807105,1,0.0,1.332849224925747,0.2546249253678617,0,1.2847252343505289,-1.0261667362455194,0.8459113011114247,4,-0.6608531809232983,0,0.8138078350121786,0.6967874263432186,2.1251359240839385,0,1,-0.8772324258614291,-0.4262300150429028,0.2662325767951835,0.0,0.241988311858558,2.1496681153317065,0.9316033855643254,0.3380961637724818,2.447870241118145,1.8693889813641875,3.666879868860719,1.6476026994959998,0,-1,1,0.5472426283721887,Anomaly
1305,0.3368485522001039,2,-0.1301174513543993,1,0.3464272073569334,0.0850492518807105,1,0.0,1.336172480321877,-0.6605306743650393,0,-0.929567997861234,0.3796721288811475,-0.0577875452794142,0,-1.5679065665042955,0,-0.4366290304387363,-0.5010429673670804,-0.2775943477299747,0,0,-0.8772324258614291,-0.4262300150429028,-0.6589728319256667,0.0,0.241988311858558,0.4783162424325279,0.1557070814399298,0.3380961637724818,-0.0013328996684553,-0.063295899399149,1.4938670923934996,0.8065414765793012,0,1,0,0.45787404034264934,Normal
1306,1.869874470881692,2,-0.9209510628796408,1,-0.270543951856408,1.0617867539482455,3,0.0,1.3378341080199418,1.1697805251007627,0,0.1037688438375884,0.3796721288811475,-0.0577875452794142,6,1.153253590238697,1,0.0745946056317651,0.1943535817445656,0.523315742874663,0,0,-0.0572673987209239,-0.4262300150429028,-0.6589728319256667,0.0,0.241988311858558,0.3497507137479757,-0.6201892226844657,-1.0778621289498782,-0.0013328996684553,-0.8915894197262932,-0.3687152874355457,0.8065414765793012,0,1,0,0.44266618205064173,Normal
1307,-0.6486681098094882,1,0.7995458850780948,2,-0.270543951856408,1.0617867539482455,2,0.0,1.3428189911141366,-1.5756862740979405,0,0.1037688438375884,0.3796721288811475,0.8459113011114247,7,-1.5679065665042955,1,0.6659226934057492,-0.8483196191162472,-0.2775943477299747,0,0,-0.3305890744344257,-0.4262300150429028,1.1914379855160335,0.0,1.4159910129545328,-0.2930769296747854,0.1557070814399298,0.3380961637724818,-0.6544537372115486,-0.6154915796172451,-0.0582848907973714,-0.5952272282818631,0,1,0,0.4772884561963887,Normal
1308,-0.9771736638126856,2,1.0276232902828666,1,-1.010909342912418,0.0850492518807105,3,0.0,1.3444806188122014,0.2546249253678617,0,0.0545623275662159,0.3796721288811475,-0.9614863916702532,6,-1.5679065665042955,1,-0.6187232349742392,-0.2240367833939489,-0.6780493930322936,0,0,2.675949358414093,2.346151056253851,0.2662325767951835,0.0,0.241988311858558,-1.0644701017820986,0.1557070814399298,0.3380961637724818,-0.6544537372115486,-0.6154915796172451,-0.3687152874355457,-0.5952272282818631,0,1,0,0.4786901749594264,Normal
1309,0.1178448495313057,2,-0.1970532115775388,2,-0.8875151110697495,1.0617867539482455,2,0.0,1.3461422465102664,-0.6605306743650393,0,0.5466274902799411,-2.432005601372186,-0.0577875452794142,8,1.153253590238697,1,-0.2332869607298959,-1.4151212121977486,-0.2775943477299747,0,1,1.3093409798465847,2.346151056253851,-1.584178240646517,0.0,1.4159910129545328,1.121143885855289,0.9316033855643254,-1.0778621289498782,-0.4911735278257753,-0.6154915796172451,-0.6791456840737199,-0.3148734873096303,0,-1,1,0.5304046550492266,Anomaly
1310,-1.196177366481484,2,-0.5713976483810231,2,0.0996387436715968,0.0850492518807105,3,0.0,1.3478038742083314,0.2546249253678617,1,-0.9787745141326066,0.3796721288811475,-0.0577875452794142,7,1.153253590238697,2,-0.3864840686296597,-0.7291409057680912,-0.6780493930322936,0,0,-0.6039107501479274,-0.4262300150429028,-1.584178240646517,0.0,-0.9320143892374164,-0.8073390444129942,0.9316033855643254,0.3380961637724818,-0.3278933184400019,-0.339393739508197,-0.3687152874355457,-0.5952272282818631,0,1,0,0.4338676840748335,Normal
1311,2.3078818762192883,1,1.02514418805238,1,0.7166099028849382,1.0617867539482455,1,0.0,1.349465501906396,-1.5756862740979405,1,1.038692652993666,0.3796721288811475,1.7496101475022634,5,0.2462002046576992,1,1.9726664015660087,1.027480247697241,-0.2775943477299747,0,1,-0.3305890744344257,-0.4262300150429028,-0.6589728319256667,0.0,-0.9320143892374164,1.5068404719089457,0.1557070814399298,0.3380961637724818,-0.8177339465973219,-0.6154915796172451,-0.0582848907973714,-0.5952272282818631,0,-1,1,0.505516700152369,Anomaly
1312,-2.072192177156677,0,1.55815116760701,1,0.59321567104227,0.0850492518807105,3,0.0,1.352788757302526,-0.6605306743650393,0,-1.6184592256604493,0.3796721288811475,-0.9614863916702532,6,0.2462002046576992,2,-1.06004139462446,-0.8847197214242335,-0.6780493930322936,0,0,0.2160542769925777,-0.4262300150429028,0.2662325767951835,0.0,-0.9320143892374164,-1.4501666878357553,0.9316033855643254,-2.4938204216722384,-1.1442943653688686,-1.1676872598353414,-0.6791456840737199,-1.1559347102263289,0,-1,1,0.5270345195541556,Anomaly
1313,-0.6486681098094882,2,-1.09944642347468,0,1.0867925984129432,2.038524256015781,0,0.0,1.3577736403967209,1.1697805251007627,1,1.137105685536411,1.7855109940078144,-0.9614863916702532,1,-1.5679065665042955,1,-0.7536471788249326,1.0093504670110238,-1.0785044383346123,0,0,0.4893759527060795,-0.4262300150429028,0.2662325767951835,0.0,-0.9320143892374164,-1.193035630466651,0.9316033855643254,0.3380961637724818,-0.9810141559830952,-1.1676872598353414,-0.6791456840737199,-1.1559347102263289,1,-1,1,0.53473955700109,Anomaly
1314,-0.8676718124782865,2,-1.1217583435490597,0,0.4698214391996017,0.0850492518807105,0,0.0,1.3610968957928504,-1.5756862740979405,1,-0.4867093514188816,-1.0261667362455194,-0.9614863916702532,1,-1.5679065665042955,0,-0.8855964215513588,-1.5678892091428491,0.523315742874663,0,1,-0.0572673987209239,-0.4262300150429028,1.1914379855160335,0.0,2.5899937140505074,-0.9359045730975464,0.1557070814399298,0.3380961637724818,-0.8177339465973219,-0.6154915796172451,-0.0582848907973714,-1.1559347102263289,1,-1,1,0.5509623058672263,Anomaly
1315,0.8843578088720997,0,-0.5292529104627501,2,-0.8875151110697495,1.0617867539482455,1,0.0,1.3627585234909154,0.2546249253678617,0,0.0545623275662159,0.3796721288811475,-0.0577875452794142,7,0.2462002046576992,1,-0.2866191023149732,0.7521605549507344,0.523315742874663,0,0,1.855984331273588,2.346151056253851,-0.6589728319256667,0.0,1.4159910129545328,-0.1645114009902331,0.1557070814399298,1.754054456494842,0.161947309717318,0.7649976209279952,0.8730062991171511,0.8065414765793012,0,-1,1,0.5074091178347201,Anomaly
1316,-0.1011588531374925,2,-0.9234301651101277,1,-0.8875151110697495,1.0617867539482455,4,0.0,1.3660817788870452,1.1697805251007627,0,0.349801425194451,0.3796721288811475,-0.0577875452794142,6,-0.6608531809232983,1,0.0975423000189697,0.7392307888799439,0.523315742874663,0,1,1.855984331273588,2.346151056253851,1.1914379855160335,0.0,0.241988311858558,0.4783162424325279,-0.6201892226844657,0.3380961637724818,-0.9810141559830952,-1.1676872598353414,-0.6791456840737199,-1.1559347102263289,0,1,0,0.49338768775120095,Normal
1317,0.6653541062033014,1,1.53583924753263,2,-0.8875151110697495,1.0617867539482455,1,0.0,1.369405034283175,-1.5756862740979405,1,1.2847252343505289,0.3796721288811475,-0.0577875452794142,7,1.153253590238697,1,-0.1759177247618845,0.6932739029544167,-0.6780493930322936,0,0,1.3093409798465847,2.346151056253851,0.2662325767951835,0.0,0.241988311858558,-0.5502079870438897,1.707499689688721,0.3380961637724818,-0.0013328996684553,0.7649976209279952,1.4938670923934996,0.8065414765793012,0,1,0,0.49956263873408385,Normal
1318,-1.0866755151470848,1,1.2259514687217987,1,-0.5173324155417446,-0.8916882501868245,1,0.0,1.37106666198124,1.1697805251007627,0,-0.6343289002329991,0.3796721288811475,-0.9614863916702532,2,1.153253590238697,2,-0.8762473608750903,0.7747876455746178,-1.0785044383346123,0,1,-0.3305890744344257,-0.4262300150429028,0.2662325767951835,0.0,-0.9320143892374164,-0.678773515728442,0.1557070814399298,-1.0778621289498782,-0.3278933184400019,-0.063295899399149,-0.6791456840737199,-0.5952272282818631,0,1,0,0.47234649351144653,Normal
1319,-0.8676718124782865,1,-0.5664394439200499,1,1.3335810620982798,-1.86842575225436,3,0.0,1.3743899173773697,1.1697805251007627,1,-1.2740136117608418,0.3796721288811475,-0.9614863916702532,2,1.153253590238697,1,-0.5717654529411632,-1.0273687710095851,-0.6780493930322936,0,0,-0.6039107501479274,-0.4262300150429028,-0.6589728319256667,0.0,-0.9320143892374164,-0.0359458723056809,0.1557070814399298,1.754054456494842,0.651787937874638,1.041095461037043,0.2521455058408027,1.6476026994959998,0,1,0,0.4917808477005955,Normal
1320,-0.5391662584750891,1,1.2780126155620184,2,0.0996387436715968,1.0617867539482455,2,0.0,1.3760515450754345,1.1697805251007627,1,0.645040522822686,0.3796721288811475,-0.0577875452794142,7,1.153253590238697,2,-0.3941333000920612,1.653027951839508,2.1251359240839385,0,0,-0.6039107501479274,-0.4262300150429028,0.2662325767951835,0.0,-0.9320143892374164,-0.9359045730975464,-0.6201892226844657,1.754054456494842,-1.1442943653688686,-1.1676872598353414,-0.6791456840737199,-1.1559347102263289,0,1,0,0.49100223857528325,Normal
1321,0.5558522548689022,0,-1.1093628323966265,1,0.0996387436715968,1.0617867539482455,5,0.0,1.3777131727734997,0.2546249253678617,1,-1.3724266443035866,0.3796721288811475,-0.9614863916702532,6,0.2462002046576992,1,-0.7578967518596001,-1.145704238744429,0.1228606975723441,0,0,1.855984331273588,2.346151056253851,-0.6589728319256667,0.0,1.4159910129545328,-0.1645114009902331,-1.3960855268088614,-1.0778621289498782,-0.1646131090542286,-0.339393739508197,0.2521455058408027,-0.3148734873096303,0,-1,1,0.5101664728884064,Anomaly
1322,1.103361511540898,2,-1.4762699625086508,1,-0.0237554881710714,1.0617867539482455,1,0.0,1.3810364281696292,-0.6605306743650393,0,-0.0930572212479015,0.3796721288811475,-0.9614863916702532,2,0.2462002046576992,2,-0.9344665114500352,-1.251109940408482,0.523315742874663,0,0,-0.8772324258614291,-0.4262300150429028,0.2662325767951835,0.0,-0.9320143892374164,-0.5502079870438897,-0.6201892226844657,0.3380961637724818,-0.8177339465973219,-0.6154915796172451,-0.0582848907973714,-1.1559347102263289,0,1,0,0.454471277804882,Normal
1323,0.9938596602064989,2,-0.2391979494958119,1,-0.8875151110697495,-0.8916882501868245,1,0.0,1.3826980558676942,1.1697805251007627,1,0.7926600716368035,0.3796721288811475,0.8459113011114247,4,1.153253590238697,0,0.4409078012201045,0.7976958180696053,0.1228606975723441,0,0,-0.3305890744344257,-0.4262300150429028,0.2662325767951835,0.0,0.241988311858558,0.0926196563788712,0.9316033855643254,-1.0778621289498782,0.3252275191030913,1.041095461037043,0.5625759024789769,0.8065414765793012,0,1,0,0.4544510026604005,Normal
1324,-0.9771736638126856,0,-1.2952954996831252,0,-1.010909342912418,-0.8916882501868245,1,0.0,1.384359683565759,0.2546249253678617,1,-1.1263940629467242,0.3796721288811475,-0.9614863916702532,1,1.153253590238697,0,-0.8067668417582765,-0.5367403649973064,-0.6780493930322936,0,0,-0.0572673987209239,-0.4262300150429028,-0.6589728319256667,0.0,0.241988311858558,-1.0644701017820986,-0.6201892226844657,0.3380961637724818,-0.6544537372115486,-0.6154915796172451,-0.0582848907973714,-0.5952272282818631,0,1,0,0.48531367444563883,Normal
1325,-0.8676718124782865,2,-0.1896159048860789,1,2.4441291486822943,-1.86842575225436,1,0.0,1.386021311263824,1.1697805251007627,1,1.333931750621901,-2.432005601372186,-0.0577875452794142,0,0.2462002046576992,0,-0.0252703606829213,0.9598800576966948,2.1251359240839385,0,0,0.4893759527060795,-0.4262300150429028,1.1914379855160335,0.0,1.4159910129545328,-0.0359458723056809,0.1557070814399298,0.3380961637724818,-0.0013328996684553,-1.1676872598353414,-0.3687152874355457,0.5261877356070683,0,-1,1,0.5135466238705655,Anomaly
1326,0.5558522548689022,2,0.8416906229963679,1,-0.1471497200137397,0.0850492518807105,1,0.0,1.3876829389618888,1.1697805251007627,1,0.743453555365431,0.3796721288811475,-0.9614863916702532,2,0.2462002046576992,2,-0.5386187832707566,-0.0968472367193249,0.523315742874663,0,0,-0.6039107501479274,-0.4262300150429028,1.1914379855160335,0.0,-0.9320143892374164,-0.4216424583593375,0.1557070814399298,0.3380961637724818,-1.1442943653688686,-1.1676872598353414,-0.6791456840737199,-1.1559347102263289,0,1,0,0.44083725056053297,Normal
1327,-0.5391662584750891,2,-0.963095800797914,2,-0.8875151110697495,1.0617867539482455,2,0.0,1.3910061943580183,0.2546249253678617,1,0.7926600716368035,-1.0261667362455194,-0.0577875452794142,7,-0.6608531809232983,2,0.7232919293737606,1.6686279956857877,1.7246808787816197,0,1,-0.8772324258614291,-0.4262300150429028,0.2662325767951835,0.0,-0.9320143892374164,-0.5502079870438897,0.1557070814399298,-1.0778621289498782,-0.8177339465973219,-0.6154915796172451,-0.0582848907973714,-0.5952272282818631,1,-1,1,0.5030715537092991,Anomaly
1328,0.9938596602064989,2,1.280491717792505,2,-0.7641208792270812,0.0850492518807105,5,0.0,1.3926678220560835,-1.5756862740979405,0,-1.0279810304039791,1.7855109940078144,1.7496101475022634,7,-1.5679065665042955,0,1.4282960958251003,-0.9239306424432612,-0.2775943477299747,0,0,-0.8772324258614291,-0.4262300150429028,1.1914379855160335,0.0,0.241988311858558,1.76397152927805,1.707499689688721,0.3380961637724818,1.9580296129608248,3.5259760220184755,-0.0582848907973714,1.086895217551534,0,-1,1,0.5422720457276432,Anomaly
1329,-1.0866755151470848,2,-0.1846577004251056,2,1.7037637576262843,-1.86842575225436,3,0.0,1.3943294497541483,-0.6605306743650393,0,-1.4708396768463317,-1.0261667362455194,-0.0577875452794142,8,0.2462002046576992,1,-0.6295596462126413,-1.0252606569763043,-0.6780493930322936,0,0,1.5826626555600865,2.346151056253851,1.1914379855160335,0.0,0.241988311858558,-0.2930769296747854,1.707499689688721,0.3380961637724818,0.3252275191030913,1.041095461037043,0.8730062991171511,1.086895217551534,0,-1,1,0.5211545912529238,Anomaly
1330,-0.8676718124782865,2,-1.1168001390880864,0,-0.3939381836990763,-1.86842575225436,3,0.0,1.3959910774522133,1.1697805251007627,1,1.038692652993666,-1.0261667362455194,-0.9614863916702532,1,-0.6608531809232983,1,-0.7859439338884057,0.157531856629923,-0.6780493930322936,0,0,-1.1505541015749308,-0.4262300150429028,1.1914379855160335,0.0,-0.9320143892374164,-1.3216011591512031,0.1557070814399298,0.3380961637724818,-0.9810141559830952,-1.1676872598353414,-0.6791456840737199,-1.1559347102263289,0,1,0,0.48500418434805503,Normal
1331,0.6653541062033014,2,0.0508570114711262,1,-0.3939381836990763,0.0850492518807105,3,0.0,1.3976527051502785,-1.5756862740979405,0,0.743453555365431,-1.0261667362455194,2.6533089938931025,3,0.2462002046576992,1,2.738651941064828,1.1560752037273856,1.7246808787816197,0,0,-0.6039107501479274,-0.4262300150429028,1.1914379855160335,0.0,-0.9320143892374164,1.2497094145398413,-0.6201892226844657,0.3380961637724818,1.4681889848035046,2.145486821473236,1.1834366957553253,2.7690176633849317,0,-1,1,0.5270084897632454,Anomaly
1332,1.2128633628752972,2,1.0449770058962733,1,0.0996387436715968,0.0850492518807105,1,0.0,1.399314332848343,1.1697805251007627,1,1.235518718079156,-1.0261667362455194,2.6533089938931025,5,-0.6608531809232983,1,2.796658612988039,-0.1026094150769598,0.523315742874663,0,0,-0.8772324258614291,-0.4262300150429028,1.1914379855160335,0.0,-0.9320143892374164,2.2782336440162587,0.1557070814399298,0.3380961637724818,2.447870241118145,1.5932911412551394,3.0460190755843706,1.3672489585237668,0,-1,1,0.5206348701727199,Anomaly
1333,-0.8676718124782865,1,-0.8515362004260147,1,1.827157989468953,-0.8916882501868245,1,0.0,1.400975960546408,1.1697805251007627,1,0.349801425194451,-1.0261667362455194,-0.9614863916702532,6,1.153253590238697,2,-0.8634986417710877,0.0618234795189629,-0.6780493930322936,0,1,2.4026276827005915,2.346151056253851,-0.6589728319256667,0.0,-0.9320143892374164,-1.3216011591512031,0.1557070814399298,-1.0778621289498782,-0.9810141559830952,-1.1676872598353414,-0.3687152874355457,-1.1559347102263289,1,-1,1,0.5419091305039209,Anomaly
1334,0.9938596602064989,2,1.1193500728108727,2,0.0996387436715968,0.0850492518807105,1,0.0,1.4026375882444728,0.2546249253678617,0,-0.0930572212479015,0.3796721288811475,0.8459113011114247,7,-0.6608531809232983,1,0.1723347854291178,-0.0424578946606735,0.9237707881769818,0,0,1.5826626555600865,2.346151056253851,0.2662325767951835,0.0,2.5899937140505074,0.3497507137479757,-0.6201892226844657,0.3380961637724818,0.161947309717318,0.7649976209279952,-0.6791456840737199,0.8065414765793012,1,-1,1,0.5130671903714821,Anomaly
1335,-1.0866755151470848,1,0.8144204984610147,1,0.7166099028849382,0.0850492518807105,1,0.0,1.4042992159425378,1.1697805251007627,0,0.5466274902799411,-1.0261667362455194,-0.9614863916702532,6,-1.5679065665042955,1,-0.3673609899736559,1.339481124622838,-1.0785044383346123,0,0,1.036019304133083,-0.4262300150429028,1.1914379855160335,0.0,0.241988311858558,-0.4216424583593375,-0.6201892226844657,-1.0778621289498782,-0.0013328996684553,0.4888997808189471,1.4938670923934996,-0.3148734873096303,0,1,0,0.4908776204883346,Normal
1336,0.2273467008657048,2,0.080606238236966,1,1.2101868302556114,1.0617867539482455,4,0.0,1.4059608436406028,1.1697805251007627,1,-1.2248070954894692,0.3796721288811475,-0.0577875452794142,6,1.153253590238697,0,-0.5526423742851594,-1.289055993007541,2.1251359240839385,0,0,-0.3305890744344257,-0.4262300150429028,-0.6589728319256667,0.0,2.5899937140505074,-0.5502079870438897,-0.6201892226844657,0.3380961637724818,-0.8177339465973219,-0.6154915796172451,-0.0582848907973714,-0.5952272282818631,0,1,0,0.48506329890686134,Normal
1337,1.979376322216091,2,0.0830853404674526,1,-0.8875151110697495,1.0617867539482455,5,0.0,1.4092840990367326,-0.6605306743650393,1,1.5799643319787635,-1.0261667362455194,-0.9614863916702532,6,1.153253590238697,1,-0.816115902434545,-0.8907629816529725,2.1251359240839385,0,0,1.3093409798465847,2.346151056253851,-0.6589728319256667,0.0,0.241988311858558,0.9925783571707368,-0.6201892226844657,1.754054456494842,-0.3278933184400019,-0.6154915796172451,-0.6791456840737199,-0.0345197463373974,0,-1,1,0.5253022957325677,Anomaly
1338,-0.9771736638126856,2,0.9160636899109672,2,-0.7641208792270812,0.0850492518807105,3,0.0,1.4126073544328623,-0.6605306743650393,0,0.5958340065513135,0.3796721288811475,-0.9614863916702532,8,-0.6608531809232983,1,-0.7748950439982701,-1.4926998086224916,-0.6780493930322936,0,0,1.036019304133083,-0.4262300150429028,1.1914379855160335,0.0,0.241988311858558,-1.3216011591512031,0.1557070814399298,0.3380961637724818,-0.9810141559830952,-1.1676872598353414,-0.6791456840737199,-1.1559347102263289,0,1,0,0.46188480808479254,Normal
1339,-0.7581699611438873,2,0.3533074835904976,2,-0.0237554881710714,0.0850492518807105,3,0.0,1.414268982130927,-0.6605306743650393,1,1.137105685536411,0.3796721288811475,-0.9614863916702532,8,1.153253590238697,2,-1.1520446508250115,0.2397483039278844,-0.6780493930322936,0,0,-0.6039107501479274,-0.4262300150429028,0.2662325767951835,0.0,-0.9320143892374164,-1.3216011591512031,0.1557070814399298,-1.0778621289498782,-0.9810141559830952,-1.1676872598353414,-0.6791456840737199,-1.1559347102263289,1,1,0,0.4773947645145377,Normal
1340,-1.6341847718190805,2,-1.020115152099107,1,-0.270543951856408,-1.86842575225436,1,0.0,1.417592237527057,1.1697805251007627,1,0.448214457737196,0.3796721288811475,-0.9614863916702532,6,-0.6608531809232983,2,-0.8564868462638864,1.655417147743893,-0.6780493930322936,0,1,2.1293060069870897,2.346151056253851,-1.584178240646517,0.0,-0.9320143892374164,-1.3216011591512031,-0.6201892226844657,0.3380961637724818,-0.9810141559830952,-1.1676872598353414,-0.6791456840737199,-1.1559347102263289,1,-1,1,0.5322516856157365,Anomaly
1341,-0.1011588531374925,2,1.1490992995767126,2,0.0996387436715968,1.0617867539482455,5,0.0,1.4209154929231869,-0.6605306743650393,0,-0.142263737519274,-1.0261667362455194,-0.0577875452794142,7,0.2462002046576992,1,-0.1763426820653513,-1.159898873235188,-0.6780493930322936,0,1,-0.6039107501479274,-0.4262300150429028,-1.584178240646517,0.0,0.241988311858558,-0.1645114009902331,0.9316033855643254,0.3380961637724818,0.4885077284888646,1.3171933011460917,-0.3687152874355457,0.8065414765793012,0,1,0,0.47763216384714674,Normal
1342,-0.6486681098094882,2,-1.218443330538039,1,1.3335810620982798,0.0850492518807105,1,0.0,1.4225771206212516,-0.6605306743650393,1,1.137105685536411,0.3796721288811475,-0.0577875452794142,2,0.2462002046576992,0,-0.4899611720238135,0.6058574410410288,-0.6780493930322936,0,0,-1.1505541015749308,-0.4262300150429028,-1.584178240646517,0.0,0.241988311858558,-0.1645114009902331,-0.6201892226844657,0.3380961637724818,0.4885077284888646,1.041095461037043,-0.6791456840737199,-0.5952272282818631,0,1,0,0.4495731972487058,Normal
1343,-0.3201625558062908,2,1.6796271769008555,2,-0.6407266473844129,0.0850492518807105,1,0.0,1.4242387483193166,0.2546249253678617,1,-0.0930572212479015,0.3796721288811475,0.8459113011114247,7,1.153253590238697,1,0.6820710709374858,1.4238056859540804,-0.2775943477299747,0,1,-0.6039107501479274,-0.4262300150429028,1.1914379855160335,0.0,2.5899937140505074,-0.2930769296747854,0.1557070814399298,0.3380961637724818,-0.3278933184400019,-0.339393739508197,-0.3687152874355457,-1.1559347102263289,0,1,0,0.48095250131187695,Normal
1344,-0.8676718124782865,2,-0.5218156037712901,1,-0.270543951856408,0.0850492518807105,1,0.0,1.4259003760173814,1.1697805251007627,1,-0.3390898026047641,0.3796721288811475,-0.9614863916702532,2,-1.5679065665042955,2,-0.9436030934745704,0.7126685520606025,0.1228606975723441,0,0,-0.3305890744344257,-0.4262300150429028,-0.6589728319256667,0.0,-0.9320143892374164,-0.0359458723056809,-0.6201892226844657,0.3380961637724818,-0.6544537372115486,-0.6154915796172451,-0.3687152874355457,-0.5952272282818631,0,1,0,0.43617594575965024,Normal
1345,0.0083429981969065,2,-0.0483070777483398,1,-0.270543951856408,1.0617867539482455,3,0.0,1.4292236314135114,1.1697805251007627,1,0.5958340065513135,0.3796721288811475,-0.0577875452794142,6,-1.5679065665042955,1,-0.4714755293230099,-0.1019067103991995,0.9237707881769818,0,1,1.855984331273588,2.346151056253851,0.2662325767951835,0.0,0.241988311858558,0.6068817711170802,-0.6201892226844657,0.3380961637724818,-0.3278933184400019,-0.339393739508197,-0.6791456840737199,-0.0345197463373974,0,1,0,0.47678471294884506,Normal
1346,-0.2106607044718917,2,-1.446520735742811,1,0.8400041347276065,-0.8916882501868245,4,0.0,1.4308852591115762,1.1697805251007627,0,-1.0771875466753518,-1.0261667362455194,-0.0577875452794142,4,-0.6608531809232983,1,-0.3643862888493887,1.5564763291152353,-1.0785044383346123,0,1,-1.1505541015749308,-0.4262300150429028,1.1914379855160335,0.0,-0.9320143892374164,-0.9359045730975464,-0.6201892226844657,0.3380961637724818,-0.6544537372115486,-0.6154915796172451,-0.6791456840737199,-0.5952272282818631,0,1,0,0.4745937735969192,Normal
1347,0.8843578088720997,2,-0.6110632840688096,1,1.950552221311621,-0.8916882501868245,1,0.0,1.434208514507706,-0.6605306743650393,0,1.333931750621901,-1.0261667362455194,-0.0577875452794142,4,1.153253590238697,1,-0.1268351562114748,1.3456649257871292,-1.0785044383346123,0,0,-0.6039107501479274,-0.4262300150429028,1.1914379855160335,0.0,1.4159910129545328,-0.1645114009902331,-0.6201892226844657,-1.0778621289498782,0.3252275191030913,1.041095461037043,0.2521455058408027,1.086895217551534,0,1,0,0.48157132274288794,Normal
1348,-0.1011588531374925,1,1.01770688136092,0,-0.8875151110697495,-1.86842575225436,0,0.0,1.437531769903836,-0.6605306743650393,1,1.3831382668932737,-1.0261667362455194,-0.0577875452794142,1,1.153253590238697,2,-0.5560420327128933,-1.418072571844342,-0.6780493930322936,0,0,1.5826626555600865,2.346151056253851,1.1914379855160335,0.0,-0.9320143892374164,-0.1645114009902331,-0.6201892226844657,-1.0778621289498782,0.4885077284888646,-0.8915894197262932,-0.6791456840737199,1.086895217551534,0,-1,1,0.5331626365633727,Anomaly
1349,0.3368485522001039,2,0.8292951118439346,1,-1.010909342912418,1.0617867539482455,1,0.0,1.4408550252999657,-1.5756862740979405,1,1.5799643319787635,0.3796721288811475,1.7496101475022634,3,-1.5679065665042955,0,2.192794284761786,0.6574359643886387,-0.2775943477299747,0,0,-1.1505541015749308,-0.4262300150429028,-1.584178240646517,0.0,0.241988311858558,1.3782749432243937,0.1557070814399298,0.3380961637724818,1.9580296129608248,0.7649976209279952,2.7355886789461965,3.329725145329397,0,-1,1,0.5437532919952642,Anomaly
1350,-1.196177366481484,2,-0.7945168491248218,1,-1.010909342912418,-0.8916882501868245,1,0.0,1.4425166529980304,-0.6605306743650393,0,1.1863122018077836,-1.0261667362455194,-0.9614863916702532,6,0.2462002046576992,1,-0.7585341878148002,0.0836073245295338,-0.6780493930322936,0,1,-0.6039107501479274,-0.4262300150429028,0.2662325767951835,0.0,0.241988311858558,-1.3216011591512031,0.1557070814399298,-1.0778621289498782,-0.9810141559830952,-1.1676872598353414,-0.3687152874355457,-1.1559347102263289,0,1,0,0.46383682385690556,Normal
1351,-1.0866755151470848,2,-0.7226228844407089,2,-0.8875151110697495,-0.8916882501868245,3,0.0,1.450824791488355,-1.5756862740979405,0,1.137105685536411,1.7855109940078144,-0.0577875452794142,7,0.2462002046576992,2,-0.0006228370818497,1.782606694418517,-1.0785044383346123,0,0,-0.3305890744344257,-0.4262300150429028,-0.6589728319256667,0.0,-0.9320143892374164,-0.2930769296747854,1.707499689688721,-1.0778621289498782,0.161947309717318,0.7649976209279952,-0.6791456840737199,0.8065414765793012,0,1,0,0.49065568884875993,Normal
1352,1.2128633628752972,1,-1.6993891632524494,1,1.5803695257836163,0.0850492518807105,3,0.0,1.4541480468844847,1.1697805251007627,0,-0.3882963188761366,0.3796721288811475,1.7496101475022634,3,1.153253590238697,0,2.2673742915202006,-1.6690786827403403,0.1228606975723441,0,0,-1.1505541015749308,-0.4262300150429028,-0.6589728319256667,0.0,0.241988311858558,1.6354060005934978,0.1557070814399298,0.3380961637724818,2.447870241118145,3.5259760220184755,0.5625759024789769,0.8065414765793012,0,-1,1,0.5272914104437026,Anomaly
1353,0.7748559575377005,2,-1.5679967450366568,1,-1.010909342912418,1.0617867539482455,1,0.0,1.4591329299786795,-0.6605306743650393,1,0.5958340065513135,1.7855109940078144,-0.0577875452794142,0,-1.5679065665042955,1,-0.3123290191747117,-0.6955516221711463,-0.2775943477299747,0,0,-0.0572673987209239,-0.4262300150429028,1.1914379855160335,0.0,0.241988311858558,-0.1645114009902331,1.707499689688721,0.3380961637724818,-0.8177339465973219,-1.1676872598353414,-0.0582848907973714,-0.5952272282818631,0,1,0,0.47830265386856474,Normal
1354,-0.3201625558062908,0,0.4078477326612039,1,0.8400041347276065,1.0617867539482455,5,0.0,1.4624561853748093,1.1697805251007627,1,0.9402796204509212,-2.432005601372186,-0.9614863916702532,6,-1.5679065665042955,1,-0.8915458237998933,0.0206449854022061,-0.6780493930322936,0,1,2.1293060069870897,2.346151056253851,-0.6589728319256667,0.0,0.241988311858558,-0.8073390444129942,-0.6201892226844657,0.3380961637724818,-0.3278933184400019,-0.6154915796172451,0.2521455058408027,-1.1559347102263289,1,-1,1,0.5445453688886202,Anomaly
1355,2.08887817355049,2,0.8912726676061008,1,1.827157989468953,-0.8916882501868245,1,0.0,1.465779440770939,-1.5756862740979405,1,1.5307578157073911,0.3796721288811475,-0.9614863916702532,2,1.153253590238697,2,-0.8320518013145481,-0.5694864029809389,-0.6780493930322936,0,0,0.2160542769925777,-0.4262300150429028,1.1914379855160335,0.0,-0.9320143892374164,-0.8073390444129942,0.1557070814399298,0.3380961637724818,-0.4911735278257753,-0.6154915796172451,-0.3687152874355457,-1.1559347102263289,1,-1,1,0.5070476895863323,Anomaly
1356,-0.1011588531374925,2,-1.1589448770063595,2,0.9633983665702748,-0.8916882501868245,2,0.0,1.467441068469004,0.2546249253678617,1,-1.6184592256604493,-1.0261667362455194,-0.0577875452794142,7,-0.6608531809232983,1,-0.2116141382530916,0.3526026751761972,-0.2775943477299747,0,0,0.2160542769925777,-0.4262300150429028,0.2662325767951835,0.0,1.4159910129545328,0.0926196563788712,-1.3960855268088614,-2.4938204216722384,-0.4911735278257753,-0.6154915796172451,-0.3687152874355457,-0.3148734873096303,0,1,0,0.4613569804185082,Normal
1357,0.4463504035345031,2,-1.1539866725453862,2,-0.1471497200137397,0.0850492518807105,2,0.0,1.4691026961670688,0.2546249253678617,0,-0.5851223839616266,0.3796721288811475,-0.0577875452794142,7,-0.6608531809232983,1,-0.448315356284072,1.760682308472394,0.9237707881769818,0,0,1.5826626555600865,2.346151056253851,0.2662325767951835,0.0,0.241988311858558,0.3497507137479757,0.1557070814399298,0.3380961637724818,-0.3278933184400019,-0.063295899399149,-0.3687152874355457,-0.0345197463373974,0,1,0,0.45649578648453176,Normal
1358,0.5558522548689022,2,1.4713825895399772,1,-0.3939381836990763,0.0850492518807105,3,0.0,1.4724259515631988,0.2546249253678617,1,0.841866587908176,0.3796721288811475,0.8459113011114247,5,-1.5679065665042955,1,1.4544309699883058,0.0743316227830972,2.5255909693862573,0,0,-0.6039107501479274,-0.4262300150429028,-0.6589728319256667,0.0,0.241988311858558,0.8640128284861845,0.1557070814399298,1.754054456494842,0.9783483566461848,0.7649976209279952,0.8730062991171511,0.8065414765793012,0,1,0,0.4809318632493523,Normal
1359,-0.6486681098094882,2,0.6855071824757089,2,0.0996387436715968,-0.8916882501868245,3,0.0,1.4740875792612635,0.2546249253678617,0,0.9894861367222936,0.3796721288811475,-0.0577875452794142,7,1.153253590238697,0,0.0170128910120203,0.8154039759491662,-0.2775943477299747,0,1,-1.1505541015749308,-0.4262300150429028,1.1914379855160335,0.0,0.241988311858558,-0.4216424583593375,-0.6201892226844657,0.3380961637724818,-0.3278933184400019,-0.6154915796172451,-0.3687152874355457,-0.0345197463373974,0,1,0,0.45970545076656316,Normal
1360,-0.3201625558062908,2,-0.167303984811699,2,-0.7641208792270812,-1.86842575225436,3,0.0,1.4790724623554583,1.1697805251007627,0,0.448214457737196,-1.0261667362455194,-0.0577875452794142,7,1.153253590238697,1,0.3399804416467512,0.3066457892506701,0.1228606975723441,0,1,-0.8772324258614291,-0.4262300150429028,0.2662325767951835,0.0,-0.9320143892374164,-0.2930769296747854,0.1557070814399298,-1.0778621289498782,-0.4911735278257753,-0.6154915796172451,-0.6791456840737199,-0.8755809692540959,0,1,0,0.4554985297273326,Normal
1361,-0.6486681098094882,2,-0.821786973660175,1,-0.6407266473844129,0.0850492518807105,3,0.0,1.480734090053523,-1.5756862740979405,0,-0.1914702537906465,1.7855109940078144,-0.9614863916702532,2,0.2462002046576992,0,-0.5364939967534228,0.2414347951545093,2.1251359240839385,0,0,-0.8772324258614291,-0.4262300150429028,-0.6589728319256667,0.0,0.241988311858558,-0.9359045730975464,-2.171981830933257,-1.0778621289498782,-0.8177339465973219,-0.6154915796172451,-0.0582848907973714,-0.5952272282818631,0,1,0,0.4870533325344556,Normal
1362,-1.196177366481484,1,0.7276519203939819,1,-0.3939381836990763,0.0850492518807105,4,0.0,1.484057345449653,0.2546249253678617,1,-0.2406767700620191,1.7855109940078144,-0.9614863916702532,2,1.153253590238697,1,-0.8411883833390833,-1.0134552183899304,-1.0785044383346123,0,0,0.7626976284195812,-0.4262300150429028,-1.584178240646517,0.0,0.241988311858558,-0.4216424583593375,0.1557070814399298,0.3380961637724818,-0.0013328996684553,0.7649976209279952,1.4938670923934996,0.8065414765793012,0,1,0,0.4776345356252743,Normal
1363,0.8843578088720997,1,1.2259514687217987,1,-1.010909342912418,1.0617867539482455,3,0.0,1.4907038562419126,-0.6605306743650393,1,-1.0771875466753518,0.3796721288811475,-0.0577875452794142,0,0.2462002046576992,2,-0.2345618326402962,0.0278125731153617,0.523315742874663,0,0,-0.8772324258614291,-0.4262300150429028,0.2662325767951835,0.0,-0.9320143892374164,0.0926196563788712,0.1557070814399298,0.3380961637724818,-0.4911735278257753,-0.6154915796172451,-0.6791456840737199,-0.3148734873096303,0,1,0,0.452339024632991,Normal
1364,-0.42966440714069,2,-1.4514789402037842,2,0.0996387436715968,1.0617867539482455,2,0.0,1.4940271116380424,-0.6605306743650393,1,-1.1263940629467242,0.3796721288811475,-0.0577875452794142,7,0.2462002046576992,2,-0.2158637112877592,-0.5485458035836803,-0.6780493930322936,0,0,-0.3305890744344257,-0.4262300150429028,-0.6589728319256667,0.0,-0.9320143892374164,-0.1645114009902331,-0.6201892226844657,-1.0778621289498782,0.4885077284888646,-0.063295899399149,-0.6791456840737199,1.3672489585237668,0,1,0,0.44920209821859247,Normal
1365,-0.9771736638126856,1,-0.0483070777483398,2,-1.010909342912418,-0.8916882501868245,1,0.0,1.4990119947322371,0.2546249253678617,1,-1.1756005792180968,-1.0261667362455194,-0.0577875452794142,7,1.153253590238697,1,0.0703450325970976,0.6945387713743854,-0.6780493930322936,0,1,-0.8772324258614291,-0.4262300150429028,0.2662325767951835,0.0,0.241988311858558,-0.5502079870438897,-0.6201892226844657,0.3380961637724818,-0.0013328996684553,0.7649976209279952,-0.6791456840737199,0.8065414765793012,0,1,0,0.4641116953777233,Normal
1366,-0.8676718124782865,1,-0.1400338602763459,2,1.827157989468953,0.0850492518807105,5,0.0,1.500673622430302,0.2546249253678617,1,-1.0279810304039791,1.7855109940078144,-0.9614863916702532,8,-1.5679065665042955,2,-1.149919864307678,-0.5159403065355999,-0.6780493930322936,0,0,0.4893759527060795,-0.4262300150429028,1.1914379855160335,0.0,-0.9320143892374164,-1.3216011591512031,0.1557070814399298,0.3380961637724818,-0.9810141559830952,-1.1676872598353414,-0.6791456840737199,-1.1559347102263289,1,-1,1,0.532128631530148,Anomaly
1367,0.2273467008657048,0,1.1119127661194128,2,1.456975293940948,1.0617867539482455,1,0.0,1.5023352501283669,-1.5756862740979405,0,-1.6676657419318217,-2.432005601372186,-0.0577875452794142,7,0.2462002046576992,1,-0.1629565270061486,-1.4512402326346308,1.324225833479301,0,0,1.036019304133083,-0.4262300150429028,0.2662325767951835,0.0,0.241988311858558,-0.1645114009902331,-1.3960855268088614,0.3380961637724818,-0.6544537372115486,-0.6154915796172451,-0.3687152874355457,-0.5952272282818631,0,-1,1,0.5189731903735959,Anomaly
1368,-1.0866755151470848,2,1.367260295859538,1,-0.8875151110697495,1.0617867539482455,5,0.0,1.5056585055244966,-0.6605306743650393,1,-1.2248070954894692,0.3796721288811475,-0.9614863916702532,6,-0.6608531809232983,1,-0.9087565945902968,-1.158071841073011,-0.6780493930322936,0,0,-1.1505541015749308,-0.4262300150429028,0.2662325767951835,0.0,0.241988311858558,-0.678773515728442,0.1557070814399298,-1.0778621289498782,-0.3278933184400019,-0.339393739508197,-0.3687152874355457,-0.5952272282818631,0,1,0,0.4451163566470924,Normal
1369,-0.3201625558062908,1,-0.167303984811699,1,1.5803695257836163,1.0617867539482455,4,0.0,1.5073201332225616,0.2546249253678617,1,0.9894861367222936,-1.0261667362455194,-0.0577875452794142,6,1.153253590238697,1,-0.1606192618370815,1.7121956857069296,-0.6780493930322936,0,1,-0.0572673987209239,-0.4262300150429028,-0.6589728319256667,0.0,-0.9320143892374164,0.6068817711170802,0.1557070814399298,0.3380961637724818,1.304908775417731,1.5932911412551394,1.1834366957553253,1.9279564404682328,0,-1,1,0.5010375067682618,Anomaly
1370,-0.9771736638126856,2,1.6672316657484223,2,0.4698214391996017,-0.8916882501868245,2,0.0,1.5089817609206264,1.1697805251007627,0,0.8910731041795485,0.3796721288811475,-0.0577875452794142,7,0.2462002046576992,2,0.7120305608318916,1.2703349843312193,0.1228606975723441,0,1,-1.1505541015749308,-0.4262300150429028,1.1914379855160335,0.0,-0.9320143892374164,-0.678773515728442,-2.171981830933257,0.3380961637724818,-0.8177339465973219,-1.1676872598353414,-0.0582848907973714,-0.5952272282818631,1,-1,1,0.51768245406159,Anomaly
1371,1.103361511540898,0,0.9086263832195074,1,0.59321567104227,1.0617867539482455,5,0.0,1.5106433886186914,0.2546249253678617,1,-0.0930572212479015,0.3796721288811475,-0.0577875452794142,6,-0.6608531809232983,1,-0.2201132843224267,-1.7129274546325863,2.1251359240839385,0,0,0.7626976284195812,-0.4262300150429028,0.2662325767951835,0.0,0.241988311858558,0.6068817711170802,0.9316033855643254,1.754054456494842,0.161947309717318,0.7649976209279952,-0.3687152874355457,0.8065414765793012,0,1,0,0.49978534215077597,Normal
1372,2.08887817355049,2,1.5879003943728498,2,0.2230329755142651,2.038524256015781,2,0.0,1.5123050163167562,1.1697805251007627,0,1.137105685536411,-1.0261667362455194,-0.0577875452794142,7,-1.5679065665042955,1,-0.2385989270232303,0.8453391952217573,0.523315742874663,0,0,0.2160542769925777,-0.4262300150429028,0.2662325767951835,0.0,0.241988311858558,-0.678773515728442,0.1557070814399298,0.3380961637724818,-1.1442943653688686,-1.1676872598353414,-0.6791456840737199,-1.1559347102263289,0,1,0,0.4994519529390502,Normal
1373,0.2273467008657048,2,0.1599375096125388,1,-0.0237554881710714,-0.8916882501868245,3,0.0,1.5139666440148212,-1.5756862740979405,1,1.038692652993666,0.3796721288811475,-0.0577875452794142,4,-1.5679065665042955,1,-0.2872565382701733,-0.2808153213569855,-0.6780493930322936,0,0,2.675949358414093,2.346151056253851,1.1914379855160335,0.0,0.241988311858558,-0.1645114009902331,0.1557070814399298,0.3380961637724818,0.4885077284888646,-1.1676872598353414,1.4938670923934996,1.3672489585237668,0,-1,1,0.513819641930433,Anomaly
1374,0.1178448495313057,1,1.4664243850790035,1,-0.1471497200137397,0.0850492518807105,3,0.0,1.515628271712886,1.1697805251007627,0,-0.3882963188761366,-1.0261667362455194,-0.0577875452794142,6,-0.6608531809232983,0,-0.9285171092015008,0.5343221048450247,-0.6780493930322936,0,1,0.2160542769925777,-0.4262300150429028,0.2662325767951835,0.0,0.241988311858558,1.121143885855289,0.1557070814399298,0.3380961637724818,2.1213098223465976,1.8693889813641875,-0.6791456840737199,0.8065414765793012,0,1,0,0.49487790576974205,Normal
1375,2.3078818762192883,2,-0.4895872747749636,2,1.456975293940948,0.0850492518807105,1,0.0,1.517289899410951,1.1697805251007627,0,0.3005949089230785,0.3796721288811475,1.7496101475022634,3,1.153253590238697,1,2.4163218263852966,-0.3586749996528327,0.523315742874663,0,1,-0.6039107501479274,-0.4262300150429028,0.2662325767951835,0.0,0.241988311858558,2.2782336440162587,-0.6201892226844657,-1.0778621289498782,-0.9810141559830952,-1.1676872598353414,-0.6791456840737199,-1.1559347102263289,0,-1,1,0.5150396004996097,Anomaly
1376,-0.5391662584750891,1,-1.3994177933635643,1,-0.5173324155417446,-0.8916882501868245,1,0.0,1.518951527109016,-1.5756862740979405,0,-0.929567997861234,1.7855109940078144,-0.9614863916702532,6,0.2462002046576992,2,-0.8649859923332214,0.1412291081058828,0.1228606975723441,0,1,-0.3305890744344257,-0.4262300150429028,-1.584178240646517,0.0,-0.9320143892374164,-0.4216424583593375,-0.6201892226844657,0.3380961637724818,-0.4911735278257753,-0.8915894197262932,-0.6791456840737199,-0.3148734873096303,1,-1,1,0.5070901524601419,Anomaly
1377,0.1178448495313057,2,1.0003531657475135,1,-0.0237554881710714,-0.8916882501868245,1,0.0,1.5206131548070807,-0.6605306743650393,1,0.251388392651706,0.3796721288811475,-0.9614863916702532,6,1.153253590238697,0,-0.367998425928856,-0.0028253508349896,-0.2775943477299747,0,0,1.036019304133083,-0.4262300150429028,1.1914379855160335,0.0,1.4159910129545328,-0.1645114009902331,-2.171981830933257,1.754054456494842,-0.3278933184400019,-0.6154915796172451,-0.6791456840737199,-0.3148734873096303,0,1,0,0.45720535225965675,Normal
1378,1.3223652142096962,1,0.648320649018409,1,-0.8875151110697495,-1.86842575225436,1,0.0,1.5222747825051457,-0.6605306743650393,1,-1.1756005792180968,0.3796721288811475,2.6533089938931025,5,1.153253590238697,1,2.6895693725144176,-0.0808255700663889,0.1228606975723441,0,0,-0.0572673987209239,-0.4262300150429028,1.1914379855160335,0.0,-0.9320143892374164,2.1496681153317065,0.1557070814399298,0.3380961637724818,-0.3278933184400019,-0.063295899399149,0.5625759024789769,-0.3148734873096303,0,1,0,0.49816898394170533,Normal
1379,0.5558522548689022,2,-0.9507002896454808,2,0.3464272073569334,1.0617867539482455,2,0.0,1.5255980379012757,-0.6605306743650393,1,0.5466274902799411,0.3796721288811475,-0.0577875452794142,7,1.153253590238697,0,-0.3008551719811094,-1.6040082295797315,0.1228606975723441,0,1,-0.8772324258614291,-0.4262300150429028,0.2662325767951835,0.0,1.4159910129545328,0.3497507137479757,0.9316033855643254,0.3380961637724818,-1.1442943653688686,-1.1676872598353414,-0.6791456840737199,-1.1559347102263289,0,1,0,0.48655990862787535,Normal
1380,-1.0866755151470848,1,1.3251155579412648,0,1.5803695257836163,0.0850492518807105,0,0.0,1.5272596655993402,-1.5756862740979405,0,-0.3882963188761366,-1.0261667362455194,-0.9614863916702532,1,-0.6608531809232983,1,-0.7734076934361366,0.7367010520400066,-0.6780493930322936,0,0,-0.8772324258614291,-0.4262300150429028,-1.584178240646517,0.0,-0.9320143892374164,-1.3216011591512031,-0.6201892226844657,0.3380961637724818,-0.9810141559830952,-1.1676872598353414,-0.6791456840737199,-1.1559347102263289,1,-1,1,0.5406412861107545,Anomaly
1381,-0.2106607044718917,2,-0.2986964030274915,2,1.0867925984129432,1.0617867539482455,3,0.0,1.5289212932974052,-0.6605306743650393,1,0.251388392651706,0.3796721288811475,-0.0577875452794142,7,-1.5679065665042955,1,-0.2001402910594893,0.2335645027635933,-1.0785044383346123,0,0,0.2160542769925777,-0.4262300150429028,1.1914379855160335,0.0,0.241988311858558,-0.678773515728442,-0.6201892226844657,-2.4938204216722384,-0.3278933184400019,-0.339393739508197,-0.6791456840737199,-0.0345197463373974,0,1,0,0.45986968903751513,Normal
1382,-0.9771736638126856,0,0.7450056360073884,1,0.8400041347276065,0.0850492518807105,3,0.0,1.532244548693535,0.2546249253678617,1,-0.8311549653184892,0.3796721288811475,-0.9614863916702532,6,0.2462002046576992,2,-0.9261798440324336,-1.7133490774392426,-0.6780493930322936,0,0,-0.3305890744344257,-0.4262300150429028,0.2662325767951835,0.0,-0.9320143892374164,-0.8073390444129942,0.1557070814399298,-1.0778621289498782,-0.3278933184400019,-0.339393739508197,-0.3687152874355457,-0.0345197463373974,0,1,0,0.4596586365699853,Normal
1383,-0.6486681098094882,0,0.4301596527355837,1,-0.7641208792270812,-0.8916882501868245,3,0.0,1.5339061763916,0.2546249253678617,1,-0.8803614815898617,0.3796721288811475,-0.9614863916702532,6,-1.5679065665042955,0,-0.7304870057859947,-1.4501159051502142,-0.6780493930322936,0,1,-0.6039107501479274,-0.4262300150429028,1.1914379855160335,0.0,0.241988311858558,-0.9359045730975464,0.1557070814399298,1.754054456494842,-0.4911735278257753,-0.6154915796172451,-0.0582848907973714,-0.3148734873096303,0,1,0,0.4847946172147194,Normal
1384,-0.1011588531374925,0,1.3598229891680778,1,-0.0237554881710714,1.0617867539482455,1,0.0,1.5355678040896648,-1.5756862740979405,1,0.0053558112948434,1.7855109940078144,-0.9614863916702532,2,-0.6608531809232983,1,-0.7846690619780055,-0.7132597800507072,-0.6780493930322936,0,0,1.855984331273588,2.346151056253851,-0.6589728319256667,0.0,-0.9320143892374164,-0.8073390444129942,0.1557070814399298,0.3380961637724818,-0.3278933184400019,-0.063295899399149,-0.6791456840737199,-0.5952272282818631,0,-1,1,0.5167626691762145,Anomaly
1385,-0.3201625558062908,2,0.3334746657466044,2,-1.010909342912418,0.0850492518807105,2,0.0,1.5372294317877295,-1.5756862740979405,1,-1.6676657419318217,0.3796721288811475,0.8459113011114247,7,1.153253590238697,2,0.7192548349908264,-1.0601148089932175,-0.6780493930322936,0,0,1.5826626555600865,2.346151056253851,-1.584178240646517,0.0,-0.9320143892374164,0.3497507137479757,0.1557070814399298,-1.0778621289498782,1.141628566031958,1.041095461037043,-0.0582848907973714,-0.8755809692540959,0,1,0,0.49904436599332314,Normal
1386,-0.3201625558062908,2,1.082163539353573,2,0.4698214391996017,1.0617867539482455,3,0.0,1.5388910594857943,1.1697805251007627,1,-1.3232201280322142,0.3796721288811475,0.8459113011114247,7,0.2462002046576992,0,0.4515317338067733,1.2087780545594122,-0.6780493930322936,0,0,0.7626976284195812,-0.4262300150429028,0.2662325767951835,0.0,0.241988311858558,-0.2930769296747854,-0.6201892226844657,-1.0778621289498782,0.161947309717318,0.7649976209279952,-0.3687152874355457,-0.8755809692540959,0,1,0,0.4534011393972533,Normal
1387,-1.196177366481484,2,-1.6002250740329833,1,-1.010909342912418,0.0850492518807105,3,0.0,1.5405526871838595,0.2546249253678617,1,1.432344783164646,0.3796721288811475,-0.9614863916702532,2,-1.5679065665042955,2,-0.7725577788292031,0.8000850139739905,-1.0785044383346123,0,0,-0.6039107501479274,-0.4262300150429028,1.1914379855160335,0.0,-0.9320143892374164,-0.4216424583593375,2.4833959938131165,-1.0778621289498782,-0.0013328996684553,0.7649976209279952,1.4938670923934996,0.5261877356070683,0,1,0,0.49644047710451333,Normal
1388,-0.8676718124782865,2,-1.652286220873203,1,-1.010909342912418,0.0850492518807105,1,0.0,1.5438759425799893,-1.5756862740979405,1,1.137105685536411,0.3796721288811475,-0.0577875452794142,0,-1.5679065665042955,1,-0.240086277585364,-1.1367096188690964,-1.0785044383346123,0,0,-0.8772324258614291,-0.4262300150429028,-1.584178240646517,0.0,0.241988311858558,-0.678773515728442,1.707499689688721,-1.0778621289498782,-0.3278933184400019,-0.339393739508197,-0.6791456840737199,-0.5952272282818631,0,1,0,0.4815232168822235,Normal
1389,-0.5391662584750891,0,0.8516070319183144,1,0.7166099028849382,1.0617867539482455,3,0.0,1.5455375702780545,0.2546249253678617,0,-1.569252709389077,0.3796721288811475,-0.0577875452794142,0,1.153253590238697,0,0.0348610977576239,0.3132512132216175,0.9237707881769818,0,0,0.7626976284195812,-0.4262300150429028,-0.6589728319256667,0.0,0.241988311858558,-0.2930769296747854,2.4833959938131165,0.3380961637724818,-0.3278933184400019,-0.8915894197262932,-0.3687152874355457,-0.5952272282818631,0,1,0,0.49163472972595873,Normal
1390,-0.6486681098094882,1,0.7995458850780948,1,-1.010909342912418,0.0850492518807105,1,0.0,1.547199197976119,1.1697805251007627,1,-0.8803614815898617,-2.432005601372186,-0.0577875452794142,6,-1.5679065665042955,1,-0.3187033787267129,-1.2005152036097364,-0.6780493930322936,0,0,1.5826626555600865,2.346151056253851,-0.6589728319256667,0.0,-0.9320143892374164,-0.1645114009902331,2.4833959938131165,0.3380961637724818,0.4885077284888646,1.041095461037043,1.8042974890316736,0.8065414765793012,0,-1,1,0.5181051011077298,Anomaly
1391,-0.9771736638126856,2,1.4912154073838704,1,0.9633983665702748,0.0850492518807105,5,0.0,1.5538457087683788,0.2546249253678617,1,-1.6676657419318217,-1.0261667362455194,-0.9614863916702532,2,1.153253590238697,0,-0.8787971046958908,0.6276412860515997,0.9237707881769818,0,0,-0.8772324258614291,-0.4262300150429028,-1.584178240646517,0.0,0.241988311858558,-0.678773515728442,-0.6201892226844657,-1.0778621289498782,-0.4911735278257753,-0.8915894197262932,-0.6791456840737199,-0.3148734873096303,1,-1,1,0.5031075763273904,Anomaly
1392,0.1178448495313057,2,1.4912154073838704,2,-1.010909342912418,0.0850492518807105,1,0.0,1.5555073364664436,-1.5756862740979405,1,-0.3390898026047641,-1.0261667362455194,-0.9614863916702532,8,-1.5679065665042955,2,-0.7744700866948034,-0.3991507890918291,0.523315742874663,0,0,-0.3305890744344257,-0.4262300150429028,-1.584178240646517,0.0,-0.9320143892374164,1.121143885855289,0.1557070814399298,-1.0778621289498782,-0.9810141559830952,-1.1676872598353414,-0.6791456840737199,-1.1559347102263289,0,1,0,0.4968897506258456,Normal
1393,-0.2106607044718917,2,1.0449770058962733,2,-0.270543951856408,1.0617867539482455,1,0.0,1.5571689641645086,0.2546249253678617,0,-0.5359158676902541,0.3796721288811475,-0.0577875452794142,7,1.153253590238697,1,-0.2759951697283044,-0.1021877922703036,-0.6780493930322936,0,1,-1.1505541015749308,-0.4262300150429028,1.1914379855160335,0.0,-0.9320143892374164,-0.1645114009902331,-0.6201892226844657,0.3380961637724818,0.4885077284888646,1.041095461037043,-0.6791456840737199,1.3672489585237668,0,1,0,0.45755393529590094,Normal
1394,-1.0866755151470848,2,0.3756194036648774,2,-0.0237554881710714,0.0850492518807105,2,0.0,1.562153847258703,1.1697805251007627,1,-1.0771875466753518,0.3796721288811475,-0.0577875452794142,7,1.153253590238697,2,-0.5095092079832841,-1.294958712300728,-0.6780493930322936,0,0,-0.3305890744344257,-0.4262300150429028,-1.584178240646517,0.0,-0.9320143892374164,-0.5502079870438897,1.707499689688721,0.3380961637724818,-0.0013328996684553,0.7649976209279952,-0.6791456840737199,0.8065414765793012,0,1,0,0.45820066071050314,Normal
1395,-0.5391662584750891,2,1.4143632382387843,1,-0.5173324155417446,1.0617867539482455,1,0.0,1.563815474956768,1.1697805251007627,1,-0.4867093514188816,-1.0261667362455194,-0.0577875452794142,4,1.153253590238697,2,0.674846796778551,-0.5867729380538436,2.1251359240839385,0,0,2.4026276827005915,2.346151056253851,-0.6589728319256667,0.0,-0.9320143892374164,-0.4216424583593375,-1.3960855268088614,0.3380961637724818,-0.9810141559830952,-1.1676872598353414,-0.6791456840737199,-1.1559347102263289,0,-1,1,0.5210397596338574,Anomaly
1396,-0.6486681098094882,1,-0.1202010424324527,2,2.073946453154289,1.0617867539482455,2,0.0,1.565477102654833,-1.5756862740979405,1,-0.142263737519274,0.3796721288811475,-0.0577875452794142,7,1.153253590238697,1,-0.1882414865624203,0.950323274079154,-0.6780493930322936,0,1,-1.1505541015749308,-0.4262300150429028,0.2662325767951835,0.0,-0.9320143892374164,-0.1645114009902331,0.9316033855643254,0.3380961637724818,0.4885077284888646,0.7649976209279952,-0.6791456840737199,1.086895217551534,1,-1,1,0.5148772800315519,Anomaly
1397,1.7603726195472926,2,0.9061472809890208,2,1.827157989468953,1.0617867539482455,1,0.0,1.567138730352898,-1.5756862740979405,1,0.0053558112948434,0.3796721288811475,0.8459113011114247,7,-1.5679065665042955,2,0.8382428799615167,-1.1903962562499877,1.324225833479301,0,1,-0.6039107501479274,-0.4262300150429028,-0.6589728319256667,0.0,-0.9320143892374164,0.4783162424325279,-0.6201892226844657,-1.0778621289498782,-0.8177339465973219,-0.6154915796172451,-0.0582848907973714,-0.5952272282818631,1,-1,1,0.5357424157139511,Anomaly
1398,1.869874470881692,2,-1.6051832784939566,1,-0.0237554881710714,-0.8916882501868245,1,0.0,1.5688003580509629,-1.5756862740979405,0,0.0545623275662159,0.3796721288811475,-0.0577875452794142,6,0.2462002046576992,1,-0.7661834192772018,1.146940042916501,0.1228606975723441,0,0,-1.1505541015749308,-0.4262300150429028,0.2662325767951835,0.0,1.4159910129545328,-0.2930769296747854,2.4833959938131165,-1.0778621289498782,-0.4911735278257753,-0.339393739508197,-0.0582848907973714,-0.3148734873096303,0,1,0,0.4699826527530479,Normal
1399,-0.42966440714069,1,1.2408260821047186,1,-0.270543951856408,-0.8916882501868245,1,0.0,1.5704619857490276,1.1697805251007627,1,-1.4708396768463317,0.3796721288811475,-0.0577875452794142,0,0.2462002046576992,0,-0.1136614798040055,0.5292626311651502,-0.6780493930322936,0,0,1.3093409798465847,2.346151056253851,0.2662325767951835,0.0,2.5899937140505074,-0.2930769296747854,-0.6201892226844657,0.3380961637724818,0.3252275191030913,0.7649976209279952,-0.0582848907973714,1.086895217551534,0,1,0,0.49280198129908676,Normal
1400,0.6653541062033014,2,-0.5664394439200499,1,0.2230329755142651,0.0850492518807105,1,0.0,1.5721236134470926,-1.5756862740979405,1,-1.7660787744745667,0.3796721288811475,0.8459113011114247,0,0.2462002046576992,1,0.2139806011688594,0.3597702628893529,-0.6780493930322936,0,0,0.4893759527060795,-0.4262300150429028,-0.6589728319256667,0.0,0.241988311858558,-0.1645114009902331,-1.3960855268088614,0.3380961637724818,0.4885077284888646,1.3171933011460917,-0.6791456840737199,1.3672489585237668,0,1,0,0.4563754694046836,Normal
1401,0.1178448495313057,1,1.5903794966033364,0,-1.010909342912418,1.0617867539482455,4,0.0,1.5737852411451574,1.1697805251007627,1,1.0878991692650386,0.3796721288811475,-0.9614863916702532,1,-0.6608531809232983,1,-0.7462104260142645,-1.2773910953567191,-1.0785044383346123,0,1,-1.1505541015749308,-0.4262300150429028,-0.6589728319256667,0.0,0.241988311858558,-0.5502079870438897,-0.6201892226844657,0.3380961637724818,-0.1646131090542286,-0.6154915796172451,-0.3687152874355457,-0.5952272282818631,0,1,0,0.4990076875575343,Normal
1402,1.979376322216091,2,-1.5208938026574104,0,2.073946453154289,1.0617867539482455,0,0.0,1.5754468688432224,0.2546249253678617,1,0.251388392651706,1.7855109940078144,2.6533089938931025,3,-0.6608531809232983,1,2.790496732087771,1.615925144853761,0.523315742874663,0,1,0.7626976284195812,-0.4262300150429028,-1.584178240646517,0.0,0.241988311858558,3.049626816123572,-2.171981830933257,0.3380961637724818,0.4885077284888646,1.3171933011460917,-0.3687152874355457,-0.0345197463373974,0,-1,1,0.5772081513907469,Anomaly
1403,-0.6486681098094882,2,1.173890321881579,1,-0.8875151110697495,-1.86842575225436,3,0.0,1.5771084965412874,1.1697805251007627,0,-0.3390898026047641,-2.432005601372186,-0.9614863916702532,2,1.153253590238697,0,-1.1418456755418096,0.4529489031603758,-0.6780493930322936,0,1,-1.1505541015749308,-0.4262300150429028,0.2662325767951835,0.0,2.5899937140505074,-1.3216011591512031,0.9316033855643254,0.3380961637724818,-0.9810141559830952,-1.1676872598353414,-0.6791456840737199,-1.1559347102263289,0,-1,1,0.5088401371156324,Anomaly
1404,0.2273467008657048,2,-1.694430958791476,2,0.7166099028849382,1.0617867539482455,2,0.0,1.578770124239352,-0.6605306743650393,1,0.5466274902799411,0.3796721288811475,1.7496101475022634,7,-1.5679065665042955,2,1.452943619426172,1.5157194578051347,-1.0785044383346123,0,0,-0.8772324258614291,-0.4262300150429028,-1.584178240646517,0.0,-0.9320143892374164,1.2497094145398413,0.1557070814399298,0.3380961637724818,2.1213098223465976,1.041095461037043,2.7355886789461965,1.6476026994959998,0,-1,1,0.534687175899647,Anomaly
1405,0.5558522548689022,0,-1.1589448770063595,1,1.7037637576262843,-0.8916882501868245,1,0.0,1.5804317519374171,1.1697805251007627,1,-1.4216331605749593,-1.0261667362455194,-0.0577875452794142,6,0.2462002046576992,2,-0.4612765540398079,0.069974853780983,-0.6780493930322936,0,0,-0.8772324258614291,-0.4262300150429028,1.1914379855160335,0.0,-0.9320143892374164,1.121143885855289,-0.6201892226844657,0.3380961637724818,2.1213098223465976,1.3171933011460917,0.2521455058408027,0.8065414765793012,0,1,0,0.497050743464812,Normal
1406,-0.6486681098094882,0,-0.2615098695701918,1,0.0996387436715968,0.0850492518807105,3,0.0,1.5854166350316117,0.2546249253678617,0,-1.2740136117608418,0.3796721288811475,0.8459113011114247,5,0.2462002046576992,1,0.9621179339220748,1.7636336681189877,0.523315742874663,0,0,1.3093409798465847,2.346151056253851,0.2662325767951835,0.0,0.241988311858558,0.2211851850634235,-0.6201892226844657,1.754054456494842,0.651787937874638,0.7649976209279952,0.5625759024789769,1.086895217551534,0,-1,1,0.5102214437201436,Anomaly
1407,1.869874470881692,2,-1.6002250740329833,1,0.0996387436715968,0.0850492518807105,3,0.0,1.587078262729677,0.2546249253678617,0,0.5466274902799411,0.3796721288811475,-0.0577875452794142,4,-1.5679065665042955,2,-0.4383288596526033,1.529773551360342,1.324225833479301,0,1,1.036019304133083,-0.4262300150429028,1.1914379855160335,0.0,-0.9320143892374164,-0.2930769296747854,0.1557070814399298,0.3380961637724818,-0.3278933184400019,-0.6154915796172451,-0.3687152874355457,-0.0345197463373974,0,1,0,0.4721011899204478,Normal
1408,-1.4151810691502822,2,-0.0780563045141796,1,-1.010909342912418,-0.8916882501868245,1,0.0,1.5887398904277417,-0.6605306743650393,1,-1.0279810304039791,-1.0261667362455194,-0.0577875452794142,0,0.2462002046576992,2,-0.4007201382957959,-0.0271389326854978,-0.6780493930322936,0,0,-0.8772324258614291,-0.4262300150429028,-0.6589728319256667,0.0,-0.9320143892374164,-0.9359045730975464,-0.6201892226844657,-1.0778621289498782,-0.4911735278257753,-0.339393739508197,-0.3687152874355457,-0.5952272282818631,0,1,0,0.45562947759189004,Normal
1409,-1.5246829204846812,2,-0.5738767506115098,1,0.3464272073569334,-0.8916882501868245,4,0.0,1.5904015181258064,1.1697805251007627,1,0.5958340065513135,0.3796721288811475,-0.9614863916702532,2,1.153253590238697,2,-0.8193030822105456,-0.0901012718128255,-0.6780493930322936,0,0,-0.6039107501479274,-0.4262300150429028,0.2662325767951835,0.0,-0.9320143892374164,-0.8073390444129942,2.4833959938131165,1.754054456494842,-0.3278933184400019,-0.6154915796172451,-0.3687152874355457,-0.0345197463373974,0,1,0,0.46345925347915035,Normal
1410,0.3368485522001039,1,-0.273905380722625,1,0.2230329755142651,0.0850492518807105,5,0.0,1.5953864012200012,1.1697805251007627,0,0.349801425194451,0.3796721288811475,-0.0577875452794142,2,0.2462002046576992,1,-0.0382315584386572,1.7618066359568103,-0.6780493930322936,0,0,-1.1505541015749308,-0.4262300150429028,-1.584178240646517,0.0,0.241988311858558,-0.1645114009902331,-0.6201892226844657,1.754054456494842,0.4885077284888646,1.3171933011460917,2.114727885669848,-0.0345197463373974,0,1,0,0.4918281757509643,Normal
1411,0.3368485522001039,2,-0.8887227338833145,2,-0.8875151110697495,-0.8916882501868245,2,0.0,1.5970480289180662,-0.6605306743650393,0,1.2847252343505289,0.3796721288811475,-0.0577875452794142,7,-0.6608531809232983,1,-0.1754927674584178,-1.4131536391000197,0.1228606975723441,0,0,-0.3305890744344257,-0.4262300150429028,0.2662325767951835,0.0,0.241988311858558,0.4783162424325279,0.9316033855643254,0.3380961637724818,0.651787937874638,1.041095461037043,0.8730062991171511,1.6476026994959998,0,1,0,0.46734741125251716,Normal
1412,-1.3056792178158831,2,-1.2234015349990124,0,-0.8875151110697495,0.0850492518807105,0,0.0,1.598709656616131,0.2546249253678617,0,0.7926600716368035,0.3796721288811475,-0.9614863916702532,1,-0.6608531809232983,1,-0.9170432620078984,0.7507551455952137,0.523315742874663,0,0,-0.3305890744344257,-0.4262300150429028,0.2662325767951835,0.0,-0.9320143892374164,-0.678773515728442,0.1557070814399298,0.3380961637724818,-0.8177339465973219,-1.1676872598353414,-0.3687152874355457,-0.5952272282818631,0,1,0,0.47971341721110666,Normal
1413,-0.7581699611438873,2,0.2690180077539514,1,-1.010909342912418,-0.8916882501868245,3,0.0,1.6020329120122607,1.1697805251007627,1,0.4974209740085685,0.3796721288811475,-0.9614863916702532,2,-0.6608531809232983,1,-0.5853640866520992,-1.4385915484349443,-0.6780493930322936,0,0,-0.6039107501479274,-0.4262300150429028,0.2662325767951835,0.0,-0.9320143892374164,0.0926196563788712,2.4833959938131165,-1.0778621289498782,0.8150681472604113,1.041095461037043,-0.3687152874355457,0.8065414765793012,0,1,0,0.45297579235164886,Normal
1414,-1.3056792178158831,2,0.4326387549660704,1,-0.8875151110697495,-1.86842575225436,4,0.0,1.6070177951064557,1.1697805251007627,1,-0.4375028351475091,0.3796721288811475,-0.9614863916702532,2,0.2462002046576992,0,-0.5367064754051563,-0.9859091950217244,1.324225833479301,0,1,1.036019304133083,-0.4262300150429028,0.2662325767951835,0.0,0.241988311858558,-0.5502079870438897,-0.6201892226844657,-1.0778621289498782,-0.8177339465973219,-0.6154915796172451,-0.6791456840737199,-0.5952272282818631,0,1,0,0.47001184026888987,Normal
1415,1.103361511540898,2,0.9358965077548606,1,1.950552221311621,0.0850492518807105,3,0.0,1.6086794228045205,-1.5756862740979405,1,0.8910731041795485,0.3796721288811475,0.8459113011114247,0,0.2462002046576992,2,0.4525941270654401,-0.1727393419174431,-0.2775943477299747,0,0,2.1293060069870897,2.346151056253851,-0.6589728319256667,0.0,-0.9320143892374164,1.76397152927805,0.1557070814399298,0.3380961637724818,1.6314691941892778,2.6976825016913315,3.0460190755843706,1.9279564404682328,0,-1,1,0.5626086104807213,Anomaly
1416,-0.42966440714069,0,1.2656171044095852,1,-1.010909342912418,-0.8916882501868245,3,0.0,1.6103410505025852,-0.6605306743650393,1,-0.3390898026047641,-1.0261667362455194,-0.9614863916702532,2,0.2462002046576992,0,-0.9550769406681726,0.8609392390680372,-0.6780493930322936,0,0,-0.8772324258614291,-0.4262300150429028,0.2662325767951835,0.0,2.5899937140505074,-1.3216011591512031,-0.6201892226844657,-1.0778621289498782,-0.9810141559830952,-0.8915894197262932,-0.6791456840737199,-1.1559347102263289,0,1,0,0.4963943948262615,Normal
1417,0.1178448495313057,2,1.2854499222534783,2,-1.010909342912418,1.0617867539482455,1,0.0,1.6120026782006502,1.1697805251007627,1,0.9894861367222936,0.3796721288811475,-0.0577875452794142,7,-0.6608531809232983,1,-0.4383288596526033,-0.9384063588051246,-1.0785044383346123,0,0,-0.0572673987209239,-0.4262300150429028,-1.584178240646517,0.0,1.4159910129545328,0.6068817711170802,0.1557070814399298,0.3380961637724818,1.304908775417731,2.421584661582284,0.8730062991171511,1.086895217551534,0,1,0,0.4743222500443887,Normal
1418,-0.6486681098094882,2,0.8714398497622077,2,-0.8875151110697495,-0.8916882501868245,1,0.0,1.613664305898715,-1.5756862740979405,1,-0.5851223839616266,0.3796721288811475,-0.9614863916702532,8,0.2462002046576992,1,-0.7300620484825279,-1.1130987416963485,-1.0785044383346123,0,0,1.036019304133083,-0.4262300150429028,0.2662325767951835,0.0,0.241988311858558,-1.0644701017820986,-1.3960855268088614,0.3380961637724818,-0.8177339465973219,-0.6154915796172451,-0.3687152874355457,-0.5952272282818631,0,1,0,0.4518803975457119,Normal
1419,0.1178448495313057,1,-0.7300601911321688,1,-0.3939381836990763,1.0617867539482455,1,0.0,1.61532593359678,-1.5756862740979405,1,0.3005949089230785,-1.0261667362455194,-0.0577875452794142,4,0.2462002046576992,1,-0.2511351674754995,-0.0040902192549582,-0.2775943477299747,0,0,-1.1505541015749308,-0.4262300150429028,1.1914379855160335,0.0,0.241988311858558,-0.1645114009902331,-1.3960855268088614,0.3380961637724818,0.161947309717318,-0.339393739508197,1.4938670923934996,0.8065414765793012,0,1,0,0.452781716781448,Normal
1420,0.5558522548689022,2,-0.608584181838323,1,1.0867925984129432,1.0617867539482455,1,0.0,1.6169875612948448,1.1697805251007627,1,-1.5200461931177045,0.3796721288811475,-0.0577875452794142,6,-1.5679065665042955,0,-0.2322245674712291,-0.4390644147886172,1.324225833479301,0,1,0.4893759527060795,-0.4262300150429028,0.2662325767951835,0.0,0.241988311858558,-0.2930769296747854,0.1557070814399298,-1.0778621289498782,-0.4911735278257753,-0.339393739508197,-0.3687152874355457,-0.5952272282818631,0,1,0,0.4698471805635121,Normal
1421,0.4463504035345031,2,-0.3978604922469576,1,-1.010909342912418,0.0850492518807105,1,0.0,1.6186491889929098,1.1697805251007627,1,0.4974209740085685,0.3796721288811475,-0.9614863916702532,6,1.153253590238697,1,-0.7906184642265399,0.997685569360202,0.1228606975723441,0,0,1.855984331273588,2.346151056253851,-1.584178240646517,0.0,0.241988311858558,0.0926196563788712,0.1557070814399298,0.3380961637724818,-0.3278933184400019,-0.339393739508197,-0.3687152874355457,-1.1559347102263289,0,1,0,0.4649597585478218,Normal
1422,1.103361511540898,0,0.8912726676061008,1,-1.010909342912418,-1.86842575225436,3,0.0,1.6203108166909748,0.2546249253678617,0,1.5799643319787635,0.3796721288811475,0.8459113011114247,5,-0.6608531809232983,1,1.1588731654271804,0.4100839178169942,-1.0785044383346123,0,0,0.7626976284195812,-0.4262300150429028,-1.584178240646517,0.0,1.4159910129545328,0.3497507137479757,0.1557070814399298,-2.4938204216722384,0.9783483566461848,1.041095461037043,0.8730062991171511,2.2083101814404653,0,-1,1,0.5390499191239272,Anomaly
1423,-0.2106607044718917,2,1.7044181992057224,1,0.2230329755142651,1.0617867539482455,3,0.0,1.6252956997851693,1.1697805251007627,1,-1.1263940629467242,0.3796721288811475,-0.9614863916702532,2,0.2462002046576992,1,-0.8165408597380117,0.8318472654087585,1.7246808787816197,0,1,-1.1505541015749308,-0.4262300150429028,0.2662325767951835,0.0,0.241988311858558,-0.8073390444129942,0.1557070814399298,0.3380961637724818,-0.8177339465973219,-0.6154915796172451,-0.0582848907973714,-0.5952272282818631,0,1,0,0.4629588847470435,Normal
1424,-1.6341847718190805,2,-0.5490857283066433,1,-1.010909342912418,-0.8916882501868245,1,0.0,1.631942210577429,1.1697805251007627,1,-0.142263737519274,0.3796721288811475,-0.9614863916702532,6,0.2462002046576992,2,-0.6646186237486482,0.465316505488958,-1.0785044383346123,0,0,-0.8772324258614291,-0.4262300150429028,1.1914379855160335,0.0,-0.9320143892374164,-0.9359045730975464,-0.6201892226844657,1.754054456494842,-0.6544537372115486,-0.6154915796172451,-0.3687152874355457,-0.5952272282818631,0,1,0,0.443056335304643,Normal
1425,-0.2106607044718917,2,1.4689034873094906,1,-0.0237554881710714,1.0617867539482455,3,0.0,1.6336038382754938,-0.6605306743650393,1,-0.8803614815898617,0.3796721288811475,-0.0577875452794142,6,0.2462002046576992,2,-0.2985179068120422,0.6162574702718819,-0.6780493930322936,0,0,1.036019304133083,-0.4262300150429028,-0.6589728319256667,0.0,-0.9320143892374164,-0.1645114009902331,1.707499689688721,0.3380961637724818,0.4885077284888646,0.7649976209279952,-0.6791456840737199,1.086895217551534,0,1,0,0.4475384381598019,Normal
1426,-0.42966440714069,2,-0.7474139067455754,1,0.7166099028849382,-0.8916882501868245,3,0.0,1.6352654659735588,-0.6605306743650393,0,1.432344783164646,0.3796721288811475,-0.0577875452794142,0,1.153253590238697,1,-0.3452632101933848,1.031555934828251,-1.0785044383346123,0,1,-0.6039107501479274,-0.4262300150429028,-1.584178240646517,0.0,0.241988311858558,-0.1645114009902331,2.4833959938131165,0.3380961637724818,0.3252275191030913,0.7649976209279952,1.8042974890316736,-0.8755809692540959,0,-1,1,0.5087187099068262,Anomaly
1427,-0.5391662584750891,2,-1.3275238286794515,1,2.4441291486822943,1.0617867539482455,1,0.0,1.6369270936716236,0.2546249253678617,0,-0.8311549653184892,-1.0261667362455194,-0.9614863916702532,2,-0.6608531809232983,2,-0.7789321383812043,0.2256942103726774,-0.6780493930322936,0,0,-0.6039107501479274,-0.4262300150429028,0.2662325767951835,0.0,-0.9320143892374164,-0.678773515728442,0.1557070814399298,0.3380961637724818,-0.1646131090542286,-0.6154915796172451,0.5625759024789769,-0.8755809692540959,0,1,0,0.46174561548857873,Normal
1428,0.3368485522001039,2,-0.643291613065136,1,-1.010909342912418,1.0617867539482455,1,0.0,1.6402503490677534,-1.5756862740979405,1,0.841866587908176,0.3796721288811475,-0.9614863916702532,2,1.153253590238697,1,-0.8705104372782891,-1.4409807443393294,2.1251359240839385,0,0,1.036019304133083,-0.4262300150429028,0.2662325767951835,0.0,1.4159910129545328,-0.4216424583593375,0.1557070814399298,-1.0778621289498782,-0.9810141559830952,-1.1676872598353414,-0.6791456840737199,-1.1559347102263289,0,1,0,0.4725860786788886,Normal
1429,-0.5391662584750891,2,-1.409334202285511,2,-1.010909342912418,1.0617867539482455,3,0.0,1.6419119767658183,-0.6605306743650393,1,0.1037688438375884,-1.0261667362455194,-0.9614863916702532,8,-0.6608531809232983,1,-0.8996200125657616,0.5215328797097863,-1.0785044383346123,0,0,-0.3305890744344257,-0.4262300150429028,-0.6589728319256667,0.0,0.241988311858558,-1.0644701017820986,-0.6201892226844657,0.3380961637724818,-0.8177339465973219,-0.6154915796172451,-0.0582848907973714,-0.5952272282818631,0,1,0,0.4601042408526438,Normal
1430,0.2273467008657048,2,-1.701868265482936,1,1.827157989468953,-1.86842575225436,1,0.0,1.6435736044638831,-1.5756862740979405,1,-0.6835354165043717,0.3796721288811475,-0.0577875452794142,6,1.153253590238697,2,-0.508871772028084,-1.261088346832679,1.7246808787816197,0,0,-0.6039107501479274,-0.4262300150429028,-1.584178240646517,0.0,-0.9320143892374164,0.8640128284861845,-0.6201892226844657,0.3380961637724818,-0.0013328996684553,0.7649976209279952,-0.3687152874355457,0.8065414765793012,0,1,0,0.4877712884080447,Normal
1431,0.1178448495313057,2,-1.491144575891571,1,0.0996387436715968,0.0850492518807105,3,0.0,1.645235232161948,-0.6605306743650393,0,1.629170848250136,-2.432005601372186,0.8459113011114247,5,0.2462002046576992,1,1.4242590014421663,-1.5371107442569458,0.1228606975723441,0,0,-0.8772324258614291,-0.4262300150429028,-1.584178240646517,0.0,0.241988311858558,1.121143885855289,0.1557070814399298,0.3380961637724818,1.794749403575051,3.249878181909428,-0.3687152874355457,1.9279564404682328,0,-1,1,0.5086149850184815,Anomaly
1432,-0.5391662584750891,2,-0.0036832375995801,2,-1.010909342912418,1.0617867539482455,2,0.0,1.646896859860013,0.2546249253678617,0,-0.8803614815898617,0.3796721288811475,0.8459113011114247,7,1.153253590238697,1,0.8327184350164489,1.3659028205066273,-0.6780493930322936,0,0,1.036019304133083,-0.4262300150429028,0.2662325767951835,0.0,1.4159910129545328,0.3497507137479757,0.1557070814399298,0.3380961637724818,1.141628566031958,1.5932911412551394,0.8730062991171511,0.8065414765793012,0,1,0,0.4623444260033967,Normal
1433,0.0083429981969065,2,-1.5903086651110367,1,0.0996387436715968,0.0850492518807105,1,0.0,1.648558487558078,0.2546249253678617,0,-1.1756005792180968,1.7855109940078144,0.8459113011114247,5,1.153253590238697,1,1.5385725160747223,0.1627318712453497,-0.6780493930322936,0,1,2.675949358414093,2.346151056253851,-1.584178240646517,0.0,0.241988311858558,0.6068817711170802,-0.6201892226844657,0.3380961637724818,1.4681889848035046,1.8693889813641875,1.1834366957553253,1.086895217551534,0,-1,1,0.5404729362209374,Anomaly
1434,-1.3056792178158831,2,1.436675158313164,2,-0.1471497200137397,-0.8916882501868245,4,0.0,1.6502201152561429,-1.5756862740979405,0,0.9402796204509212,0.3796721288811475,-0.0577875452794142,7,0.2462002046576992,0,-0.339101329293117,-0.0884147805862007,-1.0785044383346123,0,1,1.855984331273588,2.346151056253851,-0.6589728319256667,0.0,0.241988311858558,-0.678773515728442,0.1557070814399298,-1.0778621289498782,-0.3278933184400019,-0.339393739508197,-0.6791456840737199,-0.0345197463373974,0,-1,1,0.5225182973411441,Anomaly
1435,1.6508707682128936,0,-0.5391693193846967,2,2.4441291486822943,1.0617867539482455,1,0.0,1.6518817429542076,-1.5756862740979405,1,-1.2740136117608418,0.3796721288811475,-0.9614863916702532,8,1.153253590238697,0,-0.6418834080131771,0.7694470900236391,-0.2775943477299747,0,0,-0.0572673987209239,-0.4262300150429028,-0.6589728319256667,0.0,1.4159910129545328,0.6068817711170802,0.1557070814399298,-1.0778621289498782,0.3252275191030913,1.041095461037043,-0.6791456840737199,-1.1559347102263289,0,-1,1,0.5297840786675933,Anomaly
1436,0.7748559575377005,2,0.5813848887952695,1,-1.010909342912418,0.0850492518807105,3,0.0,1.6535433706522726,-0.6605306743650393,1,-1.1756005792180968,0.3796721288811475,-0.9614863916702532,6,1.153253590238697,2,-0.8641360777262879,-0.1252365057008432,1.324225833479301,0,1,-0.8772324258614291,-0.4262300150429028,0.2662325767951835,0.0,-0.9320143892374164,-0.678773515728442,-0.6201892226844657,0.3380961637724818,-0.4911735278257753,-0.339393739508197,-0.3687152874355457,-0.5952272282818631,0,1,0,0.456437903297964,Normal
1437,-1.7436866231534796,2,-0.7474139067455754,2,-0.5173324155417446,-1.86842575225436,3,0.0,1.6552049983503376,0.2546249253678617,1,-0.3882963188761366,0.3796721288811475,-0.9614863916702532,8,-1.5679065665042955,2,-0.8760348822233569,1.5692655542504736,-0.6780493930322936,0,1,-1.1505541015749308,-0.4262300150429028,1.1914379855160335,0.0,-0.9320143892374164,-1.193035630466651,2.4833959938131165,0.3380961637724818,-0.8177339465973219,-0.6154915796172451,-0.3687152874355457,-0.5952272282818631,0,-1,1,0.5004463440650838,Anomaly
1438,0.2273467008657048,0,-1.729138390018289,1,-0.0237554881710714,0.0850492518807105,1,0.0,1.6568666260484024,1.1697805251007627,1,1.038692652993666,0.3796721288811475,2.6533089938931025,3,1.153253590238697,2,2.746938608482429,0.1389804531370497,-0.2775943477299747,0,0,-0.6039107501479274,-0.4262300150429028,0.2662325767951835,0.0,-0.9320143892374164,1.2497094145398413,0.1557070814399298,-1.0778621289498782,-0.1646131090542286,-1.1676872598353414,-0.3687152874355457,-0.3148734873096303,0,-1,1,0.5238236463509309,Anomaly
1439,-1.5246829204846812,1,-0.4077769011689042,2,-0.0237554881710714,0.0850492518807105,2,0.0,1.6585282537464674,1.1697805251007627,1,-1.6184592256604493,0.3796721288811475,-0.9614863916702532,8,-1.5679065665042955,1,-1.0013972867460486,1.776844516060882,-0.6780493930322936,0,0,1.036019304133083,-0.4262300150429028,-1.584178240646517,0.0,0.241988311858558,-1.3216011591512031,0.1557070814399298,-1.0778621289498782,-0.9810141559830952,-1.1676872598353414,-0.3687152874355457,-1.1559347102263289,1,-1,1,0.5057319289629891,Anomaly
1440,-0.1011588531374925,2,-0.608584181838323,2,-0.7641208792270812,0.0850492518807105,3,0.0,1.6601898814445322,-1.5756862740979405,0,1.3831382668932737,-1.0261667362455194,0.8459113011114247,7,1.153253590238697,1,0.2424527405011318,-0.2274097658471986,-1.0785044383346123,0,0,1.036019304133083,-0.4262300150429028,0.2662325767951835,0.0,1.4159910129545328,-0.1645114009902331,-0.6201892226844657,0.3380961637724818,0.3252275191030913,0.7649976209279952,0.2521455058408027,-0.0345197463373974,0,1,0,0.46730183922820917,Normal
1441,-0.1011588531374925,1,-0.2838217896445716,1,-0.6407266473844129,-0.8916882501868245,1,0.0,1.6618515091425972,1.1697805251007627,0,1.5307578157073911,0.3796721288811475,-0.0577875452794142,4,-0.6608531809232983,0,-0.2915061113048409,-0.7197246630861025,1.7246808787816197,0,0,-0.6039107501479274,-0.4262300150429028,-0.6589728319256667,0.0,2.5899937140505074,0.8640128284861845,0.1557070814399298,0.3380961637724818,-0.4911735278257753,-0.6154915796172451,-0.6791456840737199,-0.5952272282818631,0,1,0,0.47162731388850393,Normal
1442,2.08887817355049,0,-0.3358829364847913,1,-1.010909342912418,1.0617867539482455,1,0.0,1.663513136840662,0.2546249253678617,1,-0.4375028351475091,0.3796721288811475,-0.0577875452794142,0,0.2462002046576992,0,-0.0418436955181246,1.6756550424633911,-0.6780493930322936,0,0,1.5826626555600865,2.346151056253851,-1.584178240646517,0.0,0.241988311858558,0.2211851850634235,-0.6201892226844657,-1.0778621289498782,0.9783483566461848,2.145486821473236,-0.3687152874355457,1.3672489585237668,0,-1,1,0.528190211131728,Anomaly
1443,-0.8676718124782865,2,0.7177355114720353,1,-1.010909342912418,1.0617867539482455,3,0.0,1.665174764538727,-1.5756862740979405,1,-1.4708396768463317,0.3796721288811475,-0.9614863916702532,6,1.153253590238697,1,-0.364598767501122,1.6599144576815592,2.5255909693862573,0,1,-0.3305890744344257,-0.4262300150429028,-0.6589728319256667,0.0,2.5899937140505074,-0.9359045730975464,0.1557070814399298,1.754054456494842,-0.8177339465973219,-0.6154915796172451,-0.0582848907973714,-0.5952272282818631,1,-1,1,0.5336616188477977,Anomaly
1444,0.5558522548689022,2,-1.2457134550733922,1,-0.8875151110697495,0.0850492518807105,1,0.0,1.6718212753309865,-1.5756862740979405,1,-0.4867093514188816,0.3796721288811475,2.6533089938931025,3,0.2462002046576992,1,2.629862871377339,0.4214677335967119,0.9237707881769818,0,0,-1.1505541015749308,-0.4262300150429028,-1.584178240646517,0.0,-0.9320143892374164,1.6354060005934978,-0.6201892226844657,-1.0778621289498782,2.447870241118145,0.4888997808189471,0.5625759024789769,2.7690176633849317,0,-1,1,0.5147975706986578,Anomaly
1445,2.08887817355049,2,-1.2209224327685255,1,-0.270543951856408,-0.8916882501868245,5,0.0,1.6734829030290514,1.1697805251007627,1,0.3005949089230785,0.3796721288811475,-0.9614863916702532,2,0.2462002046576992,1,-0.8847465069444252,-1.4963538729468453,2.1251359240839385,0,0,-1.1505541015749308,-0.4262300150429028,1.1914379855160335,0.0,0.241988311858558,0.3497507137479757,0.9316033855643254,-2.4938204216722384,0.4885077284888646,1.3171933011460917,2.114727885669848,1.086895217551534,1,-1,1,0.5498055776545775,Anomaly
1446,0.4463504035345031,2,-0.5466066260761566,1,2.320734916839626,1.0617867539482455,1,0.0,1.6768061584251812,-1.5756862740979405,0,-0.2898832863333916,-1.0261667362455194,1.7496101475022634,4,-0.6608531809232983,1,1.501601230673115,-1.2189260661670578,-1.0785044383346123,0,0,2.1293060069870897,2.346151056253851,0.2662325767951835,0.0,0.241988311858558,1.2497094145398413,0.1557070814399298,0.3380961637724818,2.1213098223465976,0.7649976209279952,-0.6791456840737199,1.6476026994959998,0,-1,1,0.5308694752286913,Anomaly
1447,-0.3201625558062908,2,-0.2441561539567852,2,2.320734916839626,0.0850492518807105,2,0.0,1.6784677861232462,1.1697805251007627,0,1.432344783164646,-1.0261667362455194,-0.0577875452794142,7,0.2462002046576992,1,0.0444226370856258,-0.7498004232942456,-0.6780493930322936,0,0,1.5826626555600865,2.346151056253851,1.1914379855160335,0.0,1.4159910129545328,-0.4216424583593375,-0.6201892226844657,0.3380961637724818,0.161947309717318,0.7649976209279952,-0.3687152874355457,0.8065414765793012,0,-1,1,0.506396535555592,Anomaly
1448,-0.1011588531374925,0,-1.2432343528429055,2,0.7166099028849382,1.0617867539482455,2,0.0,1.680129413821311,1.1697805251007627,1,1.0878991692650386,-2.432005601372186,-0.0577875452794142,7,1.153253590238697,0,-0.2330744820781626,-0.5448917392593264,-0.6780493930322936,0,0,2.4026276827005915,2.346151056253851,-1.584178240646517,0.0,0.241988311858558,0.4783162424325279,0.9316033855643254,-1.0778621289498782,1.304908775417731,2.145486821473236,2.7355886789461965,1.9279564404682328,0,-1,1,0.5787115688802678,Anomaly
1449,0.4463504035345031,2,0.3161209501331978,2,-0.7641208792270812,0.0850492518807105,1,0.0,1.681791041519376,0.2546249253678617,1,-0.4375028351475091,-1.0261667362455194,-0.0577875452794142,7,-0.6608531809232983,0,0.5174001158441197,-0.2931829236855677,-0.2775943477299747,0,0,-1.1505541015749308,-0.4262300150429028,0.2662325767951835,0.0,0.241988311858558,0.3497507137479757,1.707499689688721,0.3380961637724818,-0.3278933184400019,-0.063295899399149,-0.6791456840737199,-0.0345197463373974,0,1,0,0.4446509449595593,Normal
1450,-0.5391662584750891,2,-0.6779990442919491,1,-0.8875151110697495,0.0850492518807105,5,0.0,1.6834526692174407,1.1697805251007627,1,0.5958340065513135,0.3796721288811475,-0.9614863916702532,6,-1.5679065665042955,2,-0.8634986417710877,-0.4251508621689622,-0.6780493930322936,0,0,-0.3305890744344257,-0.4262300150429028,1.1914379855160335,0.0,-0.9320143892374164,-0.9359045730975464,0.9316033855643254,0.3380961637724818,-0.4911735278257753,-0.6154915796172451,-0.3687152874355457,-0.5952272282818631,0,1,0,0.4471154953903165,Normal
1451,-0.2106607044718917,2,0.8516070319183144,0,2.073946453154289,1.0617867539482455,1,0.0,1.6867759246135705,0.2546249253678617,0,-1.7168722582031943,0.3796721288811475,0.8459113011114247,1,1.153253590238697,2,0.4959397720190487,0.3273053067768245,-0.6780493930322936,0,1,0.2160542769925777,-0.4262300150429028,0.2662325767951835,0.0,-0.9320143892374164,-0.2930769296747854,-0.6201892226844657,0.3380961637724818,0.3252275191030913,-1.1676872598353414,-0.3687152874355457,0.8065414765793012,0,1,0,0.49126709888173137,Normal
1452,0.1178448495313057,2,-1.1341538547014929,2,0.0996387436715968,-0.8916882501868245,1,0.0,1.6884375523116355,-1.5756862740979405,0,1.6783773645215088,0.3796721288811475,-0.0577875452794142,7,1.153253590238697,1,-0.2464606371373652,-1.1708610662082497,-0.6780493930322936,0,0,-1.1505541015749308,-0.4262300150429028,0.2662325767951835,0.0,0.241988311858558,-0.1645114009902331,-1.3960855268088614,0.3380961637724818,0.4885077284888646,0.7649976209279952,-0.3687152874355457,1.3672489585237668,0,1,0,0.4671611781403814,Normal
1453,1.4318670655440953,1,0.187207634147892,2,-1.010909342912418,1.0617867539482455,1,0.0,1.6934224354058305,-0.6605306743650393,1,1.3831382668932737,0.3796721288811475,-0.0577875452794142,7,0.2462002046576992,0,0.0478222955133598,-0.0081659063859683,1.7246808787816197,0,0,-0.8772324258614291,-0.4262300150429028,1.1914379855160335,0.0,1.4159910129545328,0.0926196563788712,0.1557070814399298,0.3380961637724818,-0.1646131090542286,-0.339393739508197,-0.6791456840737199,-0.8755809692540959,1,-1,1,0.5114007013078131,Anomaly
1454,-0.1011588531374925,2,0.7871503739256616,2,0.2230329755142651,1.0617867539482455,2,0.0,1.695084063103895,-0.6605306743650393,0,1.6783773645215088,-1.0261667362455194,-0.0577875452794142,7,1.153253590238697,1,0.0316739179816232,0.0078557602669677,0.523315742874663,0,0,-0.6039107501479274,-0.4262300150429028,-1.584178240646517,0.0,0.241988311858558,-0.4216424583593375,-0.6201892226844657,-1.0778621289498782,-0.1646131090542286,-0.339393739508197,-0.6791456840737199,-1.1559347102263289,0,1,0,0.4621214044221257,Normal
1455,0.8843578088720997,2,-1.06225989001738,2,1.3335810620982798,0.0850492518807105,1,0.0,1.69674569080196,1.1697805251007627,0,-0.7819484490471167,0.3796721288811475,-0.0577875452794142,7,0.2462002046576992,2,-0.3512126124419193,1.2676647065557298,2.1251359240839385,0,0,-0.0572673987209239,-0.4262300150429028,0.2662325767951835,0.0,-0.9320143892374164,-0.4216424583593375,0.1557070814399298,0.3380961637724818,-0.3278933184400019,-0.339393739508197,-0.6791456840737199,-0.8755809692540959,0,1,0,0.46180914105604337,Normal
1456,0.3368485522001039,2,1.287929024483965,1,-0.8875151110697495,1.0617867539482455,1,0.0,1.7000689461980898,0.2546249253678617,1,-0.6835354165043717,-1.0261667362455194,-0.9614863916702532,6,0.2462002046576992,2,-0.7848815406297388,-1.628602893301344,-0.2775943477299747,0,0,-0.3305890744344257,-0.4262300150429028,1.1914379855160335,0.0,-0.9320143892374164,-0.4216424583593375,-0.6201892226844657,0.3380961637724818,-0.8177339465973219,-0.6154915796172451,-0.0582848907973714,-0.5952272282818631,0,1,0,0.4404099604286022,Normal
1457,-0.2106607044718917,1,0.982999450134107,1,1.0867925984129432,1.0617867539482455,1,0.0,1.7017305738961548,0.2546249253678617,1,0.6942470390940585,0.3796721288811475,-0.0577875452794142,0,0.2462002046576992,1,-0.1729430236376173,1.444886826286891,-0.6780493930322936,0,1,-0.3305890744344257,-0.4262300150429028,1.1914379855160335,0.0,1.4159910129545328,-0.1645114009902331,-0.6201892226844657,1.754054456494842,0.4885077284888646,-0.6154915796172451,-0.6791456840737199,-0.5952272282818631,0,1,0,0.47219237370941447,Normal
1458,0.3368485522001039,2,0.9706039389816736,1,-0.8875151110697495,1.0617867539482455,3,0.0,1.7050538292922846,0.2546249253678617,0,1.5799643319787635,0.3796721288811475,-0.9614863916702532,6,0.2462002046576992,1,-0.9565642912303062,-0.247928742437801,-0.2775943477299747,0,0,-0.3305890744344257,-0.4262300150429028,-0.6589728319256667,0.0,2.5899937140505074,1.121143885855289,-0.6201892226844657,0.3380961637724818,-0.3278933184400019,-0.339393739508197,-0.6791456840737199,-0.5952272282818631,0,1,0,0.45415869081678706,Normal
1459,-0.2106607044718917,2,-1.2779417840697187,1,-1.010909342912418,1.0617867539482455,1,0.0,1.706715456990349,0.2546249253678617,0,-0.1914702537906465,-2.432005601372186,-0.9614863916702532,6,1.153253590238697,1,-0.7491851271385317,-0.7534544876185995,-0.6780493930322936,0,0,-0.8772324258614291,-0.4262300150429028,1.1914379855160335,0.0,0.241988311858558,-0.9359045730975464,1.707499689688721,0.3380961637724818,-0.4911735278257753,-0.339393739508197,-0.3687152874355457,-0.8755809692540959,0,1,0,0.46154447345776745,Normal
1460,-0.8676718124782865,2,1.4267587493912175,1,0.4698214391996017,-0.8916882501868245,4,0.0,1.7083770846884143,1.1697805251007627,1,-0.9787745141326066,-1.0261667362455194,-0.0577875452794142,2,-0.6608531809232983,1,-0.5265075001219541,1.3162918702567463,0.523315742874663,0,1,-0.6039107501479274,-0.4262300150429028,-1.584178240646517,0.0,0.241988311858558,-0.1645114009902331,-0.6201892226844657,0.3380961637724818,-0.4911735278257753,-0.339393739508197,-0.6791456840737199,-0.3148734873096303,0,1,0,0.4620962422393432,Normal
1461,-0.8676718124782865,2,-0.8292242803516349,1,2.320734916839626,1.0617867539482455,3,0.0,1.710038712386479,1.1697805251007627,0,0.349801425194451,-1.0261667362455194,-0.9614863916702532,6,-1.5679065665042955,2,-0.5775023765379643,-0.8185249407792082,-0.6780493930322936,0,0,-0.3305890744344257,-0.4262300150429028,-0.6589728319256667,0.0,-0.9320143892374164,-0.8073390444129942,0.1557070814399298,-2.4938204216722384,-0.3278933184400019,-0.063295899399149,-0.6791456840737199,-0.0345197463373974,0,1,0,0.47764652563386434,Normal
1462,1.4318670655440953,2,-0.9730122097198606,2,2.320734916839626,0.0850492518807105,2,0.0,1.711700340084544,1.1697805251007627,1,-1.3232201280322142,-1.0261667362455194,0.8459113011114247,7,-1.5679065665042955,0,0.9245092125652672,0.3194350143859086,0.523315742874663,0,1,-0.6039107501479274,-0.4262300150429028,-0.6589728319256667,0.0,0.241988311858558,1.121143885855289,0.1557070814399298,0.3380961637724818,-0.6544537372115486,-0.6154915796172451,-0.0582848907973714,-1.1559347102263289,1,-1,1,0.5324498724548571,Anomaly
1463,0.2273467008657048,2,-0.1995323138080255,2,1.827157989468953,-1.86842575225436,2,0.0,1.713361967782609,-0.6605306743650393,0,-0.2898832863333916,-1.0261667362455194,1.7496101475022634,7,1.153253590238697,1,1.17459658565545,-0.7708815636270562,-1.0785044383346123,0,0,-1.1505541015749308,-0.4262300150429028,-1.584178240646517,0.0,0.241988311858558,1.2497094145398413,-0.6201892226844657,-1.0778621289498782,2.1213098223465976,1.3171933011460917,2.114727885669848,0.5261877356070683,0,-1,1,0.5116282935225004,Anomaly
1464,-0.6486681098094882,0,-1.183735899311226,1,-0.5173324155417446,0.0850492518807105,3,0.0,1.7150235954806738,-0.6605306743650393,1,0.3990079414658235,0.3796721288811475,-0.0577875452794142,4,-1.5679065665042955,2,0.7294538102740284,-1.4793484197450448,-1.0785044383346123,0,0,1.036019304133083,-0.4262300150429028,-0.6589728319256667,0.0,-0.9320143892374164,-0.1645114009902331,-0.6201892226844657,0.3380961637724818,0.3252275191030913,-0.063295899399149,-0.3687152874355457,0.8065414765793012,0,1,0,0.47359434608516093,Normal
1465,-1.196177366481484,2,0.903668178758534,2,-0.5173324155417446,0.0850492518807105,4,0.0,1.7200084785748686,1.1697805251007627,0,-1.7660787744745667,-1.0261667362455194,-0.9614863916702532,8,0.2462002046576992,2,-0.7515223923075989,0.9929071775514317,-1.0785044383346123,0,0,0.7626976284195812,-0.4262300150429028,1.1914379855160335,0.0,-0.9320143892374164,-0.8073390444129942,-0.6201892226844657,0.3380961637724818,-0.4911735278257753,-0.6154915796172451,-0.6791456840737199,-1.1559347102263289,0,1,0,0.4797704366079357,Normal
1466,-0.1011588531374925,1,0.2020822475308119,1,1.7037637576262843,-0.8916882501868245,3,0.0,1.7216701062729334,0.2546249253678617,1,-1.2248070954894692,1.7855109940078144,-0.0577875452794142,2,1.153253590238697,1,-0.8354514597422822,-0.2843288447457873,0.523315742874663,0,0,0.4893759527060795,-0.4262300150429028,0.2662325767951835,0.0,0.241988311858558,0.7354472998016324,0.1557070814399298,0.3380961637724818,-0.3278933184400019,-0.6154915796172451,-0.6791456840737199,-0.3148734873096303,0,1,0,0.45493882225982213,Normal
1467,0.2273467008657048,2,-0.4697544569310705,1,-0.3939381836990763,-1.86842575225436,3,0.0,1.7233317339709984,1.1697805251007627,1,-1.1756005792180968,-1.0261667362455194,0.8459113011114247,0,-1.5679065665042955,1,0.7411401361193641,1.0040099114600451,0.523315742874663,0,0,-0.0572673987209239,-0.4262300150429028,-1.584178240646517,0.0,0.241988311858558,-0.2930769296747854,1.707499689688721,0.3380961637724818,-0.0013328996684553,0.7649976209279952,-0.3687152874355457,0.8065414765793012,0,1,0,0.4704718435840291,Normal
1468,-1.0866755151470848,2,-1.6051832784939566,1,-0.6407266473844129,0.0850492518807105,1,0.0,1.726654989367128,-0.6605306743650393,1,1.038692652993666,1.7855109940078144,-0.0577875452794142,4,-0.6608531809232983,1,-0.0766901944023982,-1.2844181421343226,-0.6780493930322936,0,1,1.3093409798465847,2.346151056253851,-0.6589728319256667,0.0,0.241988311858558,-0.678773515728442,-2.171981830933257,0.3380961637724818,-0.1646131090542286,-0.6154915796172451,-0.6791456840737199,-0.3148734873096303,0,1,0,0.49730408089675504,Normal
1469,1.3223652142096962,1,0.5466774575684564,2,-0.8875151110697495,0.0850492518807105,3,0.0,1.7283166170651931,1.1697805251007627,1,-0.142263737519274,-1.0261667362455194,-0.0577875452794142,7,-0.6608531809232983,1,-0.2364741405058966,-0.1503933331646639,-0.2775943477299747,0,0,-0.3305890744344257,-0.4262300150429028,1.1914379855160335,0.0,-0.9320143892374164,0.7354472998016324,0.1557070814399298,-1.0778621289498782,0.3252275191030913,0.4888997808189471,-0.6791456840737199,1.086895217551534,0,1,0,0.4587741882983116,Normal
1470,-0.3201625558062908,2,-0.4325679234737707,1,-0.1471497200137397,0.0850492518807105,3,0.0,1.7333015001593877,-0.6605306743650393,1,0.7926600716368035,1.7855109940078144,-0.0577875452794142,2,0.2462002046576992,1,-0.4459780911150048,-0.5741242538541572,-0.2775943477299747,0,0,-0.8772324258614291,-0.4262300150429028,-1.584178240646517,0.0,-0.9320143892374164,-0.678773515728442,0.1557070814399298,1.754054456494842,-0.4911735278257753,-0.339393739508197,-0.3687152874355457,-0.5952272282818631,0,1,0,0.4440074824615235,Normal
