Age,BusinessTravel,DailyRate,Department,DistanceFromHome,Education,EducationField,EnvironmentSatisfaction,Gender,HourlyRate,JobInvolvement,JobLevel,JobRole,JobSatisfaction,MaritalStatus,MonthlyIncome,MonthlyRate,NumCompaniesWorked,OverTime,PercentSalaryHike,PerformanceRating,RelationshipSatisfaction,StockOptionLevel,TotalWorkingYears,TrainingTimesLastYear,WorkLifeBalance,YearsAtCompany,YearsInCurrentRole,YearsSinceLastPromotion,YearsWithCurrManager,Attrition
0.44635040353450317,0.590048337687597,0.7425265337769018,1.401512344464336,-1.010909342912418,-0.8916882501868245,-0.9374136927517607,-0.6605306743650394,-1.224744871391589,1.3831382668932737,0.37967212888114743,-0.05778754527941413,1.0327156934390023,1.153253590238697,1.2368204621527703,-0.10834951351067108,0.7260199409380492,2.125135924083939,1.5917455343596372,-1.150554101574931,-0.42623001504290225,-1.5841782406465175,-0.9320143892374165,-0.4216424583593375,-2.171981830933257,-2.4938204216722384,-0.16461310905422857,-0.0632958993991491,-0.67914568407372,0.24583399463483543,2.280905882663645
1.3223652142096962,-0.9131943943761252,-1.2977746019136118,-0.49381713700997326,-0.1471497200137397,-1.86842575225436,-0.9374136927517607,0.25462492536786163,0.816496580927726,-0.2406767700620193,-1.0261667362455194,-0.05778754527941413,0.6263741331190523,-0.6608531809232983,-0.1332820844671032,-0.2917185899565742,1.4888761391146892,-0.6780493930322938,-0.6282411217206918,2.1293060069870893,2.3461510562538512,1.1914379855160337,0.2419883118585579,-0.1645114009902331,0.15570708143992973,0.33809616377248186,0.4885077284888646,0.7649976209279952,-0.36871528743554577,0.8065414765793012,-0.43842229861417986
0.008342998196906542,0.590048337687597,1.4143632382387843,-0.49381713700997326,-0.8875151110697495,-0.8916882501868245,1.3166726676818623,1.1697805251007627,0.816496580927726,1.2847252343505289,-1.0261667362455194,-0.9614863916702531,-0.998992108160748,0.2462002046576992,1.2368204621527703,-0.937653691226036,-1.6748408610979753,1.3242258334793011,1.5917455343596372,-0.05726739872092413,-0.42623001504290225,-0.6589728319256668,-0.9320143892374165,-0.5502079870438897,0.15570708143992973,0.33809616377248186,-1.1442943653688686,-1.1676872598353416,-0.67914568407372,-1.1559347102263289,2.280905882663645
-0.42966440714068993,-0.9131943943761252,1.4614661806180305,-0.49381713700997326,-0.7641208792270812,1.0617867539482455,-0.9374136927517607,1.1697805251007627,-1.224744871391589,-0.48670935141888183,0.37967212888114743,-0.9614863916702531,0.6263741331190523,0.2462002046576992,-0.1332820844671032,-0.7636336754564015,1.2432105837696696,-0.6780493930322938,1.5917455343596372,-1.150554101574931,-0.42623001504290225,0.26623257679518353,-0.9320143892374165,-0.4216424583593375,0.15570708143992973,0.33809616377248186,0.16194730971731802,0.7649976209279952,0.25214550584080275,-1.1559347102263289,-0.43842229861417986
-1.0866755151470848,0.590048337687597,-0.5242947060017769,-0.49381713700997326,-0.8875151110697495,-1.86842575225436,0.5653105475373214,-1.5756862740979405,0.816496580927726,-1.2740136117608423,0.37967212888114743,-0.9614863916702531,-0.998992108160748,-0.6608531809232983,-0.1332820844671032,-0.6448581091374445,0.32589989742130376,2.5255909693862577,-0.6282411217206918,-0.8772324258614294,-0.42623001504290225,1.1914379855160337,0.2419883118585579,-0.678773515728442,0.15570708143992973,0.33809616377248186,-0.8177339465973219,-0.6154915796172453,-0.05828489079737142,-0.5952272282818631,-0.43842229861417986
-0.5391662584750891,-0.9131943943761252,0.5020536174196967,-0.49381713700997326,-0.8875151110697495,-0.8916882501868245,-0.9374136927517607,1.1697805251007627,0.816496580927726,0.6450405228226859,0.37967212888114743,-0.9614863916702531,-0.998992108160748,1.153253590238697,1.2368204621527703,-0.7298495698307946,-0.34419928329096944,-1.0785044383346125,-0.6282411217206918,-0.6039107501479276,-0.42623001504290225,0.26623257679518353,-0.9320143892374165,-0.4216424583593375,-0.6201892226844659,-1.0778621289498782,-0.0013328996684552844,0.7649976209279952,0.25214550584080275,0.5261877356070683,-0.43842229861417986
2.417383727553688,0.590048337687597,1.2928872289449382,-0.49381713700997326,-0.7641208792270812,0.08504925188071054,0.5653105475373214,0.25462492536786163,-1.224744871391589,0.7434535553654309,1.7855109940078144,-0.9614863916702531,-0.998992108160748,-1.5679065665042955,-0.1332820844671032,-0.8144160732206782,-0.6112270608399039,0.523315742874663,1.5917455343596372,1.3093409798465845,2.3461510562538512,-1.5841782406465175,2.5899937140505074,0.09261965637887119,0.15570708143992973,-1.0778621289498782,-0.9810141559830952,-1.1676872598353416,-0.67914568407372,-1.1559347102263289,-0.43842229861417986
-0.7581699611438873,0.590048337687597,1.3771767047814845,-0.49381713700997326,1.827157989468953,-1.86842575225436,-0.9374136927517607,1.1697805251007627,0.816496580927726,0.05456232756621574,0.37967212888114743,-0.9614863916702531,-0.998992108160748,0.2462002046576992,-1.5033846310869767,-0.8095290642308106,-0.13746356709387342,-0.6780493930322938,-0.6282411217206918,1.8559843312735878,2.3461510562538512,-0.6589728319256668,0.2419883118585579,-1.3216011591512031,-0.6201892226844659,0.33809616377248186,-0.9810141559830952,-1.1676872598353416,-0.67914568407372,-1.1559347102263289,-0.43842229861417986
0.11784484953130574,-0.9131943943761252,-1.4539580424342708,-0.49381713700997326,1.7037637576262843,0.08504925188071054,-0.9374136927517607,1.1697805251007627,0.816496580927726,-1.0771875466753522,-1.0261667362455194,0.8459113011114248,-0.18630898752084787,0.2462002046576992,1.2368204621527703,0.6423375630633447,-0.7766437419846911,-1.0785044383346125,-0.6282411217206918,1.5826626555600862,2.3461510562538512,-0.6589728319256668,-0.9320143892374165,-0.1645114009902331,-0.6201892226844659,0.33809616377248186,0.3252275191030913,0.7649976209279952,-0.36871528743554577,1.086895217551534,-0.43842229861417986
-0.10115885313749245,0.590048337687597,1.230909673182772,-0.49381713700997326,2.197340684996958,0.08504925188071054,0.5653105475373214,0.25462492536786163,0.816496580927726,1.3831382668932737,0.37967212888114743,-0.05778754527941413,-1.8116752288006481,0.2462002046576992,-0.1332820844671032,-0.2689833742211031,0.31817014596593984,1.3242258334793011,-0.6282411217206918,-0.6039107501479276,-0.42623001504290225,-0.6589728319256668,1.4159910129545328,0.7354472998016324,0.15570708143992973,-1.0778621289498782,-0.0013328996684552844,0.7649976209279952,1.4938670923934998,0.8065414765793012,-0.43842229861417986
-0.21066070447189164,0.590048337687597,0.016149580244312952,-0.49381713700997326,0.8400041347276065,0.08504925188071054,0.5653105475373214,-1.5756862740979405,0.816496580927726,0.8910731041795484,1.7855109940078144,-0.9614863916702531,-0.998992108160748,-0.6608531809232983,-0.1332820844671032,-0.8662608642436218,0.30439713428183696,-1.0785044383346125,-0.6282411217206918,-0.6039107501479276,-0.42623001504290225,0.26623257679518353,0.2419883118585579,-0.678773515728442,1.707499689688721,0.33809616377248186,-0.3278933184400019,-0.0632958993991491,-0.67914568407372,-0.3148734873096303,-0.43842229861417986
-0.8676718124782865,0.590048337687597,-1.61014148295493,-0.49381713700997326,0.7166099028849382,-0.8916882501868245,-0.9374136927517607,1.1697805251007627,-1.224744871391589,-0.8311549653184895,-1.0261667362455194,-0.05778754527941413,-0.998992108160748,0.2462002046576992,1.2368204621527703,-0.49081108663074713,-0.22923679800937552,-1.0785044383346125,1.5917455343596372,-0.8772324258614294,-0.42623001504290225,1.1914379855160337,-0.9320143892374165,-0.1645114009902331,0.15570708143992973,0.33809616377248186,0.3252275191030913,0.2128019407098989,-0.67914568407372,1.086895217551534,-0.43842229861417986
-0.6486681098094882,0.590048337687597,-0.32844562979333136,-0.49381713700997326,2.073946453154289,-1.86842575225436,-0.9374136927517607,-1.5756862740979405,0.816496580927726,-1.7168722582031948,0.37967212888114743,-0.9614863916702531,0.6263741331190523,0.2462002046576992,-1.5033846310869767,-0.7632087181529347,0.12042904964417636,-0.6780493930322938,-0.6282411217206918,0.48937595270607925,-0.42623001504290225,1.1914379855160337,0.2419883118585579,-0.8073390444129942,-1.3960855268088614,-1.0778621289498782,-0.3278933184400019,-0.6154915796172453,0.562575902478977,-0.3148734873096303,-0.43842229861417986
-0.32016255580629077,0.590048337687597,1.3474274780156446,-0.49381713700997326,1.2101868302556114,-0.8916882501868245,0.5653105475373214,-0.6605306743650394,0.816496580927726,1.333931750621901,0.37967212888114743,-0.9614863916702531,-0.998992108160748,1.153253590238697,-1.5033846310869767,-0.8163283810862786,-0.7807194291157011,-1.0785044383346125,-0.6282411217206918,-1.150554101574931,-0.42623001504290225,0.26623257679518353,0.2419883118585579,-1.0644701017820986,-0.6201892226844659,0.33809616377248186,-0.8177339465973219,-0.6154915796172453,-0.36871528743554577,-0.5952272282818631,-0.43842229861417986
-0.9771736638126856,0.590048337687597,-1.7340965944792623,-0.49381713700997326,1.827157989468953,0.08504925188071054,-0.9374136927517607,0.25462492536786163,0.816496580927726,-0.781948449047117,-1.0261667362455194,-0.9614863916702531,-0.998992108160748,0.2462002046576992,1.2368204621527703,-0.9508273676335054,-0.19199345008807683,0.9237707881769819,1.5917455343596372,-0.3305890744344259,-0.42623001504290225,-0.6589728319256668,-0.9320143892374165,-0.678773515728442,0.9316033855643253,0.33809616377248186,-0.4911735278257753,-0.6154915796172453,-0.67914568407372,-0.3148734873096303,2.280905882663645
-0.8676718124782865,0.590048337687597,1.4540288739265703,-0.49381713700997326,1.456975293940948,1.0617867539482455,-0.9374136927517607,-0.6605306743650394,-1.224744871391589,-0.7327419327757445,1.7855109940078144,0.8459113011114248,-0.18630898752084787,-1.5679065665042955,-1.5033846310869767,0.7388028709502971,-0.5787621047273755,-0.6780493930322938,-0.6282411217206918,-1.150554101574931,-0.42623001504290225,0.26623257679518353,0.2419883118585579,-0.1645114009902331,-1.3960855268088614,0.33809616377248186,0.4885077284888646,1.317193301146092,1.8042974890316739,1.086895217551534,-0.43842229861417986
-0.5391662584750891,0.590048337687597,-1.161423979236846,-0.49381713700997326,-0.5173324155417446,-0.8916882501868245,-0.9374136927517607,-1.5756862740979405,0.816496580927726,0.6942470390940584,1.7855109940078144,-0.9614863916702531,0.6263741331190523,-0.6608531809232983,-1.5033846310869767,-0.6809794799321183,0.10398576018458405,-1.0785044383346125,1.5917455343596372,-0.8772324258614294,-0.42623001504290225,1.1914379855160337,1.4159910129545328,-0.5502079870438897,1.707499689688721,-1.0778621289498782,-0.16461310905422857,-0.6154915796172453,-0.67914568407372,0.24583399463483543,-0.43842229861417986
-1.6341847718190805,-2.416437126439847,0.7945876806171215,-0.49381713700997326,0.8400041347276065,-0.8916882501868245,0.5653105475373214,1.1697805251007627,0.816496580927726,1.4815512994360187,1.7855109940078144,-0.9614863916702531,-0.998992108160748,1.153253590238697,-1.5033846310869767,-0.7581092305113337,-0.9822551306973706,-0.6780493930322938,1.5917455343596372,-0.6039107501479276,-0.42623001504290225,-0.6589728319256668,1.4159910129545328,-1.3216011591512031,-0.6201892226844659,-1.0778621289498782,-0.9810141559830952,-1.1676872598353416,-0.67914568407372,-1.1559347102263289,-0.43842229861417986
1.7603726195472926,0.590048337687597,1.03258149474384,1.401512344464336,-0.8875151110697495,1.0617867539482455,-0.9374136927517607,-1.5756862740979405,-1.224744871391589,0.5958340065513134,-1.0261667362455194,1.7496101475022634,-0.592650547840798,1.153253590238697,-0.1332820844671032,1.8961740869419936,1.083274999111413,-0.2775943477299748,-0.6282411217206918,0.21605427699257748,-0.42623001504290225,0.26623257679518353,-0.9320143892374165,2.535364701385363,0.15570708143992973,0.33809616377248186,2.9377108692754645,1.0410954610370433,0.25214550584080275,0.8065414765793012,-0.43842229861417986
0.11784484953130574,0.590048337687597,-1.06969719670884,-0.49381713700997326,-0.8875151110697495,0.08504925188071054,-0.9374136927517607,1.1697805251007627,0.816496580927726,-1.0279810304039796,0.37967212888114743,-0.9614863916702531,0.6263741331190523,1.153253590238697,1.2368204621527703,-0.5437182709123577,-1.40640767419352,0.9237707881769819,1.5917455343596372,-1.150554101574931,-0.42623001504290225,0.26623257679518353,-0.9320143892374165,-0.678773515728442,0.15570708143992973,0.33809616377248186,-0.6544537372115486,-0.6154915796172453,-0.36871528743554577,-0.5952272282818631,-0.43842229861417986
-1.4151810691502822,-2.416437126439847,-0.32100832310187144,-0.49381713700997326,0.2230329755142651,-0.8916882501868245,1.3166726676818623,-1.5756862740979405,-1.224744871391589,1.4815512994360187,1.7855109940078144,-0.05778754527941413,-0.18630898752084787,0.2462002046576992,-1.5033846310869767,-0.5294822012462216,-0.8546439612160903,-1.0785044383346125,-0.6282411217206918,0.762697628419581,-0.42623001504290225,1.1914379855160337,0.2419883118585579,-0.8073390444129942,1.707499689688721,-1.0778621289498782,-0.4911735278257753,-0.6154915796172453,-0.36871528743554577,-0.3148734873096303,-0.43842229861417986
-0.10115885313749245,0.590048337687597,1.0301023925133532,1.401512344464336,-0.023755488171071402,1.0617867539482455,-0.9374136927517607,0.25462492536786163,0.816496580927726,0.7926600716368034,-1.0261667362455194,-0.9614863916702531,1.4390572537589523,-1.5679065665042955,1.2368204621527703,-0.6578193068931804,-1.0297579669139705,1.7246808787816201,-0.6282411217206918,2.1293060069870893,2.3461510562538512,-0.6589728319256668,-0.9320143892374165,-0.1645114009902331,0.9316033855643253,0.33809616377248186,-0.3278933184400019,-0.3393937395081972,-0.67914568407372,-0.3148734873096303,2.280905882663645
-0.32016255580629077,0.590048337687597,-0.9507002896454808,-0.49381713700997326,-0.270543951856408,1.0617867539482455,-0.9374136927517607,-1.5756862740979405,-1.224744871391589,-0.6343289002329995,0.37967212888114743,0.8459113011114248,0.2200325727991022,-0.6608531809232983,1.2368204621527703,1.1667348755413156,0.9809611980295057,-1.0785044383346125,-0.6282411217206918,-1.150554101574931,-0.42623001504290225,0.26623257679518353,-0.9320143892374165,0.2211851850634235,0.9316033855643253,0.33809616377248186,0.8150681472604113,0.488899780818947,-0.05828489079737142,1.9279564404682328,-0.43842229861417986
-1.7436866231534796,0.590048337687597,-1.020115152099107,-0.49381713700997326,0.7166099028849382,-0.8916882501868245,-0.9374136927517607,0.25462492536786163,0.816496580927726,1.4815512994360187,0.37967212888114743,-0.9614863916702531,0.6263741331190523,1.153253590238697,1.2368204621527703,-1.1199603744132722,0.6981928356987392,-0.6780493930322938,-0.6282411217206918,-0.3305890744344259,-0.42623001504290225,1.1914379855160337,-0.9320143892374165,-1.4501666878357553,2.4833959938131165,0.33809616377248186,-1.1442943653688686,-1.1676872598353416,-0.67914568407372,-1.1559347102263289,-0.43842229861417986
-0.32016255580629077,0.590048337687597,-0.25655166510921856,-0.49381713700997326,-0.3939381836990763,-1.86842575225436,0.5653105475373214,-0.6605306743650394,0.816496580927726,0.8418665879081759,0.37967212888114743,-0.9614863916702531,0.6263741331190523,-1.5679065665042955,1.2368204621527703,-0.7527972642179993,0.39195413713077704,-0.2775943477299748,-0.6282411217206918,-1.150554101574931,-0.42623001504290225,0.26623257679518353,-0.9320143892374165,-0.4216424583593375,-0.6201892226844659,0.33809616377248186,-0.4911735278257753,-0.6154915796172453,-0.36871528743554577,-0.3148734873096303,2.280905882663645
1.7603726195472926,0.590048337687597,1.188764935264499,-0.49381713700997326,-0.5173324155417446,0.08504925188071054,1.3166726676818623,0.25462492536786163,-1.224744871391589,-0.3882963188761368,0.37967212888114743,2.6533089938931025,-0.592650547840798,0.2462002046576992,-1.5033846310869767,2.6753333028482817,-0.5028699995292573,0.523315742874663,-0.6282411217206918,-1.150554101574931,-0.42623001504290225,1.1914379855160337,0.2419883118585579,1.8925370579626024,0.15570708143992973,-1.0778621289498782,1.141628566031958,2.4215846615822842,0.562575902478977,1.086895217551534,-0.43842229861417986
-0.5391662584750891,-0.9131943943761252,0.7995458850780948,-0.49381713700997326,0.8400041347276065,-1.86842575225436,-0.9374136927517607,-0.6605306743650394,-1.224744871391589,0.3005949089230784,-2.432005601372186,-0.9614863916702531,0.6263741331190523,-1.5679065665042955,1.2368204621527703,-0.5490302372056921,-1.3537048233614937,-0.6780493930322938,1.5917455343596372,1.8559843312735878,2.3461510562538512,-0.6589728319256668,-0.9320143892374165,-0.1645114009902331,1.707499689688721,0.33809616377248186,0.4885077284888646,-0.6154915796172453,1.1834366957553255,0.8065414765793012,2.280905882663645
0.5558522548689022,0.590048337687597,-0.27638448295311174,1.401512344464336,-0.1471497200137397,1.0617867539482455,-0.1860515726072197,0.25462492536786163,0.816496580927726,-0.880361481589862,0.37967212888114743,-0.05778754527941413,1.0327156934390023,-0.6608531809232983,-0.1332820844671032,0.06843272473149725,0.964096285763257,-1.0785044383346125,-0.6282411217206918,-1.150554101574931,-0.42623001504290225,1.1914379855160337,0.2419883118585579,-0.1645114009902331,-0.6201892226844659,0.33809616377248186,0.3252275191030913,0.7649976209279952,0.562575902478977,-0.5952272282818631,-0.43842229861417986
0.7748559575377005,0.590048337687597,-0.806912360277255,-0.49381713700997326,-0.270543951856408,1.0617867539482455,0.5653105475373214,-1.5756862740979405,-1.224744871391589,-1.1756005792180972,-1.0261667362455194,0.8459113011114248,-1.8116752288006481,1.153253590238697,-0.1332820844671032,0.7957471496148418,-1.7172842236347006,0.12286069757234404,-0.6282411217206918,-0.3305890744344259,-0.42623001504290225,1.1914379855160337,0.2419883118585579,1.6354060005934978,0.9316033855643253,0.33809616377248186,2.447870241118145,0.488899780818947,0.8730062991171512,3.6100788863016295,-0.43842229861417986
0.9938596602064989,0.590048337687597,-0.24167705172629866,1.401512344464336,-0.8875151110697495,1.0617867539482455,-0.1860515726072197,-0.6605306743650394,-1.224744871391589,0.8418665879081759,0.37967212888114743,2.6533089938931025,-0.592650547840798,-1.5679065665042955,1.2368204621527703,2.6440989410434756,1.1958482884886217,0.12286069757234404,-0.6282411217206918,-0.8772324258614294,-0.42623001504290225,1.1914379855160337,-0.9320143892374165,1.3782749432243937,-0.6201892226844659,-1.0778621289498782,-0.8177339465973219,-0.6154915796172453,-0.05828489079737142,-0.8755809692540959,-0.43842229861417986
-0.42966440714068993,0.590048337687597,0.30124633675027784,-0.49381713700997326,-0.8875151110697495,0.08504925188071054,0.5653105475373214,0.25462492536786163,0.816496580927726,0.5958340065513134,0.37967212888114743,-0.9614863916702531,-0.998992108160748,1.153253590238697,1.2368204621527703,-0.8513873586222855,-1.074168902548425,0.523315742874663,-0.6282411217206918,-1.150554101574931,-0.42623001504290225,1.1914379855160337,-0.9320143892374165,-0.5502079870438897,0.15570708143992973,0.33809616377248186,-0.9810141559830952,-0.8915894197262935,-0.67914568407372,-1.1559347102263289,-0.43842229861417986
0.7748559575377005,0.590048337687597,1.627566030060636,-0.49381713700997326,0.0996387436715968,1.0617867539482455,1.3166726676818623,1.1697805251007627,0.816496580927726,-1.2248070954894696,0.37967212888114743,-0.05778754527941413,-1.8116752288006481,1.153253590238697,-0.1332820844671032,-0.00805958989251786,0.6757062860104079,-0.2775943477299748,1.5917455343596372,-0.6039107501479276,-0.42623001504290225,1.1914379855160337,-0.9320143892374165,-0.2930769296747854,1.707499689688721,1.754054456494842,-0.4911735278257753,-0.6154915796172453,-0.36871528743554577,-0.3148734873096303,-0.43842229861417986
-0.7581699611438873,0.590048337687597,-1.679556345408556,-0.49381713700997326,-0.023755488171071402,-0.8916882501868245,0.5653105475373214,1.1697805251007627,0.816496580927726,0.8418665879081759,-1.0261667362455194,-0.9614863916702531,-0.998992108160748,0.2462002046576992,1.2368204621527703,-0.9130061676249644,0.2535213156119873,-0.6780493930322938,-0.6282411217206918,-0.6039107501479276,-0.42623001504290225,-1.5841782406465175,-0.9320143892374165,-0.1645114009902331,1.707499689688721,0.33809616377248186,0.4885077284888646,-1.1676872598353416,-0.36871528743554577,1.086895217551534,-0.43842229861417986
0.22734670086570485,0.590048337687597,0.22935237206616493,1.401512344464336,-0.5173324155417446,0.08504925188071054,2.0680347878264036,1.1697805251007627,0.816496580927726,-0.48670935141888183,0.37967212888114743,-0.05778754527941413,1.4390572537589523,1.153253590238697,-0.1332820844671032,-0.9385036058329694,-1.5428729226145808,0.12286069757234404,-0.6282411217206918,-0.3305890744344259,-0.42623001504290225,0.26623257679518353,0.2419883118585579,0.9925783571707368,2.4833959938131165,1.754054456494842,-0.9810141559830952,-1.1676872598353416,-0.67914568407372,-1.1559347102263289,2.280905882663645
-1.4151810691502822,0.590048337687597,0.026065989166259552,-0.49381713700997326,-1.010909342912418,0.08504925188071054,0.5653105475373214,-0.6605306743650394,0.816496580927726,-0.2406767700620193,0.37967212888114743,-0.9614863916702531,0.6263741331190523,1.153253590238697,-0.1332820844671032,-0.8945205249241608,-1.587143317313483,-0.2775943477299748,1.5917455343596372,0.21605427699257748,-0.42623001504290225,-1.5841782406465175,0.2419883118585579,-0.678773515728442,-0.6201892226844659,-1.0778621289498782,-0.8177339465973219,-1.1676872598353416,-0.05828489079737142,-1.1559347102263289,2.280905882663645
0.6653541062033014,0.590048337687597,1.1664530151901191,-0.49381713700997326,-0.8875151110697495,-0.8916882501868245,0.5653105475373214,1.1697805251007627,-1.224744871391589,0.3005949089230784,1.7855109940078144,-0.9614863916702531,0.6263741331190523,0.2462002046576992,-1.5033846310869767,-0.8197280395140126,1.0695019874273102,-0.6780493930322938,-0.6282411217206918,-0.8772324258614294,-0.42623001504290225,1.1914379855160337,1.4159910129545328,-0.678773515728442,0.15570708143992973,-1.0778621289498782,-0.3278933184400019,-0.3393937395081972,-0.36871528743554577,-0.03451974633739738,-0.43842229861417986
1.4318670655440953,0.590048337687597,0.16489571407351206,1.401512344464336,-0.7641208792270812,-0.8916882501868245,-0.1860515726072197,-1.5756862740979405,0.816496580927726,0.9894861367222935,-1.0261667362455194,-0.9614863916702531,1.4390572537589523,0.2462002046576992,-0.1332820844671032,-0.8116538507481443,-1.4761159782273472,-0.6780493930322938,1.5917455343596372,-0.3305890744344259,-0.42623001504290225,0.26623257679518353,-0.9320143892374165,-1.0644701017820986,-0.6201892226844659,0.33809616377248186,-0.6544537372115486,-0.6154915796172453,-0.67914568407372,-0.5952272282818631,2.280905882663645
-0.21066070447189164,0.590048337687597,0.21695686091373176,1.401512344464336,-0.8875151110697495,0.08504925188071054,-0.1860515726072197,1.1697805251007627,-1.224744871391589,1.5307578157073911,0.37967212888114743,-0.9614863916702531,1.4390572537589523,1.153253590238697,-0.1332820844671032,-0.9538020687577726,-0.6501568999878274,-0.6780493930322938,-0.6282411217206918,-0.6039107501479276,-0.42623001504290225,-1.5841782406465175,-0.9320143892374165,-1.193035630466651,0.15570708143992973,0.33809616377248186,-0.8177339465973219,-0.6154915796172453,-0.05828489079737142,-0.5952272282818631,-0.43842229861417986
-0.10115885313749245,0.590048337687597,0.12275097615523896,-0.49381713700997326,-0.5173324155417446,1.0617867539482455,-0.9374136927517607,-0.6605306743650394,-1.224744871391589,0.7926600716368034,-1.0261667362455194,-0.9614863916702531,0.6263741331190523,-1.5679065665042955,-0.1332820844671032,-0.6552695630723798,-0.17442583314406804,2.5255909693862577,1.5917455343596372,-0.3305890744344259,-0.42623001504290225,1.1914379855160337,0.2419883118585579,-0.678773515728442,0.15570708143992973,1.754054456494842,-0.9810141559830952,-0.8915894197262935,-0.67914568407372,-1.1559347102263289,-0.43842229861417986
-0.42966440714068993,-0.9131943943761252,0.8392115207658811,1.401512344464336,-1.010909342912418,0.08504925188071054,-0.9374136927517607,0.25462492536786163,-1.224744871391589,-1.1756005792180972,1.7855109940078144,-0.05778754527941413,1.0327156934390023,-1.5679065665042955,-0.1332820844671032,-0.23944884163016383,-1.5628297354629748,-0.2775943477299748,-0.6282411217206918,1.0360193041330827,-0.42623001504290225,-1.5841782406465175,1.4159910129545328,-0.1645114009902331,0.15570708143992973,0.33809616377248186,-0.3278933184400019,-0.3393937395081972,-0.36871528743554577,-0.3148734873096303,-0.43842229861417986
-0.21066070447189164,0.590048337687597,-0.8391406892735814,-0.49381713700997326,-0.6407266473844129,-0.8916882501868245,1.3166726676818623,0.25462492536786163,0.816496580927726,0.44821445773719587,0.37967212888114743,-0.9614863916702531,-0.998992108160748,1.153253590238697,-1.5033846310869767,-0.9671882238169752,-0.478275335807645,-0.6780493930322938,-0.6282411217206918,-0.8772324258614294,-0.42623001504290225,0.26623257679518353,0.2419883118585579,-1.3216011591512031,0.15570708143992973,0.33809616377248186,-0.9810141559830952,-1.1676872598353416,-0.67914568407372,-1.1559347102263289,-0.43842229861417986
-1.0866755151470848,0.590048337687597,1.0846426415840595,-0.49381713700997326,-0.8875151110697495,1.0617867539482455,-0.9374136927517607,1.1697805251007627,-1.224744871391589,-1.6184592256604498,0.37967212888114743,-0.9614863916702531,-0.998992108160748,-1.5679065665042955,-1.5033846310869767,-0.8843215496409588,0.7591876017283379,-0.6780493930322938,-0.6282411217206918,-0.6039107501479276,-0.42623001504290225,1.1914379855160337,0.2419883118585579,-1.3216011591512031,2.4833959938131165,0.33809616377248186,-0.9810141559830952,-1.1676872598353416,-0.67914568407372,-1.1559347102263289,-0.43842229861417986
-1.196177366481484,0.590048337687597,1.3746976025509978,-0.49381713700997326,1.950552221311621,0.08504925188071054,-0.9374136927517607,-1.5756862740979405,0.816496580927726,-0.880361481589862,-2.432005601372186,-0.9614863916702531,-0.998992108160748,0.2462002046576992,1.2368204621527703,-0.8945205249241608,-0.5277457451219738,-0.6780493930322938,-0.6282411217206918,-0.8772324258614294,-0.42623001504290225,0.26623257679518353,-0.9320143892374165,-1.3216011591512031,-0.6201892226844659,-1.0778621289498782,-0.9810141559830952,-1.1676872598353416,-0.67914568407372,-0.8755809692540959,2.280905882663645
-1.0866755151470848,-0.9131943943761252,0.47478349288434346,1.401512344464336,-0.1471497200137397,0.08504925188071054,-0.9374136927517607,1.1697805251007627,0.816496580927726,-1.4216331605749597,0.37967212888114743,0.8459113011114248,1.0327156934390023,0.2462002046576992,1.2368204621527703,0.47235464167664426,-1.5934676594133264,-0.6780493930322938,-0.6282411217206918,-0.05726739872092413,-0.42623001504290225,1.1914379855160337,-0.9320143892374165,-0.2930769296747854,-2.171981830933257,0.33809616377248186,0.3252275191030913,1.0410954610370433,-0.36871528743554577,0.8065414765793012,-0.43842229861417986
-0.7581699611438873,-0.9131943943761252,-0.20201141603851225,-0.49381713700997326,-1.010909342912418,-0.8916882501868245,0.5653105475373214,0.25462492536786163,-1.224744871391589,-0.3882963188761368,0.37967212888114743,-0.05778754527941413,-0.998992108160748,1.153253590238697,1.2368204621527703,-0.5294822012462216,-0.49640511649386204,-0.6780493930322938,-0.6282411217206918,2.1293060069870893,2.3461510562538512,1.1914379855160337,-0.9320143892374165,0.09261965637887119,-0.6201892226844659,0.33809616377248186,0.8150681472604113,1.0410954610370433,0.25214550584080275,0.8065414765793012,-0.43842229861417986
0.44635040353450317,0.590048337687597,1.3821349092424575,-0.49381713700997326,0.3464272073569334,0.08504925188071054,2.0680347878264036,-0.6605306743650394,-1.224744871391589,-0.8311549653184895,0.37967212888114743,2.6533089938931025,0.2200325727991022,0.2462002046576992,-0.1332820844671032,2.771161174780034,0.2764294881069748,-0.6780493930322938,-0.6282411217206918,-0.8772324258614294,-0.42623001504290225,1.1914379855160337,-0.9320143892374165,1.5068404719089457,-2.171981830933257,0.33809616377248186,2.447870241118145,2.9737803418003805,3.9773102654988937,1.086895217551534,2.280905882663645
-0.32016255580629077,-2.416437126439847,0.6507997512488957,1.401512344464336,1.7037637576262843,1.0617867539482455,-0.1860515726072197,-0.6605306743650394,0.816496580927726,0.3005949089230784,0.37967212888114743,-0.05778754527941413,1.0327156934390023,0.2462002046576992,1.2368204621527703,-0.41113159223073126,-0.6013891953512589,-1.0785044383346125,-0.6282411217206918,1.3093409798465845,2.3461510562538512,0.26623257679518353,-0.9320143892374165,-0.1645114009902331,-0.6201892226844659,0.33809616377248186,0.3252275191030913,0.2128019407098989,1.8042974890316739,0.8065414765793012,-0.43842229861417986
0.008342998196906542,0.590048337687597,-0.977970414180834,-0.49381713700997326,1.2101868302556114,-0.8916882501868245,-0.9374136927517607,-0.6605306743650394,0.816496580927726,0.3498014251944509,0.37967212888114743,-0.9614863916702531,0.6263741331190523,-0.6608531809232983,-0.1332820844671032,-0.73962358781053,-0.5742647947897093,0.523315742874663,-0.6282411217206918,1.5826626555600862,2.3461510562538512,-1.5841782406465175,-0.9320143892374165,-0.4216424583593375,-1.3960855268088614,0.33809616377248186,-0.9810141559830952,-1.1676872598353416,-0.67914568407372,-1.1559347102263289,-0.43842229861417986
0.9938596602064989,-0.9131943943761252,1.0127486768999467,1.401512344464336,-0.5173324155417446,1.0617867539482455,-0.1860515726072197,-1.5756862740979405,0.816496580927726,1.5799643319787635,0.37967212888114743,-0.05778754527941413,1.0327156934390023,1.153253590238697,1.2368204621527703,-0.1553072955437471,0.8617824846813495,0.523315742874663,1.5917455343596372,1.5826626555600862,2.3461510562538512,0.26623257679518353,-0.9320143892374165,0.3497507137479757,0.9316033855643253,0.33809616377248186,0.3252275191030913,0.488899780818947,-0.67914568407372,1.086895217551534,-0.43842229861417986
-0.21066070447189164,0.590048337687597,1.0573725170487065,-0.49381713700997326,-0.1471497200137397,-1.86842575225436,-0.9374136927517607,1.1697805251007627,0.816496580927726,-1.470839676846332,1.7855109940078144,-0.9614863916702531,-0.998992108160748,1.153253590238697,-0.1332820844671032,-0.8996200125657619,-1.3240506859600067,-0.6780493930322938,-0.6282411217206918,1.0360193041330827,-0.42623001504290225,1.1914379855160337,-0.9320143892374165,-1.3216011591512031,-0.6201892226844659,0.33809616377248186,-0.9810141559830952,-1.1676872598353416,-0.67914568407372,-0.8755809692540959,-0.43842229861417986
1.2128633628752972,0.590048337687597,-0.43752612793474405,-0.49381713700997326,-1.010909342912418,-0.8916882501868245,-0.9374136927517607,-1.5756862740979405,0.816496580927726,1.5799643319787635,-1.0261667362455194,0.8459113011114248,-0.998992108160748,0.2462002046576992,1.2368204621527703,-0.23838644837149692,0.7000198678609162,2.5255909693862577,1.5917455343596372,-0.6039107501479276,-0.42623001504290225,1.1914379855160337,-0.9320143892374165,1.5068404719089457,-0.6201892226844659,0.33809616377248186,-0.9810141559830952,-1.1676872598353416,-0.67914568407372,-1.1559347102263289,2.280905882663645
-0.9771736638126856,0.590048337687597,1.5655884742984698,-0.49381713700997326,-0.5173324155417446,1.0617867539482455,2.0680347878264036,0.25462492536786163,0.816496580927726,-0.781948449047117,0.37967212888114743,-0.9614863916702531,-0.998992108160748,0.2462002046576992,1.2368204621527703,-0.6505950327342456,-0.44046982414413793,-0.6780493930322938,1.5917455343596372,-0.6039107501479276,-0.42623001504290225,0.26623257679518353,-0.9320143892374165,-1.193035630466651,0.15570708143992973,-1.0778621289498782,-0.8177339465973219,-0.6154915796172453,-0.05828489079737142,-0.5952272282818631,2.280905882663645
0.7748559575377005,0.590048337687597,1.699459994744749,1.401512344464336,-1.010909342912418,2.038524256015781,-0.1860515726072197,-0.6605306743650394,-1.224744871391589,0.44821445773719587,0.37967212888114743,-0.05778754527941413,1.0327156934390023,-1.5679065665042955,-1.5033846310869767,-0.22287550679496052,-1.448148332052485,0.9237707881769819,1.5917455343596372,1.5826626555600862,2.3461510562538512,0.26623257679518353,0.2419883118585579,-0.2930769296747854,-0.6201892226844659,-1.0778621289498782,-0.4911735278257753,-0.3393937395081972,-0.36871528743554577,-0.3148734873096303,-0.43842229861417986
-0.21066070447189164,-2.416437126439847,0.7301310226244685,-0.49381713700997326,0.2230329755142651,-0.8916882501868245,0.5653105475373214,0.25462492536786163,0.816496580927726,0.6450405228226859,-1.0261667362455194,0.8459113011114248,-1.8116752288006481,-1.5679065665042955,-0.1332820844671032,0.718404920383893,-0.8448060957274455,-0.2775943477299748,1.5917455343596372,-0.6039107501479276,-0.42623001504290225,0.26623257679518353,0.2419883118585579,-0.1645114009902331,0.15570708143992973,0.33809616377248186,-0.4911735278257753,-1.1676872598353416,-0.05828489079737142,-0.3148734873096303,-0.43842229861417986
-1.196177366481484,0.590048337687597,1.5879003943728498,1.401512344464336,1.7037637576262843,0.08504925188071054,-0.1860515726072197,0.25462492536786163,-1.224744871391589,-0.9295679978612343,-1.0261667362455194,-0.05778754527941413,1.0327156934390023,1.153253590238697,-0.1332820844671032,-0.49846031809314867,1.0010585518134516,1.7246808787816201,1.5917455343596372,1.0360193041330827,-0.42623001504290225,0.26623257679518353,0.2419883118585579,-0.8073390444129942,-0.6201892226844659,-1.0778621289498782,-0.8177339465973219,-0.6154915796172453,-0.67914568407372,-1.1559347102263289,-0.43842229861417986
-0.42966440714068993,-0.9131943943761252,-0.7127064755187623,-0.49381713700997326,-1.010909342912418,-0.8916882501868245,-0.9374136927517607,-1.5756862740979405,-1.224744871391589,1.5799643319787635,0.37967212888114743,0.8459113011114248,0.2200325727991022,1.153253590238697,1.2368204621527703,1.4778036216789772,0.11705606719092666,-0.6780493930322938,1.5917455343596372,-0.8772324258614294,-0.42623001504290225,0.26623257679518353,-0.9320143892374165,0.4783162424325279,-1.3960855268088614,0.33809616377248186,1.304908775417731,2.697682501691332,1.8042974890316739,2.2083101814404653,-0.43842229861417986
-0.21066070447189164,-0.9131943943761252,0.12523007838572564,1.401512344464336,1.0867925984129432,2.038524256015781,-0.9374136927517607,-0.6605306743650394,0.816496580927726,0.25138839265170587,0.37967212888114743,0.8459113011114248,1.0327156934390023,-1.5679065665042955,-0.1332820844671032,0.545234819221192,-0.46126988260584445,-0.6780493930322938,-0.6282411217206918,1.8559843312735878,2.3461510562538512,1.1914379855160337,0.2419883118585579,-0.2930769296747854,0.15570708143992973,-1.0778621289498782,0.3252275191030913,1.0410954610370433,-0.36871528743554577,1.086895217551534,-0.43842229861417986
-0.21066070447189164,0.590048337687597,0.8416906229963679,-0.49381713700997326,1.7037637576262843,1.0617867539482455,0.5653105475373214,0.25462492536786163,-1.224744871391589,-1.7660787744745672,0.37967212888114743,-0.9614863916702531,-0.998992108160748,-1.5679065665042955,-0.1332820844671032,-0.5288447652910214,0.23735910802349916,0.12286069757234404,1.5917455343596372,-0.05726739872092413,-0.42623001504290225,0.26623257679518353,0.2419883118585579,-0.9359045730975464,0.15570708143992973,0.33809616377248186,-0.8177339465973219,-0.6154915796172453,-0.05828489079737142,-0.5952272282818631,-0.43842229861417986
-0.6486681098094882,0.590048337687597,-0.36563216325063114,-0.49381713700997326,-0.270543951856408,1.0617867539482455,-0.9374136927517607,1.1697805251007627,0.816496580927726,-0.880361481589862,0.37967212888114743,-0.05778754527941413,-0.998992108160748,1.153253590238697,-1.5033846310869767,-0.12492284834587439,-0.6725029087406067,0.12286069757234404,-0.6282411217206918,1.8559843312735878,2.3461510562538512,1.1914379855160337,0.2419883118585579,-0.1645114009902331,0.15570708143992973,-1.0778621289498782,-0.0013328996684552844,0.7649976209279952,-0.36871528743554577,0.8065414765793012,-0.43842229861417986
0.008342998196906542,0.590048337687597,0.7747548627732282,-0.49381713700997326,-1.010909342912418,1.0617867539482455,-0.9374136927517607,-1.5756862740979405,0.816496580927726,-0.7327419327757445,-1.0261667362455194,-0.05778754527941413,-0.18630898752084787,0.2462002046576992,-1.5033846310869767,-0.10834951351067108,-1.6336623669812185,-0.6780493930322938,-0.6282411217206918,0.762697628419581,-0.42623001504290225,0.26623257679518353,0.2419883118585579,-0.5502079870438897,-0.6201892226844659,1.754054456494842,-0.0013328996684552844,0.2128019407098989,-0.67914568407372,0.8065414765793012,-0.43842229861417986
-0.5391662584750891,0.590048337687597,-0.9308674718015876,-0.49381713700997326,-1.010909342912418,0.08504925188071054,0.5653105475373214,-1.5756862740979405,0.816496580927726,-1.6184592256604498,0.37967212888114743,-0.05778754527941413,-0.18630898752084787,1.153253590238697,-0.1332820844671032,-0.07244062136773068,-0.48291318668086325,-0.6780493930322938,1.5917455343596372,1.8559843312735878,2.3461510562538512,-0.6589728319256668,0.2419883118585579,-0.2930769296747854,0.15570708143992973,0.33809616377248186,0.3252275191030913,1.0410954610370433,1.4938670923934998,1.086895217551534,-0.43842229861417986
0.11784484953130574,-0.9131943943761252,-0.37059036771160453,-0.49381713700997326,2.4441291486822943,2.038524256015781,-0.9374136927517607,1.1697805251007627,-1.224744871391589,-0.781948449047117,0.37967212888114743,-0.05778754527941413,-0.998992108160748,1.153253590238697,1.2368204621527703,-0.8705104372782894,-1.2447855983086389,-0.6780493930322938,-0.6282411217206918,-1.150554101574931,-0.42623001504290225,1.1914379855160337,-0.9320143892374165,-0.1645114009902331,-0.6201892226844659,0.33809616377248186,0.4885077284888646,-0.3393937395081972,2.1147278856698484,1.3672489585237668,-0.43842229861417986
1.4318670655440953,0.590048337687597,0.46238798173191015,-0.49381713700997326,-0.270543951856408,-0.8916882501868245,0.5653105475373214,-0.6605306743650394,-1.224744871391589,-1.1263940629467246,-1.0261667362455194,2.6533089938931025,0.2200325727991022,0.2462002046576992,-1.5033846310869767,2.600115860134667,0.3355972219743966,0.9237707881769819,1.5917455343596372,-0.8772324258614294,-0.42623001504290225,1.1914379855160337,0.2419883118585579,2.2782336440162587,-0.6201892226844659,-1.0778621289498782,3.264271288047011,-0.3393937395081972,3.356449472222545,1.086895217551534,-0.43842229861417986
2.417383727553688,0.590048337687597,1.5680675765289565,1.401512344464336,1.950552221311621,0.08504925188071054,-0.9374136927517607,-1.5756862740979405,-1.224744871391589,1.629170848250136,0.37967212888114743,0.8459113011114248,1.0327156934390023,-1.5679065665042955,1.2368204621527703,0.2409653899389982,-1.680743580391162,1.7246808787816201,-0.6282411217206918,-1.150554101574931,-0.42623001504290225,1.1914379855160337,-0.9320143892374165,2.1496681153317065,0.15570708143992973,-1.0778621289498782,2.284590031732371,3.2498781819094282,1.4938670923934998,1.3672489585237668,-0.43842229861417986
-0.10115885313749245,0.590048337687597,1.0424979036657869,-0.49381713700997326,-0.1471497200137397,0.08504925188071054,2.0680347878264036,0.25462492536786163,-1.224744871391589,-0.33908980260476435,0.37967212888114743,0.8459113011114248,-1.8116752288006481,0.2462002046576992,-1.5033846310869767,0.7634503945513688,-0.8588601892826525,-0.6780493930322938,-0.6282411217206918,-0.6039107501479276,-0.42623001504290225,-0.6589728319256668,2.5899937140505074,0.7354472998016324,-0.6201892226844659,0.33809616377248186,1.6314691941892778,2.697682501691332,3.046019075584371,1.086895217551534,-0.43842229861417986
1.979376322216091,0.590048337687597,0.08308534046745256,-0.49381713700997326,-0.1471497200137397,0.08504925188071054,0.5653105475373214,1.1697805251007627,-1.224744871391589,-1.6184592256604498,0.37967212888114743,1.7496101475022634,-0.592650547840798,0.2462002046576992,-1.5033846310869767,1.7536009116288989,0.761295715761619,-0.2775943477299748,1.5917455343596372,-0.3305890744344259,-0.42623001504290225,0.26623257679518353,2.5899937140505074,1.2497094145398413,-0.6201892226844659,0.33809616377248186,-0.3278933184400019,-1.1676872598353416,-0.67914568407372,-0.5952272282818631,-0.43842229861417986
-0.10115885313749245,-0.9131943943761252,0.9730830412121604,-0.49381713700997326,0.2230329755142651,0.08504925188071054,-0.9374136927517607,-0.6605306743650394,0.816496580927726,1.432344783164646,-1.0261667362455194,-0.05778754527941413,-0.18630898752084787,-0.6608531809232983,1.2368204621527703,-0.0008353157335830591,1.172518493186978,-0.6780493930322938,-0.6282411217206918,-0.6039107501479276,-0.42623001504290225,0.26623257679518353,-0.9320143892374165,-0.678773515728442,0.15570708143992973,0.33809616377248186,-0.16461310905422857,0.2128019407098989,-0.67914568407372,-0.3148734873096303,-0.43842229861417986
0.8843578088720997,0.590048337687597,1.330073762402238,-0.49381713700997326,-0.270543951856408,0.08504925188071054,-0.9374136927517607,-0.6605306743650394,0.816496580927726,-0.33908980260476435,0.37967212888114743,0.8459113011114248,0.6263741331190523,-1.5679065665042955,-1.5033846310869767,0.6844083361065529,0.6287656135360162,-0.2775943477299748,-0.6282411217206918,0.48937595270607925,-0.42623001504290225,0.26623257679518353,0.2419883118585579,1.76397152927805,-0.6201892226844659,0.33809616377248186,-0.9810141559830952,-1.1676872598353416,-0.67914568407372,-1.1559347102263289,-0.43842229861417986
-0.21066070447189164,-0.9131943943761252,-0.34332024317625137,-0.49381713700997326,-1.010909342912418,0.08504925188071054,0.5653105475373214,-0.6605306743650394,0.816496580927726,0.6450405228226859,0.37967212888114743,-0.9614863916702531,0.6263741331190523,-1.5679065665042955,-0.1332820844671032,-0.915555911445765,-1.1868827328611855,0.523315742874663,-0.6282411217206918,-0.6039107501479276,-0.42623001504290225,1.1914379855160337,0.2419883118585579,-0.8073390444129942,-0.6201892226844659,-1.0778621289498782,-0.6544537372115486,-0.6154915796172453,-0.36871528743554577,-0.5952272282818631,-0.43842229861417986
-0.10115885313749245,0.590048337687597,-1.2010896149246324,-0.49381713700997326,-0.023755488171071402,0.08504925188071054,0.5653105475373214,1.1697805251007627,0.816496580927726,0.6450405228226859,-1.0261667362455194,-0.9614863916702531,0.6263741331190523,0.2462002046576992,-0.1332820844671032,-0.6618564012761144,1.0489830108367078,-1.0785044383346125,1.5917455343596372,0.48937595270607925,-0.42623001504290225,-1.5841782406465175,0.2419883118585579,-1.193035630466651,-2.171981830933257,-1.0778621289498782,-0.9810141559830952,-1.1676872598353416,-0.67914568407372,-1.1559347102263289,2.280905882663645
2.417383727553688,-0.9131943943761252,1.04745610812676,1.401512344464336,-1.010909342912418,-1.86842575225436,-0.9374136927517607,-1.5756862740979405,-1.224744871391589,-0.4375028351475093,-1.0261667362455194,-0.05778754527941413,1.0327156934390023,0.2462002046576992,1.2368204621527703,-0.21883841241202642,1.4552868555177445,1.7246808787816201,-0.6282411217206918,-1.150554101574931,-0.42623001504290225,1.1914379855160337,-0.9320143892374165,1.121143885855289,-0.6201892226844659,-1.0778621289498782,-0.4911735278257753,-0.3393937395081972,-0.36871528743554577,-0.3148734873096303,-0.43842229861417986
-0.8676718124782865,0.590048337687597,1.3028036378668848,-0.49381713700997326,-0.8875151110697495,0.08504925188071054,-0.9374136927517607,0.25462492536786163,0.816496580927726,0.4974209740085684,0.37967212888114743,-0.9614863916702531,0.6263741331190523,-0.6608531809232983,-0.1332820844671032,-0.8074042777134768,-1.3150560660846742,-1.0785044383346125,-0.6282411217206918,2.1293060069870893,2.3461510562538512,1.1914379855160337,0.2419883118585579,-0.678773515728442,0.15570708143992973,0.33809616377248186,-0.3278933184400019,-0.0632958993991491,-0.67914568407372,-0.03451974633739738,-0.43842229861417986
-0.6486681098094882,0.590048337687597,0.6929444891671688,-0.49381713700997326,-1.010909342912418,1.0617867539482455,0.5653105475373214,0.25462492536786163,0.816496580927726,1.038692652993666,0.37967212888114743,-0.9614863916702531,0.6263741331190523,-0.6608531809232983,1.2368204621527703,-0.8503249653636187,0.6270791223093914,-0.6780493930322938,-0.6282411217206918,0.48937595270607925,-0.42623001504290225,-0.6589728319256668,-0.9320143892374165,-1.3216011591512031,0.9316033855643253,0.33809616377248186,-0.9810141559830952,-0.8915894197262935,-0.36871528743554577,-1.1559347102263289,-0.43842229861417986
-0.5391662584750891,0.590048337687597,-0.6308961019127028,-0.49381713700997326,-1.010909342912418,0.08504925188071054,-0.9374136927517607,-0.6605306743650394,0.816496580927726,0.005355811294843232,0.37967212888114743,-0.05778754527941413,0.6263741331190523,-0.6608531809232983,-0.1332820844671032,-0.06011685956719487,-0.9791632301152252,-0.6780493930322938,-0.6282411217206918,0.48937595270607925,-0.42623001504290225,-0.6589728319256668,1.4159910129545328,-0.1645114009902331,0.15570708143992973,0.33809616377248186,0.4885077284888646,-0.0632958993991491,-0.67914568407372,1.3672489585237668,-0.43842229861417986
-0.10115885313749245,0.590048337687597,-1.6622026297951495,-0.49381713700997326,-0.3939381836990763,0.08504925188071054,-0.9374136927517607,-0.6605306743650394,-1.224744871391589,-0.5359158676902545,1.7855109940078144,-0.9614863916702531,-0.998992108160748,1.153253590238697,-0.1332820844671032,-0.7362239293827959,1.0806047213359238,0.12286069757234404,-0.6282411217206918,-0.8772324258614294,-0.42623001504290225,-0.6589728319256668,-0.9320143892374165,-0.8073390444129942,0.15570708143992973,0.33809616377248186,-0.9810141559830952,-1.1676872598353416,-0.67914568407372,-1.1559347102263289,-0.43842229861417986
-0.6486681098094882,0.590048337687597,-0.14003386027634596,-0.49381713700997326,-0.1471497200137397,1.0617867539482455,-0.9374136927517607,0.25462492536786163,-1.224744871391589,-0.2406767700620193,0.37967212888114743,-0.05778754527941413,-0.18630898752084787,1.153253590238697,1.2368204621527703,-0.44172851808033736,0.8950906864071904,-0.6780493930322938,-0.6282411217206918,2.1293060069870893,2.3461510562538512,1.1914379855160337,-0.9320143892374165,-0.035945872305680915,-0.6201892226844659,0.33809616377248186,0.651787937874638,0.7649976209279952,-0.36871528743554577,1.086895217551534,-0.43842229861417986
-0.21066070447189164,0.590048337687597,-0.06566079336174634,1.401512344464336,-1.010909342912418,1.0617867539482455,-0.1860515726072197,0.25462492536786163,0.816496580927726,-1.6676657419318222,-1.0261667362455194,-0.05778754527941413,1.0327156934390023,-1.5679065665042955,1.2368204621527703,-0.46552612707447544,1.2231132299857237,-1.0785044383346125,-0.6282411217206918,-0.3305890744344259,-0.42623001504290225,-0.6589728319256668,-0.9320143892374165,0.6068817711170802,-0.6201892226844659,0.33809616377248186,1.304908775417731,2.4215846615822842,-0.05828489079737142,1.086895217551534,-0.43842229861417986
0.8843578088720997,0.590048337687597,-1.5109773937354638,-0.49381713700997326,-0.3939381836990763,1.0617867539482455,1.3166726676818623,1.1697805251007627,0.816496580927726,-0.683535416504372,0.37967212888114743,0.8459113011114248,0.2200325727991022,-1.5679065665042955,-0.1332820844671032,1.4325456688597682,0.10595333328231306,0.523315742874663,1.5917455343596372,-0.3305890744344259,-0.42623001504290225,-0.6589728319256668,-0.9320143892374165,0.7354472998016324,0.15570708143992973,1.754054456494842,-1.1442943653688686,-1.1676872598353416,-0.67914568407372,-1.1559347102263289,-0.43842229861417986
0.008342998196906542,0.590048337687597,-1.0052405387161871,-0.49381713700997326,-0.270543951856408,1.0617867539482455,0.5653105475373214,-1.5756862740979405,0.816496580927726,-1.7660787744745672,0.37967212888114743,0.8459113011114248,0.2200325727991022,0.2462002046576992,1.2368204621527703,1.5215742239360528,1.538206007493466,0.523315742874663,-0.6282411217206918,-0.6039107501479276,-0.42623001504290225,-1.5841782406465175,-0.9320143892374165,0.6068817711170802,0.15570708143992973,1.754054456494842,-0.3278933184400019,-0.6154915796172453,-0.67914568407372,-0.5952272282818631,-0.43842229861417986
0.9938596602064989,0.590048337687597,0.3533074835904975,-2.3891466184842827,-0.5173324155417446,-0.8916882501868245,0.5653105475373214,-0.6605306743650394,0.816496580927726,0.6942470390940584,0.37967212888114743,-0.05778754527941413,-1.405333668480698,-0.6608531809232983,-1.5033846310869767,-0.3148787629955121,-0.5464376895503993,2.125135924083939,1.5917455343596372,1.8559843312735878,2.3461510562538512,1.1914379855160337,0.2419883118585579,0.6068817711170802,-0.6201892226844659,0.33809616377248186,-0.4911735278257753,-0.6154915796172453,-0.67914568407372,-0.5952272282818631,-0.43842229861417986
-0.7581699611438873,0.590048337687597,0.12275097615523896,-0.49381713700997326,-1.010909342912418,-1.86842575225436,-0.9374136927517607,1.1697805251007627,0.816496580927726,-0.5359158676902545,-1.0261667362455194,-0.05778754527941413,-0.998992108160748,1.153253590238697,-0.1332820844671032,-0.2925685045635077,0.23679694428129086,-0.6780493930322938,1.5917455343596372,-0.8772324258614294,-0.42623001504290225,0.26623257679518353,1.4159910129545328,-0.1645114009902331,-1.3960855268088614,-1.0778621289498782,0.4885077284888646,1.0410954610370433,0.25214550584080275,-1.1559347102263289,-0.43842229861417986
-0.21066070447189164,0.590048337687597,1.0201859835914069,-0.49381713700997326,-1.010909342912418,0.08504925188071054,0.5653105475373214,-0.6605306743650394,0.816496580927726,-1.7660787744745672,-1.0261667362455194,-0.9614863916702531,0.6263741331190523,0.2462002046576992,1.2368204621527703,-0.7742576080430702,1.6815577617565782,-0.6780493930322938,-0.6282411217206918,0.762697628419581,-0.42623001504290225,-1.5841782406465175,-0.9320143892374165,-0.678773515728442,0.15570708143992973,0.33809616377248186,-0.16461310905422857,-0.0632958993991491,-0.67914568407372,-0.03451974633739738,-0.43842229861417986
1.979376322216091,0.590048337687597,-1.7142637766353692,1.401512344464336,-1.010909342912418,-0.8916882501868245,-0.9374136927517607,-1.5756862740979405,0.816496580927726,0.20218187638033325,0.37967212888114743,0.8459113011114248,1.0327156934390023,1.153253590238697,-0.1332820844671032,0.7938348417492415,0.5310896633273271,0.12286069757234404,-0.6282411217206918,-0.3305890744344259,-0.42623001504290225,1.1914379855160337,0.2419883118585579,1.6354060005934978,0.9316033855643253,0.33809616377248186,-0.9810141559830952,-1.1676872598353416,-0.36871528743554577,-1.1559347102263289,-0.43842229861417986
0.11784484953130574,-2.416437126439847,-0.5689185461505365,-0.49381713700997326,-0.3939381836990763,0.08504925188071054,0.5653105475373214,-0.6605306743650394,-1.224744871391589,0.6450405228226859,-2.432005601372186,-0.05778754527941413,0.6263741331190523,1.153253590238697,-1.5033846310869767,-0.24943533826163253,0.19730494139115906,1.7246808787816201,1.5917455343596372,-0.8772324258614294,-0.42623001504290225,1.1914379855160337,2.5899937140505074,0.7354472998016324,0.15570708143992973,0.33809616377248186,0.9783483566461848,1.8693889813641877,-0.36871528743554577,1.3672489585237668,-0.43842229861417986
-0.32016255580629077,0.590048337687597,0.868960747531721,-0.49381713700997326,-1.010909342912418,-0.8916882501868245,0.5653105475373214,-1.5756862740979405,0.816496580927726,1.3831382668932737,0.37967212888114743,-0.05778754527941413,-0.18630898752084787,-0.6608531809232983,-0.1332820844671032,-0.46276390460194156,0.48105709027078986,-0.6780493930322938,-0.6282411217206918,-0.05726739872092413,-0.42623001504290225,0.26623257679518353,-0.9320143892374165,-0.8073390444129942,-0.6201892226844659,0.33809616377248186,-0.3278933184400019,-0.6154915796172453,-0.36871528743554577,-0.3148734873096303,-0.43842229861417986
2.08887817355049,0.590048337687597,1.4812989984619238,-0.49381713700997326,-0.270543951856408,0.08504925188071054,-0.9374136927517607,1.1697805251007627,0.816496580927726,-0.8311549653184895,-2.432005601372186,0.8459113011114248,-0.18630898752084787,1.153253590238697,1.2368204621527703,0.16086093823551564,1.037880276928094,0.523315742874663,-0.6282411217206918,-1.150554101574931,-0.42623001504290225,-1.5841782406465175,-0.9320143892374165,3.3067578734926766,0.15570708143992973,-1.0778621289498782,-0.16461310905422857,-0.0632958993991491,-0.67914568407372,-0.5952272282818631,-0.43842229861417986
-1.5246829204846812,0.590048337687597,-0.6482498175261093,1.401512344464336,-0.8875151110697495,-1.86842575225436,2.0680347878264036,0.25462492536786163,0.816496580927726,-0.1914702537906467,0.37967212888114743,-0.9614863916702531,1.4390572537589523,-1.5679065665042955,-1.5033846310869767,-0.8883586440238929,-0.6739083180961274,0.12286069757234404,-0.6282411217206918,-0.6039107501479276,-0.42623001504290225,0.26623257679518353,0.2419883118585579,-1.0644701017820986,0.15570708143992973,0.33809616377248186,-1.1442943653688686,-1.1676872598353416,-0.67914568407372,-1.1559347102263289,-0.43842229861417986
1.5413689168784943,0.590048337687597,-0.9184719606491544,-0.49381713700997326,-0.023755488171071402,1.0617867539482455,-0.9374136927517607,1.1697805251007627,0.816496580927726,1.4815512994360187,0.37967212888114743,-0.9614863916702531,-0.998992108160748,1.153253590238697,-0.1332820844671032,-0.9408408710020366,0.6200520755317879,0.12286069757234404,-0.6282411217206918,2.1293060069870893,2.3461510562538512,-0.6589728319256668,1.4159910129545328,-0.1645114009902331,0.9316033855643253,0.33809616377248186,-0.4911735278257753,-0.6154915796172453,-0.67914568407372,-0.3148734873096303,-0.43842229861417986
-0.7581699611438873,0.590048337687597,-1.275462681839232,-0.49381713700997326,-0.8875151110697495,0.08504925188071054,-0.9374136927517607,0.25462492536786163,0.816496580927726,1.629170848250136,-1.0261667362455194,-0.05778754527941413,-1.8116752288006481,1.153253590238697,-0.1332820844671032,-0.49952271135181553,0.21318606710854307,-0.6780493930322938,-0.6282411217206918,1.0360193041330827,-0.42623001504290225,-1.5841782406465175,2.5899937140505074,-0.035945872305680915,0.15570708143992973,0.33809616377248186,0.651787937874638,1.5932911412551396,2.425158282308023,1.086895217551534,-0.43842229861417986
0.9938596602064989,0.590048337687597,-0.33092473202381806,1.401512344464336,-0.023755488171071402,-0.8916882501868245,0.5653105475373214,0.25462492536786163,0.816496580927726,-0.09305722124790168,-1.0261667362455194,0.8459113011114248,1.0327156934390023,1.153253590238697,1.2368204621527703,0.6620980776745485,-0.10078238291478295,-0.6780493930322938,-0.6282411217206918,0.21605427699257748,-0.42623001504290225,1.1914379855160337,-0.9320143892374165,-0.2930769296747854,0.15570708143992973,0.33809616377248186,0.3252275191030913,1.0410954610370433,0.562575902478977,0.8065414765793012,2.280905882663645
0.33684855220010396,-0.9131943943761252,-0.6755199420614625,-0.49381713700997326,-1.010909342912418,1.0617867539482455,-0.9374136927517607,0.25462492536786163,0.816496580927726,0.5958340065513134,-1.0261667362455194,1.7496101475022634,-1.8116752288006481,-0.6608531809232983,-0.1332820844671032,1.4873651610069791,-0.027841637363258235,-0.6780493930322938,-0.6282411217206918,1.8559843312735878,2.3461510562538512,1.1914379855160337,0.2419883118585579,1.3782749432243937,0.15570708143992973,-1.0778621289498782,2.447870241118145,-0.3393937395081972,2.735588678946197,1.9279564404682328,-0.43842229861417986
1.5413689168784943,0.590048337687597,-0.42265151455182415,1.401512344464336,1.456975293940948,1.0617867539482455,-0.1860515726072197,0.25462492536786163,0.816496580927726,0.25138839265170587,0.37967212888114743,-0.05778754527941413,1.0327156934390023,1.153253590238697,1.2368204621527703,-0.22563772926749442,-0.8278006425256449,-1.0785044383346125,1.5917455343596372,1.8559843312735878,2.3461510562538512,1.1914379855160337,-0.9320143892374165,-0.035945872305680915,-0.6201892226844659,-2.4938204216722384,0.4885077284888646,0.7649976209279952,-0.36871528743554577,-1.1559347102263289,-0.43842229861417986
-0.7581699611438873,0.590048337687597,1.3176782512498049,1.401512344464336,-0.6407266473844129,-0.8916882501868245,0.5653105475373214,0.25462492536786163,-1.224744871391589,-0.14226373751927418,-1.0261667362455194,-0.05778754527941413,1.0327156934390023,-0.6608531809232983,-1.5033846310869767,-0.2749327764696376,0.7655119438281811,-0.6780493930322938,1.5917455343596372,-0.8772324258614294,-0.42623001504290225,-0.6589728319256668,2.5899937140505074,-0.035945872305680915,0.9316033855643253,-1.0778621289498782,0.651787937874638,1.0410954610370433,-0.05828489079737142,0.8065414765793012,-0.43842229861417986
0.9938596602064989,-0.9131943943761252,-0.40777690116890425,-0.49381713700997326,-1.010909342912418,0.08504925188071054,0.5653105475373214,0.25462492536786163,0.816496580927726,-1.2740136117608423,-1.0261667362455194,0.8459113011114248,-1.8116752288006481,-1.5679065665042955,-0.1332820844671032,0.8860505766015264,-1.5699973231761304,-0.2775943477299748,1.5917455343596372,-0.6039107501479276,-0.42623001504290225,0.26623257679518353,0.2419883118585579,1.2497094145398413,1.707499689688721,-1.0778621289498782,0.4885077284888646,1.317193301146092,2.1147278856698484,0.24583399463483543,-0.43842229861417986
-0.5391662584750891,0.590048337687597,0.7202146137025219,1.401512344464336,-0.3939381836990763,1.0617867539482455,0.5653105475373214,-0.6605306743650394,0.816496580927726,1.038692652993666,0.37967212888114743,-0.05778754527941413,1.0327156934390023,0.2462002046576992,1.2368204621527703,-0.3172160281645793,1.4037083321701342,-0.6780493930322938,-0.6282411217206918,0.21605427699257748,-0.42623001504290225,-1.5841782406465175,-0.9320143892374165,0.09261965637887119,-2.171981830933257,0.33809616377248186,0.651787937874638,1.0410954610370433,0.8730062991171512,0.8065414765793012,-0.43842229861417986
1.869874470881692,0.590048337687597,1.0276232902828666,-0.49381713700997326,-0.8875151110697495,1.0617867539482455,2.0680347878264036,-1.5756862740979405,-1.224744871391589,-0.28988328633339183,0.37967212888114743,0.8459113011114248,0.2200325727991022,0.2462002046576992,-0.1332820844671032,1.4971391789867141,1.361546051504513,2.5255909693862577,-0.6282411217206918,-0.8772324258614294,-0.42623001504290225,-1.5841782406465175,0.2419883118585579,0.6068817711170802,1.707499689688721,-2.4938204216722384,-0.4911735278257753,-0.3393937395081972,-0.67914568407372,-0.3148734873096303,-0.43842229861417986
-1.4151810691502822,0.590048337687597,1.3647811936290513,1.401512344464336,-0.7641208792270812,-0.8916882501868245,1.3166726676818623,-1.5756862740979405,-1.224744871391589,-1.6184592256604498,0.37967212888114743,-0.05778754527941413,1.0327156934390023,0.2462002046576992,-0.1332820844671032,-0.3195532933336464,0.45055970725599054,-1.0785044383346125,-0.6282411217206918,1.5826626555600862,2.3461510562538512,-1.5841782406465175,0.2419883118585579,-0.9359045730975464,-0.6201892226844659,-1.0778621289498782,-0.6544537372115486,-0.6154915796172453,-0.67914568407372,-0.5952272282818631,-0.43842229861417986
-0.9771736638126856,-2.416437126439847,-1.6919518565609897,1.401512344464336,-0.6407266473844129,0.08504925188071054,0.5653105475373214,-0.6605306743650394,0.816496580927726,-1.1263940629467246,0.37967212888114743,-0.05778754527941413,1.0327156934390023,0.2462002046576992,-0.1332820844671032,-0.48486168438221255,-0.7659626308827338,-0.6780493930322938,-0.6282411217206918,-0.05726739872092413,-0.42623001504290225,-0.6589728319256668,-0.9320143892374165,-0.8073390444129942,0.15570708143992973,1.754054456494842,-0.3278933184400019,-0.0632958993991491,-0.67914568407372,-0.03451974633739738,-0.43842229861417986
2.3078818762192883,0.590048337687597,-0.29869640302749156,1.401512344464336,0.0996387436715968,1.0617867539482455,0.5653105475373214,1.1697805251007627,0.816496580927726,-1.4216331605749597,0.37967212888114743,1.7496101475022634,1.0327156934390023,0.2462002046576992,1.2368204621527703,1.565769783496595,1.418886753209758,-1.0785044383346125,-0.6282411217206918,-0.6039107501479276,-0.42623001504290225,0.26623257679518353,-0.9320143892374165,3.4353234021772288,-1.3960855268088614,-1.0778621289498782,4.897073381904744,1.5932911412551396,-0.36871528743554577,1.086895217551534,-0.43842229861417986
0.7748559575377005,-2.416437126439847,-0.7771631335114152,-0.49381713700997326,1.7037637576262843,0.08504925188071054,0.5653105475373214,-0.6605306743650394,0.816496580927726,0.05456232756621574,0.37967212888114743,-0.05778754527941413,-0.998992108160748,-0.6608531809232983,-0.1332820844671032,-0.947852666509238,1.507989706349771,0.523315742874663,-0.6282411217206918,-0.8772324258614294,-0.42623001504290225,0.26623257679518353,0.2419883118585579,0.7354472998016324,0.15570708143992973,1.754054456494842,-0.6544537372115486,-0.6154915796172453,-0.36871528743554577,-0.5952272282818631,-0.43842229861417986
0.008342998196906542,0.590048337687597,0.011191375783339652,-2.3891466184842827,-0.3939381836990763,1.0617867539482455,-1.6887758128963017,0.25462492536786163,0.816496580927726,-0.14226373751927418,0.37967212888114743,-0.9614863916702531,-1.405333668480698,-1.5679065665042955,-1.5033846310869767,-0.9412658283055034,1.311935101254632,0.523315742874663,1.5917455343596372,1.8559843312735878,2.3461510562538512,1.1914379855160337,-0.9320143892374165,-0.5502079870438897,0.15570708143992973,0.33809616377248186,-0.6544537372115486,-0.6154915796172453,-0.67914568407372,-0.5952272282818631,2.280905882663645
-0.5391662584750891,0.590048337687597,0.06077342039307275,-0.49381713700997326,-1.010909342912418,-1.86842575225436,-0.9374136927517607,1.1697805251007627,0.816496580927726,0.25138839265170587,0.37967212888114743,-0.9614863916702531,0.6263741331190523,-1.5679065665042955,1.2368204621527703,-0.7536471788249328,0.12155337712859286,-0.6780493930322938,-0.6282411217206918,-0.6039107501479276,-0.42623001504290225,1.1914379855160337,-0.9320143892374165,-1.3216011591512031,-0.6201892226844659,0.33809616377248186,-0.9810141559830952,-1.1676872598353416,-0.67914568407372,-1.1559347102263289,-0.43842229861417986
-1.8531884744878788,-0.9131943943761252,0.16985391853448534,-0.49381713700997326,-0.3939381836990763,0.08504925188071054,-0.9374136927517607,1.1697805251007627,-1.224744871391589,0.005355811294843232,-1.0261667362455194,-0.9614863916702531,-0.998992108160748,1.153253590238697,1.2368204621527703,-0.7600215383769341,0.7687443853458787,-0.6780493930322938,1.5917455343596372,0.762697628419581,-0.42623001504290225,-0.6589728319256668,-0.9320143892374165,-1.3216011591512031,1.707499689688721,0.33809616377248186,-0.9810141559830952,-1.1676872598353416,-0.36871528743554577,-1.1559347102263289,2.280905882663645
-0.32016255580629077,0.590048337687597,-0.3408411409457647,-0.49381713700997326,-0.3939381836990763,1.0617867539482455,1.3166726676818623,-1.5756862740979405,-1.224744871391589,-1.2248070954894696,0.37967212888114743,-0.05778754527941413,0.6263741331190523,0.2462002046576992,1.2368204621527703,-0.3599242371629877,-0.25734498511978976,-0.6780493930322938,-0.6282411217206918,-0.3305890744344259,-0.42623001504290225,0.26623257679518353,-0.9320143892374165,0.6068817711170802,0.15570708143992973,0.33809616377248186,1.4681889848035046,2.4215846615822842,-0.05828489079737142,1.6476026994959998,-0.43842229861417986
0.008342998196906542,-2.416437126439847,0.5888221954867294,-0.49381713700997326,-0.8875151110697495,-0.8916882501868245,-0.9374136927517607,0.25462492536786163,0.816496580927726,1.6783773645215088,-1.0261667362455194,-0.05778754527941413,-1.8116752288006481,1.153253590238697,-1.5033846310869767,-0.2847067944493728,0.21599688581958448,0.9237707881769819,-0.6282411217206918,-0.3305890744344259,-0.42623001504290225,1.1914379855160337,0.2419883118585579,0.7354472998016324,-0.6201892226844659,1.754054456494842,-0.9810141559830952,-1.1676872598353416,-0.67914568407372,-1.1559347102263289,-0.43842229861417986
2.417383727553688,-2.416437126439847,1.5308810430716568,-2.3891466184842827,-0.8875151110697495,1.0617867539482455,-1.6887758128963017,0.25462492536786163,-1.224744871391589,-1.6676657419318222,-1.0261667362455194,2.6533089938931025,-0.592650547840798,1.153253590238697,-0.1332820844671032,2.622213639914938,1.069361446491758,2.5255909693862577,-0.6282411217206918,1.5826626555600862,2.3461510562538512,1.1914379855160337,0.2419883118585579,2.406799172700811,0.15570708143992973,0.33809616377248186,-0.6544537372115486,-0.6154915796172453,-0.05828489079737142,-0.5952272282818631,-0.43842229861417986
1.4318670655440953,-0.9131943943761252,0.7747548627732282,-0.49381713700997326,-1.010909342912418,0.08504925188071054,-0.9374136927517607,-1.5756862740979405,-1.224744871391589,0.3498014251944509,0.37967212888114743,2.6533089938931025,0.2200325727991022,-0.6608531809232983,-0.1332820844671032,2.47942798595011,-0.6406001163702867,0.12286069757234404,1.5917455343596372,1.0360193041330827,-0.42623001504290225,-1.5841782406465175,-0.9320143892374165,2.1496681153317065,-1.3960855268088614,-1.0778621289498782,0.16194730971731802,-0.3393937395081972,-0.67914568407372,0.8065414765793012,-0.43842229861417986
-1.3056792178158831,0.590048337687597,-1.3944595889025913,1.401512344464336,-0.5173324155417446,0.08504925188071054,-0.1860515726072197,0.25462492536786163,0.816496580927726,-0.978774514132607,-1.0261667362455194,-0.05778754527941413,1.0327156934390023,0.2462002046576992,1.2368204621527703,-0.1612566977922816,1.7772661388675384,-0.6780493930322938,1.5917455343596372,-1.150554101574931,-0.42623001504290225,1.1914379855160337,-0.9320143892374165,-0.678773515728442,-1.3960855268088614,0.33809616377248186,-0.16461310905422857,-0.0632958993991491,-0.67914568407372,-0.3148734873096303,2.280905882663645
-1.3056792178158831,0.590048337687597,1.1838067308035256,-0.49381713700997326,-0.270543951856408,-1.86842575225436,0.5653105475373214,1.1697805251007627,0.816496580927726,-0.09305722124790168,-1.0261667362455194,-0.9614863916702531,0.6263741331190523,1.153253590238697,-0.1332820844671032,-0.767883248491069,1.76855260086331,-0.6780493930322938,-0.6282411217206918,-1.150554101574931,-0.42623001504290225,0.26623257679518353,1.4159910129545328,-1.193035630466651,-0.6201892226844659,0.33809616377248186,-0.8177339465973219,-0.6154915796172453,-0.05828489079737142,-0.8755809692540959,-0.43842229861417986
-1.6341847718190805,0.590048337687597,-0.6656035331395159,-0.49381713700997326,0.7166099028849382,0.08504925188071054,0.5653105475373214,-0.6605306743650394,-1.224744871391589,-0.33908980260476435,0.37967212888114743,-0.9614863916702531,-0.998992108160748,1.153253590238697,1.2368204621527703,-0.7717078642222698,1.3311892094252658,-0.6780493930322938,-0.6282411217206918,-0.05726739872092413,-0.42623001504290225,0.26623257679518353,-0.9320143892374165,-1.3216011591512031,1.707499689688721,0.33809616377248186,-1.1442943653688686,-1.1676872598353416,-0.67914568407372,-1.1559347102263289,-0.43842229861417986
1.5413689168784943,-0.9131943943761252,1.620128723369176,-0.49381713700997326,-1.010909342912418,1.0617867539482455,0.5653105475373214,-1.5756862740979405,-1.224744871391589,-1.7660787744745672,-1.0261667362455194,0.8459113011114248,-1.8116752288006481,-1.5679065665042955,1.2368204621527703,0.2084561562237918,1.61381703082048,0.12286069757234404,-0.6282411217206918,1.3093409798465845,2.3461510562538512,0.26623257679518353,-0.9320143892374165,1.5068404719089457,-1.3960855268088614,-1.0778621289498782,0.9783483566461848,2.1454868214732365,3.046019075584371,1.086895217551534,-0.43842229861417986
-0.32016255580629077,-0.9131943943761252,-0.35819485655917127,-0.49381713700997326,-0.270543951856408,0.08504925188071054,-0.9374136927517607,-1.5756862740979405,0.816496580927726,0.005355811294843232,-2.432005601372186,-0.05778754527941413,-0.998992108160748,0.2462002046576992,1.2368204621527703,-0.09113874272026767,1.2049834492995064,-0.6780493930322938,1.5917455343596372,2.402627682700591,2.3461510562538512,1.1914379855160337,-0.9320143892374165,-0.2930769296747854,0.15570708143992973,0.33809616377248186,0.3252275191030913,0.7649976209279952,-0.67914568407372,0.5261877356070683,2.280905882663645
1.869874470881692,-2.416437126439847,-1.6374116074902831,-2.3891466184842827,2.073946453154289,0.08504925188071054,-1.6887758128963017,1.1697805251007627,-1.224744871391589,-1.7660787744745672,1.7855109940078144,1.7496101475022634,-0.592650547840798,1.153253590238697,1.2368204621527703,2.3000960038871407,-0.06213362563796344,-0.2775943477299748,1.5917455343596372,-0.8772324258614294,-0.42623001504290225,0.26623257679518353,-0.9320143892374165,1.5068404719089457,0.15570708143992973,0.33809616377248186,-0.3278933184400019,-0.3393937395081972,0.562575902478977,-0.03451974633739738,-0.43842229861417986
-1.4151810691502822,0.590048337687597,0.804504089539068,-0.49381713700997326,1.0867925984129432,-1.86842575225436,-0.9374136927517607,-0.6605306743650394,0.816496580927726,-0.683535416504372,0.37967212888114743,-0.9614863916702531,-0.998992108160748,0.2462002046576992,-0.1332820844671032,-0.7923182934404072,-0.14842576006693492,-1.0785044383346125,-0.6282411217206918,-0.8772324258614294,-0.42623001504290225,0.26623257679518353,0.2419883118585579,-0.678773515728442,-0.6201892226844659,0.33809616377248186,-0.3278933184400019,-0.3393937395081972,-0.36871528743554577,-0.5952272282818631,-0.43842229861417986
-0.32016255580629077,0.590048337687597,0.5665102754123496,-0.49381713700997326,-0.3939381836990763,1.0617867539482455,-0.9374136927517607,0.25462492536786163,-1.224744871391589,-1.0279810304039796,-1.0261667362455194,-0.05778754527941413,0.6263741331190523,-0.6608531809232983,-1.5033846310869767,-0.42451774728993397,0.09653709060032425,1.3242258334793011,-0.6282411217206918,-0.05726739872092413,-0.42623001504290225,0.26623257679518353,0.2419883118585579,0.09261965637887119,0.15570708143992973,0.33809616377248186,-0.9810141559830952,-1.1676872598353416,-0.67914568407372,-1.1559347102263289,-0.43842229861417986
0.008342998196906542,0.590048337687597,0.9582084278292404,1.401512344464336,-0.7641208792270812,0.08504925188071054,-0.9374136927517607,0.25462492536786163,0.816496580927726,1.038692652993666,0.37967212888114743,0.8459113011114248,1.0327156934390023,1.153253590238697,1.2368204621527703,0.19655735172672278,0.027109868437601364,-0.2775943477299748,-0.6282411217206918,-0.8772324258614294,-0.42623001504290225,-1.5841782406465175,-0.9320143892374165,0.09261965637887119,0.15570708143992973,0.33809616377248186,-0.3278933184400019,-0.3393937395081972,-0.36871528743554577,-0.3148734873096303,-0.43842229861417986
-0.32016255580629077,0.590048337687597,1.367260295859538,-0.49381713700997326,-0.5173324155417446,0.08504925188071054,0.5653105475373214,0.25462492536786163,-1.224744871391589,-1.0279810304039796,-1.0261667362455194,0.8459113011114248,-0.592650547840798,-1.5679065665042955,1.2368204621527703,1.0896051249621002,-1.2224395895558595,-0.2775943477299748,-0.6282411217206918,-0.8772324258614294,-0.42623001504290225,1.1914379855160337,-0.9320143892374165,0.3497507137479757,2.4833959938131165,0.33809616377248186,0.651787937874638,1.5932911412551396,0.8730062991171512,1.086895217551534,-0.43842229861417986
-0.10115885313749245,-0.9131943943761252,1.6473988479045294,1.401512344464336,0.2230329755142651,-0.8916882501868245,2.0680347878264036,-0.6605306743650394,-1.224744871391589,1.2847252343505289,0.37967212888114743,0.8459113011114248,1.0327156934390023,1.153253590238697,-0.1332820844671032,0.6873830372308203,1.214118610110391,-1.0785044383346125,-0.6282411217206918,-0.3305890744344259,-0.42623001504290225,0.26623257679518353,0.2419883118585579,-0.1645114009902331,2.4833959938131165,0.33809616377248186,0.3252275191030913,0.7649976209279952,-0.05828489079737142,1.086895217551534,-0.43842229861417986
-0.10115885313749245,0.590048337687597,0.29628813228930456,-0.49381713700997326,-0.7641208792270812,-0.8916882501868245,-0.9374136927517607,-1.5756862740979405,-1.224744871391589,-1.3232201280322147,0.37967212888114743,-0.9614863916702531,-0.998992108160748,1.153253590238697,-1.5033846310869767,-0.7793570956846713,-1.6516516067318836,0.9237707881769819,-0.6282411217206918,1.8559843312735878,2.3461510562538512,-1.5841782406465175,0.2419883118585579,-0.5502079870438897,-0.6201892226844659,0.33809616377248186,-0.9810141559830952,-1.1676872598353416,-0.67914568407372,-1.1559347102263289,-0.43842229861417986
0.6653541062033014,-0.9131943943761252,-1.012677845407647,1.401512344464336,2.073946453154289,-0.8916882501868245,-0.9374136927517607,0.25462492536786163,0.816496580927726,1.2847252343505289,0.37967212888114743,1.7496101475022634,-0.592650547840798,1.153253590238697,-0.1332820844671032,2.221691381397525,0.7281280549713303,-0.6780493930322938,1.5917455343596372,-0.8772324258614294,-0.42623001504290225,1.1914379855160337,1.4159910129545328,1.76397152927805,0.15570708143992973,1.754054456494842,2.9377108692754645,2.1454868214732365,0.562575902478977,2.2083101814404653,-0.43842229861417986
-0.7581699611438873,-0.9131943943761252,1.2631380021790986,-0.49381713700997326,1.7037637576262843,0.08504925188071054,-0.9374136927517607,-1.5756862740979405,0.816496580927726,1.4815512994360187,-2.432005601372186,-0.9614863916702531,0.6263741331190523,0.2462002046576992,-1.5033846310869767,-0.8265273563694806,1.1238913294859614,-0.6780493930322938,-0.6282411217206918,2.6759493584140928,2.3461510562538512,0.26623257679518353,2.5899937140505074,-0.1645114009902331,-0.6201892226844659,-1.0778621289498782,0.4885077284888646,0.7649976209279952,-0.67914568407372,1.3672489585237668,-0.43842229861417986
-0.42966440714068993,-2.416437126439847,-0.13011745135439937,1.401512344464336,1.5803695257836163,-0.8916882501868245,-0.1860515726072197,0.25462492536786163,0.816496580927726,1.432344783164646,0.37967212888114743,-0.05778754527941413,1.0327156934390023,-0.6608531809232983,-0.1332820844671032,-0.07584027979546468,0.16399673966531828,-1.0785044383346125,-0.6282411217206918,-0.6039107501479276,-0.42623001504290225,-1.5841782406465175,0.2419883118585579,-0.4216424583593375,-0.6201892226844659,1.754054456494842,-0.0013328996684552844,0.7649976209279952,-0.67914568407372,0.8065414765793012,-0.43842229861417986
2.08887817355049,0.590048337687597,-0.8961600405747744,-0.49381713700997326,0.59321567104227,1.0617867539482455,-0.9374136927517607,-0.6605306743650394,-1.224744871391589,0.3005949089230784,0.37967212888114743,-0.9614863916702531,0.6263741331190523,-0.6608531809232983,-0.1332820844671032,-0.3272025247960479,-1.3777373233408976,2.5255909693862577,1.5917455343596372,0.762697628419581,-0.42623001504290225,-1.5841782406465175,2.5899937140505074,-0.5502079870438897,-0.6201892226844659,0.33809616377248186,-0.3278933184400019,-0.0632958993991491,0.562575902478977,-0.3148734873096303,2.280905882663645
1.5413689168784943,0.590048337687597,-0.29373819856651834,-0.49381713700997326,-0.3939381836990763,0.08504925188071054,-0.9374136927517607,-1.5756862740979405,0.816496580927726,-0.7327419327757445,0.37967212888114743,2.6533089938931025,0.2200325727991022,0.2462002046576992,1.2368204621527703,2.7694613455661674,-1.1034014171432556,1.7246808787816201,-0.6282411217206918,-0.6039107501479276,-0.42623001504290225,0.26623257679518353,-0.9320143892374165,1.5068404719089457,1.707499689688721,0.33809616377248186,2.1213098223465976,3.8020738621275245,3.9773102654988937,3.049371404357164,-0.43842229861417986
-0.6486681098094882,0.590048337687597,-1.3721476688282117,1.401512344464336,-0.3939381836990763,1.0617867539482455,-0.9374136927517607,-0.6605306743650394,0.816496580927726,0.4974209740085684,-2.432005601372186,-0.05778754527941413,1.0327156934390023,0.2462002046576992,-0.1332820844671032,-0.07031583485039687,0.9031015197336584,0.523315742874663,1.5917455343596372,0.762697628419581,-0.42623001504290225,-0.6589728319256668,-0.9320143892374165,0.09261965637887119,0.15570708143992973,-1.0778621289498782,-0.0013328996684552844,0.7649976209279952,1.4938670923934998,0.8065414765793012,2.280905882663645
-1.196177366481484,0.590048337687597,0.09548085161988586,-0.49381713700997326,-0.3939381836990763,0.08504925188071054,1.3166726676818623,0.25462492536786163,-1.224744871391589,-0.978774514132607,-1.0261667362455194,-0.9614863916702531,0.6263741331190523,-0.6608531809232983,-0.1332820844671032,-0.8785846260441577,1.2630268556825115,-0.6780493930322938,-0.6282411217206918,1.0360193041330827,-0.42623001504290225,0.26623257679518353,-0.9320143892374165,-0.8073390444129942,0.15570708143992973,-1.0778621289498782,-0.3278933184400019,-0.0632958993991491,0.562575902478977,-0.3148734873096303,-0.43842229861417986
2.3078818762192883,0.590048337687597,-1.6250160963378495,-0.49381713700997326,1.7037637576262843,1.0617867539482455,0.5653105475373214,1.1697805251007627,-1.224744871391589,1.3831382668932737,0.37967212888114743,0.8459113011114248,-1.8116752288006481,1.153253590238697,-0.1332820844671032,0.8093457833257779,-1.5246026009928115,-0.6780493930322938,-0.6282411217206918,-0.8772324258614294,-0.42623001504290225,1.1914379855160337,0.2419883118585579,3.692454459546333,0.15570708143992973,-1.0778621289498782,5.386914010062064,1.5932911412551396,3.9773102654988937,0.5261877356070683,2.280905882663645
-1.9626903258222776,0.590048337687597,-0.6804781465224358,1.401512344464336,1.5803695257836163,-1.86842575225436,-0.1860515726072197,1.1697805251007627,0.816496580927726,-0.781948449047117,0.37967212888114743,-0.9614863916702531,1.4390572537589523,0.2462002046576992,1.2368204621527703,-1.0258323316953868,1.7577309488258006,-0.6780493930322938,1.5917455343596372,1.0360193041330827,-0.42623001504290225,1.1914379855160337,-0.9320143892374165,-1.4501666878357553,-0.6201892226844659,-1.0778621289498782,-1.1442943653688686,-1.1676872598353416,-0.67914568407372,-1.1559347102263289,2.280905882663645
-1.6341847718190805,0.590048337687597,-0.5168573993103168,-0.49381713700997326,-0.8875151110697495,-1.86842575225436,2.0680347878264036,0.25462492536786163,0.816496580927726,1.6783773645215088,0.37967212888114743,-0.9614863916702531,-0.998992108160748,1.153253590238697,-0.1332820844671032,-0.8456504350254844,0.7007225725386765,-1.0785044383346125,-0.6282411217206918,-0.3305890744344259,-0.42623001504290225,0.26623257679518353,0.2419883118585579,-1.0644701017820986,-0.6201892226844659,0.33809616377248186,-0.8177339465973219,-0.8915894197262935,-0.05828489079737142,-0.8755809692540959,-0.43842229861417986
1.3223652142096962,0.590048337687597,-0.8242660758906616,-0.49381713700997326,1.3335810620982798,1.0617867539482455,0.5653105475373214,0.25462492536786163,-1.224744871391589,1.4815512994360187,0.37967212888114743,-0.05778754527941413,-0.18630898752084787,-1.5679065665042955,-0.1332820844671032,0.013613232584286344,-1.2317152913022962,-0.6780493930322938,-0.6282411217206918,-0.3305890744344259,-0.42623001504290225,0.26623257679518353,-0.9320143892374165,0.6068817711170802,-0.6201892226844659,-1.0778621289498782,1.304908775417731,1.8693889813641877,0.8730062991171512,1.9279564404682328,-0.43842229861417986
0.6653541062033014,-0.9131943943761252,0.38305671035633737,-0.49381713700997326,2.320734916839626,0.08504925188071054,0.5653105475373214,-0.6605306743650394,-1.224744871391589,0.3005949089230784,1.7855109940078144,-0.9614863916702531,0.6263741331190523,0.2462002046576992,1.2368204621527703,-0.374797742784324,0.24972671035208147,0.523315742874663,-0.6282411217206918,-0.8772324258614294,-0.42623001504290225,1.1914379855160337,-0.9320143892374165,0.8640128284861845,-0.6201892226844659,0.33809616377248186,-0.6544537372115486,-0.6154915796172453,-0.36871528743554577,-0.5952272282818631,-0.43842229861417986
1.4318670655440953,-0.9131943943761252,0.016149580244312952,1.401512344464336,0.3464272073569334,0.08504925188071054,-0.1860515726072197,0.25462492536786163,-1.224744871391589,0.546627490279941,0.37967212888114743,0.8459113011114248,1.0327156934390023,1.153253590238697,1.2368204621527703,0.5747693518121312,-1.0776824259372266,0.523315742874663,-0.6282411217206918,-1.150554101574931,-0.42623001504290225,1.1914379855160337,-0.9320143892374165,0.6068817711170802,0.15570708143992973,0.33809616377248186,-0.8177339465973219,-0.6154915796172453,-0.05828489079737142,-0.8755809692540959,-0.43842229861417986
-0.6486681098094882,0.590048337687597,-0.6457707152956227,1.401512344464336,1.3335810620982798,0.08504925188071054,-0.9374136927517607,-0.6605306743650394,-1.224744871391589,0.25138839265170587,-2.432005601372186,-0.05778754527941413,1.0327156934390023,0.2462002046576992,-0.1332820844671032,-0.41304390009633163,1.4721517677839928,0.12286069757234404,1.5917455343596372,-1.150554101574931,-0.42623001504290225,0.26623257679518353,0.2419883118585579,-0.9359045730975464,-0.6201892226844659,0.33809616377248186,-0.8177339465973219,-0.6154915796172453,-0.05828489079737142,-0.5952272282818631,2.280905882663645
0.44635040353450317,0.590048337687597,-0.0012041353690934484,1.401512344464336,-0.023755488171071402,-1.86842575225436,-0.9374136927517607,0.25462492536786163,0.816496580927726,1.4815512994360187,0.37967212888114743,0.8459113011114248,1.0327156934390023,0.2462002046576992,-1.5033846310869767,0.3582536056958215,0.9673287272809546,0.12286069757234404,1.5917455343596372,-0.6039107501479276,-0.42623001504290225,0.26623257679518353,0.2419883118585579,0.09261965637887119,-0.6201892226844659,0.33809616377248186,0.3252275191030913,0.7649976209279952,-0.67914568407372,0.8065414765793012,-0.43842229861417986
-1.196177366481484,0.590048337687597,1.3697393980900243,-2.3891466184842827,1.950552221311621,-1.86842575225436,-0.9374136927517607,0.25462492536786163,-1.224744871391589,-0.2406767700620193,0.37967212888114743,-0.9614863916702531,-1.405333668480698,0.2462002046576992,-0.1332820844671032,-0.7566218799492,-0.758513961298474,-0.6780493930322938,-0.6282411217206918,2.1293060069870893,2.3461510562538512,1.1914379855160337,0.2419883118585579,-0.4216424583593375,0.15570708143992973,0.33809616377248186,0.16194730971731802,0.7649976209279952,0.8730062991171512,0.8065414765793012,-0.43842229861417986
-0.10115885313749245,0.590048337687597,-1.4539580424342708,-0.49381713700997326,-0.3939381836990763,-0.8916882501868245,0.5653105475373214,-0.6605306743650394,0.816496580927726,0.8910731041795484,0.37967212888114743,-0.05778754527941413,-0.18630898752084787,-0.6608531809232983,-1.5033846310869767,-0.3318770551341822,-1.6153920453594492,1.3242258334793011,-0.6282411217206918,1.3093409798465845,2.3461510562538512,1.1914379855160337,1.4159910129545328,-0.5502079870438897,-2.171981830933257,0.33809616377248186,-0.6544537372115486,-0.6154915796172453,-0.67914568407372,-0.8755809692540959,-0.43842229861417986
1.5413689168784943,-0.9131943943761252,0.861523440840261,-0.49381713700997326,-0.1471497200137397,1.0617867539482455,-0.9374136927517607,-1.5756862740979405,0.816496580927726,-0.6343289002329995,-2.432005601372186,0.8459113011114248,-0.18630898752084787,1.153253590238697,1.2368204621527703,0.8811635676116588,1.5230275864538425,-0.2775943477299748,-0.6282411217206918,-0.05726739872092413,-0.42623001504290225,1.1914379855160337,-0.9320143892374165,0.8640128284861845,-0.6201892226844659,0.33809616377248186,-0.4911735278257753,-0.6154915796172453,-0.67914568407372,-0.3148734873096303,2.280905882663645
0.22734670086570485,0.590048337687597,1.3052827400973714,1.401512344464336,-0.6407266473844129,1.0617867539482455,-0.9374136927517607,1.1697805251007627,-1.224744871391589,-0.9295679978612343,-1.0261667362455194,-0.05778754527941413,1.0327156934390023,0.2462002046576992,-0.1332820844671032,-0.1276850708184083,0.03891530702397526,0.523315742874663,-0.6282411217206918,-0.3305890744344259,-0.42623001504290225,0.26623257679518353,0.2419883118585579,0.7354472998016324,-1.3960855268088614,1.754054456494842,1.304908775417731,1.8693889813641877,0.8730062991171512,1.3672489585237668,-0.43842229861417986
-1.3056792178158831,0.590048337687597,0.38801491481731065,1.401512344464336,2.320734916839626,0.08504925188071054,-0.9374136927517607,-1.5756862740979405,0.816496580927726,-1.2248070954894696,-1.0261667362455194,-0.05778754527941413,1.0327156934390023,0.2462002046576992,-0.1332820844671032,0.45386899897584054,1.47875719175494,-0.2775943477299748,-0.6282411217206918,0.762697628419581,-0.42623001504290225,1.1914379855160337,-0.9320143892374165,-0.678773515728442,0.15570708143992973,0.33809616377248186,-0.8177339465973219,-0.6154915796172453,-0.05828489079737142,-0.5952272282818631,-0.43842229861417986
-0.7581699611438873,0.590048337687597,1.0846426415840595,-2.3891466184842827,-0.023755488171071402,0.08504925188071054,-1.6887758128963017,0.25462492536786163,0.816496580927726,-0.880361481589862,0.37967212888114743,-0.05778754527941413,-1.405333668480698,1.153253590238697,-0.1332820844671032,-0.033132070797056164,-0.04653358179168363,-1.0785044383346125,1.5917455343596372,1.0360193041330827,-0.42623001504290225,1.1914379855160337,-0.9320143892374165,0.09261965637887119,-0.6201892226844659,-2.4938204216722384,0.651787937874638,1.317193301146092,0.562575902478977,0.8065414765793012,-0.43842229861417986
-0.5391662584750891,0.590048337687597,0.5714684798733228,-0.49381713700997326,-0.023755488171071402,0.08504925188071054,0.5653105475373214,-1.5756862740979405,-1.224744871391589,-1.2248070954894696,0.37967212888114743,-0.9614863916702531,-0.998992108160748,-1.5679065665042955,1.2368204621527703,-0.48932373606861346,-0.5746864175963655,1.7246808787816201,-0.6282411217206918,1.8559843312735878,2.3461510562538512,-1.5841782406465175,-0.9320143892374165,-0.1645114009902331,-0.6201892226844659,1.754054456494842,-0.3278933184400019,-0.0632958993991491,-0.67914568407372,-0.03451974633739738,2.280905882663645
0.8843578088720997,0.590048337687597,1.2730544111010451,-0.49381713700997326,2.4441291486822943,0.08504925188071054,0.5653105475373214,0.25462492536786163,0.816496580927726,0.8418665879081759,0.37967212888114743,-0.9614863916702531,0.6263741331190523,1.153253590238697,1.2368204621527703,-0.6482577675651785,-0.6410217391769428,0.9237707881769819,-0.6282411217206918,-0.6039107501479276,-0.42623001504290225,-0.6589728319256668,-0.9320143892374165,-0.2930769296747854,-0.6201892226844659,-1.0778621289498782,-0.16461310905422857,0.2128019407098989,-0.67914568407372,-0.3148734873096303,-0.43842229861417986
0.11784484953130574,0.590048337687597,-1.0870509123222465,-0.49381713700997326,-0.7641208792270812,2.038524256015781,2.0680347878264036,1.1697805251007627,-1.224744871391589,-1.6676657419318222,0.37967212888114743,-0.05778754527941413,0.6263741331190523,0.2462002046576992,1.2368204621527703,-0.4644637338158086,-1.68805170903987,0.12286069757234404,1.5917455343596372,1.3093409798465845,2.3461510562538512,-0.6589728319256668,-0.9320143892374165,0.9925783571707368,-0.6201892226844659,0.33809616377248186,-0.6544537372115486,-0.6154915796172453,-0.05828489079737142,-0.5952272282818631,-0.43842229861417986
-0.7581699611438873,0.590048337687597,-0.9035973472662344,-0.49381713700997326,1.0867925984129432,0.08504925188071054,-0.9374136927517607,-1.5756862740979405,-1.224744871391589,0.44821445773719587,0.37967212888114743,-0.9614863916702531,0.6263741331190523,0.2462002046576992,1.2368204621527703,-0.8224902619865465,1.3487568263692746,-0.6780493930322938,-0.6282411217206918,-0.3305890744344259,-0.42623001504290225,0.26623257679518353,-0.9320143892374165,-0.8073390444129942,0.9316033855643253,-1.0778621289498782,-0.3278933184400019,-0.0632958993991491,-0.67914568407372,-0.03451974633739738,-0.43842229861417986
-0.5391662584750891,-0.9131943943761252,-0.2813426874140851,1.401512344464336,-0.023755488171071402,-0.8916882501868245,0.5653105475373214,1.1697805251007627,0.816496580927726,-1.520046193117705,-2.432005601372186,-0.05778754527941413,1.0327156934390023,1.153253590238697,-1.5033846310869767,-0.38988372705739377,1.194442879133101,-1.0785044383346125,-0.6282411217206918,0.48937595270607925,-0.42623001504290225,1.1914379855160337,2.5899937140505074,-0.2930769296747854,-0.6201892226844659,1.754054456494842,0.16194730971731802,0.7649976209279952,-0.67914568407372,0.8065414765793012,-0.43842229861417986
-0.7581699611438873,0.590048337687597,-1.491144575891571,-0.49381713700997326,-0.5173324155417446,0.08504925188071054,2.0680347878264036,1.1697805251007627,-1.224744871391589,0.8910731041795484,0.37967212888114743,-0.9614863916702531,0.6263741331190523,-1.5679065665042955,-1.5033846310869767,-0.7009524731950556,-0.54784309890592,0.9237707881769819,-0.6282411217206918,-0.3305890744344259,-0.42623001504290225,1.1914379855160337,0.2419883118585579,-0.4216424583593375,0.15570708143992973,0.33809616377248186,-0.6544537372115486,-0.6154915796172453,-0.05828489079737142,-0.5952272282818631,-0.43842229861417986
-0.7581699611438873,0.590048337687597,1.548234758685063,-0.49381713700997326,-0.8875151110697495,-1.86842575225436,0.5653105475373214,-0.6605306743650394,0.816496580927726,-1.520046193117705,-1.0261667362455194,-0.9614863916702531,-0.998992108160748,1.153253590238697,1.2368204621527703,-0.8037921406340094,-0.4428590200485232,-1.0785044383346125,-0.6282411217206918,-0.6039107501479276,-0.42623001504290225,1.1914379855160337,-0.9320143892374165,-0.678773515728442,0.15570708143992973,0.33809616377248186,-0.3278933184400019,-0.3393937395081972,-0.36871528743554577,-0.5952272282818631,-0.43842229861417986
0.44635040353450317,-0.9131943943761252,0.13514648730767223,-0.49381713700997326,0.0996387436715968,0.08504925188071054,-0.9374136927517607,1.1697805251007627,0.816496580927726,1.235518718079156,-1.0261667362455194,1.7496101475022634,-0.592650547840798,-1.5679065665042955,-1.5033846310869767,2.2688616420823347,-0.20028536528564903,0.523315742874663,-0.6282411217206918,-0.6039107501479276,-0.42623001504290225,-0.6589728319256668,0.2419883118585579,1.2497094145398413,-0.6201892226844659,-1.0778621289498782,-0.0013328996684552844,0.488899780818947,1.4938670923934998,0.8065414765793012,-0.43842229861417986
0.44635040353450317,0.590048337687597,0.3235582568246577,-0.49381713700997326,-0.023755488171071402,1.0617867539482455,-0.9374136927517607,0.25462492536786163,0.816496580927726,1.3831382668932737,0.37967212888114743,-0.9614863916702531,-0.998992108160748,-1.5679065665042955,-0.1332820844671032,-0.9062068507694966,-1.0332714903027722,-0.2775943477299748,-0.6282411217206918,1.5826626555600862,2.3461510562538512,1.1914379855160337,0.2419883118585579,-0.5502079870438897,-0.6201892226844659,0.33809616377248186,-0.3278933184400019,-1.1676872598353416,-0.36871528743554577,-0.03451974633739738,-0.43842229861417986
-1.9626903258222776,0.590048337687597,0.9383756099853472,-0.49381713700997326,-0.7641208792270812,-1.86842575225436,0.5653105475373214,-0.6605306743650394,-1.224744871391589,0.6450405228226859,0.37967212888114743,-0.9614863916702531,-0.998992108160748,-0.6608531809232983,1.2368204621527703,-1.0666282328281949,0.2514132015787062,-0.6780493930322938,-0.6282411217206918,-0.3305890744344259,-0.42623001504290225,1.1914379855160337,-0.9320143892374165,-1.3216011591512031,0.15570708143992973,0.33809616377248186,-0.9810141559830952,-1.1676872598353416,-0.67914568407372,-1.1559347102263289,-0.43842229861417986
0.33684855220010396,-0.9131943943761252,1.4689034873094906,-0.49381713700997326,2.073946453154289,0.08504925188071054,0.5653105475373214,-0.6605306743650394,-1.224744871391589,-0.585122383961627,0.37967212888114743,-0.05778754527941413,0.6263741331190523,-0.6608531809232983,-1.5033846310869767,-0.19079123038322082,-0.8164168267459271,-0.6780493930322938,-0.6282411217206918,-1.150554101574931,-0.42623001504290225,-1.5841782406465175,0.2419883118585579,1.121143885855289,-0.6201892226844659,0.33809616377248186,2.1213098223465976,0.7649976209279952,-0.05828489079737142,2.488663922412698,-0.43842229861417986
-0.21066070447189164,0.590048337687597,-0.34827844763722465,1.401512344464336,-1.010909342912418,2.038524256015781,-0.1860515726072197,0.25462492536786163,0.816496580927726,1.3831382668932737,0.37967212888114743,0.8459113011114248,1.0327156934390023,-0.6608531809232983,-0.1332820844671032,0.16829769104618375,-0.40392918090059954,-0.6780493930322938,-0.6282411217206918,-0.6039107501479276,-0.42623001504290225,-1.5841782406465175,1.4159910129545328,-0.1645114009902331,0.15570708143992973,0.33809616377248186,0.4885077284888646,1.0410954610370433,-0.67914568407372,0.5261877356070683,-0.43842229861417986
1.7603726195472926,0.590048337687597,1.570546678759443,1.401512344464336,-0.3939381836990763,-0.8916882501868245,-0.1860515726072197,-0.6605306743650394,0.816496580927726,-1.5692527093890773,0.37967212888114743,-0.05778754527941413,1.4390572537589523,0.2462002046576992,-0.1332820844671032,-0.8917583024516269,0.24368345012334236,-0.2775943477299748,1.5917455343596372,1.3093409798465845,2.3461510562538512,1.1914379855160337,0.2419883118585579,0.2211851850634235,0.15570708143992973,-2.4938204216722384,-0.0013328996684552844,0.7649976209279952,0.562575902478977,0.24583399463483543,-0.43842229861417986
0.8843578088720997,0.590048337687597,-1.5084982915049772,-0.49381713700997326,-0.023755488171071402,0.08504925188071054,-0.9374136927517607,-0.6605306743650394,0.816496580927726,-0.28988328633339183,0.37967212888114743,-0.05778754527941413,-0.998992108160748,-0.6608531809232983,-1.5033846310869767,-0.8828341990788251,-0.47954020422761356,2.125135924083939,-0.6282411217206918,0.762697628419581,-0.42623001504290225,0.26623257679518353,0.2419883118585579,1.121143885855289,-0.6201892226844659,-2.4938204216722384,1.6314691941892778,1.317193301146092,-0.67914568407372,3.049371404357164,-0.43842229861417986
-0.5391662584750891,-0.9131943943761252,0.40784773266120383,1.401512344464336,-0.1471497200137397,0.08504925188071054,-0.1860515726072197,-0.6605306743650394,-1.224744871391589,-1.1263940629467246,0.37967212888114743,0.8459113011114248,1.0327156934390023,1.153253590238697,1.2368204621527703,0.5301488349481224,0.17931570164049399,-0.6780493930322938,-0.6282411217206918,-0.3305890744344259,-0.42623001504290225,1.1914379855160337,-0.9320143892374165,-0.2930769296747854,-0.6201892226844659,0.33809616377248186,0.3252275191030913,1.0410954610370433,0.25214550584080275,0.8065414765793012,-0.43842229861417986
-0.8676718124782865,-2.416437126439847,1.7192928125886422,-0.49381713700997326,-1.010909342912418,-1.86842575225436,2.0680347878264036,1.1697805251007627,0.816496580927726,-1.2248070954894696,0.37967212888114743,-0.05778754527941413,-0.18630898752084787,0.2462002046576992,-0.1332820844671032,-0.46403877651234177,1.6822604664343386,-0.6780493930322938,-0.6282411217206918,-0.6039107501479276,-0.42623001504290225,-1.5841782406465175,0.2419883118585579,-0.1645114009902331,-1.3960855268088614,0.33809616377248186,0.4885077284888646,0.7649976209279952,-0.67914568407372,1.3672489585237668,-0.43842229861417986
1.5413689168784943,0.590048337687597,0.9086263832195074,-0.49381713700997326,-0.270543951856408,1.0617867539482455,0.5653105475373214,-0.6605306743650394,0.816496580927726,-1.5692527093890773,-1.0261667362455194,-0.05778754527941413,-0.18630898752084787,0.2462002046576992,-0.1332820844671032,-0.07881498091973187,-0.04639304085613154,-0.2775943477299748,-0.6282411217206918,0.48937595270607925,-0.42623001504290225,0.26623257679518353,-0.9320143892374165,-0.1645114009902331,-0.6201892226844659,0.33809616377248186,-0.9810141559830952,-1.1676872598353416,-0.67914568407372,-1.1559347102263289,-0.43842229861417986
2.3078818762192883,0.590048337687597,0.8491279296878278,-0.49381713700997326,-0.023755488171071402,0.08504925188071054,0.5653105475373214,-0.6605306743650394,-1.224744871391589,0.44821445773719587,-1.0261667362455194,-0.9614863916702531,0.6263741331190523,-0.6608531809232983,-0.1332820844671032,-0.6707805046489163,-0.34293441487100085,0.523315742874663,1.5917455343596372,1.3093409798465845,2.3461510562538512,-0.6589728319256668,0.2419883118585579,-0.2930769296747854,0.15570708143992973,-1.0778621289498782,-0.9810141559830952,-1.1676872598353416,-0.67914568407372,-1.1559347102263289,-0.43842229861417986
0.33684855220010396,0.590048337687597,-0.42760971901279743,1.401512344464336,-0.6407266473844129,1.0617867539482455,-0.1860515726072197,0.25462492536786163,0.816496580927726,0.05456232756621574,-1.0261667362455194,0.8459113011114248,1.0327156934390023,1.153253590238697,-0.1332820844671032,0.9247216912170007,-0.8096708618394277,1.7246808787816201,-0.6282411217206918,-1.150554101574931,-0.42623001504290225,-1.5841782406465175,0.2419883118585579,0.4783162424325279,-0.6201892226844659,-1.0778621289498782,0.8150681472604113,1.8693889813641877,-0.05828489079737142,1.9279564404682328,-0.43842229861417986
-0.32016255580629077,-0.9131943943761252,-1.2382761483819322,1.401512344464336,-0.8875151110697495,1.0617867539482455,-0.1860515726072197,0.25462492536786163,-1.224744871391589,0.44821445773719587,0.37967212888114743,-0.9614863916702531,1.4390572537589523,0.2462002046576992,-0.1332820844671032,-0.90769420133163,-0.42149679784460836,1.3242258334793011,-0.6282411217206918,0.762697628419581,-0.42623001504290225,1.1914379855160337,0.2419883118585579,-0.678773515728442,0.15570708143992973,0.33809616377248186,-0.4911735278257753,-0.3393937395081972,-0.36871528743554577,-0.5952272282818631,-0.43842229861417986
-1.6341847718190805,0.590048337687597,1.124308277271846,-0.49381713700997326,1.2101868302556114,-1.86842575225436,0.5653105475373214,0.25462492536786163,0.816496580927726,0.6942470390940584,0.37967212888114743,-0.9614863916702531,0.6263741331190523,1.153253590238697,-0.1332820844671032,-0.8881461653721595,-0.3262100435403045,-0.6780493930322938,-0.6282411217206918,2.402627682700591,2.3461510562538512,-1.5841782406465175,1.4159910129545328,-1.193035630466651,2.4833959938131165,0.33809616377248186,-0.8177339465973219,-0.6154915796172453,-0.05828489079737142,-0.5952272282818631,-0.43842229861417986
-1.0866755151470848,-2.416437126439847,-0.27638448295311174,-0.49381713700997326,-0.023755488171071402,0.08504925188071054,0.5653105475373214,1.1697805251007627,0.816496580927726,-0.4375028351475093,0.37967212888114743,-0.9614863916702531,0.6263741331190523,-0.6608531809232983,-1.5033846310869767,-0.9516772822404388,-1.1725475574348745,1.3242258334793011,-0.6282411217206918,0.762697628419581,-0.42623001504290225,1.1914379855160337,0.2419883118585579,-0.678773515728442,-1.3960855268088614,-2.4938204216722384,-0.8177339465973219,-0.6154915796172453,-0.05828489079737142,-0.5952272282818631,-0.43842229861417986
-0.9771736638126856,0.590048337687597,-0.8986391428052611,-0.49381713700997326,1.456975293940948,0.08504925188071054,0.5653105475373214,0.25462492536786163,0.816496580927726,-1.1756005792180972,0.37967212888114743,-0.9614863916702531,0.6263741331190523,1.153253590238697,-0.1332820844671032,-0.8052794911961431,-1.0738878206773208,-0.6780493930322938,-0.6282411217206918,-1.150554101574931,-0.42623001504290225,0.26623257679518353,0.2419883118585579,-0.8073390444129942,-0.6201892226844659,-2.4938204216722384,-0.3278933184400019,-0.6154915796172453,-0.67914568407372,-0.5952272282818631,-0.43842229861417986
2.198380024884889,0.590048337687597,-1.161423979236846,-0.49381713700997326,1.827157989468953,-0.8916882501868245,-0.9374136927517607,0.25462492536786163,0.816496580927726,0.8418665879081759,1.7855109940078144,0.8459113011114248,-1.8116752288006481,1.153253590238697,-1.5033846310869767,0.623851920362541,1.2773620311088227,0.12286069757234404,1.5917455343596372,0.21605427699257748,-0.42623001504290225,-0.6589728319256668,0.2419883118585579,0.09261965637887119,-0.6201892226844659,-2.4938204216722384,-0.3278933184400019,-0.3393937395081972,-0.36871528743554577,-0.03451974633739738,-0.43842229861417986
-1.0866755151470848,-2.416437126439847,1.6052541099862565,-0.49381713700997326,-0.7641208792270812,0.08504925188071054,0.5653105475373214,0.25462492536786163,0.816496580927726,0.6450405228226859,-1.0261667362455194,-0.9614863916702531,0.6263741331190523,0.2462002046576992,-1.5033846310869767,-0.8365138530009493,1.5477627911110068,-0.6780493930322938,1.5917455343596372,-0.05726739872092413,-0.42623001504290225,1.1914379855160337,0.2419883118585579,-1.3216011591512031,-0.6201892226844659,-1.0778621289498782,-0.9810141559830952,-0.8915894197262935,-0.67914568407372,-0.8755809692540959,-0.43842229861417986
1.4318670655440953,0.590048337687597,1.6102123144472296,-0.49381713700997326,0.2230329755142651,0.08504925188071054,-0.9374136927517607,0.25462492536786163,-1.224744871391589,-0.6343289002329995,0.37967212888114743,2.6533089938931025,-0.592650547840798,-0.6608531809232983,1.2368204621527703,2.85211554109045,0.38506763128872556,0.12286069757234404,-0.6282411217206918,-0.05726739872092413,-0.42623001504290225,-0.6589728319256668,-0.9320143892374165,1.2497094145398413,1.707499689688721,0.33809616377248186,-0.3278933184400019,-0.0632958993991491,0.562575902478977,-0.03451974633739738,-0.43842229861417986
0.44635040353450317,0.590048337687597,-0.8366615870430948,-0.49381713700997326,0.59321567104227,0.08504925188071054,-0.9374136927517607,-1.5756862740979405,0.816496580927726,-0.48670935141888183,0.37967212888114743,-0.9614863916702531,0.6263741331190523,0.2462002046576992,-1.5033846310869767,-0.8609488979502875,-1.3638237707212426,0.523315742874663,-0.6282411217206918,-0.8772324258614294,-0.42623001504290225,-1.5841782406465175,0.2419883118585579,0.2211851850634235,-0.6201892226844659,0.33809616377248186,0.3252275191030913,1.0410954610370433,-0.36871528743554577,1.086895217551534,-0.43842229861417986
-0.7581699611438873,0.590048337687597,1.330073762402238,1.401512344464336,-0.5173324155417446,0.08504925188071054,-0.9374136927517607,-0.6605306743650394,-1.224744871391589,-1.2248070954894696,0.37967212888114743,0.8459113011114248,1.0327156934390023,1.153253590238697,-0.1332820844671032,0.6196023473278734,-0.8798007886799111,-0.2775943477299748,-0.6282411217206918,-0.8772324258614294,-0.42623001504290225,0.26623257679518353,0.2419883118585579,0.09261965637887119,-0.6201892226844659,0.33809616377248186,0.4885077284888646,1.317193301146092,1.4938670923934998,-0.03451974633739738,-0.43842229861417986
0.11784484953130574,0.590048337687597,-0.24911435841775856,1.401512344464336,-1.010909342912418,1.0617867539482455,-0.9374136927517607,-1.5756862740979405,-1.224744871391589,-0.33908980260476435,-1.0261667362455194,-0.05778754527941413,1.0327156934390023,1.153253590238697,1.2368204621527703,0.46385549560730926,-0.19438264599246202,0.523315742874663,-0.6282411217206918,1.8559843312735878,2.3461510562538512,0.26623257679518353,-0.9320143892374165,0.09261965637887119,-0.6201892226844659,1.754054456494842,0.16194730971731802,-0.3393937395081972,-0.67914568407372,0.8065414765793012,-0.43842229861417986
-0.5391662584750891,0.590048337687597,-1.6919518565609897,-0.49381713700997326,-0.3939381836990763,2.038524256015781,-0.9374136927517607,0.25462492536786163,0.816496580927726,-1.1263940629467246,0.37967212888114743,-0.9614863916702531,0.6263741331190523,0.2462002046576992,1.2368204621527703,-0.7362239293827959,-0.2646531137684975,0.12286069757234404,-0.6282411217206918,1.3093409798465845,2.3461510562538512,-1.5841782406465175,-0.9320143892374165,-0.4216424583593375,-0.6201892226844659,0.33809616377248186,-0.3278933184400019,-0.0632958993991491,-0.36871528743554577,-0.03451974633739738,-0.43842229861417986
-1.0866755151470848,0.590048337687597,0.8788771564536676,-0.49381713700997326,0.9633983665702748,0.08504925188071054,2.0680347878264036,0.25462492536786163,0.816496580927726,-0.7327419327757445,0.37967212888114743,-0.9614863916702531,0.6263741331190523,-0.6608531809232983,-0.1332820844671032,-0.7319743563481285,-0.13338787996286333,-1.0785044383346125,1.5917455343596372,0.21605427699257748,-0.42623001504290225,1.1914379855160337,0.2419883118585579,-0.678773515728442,0.15570708143992973,-1.0778621289498782,-0.3278933184400019,-0.6154915796172453,-0.36871528743554577,-0.8755809692540959,-0.43842229861417986
-1.9626903258222776,-0.9131943943761252,-0.49702458146642364,1.401512344464336,-1.010909342912418,-1.86842575225436,2.0680347878264036,0.25462492536786163,-1.224744871391589,1.6783773645215088,-2.432005601372186,-0.9614863916702531,1.4390572537589523,-1.5679065665042955,1.2368204621527703,-0.8877212080686928,0.938236753621676,-1.0785044383346125,-0.6282411217206918,1.5826626555600862,2.3461510562538512,-1.5841782406465175,-0.9320143892374165,-1.3216011591512031,1.707499689688721,1.754054456494842,-1.1442943653688686,-1.1676872598353416,-0.67914568407372,-1.1559347102263289,2.280905882663645
-0.10115885313749245,-0.9131943943761252,1.6796271769008555,-0.49381713700997326,-0.7641208792270812,-0.8916882501868245,0.5653105475373214,1.1697805251007627,0.816496580927726,-1.7660787744745672,0.37967212888114743,-0.9614863916702531,-0.998992108160748,-0.6608531809232983,1.2368204621527703,-0.9380786485295026,0.10525062860455266,0.523315742874663,-0.6282411217206918,-0.8772324258614294,-0.42623001504290225,0.26623257679518353,-0.9320143892374165,0.2211851850634235,0.15570708143992973,-1.0778621289498782,0.16194730971731802,0.7649976209279952,1.4938670923934998,-0.5952272282818631,-0.43842229861417986
-0.7581699611438873,-2.416437126439847,-1.7142637766353692,-0.49381713700997326,-0.023755488171071402,0.08504925188071054,0.5653105475373214,0.25462492536786163,0.816496580927726,0.005355811294843232,0.37967212888114743,-0.05778754527941413,-0.998992108160748,-1.5679065665042955,-1.5033846310869767,-0.7289996552238611,-0.46394016038133373,-0.6780493930322938,-0.6282411217206918,-1.150554101574931,-0.42623001504290225,0.26623257679518353,1.4159910129545328,0.09261965637887119,0.9316033855643253,0.33809616377248186,0.8150681472604113,1.317193301146092,1.1834366957553255,1.6476026994959998,-0.43842229861417986
0.8843578088720997,0.590048337687597,1.154057504037686,1.401512344464336,-0.6407266473844129,-0.8916882501868245,-0.9374136927517607,0.25462492536786163,-1.224744871391589,-1.7660787744745672,0.37967212888114743,-0.05778754527941413,1.0327156934390023,-1.5679065665042955,-1.5033846310869767,-0.3180659427715128,-1.1234987709272015,0.523315742874663,1.5917455343596372,-1.150554101574931,-0.42623001504290225,-1.5841782406465175,0.2419883118585579,-0.2930769296747854,0.15570708143992973,1.754054456494842,-0.3278933184400019,-0.0632958993991491,-0.67914568407372,-0.3148734873096303,-0.43842229861417986
2.08887817355049,0.590048337687597,-0.22184423388240546,-0.49381713700997326,-0.1471497200137397,0.08504925188071054,-0.9374136927517607,0.25462492536786163,-1.224744871391589,0.05456232756621574,0.37967212888114743,-0.9614863916702531,0.6263741331190523,-1.5679065665042955,-1.5033846310869767,-0.47721245291981107,-0.052576842020422634,0.523315742874663,1.5917455343596372,0.762697628419581,-0.42623001504290225,0.26623257679518353,0.2419883118585579,0.9925783571707368,0.15570708143992973,0.33809616377248186,-0.8177339465973219,-0.6154915796172453,-0.05828489079737142,-0.5952272282818631,-0.43842229861417986
-0.42966440714068993,0.590048337687597,-1.6572444253341765,-0.49381713700997326,-0.8875151110697495,0.08504925188071054,-0.9374136927517607,0.25462492536786163,0.816496580927726,1.1863122018077836,0.37967212888114743,-0.9614863916702531,0.6263741331190523,1.153253590238697,1.2368204621527703,-0.850537444015352,-0.5337890053507128,-1.0785044383346125,-0.6282411217206918,-0.3305890744344259,-0.42623001504290225,-1.5841782406465175,-0.9320143892374165,-0.9359045730975464,-0.6201892226844659,1.754054456494842,-0.6544537372115486,-0.8915894197262935,-0.67914568407372,-0.5952272282818631,-0.43842229861417986
-1.9626903258222776,0.590048337687597,-1.2382761483819322,-0.49381713700997326,-0.8875151110697495,0.08504925188071054,-0.9374136927517607,-0.6605306743650394,0.816496580927726,-0.9295679978612343,-1.0261667362455194,-0.9614863916702531,-0.998992108160748,1.153253590238697,1.2368204621527703,-1.147582599138611,-0.712838157244051,-0.6780493930322938,-0.6282411217206918,1.8559843312735878,2.3461510562538512,0.26623257679518353,-0.9320143892374165,-1.3216011591512031,0.15570708143992973,-1.0778621289498782,-0.9810141559830952,-1.1676872598353416,-0.36871528743554577,-1.1559347102263289,2.280905882663645
0.9938596602064989,0.590048337687597,-0.6854363509834092,1.401512344464336,-1.010909342912418,-0.8916882501868245,-0.1860515726072197,-0.6605306743650394,-1.224744871391589,1.2847252343505289,0.37967212888114743,0.8459113011114248,1.0327156934390023,-1.5679065665042955,-1.5033846310869767,0.8393052732201839,-1.7112409634059615,-0.6780493930322938,-0.6282411217206918,2.6759493584140928,2.3461510562538512,0.26623257679518353,2.5899937140505074,1.6354060005934978,-0.6201892226844659,0.33809616377248186,2.774430659889691,2.4215846615822842,3.9773102654988937,0.8065414765793012,-0.43842229861417986
0.11784484953130574,0.590048337687597,1.4317169538521908,-0.49381713700997326,-0.023755488171071402,-0.8916882501868245,-0.9374136927517607,0.25462492536786163,-1.224744871391589,0.44821445773719587,0.37967212888114743,-0.9614863916702531,-0.998992108160748,1.153253590238697,1.2368204621527703,-0.8955829181828276,-1.1234987709272015,-0.6780493930322938,-0.6282411217206918,-0.8772324258614294,-0.42623001504290225,0.26623257679518353,-0.9320143892374165,-1.193035630466651,0.15570708143992973,0.33809616377248186,-0.8177339465973219,-0.6154915796172453,-0.05828489079737142,-0.8755809692540959,-0.43842229861417986
-0.6486681098094882,0.590048337687597,-1.6423698119512564,-0.49381713700997326,0.3464272073569334,-1.86842575225436,0.5653105475373214,0.25462492536786163,-1.224744871391589,1.432344783164646,0.37967212888114743,-0.9614863916702531,0.6263741331190523,1.153253590238697,-0.1332820844671032,-0.5469054506883584,-1.0300390487850746,2.125135924083939,1.5917455343596372,2.1293060069870893,2.3461510562538512,0.26623257679518353,0.2419883118585579,-0.5502079870438897,-2.171981830933257,0.33809616377248186,-0.4911735278257753,-0.6154915796172453,-0.67914568407372,-0.5952272282818631,-0.43842229861417986
-0.32016255580629077,0.590048337687597,-0.43008882124328407,-0.49381713700997326,2.197340684996958,-0.8916882501868245,0.5653105475373214,1.1697805251007627,-1.224744871391589,1.432344783164646,0.37967212888114743,-0.9614863916702531,0.6263741331190523,-0.6608531809232983,1.2368204621527703,-0.89069590919296,-1.2089476597428608,-0.2775943477299748,-0.6282411217206918,-0.05726739872092413,-0.42623001504290225,1.1914379855160337,-0.9320143892374165,-0.2930769296747854,0.15570708143992973,0.33809616377248186,-0.6544537372115486,-0.6154915796172453,-0.36871528743554577,-0.5952272282818631,-0.43842229861417986
0.44635040353450317,0.590048337687597,1.3722185003205112,1.401512344464336,1.3335810620982798,-0.8916882501868245,-0.1860515726072197,-0.6605306743650394,-1.224744871391589,0.20218187638033325,0.37967212888114743,-0.9614863916702531,1.4390572537589523,-0.6608531809232983,1.2368204621527703,-0.7145511069059917,1.0420965049946562,-0.6780493930322938,1.5917455343596372,1.8559843312735878,2.3461510562538512,1.1914379855160337,-0.9320143892374165,-0.9359045730975464,1.707499689688721,-1.0778621289498782,-0.4911735278257753,-0.3393937395081972,-0.67914568407372,-0.5952272282818631,2.280905882663645
1.4318670655440953,0.590048337687597,-1.176298592619766,-0.49381713700997326,-1.010909342912418,0.08504925188071054,0.5653105475373214,0.25462492536786163,0.816496580927726,0.9894861367222935,-1.0261667362455194,-0.9614863916702531,-0.998992108160748,0.2462002046576992,-0.1332820844671032,-0.5976878484526351,-1.5302242384148943,-0.2775943477299748,-0.6282411217206918,-0.05726739872092413,-0.42623001504290225,1.1914379855160337,0.2419883118585579,-0.8073390444129942,-0.6201892226844659,-1.0778621289498782,-0.6544537372115486,-0.6154915796172453,-0.67914568407372,-0.5952272282818631,-0.43842229861417986
1.7603726195472926,0.590048337687597,0.6979026936281421,-0.49381713700997326,0.4698214391996017,-0.8916882501868245,0.5653105475373214,1.1697805251007627,-1.224744871391589,-0.4375028351475093,1.7855109940078144,-0.05778754527941413,-0.18630898752084787,-1.5679065665042955,-1.5033846310869767,-0.43620407313526965,1.6776226155611202,-0.6780493930322938,-0.6282411217206918,-1.150554101574931,-0.42623001504290225,0.26623257679518353,1.4159910129545328,-0.8073390444129942,0.15570708143992973,0.33809616377248186,-0.4911735278257753,-0.6154915796172453,-0.36871528743554577,-0.3148734873096303,-0.43842229861417986
-0.42966440714068993,0.590048337687597,0.31860005236368444,-0.49381713700997326,0.59321567104227,0.08504925188071054,0.5653105475373214,1.1697805251007627,-1.224744871391589,0.3005949089230784,0.37967212888114743,-0.9614863916702531,0.6263741331190523,-0.6608531809232983,-0.1332820844671032,-0.7961429091716079,-1.35482915084591,-0.6780493930322938,-0.6282411217206918,-0.6039107501479276,-0.42623001504290225,1.1914379855160337,0.2419883118585579,-0.4216424583593375,1.707499689688721,0.33809616377248186,0.16194730971731802,0.7649976209279952,-0.36871528743554577,0.5261877356070683,-0.43842229861417986
0.33684855220010396,0.590048337687597,0.46238798173191015,-0.49381713700997326,-0.6407266473844129,-1.86842575225436,0.5653105475373214,1.1697805251007627,-1.224744871391589,-0.978774514132607,0.37967212888114743,2.6533089938931025,-0.592650547840798,0.2462002046576992,-0.1332820844671032,2.6623721050925457,-1.098201402527829,-0.6780493930322938,-0.6282411217206918,-0.3305890744344259,-0.42623001504290225,-0.6589728319256668,0.2419883118585579,1.2497094145398413,-0.6201892226844659,0.33809616377248186,2.1213098223465976,1.0410954610370433,2.1147278856698484,1.3672489585237668,-0.43842229861417986
1.979376322216091,0.590048337687597,-0.27390538072262505,-0.49381713700997326,0.59321567104227,1.0617867539482455,0.5653105475373214,0.25462492536786163,0.816496580927726,-0.2406767700620193,1.7855109940078144,2.6533089938931025,0.2200325727991022,-0.6608531809232983,1.2368204621527703,2.5962912444034663,-0.13690140335166512,2.125135924083939,-0.6282411217206918,-1.150554101574931,-0.42623001504290225,1.1914379855160337,-0.9320143892374165,3.1781923448081244,0.15570708143992973,0.33809616377248186,2.774430659889691,2.9737803418003805,-0.05828489079737142,3.049371404357164,-0.43842229861417986
-0.32016255580629077,-0.9131943943761252,0.6607161601708423,-0.49381713700997326,-0.8875151110697495,-1.86842575225436,-0.9374136927517607,1.1697805251007627,0.816496580927726,-1.0279810304039796,-1.0261667362455194,-0.05778754527941413,-0.18630898752084787,0.2462002046576992,-0.1332820844671032,0.6467996147497456,-0.03360381572089313,-0.6780493930322938,-0.6282411217206918,0.48937595270607925,-0.42623001504290225,0.26623257679518353,-0.9320143892374165,-0.1645114009902331,-0.6201892226844659,-1.0778621289498782,0.4885077284888646,1.317193301146092,-0.36871528743554577,1.3672489585237668,-0.43842229861417986
1.5413689168784943,0.590048337687597,-1.2134851260770658,-0.49381713700997326,-0.7641208792270812,0.08504925188071054,0.5653105475373214,1.1697805251007627,-1.224744871391589,1.5799643319787635,0.37967212888114743,1.7496101475022634,-1.8116752288006481,-0.6608531809232983,1.2368204621527703,1.536447729557389,-1.000806534190244,0.12286069757234404,-0.6282411217206918,0.762697628419581,-0.42623001504290225,0.26623257679518353,-0.9320143892374165,1.2497094145398413,2.4833959938131165,0.33809616377248186,-0.0013328996684552844,0.7649976209279952,-0.36871528743554577,-1.1559347102263289,-0.43842229861417986
1.6508707682128936,0.590048337687597,-0.25655166510921856,-0.49381713700997326,-1.010909342912418,1.0617867539482455,-0.9374136927517607,0.25462492536786163,0.816496580927726,-0.043850704976529174,-1.0261667362455194,2.6533089938931025,-0.592650547840798,0.2462002046576992,-0.1332820844671032,2.867626482666987,-1.213585510616079,-1.0785044383346125,-0.6282411217206918,-0.3305890744344259,-0.42623001504290225,-1.5841782406465175,0.2419883118585579,2.92106128743902,1.707499689688721,0.33809616377248186,4.243952544361651,3.8020738621275245,2.735588678946197,1.3672489585237668,-0.43842229861417986
-1.0866755151470848,0.590048337687597,0.22687326983567835,-0.49381713700997326,-0.023755488171071402,0.08504925188071054,0.5653105475373214,1.1697805251007627,-1.224744871391589,1.629170848250136,0.37967212888114743,-0.9614863916702531,0.6263741331190523,-0.6608531809232983,1.2368204621527703,-0.897495226048428,-0.35586418094179134,-0.6780493930322938,-0.6282411217206918,0.21605427699257748,-0.42623001504290225,1.1914379855160337,-0.9320143892374165,-0.5502079870438897,-0.6201892226844659,-1.0778621289498782,-0.0013328996684552844,0.7649976209279952,-0.67914568407372,-0.3148734873096303,-0.43842229861417986
-0.21066070447189164,0.590048337687597,-0.6110632840688096,-0.49381713700997326,1.7037637576262843,-0.8916882501868245,-0.9374136927517607,-0.6605306743650394,0.816496580927726,-0.781948449047117,-1.0261667362455194,-0.05778754527941413,-0.18630898752084787,0.2462002046576992,-0.1332820844671032,-0.12471036969414098,0.16638593556970346,0.12286069757234404,1.5917455343596372,-0.6039107501479276,-0.42623001504290225,-1.5841782406465175,-0.9320143892374165,-0.4216424583593375,-1.3960855268088614,0.33809616377248186,-0.9810141559830952,-1.1676872598353416,-0.67914568407372,-0.8755809692540959,2.280905882663645
0.6653541062033014,-2.416437126439847,1.3424692735546713,-0.49381713700997326,-0.270543951856408,0.08504925188071054,0.5653105475373214,1.1697805251007627,0.816496580927726,-1.4216331605749597,1.7855109940078144,-0.9614863916702531,0.6263741331190523,1.153253590238697,-1.5033846310869767,-0.9378661698777694,-1.276828931614511,0.523315742874663,-0.6282411217206918,-0.3305890744344259,-0.42623001504290225,1.1914379855160337,2.5899937140505074,-0.5502079870438897,0.15570708143992973,1.754054456494842,-0.3278933184400019,-0.0632958993991491,-0.05828489079737142,-0.5952272282818631,-0.43842229861417986
0.8843578088720997,-2.416437126439847,0.9730830412121604,-0.49381713700997326,-0.8875151110697495,-0.8916882501868245,0.5653105475373214,-1.5756862740979405,0.816496580927726,-0.043850704976529174,-1.0261667362455194,1.7496101475022634,-0.592650547840798,1.153253590238697,-0.1332820844671032,2.1862074465580514,0.8641716805857348,2.5255909693862577,-0.6282411217206918,2.1293060069870893,2.3461510562538512,1.1914379855160337,0.2419883118585579,1.3782749432243937,-1.3960855268088614,0.33809616377248186,2.1213098223465976,1.0410954610370433,2.735588678946197,1.086895217551534,-0.43842229861417986
0.008342998196906542,0.590048337687597,-1.2705044773782588,-0.49381713700997326,1.456975293940948,0.08504925188071054,-0.9374136927517607,-0.6605306743650394,0.816496580927726,-0.043850704976529174,1.7855109940078144,-0.9614863916702531,0.6263741331190523,-1.5679065665042955,-0.1332820844671032,-0.6244601585710404,1.2176321334991926,-0.6780493930322938,1.5917455343596372,-0.8772324258614294,-0.42623001504290225,-1.5841782406465175,0.2419883118585579,-0.4216424583593375,0.15570708143992973,-1.0778621289498782,0.16194730971731802,0.7649976209279952,-0.36871528743554577,0.8065414765793012,-0.43842229861417986
-0.21066070447189164,-0.9131943943761252,-1.6473280164122297,-0.49381713700997326,-0.8875151110697495,0.08504925188071054,0.5653105475373214,-0.6605306743650394,-1.224744871391589,-1.4216331605749597,0.37967212888114743,-0.05778754527941413,-0.998992108160748,-0.6608531809232983,1.2368204621527703,-0.44151603942860396,0.23511045305466607,0.9237707881769819,-0.6282411217206918,-1.150554101574931,-0.42623001504290225,1.1914379855160337,-0.9320143892374165,-0.1645114009902331,1.707499689688721,0.33809616377248186,-0.16461310905422857,-0.6154915796172453,-0.36871528743554577,-0.5952272282818631,-0.43842229861417986
0.5558522548689022,-2.416437126439847,0.3062045412112511,-0.49381713700997326,1.456975293940948,-0.8916882501868245,0.5653105475373214,0.25462492536786163,-1.224744871391589,-1.470839676846332,0.37967212888114743,-0.05778754527941413,-0.18630898752084787,0.2462002046576992,-1.5033846310869767,-0.2630339719725685,0.29877549685975413,-0.2775943477299748,-0.6282411217206918,0.21605427699257748,-0.42623001504290225,-0.6589728319256668,0.2419883118585579,-0.035945872305680915,1.707499689688721,0.33809616377248186,-0.3278933184400019,-0.3393937395081972,-0.67914568407372,-0.5952272282818631,-0.43842229861417986
0.11784484953130574,0.590048337687597,1.1367037884242792,-0.49381713700997326,-0.8875151110697495,1.0617867539482455,-0.9374136927517607,1.1697805251007627,0.816496580927726,1.0878991692650386,0.37967212888114743,-0.05778754527941413,-0.18630898752084787,0.2462002046576992,-0.1332820844671032,0.010638531460019144,-0.9913902915082552,2.5255909693862577,-0.6282411217206918,-0.3305890744344259,-0.42623001504290225,-0.6589728319256668,-0.9320143892374165,0.3497507137479757,0.15570708143992973,0.33809616377248186,-0.9810141559830952,-1.1676872598353416,-0.67914568407372,-1.1559347102263289,-0.43842229861417986
0.11784484953130574,0.590048337687597,0.6979026936281421,-0.49381713700997326,2.4441291486822943,0.08504925188071054,2.0680347878264036,1.1697805251007627,0.816496580927726,-0.585122383961627,0.37967212888114743,-0.05778754527941413,-0.18630898752084787,1.153253590238697,-0.1332820844671032,-0.051405234846126475,-1.4234131273953206,0.12286069757234404,-0.6282411217206918,0.762697628419581,-0.42623001504290225,-1.5841782406465175,0.2419883118585579,-0.2930769296747854,0.15570708143992973,-2.4938204216722384,-0.0013328996684552844,0.7649976209279952,-0.36871528743554577,0.8065414765793012,-0.43842229861417986
-1.0866755151470848,-0.9131943943761252,-0.8193078714296883,-0.49381713700997326,-1.010909342912418,-1.86842575225436,2.0680347878264036,0.25462492536786163,0.816496580927726,-0.28988328633339183,-1.0261667362455194,-0.05778754527941413,-0.18630898752084787,-1.5679065665042955,-0.1332820844671032,-0.46850082819874267,-0.651281227472244,0.9237707881769819,-0.6282411217206918,1.0360193041330827,-0.42623001504290225,0.26623257679518353,0.2419883118585579,-0.678773515728442,-1.3960855268088614,0.33809616377248186,-0.8177339465973219,-0.6154915796172453,-0.05828489079737142,-1.1559347102263289,-0.43842229861417986
1.3223652142096962,-2.416437126439847,0.49461631072823664,-0.49381713700997326,1.0867925984129432,1.0617867539482455,-0.9374136927517607,1.1697805251007627,0.816496580927726,1.2847252343505289,0.37967212888114743,-0.05778754527941413,-0.18630898752084787,1.153253590238697,-1.5033846310869767,0.06397067304509635,1.3323135369096823,-0.6780493930322938,1.5917455343596372,-0.05726739872092413,-0.42623001504290225,-1.5841782406465175,1.4159910129545328,-0.5502079870438897,-2.171981830933257,0.33809616377248186,-0.0013328996684552844,0.7649976209279952,-0.36871528743554577,0.8065414765793012,-0.43842229861417986
-0.32016255580629077,-0.9131943943761252,0.18720763414789193,-0.49381713700997326,0.0996387436715968,1.0617867539482455,0.5653105475373214,1.1697805251007627,0.816496580927726,-1.1263940629467246,0.37967212888114743,-0.9614863916702531,0.6263741331190523,0.2462002046576992,-1.5033846310869767,-0.5711280169859632,-1.1722664755637702,-0.6780493930322938,1.5917455343596372,0.48937595270607925,-0.42623001504290225,1.1914379855160337,0.2419883118585579,-0.8073390444129942,0.9316033855643253,1.754054456494842,-0.3278933184400019,-0.3393937395081972,-0.05828489079737142,-1.1559347102263289,-0.43842229861417986
0.33684855220010396,0.590048337687597,0.25414339437103145,-0.49381713700997326,1.2101868302556114,-0.8916882501868245,0.5653105475373214,0.25462492536786163,0.816496580927726,1.629170848250136,0.37967212888114743,-0.05778754527941413,-0.998992108160748,1.153253590238697,-0.1332820844671032,-0.7993300889476086,0.310580935446128,2.125135924083939,1.5917455343596372,-0.05726739872092413,-0.42623001504290225,0.26623257679518353,0.2419883118585579,0.4783162424325279,-0.6201892226844659,1.754054456494842,-0.0013328996684552844,-0.6154915796172453,0.25214550584080275,0.8065414765793012,-0.43842229861417986
0.11784484953130574,0.590048337687597,0.9358965077548606,-0.49381713700997326,2.4441291486822943,-1.86842575225436,0.5653105475373214,-0.6605306743650394,0.816496580927726,0.20218187638033325,0.37967212888114743,-0.05778754527941413,-1.8116752288006481,-1.5679065665042955,-0.1332820844671032,0.03613596966802415,-0.41587516042252554,1.7246808787816201,1.5917455343596372,1.0360193041330827,-0.42623001504290225,-0.6589728319256668,-0.9320143892374165,0.7354472998016324,-0.6201892226844659,0.33809616377248186,-0.9810141559830952,-1.1676872598353416,-0.67914568407372,-1.1559347102263289,2.280905882663645
-0.8676718124782865,0.590048337687597,-1.6894727543305028,1.401512344464336,2.197340684996958,0.08504925188071054,-0.1860515726072197,-0.6605306743650394,-1.224744871391589,-1.520046193117705,0.37967212888114743,0.8459113011114248,1.0327156934390023,1.153253590238697,-0.1332820844671032,0.24139034724246497,1.435189501733798,-0.6780493930322938,-0.6282411217206918,1.8559843312735878,2.3461510562538512,1.1914379855160337,2.5899937140505074,-0.1645114009902331,0.15570708143992973,-1.0778621289498782,0.4885077284888646,-0.0632958993991491,-0.36871528743554577,1.3672489585237668,2.280905882663645
-1.6341847718190805,0.590048337687597,0.8268160096134479,-0.49381713700997326,-0.5173324155417446,0.08504925188071054,-0.9374136927517607,1.1697805251007627,0.816496580927726,-0.28988328633339183,1.7855109940078144,-0.9614863916702531,0.6263741331190523,-0.6608531809232983,-1.5033846310869767,-0.8870837721134927,-0.26999366931947616,-0.6780493930322938,1.5917455343596372,0.21605427699257748,-0.42623001504290225,-1.5841782406465175,0.2419883118585579,-0.9359045730975464,-0.6201892226844659,-1.0778621289498782,-0.4911735278257753,-0.6154915796172453,-0.05828489079737142,-0.5952272282818631,-0.43842229861417986
-0.10115885313749245,-0.9131943943761252,-0.41521420786036417,-0.49381713700997326,1.0867925984129432,-1.86842575225436,0.5653105475373214,-0.6605306743650394,-1.224744871391589,0.3498014251944509,0.37967212888114743,-0.9614863916702531,-0.998992108160748,1.153253590238697,1.2368204621527703,-0.9242675361668334,-0.9289901161231358,-0.6780493930322938,-0.6282411217206918,-0.6039107501479276,-0.42623001504290225,-1.5841782406465175,-0.9320143892374165,-0.4216424583593375,-0.6201892226844659,0.33809616377248186,0.16194730971731802,-0.8915894197262935,-0.36871528743554577,0.8065414765793012,-0.43842229861417986
0.33684855220010396,-2.416437126439847,0.8640025430707476,-0.49381713700997326,-0.023755488171071402,2.038524256015781,-0.9374136927517607,1.1697805251007627,0.816496580927726,-0.14226373751927418,-1.0261667362455194,-0.05778754527941413,-1.8116752288006481,1.153253590238697,-0.1332820844671032,-0.3456881674968516,-0.009992938548145234,2.5255909693862577,-0.6282411217206918,-0.3305890744344259,-0.42623001504290225,1.1914379855160337,0.2419883118585579,-0.8073390444129942,1.707499689688721,-2.4938204216722384,-0.6544537372115486,-0.6154915796172453,-0.67914568407372,-0.5952272282818631,-0.43842229861417986
0.9938596602064989,0.590048337687597,-0.39290228778598435,-0.49381713700997326,-1.010909342912418,1.0617867539482455,0.5653105475373214,1.1697805251007627,0.816496580927726,1.5307578157073911,0.37967212888114743,0.8459113011114248,-1.8116752288006481,-1.5679065665042955,-1.5033846310869767,0.6147153383380058,-0.27336665177272584,1.7246808787816201,-0.6282411217206918,0.21605427699257748,-0.42623001504290225,0.26623257679518353,0.2419883118585579,0.7354472998016324,0.15570708143992973,0.33809616377248186,-0.4911735278257753,-0.6154915796172453,-0.67914568407372,-0.3148734873096303,-0.43842229861417986
-0.5391662584750891,0.590048337687597,0.6012177066391627,1.401512344464336,-0.6407266473844129,1.0617867539482455,0.5653105475373214,1.1697805251007627,0.816496580927726,-1.6676657419318222,-2.432005601372186,0.8459113011114248,1.0327156934390023,1.153253590238697,-0.1332820844671032,0.8280439046783149,1.6160656857893132,-0.6780493930322938,-0.6282411217206918,-1.150554101574931,-0.42623001504290225,0.26623257679518353,-0.9320143892374165,0.3497507137479757,-0.6201892226844659,-1.0778621289498782,1.141628566031958,1.0410954610370433,2.1147278856698484,1.086895217551534,2.280905882663645
-0.7581699611438873,-2.416437126439847,0.06573162485404606,-0.49381713700997326,-1.010909342912418,-1.86842575225436,-0.9374136927517607,0.25462492536786163,0.816496580927726,1.0878991692650386,-1.0261667362455194,0.8459113011114248,-0.18630898752084787,0.2462002046576992,1.2368204621527703,0.41881002143983365,0.9292421337463436,-0.6780493930322938,-0.6282411217206918,1.8559843312735878,2.3461510562538512,0.26623257679518353,-0.9320143892374165,0.09261965637887119,-0.6201892226844659,0.33809616377248186,0.651787937874638,1.0410954610370433,0.8730062991171512,1.086895217551534,-0.43842229861417986
-1.0866755151470848,-0.9131943943761252,1.0896008460450328,1.401512344464336,1.3335810620982798,0.08504925188071054,-0.9374136927517607,1.1697805251007627,-1.224744871391589,1.1863122018077836,0.37967212888114743,-0.05778754527941413,1.0327156934390023,0.2462002046576992,1.2368204621527703,0.7390153496020305,-0.19635021909019104,-0.6780493930322938,-0.6282411217206918,-0.3305890744344259,-0.42623001504290225,1.1914379855160337,-0.9320143892374165,-0.5502079870438897,-0.6201892226844659,0.33809616377248186,-0.0013328996684552844,0.7649976209279952,-0.67914568407372,0.8065414765793012,-0.43842229861417986
1.5413689168784943,0.590048337687597,1.652357052365503,-0.49381713700997326,-0.1471497200137397,1.0617867539482455,-0.9374136927517607,-0.6605306743650394,0.816496580927726,0.7434535553654309,-1.0261667362455194,0.8459113011114248,0.2200325727991022,-0.6608531809232983,-0.1332820844671032,1.2721242868010698,0.19997521916664837,0.9237707881769819,-0.6282411217206918,0.21605427699257748,-0.42623001504290225,1.1914379855160337,1.4159910129545328,0.6068817711170802,1.707499689688721,-2.4938204216722384,0.4885077284888646,1.317193301146092,0.562575902478977,0.8065414765793012,-0.43842229861417986
-0.7581699611438873,0.590048337687597,0.5020536174196967,-0.49381713700997326,-0.7641208792270812,0.08504925188071054,2.0680347878264036,1.1697805251007627,-1.224744871391589,1.0878991692650386,0.37967212888114743,-0.9614863916702531,0.6263741331190523,-1.5679065665042955,1.2368204621527703,-0.8171782956932121,-0.8091086980972194,0.9237707881769819,1.5917455343596372,-1.150554101574931,-0.42623001504290225,0.26623257679518353,-0.9320143892374165,-0.4216424583593375,1.707499689688721,0.33809616377248186,-0.3278933184400019,-0.6154915796172453,-0.67914568407372,-0.03451974633739738,2.280905882663645
0.44635040353450317,0.590048337687597,0.23183147429665166,1.401512344464336,-0.3939381836990763,0.08504925188071054,-0.9374136927517607,1.1697805251007627,-1.224744871391589,0.44821445773719587,0.37967212888114743,0.8459113011114248,-0.592650547840798,1.153253590238697,1.2368204621527703,1.5060632823595164,0.05072074561034927,0.12286069757234404,1.5917455343596372,0.762697628419581,-0.42623001504290225,0.26623257679518353,-0.9320143892374165,0.6068817711170802,0.15570708143992973,0.33809616377248186,-0.9810141559830952,-1.1676872598353416,-0.67914568407372,-1.1559347102263289,-0.43842229861417986
-0.7581699611438873,-0.9131943943761252,-1.161423979236846,1.401512344464336,2.073946453154289,1.0617867539482455,-0.1860515726072197,0.25462492536786163,-1.224744871391589,-0.683535416504372,-1.0261667362455194,-0.05778754527941413,1.0327156934390023,-1.5679065665042955,1.2368204621527703,0.04102297865789185,1.216226724143672,0.9237707881769819,-0.6282411217206918,-0.05726739872092413,-0.42623001504290225,0.26623257679518353,-0.9320143892374165,-0.2930769296747854,1.707499689688721,-1.0778621289498782,-0.16461310905422857,-0.3393937395081972,-0.67914568407372,-0.8755809692540959,2.280905882663645
-0.8676718124782865,0.590048337687597,0.4698252884233701,-0.49381713700997326,-1.010909342912418,0.08504925188071054,2.0680347878264036,0.25462492536786163,0.816496580927726,0.9402796204509211,0.37967212888114743,-0.9614863916702531,0.6263741331190523,0.2462002046576992,1.2368204621527703,-0.944453008081504,0.7650903210215249,-1.0785044383346125,-0.6282411217206918,-0.3305890744344259,-0.42623001504290225,1.1914379855160337,-0.9320143892374165,-0.5502079870438897,-1.3960855268088614,-1.0778621289498782,-0.16461310905422857,-0.6154915796172453,-0.36871528743554577,0.24583399463483543,2.280905882663645
0.8843578088720997,-2.416437126439847,0.6185714222525692,1.401512344464336,-0.3939381836990763,0.08504925188071054,0.5653105475373214,1.1697805251007627,-1.224744871391589,-0.4375028351475093,-1.0261667362455194,0.8459113011114248,1.0327156934390023,1.153253590238697,1.2368204621527703,0.5018891742675834,0.35513241201613444,1.3242258334793011,-0.6282411217206918,-0.8772324258614294,-0.42623001504290225,1.1914379855160337,-0.9320143892374165,1.5068404719089457,-0.6201892226844659,0.33809616377248186,1.9580296129608248,0.7649976209279952,3.046019075584371,1.086895217551534,-0.43842229861417986
1.869874470881692,0.590048337687597,0.8540861341488011,1.401512344464336,-0.7641208792270812,0.08504925188071054,-0.1860515726072197,1.1697805251007627,-1.224744871391589,-0.683535416504372,0.37967212888114743,-0.05778754527941413,1.0327156934390023,-1.5679065665042955,-0.1332820844671032,-0.11961088205253999,0.37916491199553853,-0.2775943477299748,-0.6282411217206918,-0.3305890744344259,-0.42623001504290225,1.1914379855160337,0.2419883118585579,0.6068817711170802,0.9316033855643253,0.33809616377248186,-0.16461310905422857,-0.6154915796172453,-0.67914568407372,0.24583399463483543,-0.43842229861417986
-0.10115885313749245,0.590048337687597,1.4713825895399772,-0.49381713700997326,-0.5173324155417446,-0.8916882501868245,-0.9374136927517607,1.1697805251007627,0.816496580927726,-0.1914702537906467,0.37967212888114743,-0.05778754527941413,-0.998992108160748,-0.6608531809232983,1.2368204621527703,-0.1251353269976078,-0.6138973386153932,2.125135924083939,-0.6282411217206918,0.21605427699257748,-0.42623001504290225,1.1914379855160337,-0.9320143892374165,0.6068817711170802,0.15570708143992973,1.754054456494842,0.9783483566461848,1.8693889813641877,0.25214550584080275,0.8065414765793012,-0.43842229861417986
-0.42966440714068993,0.590048337687597,-1.6250160963378495,-0.49381713700997326,-0.6407266473844129,1.0617867539482455,0.5653105475373214,0.25462492536786163,-1.224744871391589,-0.9295679978612343,-1.0261667362455194,-0.9614863916702531,0.6263741331190523,-0.6608531809232983,-0.1332820844671032,-0.8246150485038802,-0.14969062848690354,1.3242258334793011,-0.6282411217206918,1.5826626555600862,2.3461510562538512,1.1914379855160337,-0.9320143892374165,-0.5502079870438897,0.15570708143992973,0.33809616377248186,-0.6544537372115486,-0.6154915796172453,-0.36871528743554577,-0.8755809692540959,-0.43842229861417986
0.008342998196906542,-0.9131943943761252,-0.34579934540673796,-0.49381713700997326,0.2230329755142651,0.08504925188071054,1.3166726676818623,-0.6605306743650394,0.816496580927726,-0.9295679978612343,0.37967212888114743,0.8459113011114248,0.2200325727991022,1.153253590238697,-1.5033846310869767,1.2073182980223902,-0.5982972947691133,-0.6780493930322938,1.5917455343596372,-0.3305890744344259,-0.42623001504290225,0.26623257679518353,2.5899937140505074,-0.1645114009902331,-1.3960855268088614,0.33809616377248186,0.4885077284888646,1.0410954610370433,-0.67914568407372,0.8065414765793012,-0.43842229861417986
0.11784484953130574,0.590048337687597,-1.694430958791476,1.401512344464336,-0.7641208792270812,0.08504925188071054,-0.9374136927517607,-1.5756862740979405,0.816496580927726,0.4974209740085684,0.37967212888114743,0.8459113011114248,1.0327156934390023,0.2462002046576992,-1.5033846310869767,0.8724519428905905,-0.6557785374099103,-1.0785044383346125,-0.6282411217206918,-0.8772324258614294,-0.42623001504290225,0.26623257679518353,1.4159910129545328,0.7354472998016324,2.4833959938131165,-1.0778621289498782,1.4681889848035046,1.5932911412551396,0.8730062991171512,2.488663922412698,-0.43842229861417986
-0.6486681098094882,-2.416437126439847,0.43759695942704363,-0.49381713700997326,-1.010909342912418,1.0617867539482455,0.5653105475373214,0.25462492536786163,0.816496580927726,1.1863122018077836,-2.432005601372186,-0.05778754527941413,-0.18630898752084787,0.2462002046576992,-0.1332820844671032,-0.45851433156727406,-1.395867104027115,-1.0785044383346125,-0.6282411217206918,-0.8772324258614294,-0.42623001504290225,1.1914379855160337,0.2419883118585579,-0.678773515728442,-0.6201892226844659,0.33809616377248186,-0.3278933184400019,-0.0632958993991491,-0.36871528743554577,-0.03451974633739738,-0.43842229861417986
2.417383727553688,0.590048337687597,-1.6374116074902831,-0.49381713700997326,-0.7641208792270812,0.08504925188071054,-0.9374136927517607,0.25462492536786163,0.816496580927726,0.20218187638033325,-1.0261667362455194,-0.9614863916702531,0.6263741331190523,1.153253590238697,-0.1332820844671032,-0.9191680485252324,-0.8231627916524266,0.12286069757234404,-0.6282411217206918,0.48937595270607925,-0.42623001504290225,-1.5841782406465175,0.2419883118585579,-0.5502079870438897,2.4833959938131165,0.33809616377248186,-0.9810141559830952,-1.1676872598353416,-0.67914568407372,-1.1559347102263289,-0.43842229861417986
0.008342998196906542,-0.9131943943761252,-1.1986105126941458,1.401512344464336,-0.6407266473844129,1.0617867539482455,-0.1860515726072197,-1.5756862740979405,0.816496580927726,-1.2248070954894696,0.37967212888114743,-0.9614863916702531,1.4390572537589523,1.153253590238697,-1.5033846310869767,-0.7882811990574731,-1.654743507314029,0.523315742874663,-0.6282411217206918,0.48937595270607925,-0.42623001504290225,0.26623257679518353,0.2419883118585579,0.2211851850634235,-0.6201892226844659,0.33809616377248186,0.3252275191030913,1.0410954610370433,0.8730062991171512,1.086895217551534,-0.43842229861417986
-0.8676718124782865,-0.9131943943761252,1.51352732745825,1.401512344464336,-1.010909342912418,-1.86842575225436,0.5653105475373214,-0.6605306743650394,-1.224744871391589,-1.1756005792180972,0.37967212888114743,0.8459113011114248,1.0327156934390023,1.153253590238697,-0.1332820844671032,0.3006718910760767,-1.084147308972622,-0.6780493930322938,-0.6282411217206918,-0.3305890744344259,-0.42623001504290225,1.1914379855160337,0.2419883118585579,-0.035945872305680915,1.707499689688721,0.33809616377248186,0.651787937874638,1.5932911412551396,0.562575902478977,-0.8755809692540959,-0.43842229861417986
-0.21066070447189164,-0.9131943943761252,0.3508283813600108,1.401512344464336,-1.010909342912418,0.08504925188071054,-0.1860515726072197,0.25462492536786163,-1.224744871391589,1.2847252343505289,0.37967212888114743,0.8459113011114248,1.0327156934390023,0.2462002046576992,1.2368204621527703,0.48574079673584686,-0.7332165928991012,-0.6780493930322938,-0.6282411217206918,-0.3305890744344259,-0.42623001504290225,-1.5841782406465175,-0.9320143892374165,-0.1645114009902331,0.15570708143992973,1.754054456494842,0.4885077284888646,0.7649976209279952,-0.67914568407372,1.086895217551534,-0.43842229861417986
-0.8676718124782865,0.590048337687597,0.23183147429665166,-0.49381713700997326,1.0867925984129432,-1.86842575225436,0.5653105475373214,0.25462492536786163,0.816496580927726,0.9894861367222935,-1.0261667362455194,-0.9614863916702531,0.6263741331190523,1.153253590238697,1.2368204621527703,-0.8741225743577568,0.09105599411379356,-0.6780493930322938,1.5917455343596372,-0.6039107501479276,-0.42623001504290225,0.26623257679518353,-0.9320143892374165,-0.9359045730975464,0.15570708143992973,-1.0778621289498782,-0.4911735278257753,-0.3393937395081972,-0.67914568407372,-0.8755809692540959,2.280905882663645
1.6508707682128936,0.590048337687597,1.2904081267144516,-0.49381713700997326,-0.8875151110697495,0.08504925188071054,-0.9374136927517607,0.25462492536786163,-1.224744871391589,1.137105685536411,-1.0261667362455194,-0.9614863916702531,-0.998992108160748,1.153253590238697,1.2368204621527703,-0.6992526439811886,-1.5477918553589032,1.7246808787816201,-0.6282411217206918,-0.05726739872092413,-0.42623001504290225,-0.6589728319256668,-0.9320143892374165,-0.678773515728442,0.15570708143992973,-1.0778621289498782,-0.8177339465973219,-0.6154915796172453,-0.05828489079737142,-0.5952272282818631,-0.43842229861417986
0.5558522548689022,0.590048337687597,-0.6705617376004892,-0.49381713700997326,-0.6407266473844129,-0.8916882501868245,2.0680347878264036,0.25462492536786163,0.816496580927726,-0.3882963188761368,0.37967212888114743,2.6533089938931025,-0.592650547840798,1.153253590238697,-0.1332820844671032,2.7046553567874883,-1.3182885076023718,-0.6780493930322938,-0.6282411217206918,-1.150554101574931,-0.42623001504290225,1.1914379855160337,-0.9320143892374165,1.3782749432243937,0.15570708143992973,0.33809616377248186,2.447870241118145,3.525976022018476,2.735588678946197,3.049371404357164,-0.43842229861417986
2.417383727553688,0.590048337687597,0.03846150031869285,-2.3891466184842827,-0.3939381836990763,-0.8916882501868245,0.5653105475373214,-0.6605306743650394,0.816496580927726,-0.683535416504372,0.37967212888114743,-0.9614863916702531,-1.405333668480698,0.2462002046576992,-0.1332820844671032,-0.9000449698692286,1.5942818407787422,2.125135924083939,-0.6282411217206918,0.48937595270607925,-0.42623001504290225,1.1914379855160337,-0.9320143892374165,-0.5502079870438897,-0.6201892226844659,-1.0778621289498782,-0.8177339465973219,-0.6154915796172453,-0.05828489079737142,-0.5952272282818631,-0.43842229861417986
1.4318670655440953,0.590048337687597,0.12770918061621225,1.401512344464336,-1.010909342912418,1.0617867539482455,0.5653105475373214,1.1697805251007627,-1.224744871391589,0.10376884383758825,0.37967212888114743,2.6533089938931025,-0.592650547840798,1.153253590238697,-1.5033846310869767,2.7652117725314995,1.3779893409641053,0.12286069757234404,-0.6282411217206918,-1.150554101574931,-0.42623001504290225,0.26623257679518353,0.2419883118585579,2.6639302300699157,0.15570708143992973,-1.0778621289498782,-0.0013328996684552844,-1.1676872598353416,-0.67914568407372,0.5261877356070683,-0.43842229861417986
-0.42966440714068993,0.590048337687597,0.026065989166259552,-0.49381713700997326,0.59321567104227,0.08504925188071054,0.5653105475373214,0.25462492536786163,0.816496580927726,-0.3882963188761368,0.37967212888114743,-0.9614863916702531,-0.998992108160748,1.153253590238697,-0.1332820844671032,-0.8641360777262881,1.101264238862078,0.9237707881769819,1.5917455343596372,-0.6039107501479276,-0.42623001504290225,0.26623257679518353,0.2419883118585579,-0.4216424583593375,-0.6201892226844659,-2.4938204216722384,-0.3278933184400019,-0.0632958993991491,-0.67914568407372,-0.03451974633739738,2.280905882663645
0.6653541062033014,0.590048337687597,0.5739475821038096,1.401512344464336,0.8400041347276065,0.08504925188071054,-0.1860515726072197,1.1697805251007627,-1.224744871391589,0.6942470390940584,0.37967212888114743,1.7496101475022634,-0.592650547840798,1.153253590238697,-0.1332820844671032,2.031522988096154,-0.9232279377655008,0.9237707881769819,1.5917455343596372,1.8559843312735878,2.3461510562538512,0.26623257679518353,0.2419883118585579,1.3782749432243937,0.15570708143992973,0.33809616377248186,1.6314691941892778,2.4215846615822842,-0.36871528743554577,1.3672489585237668,-0.43842229861417986
-0.42966440714068993,0.590048337687597,-0.8366615870430948,-0.49381713700997326,-0.8875151110697495,-0.8916882501868245,-0.9374136927517607,-1.5756862740979405,-1.224744871391589,-1.3232201280322147,0.37967212888114743,-0.9614863916702531,-0.998992108160748,-1.5679065665042955,-0.1332820844671032,-0.8065543631065433,1.011318040108753,1.7246808787816201,-0.6282411217206918,1.3093409798465845,2.3461510562538512,-1.5841782406465175,-0.9320143892374165,0.2211851850634235,0.15570708143992973,1.754054456494842,0.3252275191030913,0.7649976209279952,-0.36871528743554577,0.8065414765793012,2.280905882663645
1.6508707682128936,-2.416437126439847,-0.07805630451417964,1.401512344464336,-0.8875151110697495,1.0617867539482455,-0.9374136927517607,-1.5756862740979405,0.816496580927726,0.6450405228226859,-1.0261667362455194,2.6533089938931025,-0.592650547840798,0.2462002046576992,1.2368204621527703,2.6698088579032135,0.943998931979311,-0.6780493930322938,1.5917455343596372,0.762697628419581,-0.42623001504290225,1.1914379855160337,-0.9320143892374165,2.7924957587544674,-0.6201892226844659,1.754054456494842,4.243952544361651,0.7649976209279952,3.9773102654988937,2.2083101814404653,-0.43842229861417986
-0.5391662584750891,0.590048337687597,1.4837781006924105,1.401512344464336,-0.6407266473844129,-0.8916882501868245,-0.9374136927517607,0.25462492536786163,-1.224744871391589,-0.48670935141888183,0.37967212888114743,-0.9614863916702531,1.4390572537589523,-0.6608531809232983,-0.1332820844671032,-0.5464804933848916,0.938377294557228,-0.2775943477299748,-0.6282411217206918,-1.150554101574931,-0.42623001504290225,-1.5841782406465175,0.2419883118585579,-0.678773515728442,1.707499689688721,0.33809616377248186,-0.4911735278257753,-0.3393937395081972,-0.36871528743554577,-0.5952272282818631,-0.43842229861417986
-0.5391662584750891,0.590048337687597,-0.7127064755187623,-0.49381713700997326,-1.010909342912418,0.08504925188071054,-0.9374136927517607,1.1697805251007627,0.816496580927726,-0.1914702537906467,-1.0261667362455194,-0.9614863916702531,-0.998992108160748,0.2462002046576992,1.2368204621527703,-0.5891887023833,-0.6664596485118677,-1.0785044383346125,1.5917455343596372,-0.3305890744344259,-0.42623001504290225,1.1914379855160337,-0.9320143892374165,-0.9359045730975464,-0.6201892226844659,-2.4938204216722384,-0.6544537372115486,-0.6154915796172453,-0.36871528743554577,-0.5952272282818631,2.280905882663645
0.22734670086570485,0.590048337687597,1.55815116760701,-0.49381713700997326,-1.010909342912418,1.0617867539482455,0.5653105475373214,0.25462492536786163,-1.224744871391589,1.4815512994360187,0.37967212888114743,-0.9614863916702531,-0.998992108160748,0.2462002046576992,-1.5033846310869767,-0.9074817226798966,0.15514266072553787,1.7246808787816201,-0.6282411217206918,-0.3305890744344259,-0.42623001504290225,0.26623257679518353,2.5899937140505074,-0.5502079870438897,-1.3960855268088614,0.33809616377248186,-0.6544537372115486,-0.6154915796172453,-0.36871528743554577,-0.5952272282818631,-0.43842229861417986
-0.5391662584750891,-2.416437126439847,0.43015965273558365,1.401512344464336,2.073946453154289,1.0617867539482455,-0.1860515726072197,0.25462492536786163,0.816496580927726,1.6783773645215088,0.37967212888114743,-0.05778754527941413,1.0327156934390023,1.153253590238697,-0.1332820844671032,-0.43301689335926896,-0.31538839150279496,-1.0785044383346125,-0.6282411217206918,0.762697628419581,-0.42623001504290225,-1.5841782406465175,-0.9320143892374165,-0.9359045730975464,-0.6201892226844659,0.33809616377248186,-0.6544537372115486,-0.6154915796172453,-0.05828489079737142,-0.5952272282818631,-0.43842229861417986
0.44635040353450317,0.590048337687597,1.5085691229972769,-0.49381713700997326,1.2101868302556114,-0.8916882501868245,-0.9374136927517607,0.25462492536786163,0.816496580927726,-1.470839676846332,0.37967212888114743,-0.05778754527941413,0.6263741331190523,-1.5679065665042955,-1.5033846310869767,-0.7289996552238611,0.7819552332877734,-0.2775943477299748,-0.6282411217206918,0.21605427699257748,-0.42623001504290225,-1.5841782406465175,1.4159910129545328,0.7354472998016324,-0.6201892226844659,-1.0778621289498782,-0.9810141559830952,-1.1676872598353416,-0.67914568407372,-1.1559347102263289,-0.43842229861417986
0.33684855220010396,0.590048337687597,1.2333887754132586,-0.49381713700997326,1.827157989468953,-0.8916882501868245,2.0680347878264036,-1.5756862740979405,0.816496580927726,-0.1914702537906467,0.37967212888114743,-0.05778754527941413,0.6263741331190523,1.153253590238697,-1.5033846310869767,-0.6765174282457174,1.4242273087607369,-0.6780493930322938,-0.6282411217206918,0.48937595270607925,-0.42623001504290225,-1.5841782406465175,1.4159910129545328,-0.2930769296747854,0.15570708143992973,0.33809616377248186,0.3252275191030913,1.0410954610370433,0.562575902478977,0.8065414765793012,-0.43842229861417986
0.8843578088720997,0.590048337687597,-1.3647103621367511,-0.49381713700997326,-1.010909342912418,0.08504925188071054,1.3166726676818623,0.25462492536786163,0.816496580927726,0.20218187638033325,1.7855109940078144,2.6533089938931025,-0.592650547840798,1.153253590238697,-0.1332820844671032,2.698280997235486,0.23286179808583296,-1.0785044383346125,-0.6282411217206918,-1.150554101574931,-0.42623001504290225,0.26623257679518353,0.2419883118585579,1.76397152927805,-0.6201892226844659,0.33809616377248186,2.774430659889691,-1.1676872598353416,-0.36871528743554577,0.8065414765793012,-0.43842229861417986
-0.6486681098094882,-0.9131943943761252,1.3003245356363982,-0.49381713700997326,-0.7641208792270812,1.0617867539482455,0.5653105475373214,-0.6605306743650394,0.816496580927726,0.3498014251944509,0.37967212888114743,0.8459113011114248,0.2200325727991022,0.2462002046576992,-1.5033846310869767,1.52391148910512,-0.11104187121008405,2.5255909693862577,-0.6282411217206918,-0.8772324258614294,-0.42623001504290225,-1.5841782406465175,0.2419883118585579,-0.2930769296747854,0.15570708143992973,0.33809616377248186,-0.8177339465973219,-0.6154915796172453,-0.05828489079737142,-0.5952272282818631,-0.43842229861417986
-0.42966440714068993,0.590048337687597,0.07316893154550595,-0.49381713700997326,-0.5173324155417446,1.0617867539482455,-0.9374136927517607,0.25462492536786163,-1.224744871391589,-0.14226373751927418,-1.0261667362455194,-0.9614863916702531,0.6263741331190523,1.153253590238697,-0.1332820844671032,-0.7632087181529347,0.06505592103666046,-0.6780493930322938,-0.6282411217206918,-0.6039107501479276,-0.42623001504290225,0.26623257679518353,0.2419883118585579,-1.193035630466651,-0.6201892226844659,-1.0778621289498782,-0.8177339465973219,-0.6154915796172453,-0.67914568407372,-0.5952272282818631,-0.43842229861417986
-0.32016255580629077,0.590048337687597,-0.8242660758906616,-0.49381713700997326,-0.8875151110697495,1.0617867539482455,-0.9374136927517607,1.1697805251007627,0.816496580927726,0.8910731041795484,-1.0261667362455194,-0.05778754527941413,-0.18630898752084787,-1.5679065665042955,-0.1332820844671032,-0.11599874497307258,1.317416197741163,1.3242258334793011,-0.6282411217206918,-0.6039107501479276,-0.42623001504290225,-0.6589728319256668,0.2419883118585579,0.2211851850634235,0.15570708143992973,0.33809616377248186,0.651787937874638,1.317193301146092,0.8730062991171512,1.3672489585237668,-0.43842229861417986
0.008342998196906542,0.590048337687597,0.5318028441855365,-0.49381713700997326,-1.010909342912418,-0.8916882501868245,0.5653105475373214,0.25462492536786163,-1.224744871391589,0.8418665879081759,-1.0261667362455194,-0.9614863916702531,0.6263741331190523,-1.5679065665042955,-0.1332820844671032,-0.5488177585539588,0.6161169293363299,-0.2775943477299748,-0.6282411217206918,-0.3305890744344259,-0.42623001504290225,-1.5841782406465175,0.2419883118585579,0.7354472998016324,-0.6201892226844659,-1.0778621289498782,-0.6544537372115486,-0.8915894197262935,-0.67914568407372,-0.5952272282818631,-0.43842229861417986
0.8843578088720997,-0.9131943943761252,0.982999450134107,-0.49381713700997326,-0.270543951856408,1.0617867539482455,-0.9374136927517607,-1.5756862740979405,0.816496580927726,0.546627490279941,1.7855109940078144,-0.05778754527941413,-0.18630898752084787,0.2462002046576992,-0.1332820844671032,-0.014646428096252462,-1.2922884345252386,0.523315742874663,-0.6282411217206918,0.48937595270607925,-0.42623001504290225,1.1914379855160337,0.2419883118585579,-0.2930769296747854,-1.3960855268088614,0.33809616377248186,-0.6544537372115486,-0.6154915796172453,-0.67914568407372,-0.5952272282818631,-0.43842229861417986
0.008342998196906542,-0.9131943943761252,-0.7399766000541155,-0.49381713700997326,0.0996387436715968,0.08504925188071054,0.5653105475373214,-1.5756862740979405,0.816496580927726,-0.2406767700620193,0.37967212888114743,0.8459113011114248,-0.18630898752084787,0.2462002046576992,-1.5033846310869767,0.7532514192681667,1.160853595536156,1.3242258334793011,-0.6282411217206918,-1.150554101574931,-0.42623001504290225,-0.6589728319256668,1.4159910129545328,0.7354472998016324,1.707499689688721,0.33809616377248186,-0.9810141559830952,-1.1676872598353416,-0.67914568407372,-1.1559347102263289,2.280905882663645
0.22734670086570485,-0.9131943943761252,-0.7374974978236288,-0.49381713700997326,-0.8875151110697495,1.0617867539482455,2.0680347878264036,0.25462492536786163,-1.224744871391589,-0.09305722124790168,0.37967212888114743,0.8459113011114248,-1.8116752288006481,0.2462002046576992,1.2368204621527703,0.942357419310871,-1.1093041364364429,-1.0785044383346125,-0.6282411217206918,2.6759493584140928,2.3461510562538512,1.1914379855160337,-0.9320143892374165,1.121143885855289,-1.3960855268088614,0.33809616377248186,1.9580296129608248,0.488899780818947,2.735588678946197,1.086895217551534,-0.43842229861417986
-0.8676718124782865,0.590048337687597,-0.3408411409457647,-0.49381713700997326,0.7166099028849382,0.08504925188071054,-0.9374136927517607,0.25462492536786163,0.816496580927726,-0.28988328633339183,0.37967212888114743,-0.9614863916702531,0.6263741331190523,1.153253590238697,1.2368204621527703,-0.8845340282926921,1.1749076890913632,-0.6780493930322938,-0.6282411217206918,1.0360193041330827,-0.42623001504290225,-1.5841782406465175,-0.9320143892374165,-0.678773515728442,-1.3960855268088614,0.33809616377248186,-0.16461310905422857,0.2128019407098989,-0.36871528743554577,0.24583399463483543,-0.43842229861417986
0.5558522548689022,0.590048337687597,0.28141351890638466,-0.49381713700997326,0.9633983665702748,-0.8916882501868245,-0.9374136927517607,1.1697805251007627,-1.224744871391589,0.7926600716368034,1.7855109940078144,-0.05778754527941413,0.6263741331190523,-1.5679065665042955,1.2368204621527703,0.008938702246152144,1.2231132299857237,0.12286069757234404,1.5917455343596372,-0.6039107501479276,-0.42623001504290225,0.26623257679518353,-0.9320143892374165,-0.1645114009902331,-1.3960855268088614,0.33809616377248186,-0.6544537372115486,-0.6154915796172453,-0.67914568407372,-0.5952272282818631,-0.43842229861417986
-0.8676718124782865,0.590048337687597,1.1019963571974662,1.401512344464336,1.3335810620982798,-0.8916882501868245,-0.1860515726072197,1.1697805251007627,0.816496580927726,-1.0279810304039796,0.37967212888114743,-0.05778754527941413,1.0327156934390023,1.153253590238697,-1.5033846310869767,0.09095546181523506,-0.5032916223359135,-0.2775943477299748,-0.6282411217206918,-0.3305890744344259,-0.42623001504290225,1.1914379855160337,0.2419883118585579,-0.1645114009902331,-0.6201892226844659,0.33809616377248186,-0.6544537372115486,-0.6154915796172453,-0.67914568407372,-0.5952272282818631,-0.43842229861417986
-1.3056792178158831,0.590048337687597,-0.29125909633603164,-0.49381713700997326,-1.010909342912418,0.08504925188071054,-0.9374136927517607,-1.5756862740979405,-1.224744871391589,-0.1914702537906467,0.37967212888114743,-0.05778754527941413,-0.18630898752084787,0.2462002046576992,-0.1332820844671032,-0.3410136371587173,-0.9568172213624458,-1.0785044383346125,-0.6282411217206918,-0.8772324258614294,-0.42623001504290225,1.1914379855160337,1.4159910129545328,-0.8073390444129942,0.15570708143992973,0.33809616377248186,-0.4911735278257753,-0.6154915796172453,-0.36871528743554577,-0.5952272282818631,-0.43842229861417986
0.5558522548689022,0.590048337687597,-1.3225656242184785,-0.49381713700997326,-0.8875151110697495,0.08504925188071054,0.5653105475373214,1.1697805251007627,-1.224744871391589,-0.48670935141888183,-1.0261667362455194,-0.9614863916702531,-0.998992108160748,-1.5679065665042955,-1.5033846310869767,-0.8307769294041482,-0.8862656717153062,-1.0785044383346125,1.5917455343596372,-1.150554101574931,-0.42623001504290225,0.26623257679518353,0.2419883118585579,-0.1645114009902331,0.9316033855643253,0.33809616377248186,0.3252275191030913,0.488899780818947,1.4938670923934998,1.086895217551534,-0.43842229861417986
0.33684855220010396,0.590048337687597,1.5209646341497105,-0.49381713700997326,-0.8875151110697495,-0.8916882501868245,0.5653105475373214,-1.5756862740979405,0.816496580927726,-0.8311549653184895,0.37967212888114743,2.6533089938931025,0.2200325727991022,0.2462002046576992,-1.5033846310869767,2.7480010017410965,-1.1754989170814678,-1.0785044383346125,-0.6282411217206918,1.0360193041330827,-0.42623001504290225,1.1914379855160337,0.2419883118585579,1.3782749432243937,1.707499689688721,0.33809616377248186,2.284590031732371,0.7649976209279952,0.25214550584080275,1.3672489585237668,-0.43842229861417986
1.5413689168784943,0.590048337687597,0.07564803377599266,-0.49381713700997326,-1.010909342912418,0.08504925188071054,-0.9374136927517607,0.25462492536786163,0.816496580927726,1.4815512994360187,0.37967212888114743,-0.9614863916702531,0.6263741331190523,1.153253590238697,-0.1332820844671032,-0.8031547046788093,1.2533295311294186,-0.6780493930322938,-0.6282411217206918,-1.150554101574931,-0.42623001504290225,-0.6589728319256668,-0.9320143892374165,-1.3216011591512031,-2.171981830933257,-1.0778621289498782,-0.9810141559830952,-1.1676872598353416,-0.67914568407372,-1.1559347102263289,-0.43842229861417986
-0.6486681098094882,-0.9131943943761252,-1.2283597394599857,-0.49381713700997326,2.4441291486822943,-0.8916882501868245,0.5653105475373214,0.25462492536786163,0.816496580927726,0.25138839265170587,-1.0261667362455194,-0.9614863916702531,-0.998992108160748,-0.6608531809232983,1.2368204621527703,-0.6425208439683773,-0.37399396162800846,-1.0785044383346125,-0.6282411217206918,-1.150554101574931,-0.42623001504290225,-0.6589728319256668,-0.9320143892374165,-0.678773515728442,-0.6201892226844659,1.754054456494842,-0.3278933184400019,-0.0632958993991491,-0.36871528743554577,-0.03451974633739738,2.280905882663645
-0.5391662584750891,-0.9131943943761252,1.260658899948612,-0.49381713700997326,-0.270543951856408,0.08504925188071054,-0.9374136927517607,-0.6605306743650394,0.816496580927726,1.6783773645215088,1.7855109940078144,-0.9614863916702531,-0.998992108160748,-0.6608531809232983,-0.1332820844671032,-0.7880687204057396,1.651200919677331,-0.6780493930322938,-0.6282411217206918,1.3093409798465845,2.3461510562538512,0.26623257679518353,-0.9320143892374165,-0.8073390444129942,0.15570708143992973,-2.4938204216722384,-0.3278933184400019,-0.8915894197262935,-0.67914568407372,-0.3148734873096303,-0.43842229861417986
0.11784484953130574,-2.416437126439847,1.3003245356363982,1.401512344464336,-0.8875151110697495,-0.8916882501868245,-0.9374136927517607,1.1697805251007627,0.816496580927726,-1.3232201280322147,-1.0261667362455194,-0.05778754527941413,1.0327156934390023,1.153253590238697,-0.1332820844671032,-0.2664336304003025,0.7545497508551195,0.12286069757234404,-0.6282411217206918,0.762697628419581,-0.42623001504290225,1.1914379855160337,0.2419883118585579,0.2211851850634235,-2.171981830933257,0.33809616377248186,0.16194730971731802,0.7649976209279952,1.4938670923934998,0.24583399463483543,-0.43842229861417986
-0.5391662584750891,0.590048337687597,-1.672119038717096,-0.49381713700997326,-0.8875151110697495,-1.86842575225436,2.0680347878264036,1.1697805251007627,0.816496580927726,0.8910731041795484,-1.0261667362455194,-0.05778754527941413,-0.998992108160748,-1.5679065665042955,1.2368204621527703,-0.9193805271769658,0.7622795023104835,0.523315742874663,-0.6282411217206918,-0.6039107501479276,-0.42623001504290225,1.1914379855160337,-0.9320143892374165,-0.2930769296747854,1.707499689688721,0.33809616377248186,-0.16461310905422857,-0.6154915796172453,-0.67914568407372,-0.03451974633739738,-0.43842229861417986
0.9938596602064989,0.590048337687597,-0.7796422357419018,1.401512344464336,-0.8875151110697495,0.08504925188071054,2.0680347878264036,0.25462492536786163,-1.224744871391589,0.44821445773719587,-2.432005601372186,1.7496101475022634,-0.592650547840798,-0.6608531809232983,-0.1332820844671032,2.2032057386967216,0.09330464908262666,0.12286069757234404,1.5917455343596372,-0.8772324258614294,-0.42623001504290225,-0.6589728319256668,0.2419883118585579,2.1496681153317065,-0.6201892226844659,-1.0778621289498782,-0.0013328996684552844,0.7649976209279952,1.4938670923934998,0.8065414765793012,-0.43842229861417986
-0.9771736638126856,0.590048337687597,-0.6779990442919491,-0.49381713700997326,-0.8875151110697495,1.0617867539482455,-0.9374136927517607,-1.5756862740979405,0.816496580927726,0.6450405228226859,0.37967212888114743,-0.9614863916702531,-0.998992108160748,0.2462002046576992,1.2368204621527703,-0.6412459720579771,0.08740192978943966,-0.2775943477299748,-0.6282411217206918,-1.150554101574931,-0.42623001504290225,0.26623257679518353,-0.9320143892374165,-0.8073390444129942,1.707499689688721,-2.4938204216722384,-1.1442943653688686,-1.1676872598353416,-0.67914568407372,-1.1559347102263289,2.280905882663645
-0.8676718124782865,0.590048337687597,1.01026957466946,1.401512344464336,-0.8875151110697495,0.08504925188071054,0.5653105475373214,-1.5756862740979405,0.816496580927726,0.5958340065513134,-1.0261667362455194,-0.05778754527941413,1.0327156934390023,-0.6608531809232983,-0.1332820844671032,0.029974088767756247,-1.493402513300252,-0.2775943477299748,-0.6282411217206918,1.0360193041330827,-0.42623001504290225,-0.6589728319256668,1.4159910129545328,-0.1645114009902331,-0.6201892226844659,0.33809616377248186,-1.1442943653688686,-1.1676872598353416,-0.67914568407372,-1.1559347102263289,-0.43842229861417986
-0.6486681098094882,0.590048337687597,1.6374824389825828,-0.49381713700997326,1.7037637576262843,0.08504925188071054,0.5653105475373214,-0.6605306743650394,0.816496580927726,-0.09305722124790168,-1.0261667362455194,-0.05778754527941413,-1.8116752288006481,1.153253590238697,-0.1332820844671032,-0.19567823937308854,0.013336856753498466,-1.0785044383346125,-0.6282411217206918,1.5826626555600862,2.3461510562538512,-0.6589728319256668,0.2419883118585579,-0.1645114009902331,-0.6201892226844659,0.33809616377248186,0.3252275191030913,-1.1676872598353416,1.4938670923934998,1.086895217551534,-0.43842229861417986
-1.3056792178158831,-2.416437126439847,-0.31605011864089816,-0.49381713700997326,-0.5173324155417446,-0.8916882501868245,-0.9374136927517607,-0.6605306743650394,0.816496580927726,0.9402796204509211,1.7855109940078144,-0.05778754527941413,-1.8116752288006481,-1.5679065665042955,-1.5033846310869767,-0.5318194664152887,0.5721276165085317,-0.6780493930322938,-0.6282411217206918,-0.8772324258614294,-0.42623001504290225,1.1914379855160337,1.4159910129545328,-0.678773515728442,-0.6201892226844659,0.33809616377248186,-0.16461310905422857,-0.3393937395081972,-0.36871528743554577,0.24583399463483543,-0.43842229861417986
0.8843578088720997,0.590048337687597,1.444112465004624,-0.49381713700997326,1.3335810620982798,-0.8916882501868245,0.5653105475373214,0.25462492536786163,0.816496580927726,0.6450405228226859,0.37967212888114743,1.7496101475022634,-1.8116752288006481,1.153253590238697,-0.1332820844671032,1.4858778104448453,-0.957379385104654,-1.0785044383346125,1.5917455343596372,-0.3305890744344259,-0.42623001504290225,-0.6589728319256668,-0.9320143892374165,1.2497094145398413,-0.6201892226844659,0.33809616377248186,2.1213098223465976,0.7649976209279952,0.562575902478977,1.6476026994959998,-0.43842229861417986
-0.10115885313749245,0.590048337687597,1.4887363051533835,-0.49381713700997326,-0.3939381836990763,0.08504925188071054,-0.9374136927517607,1.1697805251007627,0.816496580927726,-0.9295679978612343,0.37967212888114743,-0.9614863916702531,-0.998992108160748,1.153253590238697,-0.1332820844671032,-0.6996776012846553,0.8345175431842479,-1.0785044383346125,-0.6282411217206918,-1.150554101574931,-0.42623001504290225,0.26623257679518353,0.2419883118585579,0.6068817711170802,0.9316033855643253,0.33809616377248186,1.304908775417731,2.4215846615822842,2.425158282308023,1.9279564404682328,-0.43842229861417986
1.979376322216091,0.590048337687597,-0.8688899160394212,-0.49381713700997326,-1.010909342912418,0.08504925188071054,0.5653105475373214,1.1697805251007627,0.816496580927726,0.7434535553654309,0.37967212888114743,2.6533089938931025,-0.592650547840798,-1.5679065665042955,1.2368204621527703,2.6649218489133464,0.649987294804379,-1.0785044383346125,1.5917455343596372,-0.3305890744344259,-0.42623001504290225,0.26623257679518353,-0.9320143892374165,3.3067578734926766,-0.6201892226844659,0.33809616377248186,4.733793172518971,1.5932911412551396,0.562575902478977,2.488663922412698,-0.43842229861417986
1.103361511540898,-2.416437126439847,-0.33836203871527804,-0.49381713700997326,2.4441291486822943,1.0617867539482455,-0.9374136927517607,-1.5756862740979405,0.816496580927726,1.0878991692650386,0.37967212888114743,0.8459113011114248,-0.592650547840798,-0.6608531809232983,-0.1332820844671032,1.135925471039976,-0.5685026164320743,-0.6780493930322938,1.5917455343596372,-0.8772324258614294,-0.42623001504290225,1.1914379855160337,0.2419883118585579,-0.1645114009902331,-0.6201892226844659,-1.0778621289498782,0.4885077284888646,0.7649976209279952,2.1147278856698484,1.3672489585237668,2.280905882663645
-0.9771736638126856,0.590048337687597,0.8813562586841542,-0.49381713700997326,-0.023755488171071402,0.08504925188071054,0.5653105475373214,1.1697805251007627,0.816496580927726,1.3831382668932737,0.37967212888114743,-0.9614863916702531,0.6263741331190523,1.153253590238697,-0.1332820844671032,-0.9419032642607035,-1.6443434780831758,-0.6780493930322938,-0.6282411217206918,2.1293060069870893,2.3461510562538512,1.1914379855160337,0.2419883118585579,-0.8073390444129942,0.15570708143992973,-1.0778621289498782,-0.3278933184400019,-0.6154915796172453,-0.67914568407372,-0.03451974633739738,-0.43842229861417986
0.008342998196906542,0.590048337687597,-1.4242088156684312,1.401512344464336,-0.3939381836990763,1.0617867539482455,0.5653105475373214,0.25462492536786163,0.816496580927726,1.5799643319787635,0.37967212888114743,-0.05778754527941413,1.0327156934390023,1.153253590238697,-0.1332820844671032,-0.00019787977838295895,1.196269911295278,0.523315742874663,-0.6282411217206918,-0.3305890744344259,-0.42623001504290225,-0.6589728319256668,0.2419883118585579,-0.5502079870438897,1.707499689688721,1.754054456494842,-0.3278933184400019,-0.0632958993991491,-0.67914568407372,-0.8755809692540959,-0.43842229861417986
-1.7436866231534796,0.590048337687597,0.47974169734531674,-0.49381713700997326,-0.7641208792270812,-0.8916882501868245,0.5653105475373214,1.1697805251007627,0.816496580927726,1.6783773645215088,-1.0261667362455194,-0.9614863916702531,0.6263741331190523,0.2462002046576992,1.2368204621527703,-0.6954280282499878,-0.5315403503818797,-0.6780493930322938,-0.6282411217206918,0.48937595270607925,-0.42623001504290225,-1.5841782406465175,-0.9320143892374165,-1.0644701017820986,0.9316033855643253,1.754054456494842,-0.6544537372115486,-0.6154915796172453,-0.36871528743554577,-1.1559347102263289,-0.43842229861417986
0.008342998196906542,-2.416437126439847,-0.18465770042510565,-0.49381713700997326,-1.010909342912418,1.0617867539482455,0.5653105475373214,-1.5756862740979405,-1.224744871391589,0.6942470390940584,0.37967212888114743,0.8459113011114248,0.2200325727991022,1.153253590238697,-1.5033846310869767,1.508613026180317,-0.37048043823920673,-0.2775943477299748,1.5917455343596372,0.762697628419581,-0.42623001504290225,-1.5841782406465175,1.4159910129545328,0.4783162424325279,-0.6201892226844659,0.33809616377248186,-0.3278933184400019,-0.6154915796172453,-0.67914568407372,-0.5952272282818631,-0.43842229861417986
-0.21066070447189164,0.590048337687597,1.2705753088705585,-0.49381713700997326,1.5803695257836163,0.08504925188071054,-0.9374136927517607,-0.6605306743650394,-1.224744871391589,0.25138839265170587,1.7855109940078144,0.8459113011114248,-0.592650547840798,-0.6608531809232983,-1.5033846310869767,1.1671598328447823,0.6727549263638144,1.7246808787816201,-0.6282411217206918,0.762697628419581,-0.42623001504290225,-0.6589728319256668,0.2419883118585579,-0.1645114009902331,2.4833959938131165,-1.0778621289498782,-0.0013328996684552844,0.7649976209279952,1.1834366957553255,-0.5952272282818631,-0.43842229861417986
0.11784484953130574,0.590048337687597,-1.1911732060026858,1.401512344464336,-0.270543951856408,-0.8916882501868245,0.5653105475373214,-1.5756862740979405,-1.224744871391589,-1.0771875466753522,1.7855109940078144,-0.05778754527941413,1.0327156934390023,-1.5679065665042955,-1.5033846310869767,-0.19079123038322082,0.6855441514990529,-0.6780493930322938,1.5917455343596372,2.402627682700591,2.3461510562538512,0.26623257679518353,0.2419883118585579,-0.4216424583593375,0.15570708143992973,0.33809616377248186,0.16194730971731802,-1.1676872598353416,1.4938670923934998,0.8065414765793012,-0.43842229861417986
-1.196177366481484,-0.9131943943761252,1.677148074670369,-0.49381713700997326,-1.010909342912418,0.08504925188071054,-0.9374136927517607,0.25462492536786163,-1.224744871391589,0.8910731041795484,0.37967212888114743,-0.05778754527941413,-0.18630898752084787,-0.6608531809232983,-1.5033846310869767,-0.02250813821038736,1.750282279241541,-0.6780493930322938,-0.6282411217206918,1.3093409798465845,2.3461510562538512,-1.5841782406465175,0.2419883118585579,-0.678773515728442,2.4833959938131165,-2.4938204216722384,-0.16461310905422857,0.2128019407098989,-0.36871528743554577,-0.03451974633739738,-0.43842229861417986
1.4318670655440953,0.590048337687597,-0.013599646521526749,-0.49381713700997326,-0.6407266473844129,-1.86842575225436,-0.9374136927517607,-1.5756862740979405,0.816496580927726,1.4815512994360187,0.37967212888114743,2.6533089938931025,0.2200325727991022,-0.6608531809232983,-1.5033846310869767,2.685957235434951,0.21107795307526198,0.12286069757234404,-0.6282411217206918,-0.3305890744344259,-0.42623001504290225,-1.5841782406465175,1.4159910129545328,2.1496681153317065,0.9316033855643253,-1.0778621289498782,0.4885077284888646,-0.0632958993991491,-0.36871528743554577,0.5261877356070683,-0.43842229861417986
1.7603726195472926,0.590048337687597,0.663195262401329,-0.49381713700997326,-0.7641208792270812,1.0617867539482455,0.5653105475373214,0.25462492536786163,0.816496580927726,-1.0279810304039796,0.37967212888114743,1.7496101475022634,0.2200325727991022,0.2462002046576992,-0.1332820844671032,2.354490538730885,0.942031358881582,0.12286069757234404,1.5917455343596372,0.21605427699257748,-0.42623001504290225,1.1914379855160337,2.5899937140505074,1.2497094145398413,1.707499689688721,-1.0778621289498782,-0.3278933184400019,-0.3393937395081972,-0.36871528743554577,-0.3148734873096303,-0.43842229861417986
0.5558522548689022,0.590048337687597,-0.41521420786036417,1.401512344464336,-1.010909342912418,-1.86842575225436,-0.9374136927517607,-0.6605306743650394,0.816496580927726,1.629170848250136,0.37967212888114743,-0.05778754527941413,1.0327156934390023,0.2462002046576992,-0.1332820844671032,-0.339101329293117,1.4361732882826628,-0.6780493930322938,-0.6282411217206918,2.6759493584140928,2.3461510562538512,0.26623257679518353,-0.9320143892374165,1.121143885855289,0.15570708143992973,0.33809616377248186,2.1213098223465976,3.2498781819094282,2.735588678946197,0.5261877356070683,-0.43842229861417986
-0.8676718124782865,-0.9131943943761252,-0.8936809383442877,1.401512344464336,-0.8875151110697495,-0.8916882501868245,-0.9374136927517607,-0.6605306743650394,0.816496580927726,-1.0771875466753522,0.37967212888114743,-0.05778754527941413,1.0327156934390023,1.153253590238697,1.2368204621527703,-0.41410629335499854,0.8357824116042165,-0.6780493930322938,-0.6282411217206918,0.762697628419581,-0.42623001504290225,-1.5841782406465175,-0.9320143892374165,-0.1645114009902331,0.15570708143992973,-1.0778621289498782,0.4885077284888646,0.7649976209279952,-0.67914568407372,1.3672489585237668,-0.43842229861417986
1.979376322216091,0.590048337687597,-1.6250160963378495,-0.49381713700997326,1.3335810620982798,-0.8916882501868245,2.0680347878264036,-0.6605306743650394,0.816496580927726,-1.4216331605749597,0.37967212888114743,-0.05778754527941413,-0.998992108160748,1.153253590238697,-0.1332820844671032,-0.23116217421256222,0.23314287995693708,0.12286069757234404,1.5917455343596372,1.0360193041330827,-0.42623001504290225,1.1914379855160337,0.2419883118585579,0.09261965637887119,0.9316033855643253,0.33809616377248186,0.4885077284888646,0.7649976209279952,-0.67914568407372,1.086895217551534,-0.43842229861417986
-1.196177366481484,-0.9131943943761252,-0.7598094178980086,-0.49381713700997326,0.2230329755142651,-0.8916882501868245,0.5653105475373214,-1.5756862740979405,0.816496580927726,-0.28988328633339183,0.37967212888114743,-0.05778754527941413,-1.8116752288006481,-1.5679065665042955,-0.1332820844671032,-0.3743727854808573,1.1817941949334143,-0.6780493930322938,1.5917455343596372,-0.6039107501479276,-0.42623001504290225,0.26623257679518353,0.2419883118585579,-0.8073390444129942,0.15570708143992973,0.33809616377248186,-0.3278933184400019,-0.3393937395081972,0.25214550584080275,-0.3148734873096303,-0.43842229861417986
0.008342998196906542,0.590048337687597,1.4118841360082974,-0.49381713700997326,-1.010909342912418,0.08504925188071054,-0.9374136927517607,1.1697805251007627,-1.224744871391589,-1.1756005792180972,0.37967212888114743,-0.9614863916702531,0.6263741331190523,1.153253590238697,1.2368204621527703,-0.9323417249327016,0.22035365482169866,-0.6780493930322938,-0.6282411217206918,-0.8772324258614294,-0.42623001504290225,-0.6589728319256668,-0.9320143892374165,0.7354472998016324,0.15570708143992973,0.33809616377248186,1.6314691941892778,2.1454868214732365,0.8730062991171512,0.8065414765793012,-0.43842229861417986
0.7748559575377005,-0.9131943943761252,0.2913299278283312,-0.49381713700997326,1.827157989468953,0.08504925188071054,-0.9374136927517607,1.1697805251007627,0.816496580927726,-1.1263940629467246,0.37967212888114743,-0.9614863916702531,-0.998992108160748,0.2462002046576992,-1.5033846310869767,-0.7100890552195908,0.7879984935165124,0.12286069757234404,1.5917455343596372,1.8559843312735878,2.3461510562538512,1.1914379855160337,0.2419883118585579,0.9925783571707368,-2.171981830933257,-2.4938204216722384,-0.9810141559830952,-1.1676872598353416,-0.67914568407372,-1.1559347102263289,2.280905882663645
0.11784484953130574,0.590048337687597,-0.28382178964457166,-0.49381713700997326,1.7037637576262843,1.0617867539482455,-0.9374136927517607,1.1697805251007627,0.816496580927726,0.7926600716368034,0.37967212888114743,-0.05778754527941413,-1.8116752288006481,1.153253590238697,-1.5033846310869767,-0.1610442191405482,0.6445061983178482,2.5255909693862577,-0.6282411217206918,-0.3305890744344259,-0.42623001504290225,-0.6589728319256668,0.2419883118585579,-0.1645114009902331,-0.6201892226844659,0.33809616377248186,-0.8177339465973219,-0.6154915796172453,-0.36871528743554577,-0.5952272282818631,-0.43842229861417986
-1.196177366481484,0.590048337687597,1.6027750077557696,-0.49381713700997326,0.8400041347276065,1.0617867539482455,0.5653105475373214,-1.5756862740979405,0.816496580927726,-1.0279810304039796,0.37967212888114743,-0.9614863916702531,-0.998992108160748,-0.6608531809232983,-1.5033846310869767,-0.8775222327854908,-0.018706476552373636,-0.2775943477299748,1.5917455343596372,-0.6039107501479276,-0.42623001504290225,1.1914379855160337,0.2419883118585579,-0.8073390444129942,-0.6201892226844659,0.33809616377248186,-0.6544537372115486,-0.6154915796172453,-0.67914568407372,-0.5952272282818631,2.280905882663645
-0.9771736638126856,0.590048337687597,0.7797130672342015,-0.49381713700997326,-0.1471497200137397,-0.8916882501868245,-0.9374136927517607,1.1697805251007627,-1.224744871391589,0.005355811294843232,0.37967212888114743,-0.9614863916702531,0.6263741331190523,1.153253590238697,1.2368204621527703,-0.6784297361113177,-1.3808292239230433,-0.6780493930322938,-0.6282411217206918,1.5826626555600862,2.3461510562538512,1.1914379855160337,-0.9320143892374165,-0.8073390444129942,0.15570708143992973,0.33809616377248186,-0.3278933184400019,-0.3393937395081972,-0.67914568407372,-0.5952272282818631,-0.43842229861417986
1.3223652142096962,-0.9131943943761252,-0.41273510562987753,-0.49381713700997326,0.0996387436715968,1.0617867539482455,-0.9374136927517607,0.25462492536786163,-1.224744871391589,-1.520046193117705,0.37967212888114743,2.6533089938931025,0.2200325727991022,-1.5679065665042955,1.2368204621527703,2.5841799612546636,1.5854277618389618,2.5255909693862577,1.5917455343596372,-1.150554101574931,-0.42623001504290225,1.1914379855160337,-0.9320143892374165,1.3782749432243937,0.9316033855643253,0.33809616377248186,-0.6544537372115486,-0.6154915796172453,-0.36871528743554577,-0.5952272282818631,-0.43842229861417986
-0.10115885313749245,0.590048337687597,-0.7350183955931421,-0.49381713700997326,-0.7641208792270812,0.08504925188071054,2.0680347878264036,0.25462492536786163,0.816496580927726,-1.7660787744745672,0.37967212888114743,-0.05778754527941413,0.6263741331190523,-0.6608531809232983,1.2368204621527703,-0.42876732032460146,1.682541548305443,0.523315742874663,-0.6282411217206918,-0.8772324258614294,-0.42623001504290225,1.1914379855160337,-0.9320143892374165,-0.1645114009902331,-0.6201892226844659,0.33809616377248186,0.16194730971731802,-1.1676872598353416,1.4938670923934998,0.8065414765793012,-0.43842229861417986
-0.6486681098094882,-0.9131943943761252,-0.8887227338833145,1.401512344464336,-0.5173324155417446,0.08504925188071054,-0.1860515726072197,1.1697805251007627,-1.224744871391589,0.8910731041795484,0.37967212888114743,-0.9614863916702531,1.4390572537589523,-0.6608531809232983,-1.5033846310869767,-0.7891311136644066,-1.4622024256076922,-0.6780493930322938,-0.6282411217206918,-1.150554101574931,-0.42623001504290225,0.26623257679518353,0.2419883118585579,-1.193035630466651,1.707499689688721,-1.0778621289498782,-0.8177339465973219,-0.6154915796172453,-0.05828489079737142,-0.5952272282818631,-0.43842229861417986
-1.196177366481484,0.590048337687597,0.36570299474293083,1.401512344464336,-0.6407266473844129,1.0617867539482455,-0.1860515726072197,1.1697805251007627,0.816496580927726,-0.880361481589862,-1.0261667362455194,-0.05778754527941413,1.0327156934390023,1.153253590238697,1.2368204621527703,-0.1434084910466781,-0.824006037265739,-0.6780493930322938,1.5917455343596372,-0.8772324258614294,-0.42623001504290225,-0.6589728319256668,-0.9320143892374165,-0.4216424583593375,-2.171981830933257,0.33809616377248186,0.16194730971731802,0.7649976209279952,1.4938670923934998,-0.03451974633739738,2.280905882663645
0.008342998196906542,-0.9131943943761252,0.21447775868324503,-0.49381713700997326,-0.023755488171071402,0.08504925188071054,0.5653105475373214,-0.6605306743650394,0.816496580927726,-0.6343289002329995,0.37967212888114743,-0.9614863916702531,0.6263741331190523,1.153253590238697,-0.1332820844671032,-0.8875087294169594,-0.4078643270960576,-0.6780493930322938,1.5917455343596372,-0.8772324258614294,-0.42623001504290225,0.26623257679518353,2.5899937140505074,-0.9359045730975464,0.15570708143992973,-1.0778621289498782,-0.4911735278257753,-0.6154915796172453,-0.36871528743554577,-0.5952272282818631,-0.43842229861417986
0.5558522548689022,-0.9131943943761252,-0.6135423862992962,1.401512344464336,2.073946453154289,0.08504925188071054,-0.1860515726072197,0.25462492536786163,-1.224744871391589,0.546627490279941,0.37967212888114743,1.7496101475022634,1.0327156934390023,-0.6608531809232983,-0.1332820844671032,1.4920396913451135,0.07742352336524266,0.9237707881769819,-0.6282411217206918,-0.3305890744344259,-0.42623001504290225,1.1914379855160337,0.2419883118585579,1.5068404719089457,-0.6201892226844659,1.754054456494842,2.1213098223465976,-0.0632958993991491,0.562575902478977,1.086895217551534,-0.43842229861417986
-2.072192177156677,0.590048337687597,-1.419250611207458,-0.49381713700997326,-0.7641208792270812,0.08504925188071054,-0.9374136927517607,0.25462492536786163,0.816496580927726,-0.585122383961627,0.37967212888114743,-0.9614863916702531,-0.998992108160748,0.2462002046576992,1.2368204621527703,-1.0800143878873973,1.5346924841046643,-0.6780493930322938,-0.6282411217206918,-0.6039107501479276,-0.42623001504290225,0.26623257679518353,-0.9320143892374165,-1.4501666878357553,-0.6201892226844659,0.33809616377248186,-1.1442943653688686,-1.1676872598353416,-0.67914568407372,-1.1559347102263289,2.280905882663645
-0.21066070447189164,0.590048337687597,1.0648098237401664,1.401512344464336,0.8400041347276065,0.08504925188071054,-0.1860515726072197,0.25462492536786163,0.816496580927726,1.4815512994360187,0.37967212888114743,0.8459113011114248,1.0327156934390023,-0.6608531809232983,-0.1332820844671032,0.322344713552881,-1.294818171365176,-1.0785044383346125,-0.6282411217206918,-0.05726739872092413,-0.42623001504290225,0.26623257679518353,1.4159910129545328,0.09261965637887119,0.15570708143992973,-1.0778621289498782,0.651787937874638,1.317193301146092,1.1834366957553255,1.3672489585237668,-0.43842229861417986
-0.10115885313749245,-0.9131943943761252,-0.5862722617639431,-0.49381713700997326,1.0867925984129432,1.0617867539482455,-0.9374136927517607,0.25462492536786163,0.816496580927726,0.7434535553654309,1.7855109940078144,-0.9614863916702531,-0.998992108160748,1.153253590238697,-0.1332820844671032,-0.5981128057561018,-1.010644399678889,0.523315742874663,-0.6282411217206918,0.762697628419581,-0.42623001504290225,1.1914379855160337,1.4159910129545328,-0.9359045730975464,-0.6201892226844659,0.33809616377248186,-0.9810141559830952,-1.1676872598353416,-0.67914568407372,-1.1559347102263289,-0.43842229861417986
1.5413689168784943,0.590048337687597,1.238346979874232,-0.49381713700997326,-0.8875151110697495,0.08504925188071054,0.5653105475373214,1.1697805251007627,0.816496580927726,0.8910731041795484,-2.432005601372186,-0.05778754527941413,-0.18630898752084787,-0.6608531809232983,-1.5033846310869767,-0.21692610454642602,0.28219166646460975,0.9237707881769819,-0.6282411217206918,0.762697628419581,-0.42623001504290225,1.1914379855160337,0.2419883118585579,0.2211851850634235,0.15570708143992973,0.33809616377248186,-0.4911735278257753,-0.8915894197262935,-0.36871528743554577,-0.5952272282818631,-0.43842229861417986
0.44635040353450317,0.590048337687597,-1.161423979236846,1.401512344464336,-0.8875151110697495,1.0617867539482455,-0.9374136927517607,1.1697805251007627,0.816496580927726,1.0878991692650386,0.37967212888114743,1.7496101475022634,-0.592650547840798,-0.6608531809232983,1.2368204621527703,2.0211115341612187,0.22246176885497967,-0.6780493930322938,-0.6282411217206918,1.0360193041330827,-0.42623001504290225,-0.6589728319256668,-0.9320143892374165,1.3782749432243937,-0.6201892226844659,0.33809616377248186,2.447870241118145,1.5932911412551396,-0.67914568407372,-0.03451974633739738,-0.43842229861417986
-2.072192177156677,0.590048337687597,0.02358688693577295,1.401512344464336,0.0996387436715968,0.08504925188071054,0.5653105475373214,1.1697805251007627,-1.224744871391589,0.15297536010896076,-1.0261667362455194,-0.9614863916702531,1.4390572537589523,0.2462002046576992,1.2368204621527703,-1.1267596912687403,-0.6449568853724008,-0.6780493930322938,-0.6282411217206918,-0.8772324258614294,-0.42623001504290225,-1.5841782406465175,-0.9320143892374165,-1.4501666878357553,-0.6201892226844659,0.33809616377248186,-1.1442943653688686,-1.1676872598353416,-0.67914568407372,-1.1559347102263289,-0.43842229861417986
-0.9771736638126856,0.590048337687597,1.6697107679789092,-0.49381713700997326,0.8400041347276065,-0.8916882501868245,0.5653105475373214,-0.6605306743650394,0.816496580927726,0.10376884383758825,1.7855109940078144,-0.05778754527941413,-1.8116752288006481,-1.5679065665042955,1.2368204621527703,-0.1788924258861518,-1.3336074695775475,-1.0785044383346125,-0.6282411217206918,1.0360193041330827,-0.42623001504290225,0.26623257679518353,-0.9320143892374165,-0.2930769296747854,-0.6201892226844659,0.33809616377248186,0.16194730971731802,-0.3393937395081972,-0.67914568407372,0.8065414765793012,-0.43842229861417986
-0.6486681098094882,0.590048337687597,-1.4489998379732976,1.401512344464336,-0.270543951856408,0.08504925188071054,2.0680347878264036,-0.6605306743650394,0.816496580927726,1.6783773645215088,1.7855109940078144,-0.05778754527941413,1.0327156934390023,1.153253590238697,-0.1332820844671032,0.09053050451176836,-0.29121535058783876,0.523315742874663,-0.6282411217206918,-1.150554101574931,-0.42623001504290225,-0.6589728319256668,0.2419883118585579,-0.1645114009902331,0.15570708143992973,-1.0778621289498782,0.16194730971731802,0.7649976209279952,1.4938670923934998,0.8065414765793012,-0.43842229861417986
0.22734670086570485,0.590048337687597,0.8168996006915014,-0.49381713700997326,-1.010909342912418,0.08504925188071054,0.5653105475373214,0.25462492536786163,0.816496580927726,-0.880361481589862,1.7855109940078144,0.8459113011114248,-1.8116752288006481,1.153253590238697,-1.5033846310869767,0.6608232057641483,-0.47377802586997875,-1.0785044383346125,-0.6282411217206918,0.48937595270607925,-0.42623001504290225,-1.5841782406465175,2.5899937140505074,0.9925783571707368,1.707499689688721,-1.0778621289498782,1.794749403575051,1.5932911412551396,0.25214550584080275,0.8065414765793012,-0.43842229861417986
-0.10115885313749245,-2.416437126439847,0.7499638404683617,-0.49381713700997326,1.827157989468953,1.0617867539482455,-0.9374136927517607,-0.6605306743650394,-1.224744871391589,-0.9295679978612343,0.37967212888114743,-0.05778754527941413,-0.998992108160748,-0.6608531809232983,-0.1332820844671032,-0.1761302034136179,-1.0380498821115427,1.7246808787816201,-0.6282411217206918,-0.05726739872092413,-0.42623001504290225,0.26623257679518353,0.2419883118585579,-0.035945872305680915,0.15570708143992973,0.33809616377248186,0.3252275191030913,1.0410954610370433,-0.67914568407372,1.086895217551534,-0.43842229861417986
-0.5391662584750891,0.590048337687597,0.25662249660151815,1.401512344464336,-0.270543951856408,0.08504925188071054,-0.9374136927517607,1.1697805251007627,0.816496580927726,1.235518718079156,-1.0261667362455194,-0.05778754527941413,1.0327156934390023,0.2462002046576992,-0.1332820844671032,-0.21650114724295932,0.37551084767118476,-0.6780493930322938,-0.6282411217206918,-0.3305890744344259,-0.42623001504290225,0.26623257679518353,0.2419883118585579,0.2211851850634235,0.15570708143992973,-1.0778621289498782,0.9783483566461848,1.0410954610370433,0.562575902478977,1.086895217551534,-0.43842229861417986
0.11784484953130574,0.590048337687597,0.11531366946377906,-0.49381713700997326,1.950552221311621,-0.8916882501868245,-0.9374136927517607,-1.5756862740979405,-1.224744871391589,0.7434535553654309,-1.0261667362455194,0.8459113011114248,0.2200325727991022,-0.6608531809232983,-0.1332820844671032,1.1809709452074517,1.7418498231084163,0.12286069757234404,-0.6282411217206918,0.48937595270607925,-0.42623001504290225,0.26623257679518353,0.2419883118585579,0.9925783571707368,-0.6201892226844659,0.33809616377248186,0.4885077284888646,1.0410954610370433,-0.67914568407372,-0.8755809692540959,-0.43842229861417986
2.3078818762192883,-2.416437126439847,-1.0225942543295936,-0.49381713700997326,-1.010909342912418,1.0617867539482455,-0.9374136927517607,1.1697805251007627,0.816496580927726,-1.6676657419318222,-2.432005601372186,-0.05778754527941413,-1.8116752288006481,0.2462002046576992,-1.5033846310869767,-0.1791049045378852,0.38548925409538176,-0.2775943477299748,1.5917455343596372,-0.6039107501479276,-0.42623001504290225,1.1914379855160337,0.2419883118585579,0.09261965637887119,-0.6201892226844659,0.33809616377248186,-0.3278933184400019,-0.3393937395081972,-0.36871528743554577,-0.5952272282818631,-0.43842229861417986
-0.6486681098094882,0.590048337687597,-0.27638448295311174,-0.49381713700997326,-0.5173324155417446,1.0617867539482455,2.0680347878264036,0.25462492536786163,0.816496580927726,0.9894861367222935,0.37967212888114743,-0.9614863916702531,0.6263741331190523,1.153253590238697,-0.1332820844671032,-0.3573744933421873,-0.5953459351225199,-1.0785044383346125,1.5917455343596372,-0.8772324258614294,-0.42623001504290225,0.26623257679518353,0.2419883118585579,-0.678773515728442,0.9316033855643253,0.33809616377248186,-0.3278933184400019,-0.6154915796172453,-0.67914568407372,-0.3148734873096303,-0.43842229861417986
-0.6486681098094882,0.590048337687597,-1.7266592877878024,-2.3891466184842827,-0.8875151110697495,0.08504925188071054,-1.6887758128963017,-1.5756862740979405,0.816496580927726,-0.1914702537906467,-1.0261667362455194,-0.05778754527941413,-1.405333668480698,-1.5679065665042955,-0.1332820844671032,-0.01974591573785346,0.49314361072826796,0.12286069757234404,-0.6282411217206918,-0.8772324258614294,-0.42623001504290225,1.1914379855160337,-0.9320143892374165,-0.2930769296747854,-1.3960855268088614,0.33809616377248186,-0.8177339465973219,-0.6154915796172453,-0.36871528743554577,-1.1559347102263289,-0.43842229861417986
0.8843578088720997,-0.9131943943761252,1.1069545616584395,-0.49381713700997326,-0.270543951856408,0.08504925188071054,-0.9374136927517607,-1.5756862740979405,0.816496580927726,1.5307578157073911,0.37967212888114743,0.8459113011114248,-0.998992108160748,-1.5679065665042955,-1.5033846310869767,-0.2747202978179042,0.8425283765107159,-0.6780493930322938,-0.6282411217206918,0.762697628419581,-0.42623001504290225,-1.5841782406465175,0.2419883118585579,1.6354060005934978,-0.6201892226844659,0.33809616377248186,2.774430659889691,1.317193301146092,2.1147278856698484,1.9279564404682328,-0.43842229861417986
-0.6486681098094882,0.590048337687597,-1.5134564959659504,-0.49381713700997326,-0.8875151110697495,1.0617867539482455,-0.9374136927517607,0.25462492536786163,0.816496580927726,-1.6676657419318222,0.37967212888114743,-0.9614863916702531,0.6263741331190523,1.153253590238697,-1.5033846310869767,-0.8091041069273438,-0.9228063149588448,-1.0785044383346125,1.5917455343596372,0.762697628419581,-0.42623001504290225,-0.6589728319256668,0.2419883118585579,-1.0644701017820986,-0.6201892226844659,-2.4938204216722384,-0.8177339465973219,-0.6154915796172453,-0.05828489079737142,-0.5952272282818631,-0.43842229861417986
-0.42966440714068993,-0.9131943943761252,-0.6185005907602695,-0.49381713700997326,-0.5173324155417446,1.0617867539482455,-0.9374136927517607,1.1697805251007627,-1.224744871391589,0.3990079414658234,0.37967212888114743,0.8459113011114248,-0.592650547840798,-0.6608531809232983,-0.1332820844671032,1.142087351940244,1.272021475557844,1.3242258334793011,-0.6282411217206918,-1.150554101574931,-0.42623001504290225,-0.6589728319256668,1.4159910129545328,0.09261965637887119,-0.6201892226844659,0.33809616377248186,0.4885077284888646,0.488899780818947,1.8042974890316739,1.086895217551534,-0.43842229861417986
0.22734670086570485,0.590048337687597,-1.6993891632524494,-0.49381713700997326,0.0996387436715968,-1.86842575225436,0.5653105475373214,0.25462492536786163,0.816496580927726,1.629170848250136,0.37967212888114743,1.7496101475022634,-0.592650547840798,-1.5679065665042955,-0.1332820844671032,2.244851554436463,-1.258980232799398,-0.6780493930322938,1.5917455343596372,-0.3305890744344259,-0.42623001504290225,1.1914379855160337,-0.9320143892374165,1.2497094145398413,0.15570708143992973,0.33809616377248186,2.284590031732371,1.317193301146092,2.735588678946197,1.6476026994959998,-0.43842229861417986
0.6653541062033014,-0.9131943943761252,-1.5308102115793571,-0.49381713700997326,0.0996387436715968,1.0617867539482455,-0.9374136927517607,0.25462492536786163,-1.224744871391589,-1.6184592256604498,0.37967212888114743,-0.9614863916702531,-0.998992108160748,1.153253590238697,1.2368204621527703,-0.860098983343354,-0.5113024556623815,-1.0785044383346125,-0.6282411217206918,1.0360193041330827,-0.42623001504290225,-1.5841782406465175,-0.9320143892374165,-0.2930769296747854,1.707499689688721,0.33809616377248186,0.16194730971731802,0.7649976209279952,-0.36871528743554577,0.8065414765793012,-0.43842229861417986
1.3223652142096962,0.590048337687597,0.7152564092415487,-0.49381713700997326,-1.010909342912418,-0.8916882501868245,2.0680347878264036,0.25462492536786163,-1.224744871391589,1.1863122018077836,-1.0261667362455194,1.7496101475022634,-1.8116752288006481,0.2462002046576992,1.2368204621527703,1.5853178194560655,0.49145711950164306,1.7246808787816201,1.5917455343596372,-0.8772324258614294,-0.42623001504290225,1.1914379855160337,-0.9320143892374165,1.76397152927805,-0.6201892226844659,0.33809616377248186,-0.0013328996684552844,-0.8915894197262935,-0.67914568407372,0.8065414765793012,-0.43842229861417986
1.6508707682128936,0.590048337687597,-0.19705321157753886,-0.49381713700997326,-0.1471497200137397,1.0617867539482455,0.5653105475373214,0.25462492536786163,0.816496580927726,0.9402796204509211,-1.0261667362455194,-0.05778754527941413,0.6263741331190523,-0.6608531809232983,-0.1332820844671032,-0.3318770551341822,0.48260304056186265,-0.2775943477299748,-0.6282411217206918,-0.05726739872092413,-0.42623001504290225,-1.5841782406465175,-0.9320143892374165,-0.035945872305680915,0.15570708143992973,-1.0778621289498782,0.16194730971731802,-0.6154915796172453,1.4938670923934998,0.8065414765793012,2.280905882663645
-1.0866755151470848,0.590048337687597,1.0350605969743265,-0.49381713700997326,-0.5173324155417446,0.08504925188071054,-0.9374136927517607,0.25462492536786163,-1.224744871391589,0.9402796204509211,0.37967212888114743,-0.9614863916702531,0.6263741331190523,-0.6608531809232983,1.2368204621527703,-0.8552119743534863,0.9310691659085204,-0.6780493930322938,1.5917455343596372,-0.8772324258614294,-0.42623001504290225,-0.6589728319256668,-0.9320143892374165,-0.9359045730975464,-0.6201892226844659,-1.0778621289498782,-0.4911735278257753,-0.3393937395081972,-0.36871528743554577,-0.5952272282818631,-0.43842229861417986
-0.5391662584750891,0.590048337687597,-0.5317320126932368,1.401512344464336,-0.1471497200137397,-0.8916882501868245,2.0680347878264036,0.25462492536786163,-1.224744871391589,-0.043850704976529174,-1.0261667362455194,-0.05778754527941413,1.0327156934390023,-0.6608531809232983,-0.1332820844671032,-0.2708956820867034,1.449103054353453,-0.6780493930322938,1.5917455343596372,-1.150554101574931,-0.42623001504290225,1.1914379855160337,-0.9320143892374165,0.2211851850634235,-0.6201892226844659,0.33809616377248186,0.9783483566461848,2.1454868214732365,2.735588678946197,1.3672489585237668,-0.43842229861417986
-1.0866755151470848,0.590048337687597,1.4242796471607309,1.401512344464336,-0.8875151110697495,0.08504925188071054,-0.9374136927517607,1.1697805251007627,0.816496580927726,0.3990079414658234,0.37967212888114743,-0.05778754527941413,1.0327156934390023,0.2462002046576992,1.2368204621527703,-0.43025467088673514,-1.2748613585167818,-0.6780493930322938,1.5917455343596372,-1.150554101574931,-0.42623001504290225,-1.5841782406465175,-0.9320143892374165,-0.8073390444129942,0.15570708143992973,0.33809616377248186,-0.3278933184400019,-0.0632958993991491,-0.67914568407372,-0.03451974633739738,-0.43842229861417986
-0.6486681098094882,0.590048337687597,-0.27638448295311174,1.401512344464336,-0.270543951856408,0.08504925188071054,-0.1860515726072197,1.1697805251007627,0.816496580927726,0.3498014251944509,0.37967212888114743,-0.05778754527941413,1.0327156934390023,1.153253590238697,-1.5033846310869767,0.2218423112829944,-1.0076930400322954,0.523315742874663,-0.6282411217206918,-0.8772324258614294,-0.42623001504290225,1.1914379855160337,2.5899937140505074,0.2211851850634235,0.15570708143992973,0.33809616377248186,-0.0013328996684552844,0.7649976209279952,-0.36871528743554577,0.8065414765793012,-0.43842229861417986
-0.5391662584750891,0.590048337687597,0.5342819464160231,-0.49381713700997326,-0.8875151110697495,1.0617867539482455,0.5653105475373214,-1.5756862740979405,-1.224744871391589,0.3990079414658234,1.7855109940078144,-0.05778754527941413,0.6263741331190523,1.153253590238697,1.2368204621527703,-0.3076544888365774,-0.5278862860575259,1.7246808787816201,-0.6282411217206918,0.21605427699257748,-0.42623001504290225,0.26623257679518353,-0.9320143892374165,-0.1645114009902331,-2.171981830933257,-1.0778621289498782,-0.0013328996684552844,0.7649976209279952,-0.67914568407372,0.8065414765793012,-0.43842229861417986
-0.9771736638126856,0.590048337687597,0.8788771564536676,-0.49381713700997326,-0.8875151110697495,1.0617867539482455,0.5653105475373214,-1.5756862740979405,0.816496580927726,0.8910731041795484,-2.432005601372186,-0.9614863916702531,0.6263741331190523,1.153253590238697,-0.1332820844671032,-0.645708023744378,1.4649841800708372,0.9237707881769819,1.5917455343596372,-0.6039107501479276,-0.42623001504290225,1.1914379855160337,-0.9320143892374165,-0.8073390444129942,0.9316033855643253,-1.0778621289498782,-0.6544537372115486,-0.6154915796172453,-0.05828489079737142,-0.5952272282818631,2.280905882663645
-0.7581699611438873,0.590048337687597,1.1714112196510924,-0.49381713700997326,2.320734916839626,-0.8916882501868245,0.5653105475373214,1.1697805251007627,-1.224744871391589,-0.09305722124790168,0.37967212888114743,-0.05778754527941413,0.6263741331190523,1.153253590238697,-0.1332820844671032,-0.154669859588547,-0.33436141780232453,-0.6780493930322938,-0.6282411217206918,-0.6039107501479276,-0.42623001504290225,1.1914379855160337,1.4159910129545328,-0.035945872305680915,-0.6201892226844659,0.33809616377248186,0.4885077284888646,1.0410954610370433,-0.36871528743554577,1.3672489585237668,-0.43842229861417986
-0.6486681098094882,-0.9131943943761252,-0.01112054429104005,-0.49381713700997326,-0.270543951856408,-0.8916882501868245,-0.9374136927517607,0.25462492536786163,-1.224744871391589,-0.880361481589862,-1.0261667362455194,0.8459113011114248,-0.18630898752084787,0.2462002046576992,-0.1332820844671032,0.5184625091027867,-0.03922545314297594,-0.6780493930322938,-0.6282411217206918,2.402627682700591,2.3461510562538512,-1.5841782406465175,0.2419883118585579,-0.1645114009902331,-0.6201892226844659,0.33809616377248186,0.4885077284888646,1.317193301146092,1.8042974890316739,1.3672489585237668,-0.43842229861417986
0.22734670086570485,-0.9131943943761252,-0.32348742533235814,-0.49381713700997326,-0.270543951856408,-0.8916882501868245,0.5653105475373214,0.25462492536786163,0.816496580927726,-0.585122383961627,-1.0261667362455194,2.6533089938931025,-0.592650547840798,1.153253590238697,-0.1332820844671032,2.7131545028568227,0.9595989758255908,-0.6780493930322938,-0.6282411217206918,-0.05726739872092413,-0.42623001504290225,-1.5841782406465175,0.2419883118585579,1.2497094145398413,-0.6201892226844659,0.33809616377248186,2.284590031732371,1.317193301146092,3.356449472222545,-0.3148734873096303,-0.43842229861417986
0.22734670086570485,0.590048337687597,0.8912726676061008,1.401512344464336,-0.7641208792270812,-0.8916882501868245,0.5653105475373214,1.1697805251007627,-1.224744871391589,-1.2248070954894696,0.37967212888114743,-0.05778754527941413,1.0327156934390023,0.2462002046576992,-0.1332820844671032,-0.2687708955693696,0.48695980956397683,0.523315742874663,1.5917455343596372,0.762697628419581,-0.42623001504290225,-1.5841782406465175,-0.9320143892374165,0.09261965637887119,0.15570708143992973,-1.0778621289498782,-0.9810141559830952,-1.1676872598353416,-0.67914568407372,-1.1559347102263289,2.280905882663645
-0.42966440714068993,-0.9131943943761252,-0.7300601911321688,1.401512344464336,0.0996387436715968,0.08504925188071054,-0.1860515726072197,-0.6605306743650394,0.816496580927726,-0.978774514132607,-1.0261667362455194,-0.05778754527941413,1.0327156934390023,1.153253590238697,1.2368204621527703,-0.38690902593312654,-1.4048617239024472,0.12286069757234404,-0.6282411217206918,-0.3305890744344259,-0.42623001504290225,0.26623257679518353,-0.9320143892374165,-0.2930769296747854,2.4833959938131165,-1.0778621289498782,-0.0013328996684552844,0.7649976209279952,-0.67914568407372,-0.8755809692540959,-0.43842229861417986
1.103361511540898,0.590048337687597,1.6845853813618292,-0.49381713700997326,-0.5173324155417446,2.038524256015781,-0.9374136927517607,1.1697805251007627,0.816496580927726,-1.1756005792180972,0.37967212888114743,2.6533089938931025,0.2200325727991022,0.2462002046576992,-0.1332820844671032,2.5066252533719817,0.2897808769844216,0.523315742874663,-0.6282411217206918,-1.150554101574931,-0.42623001504290225,-0.6589728319256668,0.2419883118585579,1.2497094145398413,-0.6201892226844659,0.33809616377248186,-0.6544537372115486,-0.6154915796172453,-0.36871528743554577,-0.8755809692540959,-0.43842229861417986
0.6653541062033014,-0.9131943943761252,-0.6036259773773496,-0.49381713700997326,0.0996387436715968,1.0617867539482455,-0.9374136927517607,0.25462492536786163,-1.224744871391589,0.7926600716368034,-1.0261667362455194,-0.05778754527941413,-0.998992108160748,0.2462002046576992,-1.5033846310869767,-0.2647338011864355,-1.1364285369979923,-0.6780493930322938,-0.6282411217206918,-1.150554101574931,-0.42623001504290225,-0.6589728319256668,0.2419883118585579,-0.2930769296747854,0.15570708143992973,1.754054456494842,0.3252275191030913,0.7649976209279952,-0.67914568407372,-1.1559347102263289,-0.43842229861417986
-1.0866755151470848,-2.416437126439847,-1.4688326558171907,1.401512344464336,-1.010909342912418,-1.86842575225436,-0.1860515726072197,0.25462492536786163,0.816496580927726,0.3498014251944509,0.37967212888114743,-0.05778754527941413,1.0327156934390023,-0.6608531809232983,-0.1332820844671032,-0.03270711349358937,1.095361519568891,-1.0785044383346125,1.5917455343596372,-0.6039107501479276,-0.42623001504290225,1.1914379855160337,0.2419883118585579,-0.678773515728442,-2.171981830933257,0.33809616377248186,-0.3278933184400019,-0.0632958993991491,-0.36871528743554577,-0.03451974633739738,-0.43842229861417986
1.869874470881692,-0.9131943943761252,0.31116274567222446,-0.49381713700997326,1.3335810620982798,1.0617867539482455,-0.9374136927517607,1.1697805251007627,-1.224744871391589,-1.7168722582031948,0.37967212888114743,-0.05778754527941413,0.6263741331190523,0.2462002046576992,1.2368204621527703,-0.3471755180589852,0.36145675411597766,0.12286069757234404,-0.6282411217206918,-0.8772324258614294,-0.42623001504290225,1.1914379855160337,-0.9320143892374165,1.121143885855289,0.9316033855643253,-1.0778621289498782,-0.4911735278257753,-0.3393937395081972,-0.67914568407372,-0.3148734873096303,-0.43842229861417986
0.6653541062033014,0.590048337687597,0.49213720849774995,-0.49381713700997326,-0.270543951856408,0.08504925188071054,-0.9374136927517607,0.25462492536786163,-1.224744871391589,-1.1263940629467246,0.37967212888114743,0.8459113011114248,-1.8116752288006481,-1.5679065665042955,-0.1332820844671032,0.739865264208964,-0.7098867975974575,2.125135924083939,-0.6282411217206918,0.21605427699257748,-0.42623001504290225,-1.5841782406465175,0.2419883118585579,-0.1645114009902331,-1.3960855268088614,-1.0778621289498782,-0.9810141559830952,-1.1676872598353416,-0.67914568407372,-1.1559347102263289,-0.43842229861417986
0.8843578088720997,0.590048337687597,-0.6284169996822161,-0.49381713700997326,-0.1471497200137397,1.0617867539482455,1.3166726676818623,1.1697805251007627,0.816496580927726,0.44821445773719587,0.37967212888114743,-0.05778754527941413,0.6263741331190523,1.153253590238697,-0.1332820844671032,-0.5962004978905014,-0.7076381426286243,2.5255909693862577,-0.6282411217206918,-0.3305890744344259,-0.42623001504290225,-1.5841782406465175,1.4159910129545328,0.09261965637887119,0.15570708143992973,0.33809616377248186,0.4885077284888646,1.317193301146092,2.1147278856698484,1.086895217551534,-0.43842229861417986
0.33684855220010396,0.590048337687597,0.7970667828476081,1.401512344464336,-1.010909342912418,-0.8916882501868245,0.5653105475373214,-0.6605306743650394,0.816496580927726,-0.4375028351475093,-2.432005601372186,-0.05778754527941413,1.0327156934390023,1.153253590238697,-0.1332820844671032,0.20271923262699057,-0.14617710509810172,-0.2775943477299748,1.5917455343596372,1.8559843312735878,2.3461510562538512,0.26623257679518353,2.5899937140505074,-0.678773515728442,-0.6201892226844659,-1.0778621289498782,-0.4911735278257753,-0.3393937395081972,-0.67914568407372,-0.5952272282818631,-0.43842229861417986
-0.8676718124782865,0.590048337687597,-1.2010896149246324,-0.49381713700997326,-0.1471497200137397,1.0617867539482455,1.3166726676818623,-0.6605306743650394,0.816496580927726,0.546627490279941,-2.432005601372186,-0.9614863916702531,-0.998992108160748,-1.5679065665042955,-0.1332820844671032,-0.9314918103257682,-1.342742630388432,-0.6780493930322938,1.5917455343596372,-1.150554101574931,-0.42623001504290225,1.1914379855160337,-0.9320143892374165,-0.5502079870438897,0.9316033855643253,-1.0778621289498782,-0.0013328996684552844,0.7649976209279952,-0.67914568407372,0.8065414765793012,2.280905882663645
-0.8676718124782865,0.590048337687597,-0.15986667812023916,-0.49381713700997326,-0.023755488171071402,2.038524256015781,1.3166726676818623,-0.6605306743650394,0.816496580927726,-1.7660787744745672,-1.0261667362455194,-0.9614863916702531,-0.998992108160748,1.153253590238697,1.2368204621527703,-0.535431603494756,-0.9405144728384056,-1.0785044383346125,-0.6282411217206918,0.48937595270607925,-0.42623001504290225,0.26623257679518353,-0.9320143892374165,-0.9359045730975464,-0.6201892226844659,0.33809616377248186,-0.6544537372115486,-0.6154915796172453,-0.05828489079737142,-0.5952272282818631,-0.43842229861417986
-0.7581699611438873,0.590048337687597,-0.5763558528419964,1.401512344464336,-0.5173324155417446,0.08504925188071054,-0.1860515726072197,1.1697805251007627,-1.224744871391589,-1.7660787744745672,-1.0261667362455194,-0.05778754527941413,1.0327156934390023,0.2462002046576992,-1.5033846310869767,-0.08178968204399917,-1.2482991216974406,-0.6780493930322938,-0.6282411217206918,-0.6039107501479276,-0.42623001504290225,0.26623257679518353,2.5899937140505074,-0.1645114009902331,-0.6201892226844659,0.33809616377248186,0.4885077284888646,1.317193301146092,-0.36871528743554577,-0.5952272282818631,-0.43842229861417986
-1.0866755151470848,0.590048337687597,0.811941396230528,1.401512344464336,-0.1471497200137397,1.0617867539482455,-0.1860515726072197,-0.6605306743650394,-1.224744871391589,-0.48670935141888183,0.37967212888114743,-0.05778754527941413,1.0327156934390023,-0.6608531809232983,-0.1332820844671032,-0.06139173147759507,-1.5316296477704152,-0.6780493930322938,-0.6282411217206918,0.762697628419581,-0.42623001504290225,-1.5841782406465175,0.2419883118585579,-0.4216424583593375,0.15570708143992973,0.33809616377248186,0.16194730971731802,0.7649976209279952,-0.67914568407372,0.8065414765793012,-0.43842229861417986
0.008342998196906542,0.590048337687597,0.9656457345207003,-0.49381713700997326,-0.5173324155417446,-0.8916882501868245,0.5653105475373214,1.1697805251007627,0.816496580927726,-0.2406767700620193,0.37967212888114743,-0.05778754527941413,-0.18630898752084787,1.153253590238697,-1.5033846310869767,-0.033132070797056164,1.2457403206096067,1.7246808787816201,-0.6282411217206918,0.21605427699257748,-0.42623001504290225,0.26623257679518353,1.4159910129545328,-0.4216424583593375,-0.6201892226844659,-1.0778621289498782,-0.16461310905422857,-0.6154915796172453,-0.67914568407372,-0.03451974633739738,-0.43842229861417986
0.11784484953130574,0.590048337687597,-1.1391120591624662,-0.49381713700997326,0.7166099028849382,-0.8916882501868245,-0.9374136927517607,0.25462492536786163,0.816496580927726,1.2847252343505289,-1.0261667362455194,0.8459113011114248,0.2200325727991022,1.153253590238697,-1.5033846310869767,1.0638952081023618,0.19238600864683658,-1.0785044383346125,1.5917455343596372,-0.3305890744344259,-0.42623001504290225,-0.6589728319256668,0.2419883118585579,0.09261965637887119,0.15570708143992973,0.33809616377248186,0.651787937874638,1.5932911412551396,-0.05828489079737142,1.3672489585237668,-0.43842229861417986
-0.6486681098094882,0.590048337687597,1.0648098237401664,-0.49381713700997326,-0.270543951856408,1.0617867539482455,0.5653105475373214,0.25462492536786163,-1.224744871391589,-1.3232201280322147,0.37967212888114743,0.8459113011114248,-0.18630898752084787,1.153253590238697,1.2368204621527703,0.13600093598271065,1.6021521331696582,-0.6780493930322938,1.5917455343596372,-0.3305890744344259,-0.42623001504290225,0.26623257679518353,-0.9320143892374165,-0.035945872305680915,-0.6201892226844659,-1.0778621289498782,0.651787937874638,1.317193301146092,0.562575902478977,1.6476026994959998,-0.43842229861417986
-0.8676718124782865,0.590048337687597,-1.6324534030293096,1.401512344464336,0.0996387436715968,-1.86842575225436,-0.1860515726072197,1.1697805251007627,-1.224744871391589,-1.3232201280322147,-1.0261667362455194,-0.05778754527941413,1.0327156934390023,-0.6608531809232983,-1.5033846310869767,0.3750394191827583,-0.34391820141986534,-0.6780493930322938,1.5917455343596372,-0.3305890744344259,-0.42623001504290225,-1.5841782406465175,1.4159910129545328,-0.5502079870438897,-0.6201892226844659,0.33809616377248186,-0.0013328996684552844,0.7649976209279952,-0.36871528743554577,0.8065414765793012,-0.43842229861417986
-0.21066070447189164,0.590048337687597,1.223472366491312,-0.49381713700997326,-0.5173324155417446,1.0617867539482455,2.0680347878264036,0.25462492536786163,0.816496580927726,-0.1914702537906467,0.37967212888114743,0.8459113011114248,-0.18630898752084787,-0.6608531809232983,1.2368204621527703,0.3382806124328842,0.5552627042422833,-1.0785044383346125,-0.6282411217206918,-0.6039107501479276,-0.42623001504290225,1.1914379855160337,-0.9320143892374165,0.7354472998016324,1.707499689688721,0.33809616377248186,1.4681889848035046,0.488899780818947,-0.67914568407372,2.488663922412698,-0.43842229861417986
-1.5246829204846812,0.590048337687597,1.2557006954876386,-0.49381713700997326,2.073946453154289,-1.86842575225436,-0.9374136927517607,0.25462492536786163,0.816496580927726,0.8418665879081759,0.37967212888114743,-0.9614863916702531,0.6263741331190523,1.153253590238697,-1.5033846310869767,-0.7646960687150683,0.25000779222318553,-0.6780493930322938,-0.6282411217206918,-0.8772324258614294,-0.42623001504290225,0.26623257679518353,1.4159910129545328,-0.9359045730975464,-0.6201892226844659,-1.0778621289498782,-0.4911735278257753,-0.6154915796172453,-0.67914568407372,-0.5952272282818631,-0.43842229861417986
0.44635040353450317,0.590048337687597,-0.7920377468943351,-0.49381713700997326,-0.3939381836990763,0.08504925188071054,0.5653105475373214,1.1697805251007627,0.816496580927726,1.432344783164646,-1.0261667362455194,-0.05778754527941413,-0.18630898752084787,-0.6608531809232983,1.2368204621527703,-0.10006284609306948,-0.5907080842493015,1.3242258334793011,1.5917455343596372,-0.05726739872092413,-0.42623001504290225,1.1914379855160337,-0.9320143892374165,-0.4216424583593375,0.15570708143992973,0.33809616377248186,-0.3278933184400019,-0.0632958993991491,-0.36871528743554577,-0.5952272282818631,-0.43842229861417986
1.103361511540898,-0.9131943943761252,1.2557006954876386,1.401512344464336,-0.6407266473844129,-1.86842575225436,0.5653105475373214,-0.6605306743650394,0.816496580927726,1.629170848250136,0.37967212888114743,-0.05778754527941413,1.4390572537589523,0.2462002046576992,1.2368204621527703,-0.7493976057902652,1.6074926887206369,0.12286069757234404,-0.6282411217206918,1.0360193041330827,-0.42623001504290225,-1.5841782406465175,-0.9320143892374165,-0.8073390444129942,0.15570708143992973,0.33809616377248186,-1.1442943653688686,-1.1676872598353416,-0.67914568407372,-1.1559347102263289,-0.43842229861417986
0.5558522548689022,0.590048337687597,0.01862868247479965,-0.49381713700997326,1.7037637576262843,2.038524256015781,-0.9374136927517607,-1.5756862740979405,-1.224744871391589,-1.0771875466753522,0.37967212888114743,1.7496101475022634,0.2200325727991022,1.153253590238697,1.2368204621527703,2.0162245251713506,0.22316447353274008,-0.2775943477299748,-0.6282411217206918,-0.3305890744344259,-0.42623001504290225,-0.6589728319256668,-0.9320143892374165,0.6068817711170802,-0.6201892226844659,0.33809616377248186,-0.9810141559830952,-1.1676872598353416,-0.67914568407372,-1.1559347102263289,-0.43842229861417986
-0.8676718124782865,-2.416437126439847,-0.14003386027634596,1.401512344464336,-0.8875151110697495,0.08504925188071054,-0.9374136927517607,1.1697805251007627,0.816496580927726,-0.2406767700620193,0.37967212888114743,-0.05778754527941413,1.0327156934390023,0.2462002046576992,-0.1332820844671032,-0.39392082144032786,0.36750001434471674,-0.6780493930322938,-0.6282411217206918,-0.3305890744344259,-0.42623001504290225,-1.5841782406465175,0.2419883118585579,-0.9359045730975464,0.15570708143992973,-1.0778621289498782,-0.4911735278257753,-0.3393937395081972,-0.67914568407372,-0.5952272282818631,-0.43842229861417986
0.5558522548689022,0.590048337687597,-0.6408125108346494,-2.3891466184842827,-0.8875151110697495,-1.86842575225436,2.0680347878264036,0.25462492536786163,0.816496580927726,-0.683535416504372,0.37967212888114743,-0.9614863916702531,-1.405333668480698,0.2462002046576992,-1.5033846310869767,-0.8088916282756105,1.3637947064733462,-1.0785044383346125,1.5917455343596372,-1.150554101574931,-0.42623001504290225,0.26623257679518353,0.2419883118585579,-0.9359045730975464,1.707499689688721,0.33809616377248186,-0.6544537372115486,-0.6154915796172453,-0.36871528743554577,-1.1559347102263289,-0.43842229861417986
-0.5391662584750891,0.590048337687597,0.6433624445574357,-0.49381713700997326,-0.8875151110697495,0.08504925188071054,0.5653105475373214,0.25462492536786163,-1.224744871391589,0.44821445773719587,0.37967212888114743,-0.9614863916702531,-0.998992108160748,-0.6608531809232983,-0.1332820844671032,-0.8781596687406908,-1.4555970016367448,-0.6780493930322938,-0.6282411217206918,-0.6039107501479276,-0.42623001504290225,0.26623257679518353,0.2419883118585579,-0.4216424583593375,0.9316033855643253,0.33809616377248186,0.16194730971731802,-1.1676872598353416,-0.67914568407372,0.8065414765793012,-0.43842229861417986
1.2128633628752972,0.590048337687597,-0.6755199420614625,1.401512344464336,2.4441291486822943,-1.86842575225436,0.5653105475373214,-1.5756862740979405,-1.224744871391589,1.235518718079156,0.37967212888114743,0.8459113011114248,-0.592650547840798,0.2462002046576992,-0.1332820844671032,1.275098987925337,1.3583136099868154,0.12286069757234404,-0.6282411217206918,1.5826626555600862,2.3461510562538512,-0.6589728319256668,0.2419883118585579,0.4783162424325279,0.15570708143992973,-2.4938204216722384,-1.1442943653688686,-1.1676872598353416,-0.67914568407372,-1.1559347102263289,-0.43842229861417986
0.008342998196906542,0.590048337687597,1.280491717792505,-0.49381713700997326,-0.3939381836990763,0.08504925188071054,0.5653105475373214,0.25462492536786163,0.816496580927726,-0.7327419327757445,1.7855109940078144,-0.05778754527941413,0.6263741331190523,-1.5679065665042955,-1.5033846310869767,-0.11238660789360529,0.37775950264001784,0.523315742874663,1.5917455343596372,-0.6039107501479276,-0.42623001504290225,-1.5841782406465175,1.4159910129545328,0.2211851850634235,-0.6201892226844659,0.33809616377248186,-0.0013328996684552844,0.7649976209279952,1.1834366957553255,0.8065414765793012,-0.43842229861417986
-0.7581699611438873,-2.416437126439847,-0.40033959447744427,1.401512344464336,1.950552221311621,-0.8916882501868245,2.0680347878264036,1.1697805251007627,-1.224744871391589,0.9402796204509211,0.37967212888114743,-0.05778754527941413,1.0327156934390023,0.2462002046576992,-0.1332820844671032,-0.37543517873952426,-1.1586340048152193,1.7246808787816201,1.5917455343596372,-0.8772324258614294,-0.42623001504290225,-0.6589728319256668,0.2419883118585579,-0.9359045730975464,-0.6201892226844659,1.754054456494842,-0.8177339465973219,-0.6154915796172453,-0.05828489079737142,-0.5952272282818631,-0.43842229861417986
-1.196177366481484,0.590048337687597,0.3235582568246577,1.401512344464336,-1.010909342912418,0.08504925188071054,-0.9374136927517607,0.25462492536786163,0.816496580927726,-0.4375028351475093,0.37967212888114743,-0.05778754527941413,1.0327156934390023,0.2462002046576992,-0.1332820844671032,-0.2564471337688339,0.8211661543068011,-0.6780493930322938,-0.6282411217206918,0.48937595270607925,-0.42623001504290225,-0.6589728319256668,0.2419883118585579,-0.4216424583593375,0.15570708143992973,0.33809616377248186,0.16194730971731802,0.7649976209279952,1.4938670923934998,0.8065414765793012,-0.43842229861417986
0.5558522548689022,0.590048337687597,1.3127200467888316,-0.49381713700997326,-0.8875151110697495,1.0617867539482455,1.3166726676818623,-1.5756862740979405,0.816496580927726,1.5799643319787635,-1.0261667362455194,-0.05778754527941413,-1.8116752288006481,1.153253590238697,1.2368204621527703,0.05908366405522875,0.38858115467752735,0.12286069757234404,-0.6282411217206918,2.1293060069870893,2.3461510562538512,-0.6589728319256668,-0.9320143892374165,0.3497507137479757,2.4833959938131165,0.33809616377248186,-0.9810141559830952,-1.1676872598353416,-0.67914568407372,-1.1559347102263289,-0.43842229861417986
-1.7436866231534796,-0.9131943943761252,-0.11524283797147944,1.401512344464336,-1.010909342912418,-1.86842575225436,2.0680347878264036,-1.5756862740979405,-1.224744871391589,1.629170848250136,-1.0261667362455194,-0.9614863916702531,1.4390572537589523,-0.6608531809232983,1.2368204621527703,-0.9198054844804324,-0.7256273823792895,-0.6780493930322938,1.5917455343596372,-1.150554101574931,-0.42623001504290225,0.26623257679518353,-0.9320143892374165,-1.0644701017820986,0.15570708143992973,0.33809616377248186,-0.6544537372115486,-0.6154915796172453,-0.36871528743554577,-0.5952272282818631,2.280905882663645
-0.10115885313749245,-2.416437126439847,0.10539726054183246,1.401512344464336,-1.010909342912418,2.038524256015781,0.5653105475373214,1.1697805251007627,-1.224744871391589,-1.0279810304039796,0.37967212888114743,-0.05778754527941413,1.0327156934390023,1.153253590238697,1.2368204621527703,0.03188639663335665,0.13532638881269587,0.523315742874663,-0.6282411217206918,-0.05726739872092413,-0.42623001504290225,-0.6589728319256668,-0.9320143892374165,-0.5502079870438897,2.4833959938131165,0.33809616377248186,-0.9810141559830952,-1.1676872598353416,-0.67914568407372,-1.1559347102263289,-0.43842229861417986
-0.10115885313749245,-0.9131943943761252,-0.6482498175261093,1.401512344464336,-0.7641208792270812,1.0617867539482455,0.5653105475373214,-1.5756862740979405,0.816496580927726,-0.880361481589862,-1.0261667362455194,0.8459113011114248,1.0327156934390023,1.153253590238697,-0.1332820844671032,0.6790963698132186,-0.993217323670432,0.523315742874663,-0.6282411217206918,-1.150554101574931,-0.42623001504290225,-1.5841782406465175,0.2419883118585579,0.6068817711170802,-0.6201892226844659,0.33809616377248186,0.9783483566461848,1.317193301146092,-0.36871528743554577,2.2083101814404653,-0.43842229861417986
2.198380024884889,0.590048337687597,-0.5193365015408035,-0.49381713700997326,-1.010909342912418,1.0617867539482455,0.5653105475373214,1.1697805251007627,0.816496580927726,1.0878991692650386,0.37967212888114743,-0.05778754527941413,-1.8116752288006481,0.2462002046576992,-0.1332820844671032,0.053559219110160955,-1.5945919868977427,-0.2775943477299748,-0.6282411217206918,-1.150554101574931,-0.42623001504290225,0.26623257679518353,-0.9320143892374165,0.4783162424325279,-0.6201892226844659,0.33809616377248186,-0.6544537372115486,-0.6154915796172453,-0.36871528743554577,-0.5952272282818631,-0.43842229861417986
0.33684855220010396,0.590048337687597,0.9135845876804808,-0.49381713700997326,0.0996387436715968,1.0617867539482455,-0.9374136927517607,1.1697805251007627,-1.224744871391589,-0.978774514132607,1.7855109940078144,-0.9614863916702531,-0.998992108160748,0.2462002046576992,-0.1332820844671032,-0.9115188170628308,1.1498914025630946,0.12286069757234404,1.5917455343596372,-0.6039107501479276,-0.42623001504290225,0.26623257679518353,0.2419883118585579,-0.1645114009902331,0.15570708143992973,0.33809616377248186,-0.0013328996684552844,0.7649976209279952,-0.36871528743554577,0.8065414765793012,-0.43842229861417986
-1.7436866231534796,-2.416437126439847,0.22935237206616493,1.401512344464336,-0.023755488171071402,-0.8916882501868245,0.5653105475373214,-1.5756862740979405,0.816496580927726,-1.3232201280322147,0.37967212888114743,-0.9614863916702531,1.4390572537589523,1.153253590238697,1.2368204621527703,-0.8271647923246808,-1.610894735421783,-0.6780493930322938,-0.6282411217206918,2.402627682700591,2.3461510562538512,0.26623257679518353,-0.9320143892374165,-1.0644701017820986,0.15570708143992973,-1.0778621289498782,-0.6544537372115486,-0.6154915796172453,-0.05828489079737142,-0.5952272282818631,-0.43842229861417986
-0.42966440714068993,0.590048337687597,-1.1217583435490597,1.401512344464336,-0.5173324155417446,0.08504925188071054,-0.1860515726072197,1.1697805251007627,-1.224744871391589,-1.5692527093890773,0.37967212888114743,-0.9614863916702531,1.4390572537589523,0.2462002046576992,1.2368204621527703,-0.7759574372569372,-0.7256273823792895,-0.6780493930322938,1.5917455343596372,-0.6039107501479276,-0.42623001504290225,-0.6589728319256668,-0.9320143892374165,-1.3216011591512031,-0.6201892226844659,0.33809616377248186,-0.9810141559830952,-1.1676872598353416,-0.67914568407372,-1.1559347102263289,2.280905882663645
0.008342998196906542,0.590048337687597,0.2938090300588179,-0.49381713700997326,0.0996387436715968,0.08504925188071054,0.5653105475373214,0.25462492536786163,-1.224744871391589,1.5799643319787635,0.37967212888114743,-0.9614863916702531,-0.998992108160748,-1.5679065665042955,-0.1332820844671032,-0.6482577675651785,0.47079760197548864,1.3242258334793011,-0.6282411217206918,1.3093409798465845,2.3461510562538512,-0.6589728319256668,0.2419883118585579,0.7354472998016324,0.15570708143992973,0.33809616377248186,-0.3278933184400019,-0.0632958993991491,-0.67914568407372,-0.3148734873096303,-0.43842229861417986
0.9938596602064989,-2.416437126439847,0.8466488274573412,-0.49381713700997326,-0.270543951856408,1.0617867539482455,0.5653105475373214,0.25462492536786163,-1.224744871391589,-1.7660787744745672,0.37967212888114743,-0.05778754527941413,-0.18630898752084787,0.2462002046576992,-0.1332820844671032,-0.2645213225347022,0.24326182731668616,-0.2775943477299748,-0.6282411217206918,-0.3305890744344259,-0.42623001504290225,0.26623257679518353,-0.9320143892374165,-0.5502079870438897,-0.6201892226844659,1.754054456494842,-0.9810141559830952,-1.1676872598353416,-0.67914568407372,-1.1559347102263289,-0.43842229861417986
0.44635040353450317,-0.9131943943761252,-1.6349325052597965,1.401512344464336,-0.6407266473844129,0.08504925188071054,-0.1860515726072197,-1.5756862740979405,0.816496580927726,-0.48670935141888183,0.37967212888114743,-0.05778754527941413,1.0327156934390023,-0.6608531809232983,1.2368204621527703,0.6060037136169374,-0.6682866806740446,-0.6780493930322938,-0.6282411217206918,0.762697628419581,-0.42623001504290225,0.26623257679518353,-0.9320143892374165,-0.4216424583593375,1.707499689688721,0.33809616377248186,0.16194730971731802,0.7649976209279952,1.4938670923934998,0.8065414765793012,2.280905882663645
1.4318670655440953,0.590048337687597,0.6036968088696494,-0.49381713700997326,0.0996387436715968,0.08504925188071054,2.0680347878264036,1.1697805251007627,0.816496580927726,1.6783773645215088,-1.0261667362455194,0.8459113011114248,-1.8116752288006481,1.153253590238697,1.2368204621527703,0.8484418552447189,-1.6243866652347818,1.3242258334793011,-0.6282411217206918,-0.05726739872092413,-0.42623001504290225,1.1914379855160337,-0.9320143892374165,1.121143885855289,-0.6201892226844659,0.33809616377248186,-0.4911735278257753,-0.3393937395081972,-0.36871528743554577,-0.3148734873096303,-0.43842229861417986
0.33684855220010396,0.590048337687597,-0.5639603416895632,1.401512344464336,1.5803695257836163,-0.8916882501868245,-0.1860515726072197,0.25462492536786163,0.816496580927726,0.10376884383758825,-1.0261667362455194,-0.05778754527941413,1.0327156934390023,0.2462002046576992,-0.1332820844671032,-0.026120275289854767,-1.1528718264575846,-0.2775943477299748,1.5917455343596372,-0.8772324258614294,-0.42623001504290225,-1.5841782406465175,1.4159910129545328,-0.4216424583593375,2.4833959938131165,0.33809616377248186,-0.16461310905422857,-0.0632958993991491,-0.36871528743554577,-1.1559347102263289,2.280905882663645
-0.6486681098094882,0.590048337687597,-0.977970414180834,-0.49381713700997326,-0.023755488171071402,1.0617867539482455,-0.9374136927517607,0.25462492536786163,0.816496580927726,-1.1756005792180972,-1.0261667362455194,-0.9614863916702531,0.6263741331190523,-0.6608531809232983,1.2368204621527703,-0.8171782956932121,-0.9503523383270506,-1.0785044383346125,1.5917455343596372,0.21605427699257748,-0.42623001504290225,1.1914379855160337,-0.9320143892374165,-1.0644701017820986,1.707499689688721,0.33809616377248186,-0.8177339465973219,-0.6154915796172453,-0.05828489079737142,-0.5952272282818631,-0.43842229861417986
-1.7436866231534796,0.590048337687597,-1.60270417626347,1.401512344464336,0.3464272073569334,0.08504925188071054,-0.9374136927517607,0.25462492536786163,-1.224744871391589,1.1863122018077836,1.7855109940078144,-0.9614863916702531,1.4390572537589523,-0.6608531809232983,1.2368204621527703,-0.8046420552409429,1.5612547209240055,-0.6780493930322938,-0.6282411217206918,-0.05726739872092413,-0.42623001504290225,1.1914379855160337,-0.9320143892374165,-1.3216011591512031,-2.171981830933257,0.33809616377248186,-0.9810141559830952,-1.1676872598353416,-0.67914568407372,-1.1559347102263289,2.280905882663645
-0.8676718124782865,0.590048337687597,1.1912440374949855,-0.49381713700997326,1.7037637576262843,0.08504925188071054,-0.9374136927517607,1.1697805251007627,0.816496580927726,-0.585122383961627,0.37967212888114743,-0.9614863916702531,0.6263741331190523,1.153253590238697,1.2368204621527703,-0.9140685608836314,0.5417707744292845,2.5255909693862577,-0.6282411217206918,0.21605427699257748,-0.42623001504290225,1.1914379855160337,-0.9320143892374165,-0.678773515728442,0.9316033855643253,0.33809616377248186,-0.6544537372115486,-0.6154915796172453,-0.36871528743554577,-0.5952272282818631,-0.43842229861417986
-0.21066070447189164,0.590048337687597,-0.11772194020196604,-0.49381713700997326,-0.023755488171071402,1.0617867539482455,-0.9374136927517607,0.25462492536786163,0.816496580927726,1.5307578157073911,-1.0261667362455194,-0.05778754527941413,-1.8116752288006481,-0.6608531809232983,1.2368204621527703,0.007876308987485243,0.7140739614161232,2.5255909693862577,-0.6282411217206918,1.0360193041330827,-0.42623001504290225,0.26623257679518353,-0.9320143892374165,-0.1645114009902331,1.707499689688721,0.33809616377248186,-0.9810141559830952,-0.8915894197262935,-0.67914568407372,-1.1559347102263289,-0.43842229861417986
-1.0866755151470848,0.590048337687597,1.652357052365503,-0.49381713700997326,-1.010909342912418,-0.8916882501868245,0.5653105475373214,1.1697805251007627,0.816496580927726,0.7926600716368034,0.37967212888114743,-0.9614863916702531,-0.998992108160748,-0.6608531809232983,-1.5033846310869767,-0.5709155383342298,0.5014355259258402,-0.6780493930322938,-0.6282411217206918,-1.150554101574931,-0.42623001504290225,-0.6589728319256668,0.2419883118585579,-0.8073390444129942,-0.6201892226844659,0.33809616377248186,-0.3278933184400019,-0.6154915796172453,-0.67914568407372,-0.03451974633739738,-0.43842229861417986
-0.9771736638126856,0.590048337687597,-1.2357970461514456,1.401512344464336,-0.023755488171071402,1.0617867539482455,-0.9374136927517607,-0.6605306743650394,0.816496580927726,1.2847252343505289,0.37967212888114743,-0.05778754527941413,1.0327156934390023,1.153253590238697,1.2368204621527703,-0.265583715793369,0.9046474700247312,-0.6780493930322938,-0.6282411217206918,0.21605427699257748,-0.42623001504290225,1.1914379855160337,-0.9320143892374165,-0.5502079870438897,-1.3960855268088614,0.33809616377248186,-0.0013328996684552844,0.2128019407098989,-0.67914568407372,0.8065414765793012,-0.43842229861417986
1.3223652142096962,0.590048337687597,1.1367037884242792,-0.49381713700997326,-0.270543951856408,0.08504925188071054,1.3166726676818623,-0.6605306743650394,0.816496580927726,-1.7168722582031948,-1.0261667362455194,0.8459113011114248,-1.8116752288006481,0.2462002046576992,1.2368204621527703,0.9480943429076722,-0.31581001430945116,2.125135924083939,-0.6282411217206918,2.402627682700591,2.3461510562538512,0.26623257679518353,-0.9320143892374165,1.8925370579626024,-0.6201892226844659,0.33809616377248186,-0.3278933184400019,-0.6154915796172453,-0.67914568407372,-1.1559347102263289,-0.43842229861417986
1.5413689168784943,0.590048337687597,0.9309383032938872,1.401512344464336,0.59321567104227,-0.8916882501868245,-0.9374136927517607,0.25462492536786163,-1.224744871391589,1.038692652993666,0.37967212888114743,-0.05778754527941413,1.0327156934390023,1.153253590238697,-0.1332820844671032,-0.3329394483928491,0.07714244149413856,0.523315742874663,-0.6282411217206918,-1.150554101574931,-0.42623001504290225,0.26623257679518353,0.2419883118585579,0.8640128284861845,-0.6201892226844659,-1.0778621289498782,-0.0013328996684552844,0.7649976209279952,-0.67914568407372,0.8065414765793012,-0.43842229861417986
-0.10115885313749245,0.590048337687597,-1.1738194903892794,-0.49381713700997326,-0.8875151110697495,0.08504925188071054,-0.9374136927517607,1.1697805251007627,-1.224744871391589,1.4815512994360187,0.37967212888114743,-0.9614863916702531,0.6263741331190523,0.2462002046576992,-0.1332820844671032,-0.8414008619908169,-0.34363711954876125,0.523315742874663,-0.6282411217206918,-0.6039107501479276,-0.42623001504290225,-0.6589728319256668,0.2419883118585579,-0.678773515728442,0.15570708143992973,0.33809616377248186,-0.8177339465973219,-0.6154915796172453,-0.05828489079737142,-0.5952272282818631,-0.43842229861417986
-0.32016255580629077,-2.416437126439847,1.387093113703431,1.401512344464336,1.2101868302556114,0.08504925188071054,-0.1860515726072197,-1.5756862740979405,0.816496580927726,0.05456232756621574,1.7855109940078144,-0.05778754527941413,1.0327156934390023,1.153253590238697,1.2368204621527703,-0.2547473045549669,-1.3577805104925036,2.125135924083939,1.5917455343596372,-0.6039107501479276,-0.42623001504290225,-0.6589728319256668,-0.9320143892374165,-0.2930769296747854,0.15570708143992973,-1.0778621289498782,-0.3278933184400019,-0.6154915796172453,-0.67914568407372,-0.03451974633739738,2.280905882663645
1.979376322216091,0.590048337687597,1.260658899948612,-0.49381713700997326,-0.8875151110697495,0.08504925188071054,-0.9374136927517607,0.25462492536786163,-1.224744871391589,1.5307578157073911,0.37967212888114743,1.7496101475022634,-0.592650547840798,1.153253590238697,1.2368204621527703,2.1579477858775125,1.2571241363893246,-0.2775943477299748,1.5917455343596372,-0.6039107501479276,-0.42623001504290225,0.26623257679518353,-0.9320143892374165,2.406799172700811,-0.6201892226844659,0.33809616377248186,-0.3278933184400019,-0.0632958993991491,-0.36871528743554577,-0.5952272282818631,-0.43842229861417986
-1.4151810691502822,0.590048337687597,1.4094050337778108,1.401512344464336,0.0996387436715968,1.0617867539482455,-0.1860515726072197,1.1697805251007627,-1.224744871391589,0.546627490279941,0.37967212888114743,-0.05778754527941413,1.0327156934390023,0.2462002046576992,-1.5033846310869767,-0.47657501696461096,-1.1802773088902383,-0.6780493930322938,1.5917455343596372,-0.8772324258614294,-0.42623001504290225,1.1914379855160337,0.2419883118585579,-0.8073390444129942,-0.6201892226844659,1.754054456494842,-0.3278933184400019,-0.6154915796172453,-0.67914568407372,-0.3148734873096303,-0.43842229861417986
-0.7581699611438873,0.590048337687597,-1.488665473661084,1.401512344464336,-0.8875151110697495,-1.86842575225436,2.0680347878264036,0.25462492536786163,0.816496580927726,0.3005949089230784,0.37967212888114743,-0.9614863916702531,1.4390572537589523,-0.6608531809232983,-0.1332820844671032,-0.8556369316569531,0.43861372773406443,-0.6780493930322938,-0.6282411217206918,0.762697628419581,-0.42623001504290225,-1.5841782406465175,0.2419883118585579,-1.3216011591512031,0.15570708143992973,0.33809616377248186,-0.9810141559830952,-1.1676872598353416,-0.67914568407372,-1.1559347102263289,-0.43842229861417986
-1.196177366481484,-0.9131943943761252,-0.5639603416895632,-0.49381713700997326,-0.7641208792270812,-1.86842575225436,2.0680347878264036,0.25462492536786163,0.816496580927726,0.3498014251944509,0.37967212888114743,-0.9614863916702531,0.6263741331190523,-1.5679065665042955,1.2368204621527703,-0.7226252956718598,-1.086536504877007,-1.0785044383346125,-0.6282411217206918,1.8559843312735878,2.3461510562538512,0.26623257679518353,-0.9320143892374165,-0.5502079870438897,-0.6201892226844659,0.33809616377248186,-0.16461310905422857,-0.0632958993991491,-0.67914568407372,-0.03451974633739738,2.280905882663645
-1.6341847718190805,0.590048337687597,-1.3622312599062647,-0.49381713700997326,0.2230329755142651,0.08504925188071054,0.5653105475373214,-1.5756862740979405,-1.224744871391589,-1.1263940629467246,0.37967212888114743,-0.9614863916702531,0.6263741331190523,-0.6608531809232983,-0.1332820844671032,-0.9049319788590963,1.4232435222118722,-0.6780493930322938,-0.6282411217206918,-0.6039107501479276,-0.42623001504290225,1.1914379855160337,0.2419883118585579,-1.193035630466651,-1.3960855268088614,0.33809616377248186,-0.8177339465973219,-0.8915894197262935,-0.36871528743554577,-0.5952272282818631,-0.43842229861417986
-0.10115885313749245,0.590048337687597,-1.5828713584195768,1.401512344464336,-0.8875151110697495,-0.8916882501868245,0.5653105475373214,-0.6605306743650394,0.816496580927726,-0.2406767700620193,-1.0261667362455194,0.8459113011114248,1.0327156934390023,0.2462002046576992,-0.1332820844671032,0.23225376521792987,-1.4762565191628991,-0.6780493930322938,-0.6282411217206918,-0.6039107501479276,-0.42623001504290225,-0.6589728319256668,1.4159910129545328,-0.1645114009902331,-0.6201892226844659,0.33809616377248186,0.4885077284888646,1.317193301146092,2.1147278856698484,-1.1559347102263289,-0.43842229861417986
-0.7581699611438873,-0.9131943943761252,-0.8391406892735814,-0.49381713700997326,-0.6407266473844129,0.08504925188071054,2.0680347878264036,0.25462492536786163,0.816496580927726,-1.2740136117608423,0.37967212888114743,-0.9614863916702531,0.6263741331190523,1.153253590238697,1.2368204621527703,-0.8962203541380278,-1.5299431565437902,2.5255909693862577,1.5917455343596372,2.1293060069870893,2.3461510562538512,0.26623257679518353,-0.9320143892374165,-1.0644701017820986,0.9316033855643253,0.33809616377248186,-0.9810141559830952,-1.1676872598353416,-0.67914568407372,-1.1559347102263289,2.280905882663645
0.008342998196906542,0.590048337687597,0.754922044929335,-0.49381713700997326,0.59321567104227,0.08504925188071054,-0.9374136927517607,1.1697805251007627,-1.224744871391589,1.432344783164646,0.37967212888114743,-0.9614863916702531,-0.998992108160748,-1.5679065665042955,-1.5033846310869767,-0.7370738439897294,1.7709417967676953,-0.6780493930322938,-0.6282411217206918,-0.8772324258614294,-0.42623001504290225,0.26623257679518353,0.2419883118585579,0.8640128284861845,-0.6201892226844659,-1.0778621289498782,1.794749403575051,0.7649976209279952,3.046019075584371,3.6100788863016295,-0.43842229861417986
0.33684855220010396,0.590048337687597,-0.10780553128001945,1.401512344464336,-0.8875151110697495,-0.8916882501868245,-0.1860515726072197,1.1697805251007627,-1.224744871391589,-0.978774514132607,0.37967212888114743,-0.05778754527941413,1.0327156934390023,-0.6608531809232983,-1.5033846310869767,-0.1674185786925495,1.1580427768251147,1.7246808787816201,-0.6282411217206918,-0.8772324258614294,-0.42623001504290225,0.26623257679518353,1.4159910129545328,-0.4216424583593375,1.707499689688721,0.33809616377248186,-0.3278933184400019,-0.0632958993991491,-0.36871528743554577,-0.3148734873096303,-0.43842229861417986
0.5558522548689022,0.590048337687597,-1.491144575891571,-0.49381713700997326,-1.010909342912418,1.0617867539482455,-0.9374136927517607,-0.6605306743650394,-1.224744871391589,1.432344783164646,0.37967212888114743,-0.9614863916702531,-0.998992108160748,-1.5679065665042955,-1.5033846310869767,-0.8343890664836155,0.8681068267811928,0.12286069757234404,-0.6282411217206918,0.21605427699257748,-0.42623001504290225,-0.6589728319256668,0.2419883118585579,-0.4216424583593375,1.707499689688721,0.33809616377248186,-0.3278933184400019,-0.6154915796172453,-0.36871528743554577,-0.5952272282818631,-0.43842229861417986
0.008342998196906542,0.590048337687597,1.2457842865656918,-0.49381713700997326,0.0996387436715968,1.0617867539482455,-0.9374136927517607,0.25462492536786163,0.816496580927726,-0.8311549653184895,0.37967212888114743,-0.05778754527941413,-0.18630898752084787,-0.6608531809232983,1.2368204621527703,-0.48996117202381356,0.9570692389856535,-0.2775943477299748,1.5917455343596372,-0.8772324258614294,-0.42623001504290225,1.1914379855160337,-0.9320143892374165,0.8640128284861845,-0.6201892226844659,-1.0778621289498782,-0.9810141559830952,-1.1676872598353416,-0.67914568407372,-0.8755809692540959,-0.43842229861417986
0.6653541062033014,0.590048337687597,0.44503426611850355,-0.49381713700997326,0.3464272073569334,0.08504925188071054,-0.9374136927517607,-1.5756862740979405,0.816496580927726,-0.33908980260476435,-1.0261667362455194,1.7496101475022634,0.2200325727991022,-0.6608531809232983,-1.5033846310869767,1.6643598779008812,-1.4009265777069893,-0.6780493930322938,-0.6282411217206918,-1.150554101574931,-0.42623001504290225,0.26623257679518353,0.2419883118585579,1.76397152927805,0.15570708143992973,0.33809616377248186,2.9377108692754645,1.5932911412551396,0.25214550584080275,1.3672489585237668,-0.43842229861417986
0.33684855220010396,0.590048337687597,-0.6135423862992962,-0.49381713700997326,-0.8875151110697495,0.08504925188071054,0.5653105475373214,-0.6605306743650394,-1.224744871391589,0.5958340065513134,-1.0261667362455194,-0.05778754527941413,-0.998992108160748,0.2462002046576992,-0.1332820844671032,-0.649107682172112,-0.12326893260311424,1.3242258334793011,-0.6282411217206918,1.8559843312735878,2.3461510562538512,-0.6589728319256668,0.2419883118585579,1.121143885855289,0.15570708143992973,0.33809616377248186,-0.9810141559830952,-1.1676872598353416,-0.67914568407372,-1.1559347102263289,-0.43842229861417986
1.869874470881692,0.590048337687597,0.04589880701015285,-0.49381713700997326,-0.5173324155417446,-0.8916882501868245,0.5653105475373214,-1.5756862740979405,0.816496580927726,0.9894861367222935,0.37967212888114743,2.6533089938931025,0.2200325727991022,-1.5679065665042955,-0.1332820844671032,2.741626642189095,-0.8157141220681667,0.523315742874663,-0.6282411217206918,-1.150554101574931,-0.42623001504290225,0.26623257679518353,0.2419883118585579,1.6354060005934978,0.9316033855643253,-1.0778621289498782,-0.4911735278257753,-0.6154915796172453,-0.36871528743554577,-0.5952272282818631,-0.43842229861417986
-0.32016255580629077,-2.416437126439847,1.4341960560826774,1.401512344464336,-0.6407266473844129,1.0617867539482455,-0.1860515726072197,0.25462492536786163,-1.224744871391589,0.3005949089230784,0.37967212888114743,-0.05778754527941413,1.0327156934390023,0.2462002046576992,-0.1332820844671032,0.007451351684018443,-0.22108542374735551,2.5255909693862577,-0.6282411217206918,-0.05726739872092413,-0.42623001504290225,-1.5841782406465175,0.2419883118585579,-0.678773515728442,0.15570708143992973,0.33809616377248186,-0.6544537372115486,-0.6154915796172453,-0.36871528743554577,-0.5952272282818631,-0.43842229861417986
-0.6486681098094882,0.590048337687597,-0.7994750535857951,-0.49381713700997326,-0.270543951856408,-0.8916882501868245,0.5653105475373214,-0.6605306743650394,-1.224744871391589,-1.7168722582031948,0.37967212888114743,-0.05778754527941413,-0.18630898752084787,-1.5679065665042955,-0.1332820844671032,-0.46680099898487565,-1.4274888145263307,-0.6780493930322938,-0.6282411217206918,-0.8772324258614294,-0.42623001504290225,-0.6589728319256668,0.2419883118585579,0.2211851850634235,1.707499689688721,-2.4938204216722384,0.9783483566461848,1.5932911412551396,0.25214550584080275,2.2083101814404653,-0.43842229861417986
0.6653541062033014,-0.9131943943761252,-1.2134851260770658,-0.49381713700997326,1.456975293940948,0.08504925188071054,0.5653105475373214,1.1697805251007627,0.816496580927726,-0.2406767700620193,0.37967212888114743,-0.9614863916702531,-0.998992108160748,1.153253590238697,-0.1332820844671032,-0.901957277734829,0.12998583326171717,1.7246808787816201,-0.6282411217206918,1.3093409798465845,2.3461510562538512,-1.5841782406465175,0.2419883118585579,-0.4216424583593375,-1.3960855268088614,0.33809616377248186,-0.6544537372115486,-0.6154915796172453,-0.36871528743554577,-0.5952272282818631,-0.43842229861417986
0.6653541062033014,0.590048337687597,1.6622734612874492,-0.49381713700997326,-0.1471497200137397,1.0617867539482455,1.3166726676818623,0.25462492536786163,-1.224744871391589,0.3990079414658234,0.37967212888114743,-0.05778754527941413,-1.8116752288006481,0.2462002046576992,-1.5033846310869767,-0.42090561021046663,-1.698592279206275,0.523315742874663,1.5917455343596372,-0.3305890744344259,-0.42623001504290225,1.1914379855160337,-0.9320143892374165,-0.4216424583593375,0.15570708143992973,0.33809616377248186,-0.3278933184400019,-0.6154915796172453,-0.67914568407372,-0.5952272282818631,-0.43842229861417986
-1.3056792178158831,0.590048337687597,0.21943596314421834,1.401512344464336,-0.6407266473844129,-0.8916882501868245,-0.9374136927517607,-0.6605306743650394,-1.224744871391589,1.629170848250136,-1.0261667362455194,-0.05778754527941413,1.0327156934390023,1.153253590238697,1.2368204621527703,-0.42834236302113476,-0.31243703185620153,-0.6780493930322938,1.5917455343596372,-1.150554101574931,-0.42623001504290225,-0.6589728319256668,-0.9320143892374165,-0.8073390444129942,0.15570708143992973,0.33809616377248186,-0.3278933184400019,-0.0632958993991491,-0.36871528743554577,-0.3148734873096303,-0.43842229861417986
0.008342998196906542,-2.416437126439847,0.6458415467879224,-0.49381713700997326,1.950552221311621,2.038524256015781,0.5653105475373214,-0.6605306743650394,-1.224744871391589,0.3005949089230784,0.37967212888114743,-0.05778754527941413,0.6263741331190523,0.2462002046576992,-0.1332820844671032,-0.43641655178700295,1.3425730252049837,0.12286069757234404,1.5917455343596372,-0.05726739872092413,-0.42623001504290225,-1.5841782406465175,1.4159910129545328,0.4783162424325279,-0.6201892226844659,0.33809616377248186,0.9783483566461848,1.8693889813641877,2.425158282308023,0.8065414765793012,-0.43842229861417986
-0.6486681098094882,0.590048337687597,-1.1738194903892794,-0.49381713700997326,-1.010909342912418,-0.8916882501868245,-0.9374136927517607,1.1697805251007627,0.816496580927726,1.5799643319787635,-1.0261667362455194,-0.9614863916702531,-0.998992108160748,-1.5679065665042955,-0.1332820844671032,-0.9104564238041638,0.2642024267139447,-0.6780493930322938,-0.6282411217206918,-0.8772324258614294,-0.42623001504290225,0.26623257679518353,0.2419883118585579,-0.9359045730975464,0.15570708143992973,0.33809616377248186,-0.4911735278257753,-0.6154915796172453,0.25214550584080275,-0.5952272282818631,-0.43842229861417986
0.22734670086570485,-0.9131943943761252,1.0301023925133532,-0.49381713700997326,-1.010909342912418,-1.86842575225436,-0.9374136927517607,-0.6605306743650394,0.816496580927726,-0.683535416504372,0.37967212888114743,2.6533089938931025,-0.592650547840798,0.2462002046576992,-1.5033846310869767,2.6972186039768196,-0.8573142389915798,-0.6780493930322938,1.5917455343596372,-0.3305890744344259,-0.42623001504290225,0.26623257679518353,0.2419883118585579,1.2497094145398413,0.15570708143992973,0.33809616377248186,2.284590031732371,1.0410954610370433,-0.36871528743554577,0.5261877356070683,-0.43842229861417986
2.08887817355049,-0.9131943943761252,0.25662249660151815,1.401512344464336,-0.3939381836990763,0.08504925188071054,-0.9374136927517607,0.25462492536786163,-1.224744871391589,0.9894861367222935,1.7855109940078144,1.7496101475022634,1.0327156934390023,-1.5679065665042955,-0.1332820844671032,1.4255338733525669,0.5541383767578667,2.5255909693862577,-0.6282411217206918,-1.150554101574931,-0.42623001504290225,1.1914379855160337,2.5899937140505074,3.1781923448081244,-2.171981830933257,-1.0778621289498782,-0.0013328996684552844,0.7649976209279952,1.4938670923934998,0.8065414765793012,-0.43842229861417986
-0.7581699611438873,0.590048337687597,0.6929444891671688,1.401512344464336,0.3464272073569334,0.08504925188071054,2.0680347878264036,-0.6605306743650394,-1.224744871391589,0.8418665879081759,0.37967212888114743,-0.05778754527941413,1.0327156934390023,0.2462002046576992,1.2368204621527703,0.015738019101620145,0.7371226748466628,-1.0785044383346125,-0.6282411217206918,-1.150554101574931,-0.42623001504290225,-0.6589728319256668,-0.9320143892374165,-0.678773515728442,2.4833959938131165,0.33809616377248186,-0.3278933184400019,-0.0632958993991491,0.562575902478977,-0.03451974633739738,-0.43842229861417986
0.44635040353450317,0.590048337687597,-0.39042318555549765,1.401512344464336,-1.010909342912418,0.08504925188071054,-0.1860515726072197,-0.6605306743650394,0.816496580927726,-0.8311549653184895,1.7855109940078144,0.8459113011114248,1.0327156934390023,-1.5679065665042955,-0.1332820844671032,0.40138677199769685,0.7382470023310794,-0.6780493930322938,-0.6282411217206918,0.21605427699257748,-0.42623001504290225,0.26623257679518353,0.2419883118585579,-0.1645114009902331,-0.6201892226844659,0.33809616377248186,0.4885077284888646,0.7649976209279952,-0.67914568407372,0.8065414765793012,-0.43842229861417986
-0.9771736638126856,0.590048337687597,1.2333887754132586,-0.49381713700997326,0.9633983665702748,-0.8916882501868245,0.5653105475373214,0.25462492536786163,0.816496580927726,0.6450405228226859,0.37967212888114743,-0.05778754527941413,-0.998992108160748,-1.5679065665042955,-1.5033846310869767,-0.41325637874806503,-0.10935537998345925,-0.6780493930322938,-0.6282411217206918,-0.8772324258614294,-0.42623001504290225,1.1914379855160337,0.2419883118585579,-0.1645114009902331,-0.6201892226844659,0.33809616377248186,0.4885077284888646,-1.1676872598353416,-0.36871528743554577,1.086895217551534,-0.43842229861417986
-1.3056792178158831,0.590048337687597,-0.28382178964457166,-0.49381713700997326,-0.7641208792270812,0.08504925188071054,0.5653105475373214,-1.5756862740979405,0.816496580927726,1.235518718079156,0.37967212888114743,-0.9614863916702531,-0.998992108160748,-1.5679065665042955,-0.1332820844671032,-0.525232628211554,-0.69105431223348,0.9237707881769819,-0.6282411217206918,-0.6039107501479276,-0.42623001504290225,0.26623257679518353,0.2419883118585579,-0.678773515728442,1.707499689688721,0.33809616377248186,-0.8177339465973219,-0.6154915796172453,-0.67914568407372,-0.5952272282818631,2.280905882663645
1.6508707682128936,0.590048337687597,-1.1986105126941458,-0.49381713700997326,-0.7641208792270812,0.08504925188071054,0.5653105475373214,1.1697805251007627,0.816496580927726,-1.3232201280322147,-1.0261667362455194,0.8459113011114248,-0.18630898752084787,0.2462002046576992,-0.1332820844671032,0.3115083023144789,0.7442902625598184,-0.2775943477299748,1.5917455343596372,-0.3305890744344259,-0.42623001504290225,0.26623257679518353,-0.9320143892374165,2.1496681153317065,0.9316033855643253,0.33809616377248186,-0.3278933184400019,-0.0632958993991491,-0.67914568407372,-0.03451974633739738,-0.43842229861417986
0.8843578088720997,0.590048337687597,-1.5134564959659504,-0.49381713700997326,0.0996387436715968,-0.8916882501868245,-0.9374136927517607,-1.5756862740979405,0.816496580927726,0.15297536010896076,0.37967212888114743,-0.9614863916702531,0.6263741331190523,1.153253590238697,-0.1332820844671032,-0.8178157316484123,-0.6546542099254937,0.12286069757234404,-0.6282411217206918,1.5826626555600862,2.3461510562538512,1.1914379855160337,1.4159910129545328,-0.4216424583593375,0.15570708143992973,-1.0778621289498782,-0.8177339465973219,-0.6154915796172453,-0.67914568407372,-0.5952272282818631,-0.43842229861417986
1.6508707682128936,0.590048337687597,1.7044181992057224,-0.49381713700997326,-0.6407266473844129,-0.8916882501868245,-0.9374136927517607,1.1697805251007627,-1.224744871391589,-1.7660787744745672,0.37967212888114743,1.7496101475022634,-0.592650547840798,1.153253590238697,-0.1332820844671032,2.1358500060972414,-0.5625998971388874,-0.2775943477299748,-0.6282411217206918,-0.6039107501479276,-0.42623001504290225,1.1914379855160337,-0.9320143892374165,2.535364701385363,-0.6201892226844659,-2.4938204216722384,-0.3278933184400019,-0.6154915796172453,-0.36871528743554577,-0.03451974633739738,-0.43842229861417986
0.5558522548689022,-0.9131943943761252,-0.6705617376004892,-0.49381713700997326,2.4441291486822943,-0.8916882501868245,-0.9374136927517607,-1.5756862740979405,-1.224744871391589,1.2847252343505289,0.37967212888114743,-0.05778754527941413,0.6263741331190523,0.2462002046576992,-1.5033846310869767,-0.41368133605153184,-0.19410156412135793,-0.2775943477299748,-0.6282411217206918,-1.150554101574931,-0.42623001504290225,-0.6589728319256668,0.2419883118585579,0.9925783571707368,0.15570708143992973,0.33809616377248186,-0.3278933184400019,-0.0632958993991491,-0.67914568407372,-0.5952272282818631,-0.43842229861417986
-0.7581699611438873,0.590048337687597,-1.203568717155119,-0.49381713700997326,-0.8875151110697495,0.08504925188071054,-0.9374136927517607,0.25462492536786163,-1.224744871391589,-1.1263940629467246,-2.432005601372186,-0.05778754527941413,-0.18630898752084787,1.153253590238697,1.2368204621527703,-0.08752660564080027,1.4728544724617532,-0.2775943477299748,-0.6282411217206918,1.3093409798465845,2.3461510562538512,0.26623257679518353,-0.9320143892374165,-0.035945872305680915,-0.6201892226844659,0.33809616377248186,-0.3278933184400019,-0.0632958993991491,-0.67914568407372,-0.5952272282818631,-0.43842229861417986
2.526885578888087,0.590048337687597,-0.9432629829540208,-0.49381713700997326,-0.270543951856408,0.08504925188071054,-0.9374136927517607,-1.5756862740979405,-1.224744871391589,-1.2248070954894696,0.37967212888114743,2.6533089938931025,-0.592650547840798,-1.5679065665042955,-0.1332820844671032,2.775623226466435,-1.469932177063056,0.9237707881769819,-0.6282411217206918,-1.150554101574931,-0.42623001504290225,1.1914379855160337,-0.9320143892374165,2.7924957587544674,1.707499689688721,-2.4938204216722384,3.5908317068185576,1.0410954610370433,2.735588678946197,1.6476026994959998,-0.43842229861417986
0.9938596602064989,0.590048337687597,1.6920226880532891,-0.49381713700997326,1.0867925984129432,0.08504925188071054,0.5653105475373214,0.25462492536786163,-1.224744871391589,1.038692652993666,0.37967212888114743,-0.05778754527941413,-0.18630898752084787,0.2462002046576992,-1.5033846310869767,-0.3597117585112544,1.6866172354364528,-0.2775943477299748,-0.6282411217206918,-0.3305890744344259,-0.42623001504290225,0.26623257679518353,0.2419883118585579,0.9925783571707368,1.707499689688721,-1.0778621289498782,0.4885077284888646,0.7649976209279952,-0.67914568407372,1.086895217551534,-0.43842229861417986
0.5558522548689022,-0.9131943943761252,1.4019677270863509,-0.49381713700997326,2.320734916839626,1.0617867539482455,2.0680347878264036,1.1697805251007627,-1.224744871391589,1.0878991692650386,-1.0261667362455194,-0.05778754527941413,-1.8116752288006481,1.153253590238697,-0.1332820844671032,-0.42069313155873317,-1.3951643993493543,-1.0785044383346125,-0.6282411217206918,-1.150554101574931,-0.42623001504290225,1.1914379855160337,2.5899937140505074,-0.5502079870438897,0.9316033855643253,1.754054456494842,-0.16461310905422857,0.2128019407098989,-0.67914568407372,-0.03451974633739738,-0.43842229861417986
-1.4151810691502822,0.590048337687597,1.600295905525283,1.401512344464336,-1.010909342912418,-1.86842575225436,2.0680347878264036,-1.5756862740979405,-1.224744871391589,-0.1914702537906467,0.37967212888114743,-0.9614863916702531,1.4390572537589523,-0.6608531809232983,1.2368204621527703,-0.7013774304985223,1.0763884932693617,-0.6780493930322938,1.5917455343596372,0.21605427699257748,-0.42623001504290225,-0.6589728319256668,-0.9320143892374165,-0.678773515728442,0.9316033855643253,0.33809616377248186,-0.3278933184400019,-0.3393937395081972,-0.36871528743554577,-0.03451974633739738,2.280905882663645
-0.32016255580629077,-0.9131943943761252,-1.2556298639953387,1.401512344464336,-0.3939381836990763,-0.8916882501868245,-0.1860515726072197,1.1697805251007627,-1.224744871391589,-1.6184592256604498,-2.432005601372186,-0.9614863916702531,1.4390572537589523,0.2462002046576992,-1.5033846310869767,-0.882196763123625,-0.289528859361214,-1.0785044383346125,-0.6282411217206918,0.21605427699257748,-0.42623001504290225,1.1914379855160337,0.2419883118585579,-1.0644701017820986,0.15570708143992973,-1.0778621289498782,-0.8177339465973219,-0.6154915796172453,-0.36871528743554577,-1.1559347102263289,2.280905882663645
0.11784484953130574,-0.9131943943761252,1.7044181992057224,-0.49381713700997326,-0.8875151110697495,-0.8916882501868245,-0.9374136927517607,1.1697805251007627,0.816496580927726,-1.1756005792180972,0.37967212888114743,-0.9614863916702531,-0.998992108160748,1.153253590238697,-0.1332820844671032,-1.0200954080985858,-0.31018837688736833,-0.6780493930322938,1.5917455343596372,2.1293060069870893,2.3461510562538512,0.26623257679518353,0.2419883118585579,-1.3216011591512031,0.15570708143992973,0.33809616377248186,-0.9810141559830952,-1.1676872598353416,-0.67914568407372,-1.1559347102263289,-0.43842229861417986
0.33684855220010396,0.590048337687597,1.4763407940009503,1.401512344464336,-0.8875151110697495,1.0617867539482455,-0.9374136927517607,0.25462492536786163,-1.224744871391589,0.6450405228226859,0.37967212888114743,2.6533089938931025,-0.592650547840798,0.2462002046576992,-0.1332820844671032,2.4515932825730373,-0.18145287992167153,-1.0785044383346125,-0.6282411217206918,-0.3305890744344259,-0.42623001504290225,1.1914379855160337,-0.9320143892374165,1.2497094145398413,-0.6201892226844659,0.33809616377248186,2.1213098223465976,2.9737803418003805,-0.36871528743554577,2.2083101814404653,-0.43842229861417986
-1.196177366481484,0.590048337687597,1.3548647847071045,-0.49381713700997326,1.7037637576262843,0.08504925188071054,-0.9374136927517607,-1.5756862740979405,-1.224744871391589,1.1863122018077836,0.37967212888114743,-0.9614863916702531,0.6263741331190523,1.153253590238697,-1.5033846310869767,-0.7685206844462691,-1.5854568260868582,-0.6780493930322938,-0.6282411217206918,1.8559843312735878,2.3461510562538512,-0.6589728319256668,1.4159910129545328,-1.0644701017820986,0.15570708143992973,-2.4938204216722384,-0.6544537372115486,-0.6154915796172453,-0.67914568407372,-0.5952272282818631,-0.43842229861417986
-0.7581699611438873,-2.416437126439847,1.4812989984619238,-0.49381713700997326,-0.7641208792270812,0.08504925188071054,-0.9374136927517607,0.25462492536786163,0.816496580927726,-0.6343289002329995,0.37967212888114743,-0.9614863916702531,-0.998992108160748,1.153253590238697,-0.1332820844671032,-0.9361663406639023,0.34023507284761495,0.523315742874663,-0.6282411217206918,-0.05726739872092413,-0.42623001504290225,0.26623257679518353,0.2419883118585579,-0.2930769296747854,0.15570708143992973,-2.4938204216722384,-0.3278933184400019,-0.3393937395081972,-0.36871528743554577,-0.03451974633739738,-0.43842229861417986
-0.8676718124782865,0.590048337687597,0.4549506750404502,-0.49381713700997326,-0.7641208792270812,1.0617867539482455,0.5653105475373214,-0.6605306743650394,0.816496580927726,1.333931750621901,-1.0261667362455194,0.8459113011114248,0.2200325727991022,0.2462002046576992,-0.1332820844671032,1.1541986350890463,1.013707236013138,-0.6780493930322938,-0.6282411217206918,0.762697628419581,-0.42623001504290225,0.26623257679518353,-0.9320143892374165,-0.1645114009902331,-0.6201892226844659,0.33809616377248186,0.4885077284888646,-0.6154915796172453,-0.67914568407372,0.8065414765793012,-0.43842229861417986
-0.8676718124782865,0.590048337687597,-0.977970414180834,-0.49381713700997326,1.950552221311621,2.038524256015781,2.0680347878264036,0.25462492536786163,-1.224744871391589,0.25138839265170587,-1.0261667362455194,-0.9614863916702531,0.6263741331190523,-0.6608531809232983,-0.1332820844671032,-0.8407634260356168,0.5603221779221578,0.9237707881769819,-0.6282411217206918,0.21605427699257748,-0.42623001504290225,-0.6589728319256668,-0.9320143892374165,-0.678773515728442,-0.6201892226844659,1.754054456494842,-0.8177339465973219,-0.6154915796172453,-0.36871528743554577,-0.8755809692540959,2.280905882663645
-1.9626903258222776,0.590048337687597,-0.7771631335114152,-2.3891466184842827,-0.8875151110697495,-0.8916882501868245,2.0680347878264036,-1.5756862740979405,0.816496580927726,-0.683535416504372,-1.0261667362455194,-0.9614863916702531,-1.405333668480698,1.153253590238697,1.2368204621527703,-0.836938810304416,0.5795762860927915,-0.6780493930322938,-0.6282411217206918,-0.8772324258614294,-0.42623001504290225,0.26623257679518353,-0.9320143892374165,-1.3216011591512031,0.15570708143992973,1.754054456494842,-0.9810141559830952,-1.1676872598353416,-0.67914568407372,-1.1559347102263289,2.280905882663645
-0.7581699611438873,-2.416437126439847,1.4763407940009503,1.401512344464336,1.5803695257836163,1.0617867539482455,1.3166726676818623,0.25462492536786163,-1.224744871391589,0.15297536010896076,0.37967212888114743,0.8459113011114248,1.0327156934390023,-1.5679065665042955,-0.1332820844671032,0.40563634503236434,-1.6054136389352522,-1.0785044383346125,-0.6282411217206918,-1.150554101574931,-0.42623001504290225,0.26623257679518353,-0.9320143892374165,-0.1645114009902331,0.15570708143992973,0.33809616377248186,0.3252275191030913,1.0410954610370433,1.4938670923934998,1.086895217551534,-0.43842229861417986
2.198380024884889,0.590048337687597,-1.4688326558171907,1.401512344464336,2.4441291486822943,0.08504925188071054,-0.1860515726072197,-1.5756862740979405,0.816496580927726,-0.48670935141888183,-1.0261667362455194,1.7496101475022634,-0.592650547840798,1.153253590238697,-1.5033846310869767,1.6180395318230054,1.0946588148911307,0.12286069757234404,-0.6282411217206918,-0.8772324258614294,-0.42623001504290225,0.26623257679518353,0.2419883118585579,2.6639302300699157,0.15570708143992973,-1.0778621289498782,-0.9810141559830952,-1.1676872598353416,-0.67914568407372,-1.1559347102263289,-0.43842229861417986
1.4318670655440953,0.590048337687597,0.7350892270854419,-0.49381713700997326,2.4441291486822943,1.0617867539482455,-0.9374136927517607,-0.6605306743650394,0.816496580927726,1.0878991692650386,-1.0261667362455194,1.7496101475022634,-0.592650547840798,0.2462002046576992,-0.1332820844671032,2.2401770240983288,-0.7025786689487499,-1.0785044383346125,-0.6282411217206918,-0.05726739872092413,-0.42623001504290225,-0.6589728319256668,0.2419883118585579,2.1496681153317065,-0.6201892226844659,0.33809616377248186,3.264271288047011,1.5932911412551396,3.9773102654988937,0.8065414765793012,-0.43842229861417986
-0.7581699611438873,-2.416437126439847,0.7772339650037149,-0.49381713700997326,-0.8875151110697495,0.08504925188071054,0.5653105475373214,0.25462492536786163,-1.224744871391589,-0.8311549653184895,0.37967212888114743,-0.9614863916702531,-0.998992108160748,1.153253590238697,1.2368204621527703,-0.836938810304416,-1.0023524844813168,-1.0785044383346125,-0.6282411217206918,-0.3305890744344259,-0.42623001504290225,0.26623257679518353,-0.9320143892374165,0.09261965637887119,-0.6201892226844659,-1.0778621289498782,0.651787937874638,0.7649976209279952,1.1834366957553255,0.8065414765793012,-0.43842229861417986
2.526885578888087,-0.9131943943761252,1.726730119280102,1.401512344464336,2.320734916839626,0.08504925188071054,-0.1860515726072197,0.25462492536786163,-1.224744871391589,0.6942470390940584,-1.0261667362455194,0.8459113011114248,1.0327156934390023,-1.5679065665042955,-0.1332820844671032,0.7995717653460426,-1.6117379810350954,0.523315742874663,-0.6282411217206918,1.0360193041330827,-0.42623001504290225,1.1914379855160337,-0.9320143892374165,1.3782749432243937,1.707499689688721,1.754054456494842,1.794749403575051,2.4215846615822842,3.356449472222545,1.9279564404682328,-0.43842229861417986
1.103361511540898,0.590048337687597,0.44751336834899025,-0.49381713700997326,-0.8875151110697495,-0.8916882501868245,0.5653105475373214,-1.5756862740979405,-1.224744871391589,-0.043850704976529174,0.37967212888114743,-0.05778754527941413,-0.18630898752084787,1.153253590238697,-1.5033846310869767,-0.3044673090605768,-0.973119969886486,0.9237707881769819,-0.6282411217206918,-0.6039107501479276,-0.42623001504290225,0.26623257679518353,2.5899937140505074,1.121143885855289,-0.6201892226844659,0.33809616377248186,-0.3278933184400019,-1.1676872598353416,-0.67914568407372,-0.03451974633739738,-0.43842229861417986
0.9938596602064989,0.590048337687597,0.5119700263416432,-0.49381713700997326,-0.8875151110697495,0.08504925188071054,-0.9374136927517607,-1.5756862740979405,0.816496580927726,-0.7327419327757445,0.37967212888114743,1.7496101475022634,0.2200325727991022,0.2462002046576992,-0.1332820844671032,2.4133471252610295,-1.6900192821375988,1.3242258334793011,-0.6282411217206918,-0.6039107501479276,-0.42623001504290225,0.26623257679518353,-0.9320143892374165,1.8925370579626024,-0.6201892226844659,-2.4938204216722384,-0.6544537372115486,-0.6154915796172453,-0.67914568407372,-0.8755809692540959,-0.43842229861417986
-0.21066070447189164,0.590048337687597,-1.6324534030293096,-0.49381713700997326,1.5803695257836163,0.08504925188071054,-0.9374136927517607,1.1697805251007627,0.816496580927726,-0.978774514132607,-2.432005601372186,-0.9614863916702531,-0.998992108160748,0.2462002046576992,1.2368204621527703,-0.48294937651661224,0.6903225433078233,-1.0785044383346125,-0.6282411217206918,-0.05726739872092413,-0.42623001504290225,0.26623257679518353,-0.9320143892374165,-0.678773515728442,-0.6201892226844659,0.33809616377248186,-0.3278933184400019,-0.0632958993991491,0.562575902478977,-0.3148734873096303,-0.43842229861417986
1.869874470881692,0.590048337687597,-0.6308961019127028,-0.49381713700997326,-0.1471497200137397,1.0617867539482455,-0.9374136927517607,0.25462492536786163,-1.224744871391589,-1.1756005792180972,0.37967212888114743,-0.05778754527941413,-0.998992108160748,0.2462002046576992,1.2368204621527703,-0.5785647697966313,1.2810160954331766,1.7246808787816201,-0.6282411217206918,-1.150554101574931,-0.42623001504290225,0.26623257679518353,-0.9320143892374165,0.9925783571707368,0.15570708143992973,0.33809616377248186,-0.9810141559830952,-1.1676872598353416,-0.67914568407372,-1.1559347102263289,-0.43842229861417986
-0.32016255580629077,0.590048337687597,1.2408260821047186,-0.49381713700997326,-0.8875151110697495,1.0617867539482455,-0.9374136927517607,1.1697805251007627,0.816496580927726,-0.1914702537906467,-1.0261667362455194,-0.9614863916702531,0.6263741331190523,0.2462002046576992,-1.5033846310869767,-0.7935931653508074,-0.8287844290745093,0.12286069757234404,-0.6282411217206918,-0.8772324258614294,-0.42623001504290225,0.26623257679518353,0.2419883118585579,0.3497507137479757,0.15570708143992973,0.33809616377248186,-0.0013328996684552844,-0.3393937395081972,0.8730062991171512,0.8065414765793012,-0.43842229861417986
0.9938596602064989,0.590048337687597,0.7995458850780948,1.401512344464336,0.0996387436715968,0.08504925188071054,-0.1860515726072197,0.25462492536786163,-1.224744871391589,1.3831382668932737,-1.0261667362455194,0.8459113011114248,1.0327156934390023,1.153253590238697,-0.1332820844671032,0.5456597765246588,-0.38650210489214276,-0.2775943477299748,1.5917455343596372,1.0360193041330827,-0.42623001504290225,0.26623257679518353,0.2419883118585579,0.4783162424325279,0.15570708143992973,0.33809616377248186,-0.6544537372115486,-0.6154915796172453,-0.36871528743554577,-0.5952272282818631,-0.43842229861417986
-0.6486681098094882,0.590048337687597,1.1689321174206058,-0.49381713700997326,-0.023755488171071402,-1.86842575225436,-0.9374136927517607,0.25462492536786163,0.816496580927726,-1.6184592256604498,0.37967212888114743,0.8459113011114248,-0.18630898752084787,-0.6608531809232983,-1.5033846310869767,0.8807386103081921,0.011369283655769466,-0.6780493930322938,-0.6282411217206918,2.6759493584140928,2.3461510562538512,1.1914379855160337,0.2419883118585579,0.2211851850634235,2.4833959938131165,1.754054456494842,0.9783483566461848,1.0410954610370433,-0.67914568407372,1.086895217551534,-0.43842229861417986
-0.42966440714068993,0.590048337687597,1.1763694241120657,-0.49381713700997326,0.7166099028849382,-1.86842575225436,0.5653105475373214,-0.6605306743650394,0.816496580927726,-0.48670935141888183,0.37967212888114743,0.8459113011114248,-0.592650547840798,0.2462002046576992,-0.1332820844671032,1.5101003767424503,1.4484003496756928,1.7246808787816201,1.5917455343596372,-0.8772324258614294,-0.42623001504290225,1.1914379855160337,-0.9320143892374165,0.4783162424325279,-0.6201892226844659,1.754054456494842,-0.0013328996684552844,0.488899780818947,1.4938670923934998,0.8065414765793012,2.280905882663645
-0.42966440714068993,0.590048337687597,-0.5342111149237234,-0.49381713700997326,0.0996387436715968,-1.86842575225436,0.5653105475373214,-1.5756862740979405,0.816496580927726,-1.372426644303587,-2.432005601372186,-0.9614863916702531,-0.998992108160748,1.153253590238697,-1.5033846310869767,-0.657606828241447,-1.0692499698041025,1.7246808787816201,-0.6282411217206918,-0.6039107501479276,-0.42623001504290225,-1.5841782406465175,2.5899937140505074,-0.4216424583593375,-0.6201892226844659,0.33809616377248186,-0.4911735278257753,-0.3393937395081972,-0.36871528743554577,-0.3148734873096303,2.280905882663645
-0.7581699611438873,0.590048337687597,-0.9655749030284008,1.401512344464336,-0.270543951856408,-1.86842575225436,-0.1860515726072197,1.1697805251007627,0.816496580927726,-0.4375028351475093,0.37967212888114743,-0.9614863916702531,1.4390572537589523,-0.6608531809232983,1.2368204621527703,-0.7479102552281316,0.5740951896062607,-1.0785044383346125,-0.6282411217206918,-0.3305890744344259,-0.42623001504290225,-1.5841782406465175,-0.9320143892374165,-0.9359045730975464,0.15570708143992973,0.33809616377248186,-0.6544537372115486,-0.6154915796172453,-0.36871528743554577,-0.5952272282818631,-0.43842229861417986
-0.21066070447189164,0.590048337687597,1.173890321881579,-0.49381713700997326,0.8400041347276065,0.08504925188071054,-0.9374136927517607,1.1697805251007627,0.816496580927726,0.3005949089230784,0.37967212888114743,0.8459113011114248,-1.8116752288006481,0.2462002046576992,-0.1332820844671032,0.23990299668033138,-0.002544268963885435,0.523315742874663,1.5917455343596372,-0.8772324258614294,-0.42623001504290225,0.26623257679518353,-0.9320143892374165,-0.1645114009902331,-0.6201892226844659,0.33809616377248186,0.16194730971731802,0.7649976209279952,-0.67914568407372,-1.1559347102263289,-0.43842229861417986
-0.6486681098094882,-0.9131943943761252,-0.6656035331395159,-0.49381713700997326,1.3335810620982798,0.08504925188071054,-0.9374136927517607,-1.5756862740979405,0.816496580927726,0.005355811294843232,0.37967212888114743,0.8459113011114248,-1.8116752288006481,0.2462002046576992,-0.1332820844671032,0.7056562012798905,1.2079348089460995,0.12286069757234404,-0.6282411217206918,-0.8772324258614294,-0.42623001504290225,-1.5841782406465175,-0.9320143892374165,0.09261965637887119,-0.6201892226844659,0.33809616377248186,-0.9810141559830952,-1.1676872598353416,-0.67914568407372,-1.1559347102263289,2.280905882663645
-0.32016255580629077,-0.9131943943761252,0.45990887950142356,-2.3891466184842827,1.7037637576262843,0.08504925188071054,-1.6887758128963017,-0.6605306743650394,-1.224744871391589,-1.1263940629467246,0.37967212888114743,0.8459113011114248,-1.405333668480698,-1.5679065665042955,-1.5033846310869767,0.7324285113982958,-0.39071833295870484,2.5255909693862577,1.5917455343596372,-0.05726739872092413,-0.42623001504290225,0.26623257679518353,2.5899937140505074,-0.035945872305680915,-0.6201892226844659,0.33809616377248186,-0.6544537372115486,-0.6154915796172453,-0.67914568407372,-0.5952272282818631,2.280905882663645
0.5558522548689022,-0.9131943943761252,1.664752563517936,-0.49381713700997326,-0.5173324155417446,-0.8916882501868245,1.3166726676818623,-0.6605306743650394,0.816496580927726,1.5307578157073911,0.37967212888114743,-0.9614863916702531,-0.998992108160748,0.2462002046576992,-0.1332820844671032,-0.9370162552708359,-0.7101678794685616,0.523315742874663,-0.6282411217206918,0.48937595270607925,-0.42623001504290225,1.1914379855160337,0.2419883118585579,-0.4216424583593375,0.9316033855643253,0.33809616377248186,-0.8177339465973219,-0.6154915796172453,-0.05828489079737142,-1.1559347102263289,-0.43842229861417986
-0.10115885313749245,-2.416437126439847,-0.41521420786036417,1.401512344464336,0.0996387436715968,1.0617867539482455,0.5653105475373214,-0.6605306743650394,0.816496580927726,-1.6676657419318222,0.37967212888114743,0.8459113011114248,1.0327156934390023,1.153253590238697,1.2368204621527703,0.7388028709502971,0.14122910810588277,-0.6780493930322938,-0.6282411217206918,-0.3305890744344259,-0.42623001504290225,1.1914379855160337,-0.9320143892374165,-0.1645114009902331,0.15570708143992973,-1.0778621289498782,0.4885077284888646,-0.3393937395081972,2.1147278856698484,0.8065414765793012,-0.43842229861417986
-1.6341847718190805,-0.9131943943761252,1.4019677270863509,-0.49381713700997326,-0.6407266473844129,-1.86842575225436,2.0680347878264036,0.25462492536786163,0.816496580927726,1.629170848250136,-1.0261667362455194,-0.9614863916702531,-0.998992108160748,0.2462002046576992,1.2368204621527703,-0.5543422034990265,-0.7285787420258829,0.9237707881769819,-0.6282411217206918,0.21605427699257748,-0.42623001504290225,0.26623257679518353,-0.9320143892374165,-0.9359045730975464,0.15570708143992973,0.33809616377248186,-0.8177339465973219,-0.6154915796172453,-0.36871528743554577,-0.5952272282818631,2.280905882663645
1.2128633628752972,0.590048337687597,-1.5853504606500637,1.401512344464336,-0.8875151110697495,2.038524256015781,-0.1860515726072197,-0.6605306743650394,-1.224744871391589,-1.4216331605749597,0.37967212888114743,-0.05778754527941413,1.0327156934390023,1.153253590238697,-0.1332820844671032,-0.5209830551768865,0.7511767684018699,-0.2775943477299748,-0.6282411217206918,-0.3305890744344259,-0.42623001504290225,-1.5841782406465175,0.2419883118585579,0.3497507137479757,-0.6201892226844659,0.33809616377248186,0.3252275191030913,0.7649976209279952,1.1834366957553255,0.8065414765793012,-0.43842229861417986
1.979376322216091,0.590048337687597,0.7797130672342015,1.401512344464336,1.0867925984129432,2.038524256015781,-0.9374136927517607,-1.5756862740979405,-1.224744871391589,0.8418665879081759,0.37967212888114743,1.7496101475022634,-0.592650547840798,-0.6608531809232983,1.2368204621527703,2.1953440285825865,-0.6240162859751422,0.12286069757234404,-0.6282411217206918,2.1293060069870893,2.3461510562538512,1.1914379855160337,-0.9320143892374165,3.3067578734926766,-0.6201892226844659,0.33809616377248186,0.4885077284888646,1.317193301146092,1.4938670923934998,0.8065414765793012,-0.43842229861417986
0.44635040353450317,-2.416437126439847,-1.3275238286794515,1.401512344464336,0.0996387436715968,-0.8916882501868245,-0.9374136927517607,1.1697805251007627,0.816496580927726,-0.48670935141888183,0.37967212888114743,-0.05778754527941413,1.0327156934390023,1.153253590238697,1.2368204621527703,-0.05799207304986107,-0.12411217821642664,1.7246808787816201,-0.6282411217206918,-0.3305890744344259,-0.42623001504290225,1.1914379855160337,-0.9320143892374165,0.6068817711170802,0.15570708143992973,0.33809616377248186,1.141628566031958,-0.3393937395081972,-0.36871528743554577,1.6476026994959998,-0.43842229861417986
-0.21066070447189164,0.590048337687597,-0.45487984354815064,1.401512344464336,-1.010909342912418,0.08504925188071054,-0.1860515726072197,-0.6605306743650394,0.816496580927726,0.9402796204509211,0.37967212888114743,-0.05778754527941413,1.0327156934390023,0.2462002046576992,-0.1332820844671032,-0.37947227312245835,0.6107763737853512,2.5255909693862577,-0.6282411217206918,-1.150554101574931,-0.42623001504290225,0.26623257679518353,-0.9320143892374165,0.4783162424325279,-0.6201892226844659,0.33809616377248186,0.651787937874638,1.317193301146092,1.1834366957553255,1.3672489585237668,-0.43842229861417986
0.33684855220010396,0.590048337687597,-1.2407552506124189,-0.49381713700997326,-0.3939381836990763,0.08504925188071054,-0.9374136927517607,-0.6605306743650394,-1.224744871391589,0.44821445773719587,0.37967212888114743,1.7496101475022634,-0.18630898752084787,0.2462002046576992,1.2368204621527703,1.4308458396459012,0.8503986689016318,1.7246808787816201,-0.6282411217206918,-0.05726739872092413,-0.42623001504290225,0.26623257679518353,-0.9320143892374165,1.3782749432243937,0.15570708143992973,0.33809616377248186,2.1213098223465976,0.488899780818947,0.8730062991171512,2.488663922412698,-0.43842229861417986
0.22734670086570485,-0.9131943943761252,-0.8912018361138011,-0.49381713700997326,-0.1471497200137397,-1.86842575225436,-0.9374136927517607,0.25462492536786163,-1.224744871391589,-0.880361481589862,0.37967212888114743,-0.9614863916702531,-0.998992108160748,0.2462002046576992,-0.1332820844671032,-0.5838767360899657,0.5001706575058715,-0.6780493930322938,-0.6282411217206918,-1.150554101574931,-0.42623001504290225,-1.5841782406465175,0.2419883118585579,-0.4216424583593375,0.15570708143992973,0.33809616377248186,0.16194730971731802,-0.3393937395081972,-0.67914568407372,0.8065414765793012,-0.43842229861417986
-0.6486681098094882,0.590048337687597,0.06325252262355936,1.401512344464336,-0.8875151110697495,-1.86842575225436,-0.9374136927517607,-0.6605306743650394,0.816496580927726,0.546627490279941,0.37967212888114743,-0.05778754527941413,1.0327156934390023,1.153253590238697,1.2368204621527703,0.016800412360287044,-0.8386222945631543,0.523315742874663,1.5917455343596372,-0.6039107501479276,-0.42623001504290225,0.26623257679518353,-0.9320143892374165,-0.1645114009902331,-0.6201892226844659,1.754054456494842,-0.16461310905422857,0.2128019407098989,-0.67914568407372,0.24583399463483543,-0.43842229861417986
0.5558522548689022,0.590048337687597,-1.1986105126941458,-0.49381713700997326,1.827157989468953,0.08504925188071054,0.5653105475373214,1.1697805251007627,0.816496580927726,-0.48670935141888183,0.37967212888114743,0.8459113011114248,-0.18630898752084787,-1.5679065665042955,-0.1332820844671032,0.19188282138858848,-1.034817440593845,-0.6780493930322938,1.5917455343596372,1.5826626555600862,2.3461510562538512,1.1914379855160337,0.2419883118585579,-0.1645114009902331,1.707499689688721,-1.0778621289498782,0.4885077284888646,1.317193301146092,0.8730062991171512,1.086895217551534,-0.43842229861417986
0.8843578088720997,0.590048337687597,-0.5986677729163763,1.401512344464336,-0.8875151110697495,0.08504925188071054,1.3166726676818623,1.1697805251007627,0.816496580927726,-0.2406767700620193,0.37967212888114743,-0.05778754527941413,1.0327156934390023,-0.6608531809232983,-0.1332820844671032,-0.3607741517699213,0.26195377174511153,-1.0785044383346125,-0.6282411217206918,1.0360193041330827,-0.42623001504290225,-0.6589728319256668,0.2419883118585579,-0.2930769296747854,0.15570708143992973,1.754054456494842,0.16194730971731802,0.7649976209279952,0.25214550584080275,0.8065414765793012,-0.43842229861417986
-1.196177366481484,-0.9131943943761252,-0.9333465740320742,-2.3891466184842827,0.9633983665702748,1.0617867539482455,-0.9374136927517607,-0.6605306743650394,-1.224744871391589,-0.3882963188761368,0.37967212888114743,-0.9614863916702531,-1.405333668480698,0.2462002046576992,-1.5033846310869767,-0.7993300889476086,1.1938807153908928,-1.0785044383346125,1.5917455343596372,-1.150554101574931,-0.42623001504290225,-0.6589728319256668,0.2419883118585579,-0.4216424583593375,-0.6201892226844659,-1.0778621289498782,-0.0013328996684552844,0.7649976209279952,-0.36871528743554577,-1.1559347102263289,2.280905882663645
-0.8676718124782865,0.590048337687597,-1.4142924067464844,-0.49381713700997326,1.2101868302556114,0.08504925188071054,2.0680347878264036,1.1697805251007627,0.816496580927726,-1.5692527093890773,0.37967212888114743,-0.05778754527941413,-0.18630898752084787,1.153253590238697,-1.5033846310869767,-0.47615005966114426,1.1709725428959052,0.523315742874663,-0.6282411217206918,-0.8772324258614294,-0.42623001504290225,-0.6589728319256668,1.4159910129545328,-0.4216424583593375,-0.6201892226844659,1.754054456494842,-0.6544537372115486,-0.6154915796172453,-0.36871528743554577,-0.5952272282818631,-0.43842229861417986
-0.42966440714068993,0.590048337687597,0.29628813228930456,-0.49381713700997326,-1.010909342912418,2.038524256015781,0.5653105475373214,-1.5756862740979405,-1.224744871391589,1.432344783164646,1.7855109940078144,1.7496101475022634,0.2200325727991022,0.2462002046576992,-1.5033846310869767,2.057020426304159,1.1615563002139164,0.523315742874663,-0.6282411217206918,1.0360193041330827,-0.42623001504290225,0.26623257679518353,0.2419883118585579,-0.1645114009902331,-0.6201892226844659,0.33809616377248186,-0.16461310905422857,-0.8915894197262935,-0.67914568407372,0.24583399463483543,-0.43842229861417986
-0.6486681098094882,0.590048337687597,-0.28382178964457166,1.401512344464336,-0.270543951856408,0.08504925188071054,-0.9374136927517607,0.25462492536786163,0.816496580927726,-1.0771875466753522,-1.0261667362455194,0.8459113011114248,-0.592650547840798,1.153253590238697,-1.5033846310869767,1.0738817047338307,1.5428438583666844,2.5255909693862577,-0.6282411217206918,1.5826626555600862,2.3461510562538512,0.26623257679518353,0.2419883118585579,-0.1645114009902331,0.15570708143992973,-1.0778621289498782,-0.3278933184400019,-0.0632958993991491,-0.67914568407372,-0.8755809692540959,-0.43842229861417986
-2.072192177156677,-0.9131943943761252,1.2482633887961785,1.401512344464336,-0.5173324155417446,0.08504925188071054,-0.1860515726072197,-0.6605306743650394,0.816496580927726,0.15297536010896076,0.37967212888114743,-0.9614863916702531,1.4390572537589523,-0.6608531809232983,1.2368204621527703,-0.9826991653935117,-0.8789575430665986,-0.6780493930322938,1.5917455343596372,-0.3305890744344259,-0.42623001504290225,1.1914379855160337,-0.9320143892374165,-1.4501666878357553,0.15570708143992973,0.33809616377248186,-1.1442943653688686,-1.1676872598353416,-0.67914568407372,-1.1559347102263289,2.280905882663645
0.33684855220010396,-2.416437126439847,0.7226937159330086,1.401512344464336,2.320734916839626,0.08504925188071054,1.3166726676818623,0.25462492536786163,0.816496580927726,-0.3882963188761368,-2.432005601372186,0.8459113011114248,1.0327156934390023,-1.5679065665042955,-1.5033846310869767,0.9410825474004706,-0.41320488264703625,0.12286069757234404,-0.6282411217206918,-0.05726739872092413,-0.42623001504290225,0.26623257679518353,0.2419883118585579,1.121143885855289,-0.6201892226844659,0.33809616377248186,-0.9810141559830952,-1.1676872598353416,-0.67914568407372,-0.8755809692540959,-0.43842229861417986
0.44635040353450317,-2.416437126439847,-0.7275810889016822,-0.49381713700997326,-0.8875151110697495,1.0617867539482455,1.3166726676818623,-1.5756862740979405,-1.224744871391589,-0.1914702537906467,-1.0261667362455194,-0.05778754527941413,-1.8116752288006481,0.2462002046576992,1.2368204621527703,0.06545802360722995,-1.7147544867947633,-0.2775943477299748,1.5917455343596372,0.48937595270607925,-0.42623001504290225,-1.5841782406465175,-0.9320143892374165,-0.1645114009902331,0.15570708143992973,0.33809616377248186,0.16194730971731802,0.7649976209279952,-0.67914568407372,0.8065414765793012,-0.43842229861417986
-1.196177366481484,0.590048337687597,-0.06813989559223305,1.401512344464336,2.4441291486822943,-0.8916882501868245,0.5653105475373214,-1.5756862740979405,0.816496580927726,-1.0279810304039796,0.37967212888114743,-0.05778754527941413,1.0327156934390023,0.2462002046576992,-1.5033846310869767,-0.46680099898487565,-1.411888770680051,0.9237707881769819,-0.6282411217206918,-0.8772324258614294,-0.42623001504290225,-1.5841782406465175,1.4159910129545328,-0.4216424583593375,1.707499689688721,0.33809616377248186,-1.1442943653688686,-1.1676872598353416,-0.67914568407372,-1.1559347102263289,-0.43842229861417986
-0.21066070447189164,0.590048337687597,-1.5060191892744903,1.401512344464336,-1.010909342912418,0.08504925188071054,0.5653105475373214,-1.5756862740979405,-1.224744871391589,0.6942470390940584,0.37967212888114743,-0.05778754527941413,1.0327156934390023,0.2462002046576992,1.2368204621527703,-0.349300304576319,-1.070233756352967,-0.6780493930322938,-0.6282411217206918,0.21605427699257748,-0.42623001504290225,1.1914379855160337,-0.9320143892374165,-0.8073390444129942,0.15570708143992973,0.33809616377248186,-0.3278933184400019,-0.0632958993991491,-0.67914568407372,-0.3148734873096303,-0.43842229861417986
-0.32016255580629077,0.590048337687597,-1.3498357487538315,1.401512344464336,1.456975293940948,1.0617867539482455,-0.9374136927517607,1.1697805251007627,0.816496580927726,0.3990079414658234,1.7855109940078144,-0.05778754527941413,1.0327156934390023,1.153253590238697,1.2368204621527703,-0.24773550904776553,0.7881390344520645,-0.6780493930322938,-0.6282411217206918,-0.8772324258614294,-0.42623001504290225,1.1914379855160337,-0.9320143892374165,-0.1645114009902331,0.15570708143992973,0.33809616377248186,0.4885077284888646,0.7649976209279952,0.8730062991171512,0.8065414765793012,-0.43842229861417986
-1.196177366481484,0.590048337687597,-0.821786973660175,-0.49381713700997326,1.827157989468953,0.08504925188071054,2.0680347878264036,0.25462492536786163,0.816496580927726,0.005355811294843232,-2.432005601372186,-0.9614863916702531,-0.998992108160748,1.153253590238697,1.2368204621527703,-0.8845340282926921,1.2507997942894813,-0.6780493930322938,1.5917455343596372,0.762697628419581,-0.42623001504290225,-0.6589728319256668,-0.9320143892374165,-1.3216011591512031,0.15570708143992973,-2.4938204216722384,-0.9810141559830952,-1.1676872598353416,-0.67914568407372,-1.1559347102263289,2.280905882663645
0.008342998196906542,0.590048337687597,-0.008641442060553449,-0.49381713700997326,-1.010909342912418,0.08504925188071054,2.0680347878264036,-0.6605306743650394,-1.224744871391589,-0.33908980260476435,0.37967212888114743,0.8459113011114248,-0.18630898752084787,1.153253590238697,1.2368204621527703,0.20994350678592538,1.3400432883650464,0.523315742874663,-0.6282411217206918,0.48937595270607925,-0.42623001504290225,1.1914379855160337,-0.9320143892374165,0.09261965637887119,0.15570708143992973,1.754054456494842,-0.16461310905422857,0.2128019407098989,-0.36871528743554577,-0.5952272282818631,-0.43842229861417986
0.9938596602064989,-0.9131943943761252,0.5739475821038096,-0.49381713700997326,1.0867925984129432,-1.86842575225436,0.5653105475373214,-1.5756862740979405,-1.224744871391589,0.9894861367222935,0.37967212888114743,0.8459113011114248,-1.8116752288006481,0.2462002046576992,-0.1332820844671032,0.8550286934484537,-0.7489571776809332,0.9237707881769819,-0.6282411217206918,-1.150554101574931,-0.42623001504290225,1.1914379855160337,-0.9320143892374165,2.1496681153317065,0.15570708143992973,-1.0778621289498782,-0.8177339465973219,-0.6154915796172453,-0.36871528743554577,-0.5952272282818631,-0.43842229861417986
0.44635040353450317,0.590048337687597,1.173890321881579,1.401512344464336,-0.8875151110697495,2.038524256015781,-0.9374136927517607,-0.6605306743650394,-1.224744871391589,1.235518718079156,0.37967212888114743,1.7496101475022634,-0.592650547840798,-1.5679065665042955,-0.1332820844671032,2.1443491521665763,-1.220893639264787,1.7246808787816201,-0.6282411217206918,0.21605427699257748,-0.42623001504290225,-0.6589728319256668,0.2419883118585579,1.3782749432243937,-0.6201892226844659,0.33809616377248186,1.794749403575051,3.2498781819094282,2.735588678946197,1.086895217551534,-0.43842229861417986
0.008342998196906542,-2.416437126439847,-1.6374116074902831,1.401512344464336,-0.023755488171071402,1.0617867539482455,0.5653105475373214,-1.5756862740979405,0.816496580927726,0.15297536010896076,0.37967212888114743,0.8459113011114248,1.0327156934390023,-0.6608531809232983,-1.5033846310869767,0.49530233606384877,1.4550057736466402,-0.6780493930322938,-0.6282411217206918,-0.6039107501479276,-0.42623001504290225,1.1914379855160337,0.2419883118585579,-0.2930769296747854,2.4833959938131165,0.33809616377248186,0.3252275191030913,0.2128019407098989,1.4938670923934998,0.8065414765793012,-0.43842229861417986
1.6508707682128936,0.590048337687597,0.38057760812585073,-0.49381713700997326,-0.3939381836990763,-0.8916882501868245,2.0680347878264036,1.1697805251007627,0.816496580927726,0.5958340065513134,0.37967212888114743,-0.05778754527941413,0.6263741331190523,-1.5679065665042955,-1.5033846310869767,-0.19674063263175542,1.0925507008578497,0.12286069757234404,1.5917455343596372,-0.8772324258614294,-0.42623001504290225,-0.6589728319256668,1.4159910129545328,0.8640128284861845,0.15570708143992973,0.33809616377248186,0.4885077284888646,1.317193301146092,1.1834366957553255,1.3672489585237668,-0.43842229861417986
-0.5391662584750891,-2.416437126439847,1.664752563517936,1.401512344464336,0.2230329755142651,1.0617867539482455,1.3166726676818623,1.1697805251007627,0.816496580927726,-0.28988328633339183,1.7855109940078144,-0.05778754527941413,1.0327156934390023,0.2462002046576992,-0.1332820844671032,-0.38159705963979207,1.349318990111483,2.125135924083939,-0.6282411217206918,-0.8772324258614294,-0.42623001504290225,1.1914379855160337,-0.9320143892374165,-0.678773515728442,-0.6201892226844659,0.33809616377248186,-0.4911735278257753,-0.6154915796172453,-0.36871528743554577,-0.5952272282818631,2.280905882663645
-1.4151810691502822,-0.9131943943761252,-0.6631244309090293,1.401512344464336,1.827157989468953,0.08504925188071054,0.5653105475373214,1.1697805251007627,0.816496580927726,-1.372426644303587,0.37967212888114743,-0.9614863916702531,1.4390572537589523,1.153253590238697,-0.1332820844671032,-0.8717853091886896,-1.2343855690777854,-1.0785044383346125,-0.6282411217206918,-0.6039107501479276,-0.42623001504290225,0.26623257679518353,1.4159910129545328,-1.0644701017820986,0.15570708143992973,0.33809616377248186,-0.8177339465973219,-0.6154915796172453,-0.05828489079737142,-0.8755809692540959,-0.43842229861417986
0.11784484953130574,0.590048337687597,1.7168137103581556,-0.49381713700997326,0.0996387436715968,0.08504925188071054,0.5653105475373214,0.25462492536786163,-1.224744871391589,0.4974209740085684,0.37967212888114743,-0.05778754527941413,-1.8116752288006481,0.2462002046576992,-0.1332820844671032,0.7056562012798905,1.10477776225088,0.12286069757234404,-0.6282411217206918,1.0360193041330827,-0.42623001504290225,0.26623257679518353,0.2419883118585579,0.8640128284861845,0.9316033855643253,0.33809616377248186,-0.9810141559830952,-1.1676872598353416,-0.67914568407372,-1.1559347102263289,-0.43842229861417986
0.008342998196906542,0.590048337687597,-0.8837645294223412,-0.49381713700997326,-1.010909342912418,1.0617867539482455,-0.9374136927517607,-0.6605306743650394,-1.224744871391589,-0.043850704976529174,0.37967212888114743,-0.05778754527941413,-0.18630898752084787,-0.6608531809232983,-0.1332820844671032,-0.011884205623718561,0.19505628642232586,1.3242258334793011,-0.6282411217206918,-0.8772324258614294,-0.42623001504290225,-0.6589728319256668,0.2419883118585579,-0.4216424583593375,-0.6201892226844659,-1.0778621289498782,-0.16461310905422857,0.2128019407098989,0.562575902478977,-0.3148734873096303,-0.43842229861417986
1.3223652142096962,0.590048337687597,1.097038152736493,-0.49381713700997326,1.0867925984129432,1.0617867539482455,-0.9374136927517607,1.1697805251007627,0.816496580927726,-0.3882963188761368,-1.0261667362455194,2.6533089938931025,0.2200325727991022,0.2462002046576992,-1.5033846310869767,2.762024592755499,-1.7129274546325863,-0.6780493930322938,1.5917455343596372,0.48937595270607925,-0.42623001504290225,0.26623257679518353,0.2419883118585579,2.535364701385363,1.707499689688721,0.33809616377248186,3.917392125590105,1.317193301146092,-0.67914568407372,1.3672489585237668,-0.43842229861417986
-1.4151810691502822,0.590048337687597,-0.27638448295311174,-0.49381713700997326,1.7037637576262843,0.08504925188071054,0.5653105475373214,-0.6605306743650394,0.816496580927726,1.137105685536411,1.7855109940078144,-0.9614863916702531,0.6263741331190523,1.153253590238697,-0.1332820844671032,-0.8027297473753425,1.0283234933105534,-0.6780493930322938,1.5917455343596372,-1.150554101574931,-0.42623001504290225,-0.6589728319256668,1.4159910129545328,-0.678773515728442,0.15570708143992973,0.33809616377248186,-0.16461310905422857,0.2128019407098989,-0.36871528743554577,-0.03451974633739738,-0.43842229861417986
-1.196177366481484,0.590048337687597,-0.24663525618727195,1.401512344464336,2.320734916839626,-0.8916882501868245,-0.1860515726072197,-1.5756862740979405,0.816496580927726,0.005355811294843232,0.37967212888114743,-0.05778754527941413,1.0327156934390023,-0.6608531809232983,-0.1332820844671032,-0.04906796967705937,-0.9676388733999552,-0.6780493930322938,-0.6282411217206918,1.3093409798465845,2.3461510562538512,1.1914379855160337,1.4159910129545328,-0.678773515728442,1.707499689688721,1.754054456494842,-0.3278933184400019,-0.3393937395081972,-0.36871528743554577,-0.03451974633739738,-0.43842229861417986
-1.4151810691502822,0.590048337687597,0.05085701147112615,-0.49381713700997326,0.9633983665702748,-0.8916882501868245,1.3166726676818623,1.1697805251007627,0.816496580927726,1.3831382668932737,-1.0261667362455194,-0.9614863916702531,-0.998992108160748,-0.6608531809232983,-0.1332820844671032,-0.929791981111901,-0.7326544291568929,-0.6780493930322938,-0.6282411217206918,1.5826626555600862,2.3461510562538512,1.1914379855160337,0.2419883118585579,-1.3216011591512031,-0.6201892226844659,0.33809616377248186,-0.9810141559830952,-1.1676872598353416,-0.67914568407372,-1.1559347102263289,-0.43842229861417986
1.4318670655440953,-0.9131943943761252,1.0995172549669796,-2.3891466184842827,-0.7641208792270812,0.08504925188071054,0.5653105475373214,-1.5756862740979405,0.816496580927726,1.629170848250136,0.37967212888114743,2.6533089938931025,-0.592650547840798,-0.6608531809232983,-0.1332820844671032,2.4853773881986445,-0.8873899991997228,-0.6780493930322938,-0.6282411217206918,-1.150554101574931,-0.42623001504290225,0.26623257679518353,0.2419883118585579,2.6639302300699157,-0.6201892226844659,0.33809616377248186,4.080672334975878,0.2128019407098989,2.425158282308023,0.8065414765793012,-0.43842229861417986
-1.3056792178158831,0.590048337687597,-0.44744253685669066,1.401512344464336,0.4698214391996017,-1.86842575225436,0.5653105475373214,-0.6605306743650394,0.816496580927726,-1.2740136117608423,0.37967212888114743,-0.9614863916702531,1.4390572537589523,0.2462002046576992,-0.1332820844671032,-0.9363788193156358,1.695330773440681,-0.6780493930322938,-0.6282411217206918,-1.150554101574931,-0.42623001504290225,0.26623257679518353,-0.9320143892374165,-0.5502079870438897,-1.3960855268088614,0.33809616377248186,-0.0013328996684552844,-0.0632958993991491,-0.67914568407372,0.5261877356070683,-0.43842229861417986
-1.4151810691502822,-0.9131943943761252,1.2011604464169323,-0.49381713700997326,-0.270543951856408,0.08504925188071054,-0.9374136927517607,-1.5756862740979405,-1.224744871391589,-0.5359158676902545,0.37967212888114743,-0.9614863916702531,-0.998992108160748,0.2462002046576992,-0.1332820844671032,-0.7685206844462691,-0.020392967778998433,-0.6780493930322938,1.5917455343596372,0.21605427699257748,-0.42623001504290225,1.1914379855160337,0.2419883118585579,-0.678773515728442,0.9316033855643253,0.33809616377248186,-0.16461310905422857,-0.3393937395081972,-0.36871528743554577,-0.5952272282818631,2.280905882663645
-0.7581699611438873,-0.9131943943761252,-0.8788063249613679,1.401512344464336,0.3464272073569334,1.0617867539482455,-0.9374136927517607,-0.6605306743650394,0.816496580927726,0.3990079414658234,-1.0261667362455194,-0.9614863916702531,1.4390572537589523,-1.5679065665042955,-0.1332820844671032,-0.9497649743748384,0.022050394757726764,-0.6780493930322938,-0.6282411217206918,0.762697628419581,-0.42623001504290225,0.26623257679518353,0.2419883118585579,-1.3216011591512031,-0.6201892226844659,1.754054456494842,-0.9810141559830952,-1.1676872598353416,-0.67914568407372,-1.1559347102263289,2.280905882663645
-0.32016255580629077,0.590048337687597,-1.359752157675778,-0.49381713700997326,-1.010909342912418,-0.8916882501868245,-0.9374136927517607,-0.6605306743650394,0.816496580927726,0.8418665879081759,-1.0261667362455194,-0.9614863916702531,0.6263741331190523,1.153253590238697,-0.1332820844671032,-0.6121363967705046,1.1919131422931637,-0.6780493930322938,1.5917455343596372,-0.6039107501479276,-0.42623001504290225,1.1914379855160337,0.2419883118585579,-0.678773515728442,0.15570708143992973,0.33809616377248186,-0.16461310905422857,0.2128019407098989,-0.36871528743554577,-0.3148734873096303,-0.43842229861417986
-0.6486681098094882,0.590048337687597,1.394530420394891,1.401512344464336,0.4698214391996017,1.0617867539482455,0.5653105475373214,-0.6605306743650394,0.816496580927726,-0.978774514132607,0.37967212888114743,-0.05778754527941413,1.0327156934390023,-1.5679065665042955,-1.5033846310869767,-0.48231194056141213,-0.3936696926052984,-0.2775943477299748,-0.6282411217206918,0.48937595270607925,-0.42623001504290225,0.26623257679518353,-0.9320143892374165,-0.2930769296747854,-0.6201892226844659,-2.4938204216722384,-0.6544537372115486,-0.8915894197262935,-0.36871528743554577,-0.5952272282818631,2.280905882663645
-0.21066070447189164,0.590048337687597,-0.6556871242175693,-0.49381713700997326,1.950552221311621,-0.8916882501868245,1.3166726676818623,-1.5756862740979405,0.816496580927726,-0.585122383961627,-1.0261667362455194,-0.05778754527941413,-0.998992108160748,1.153253590238697,1.2368204621527703,-0.5996001563182355,-0.043441681209538036,0.523315742874663,-0.6282411217206918,-0.3305890744344259,-0.42623001504290225,1.1914379855160337,-0.9320143892374165,-0.2930769296747854,0.15570708143992973,0.33809616377248186,-0.6544537372115486,-0.6154915796172453,-0.67914568407372,-0.5952272282818631,-0.43842229861417986
-0.6486681098094882,0.590048337687597,-0.6879154532138958,1.401512344464336,-0.3939381836990763,1.0617867539482455,0.5653105475373214,-1.5756862740979405,0.816496580927726,0.005355811294843232,1.7855109940078144,-0.05778754527941413,1.0327156934390023,1.153253590238697,-1.5033846310869767,-0.22160063488456033,-1.1375528644824089,0.523315742874663,-0.6282411217206918,1.8559843312735878,2.3461510562538512,1.1914379855160337,1.4159910129545328,0.2211851850634235,0.9316033855643253,1.754054456494842,-0.0013328996684552844,0.7649976209279952,0.8730062991171512,0.8065414765793012,-0.43842229861417986
-1.0866755151470848,0.590048337687597,-0.01112054429104005,-0.49381713700997326,-0.3939381836990763,1.0617867539482455,0.5653105475373214,-1.5756862740979405,-1.224744871391589,0.005355811294843232,-1.0261667362455194,-0.9614863916702531,0.6263741331190523,0.2462002046576992,-1.5033846310869767,-0.9170432620078987,-1.307045232758206,-1.0785044383346125,-0.6282411217206918,-0.8772324258614294,-0.42623001504290225,0.26623257679518353,1.4159910129545328,-0.678773515728442,1.707499689688721,-1.0778621289498782,-0.3278933184400019,-0.3393937395081972,-0.67914568407372,-0.3148734873096303,-0.43842229861417986
0.008342998196906542,0.590048337687597,-0.6061050796078363,1.401512344464336,-0.8875151110697495,0.08504925188071054,-0.1860515726072197,1.1697805251007627,0.816496580927726,0.44821445773719587,0.37967212888114743,-0.05778754527941413,1.0327156934390023,0.2462002046576992,-0.1332820844671032,0.6584859405950811,-1.5885487266690037,0.523315742874663,1.5917455343596372,-1.150554101574931,-0.42623001504290225,0.26623257679518353,0.2419883118585579,0.7354472998016324,0.15570708143992973,-1.0778621289498782,-0.6544537372115486,-1.1676872598353416,-0.36871528743554577,-1.1559347102263289,-0.43842229861417986
-1.8531884744878788,0.590048337687597,0.38801491481731065,-0.49381713700997326,-1.010909342912418,0.08504925188071054,-0.9374136927517607,1.1697805251007627,-1.224744871391589,0.8418665879081759,-1.0261667362455194,-0.9614863916702531,0.6263741331190523,-0.6608531809232983,1.2368204621527703,-0.7791446170329379,-0.3592371633950411,-0.6780493930322938,-0.6282411217206918,-0.6039107501479276,-0.42623001504290225,1.1914379855160337,-0.9320143892374165,-1.3216011591512031,-2.171981830933257,1.754054456494842,-0.9810141559830952,-1.1676872598353416,-0.67914568407372,-1.1559347102263289,-0.43842229861417986
0.5558522548689022,0.590048337687597,-0.44744253685669066,-0.49381713700997326,-0.8875151110697495,1.0617867539482455,-0.9374136927517607,0.25462492536786163,-1.224744871391589,0.7434535553654309,0.37967212888114743,-0.05778754527941413,-1.8116752288006481,1.153253590238697,-0.1332820844671032,-0.5129088664110183,-1.207963873193996,-0.6780493930322938,-0.6282411217206918,-0.6039107501479276,-0.42623001504290225,-0.6589728319256668,1.4159910129545328,-0.1645114009902331,0.9316033855643253,0.33809616377248186,0.4885077284888646,-0.6154915796172453,-0.05828489079737142,-0.5952272282818631,-0.43842229861417986
0.6653541062033014,0.590048337687597,-0.05078617997882645,-0.49381713700997326,-0.3939381836990763,1.0617867539482455,1.3166726676818623,-0.6605306743650394,0.816496580927726,-0.781948449047117,-1.0261667362455194,1.7496101475022634,0.2200325727991022,1.153253590238697,-1.5033846310869767,2.1511484690220444,-1.6361921038211558,0.523315742874663,1.5917455343596372,-0.3305890744344259,-0.42623001504290225,0.26623257679518353,0.2419883118585579,1.2497094145398413,0.15570708143992973,-1.0778621289498782,-0.9810141559830952,-1.1676872598353416,-0.67914568407372,-1.1559347102263289,-0.43842229861417986
0.11784484953130574,0.590048337687597,-1.0920091167832198,-0.49381713700997326,-1.010909342912418,-1.86842575225436,-0.9374136927517607,0.25462492536786163,-1.224744871391589,-1.1263940629467246,0.37967212888114743,-0.9614863916702531,0.6263741331190523,-1.5679065665042955,1.2368204621527703,-0.8252524844590804,0.034839619892965266,0.12286069757234404,-0.6282411217206918,0.48937595270607925,-0.42623001504290225,1.1914379855160337,-0.9320143892374165,-0.4216424583593375,0.15570708143992973,-1.0778621289498782,-1.1442943653688686,-1.1676872598353416,-0.67914568407372,-1.1559347102263289,-0.43842229861417986
0.6653541062033014,-0.9131943943761252,0.49213720849774995,-0.49381713700997326,-0.023755488171071402,2.038524256015781,0.5653105475373214,1.1697805251007627,0.816496580927726,0.3005949089230784,0.37967212888114743,-0.05778754527941413,-0.998992108160748,0.2462002046576992,-1.5033846310869767,-0.175067810154951,0.7468199993997557,0.12286069757234404,1.5917455343596372,-0.6039107501479276,-0.42623001504290225,-0.6589728319256668,0.2419883118585579,-0.1645114009902331,0.15570708143992973,0.33809616377248186,0.16194730971731802,0.7649976209279952,0.562575902478977,0.8065414765793012,-0.43842229861417986
1.2128633628752972,0.590048337687597,1.074726232662113,-0.49381713700997326,-1.010909342912418,1.0617867539482455,-0.9374136927517607,1.1697805251007627,-1.224744871391589,-1.2740136117608423,-1.0261667362455194,1.7496101475022634,-0.592650547840798,-1.5679065665042955,-0.1332820844671032,1.8908621206486596,0.5177382744498804,1.7246808787816201,-0.6282411217206918,-1.150554101574931,-0.42623001504290225,-1.5841782406465175,0.2419883118585579,1.2497094145398413,0.15570708143992973,-2.4938204216722384,-0.6544537372115486,-0.6154915796172453,-0.67914568407372,-0.5952272282818631,-0.43842229861417986
0.7748559575377005,0.590048337687597,0.7673175560817683,-2.3891466184842827,-1.010909342912418,1.0617867539482455,-0.9374136927517607,-1.5756862740979405,-1.224744871391589,-0.781948449047117,-1.0261667362455194,-0.05778754527941413,-1.405333668480698,0.2462002046576992,1.2368204621527703,-0.11004934272453809,1.7681309780566536,0.523315742874663,-0.6282411217206918,-1.150554101574931,-0.42623001504290225,-0.6589728319256668,-0.9320143892374165,-0.1645114009902331,-1.3960855268088614,1.754054456494842,-0.8177339465973219,-0.6154915796172453,-0.67914568407372,-0.5952272282818631,-0.43842229861417986
-0.32016255580629077,0.590048337687597,-1.4837072692001108,1.401512344464336,0.59321567104227,0.08504925188071054,2.0680347878264036,0.25462492536786163,-1.224744871391589,-1.7168722582031948,0.37967212888114743,-0.9614863916702531,1.4390572537589523,0.2462002046576992,-1.5033846310869767,-0.8337516305284154,-1.6023217383531068,-0.6780493930322938,1.5917455343596372,0.762697628419581,-0.42623001504290225,1.1914379855160337,1.4159910129545328,-0.4216424583593375,0.15570708143992973,0.33809616377248186,0.16194730971731802,-0.6154915796172453,-0.67914568407372,0.5261877356070683,-0.43842229861417986
-1.0866755151470848,0.590048337687597,1.5308810430716568,1.401512344464336,-0.8875151110697495,-1.86842575225436,-0.1860515726072197,0.25462492536786163,0.816496580927726,0.9402796204509211,0.37967212888114743,-0.9614863916702531,1.4390572537589523,-1.5679065665042955,-1.5033846310869767,-0.7355864934275957,0.28570518985341153,-1.0785044383346125,-0.6282411217206918,-1.150554101574931,-0.42623001504290225,-0.6589728319256668,0.2419883118585579,-0.8073390444129942,0.15570708143992973,0.33809616377248186,-0.4911735278257753,-0.3393937395081972,-0.67914568407372,-0.5952272282818631,2.280905882663645
-1.7436866231534796,0.590048337687597,1.3399901713241846,1.401512344464336,1.5803695257836163,-1.86842575225436,2.0680347878264036,0.25462492536786163,0.816496580927726,-0.8311549653184895,0.37967212888114743,-0.9614863916702531,1.4390572537589523,0.2462002046576992,1.2368204621527703,-0.6493201608238454,1.4238056859540804,-0.6780493930322938,-0.6282411217206918,-1.150554101574931,-0.42623001504290225,0.26623257679518353,-0.9320143892374165,-1.0644701017820986,-0.6201892226844659,0.33809616377248186,-0.6544537372115486,-0.6154915796172453,-0.36871528743554577,-0.5952272282818631,-0.43842229861417986
0.7748559575377005,0.590048337687597,1.2705753088705585,-0.49381713700997326,-0.7641208792270812,1.0617867539482455,1.3166726676818623,1.1697805251007627,0.816496580927726,-1.520046193117705,0.37967212888114743,2.6533089938931025,-0.592650547840798,1.153253590238697,-0.1332820844671032,2.764361857924566,-0.6963948677844587,0.523315742874663,1.5917455343596372,-0.8772324258614294,-0.42623001504290225,-1.5841782406465175,0.2419883118585579,1.8925370579626024,-0.6201892226844659,1.754054456494842,-0.8177339465973219,-0.6154915796172453,-0.67914568407372,-0.8755809692540959,-0.43842229861417986
-1.6341847718190805,0.590048337687597,-0.49206637700545036,-0.49381713700997326,-0.3939381836990763,-1.86842575225436,0.5653105475373214,-1.5756862740979405,0.816496580927726,0.15297536010896076,0.37967212888114743,-0.9614863916702531,0.6263741331190523,0.2462002046576992,-0.1332820844671032,-0.7925307720921405,-0.30470728040083755,-1.0785044383346125,-0.6282411217206918,1.3093409798465845,2.3461510562538512,1.1914379855160337,-0.9320143892374165,-1.0644701017820986,0.15570708143992973,0.33809616377248186,-0.8177339465973219,-0.6154915796172453,-0.05828489079737142,-0.5952272282818631,-0.43842229861417986
-0.42966440714068993,0.590048337687597,1.02514418805238,1.401512344464336,-0.1471497200137397,1.0617867539482455,-0.1860515726072197,0.25462492536786163,0.816496580927726,-1.3232201280322147,0.37967212888114743,-0.05778754527941413,1.0327156934390023,0.2462002046576992,-1.5033846310869767,0.12771426856510906,0.8598149115836206,-1.0785044383346125,-0.6282411217206918,-0.8772324258614294,-0.42623001504290225,1.1914379855160337,-0.9320143892374165,-0.678773515728442,0.15570708143992973,0.33809616377248186,-0.3278933184400019,-1.1676872598353416,-0.36871528743554577,-0.5952272282818631,-0.43842229861417986
-0.5391662584750891,0.590048337687597,-0.38794408332501107,-0.49381713700997326,-0.023755488171071402,1.0617867539482455,-0.9374136927517607,-1.5756862740979405,-1.224744871391589,1.2847252343505289,0.37967212888114743,-0.05778754527941413,0.6263741331190523,1.153253590238697,-0.1332820844671032,-0.03844403709039056,0.5306680405206708,-0.6780493930322938,1.5917455343596372,-0.8772324258614294,-0.42623001504290225,1.1914379855160337,0.2419883118585579,-0.678773515728442,-0.6201892226844659,-1.0778621289498782,-0.16461310905422857,-0.0632958993991491,-0.67914568407372,0.24583399463483543,-0.43842229861417986
-0.7581699611438873,-0.9131943943761252,-1.5927877673415234,-0.49381713700997326,-0.7641208792270812,0.08504925188071054,0.5653105475373214,0.25462492536786163,-1.224744871391589,0.25138839265170587,0.37967212888114743,-0.9614863916702531,0.6263741331190523,0.2462002046576992,-1.5033846310869767,-0.9391410417881696,1.1720968703803218,-0.6780493930322938,-0.6282411217206918,1.3093409798465845,2.3461510562538512,0.26623257679518353,0.2419883118585579,-1.3216011591512031,-0.6201892226844659,0.33809616377248186,-0.9810141559830952,-1.1676872598353416,-0.67914568407372,-1.1559347102263289,-0.43842229861417986
1.7603726195472926,0.590048337687597,-1.3994177933635643,1.401512344464336,-1.010909342912418,-1.86842575225436,0.5653105475373214,1.1697805251007627,-1.224744871391589,-1.5692527093890773,0.37967212888114743,-0.05778754527941413,1.0327156934390023,-1.5679065665042955,1.2368204621527703,0.39904950682862966,-0.9565361394913416,1.7246808787816201,-0.6282411217206918,1.3093409798465845,2.3461510562538512,1.1914379855160337,-0.9320143892374165,0.8640128284861845,-0.6201892226844659,1.754054456494842,1.141628566031958,0.7649976209279952,1.8042974890316739,1.6476026994959998,-0.43842229861417986
-0.32016255580629077,0.590048337687597,1.473861691770464,-0.49381713700997326,-1.010909342912418,2.038524256015781,-0.9374136927517607,-0.6605306743650394,0.816496580927726,-1.1756005792180972,0.37967212888114743,-0.9614863916702531,0.6263741331190523,1.153253590238697,-0.1332820844671032,-0.8099540215342773,-0.9350333763518748,-0.6780493930322938,-0.6282411217206918,-0.8772324258614294,-0.42623001504290225,1.1914379855160337,0.2419883118585579,-0.1645114009902331,0.9316033855643253,-1.0778621289498782,0.4885077284888646,1.317193301146092,1.8042974890316739,1.086895217551534,-0.43842229861417986
0.8843578088720997,-0.9131943943761252,-1.2308388416904723,1.401512344464336,2.073946453154289,1.0617867539482455,-0.9374136927517607,-1.5756862740979405,-1.224744871391589,1.6783773645215088,0.37967212888114743,-0.05778754527941413,1.0327156934390023,-1.5679065665042955,-0.1332820844671032,-0.47105057201954315,-1.2203314755225785,-0.2775943477299748,-0.6282411217206918,-0.3305890744344259,-0.42623001504290225,1.1914379855160337,1.4159910129545328,-0.8073390444129942,0.9316033855643253,0.33809616377248186,-0.9810141559830952,-0.8915894197262935,-0.67914568407372,-1.1559347102263289,2.280905882663645
-1.196177366481484,0.590048337687597,0.46734618619288343,-0.49381713700997326,-0.3939381836990763,0.08504925188071054,-0.9374136927517607,0.25462492536786163,-1.224744871391589,0.25138839265170587,0.37967212888114743,-0.9614863916702531,-0.998992108160748,1.153253590238697,-0.1332820844671032,-0.8167533383897454,0.48428953178848744,-0.6780493930322938,1.5917455343596372,-0.6039107501479276,-0.42623001504290225,0.26623257679518353,0.2419883118585579,-1.0644701017820986,-0.6201892226844659,0.33809616377248186,-0.6544537372115486,-0.6154915796172453,-0.67914568407372,-0.5952272282818631,-0.43842229861417986
0.008342998196906542,0.590048337687597,-0.7945168491248218,-0.49381713700997326,-0.7641208792270812,0.08504925188071054,1.3166726676818623,0.25462492536786163,0.816496580927726,-1.470839676846332,0.37967212888114743,0.8459113011114248,-0.18630898752084787,0.2462002046576992,-0.1332820844671032,0.622789527103874,-0.6615407157675451,-0.6780493930322938,-0.6282411217206918,-0.05726739872092413,-0.42623001504290225,0.26623257679518353,0.2419883118585579,-0.1645114009902331,-0.6201892226844659,0.33809616377248186,0.4885077284888646,0.7649976209279952,1.4938670923934998,1.086895217551534,-0.43842229861417986
-0.8676718124782865,0.590048337687597,0.925980098832914,1.401512344464336,-0.7641208792270812,-0.8916882501868245,0.5653105475373214,-0.6605306743650394,-1.224744871391589,-0.1914702537906467,0.37967212888114743,-0.05778754527941413,1.0327156934390023,0.2462002046576992,-0.1332820844671032,-0.20014029105948933,-1.521510700410666,-0.6780493930322938,-0.6282411217206918,-0.3305890744344259,-0.42623001504290225,-1.5841782406465175,0.2419883118585579,-0.678773515728442,1.707499689688721,-1.0778621289498782,-0.16461310905422857,-1.1676872598353416,-0.36871528743554577,-0.5952272282818631,-0.43842229861417986
-0.21066070447189164,0.590048337687597,0.5318028441855365,-0.49381713700997326,-0.3939381836990763,1.0617867539482455,-0.9374136927517607,-0.6605306743650394,0.816496580927726,0.7926600716368034,-2.432005601372186,-0.05778754527941413,0.6263741331190523,1.153253590238697,1.2368204621527703,0.030399046071223047,0.7104198970917693,-0.6780493930322938,-0.6282411217206918,-0.6039107501479276,-0.42623001504290225,-0.6589728319256668,-0.9320143892374165,0.7354472998016324,0.15570708143992973,0.33809616377248186,1.6314691941892778,1.8693889813641877,2.735588678946197,1.086895217551534,-0.43842229861417986
-0.42966440714068993,-0.9131943943761252,1.223472366491312,-0.49381713700997326,-0.3939381836990763,0.08504925188071054,-0.9374136927517607,0.25462492536786163,0.816496580927726,-1.7660787744745672,0.37967212888114743,-0.05778754527941413,-1.8116752288006481,1.153253590238697,-1.5033846310869767,0.2596635112915353,-1.2617910515104394,0.12286069757234404,-0.6282411217206918,2.1293060069870893,2.3461510562538512,0.26623257679518353,0.2419883118585579,0.4783162424325279,-0.6201892226844659,-2.4938204216722384,0.9783483566461848,1.8693889813641877,0.562575902478977,0.8065414765793012,-0.43842229861417986
1.869874470881692,0.590048337687597,-1.0052405387161871,-2.3891466184842827,1.2101868302556114,1.0617867539482455,0.5653105475373214,0.25462492536786163,0.816496580927726,1.0878991692650386,0.37967212888114743,0.8459113011114248,-1.405333668480698,-0.6608531809232983,-0.1332820844671032,0.897099466491662,-1.065876987350853,-0.2775943477299748,-0.6282411217206918,-0.05726739872092413,-0.42623001504290225,0.26623257679518353,0.2419883118585579,0.6068817711170802,-1.3960855268088614,1.754054456494842,0.3252275191030913,0.7649976209279952,1.4938670923934998,-0.8755809692540959,-0.43842229861417986
-0.10115885313749245,0.590048337687597,0.27397621221492474,-0.49381713700997326,-0.023755488171071402,-0.8916882501868245,0.5653105475373214,-0.6605306743650394,0.816496580927726,-0.880361481589862,-1.0261667362455194,-0.05778754527941413,-0.18630898752084787,-0.6608531809232983,-1.5033846310869767,0.49806455853638265,-0.053279546698183036,-0.2775943477299748,1.5917455343596372,-1.150554101574931,-0.42623001504290225,0.26623257679518353,0.2419883118585579,0.2211851850634235,-0.6201892226844659,0.33809616377248186,-0.6544537372115486,-0.6154915796172453,-0.67914568407372,-0.5952272282818631,-0.43842229861417986
-1.0866755151470848,0.590048337687597,0.7747548627732282,-0.49381713700997326,-0.7641208792270812,1.0617867539482455,0.5653105475373214,-1.5756862740979405,0.816496580927726,-0.585122383961627,-1.0261667362455194,-0.9614863916702531,0.6263741331190523,1.153253590238697,1.2368204621527703,-0.9472152305540378,0.12099121338638456,-1.0785044383346125,-0.6282411217206918,-0.6039107501479276,-0.42623001504290225,1.1914379855160337,-0.9320143892374165,-0.8073390444129942,-2.171981830933257,0.33809616377248186,-0.4911735278257753,-0.6154915796172453,-0.36871528743554577,-0.8755809692540959,-0.43842229861417986
-1.8531884744878788,0.590048337687597,1.387093113703431,-0.49381713700997326,0.0996387436715968,-1.86842575225436,0.5653105475373214,1.1697805251007627,0.816496580927726,-1.6676657419318222,0.37967212888114743,-0.9614863916702531,0.6263741331190523,0.2462002046576992,1.2368204621527703,-1.167343113749815,1.7828877762896211,-0.6780493930322938,1.5917455343596372,-1.150554101574931,-0.42623001504290225,1.1914379855160337,-0.9320143892374165,-1.3216011591512031,1.707499689688721,0.33809616377248186,-0.9810141559830952,-1.1676872598353416,-0.36871528743554577,-0.8755809692540959,2.280905882663645
-0.42966440714068993,-0.9131943943761252,0.6780698757842488,-0.49381713700997326,-0.7641208792270812,0.08504925188071054,-0.9374136927517607,-1.5756862740979405,0.816496580927726,0.20218187638033325,0.37967212888114743,-0.9614863916702531,0.6263741331190523,-1.5679065665042955,1.2368204621527703,-0.6703555473454496,-1.566905422593985,-0.6780493930322938,1.5917455343596372,-1.150554101574931,-0.42623001504290225,-1.5841782406465175,-0.9320143892374165,-0.1645114009902331,0.15570708143992973,0.33809616377248186,0.4885077284888646,1.0410954610370433,2.1147278856698484,0.8065414765793012,2.280905882663645
-0.21066070447189164,-2.416437126439847,-0.18713680265559235,-0.49381713700997326,-0.7641208792270812,0.08504925188071054,-0.9374136927517607,0.25462492536786163,0.816496580927726,-1.2248070954894696,-1.0261667362455194,-0.9614863916702531,-0.998992108160748,0.2462002046576992,-0.1332820844671032,-1.1095489204783369,0.36356486814925876,-0.6780493930322938,-0.6282411217206918,0.762697628419581,-0.42623001504290225,0.26623257679518353,1.4159910129545328,-1.3216011591512031,0.15570708143992973,0.33809616377248186,-0.9810141559830952,-1.1676872598353416,-0.67914568407372,-1.1559347102263289,-0.43842229861417986
-1.5246829204846812,0.590048337687597,0.20456134976129844,-0.49381713700997326,-0.6407266473844129,0.08504925188071054,0.5653105475373214,-1.5756862740979405,0.816496580927726,-0.3882963188761368,1.7855109940078144,-0.9614863916702531,0.6263741331190523,-1.5679065665042955,-0.1332820844671032,-0.7827567541124053,-0.8107951893238443,-0.2775943477299748,-0.6282411217206918,0.21605427699257748,-0.42623001504290225,-1.5841782406465175,0.2419883118585579,-0.8073390444129942,0.15570708143992973,1.754054456494842,-0.6544537372115486,-0.6154915796172453,-0.67914568407372,-0.5952272282818631,-0.43842229861417986
-1.3056792178158831,0.590048337687597,0.01862868247479965,1.401512344464336,-0.1471497200137397,0.08504925188071054,-0.9374136927517607,1.1697805251007627,0.816496580927726,-0.4375028351475093,1.7855109940078144,-0.05778754527941413,1.0327156934390023,-0.6608531809232983,-0.1332820844671032,-0.351000133790186,0.19182384490462828,-1.0785044383346125,-0.6282411217206918,1.8559843312735878,2.3461510562538512,0.26623257679518353,0.2419883118585579,-0.9359045730975464,0.9316033855643253,0.33809616377248186,-0.6544537372115486,-0.6154915796172453,-0.36871528743554577,-0.5952272282818631,-0.43842229861417986
0.11784484953130574,0.590048337687597,-1.387022282211131,1.401512344464336,-0.270543951856408,1.0617867539482455,-0.1860515726072197,1.1697805251007627,-1.224744871391589,-0.978774514132607,-1.0261667362455194,-0.05778754527941413,1.0327156934390023,1.153253590238697,1.2368204621527703,-0.5258700641667542,-0.9166225137945536,-1.0785044383346125,-0.6282411217206918,1.3093409798465845,2.3461510562538512,-1.5841782406465175,-0.9320143892374165,-0.4216424583593375,-0.6201892226844659,0.33809616377248186,-0.0013328996684552844,0.7649976209279952,-0.67914568407372,0.24583399463483543,-0.43842229861417986
-0.8676718124782865,-0.9131943943761252,0.008712273552853051,-0.49381713700997326,-1.010909342912418,1.0617867539482455,-0.9374136927517607,-0.6605306743650394,0.816496580927726,0.4974209740085684,-2.432005601372186,-0.9614863916702531,0.6263741331190523,1.153253590238697,-1.5033846310869767,-0.8037921406340094,0.6529386544509724,-0.6780493930322938,-0.6282411217206918,0.762697628419581,-0.42623001504290225,1.1914379855160337,0.2419883118585579,-0.1645114009902331,1.707499689688721,0.33809616377248186,0.4885077284888646,0.7649976209279952,-0.05828489079737142,1.086895217551534,-0.43842229861417986
1.2128633628752972,0.590048337687597,0.03598239808820615,1.401512344464336,-0.8875151110697495,-1.86842575225436,-0.1860515726072197,-0.6605306743650394,0.816496580927726,-0.48670935141888183,1.7855109940078144,-0.05778754527941413,1.0327156934390023,-0.6608531809232983,-0.1332820844671032,0.3435925787262186,0.6020628357811229,0.12286069757234404,-0.6282411217206918,-0.8772324258614294,-0.42623001504290225,1.1914379855160337,-0.9320143892374165,0.09261965637887119,0.15570708143992973,0.33809616377248186,-0.8177339465973219,-0.6154915796172453,-0.05828489079737142,-0.5952272282818631,-0.43842229861417986
-1.0866755151470848,-0.9131943943761252,1.5060900207667902,1.401512344464336,-0.7641208792270812,-1.86842575225436,0.5653105475373214,1.1697805251007627,-1.224744871391589,0.25138839265170587,1.7855109940078144,-0.05778754527941413,1.0327156934390023,1.153253590238697,-1.5033846310869767,-0.3943457787437947,0.33166207577893864,-0.6780493930322938,1.5917455343596372,1.3093409798465845,2.3461510562538512,-0.6589728319256668,1.4159910129545328,-0.678773515728442,0.15570708143992973,0.33809616377248186,-0.16461310905422857,0.2128019407098989,-0.67914568407372,-0.03451974633739738,-0.43842229861417986
0.008342998196906542,0.590048337687597,1.04745610812676,-0.49381713700997326,0.0996387436715968,-0.8916882501868245,-0.9374136927517607,1.1697805251007627,0.816496580927726,0.6942470390940584,1.7855109940078144,-0.9614863916702531,0.6263741331190523,1.153253590238697,1.2368204621527703,-0.38733398323659324,0.12914258764840478,0.12286069757234404,-0.6282411217206918,0.48937595270607925,-0.42623001504290225,-1.5841782406465175,-0.9320143892374165,-0.9359045730975464,-0.6201892226844659,0.33809616377248186,-0.9810141559830952,-1.1676872598353416,-0.67914568407372,-1.1559347102263289,-0.43842229861417986
1.4318670655440953,0.590048337687597,1.0028322679780002,-0.49381713700997326,2.320734916839626,-1.86842575225436,0.5653105475373214,1.1697805251007627,0.816496580927726,0.3990079414658234,1.7855109940078144,-0.9614863916702531,-0.998992108160748,0.2462002046576992,-0.1332820844671032,-0.6973403361155882,-1.5482134781655594,-0.6780493930322938,1.5917455343596372,-1.150554101574931,-0.42623001504290225,0.26623257679518353,2.5899937140505074,1.121143885855289,0.15570708143992973,0.33809616377248186,2.1213098223465976,1.0410954610370433,0.25214550584080275,1.086895217551534,-0.43842229861417986
-0.32016255580629077,0.590048337687597,1.5854212921423632,-0.49381713700997326,-0.023755488171071402,0.08504925188071054,0.5653105475373214,1.1697805251007627,-1.224744871391589,-0.978774514132607,-1.0261667362455194,0.8459113011114248,-1.8116752288006481,-0.6608531809232983,1.2368204621527703,0.45004438324463986,0.46953273355552005,-0.6780493930322938,-0.6282411217206918,-0.3305890744344259,-0.42623001504290225,-0.6589728319256668,-0.9320143892374165,-0.2930769296747854,0.15570708143992973,1.754054456494842,0.16194730971731802,0.7649976209279952,1.4938670923934998,0.8065414765793012,-0.43842229861417986
-1.4151810691502822,0.590048337687597,-0.27142627849213846,1.401512344464336,-0.7641208792270812,-0.8916882501868245,-0.9374136927517607,-1.5756862740979405,-1.224744871391589,-0.043850704976529174,0.37967212888114743,-0.05778754527941413,1.0327156934390023,0.2462002046576992,1.2368204621527703,-0.40921928436513094,1.4717301449773366,2.5255909693862577,-0.6282411217206918,-0.3305890744344259,-0.42623001504290225,-1.5841782406465175,-0.9320143892374165,-0.9359045730975464,0.15570708143992973,0.33809616377248186,-0.8177339465973219,-0.6154915796172453,-0.05828489079737142,-1.1559347102263289,2.280905882663645
0.22734670086570485,0.590048337687597,-0.977970414180834,-0.49381713700997326,-0.8875151110697495,1.0617867539482455,2.0680347878264036,1.1697805251007627,-1.224744871391589,0.6942470390940584,-1.0261667362455194,-0.05778754527941413,-1.8116752288006481,0.2462002046576992,1.2368204621527703,-0.41431877200673195,0.9366908033306032,-0.6780493930322938,-0.6282411217206918,-1.150554101574931,-0.42623001504290225,-1.5841782406465175,-0.9320143892374165,1.121143885855289,0.9316033855643253,0.33809616377248186,2.1213098223465976,0.7649976209279952,2.735588678946197,1.6476026994959998,-0.43842229861417986
-0.5391662584750891,0.590048337687597,0.31364184790271116,1.401512344464336,0.0996387436715968,0.08504925188071054,-0.1860515726072197,1.1697805251007627,0.816496580927726,-0.5359158676902545,0.37967212888114743,-0.05778754527941413,1.0327156934390023,1.153253590238697,1.2368204621527703,-0.23519926859549634,1.0385829816058545,-0.6780493930322938,-0.6282411217206918,-0.8772324258614294,-0.42623001504290225,1.1914379855160337,-0.9320143892374165,-0.1645114009902331,-0.6201892226844659,-1.0778621289498782,0.4885077284888646,0.7649976209279952,-0.67914568407372,1.086895217551534,-0.43842229861417986
1.4318670655440953,-0.9131943943761252,-0.5961886706858897,1.401512344464336,-0.1471497200137397,-0.8916882501868245,2.0680347878264036,-0.6605306743650394,0.816496580927726,-0.781948449047117,0.37967212888114743,-0.05778754527941413,1.0327156934390023,0.2462002046576992,-0.1332820844671032,0.062270843831229356,1.2843890778864262,0.12286069757234404,1.5917455343596372,-0.3305890744344259,-0.42623001504290225,-1.5841782406465175,0.2419883118585579,0.8640128284861845,0.9316033855643253,0.33809616377248186,-0.4911735278257753,-0.3393937395081972,-0.36871528743554577,-0.3148734873096303,2.280905882663645
0.11784484953130574,0.590048337687597,0.06077342039307275,-0.49381713700997326,-1.010909342912418,1.0617867539482455,-0.9374136927517607,-0.6605306743650394,-1.224744871391589,-1.6184592256604498,1.7855109940078144,-0.05778754527941413,-1.8116752288006481,1.153253590238697,1.2368204621527703,0.23841564611819768,0.7125280111250505,-1.0785044383346125,-0.6282411217206918,-0.6039107501479276,-0.42623001504290225,0.26623257679518353,-0.9320143892374165,-0.1645114009902331,0.9316033855643253,-1.0778621289498782,0.3252275191030913,0.7649976209279952,-0.36871528743554577,1.086895217551534,-0.43842229861417986
-1.0866755151470848,0.590048337687597,-0.48214996808350374,-0.49381713700997326,-1.010909342912418,-0.8916882501868245,-0.9374136927517607,0.25462492536786163,-1.224744871391589,0.10376884383758825,0.37967212888114743,0.8459113011114248,-0.18630898752084787,-1.5679065665042955,-0.1332820844671032,0.19315769329898877,-1.1670664609483437,-0.6780493930322938,-0.6282411217206918,-1.150554101574931,-0.42623001504290225,1.1914379855160337,-0.9320143892374165,-0.2930769296747854,0.15570708143992973,0.33809616377248186,0.3252275191030913,0.7649976209279952,-0.67914568407372,0.8065414765793012,-0.43842229861417986
-0.5391662584750891,0.590048337687597,0.5342819464160231,-0.49381713700997326,-0.7641208792270812,-0.8916882501868245,-0.9374136927517607,0.25462492536786163,-1.224744871391589,-1.3232201280322147,0.37967212888114743,0.8459113011114248,0.2200325727991022,1.153253590238697,1.2368204621527703,0.989315201343947,0.7111226017695297,0.12286069757234404,-0.6282411217206918,-0.05726739872092413,-0.42623001504290225,1.1914379855160337,-0.9320143892374165,-0.1645114009902331,2.4833959938131165,0.33809616377248186,-0.0013328996684552844,0.7649976209279952,1.4938670923934998,0.8065414765793012,-0.43842229861417986
1.103361511540898,0.590048337687597,-0.24663525618727195,1.401512344464336,0.59321567104227,1.0617867539482455,-0.1860515726072197,1.1697805251007627,0.816496580927726,-1.1756005792180972,0.37967212888114743,-0.05778754527941413,1.0327156934390023,-1.5679065665042955,1.2368204621527703,-0.327839960751248,-0.34968037977750027,-0.2775943477299748,-0.6282411217206918,-0.8772324258614294,-0.42623001504290225,1.1914379855160337,-0.9320143892374165,1.121143885855289,-0.6201892226844659,0.33809616377248186,-0.0013328996684552844,0.7649976209279952,-0.36871528743554577,0.8065414765793012,-0.43842229861417986
0.33684855220010396,-0.9131943943761252,-0.55156483053713,1.401512344464336,-0.5173324155417446,1.0617867539482455,-0.9374136927517607,1.1697805251007627,0.816496580927726,-0.880361481589862,-1.0261667362455194,0.8459113011114248,1.0327156934390023,-1.5679065665042955,-0.1332820844671032,0.8439798035583181,1.3293621772630888,0.9237707881769819,1.5917455343596372,1.5826626555600862,2.3461510562538512,0.26623257679518353,0.2419883118585579,1.121143885855289,-0.6201892226844659,0.33809616377248186,1.794749403575051,2.4215846615822842,-0.36871528743554577,2.2083101814404653,-0.43842229861417986
1.7603726195472926,0.590048337687597,0.41528503935266375,-0.49381713700997326,-0.270543951856408,0.08504925188071054,-0.9374136927517607,0.25462492536786163,0.816496580927726,-0.33908980260476435,1.7855109940078144,1.7496101475022634,0.2200325727991022,0.2462002046576992,-0.1332820844671032,1.765924673429435,-0.11230673963005273,0.12286069757234404,-0.6282411217206918,1.0360193041330827,-0.42623001504290225,0.26623257679518353,-0.9320143892374165,2.6639302300699157,0.15570708143992973,0.33809616377248186,-0.3278933184400019,-0.8915894197262935,-0.36871528743554577,-0.3148734873096303,-0.43842229861417986
0.44635040353450317,0.590048337687597,-0.9308674718015876,-2.3891466184842827,0.0996387436715968,1.0617867539482455,-1.6887758128963017,-0.6605306743650394,0.816496580927726,0.3498014251944509,-1.0261667362455194,2.6533089938931025,-0.592650547840798,1.153253590238697,-1.5033846310869767,2.6853197994797506,-0.7662437127538378,0.12286069757234404,-0.6282411217206918,-0.05726739872092413,-0.42623001504290225,-0.6589728319256668,2.5899937140505074,1.5068404719089457,-0.6201892226844659,-1.0778621289498782,2.284590031732371,0.488899780818947,3.046019075584371,0.5261877356070683,-0.43842229861417986
2.526885578888087,0.590048337687597,0.933417405524374,1.401512344464336,0.8400041347276065,1.0617867539482455,-0.1860515726072197,-1.5756862740979405,0.816496580927726,0.8910731041795484,0.37967212888114743,-0.05778754527941413,1.0327156934390023,-1.5679065665042955,1.2368204621527703,-0.23328696072989594,-0.3357668271578453,2.125135924083939,-0.6282411217206918,-0.3305890744344259,-0.42623001504290225,1.1914379855160337,-0.9320143892374165,-0.1645114009902331,-1.3960855268088614,0.33809616377248186,-0.8177339465973219,-0.6154915796172453,-0.05828489079737142,-0.5952272282818631,-0.43842229861417986
-1.0866755151470848,-0.9131943943761252,-1.2605880684563122,-0.49381713700997326,0.0996387436715968,-0.8916882501868245,-0.9374136927517607,1.1697805251007627,0.816496580927726,-1.6676657419318222,0.37967212888114743,0.8459113011114248,-0.18630898752084787,-1.5679065665042955,-1.5033846310869767,0.48659071134278037,-1.3357155836108283,-0.6780493930322938,-0.6282411217206918,1.5826626555600862,2.3461510562538512,0.26623257679518353,1.4159910129545328,-0.2930769296747854,0.9316033855643253,-1.0778621289498782,0.3252275191030913,0.7649976209279952,-0.36871528743554577,0.8065414765793012,-0.43842229861417986
0.44635040353450317,0.590048337687597,-1.2110060238465792,-2.3891466184842827,-1.010909342912418,0.08504925188071054,-1.6887758128963017,1.1697805251007627,0.816496580927726,-0.33908980260476435,-1.0261667362455194,2.6533089938931025,-0.592650547840798,0.2462002046576992,-0.1332820844671032,2.6955187747629523,0.7376848385888711,-0.6780493930322938,-0.6282411217206918,-0.8772324258614294,-0.42623001504290225,-0.6589728319256668,0.2419883118585579,1.3782749432243937,0.15570708143992973,0.33809616377248186,2.447870241118145,0.7649976209279952,-0.05828489079737142,1.6476026994959998,-0.43842229861417986
1.4318670655440953,0.590048337687597,-1.206047819385606,1.401512344464336,-0.1471497200137397,1.0617867539482455,-0.1860515726072197,1.1697805251007627,0.816496580927726,-0.585122383961627,0.37967212888114743,-0.9614863916702531,1.4390572537589523,-0.6608531809232983,-0.1332820844671032,-0.5583792978819606,-0.6085567830644145,1.7246808787816201,-0.6282411217206918,-0.05726739872092413,-0.42623001504290225,1.1914379855160337,0.2419883118585579,-0.9359045730975464,-0.6201892226844659,0.33809616377248186,-0.8177339465973219,-0.6154915796172453,-0.05828489079737142,-0.5952272282818631,-0.43842229861417986
-0.9771736638126856,0.590048337687597,-0.36811126548111783,-0.49381713700997326,-1.010909342912418,-0.8916882501868245,-0.9374136927517607,-1.5756862740979405,-1.224744871391589,0.05456232756621574,-2.432005601372186,-0.9614863916702531,0.6263741331190523,-0.6608531809232983,1.2368204621527703,-0.9108813811076306,-1.4674024402231187,1.7246808787816201,1.5917455343596372,-0.6039107501479276,-0.42623001504290225,1.1914379855160337,-0.9320143892374165,-0.1645114009902331,0.9316033855643253,0.33809616377248186,-0.0013328996684552844,0.7649976209279952,0.25214550584080275,0.8065414765793012,2.280905882663645
-0.10115885313749245,-2.416437126439847,-0.9308674718015876,-0.49381713700997326,-0.1471497200137397,0.08504925188071054,-0.9374136927517607,-1.5756862740979405,-1.224744871391589,-0.14226373751927418,1.7855109940078144,0.8459113011114248,0.2200325727991022,-1.5679065665042955,-0.1332820844671032,1.107028374404237,0.8463229817706218,2.5255909693862577,-0.6282411217206918,-0.3305890744344259,-0.42623001504290225,-1.5841782406465175,0.2419883118585579,-0.1645114009902331,-0.6201892226844659,0.33809616377248186,0.16194730971731802,0.7649976209279952,-0.67914568407372,0.24583399463483543,-0.43842229861417986
0.11784484953130574,0.590048337687597,-1.57295494949763,-0.49381713700997326,-1.010909342912418,0.08504925188071054,-0.9374136927517607,0.25462492536786163,-1.224744871391589,0.7434535553654309,0.37967212888114743,0.8459113011114248,-0.18630898752084787,0.2462002046576992,1.2368204621527703,0.2885606079272744,0.15233184201449637,0.523315742874663,1.5917455343596372,-0.3305890744344259,-0.42623001504290225,1.1914379855160337,-0.9320143892374165,-0.1645114009902331,0.9316033855643253,1.754054456494842,-0.9810141559830952,-1.1676872598353416,-0.67914568407372,-1.1559347102263289,-0.43842229861417986
0.7748559575377005,-2.416437126439847,-1.0449061744039736,-0.49381713700997326,1.827157989468953,0.08504925188071054,0.5653105475373214,-1.5756862740979405,0.816496580927726,-0.8311549653184895,-2.432005601372186,-0.9614863916702531,-0.998992108160748,0.2462002046576992,1.2368204621527703,-0.5938632327214344,-1.71587881427918,-0.2775943477299748,-0.6282411217206918,-0.3305890744344259,-0.42623001504290225,0.26623257679518353,-0.9320143892374165,-0.2930769296747854,1.707499689688721,0.33809616377248186,-0.3278933184400019,-0.6154915796172453,-0.36871528743554577,-0.03451974633739738,-0.43842229861417986
1.103361511540898,-0.9131943943761252,-1.4514789402037842,1.401512344464336,-0.7641208792270812,0.08504925188071054,0.5653105475373214,1.1697805251007627,-1.224744871391589,-0.8311549653184895,0.37967212888114743,1.7496101475022634,1.0327156934390023,0.2462002046576992,-1.5033846310869767,1.5440969610197905,-0.5745458766608134,2.5255909693862577,1.5917455343596372,-0.8772324258614294,-0.42623001504290225,1.1914379855160337,1.4159910129545328,2.1496681153317065,-0.6201892226844659,-1.0778621289498782,2.447870241118145,-0.6154915796172453,2.735588678946197,2.488663922412698,-0.43842229861417986
-0.7581699611438873,0.590048337687597,-0.7474139067455754,1.401512344464336,2.197340684996958,2.038524256015781,-0.1860515726072197,0.25462492536786163,0.816496580927726,1.629170848250136,0.37967212888114743,-0.05778754527941413,1.0327156934390023,1.153253590238697,-1.5033846310869767,-0.2547473045549669,1.5405952033978512,1.7246808787816201,-0.6282411217206918,2.1293060069870893,2.3461510562538512,1.1914379855160337,0.2419883118585579,-0.1645114009902331,-0.6201892226844659,-1.0778621289498782,0.16194730971731802,0.7649976209279952,1.4938670923934998,0.8065414765793012,-0.43842229861417986
-0.8676718124782865,0.590048337687597,1.4713825895399772,1.401512344464336,0.0996387436715968,0.08504925188071054,-0.9374136927517607,0.25462492536786163,0.816496580927726,1.629170848250136,0.37967212888114743,-0.9614863916702531,1.4390572537589523,0.2462002046576992,1.2368204621527703,-0.8203654754692127,-1.6243866652347818,-0.6780493930322938,-0.6282411217206918,-1.150554101574931,-0.42623001504290225,0.26623257679518353,-0.9320143892374165,-1.3216011591512031,2.4833959938131165,0.33809616377248186,-0.9810141559830952,-1.1676872598353416,-0.67914568407372,-1.1559347102263289,-0.43842229861417986
0.5558522548689022,-0.9131943943761252,0.3235582568246577,-0.49381713700997326,1.2101868302556114,0.08504925188071054,0.5653105475373214,0.25462492536786163,0.816496580927726,-0.4375028351475093,1.7855109940078144,-0.9614863916702531,0.6263741331190523,0.2462002046576992,-1.5033846310869767,-0.7955054732164079,0.8506797507727359,1.3242258334793011,1.5917455343596372,-0.8772324258614294,-0.42623001504290225,1.1914379855160337,-0.9320143892374165,-0.5502079870438897,-0.6201892226844659,0.33809616377248186,-0.8177339465973219,-0.6154915796172453,-0.05828489079737142,-0.5952272282818631,2.280905882663645
0.6653541062033014,-0.9131943943761252,-0.06813989559223305,1.401512344464336,0.7166099028849382,0.08504925188071054,-0.9374136927517607,1.1697805251007627,0.816496580927726,-0.9295679978612343,-1.0261667362455194,-0.05778754527941413,1.0327156934390023,1.153253590238697,-0.1332820844671032,0.06397067304509635,1.3168540339989545,0.12286069757234404,-0.6282411217206918,0.762697628419581,-0.42623001504290225,0.26623257679518353,0.2419883118585579,-0.5502079870438897,1.707499689688721,0.33809616377248186,-0.8177339465973219,-0.6154915796172453,-0.05828489079737142,-0.5952272282818631,-0.43842229861417986
-0.32016255580629077,0.590048337687597,0.41528503935266375,-0.49381713700997326,-0.1471497200137397,-0.8916882501868245,0.5653105475373214,-0.6605306743650394,-1.224744871391589,1.4815512994360187,0.37967212888114743,-0.05778754527941413,-1.8116752288006481,0.2462002046576992,1.2368204621527703,-0.07669019440239817,-0.977195657017496,0.12286069757234404,-0.6282411217206918,-1.150554101574931,-0.42623001504290225,1.1914379855160337,-0.9320143892374165,-0.1645114009902331,-0.6201892226844659,0.33809616377248186,-0.3278933184400019,-0.8915894197262935,0.562575902478977,-0.3148734873096303,-0.43842229861417986
-1.5246829204846812,0.590048337687597,-0.37802767440306445,-0.49381713700997326,-0.023755488171071402,-1.86842575225436,0.5653105475373214,-0.6605306743650394,0.816496580927726,-1.4216331605749597,0.37967212888114743,-0.9614863916702531,-0.998992108160748,-1.5679065665042955,-0.1332820844671032,-0.850537444015352,-1.4010671186425414,-0.6780493930322938,-0.6282411217206918,-0.3305890744344259,-0.42623001504290225,1.1914379855160337,0.2419883118585579,-0.8073390444129942,-0.6201892226844659,1.754054456494842,-0.4911735278257753,-0.3393937395081972,-0.67914568407372,-0.5952272282818631,-0.43842229861417986
0.22734670086570485,0.590048337687597,-1.6398907097207698,-2.3891466184842827,-0.7641208792270812,0.08504925188071054,-1.6887758128963017,0.25462492536786163,-1.224744871391589,-1.0771875466753522,1.7855109940078144,-0.05778754527941413,-1.405333668480698,-0.6608531809232983,-0.1332820844671032,-0.024207967424254365,0.6259547948249748,2.5255909693862577,-0.6282411217206918,-0.05726739872092413,-0.42623001504290225,0.26623257679518353,0.2419883118585579,0.09261965637887119,0.15570708143992973,-2.4938204216722384,0.16194730971731802,-0.3393937395081972,0.25214550584080275,0.5261877356070683,-0.43842229861417986
2.08887817355049,0.590048337687597,0.07316893154550595,-0.49381713700997326,-0.023755488171071402,0.08504925188071054,0.5653105475373214,0.25462492536786163,0.816496580927726,0.7434535553654309,0.37967212888114743,1.7496101475022634,-1.8116752288006481,1.153253590238697,-0.1332820844671032,0.9774163968468779,0.8582689612925478,1.7246808787816201,-0.6282411217206918,-1.150554101574931,-0.42623001504290225,0.26623257679518353,-0.9320143892374165,2.406799172700811,-1.3960855268088614,-1.0778621289498782,0.4885077284888646,0.7649976209279952,-0.36871528743554577,-0.8755809692540959,-0.43842229861417986
0.33684855220010396,0.590048337687597,0.0037540690918797517,-0.49381713700997326,-0.8875151110697495,-1.86842575225436,0.5653105475373214,1.1697805251007627,-1.224744871391589,0.9894861367222935,-1.0261667362455194,-0.9614863916702531,0.6263741331190523,1.153253590238697,1.2368204621527703,-0.8841090709892254,1.2108861685926933,-1.0785044383346125,1.5917455343596372,1.3093409798465845,2.3461510562538512,1.1914379855160337,-0.9320143892374165,-0.8073390444129942,-0.6201892226844659,-1.0778621289498782,-0.4911735278257753,-0.6154915796172453,-0.05828489079737142,-0.3148734873096303,-0.43842229861417986
-1.0866755151470848,0.590048337687597,0.42768055050509707,-0.49381713700997326,-0.270543951856408,0.08504925188071054,0.5653105475373214,1.1697805251007627,-1.224744871391589,-0.5359158676902545,-1.0261667362455194,-0.05778754527941413,-1.8116752288006481,-1.5679065665042955,1.2368204621527703,0.06545802360722995,1.2767998673666143,2.125135924083939,-0.6282411217206918,1.0360193041330827,-0.42623001504290225,-1.5841782406465175,-0.9320143892374165,-0.2930769296747854,-0.6201892226844659,-2.4938204216722384,-0.0013328996684552844,0.488899780818947,-0.67914568407372,0.8065414765793012,-0.43842229861417986
-0.8676718124782865,0.590048337687597,0.712777307011062,1.401512344464336,0.0996387436715968,0.08504925188071054,-0.1860515726072197,1.1697805251007627,0.816496580927726,0.8418665879081759,0.37967212888114743,-0.9614863916702531,1.4390572537589523,-0.6608531809232983,-1.5033846310869767,-0.8936706103172273,0.5135220463833182,-0.6780493930322938,-0.6282411217206918,-0.3305890744344259,-0.42623001504290225,1.1914379855160337,1.4159910129545328,-1.193035630466651,-0.6201892226844659,0.33809616377248186,-0.8177339465973219,-0.6154915796172453,-0.05828489079737142,-0.5952272282818631,-0.43842229861417986
1.7603726195472926,0.590048337687597,-1.1316747524710062,-0.49381713700997326,-0.3939381836990763,0.08504925188071054,-0.9374136927517607,1.1697805251007627,0.816496580927726,0.9894861367222935,0.37967212888114743,-0.05778754527941413,-0.998992108160748,1.153253590238697,1.2368204621527703,-0.8611613766020209,-0.47701046738767633,-0.2775943477299748,-0.6282411217206918,0.48937595270607925,-0.42623001504290225,1.1914379855160337,-0.9320143892374165,0.9925783571707368,0.9316033855643253,0.33809616377248186,-0.8177339465973219,-0.6154915796172453,-0.05828489079737142,-0.5952272282818631,-0.43842229861417986
-0.21066070447189164,-2.416437126439847,1.04745610812676,-0.49381713700997326,-0.8875151110697495,1.0617867539482455,-0.9374136927517607,1.1697805251007627,-1.224744871391589,-0.2406767700620193,0.37967212888114743,-0.05778754527941413,-1.8116752288006481,-1.5679065665042955,-1.5033846310869767,-0.2995803000707091,-1.342461548517328,-0.2775943477299748,-0.6282411217206918,-1.150554101574931,-0.42623001504290225,-1.5841782406465175,0.2419883118585579,0.6068817711170802,-0.6201892226844659,1.754054456494842,-0.9810141559830952,-1.1676872598353416,-0.67914568407372,-1.1559347102263289,-0.43842229861417986
-0.5391662584750891,-0.9131943943761252,-0.9234301651101277,-0.49381713700997326,1.827157989468953,1.0617867539482455,-0.9374136927517607,-1.5756862740979405,0.816496580927726,0.6942470390940584,0.37967212888114743,-0.05778754527941413,-0.998992108160748,1.153253590238697,-0.1332820844671032,-0.2536849112963,0.9603016805033512,-0.6780493930322938,-0.6282411217206918,-0.05726739872092413,-0.42623001504290225,1.1914379855160337,1.4159910129545328,-0.1645114009902331,-0.6201892226844659,0.33809616377248186,0.4885077284888646,1.0410954610370433,0.562575902478977,0.8065414765793012,-0.43842229861417986
0.11784484953130574,0.590048337687597,-1.325044726448965,-0.49381713700997326,-0.8875151110697495,2.038524256015781,0.5653105475373214,1.1697805251007627,0.816496580927726,1.2847252343505289,0.37967212888114743,-0.9614863916702531,0.6263741331190523,0.2462002046576992,-0.1332820844671032,-0.7321868349998618,0.8654365490057034,1.3242258334793011,1.5917455343596372,-0.6039107501479276,-0.42623001504290225,-0.6589728319256668,0.2419883118585579,-0.678773515728442,-2.171981830933257,-2.4938204216722384,-0.9810141559830952,-1.1676872598353416,-0.67914568407372,-0.8755809692540959,-0.43842229861417986
-0.32016255580629077,0.590048337687597,-1.575434051728117,-0.49381713700997326,-0.1471497200137397,2.038524256015781,-0.9374136927517607,-0.6605306743650394,-1.224744871391589,-1.6676657419318222,0.37967212888114743,-0.05778754527941413,-0.18630898752084787,-1.5679065665042955,-1.5033846310869767,-0.2936308978221746,-1.4231320455242165,0.12286069757234404,-0.6282411217206918,-0.3305890744344259,-0.42623001504290225,0.26623257679518353,0.2419883118585579,-0.5502079870438897,0.15570708143992973,0.33809616377248186,-1.1442943653688686,-1.1676872598353416,-0.67914568407372,-1.1559347102263289,-0.43842229861417986
1.6508707682128936,0.590048337687597,-0.44992163908717725,1.401512344464336,-0.7641208792270812,1.0617867539482455,-0.1860515726072197,0.25462492536786163,0.816496580927726,-1.7168722582031948,-1.0261667362455194,1.7496101475022634,-0.592650547840798,-1.5679065665042955,-0.1332820844671032,2.1998060802689876,-0.5943621485736553,-0.6780493930322938,-0.6282411217206918,-1.150554101574931,-0.42623001504290225,-1.5841782406465175,-0.9320143892374165,2.92106128743902,0.15570708143992973,1.754054456494842,4.407232753747424,0.488899780818947,-0.36871528743554577,3.329725145329397,-0.43842229861417986
-0.42966440714068993,0.590048337687597,-0.6829572487529224,-0.49381713700997326,-1.010909342912418,1.0617867539482455,1.3166726676818623,1.1697805251007627,0.816496580927726,-0.14226373751927418,0.37967212888114743,-0.9614863916702531,0.6263741331190523,1.153253590238697,1.2368204621527703,-0.8110164147929442,-1.2797802912611045,-0.6780493930322938,1.5917455343596372,-0.6039107501479276,-0.42623001504290225,0.26623257679518353,-0.9320143892374165,-0.1645114009902331,-0.6201892226844659,-1.0778621289498782,0.4885077284888646,1.317193301146092,1.4938670923934998,1.086895217551534,2.280905882663645
-1.3056792178158831,0.590048337687597,0.19960314530032514,1.401512344464336,2.073946453154289,-1.86842575225436,0.5653105475373214,0.25462492536786163,-1.224744871391589,-1.6676657419318222,0.37967212888114743,-0.05778754527941413,1.0327156934390023,1.153253590238697,1.2368204621527703,-0.06861600563652988,1.1937401744553406,-0.6780493930322938,-0.6282411217206918,2.1293060069870893,2.3461510562538512,-0.6589728319256668,-0.9320143892374165,-0.678773515728442,1.707499689688721,-1.0778621289498782,-0.16461310905422857,0.2128019407098989,-0.36871528743554577,-0.03451974633739738,-0.43842229861417986
0.8843578088720997,0.590048337687597,0.37561940366487734,1.401512344464336,-0.8875151110697495,-0.8916882501868245,2.0680347878264036,-0.6605306743650394,0.816496580927726,-0.978774514132607,-2.432005601372186,-0.05778754527941413,1.4390572537589523,0.2462002046576992,1.2368204621527703,0.02742434494695575,-0.27055583306168446,-1.0785044383346125,-0.6282411217206918,-0.6039107501479276,-0.42623001504290225,-1.5841782406465175,-0.9320143892374165,-0.2930769296747854,0.15570708143992973,0.33809616377248186,0.16194730971731802,0.7649976209279952,0.25214550584080275,-0.8755809692540959,-0.43842229861417986
-1.5246829204846812,0.590048337687597,-1.2209224327685255,-0.49381713700997326,0.0996387436715968,-1.86842575225436,0.5653105475373214,-1.5756862740979405,0.816496580927726,0.6450405228226859,1.7855109940078144,-0.9614863916702531,0.6263741331190523,0.2462002046576992,1.2368204621527703,-0.6369963990233095,0.7472416222064119,-0.6780493930322938,-0.6282411217206918,0.762697628419581,-0.42623001504290225,1.1914379855160337,-0.9320143892374165,-1.193035630466651,0.15570708143992973,0.33809616377248186,-0.8177339465973219,-0.6154915796172453,-0.67914568407372,-0.5952272282818631,-0.43842229861417986
1.103361511540898,-0.9131943943761252,-0.20696962049948556,1.401512344464336,2.197340684996958,-0.8916882501868245,-0.9374136927517607,-0.6605306743650394,-1.224744871391589,0.546627490279941,1.7855109940078144,-0.05778754527941413,1.0327156934390023,0.2462002046576992,1.2368204621527703,-0.02250813821038736,-0.5585242100078773,0.523315742874663,1.5917455343596372,-0.8772324258614294,-0.42623001504290225,1.1914379855160337,-0.9320143892374165,-0.4216424583593375,-0.6201892226844659,0.33809616377248186,-0.3278933184400019,-0.0632958993991491,-0.36871528743554577,-0.3148734873096303,2.280905882663645
-0.32016255580629077,0.590048337687597,-1.2357970461514456,1.401512344464336,-0.8875151110697495,0.08504925188071054,1.3166726676818623,1.1697805251007627,0.816496580927726,-0.28988328633339183,0.37967212888114743,-0.05778754527941413,1.0327156934390023,1.153253590238697,1.2368204621527703,-0.04864301237359257,0.6145709790452571,-0.6780493930322938,-0.6282411217206918,1.8559843312735878,2.3461510562538512,0.26623257679518353,-0.9320143892374165,-0.678773515728442,1.707499689688721,0.33809616377248186,-0.16461310905422857,0.2128019407098989,-0.36871528743554577,-0.03451974633739738,-0.43842229861417986
1.979376322216091,0.590048337687597,-0.19209500711656555,-0.49381713700997326,-0.8875151110697495,0.08504925188071054,0.5653105475373214,1.1697805251007627,0.816496580927726,0.5958340065513134,0.37967212888114743,2.6533089938931025,-0.592650547840798,-1.5679065665042955,-0.1332820844671032,2.8378794714243143,0.9677503500876108,0.9237707881769819,1.5917455343596372,-0.6039107501479276,-0.42623001504290225,1.1914379855160337,0.2419883118585579,1.6354060005934978,-0.6201892226844659,0.33809616377248186,-0.3278933184400019,-0.6154915796172453,-0.36871528743554577,-0.03451974633739738,2.280905882663645
-0.10115885313749245,-2.416437126439847,1.5655884742984698,1.401512344464336,-0.1471497200137397,1.0617867539482455,-0.9374136927517607,-1.5756862740979405,0.816496580927726,0.4974209740085684,-1.0261667362455194,0.8459113011114248,1.0327156934390023,-1.5679065665042955,1.2368204621527703,0.23034145735232947,-0.011819970710322135,-0.6780493930322938,-0.6282411217206918,-0.05726739872092413,-0.42623001504290225,-0.6589728319256668,-0.9320143892374165,-0.1645114009902331,-1.3960855268088614,0.33809616377248186,0.4885077284888646,0.7649976209279952,-0.67914568407372,1.3672489585237668,-0.43842229861417986
1.6508707682128936,-2.416437126439847,-0.21688602942143215,-0.49381713700997326,1.2101868302556114,1.0617867539482455,0.5653105475373214,1.1697805251007627,0.816496580927726,-1.2248070954894696,0.37967212888114743,-0.9614863916702531,0.6263741331190523,1.153253590238697,-0.1332820844671032,-0.47699997426807766,1.725265992713272,-1.0785044383346125,-0.6282411217206918,0.762697628419581,-0.42623001504290225,-1.5841782406465175,0.2419883118585579,-0.8073390444129942,0.15570708143992973,0.33809616377248186,-0.4911735278257753,-0.3393937395081972,-0.36871528743554577,-0.5952272282818631,-0.43842229861417986
-1.196177366481484,-0.9131943943761252,-0.5639603416895632,-0.49381713700997326,-1.010909342912418,-0.8916882501868245,-0.9374136927517607,-1.5756862740979405,-1.224744871391589,0.25138839265170587,-2.432005601372186,-0.9614863916702531,-0.998992108160748,1.153253590238697,-1.5033846310869767,-0.45447723718433986,-1.2683964754813866,0.12286069757234404,-0.6282411217206918,-0.3305890744344259,-0.42623001504290225,-1.5841782406465175,0.2419883118585579,-0.8073390444129942,-0.6201892226844659,0.33809616377248186,-0.8177339465973219,-0.6154915796172453,-0.05828489079737142,-1.1559347102263289,-0.43842229861417986
-0.8676718124782865,0.590048337687597,-0.36067395878965786,-0.49381713700997326,2.197340684996958,0.08504925188071054,0.5653105475373214,-0.6605306743650394,-1.224744871391589,0.005355811294843232,0.37967212888114743,-0.05778754527941413,-1.8116752288006481,0.2462002046576992,-0.1332820844671032,-0.46063911808460783,1.5791034197391185,0.523315742874663,-0.6282411217206918,-0.8772324258614294,-0.42623001504290225,-1.5841782406465175,0.2419883118585579,-0.035945872305680915,0.15570708143992973,-1.0778621289498782,0.16194730971731802,0.7649976209279952,-0.36871528743554577,-0.8755809692540959,-0.43842229861417986
-1.196177366481484,0.590048337687597,0.8516070319183144,1.401512344464336,-0.1471497200137397,0.08504925188071054,2.0680347878264036,1.1697805251007627,0.816496580927726,-1.372426644303587,-1.0261667362455194,-0.05778754527941413,1.0327156934390023,-1.5679065665042955,1.2368204621527703,-0.2500727742168326,-1.580959516149192,1.3242258334793011,-0.6282411217206918,0.48937595270607925,-0.42623001504290225,0.26623257679518353,-0.9320143892374165,-0.678773515728442,-0.6201892226844659,-1.0778621289498782,-0.4911735278257753,-0.3393937395081972,-0.36871528743554577,-0.5952272282818631,2.280905882663645
-0.32016255580629077,0.590048337687597,-1.538247518270817,-0.49381713700997326,-1.010909342912418,1.0617867539482455,-0.9374136927517607,-0.6605306743650394,-1.224744871391589,0.3005949089230784,1.7855109940078144,-0.9614863916702531,0.6263741331190523,1.153253590238697,1.2368204621527703,-0.684804095663319,-0.10710672501462615,-0.2775943477299748,-0.6282411217206918,0.21605427699257748,-0.42623001504290225,0.26623257679518353,-0.9320143892374165,-0.1645114009902331,-0.6201892226844659,0.33809616377248186,-0.4911735278257753,-0.6154915796172453,-0.36871528743554577,-0.3148734873096303,-0.43842229861417986
1.869874470881692,0.590048337687597,-1.0573016855564068,-0.49381713700997326,1.2101868302556114,1.0617867539482455,0.5653105475373214,1.1697805251007627,-1.224744871391589,1.432344783164646,0.37967212888114743,-0.05778754527941413,-0.18630898752084787,-1.5679065665042955,-1.5033846310869767,-0.21628866859122592,1.174486066284707,2.5255909693862577,1.5917455343596372,-1.150554101574931,-0.42623001504290225,-0.6589728319256668,1.4159910129545328,-0.2930769296747854,0.9316033855643253,0.33809616377248186,-0.3278933184400019,-0.3393937395081972,-0.36871528743554577,-0.03451974633739738,-0.43842229861417986
-1.0866755151470848,-0.9131943943761252,0.06573162485404606,1.401512344464336,-0.1471497200137397,-1.86842575225436,-0.1860515726072197,0.25462492536786163,0.816496580927726,0.8910731041795484,0.37967212888114743,-0.05778754527941413,1.0327156934390023,1.153253590238697,-0.1332820844671032,-0.45915176752247416,1.3625298380533777,-1.0785044383346125,-0.6282411217206918,1.0360193041330827,-0.42623001504290225,-0.6589728319256668,0.2419883118585579,-0.8073390444129942,0.15570708143992973,0.33809616377248186,-0.4911735278257753,-0.6154915796172453,-0.36871528743554577,-0.8755809692540959,-0.43842229861417986
0.008342998196906542,0.590048337687597,-0.5738767506115098,-0.49381713700997326,0.0996387436715968,-1.86842575225436,-0.9374136927517607,1.1697805251007627,-1.224744871391589,0.7926600716368034,0.37967212888114743,-0.9614863916702531,0.6263741331190523,-1.5679065665042955,-1.5033846310869767,-0.7906184642265401,0.7858903794832314,-1.0785044383346125,1.5917455343596372,-0.6039107501479276,-0.42623001504290225,-0.6589728319256668,1.4159910129545328,-0.678773515728442,0.15570708143992973,-1.0778621289498782,-0.3278933184400019,-0.3393937395081972,0.562575902478977,-0.3148734873096303,-0.43842229861417986
0.11784484953130574,-0.9131943943761252,-1.3944595889025913,-0.49381713700997326,-0.8875151110697495,1.0617867539482455,-0.9374136927517607,-1.5756862740979405,-1.224744871391589,0.44821445773719587,1.7855109940078144,-0.05778754527941413,-0.18630898752084787,-1.5679065665042955,1.2368204621527703,-0.11111173598320499,1.6544333611950286,1.3242258334793011,1.5917455343596372,-0.8772324258614294,-0.42623001504290225,1.1914379855160337,-0.9320143892374165,0.7354472998016324,-0.6201892226844659,0.33809616377248186,1.304908775417731,0.7649976209279952,0.562575902478977,2.2083101814404653,-0.43842229861417986
-0.32016255580629077,0.590048337687597,-1.6894727543305028,-0.49381713700997326,-0.8875151110697495,1.0617867539482455,0.5653105475373214,0.25462492536786163,-1.224744871391589,0.9894861367222935,-1.0261667362455194,-0.9614863916702531,0.6263741331190523,-1.5679065665042955,1.2368204621527703,-0.4508651001048726,-0.953303697973644,-0.6780493930322938,-0.6282411217206918,-1.150554101574931,-0.42623001504290225,0.26623257679518353,-0.9320143892374165,-0.678773515728442,0.15570708143992973,0.33809616377248186,-0.16461310905422857,0.2128019407098989,-0.36871528743554577,-0.3148734873096303,-0.43842229861417986
-0.21066070447189164,0.590048337687597,-1.0374688677125137,1.401512344464336,-0.1471497200137397,1.0617867539482455,-0.9374136927517607,-1.5756862740979405,-1.224744871391589,0.3005949089230784,0.37967212888114743,-0.9614863916702531,1.4390572537589523,1.153253590238697,-0.1332820844671032,-0.8352389810905491,0.8437932449306845,-0.6780493930322938,-0.6282411217206918,0.21605427699257748,-0.42623001504290225,-0.6589728319256668,0.2419883118585579,-1.0644701017820986,-1.3960855268088614,-1.0778621289498782,-0.6544537372115486,-0.6154915796172453,-0.67914568407372,-0.5952272282818631,-0.43842229861417986
-0.7581699611438873,0.590048337687597,0.2938090300588179,-0.49381713700997326,-1.010909342912418,0.08504925188071054,-0.9374136927517607,1.1697805251007627,0.816496580927726,-1.372426644303587,-2.432005601372186,-0.9614863916702531,-0.998992108160748,0.2462002046576992,-0.1332820844671032,-0.5673034012547624,1.4141083614009875,0.12286069757234404,-0.6282411217206918,1.5826626555600862,2.3461510562538512,0.26623257679518353,1.4159910129545328,-0.5502079870438897,-0.6201892226844659,0.33809616377248186,-0.8177339465973219,-0.6154915796172453,-0.67914568407372,-0.5952272282818631,-0.43842229861417986
0.33684855220010396,-0.9131943943761252,-0.028474259904446648,-0.49381713700997326,-0.8875151110697495,-0.8916882501868245,0.5653105475373214,0.25462492536786163,-1.224744871391589,-1.372426644303587,1.7855109940078144,-0.05778754527941413,-1.8116752288006481,-0.6608531809232983,-0.1332820844671032,-0.47997467539234495,-0.6158649117131222,-0.6780493930322938,-0.6282411217206918,2.402627682700591,2.3461510562538512,1.1914379855160337,0.2419883118585579,-0.4216424583593375,-0.6201892226844659,0.33809616377248186,0.16194730971731802,0.7649976209279952,0.25214550584080275,0.8065414765793012,-0.43842229861417986
-0.32016255580629077,0.590048337687597,0.7648384538512817,1.401512344464336,-0.1471497200137397,-0.8916882501868245,-0.9374136927517607,0.25462492536786163,-1.224744871391589,1.333931750621901,0.37967212888114743,-0.05778754527941413,1.0327156934390023,-1.5679065665042955,-0.1332820844671032,-0.000622837081849659,-0.14167979516043552,0.9237707881769819,-0.6282411217206918,0.48937595270607925,-0.42623001504290225,-0.6589728319256668,0.2419883118585579,-0.678773515728442,-1.3960855268088614,0.33809616377248186,-0.6544537372115486,-0.6154915796172453,-0.36871528743554577,-0.5952272282818631,-0.43842229861417986
0.5558522548689022,-0.9131943943761252,-0.5763558528419964,-0.49381713700997326,-0.1471497200137397,0.08504925188071054,-0.9374136927517607,-0.6605306743650394,0.816496580927726,0.005355811294843232,0.37967212888114743,2.6533089938931025,-0.592650547840798,1.153253590238697,-1.5033846310869767,2.5342474780973205,0.26869973665161095,-0.6780493930322938,-0.6282411217206918,-0.6039107501479276,-0.42623001504290225,-0.6589728319256668,0.2419883118585579,1.6354060005934978,0.9316033855643253,-1.0778621289498782,2.774430659889691,0.7649976209279952,3.6668798688607196,1.3672489585237668,-0.43842229861417986
-1.5246829204846812,0.590048337687597,1.0920799482755197,-0.49381713700997326,-0.3939381836990763,0.08504925188071054,-0.9374136927517607,0.25462492536786163,0.816496580927726,-0.14226373751927418,1.7855109940078144,-0.9614863916702531,-0.998992108160748,-1.5679065665042955,-0.1332820844671032,-1.0415557519236567,-1.527413419703853,-0.6780493930322938,1.5917455343596372,1.5826626555600862,2.3461510562538512,0.26623257679518353,1.4159910129545328,-1.3216011591512031,-0.6201892226844659,0.33809616377248186,-1.1442943653688686,-1.1676872598353416,-0.67914568407372,-1.1559347102263289,2.280905882663645
-1.4151810691502822,-2.416437126439847,0.7177355114720353,-0.49381713700997326,-0.023755488171071402,0.08504925188071054,-0.9374136927517607,0.25462492536786163,0.816496580927726,-0.28988328633339183,-1.0261667362455194,-0.9614863916702531,-0.998992108160748,-0.6608531809232983,-1.5033846310869767,-0.8093165855790772,1.7199254371622934,-0.6780493930322938,-0.6282411217206918,-1.150554101574931,-0.42623001504290225,0.26623257679518353,2.5899937140505074,-1.3216011591512031,0.9316033855643253,0.33809616377248186,-0.9810141559830952,-1.1676872598353416,-0.67914568407372,-1.1559347102263289,-0.43842229861417986
1.6508707682128936,0.590048337687597,1.2953663311754249,-0.49381713700997326,0.2230329755142651,1.0617867539482455,-0.9374136927517607,1.1697805251007627,-1.224744871391589,0.7926600716368034,0.37967212888114743,-0.05778754527941413,-0.998992108160748,0.2462002046576992,-0.1332820844671032,-0.7126387990403913,1.055166812000999,2.125135924083939,-0.6282411217206918,1.3093409798465845,2.3461510562538512,-0.6589728319256668,0.2419883118585579,-0.2930769296747854,0.15570708143992973,0.33809616377248186,-0.3278933184400019,-0.6154915796172453,-0.36871528743554577,-0.03451974633739738,-0.43842229861417986
1.4318670655440953,0.590048337687597,-0.27638448295311174,-0.49381713700997326,-0.8875151110697495,0.08504925188071054,0.5653105475373214,0.25462492536786163,0.816496580927726,-0.09305722124790168,0.37967212888114743,1.7496101475022634,0.2200325727991022,0.2462002046576992,-0.1332820844671032,2.3661768645762202,-1.044514765146938,0.9237707881769819,-0.6282411217206918,0.21605427699257748,-0.42623001504290225,1.1914379855160337,-0.9320143892374165,2.406799172700811,0.15570708143992973,0.33809616377248186,-0.4911735278257753,-0.3393937395081972,-0.67914568407372,-0.3148734873096303,-0.43842229861417986
-0.8676718124782865,0.590048337687597,0.0062331713223663515,-0.49381713700997326,-1.010909342912418,-0.8916882501868245,-0.9374136927517607,-0.6605306743650394,-1.224744871391589,-1.470839676846332,-1.0261667362455194,-0.9614863916702531,-0.998992108160748,-1.5679065665042955,-0.1332820844671032,-0.888996079979093,-1.0714986247729354,-0.6780493930322938,1.5917455343596372,-1.150554101574931,-0.42623001504290225,1.1914379855160337,0.2419883118585579,-1.3216011591512031,-1.3960855268088614,0.33809616377248186,-0.9810141559830952,-1.1676872598353416,-0.67914568407372,-1.1559347102263289,2.280905882663645
-0.42966440714068993,0.590048337687597,-1.4613953491257308,-0.49381713700997326,-0.270543951856408,0.08504925188071054,0.5653105475373214,0.25462492536786163,0.816496580927726,-0.8311549653184895,0.37967212888114743,0.8459113011114248,0.2200325727991022,0.2462002046576992,-0.1332820844671032,1.1023538440661027,1.641784676995342,-1.0785044383346125,-0.6282411217206918,-1.150554101574931,-0.42623001504290225,1.1914379855160337,-0.9320143892374165,0.3497507137479757,0.15570708143992973,1.754054456494842,0.9783483566461848,1.317193301146092,0.25214550584080275,0.8065414765793012,-0.43842229861417986
-0.42966440714068993,0.590048337687597,-1.6969100610219627,1.401512344464336,0.8400041347276065,0.08504925188071054,-0.1860515726072197,-1.5756862740979405,-1.224744871391589,0.15297536010896076,0.37967212888114743,-0.05778754527941413,1.0327156934390023,-1.5679065665042955,1.2368204621527703,-0.2504977315202993,1.7137416359980024,0.9237707881769819,-0.6282411217206918,-0.05726739872092413,-0.42623001504290225,0.26623257679518353,-0.9320143892374165,-0.678773515728442,0.15570708143992973,0.33809616377248186,-0.6544537372115486,-0.6154915796172453,-0.67914568407372,-0.5952272282818631,2.280905882663645
1.103361511540898,0.590048337687597,-1.488665473661084,-0.49381713700997326,-0.8875151110697495,-0.8916882501868245,1.3166726676818623,0.25462492536786163,-1.224744871391589,-1.6184592256604498,0.37967212888114743,1.7496101475022634,-0.592650547840798,1.153253590238697,-0.1332820844671032,2.1777083004887166,-0.18707451734375433,-0.6780493930322938,1.5917455343596372,-1.150554101574931,-0.42623001504290225,0.26623257679518353,0.2419883118585579,1.8925370579626024,0.15570708143992973,-1.0778621289498782,3.1009910786612376,2.697682501691332,0.25214550584080275,-1.1559347102263289,-0.43842229861417986
-0.10115885313749245,0.590048337687597,-0.31357101641041146,-0.49381713700997326,-1.010909342912418,0.08504925188071054,1.3166726676818623,0.25462492536786163,-1.224744871391589,-1.520046193117705,0.37967212888114743,-0.05778754527941413,-0.18630898752084787,-0.6608531809232983,-0.1332820844671032,-0.2708956820867034,1.2715998527511878,-1.0785044383346125,-0.6282411217206918,-0.05726739872092413,-0.42623001504290225,-1.5841782406465175,0.2419883118585579,-0.1645114009902331,-0.6201892226844659,0.33809616377248186,0.3252275191030913,0.7649976209279952,-0.67914568407372,0.24583399463483543,-0.43842229861417986
-0.8676718124782865,0.590048337687597,1.1143918683498997,-0.49381713700997326,1.7037637576262843,-0.8916882501868245,-0.9374136927517607,0.25462492536786163,0.816496580927726,0.7434535553654309,1.7855109940078144,-0.9614863916702531,0.6263741331190523,0.2462002046576992,-0.1332820844671032,-0.8080417136686769,1.3303459638119537,-0.6780493930322938,-0.6282411217206918,2.402627682700591,2.3461510562538512,0.26623257679518353,0.2419883118585579,-0.1645114009902331,0.15570708143992973,0.33809616377248186,0.4885077284888646,0.7649976209279952,-0.67914568407372,0.8065414765793012,-0.43842229861417986
2.3078818762192883,0.590048337687597,-1.2804208863002051,-0.49381713700997326,-0.8875151110697495,1.0617867539482455,-0.9374136927517607,1.1697805251007627,0.816496580927726,-1.7168722582031948,0.37967212888114743,2.6533089938931025,0.2200325727991022,-0.6608531809232983,1.2368204621527703,2.707630057911755,1.6088980980761576,1.7246808787816201,1.5917455343596372,-0.8772324258614294,-0.42623001504290225,1.1914379855160337,-0.9320143892374165,3.692454459546333,-0.6201892226844659,0.33809616377248186,3.917392125590105,2.9737803418003805,3.356449472222545,1.086895217551534,2.280905882663645
-0.21066070447189164,0.590048337687597,1.1292664817328193,-0.49381713700997326,-1.010909342912418,1.0617867539482455,-0.9374136927517607,1.1697805251007627,-1.224744871391589,-1.2740136117608423,1.7855109940078144,-0.9614863916702531,0.6263741331190523,0.2462002046576992,1.2368204621527703,-0.8492625721049518,-0.14224195890264382,0.12286069757234404,-0.6282411217206918,-0.6039107501479276,-0.42623001504290225,0.26623257679518353,-0.9320143892374165,-0.5502079870438897,-2.171981830933257,0.33809616377248186,-0.8177339465973219,-0.6154915796172453,-0.05828489079737142,-0.5952272282818631,-0.43842229861417986
0.5558522548689022,0.590048337687597,0.321079154594171,-0.49381713700997326,-1.010909342912418,-0.8916882501868245,-0.9374136927517607,1.1697805251007627,-1.224744871391589,-1.1263940629467246,-1.0261667362455194,-0.05778754527941413,-0.18630898752084787,1.153253590238697,-0.1332820844671032,-0.09368848654106818,-1.4422456127592982,2.5255909693862577,1.5917455343596372,-0.6039107501479276,-0.42623001504290225,1.1914379855160337,0.2419883118585579,-0.4216424583593375,0.9316033855643253,0.33809616377248186,-0.4911735278257753,-0.3393937395081972,-0.67914568407372,-0.5952272282818631,-0.43842229861417986
-0.9771736638126856,0.590048337687597,0.21695686091373176,-0.49381713700997326,-0.8875151110697495,1.0617867539482455,0.5653105475373214,0.25462492536786163,0.816496580927726,-0.978774514132607,0.37967212888114743,-0.9614863916702531,0.6263741331190523,0.2462002046576992,1.2368204621527703,-0.45065262145313917,0.2896403360488695,1.3242258334793011,-0.6282411217206918,0.48937595270607925,-0.42623001504290225,1.1914379855160337,-0.9320143892374165,-0.8073390444129942,0.15570708143992973,-1.0778621289498782,-0.8177339465973219,-0.6154915796172453,-0.05828489079737142,-0.8755809692540959,2.280905882663645
-0.10115885313749245,0.590048337687597,0.5913012977172161,-2.3891466184842827,0.4698214391996017,0.08504925188071054,-1.6887758128963017,0.25462492536786163,0.816496580927726,-1.470839676846332,0.37967212888114743,-0.9614863916702531,-1.405333668480698,-0.6608531809232983,-0.1332820844671032,-0.926392322684167,1.576011519156973,0.523315742874663,-0.6282411217206918,-0.6039107501479276,-0.42623001504290225,-0.6589728319256668,0.2419883118585579,-0.4216424583593375,-0.6201892226844659,0.33809616377248186,-0.3278933184400019,-0.6154915796172453,-0.67914568407372,-0.03451974633739738,-0.43842229861417986
-0.5391662584750891,0.590048337687597,0.14010469176864554,-0.49381713700997326,-0.6407266473844129,0.08504925188071054,-0.9374136927517607,0.25462492536786163,-1.224744871391589,1.5799643319787635,-1.0261667362455194,-0.05778754527941413,-0.18630898752084787,0.2462002046576992,-0.1332820844671032,-0.07244062136773068,0.6761279088170641,-0.6780493930322938,-0.6282411217206918,-0.8772324258614294,-0.42623001504290225,0.26623257679518353,0.2419883118585579,0.3497507137479757,0.15570708143992973,0.33809616377248186,1.141628566031958,2.4215846615822842,1.1834366957553255,1.086895217551534,-0.43842229861417986
0.33684855220010396,-0.9131943943761252,-0.20449051826899886,-0.49381713700997326,0.8400041347276065,1.0617867539482455,0.5653105475373214,-1.5756862740979405,0.816496580927726,-0.7327419327757445,-1.0261667362455194,-0.05778754527941413,-0.998992108160748,0.2462002046576992,1.2368204621527703,-0.2993678214189758,-0.32747491196027306,1.3242258334793011,-0.6282411217206918,-0.3305890744344259,-0.42623001504290225,1.1914379855160337,-0.9320143892374165,-0.1645114009902331,2.4833959938131165,0.33809616377248186,-0.9810141559830952,-1.1676872598353416,-0.67914568407372,-1.1559347102263289,-0.43842229861417986
-0.7581699611438873,0.590048337687597,0.35578658582098416,-0.49381713700997326,-0.8875151110697495,0.08504925188071054,0.5653105475373214,0.25462492536786163,-1.224744871391589,-0.683535416504372,-1.0261667362455194,-0.05778754527941413,-0.18630898752084787,1.153253590238697,1.2368204621527703,0.07948161462163275,0.8321283472798626,0.9237707881769819,1.5917455343596372,2.402627682700591,2.3461510562538512,-0.6589728319256668,-0.9320143892374165,0.09261965637887119,0.9316033855643253,-1.0778621289498782,-1.1442943653688686,-1.1676872598353416,-0.67914568407372,-1.1559347102263289,-0.43842229861417986
0.8843578088720997,0.590048337687597,-1.3647103621367511,-0.49381713700997326,-0.8875151110697495,0.08504925188071054,-0.9374136927517607,-0.6605306743650394,-1.224744871391589,1.432344783164646,-1.0261667362455194,-0.9614863916702531,0.6263741331190523,0.2462002046576992,1.2368204621527703,-0.8985576193070949,-1.1468285662288455,-0.6780493930322938,-0.6282411217206918,-0.3305890744344259,-0.42623001504290225,1.1914379855160337,-0.9320143892374165,-1.3216011591512031,0.15570708143992973,0.33809616377248186,-0.9810141559830952,-1.1676872598353416,-0.67914568407372,-1.1559347102263289,-0.43842229861417986
0.5558522548689022,0.590048337687597,0.3235582568246577,-0.49381713700997326,2.4441291486822943,0.08504925188071054,-0.9374136927517607,-0.6605306743650394,0.816496580927726,1.5799643319787635,0.37967212888114743,-0.05778754527941413,-0.18630898752084787,-0.6608531809232983,-0.1332820844671032,-0.43960373156300364,-0.35235065755298955,-0.6780493930322938,-0.6282411217206918,-0.6039107501479276,-0.42623001504290225,1.1914379855160337,0.2419883118585579,-0.1645114009902331,0.15570708143992973,-1.0778621289498782,0.3252275191030913,1.0410954610370433,1.4938670923934998,1.086895217551534,-0.43842229861417986
0.11784484953130574,-0.9131943943761252,-0.821786973660175,-0.49381713700997326,0.3464272073569334,0.08504925188071054,-0.9374136927517607,-1.5756862740979405,0.816496580927726,-1.0279810304039796,-1.0261667362455194,-0.05778754527941413,-1.8116752288006481,-1.5679065665042955,-1.5033846310869767,-0.04566831124932536,-1.4094995747756656,-0.2775943477299748,-0.6282411217206918,-0.05726739872092413,-0.42623001504290225,0.26623257679518353,0.2419883118585579,0.2211851850634235,0.15570708143992973,-1.0778621289498782,-0.4911735278257753,-0.3393937395081972,-0.36871528743554577,-0.5952272282818631,-0.43842229861417986
-0.32016255580629077,-0.9131943943761252,-0.24911435841775856,-0.49381713700997326,0.8400041347276065,1.0617867539482455,-0.9374136927517607,0.25462492536786163,-1.224744871391589,1.6783773645215088,-1.0261667362455194,-0.9614863916702531,0.6263741331190523,1.153253590238697,1.2368204621527703,-0.8392760754734832,-0.8442439319852372,-0.6780493930322938,-0.6282411217206918,0.21605427699257748,-0.42623001504290225,0.26623257679518353,-0.9320143892374165,-0.678773515728442,0.15570708143992973,0.33809616377248186,-0.3278933184400019,-0.6154915796172453,-0.36871528743554577,-0.3148734873096303,-0.43842229861417986
1.3223652142096962,0.590048337687597,0.9458129166768072,1.401512344464336,0.2230329755142651,0.08504925188071054,-0.1860515726072197,0.25462492536786163,-1.224744871391589,-1.1263940629467246,0.37967212888114743,0.8459113011114248,1.0327156934390023,1.153253590238697,-0.1332820844671032,0.24457752701846558,-1.188007060345602,-0.6780493930322938,-0.6282411217206918,0.762697628419581,-0.42623001504290225,-1.5841782406465175,1.4159910129545328,-0.2930769296747854,0.15570708143992973,1.754054456494842,0.3252275191030913,1.0410954610370433,1.4938670923934998,0.8065414765793012,2.280905882663645
1.979376322216091,0.590048337687597,-0.9085555517272076,1.401512344464336,-0.8875151110697495,-1.86842575225436,0.5653105475373214,0.25462492536786163,0.816496580927726,-1.4216331605749597,0.37967212888114743,-0.05778754527941413,1.0327156934390023,1.153253590238697,1.2368204621527703,-0.2853442304045729,1.0127234494642736,0.523315742874663,-0.6282411217206918,0.21605427699257748,-0.42623001504290225,0.26623257679518353,-0.9320143892374165,0.09261965637887119,0.15570708143992973,-1.0778621289498782,0.3252275191030913,0.7649976209279952,1.4938670923934998,-0.3148734873096303,2.280905882663645
0.6653541062033014,0.590048337687597,-0.5292529104627501,-0.49381713700997326,0.59321567104227,-0.8916882501868245,-0.9374136927517607,-0.6605306743650394,0.816496580927726,1.3831382668932737,0.37967212888114743,1.7496101475022634,0.2200325727991022,-1.5679065665042955,-0.1332820844671032,2.2641871117442003,-1.280764077809969,1.3242258334793011,-0.6282411217206918,2.402627682700591,2.3461510562538512,0.26623257679518353,0.2419883118585579,1.3782749432243937,0.15570708143992973,0.33809616377248186,-0.4911735278257753,-0.8915894197262935,-0.36871528743554577,-1.1559347102263289,-0.43842229861417986
-1.0866755151470848,0.590048337687597,-1.3225656242184785,-0.49381713700997326,-0.5173324155417446,-1.86842575225436,2.0680347878264036,0.25462492536786163,0.816496580927726,-1.1756005792180972,-1.0261667362455194,0.8459113011114248,0.2200325727991022,1.153253590238697,-1.5033846310869767,1.339692498052283,-0.7689139905293272,-0.6780493930322938,1.5917455343596372,0.21605427699257748,-0.42623001504290225,-0.6589728319256668,0.2419883118585579,-0.2930769296747854,0.15570708143992973,0.33809616377248186,0.3252275191030913,1.0410954610370433,-0.67914568407372,1.086895217551534,-0.43842229861417986
-0.21066070447189164,0.590048337687597,0.36570299474293083,-0.49381713700997326,-0.270543951856408,0.08504925188071054,1.3166726676818623,0.25462492536786163,0.816496580927726,-0.33908980260476435,0.37967212888114743,0.8459113011114248,-0.18630898752084787,0.2462002046576992,1.2368204621527703,0.7900102260180407,0.6402899702512861,0.12286069757234404,-0.6282411217206918,1.5826626555600862,2.3461510562538512,-0.6589728319256668,-0.9320143892374165,0.7354472998016324,0.15570708143992973,1.754054456494842,0.16194730971731802,0.2128019407098989,-0.36871528743554577,0.5261877356070683,-0.43842229861417986
-0.9771736638126856,0.590048337687597,-0.10532642904953284,1.401512344464336,-0.8875151110697495,1.0617867539482455,-0.1860515726072197,-0.6605306743650394,-1.224744871391589,0.7434535553654309,0.37967212888114743,-0.05778754527941413,1.0327156934390023,-0.6608531809232983,-0.1332820844671032,-0.366298596714989,-1.4918565630091791,-0.6780493930322938,1.5917455343596372,1.3093409798465845,2.3461510562538512,-1.5841782406465175,-0.9320143892374165,-0.4216424583593375,-0.6201892226844659,0.33809616377248186,0.16194730971731802,0.7649976209279952,1.4938670923934998,0.24583399463483543,-0.43842229861417986
-0.32016255580629077,0.590048337687597,0.06573162485404606,-2.3891466184842827,-0.7641208792270812,-0.8916882501868245,-1.6887758128963017,0.25462492536786163,0.816496580927726,1.0878991692650386,0.37967212888114743,-0.9614863916702531,-1.405333668480698,1.153253590238697,-0.1332820844671032,-0.5877013518211665,-1.696343624237442,-1.0785044383346125,-0.6282411217206918,1.0360193041330827,-0.42623001504290225,0.26623257679518353,0.2419883118585579,-0.9359045730975464,-1.3960855268088614,-2.4938204216722384,-0.6544537372115486,-0.6154915796172453,-0.67914568407372,-0.5952272282818631,-0.43842229861417986
-1.196177366481484,-0.9131943943761252,0.20951955422227175,-0.49381713700997326,-0.5173324155417446,-0.8916882501868245,0.5653105475373214,0.25462492536786163,-1.224744871391589,1.0878991692650386,-1.0261667362455194,-0.9614863916702531,0.6263741331190523,0.2462002046576992,-0.1332820844671032,-0.8790095833476244,0.9254475284864376,-0.6780493930322938,1.5917455343596372,-0.3305890744344259,-0.42623001504290225,-1.5841782406465175,0.2419883118585579,-0.4216424583593375,-0.6201892226844659,0.33809616377248186,0.16194730971731802,0.7649976209279952,-0.36871528743554577,0.8065414765793012,2.280905882663645
-1.0866755151470848,-2.416437126439847,-0.8912018361138011,-0.49381713700997326,-0.7641208792270812,0.08504925188071054,0.5653105475373214,1.1697805251007627,0.816496580927726,-0.781948449047117,0.37967212888114743,-0.9614863916702531,0.6263741331190523,1.153253590238697,-0.1332820844671032,-1.0192454934916522,0.31732690035262745,-0.6780493930322938,-0.6282411217206918,-1.150554101574931,-0.42623001504290225,0.26623257679518353,2.5899937140505074,-1.4501666878357553,2.4833959938131165,-1.0778621289498782,-1.1442943653688686,-1.1676872598353416,-0.67914568407372,-1.1559347102263289,-0.43842229861417986
1.5413689168784943,0.590048337687597,1.2780126155620184,1.401512344464336,2.073946453154289,1.0617867539482455,-0.1860515726072197,-1.5756862740979405,-1.224744871391589,0.005355811294843232,0.37967212888114743,1.7496101475022634,-0.592650547840798,0.2462002046576992,-0.1332820844671032,2.0831553004673644,-1.225390949202453,-0.2775943477299748,-0.6282411217206918,-0.3305890744344259,-0.42623001504290225,0.26623257679518353,0.2419883118585579,2.2782336440162587,-0.6201892226844659,-1.0778621289498782,2.1213098223465976,0.488899780818947,0.562575902478977,3.6100788863016295,-0.43842229861417986
0.7748559575377005,0.590048337687597,-0.44000523016523074,-0.49381713700997326,-0.6407266473844129,0.08504925188071054,0.5653105475373214,1.1697805251007627,0.816496580927726,-0.781948449047117,0.37967212888114743,-0.05778754527941413,-1.8116752288006481,-0.6608531809232983,1.2368204621527703,-0.12109823261467369,-1.281185700616625,2.5255909693862577,-0.6282411217206918,-0.8772324258614294,-0.42623001504290225,1.1914379855160337,-0.9320143892374165,-0.1645114009902331,-0.6201892226844659,-1.0778621289498782,-0.3278933184400019,-0.6154915796172453,-0.05828489079737142,-0.3148734873096303,-0.43842229861417986
-1.3056792178158831,0.590048337687597,-1.5432057227317904,-0.49381713700997326,-0.8875151110697495,-1.86842575225436,0.5653105475373214,-1.5756862740979405,0.816496580927726,-0.043850704976529174,1.7855109940078144,-0.9614863916702531,0.6263741331190523,-1.5679065665042955,1.2368204621527703,-0.654207169813713,1.0286045751816577,1.7246808787816201,-0.6282411217206918,-0.6039107501479276,-0.42623001504290225,0.26623257679518353,-0.9320143892374165,-0.678773515728442,0.15570708143992973,-1.0778621289498782,-0.4911735278257753,-0.3393937395081972,-0.67914568407372,-0.8755809692540959,-0.43842229861417986
-0.42966440714068993,0.590048337687597,-0.5366902171542101,1.401512344464336,-1.010909342912418,0.08504925188071054,0.5653105475373214,-1.5756862740979405,0.816496580927726,-0.880361481589862,1.7855109940078144,-0.05778754527941413,1.0327156934390023,-1.5679065665042955,-1.5033846310869767,-0.5239577563011538,1.0544641073232386,-0.6780493930322938,-0.6282411217206918,1.8559843312735878,2.3461510562538512,-1.5841782406465175,0.2419883118585579,-0.2930769296747854,1.707499689688721,0.33809616377248186,0.3252275191030913,1.0410954610370433,-0.67914568407372,1.086895217551534,-0.43842229861417986
-0.21066070447189164,0.590048337687597,1.3399901713241846,-0.49381713700997326,2.197340684996958,-1.86842575225436,0.5653105475373214,0.25462492536786163,-1.224744871391589,-0.6343289002329995,-1.0261667362455194,-0.9614863916702531,0.6263741331190523,-1.5679065665042955,1.2368204621527703,-0.8380012035630829,0.49735983879483003,-0.6780493930322938,-0.6282411217206918,-1.150554101574931,-0.42623001504290225,1.1914379855160337,-0.9320143892374165,-0.678773515728442,0.15570708143992973,-1.0778621289498782,-0.16461310905422857,0.2128019407098989,-0.36871528743554577,-0.8755809692540959,-0.43842229861417986
-0.10115885313749245,0.590048337687597,0.31116274567222446,1.401512344464336,-1.010909342912418,-0.8916882501868245,-0.9374136927517607,-0.6605306743650394,0.816496580927726,-0.48670935141888183,0.37967212888114743,-0.05778754527941413,1.0327156934390023,1.153253590238697,-0.1332820844671032,-0.06415395395012898,-1.614829881617241,-0.6780493930322938,1.5917455343596372,-0.3305890744344259,-0.42623001504290225,1.1914379855160337,0.2419883118585579,0.8640128284861845,-1.3960855268088614,-1.0778621289498782,1.794749403575051,2.697682501691332,0.562575902478977,1.9279564404682328,-0.43842229861417986
-0.5391662584750891,0.590048337687597,-1.6993891632524494,1.401512344464336,0.4698214391996017,1.0617867539482455,-0.9374136927517607,-0.6605306743650394,0.816496580927726,0.3498014251944509,0.37967212888114743,-0.05778754527941413,1.0327156934390023,1.153253590238697,-1.5033846310869767,-0.44619056976673827,-0.7115732888240823,-0.2775943477299748,-0.6282411217206918,-1.150554101574931,-0.42623001504290225,0.26623257679518353,0.2419883118585579,-0.4216424583593375,0.15570708143992973,-1.0778621289498782,-0.3278933184400019,-0.6154915796172453,-0.67914568407372,-0.3148734873096303,-0.43842229861417986
-0.7581699611438873,-0.9131943943761252,0.5194073330331033,-0.49381713700997326,-0.5173324155417446,1.0617867539482455,-0.9374136927517607,-0.6605306743650394,0.816496580927726,0.44821445773719587,-1.0261667362455194,-0.9614863916702531,0.6263741331190523,1.153253590238697,-1.5033846310869767,-0.5826018641795654,-1.678073302615673,2.5255909693862577,-0.6282411217206918,-0.8772324258614294,-0.42623001504290225,-0.6589728319256668,0.2419883118585579,-0.1645114009902331,0.15570708143992973,-1.0778621289498782,-0.3278933184400019,-0.0632958993991491,-0.67914568407372,-0.3148734873096303,-0.43842229861417986
1.7603726195472926,0.590048337687597,-0.35075754986771124,1.401512344464336,-0.270543951856408,-0.8916882501868245,-0.1860515726072197,-1.5756862740979405,-1.224744871391589,0.5958340065513134,-1.0261667362455194,0.8459113011114248,1.0327156934390023,1.153253590238697,-0.1332820844671032,0.9415075047039374,0.8997285372804087,1.7246808787816201,1.5917455343596372,0.762697628419581,-0.42623001504290225,1.1914379855160337,0.2419883118585579,3.049626816123572,0.15570708143992973,0.33809616377248186,-0.3278933184400019,-0.6154915796172453,-0.67914568407372,-0.03451974633739738,-0.43842229861417986
0.8843578088720997,0.590048337687597,0.31612095013319774,1.401512344464336,-0.023755488171071402,0.08504925188071054,-0.1860515726072197,1.1697805251007627,0.816496580927726,0.3990079414658234,0.37967212888114743,0.8459113011114248,1.0327156934390023,-1.5679065665042955,-1.5033846310869767,0.9047486979540634,0.6922901164055523,0.523315742874663,1.5917455343596372,-0.8772324258614294,-0.42623001504290225,0.26623257679518353,0.2419883118585579,0.8640128284861845,-0.6201892226844659,0.33809616377248186,-0.3278933184400019,-0.0632958993991491,-0.67914568407372,-0.5952272282818631,-0.43842229861417986
-0.5391662584750891,0.590048337687597,-0.40777690116890425,-0.49381713700997326,-0.1471497200137397,-0.8916882501868245,0.5653105475373214,0.25462492536786163,-1.224744871391589,1.235518718079156,1.7855109940078144,-0.05778754527941413,0.6263741331190523,0.2462002046576992,-0.1332820844671032,-0.2821570506285723,1.103091271024255,0.9237707881769819,-0.6282411217206918,-0.8772324258614294,-0.42623001504290225,0.26623257679518353,0.2419883118585579,-0.2930769296747854,0.15570708143992973,-1.0778621289498782,-0.3278933184400019,-0.3393937395081972,-0.36871528743554577,-0.3148734873096303,-0.43842229861417986
1.6508707682128936,-0.9131943943761252,0.21695686091373176,-0.49381713700997326,1.950552221311621,1.0617867539482455,0.5653105475373214,0.25462492536786163,-1.224744871391589,0.7434535553654309,-1.0261667362455194,1.7496101475022634,-0.18630898752084787,1.153253590238697,-0.1332820844671032,1.5559957655168597,0.6626359790040653,0.12286069757234404,-0.6282411217206918,1.8559843312735878,2.3461510562538512,0.26623257679518353,-0.9320143892374165,2.535364701385363,0.15570708143992973,0.33809616377248186,0.3252275191030913,1.0410954610370433,-0.67914568407372,-1.1559347102263289,-0.43842229861417986
0.008342998196906542,0.590048337687597,-1.1415911613929528,1.401512344464336,0.8400041347276065,1.0617867539482455,-0.1860515726072197,1.1697805251007627,0.816496580927726,0.005355811294843232,-1.0261667362455194,-0.05778754527941413,1.0327156934390023,0.2462002046576992,-1.5033846310869767,-0.035894293269590066,1.4398273526070164,0.523315742874663,-0.6282411217206918,1.0360193041330827,-0.42623001504290225,1.1914379855160337,1.4159910129545328,-0.2930769296747854,-0.6201892226844659,0.33809616377248186,-0.9810141559830952,-1.1676872598353416,-0.67914568407372,-1.1559347102263289,-0.43842229861417986
-0.9771736638126856,0.590048337687597,0.9086263832195074,-2.3891466184842827,-0.1471497200137397,-0.8916882501868245,0.5653105475373214,-0.6605306743650394,0.816496580927726,-0.14226373751927418,-1.0261667362455194,-0.9614863916702531,-1.405333668480698,1.153253590238697,-1.5033846310869767,-0.3329394483928491,1.3564865778246389,-0.6780493930322938,-0.6282411217206918,-0.6039107501479276,-0.42623001504290225,1.1914379855160337,0.2419883118585579,-0.678773515728442,2.4833959938131165,0.33809616377248186,-0.3278933184400019,-0.8915894197262935,-0.67914568407372,-0.03451974633739738,-0.43842229861417986
-1.6341847718190805,0.590048337687597,1.0598516192791931,-0.49381713700997326,-1.010909342912418,-0.8916882501868245,-0.9374136927517607,1.1697805251007627,0.816496580927726,-1.6184592256604498,-1.0261667362455194,-0.05778754527941413,-0.18630898752084787,1.153253590238697,-0.1332820844671032,-0.3671485113219225,0.6792198093992097,1.3242258334793011,-0.6282411217206918,1.8559843312735878,2.3461510562538512,-1.5841782406465175,1.4159910129545328,-0.9359045730975464,-0.6201892226844659,-2.4938204216722384,-0.8177339465973219,-0.6154915796172453,-0.05828489079737142,-0.5952272282818631,-0.43842229861417986
0.7748559575377005,0.590048337687597,0.4549506750404502,-0.49381713700997326,-0.1471497200137397,1.0617867539482455,-0.9374136927517607,-1.5756862740979405,0.816496580927726,-0.1914702537906467,1.7855109940078144,-0.9614863916702531,-0.998992108160748,1.153253590238697,-0.1332820844671032,-0.7829692327641387,-1.3026884637560918,-0.2775943477299748,1.5917455343596372,2.402627682700591,2.3461510562538512,0.26623257679518353,0.2419883118585579,-0.1645114009902331,-0.6201892226844659,-1.0778621289498782,-0.6544537372115486,-0.6154915796172453,-0.67914568407372,-0.5952272282818631,-0.43842229861417986
0.5558522548689022,-0.9131943943761252,1.1614948107291458,-0.49381713700997326,-0.8875151110697495,-1.86842575225436,0.5653105475373214,-0.6605306743650394,0.816496580927726,-1.520046193117705,0.37967212888114743,-0.9614863916702531,0.6263741331190523,1.153253590238697,1.2368204621527703,-0.8473502642393514,-0.7371517390945592,0.9237707881769819,1.5917455343596372,-0.3305890744344259,-0.42623001504290225,1.1914379855160337,-0.9320143892374165,-0.4216424583593375,-0.6201892226844659,0.33809616377248186,-0.8177339465973219,-0.8915894197262935,-0.05828489079737142,-0.5952272282818631,-0.43842229861417986
-0.10115885313749245,0.590048337687597,1.1788485263425523,-2.3891466184842827,-0.1471497200137397,0.08504925188071054,-0.9374136927517607,-1.5756862740979405,0.816496580927726,0.546627490279941,-1.0261667362455194,-0.9614863916702531,-1.405333668480698,-1.5679065665042955,-0.1332820844671032,-0.8841090709892254,-0.7980059641886059,-1.0785044383346125,-0.6282411217206918,1.5826626555600862,2.3461510562538512,0.26623257679518353,-0.9320143892374165,-0.678773515728442,0.15570708143992973,0.33809616377248186,-0.3278933184400019,-0.0632958993991491,-0.67914568407372,-0.3148734873096303,-0.43842229861417986
-1.3056792178158831,0.590048337687597,-1.6398907097207698,1.401512344464336,-0.7641208792270812,-1.86842575225436,1.3166726676818623,0.25462492536786163,0.816496580927726,1.5799643319787635,0.37967212888114743,-0.05778754527941413,1.0327156934390023,-1.5679065665042955,-0.1332820844671032,-0.4905986079790138,0.007012514653655265,-0.6780493930322938,1.5917455343596372,0.762697628419581,-0.42623001504290225,1.1914379855160337,-0.9320143892374165,-0.8073390444129942,0.15570708143992973,0.33809616377248186,-0.3278933184400019,-0.3393937395081972,-0.67914568407372,-0.3148734873096303,-0.43842229861417986
-0.21066070447189164,0.590048337687597,-0.48462907031399044,-0.49381713700997326,-0.023755488171071402,0.08504925188071054,-0.9374136927517607,1.1697805251007627,-1.224744871391589,0.005355811294843232,-1.0261667362455194,0.8459113011114248,-0.18630898752084787,0.2462002046576992,-0.1332820844671032,0.888600320422327,1.2850917825641863,-0.6780493930322938,1.5917455343596372,1.3093409798465845,2.3461510562538512,-0.6589728319256668,0.2419883118585579,0.7354472998016324,-0.6201892226844659,0.33809616377248186,1.6314691941892778,2.697682501691332,0.8730062991171512,3.049371404357164,-0.43842229861417986
-0.21066070447189164,-0.9131943943761252,-1.6671608342561228,-0.49381713700997326,1.950552221311621,1.0617867539482455,-0.9374136927517607,1.1697805251007627,-1.224744871391589,1.4815512994360187,0.37967212888114743,-0.9614863916702531,0.6263741331190523,-0.6608531809232983,-1.5033846310869767,-0.9521022395439056,0.3230890787102623,-0.6780493930322938,1.5917455343596372,1.0360193041330827,-0.42623001504290225,-1.5841782406465175,0.2419883118585579,-0.1645114009902331,0.15570708143992973,-1.0778621289498782,0.4885077284888646,-0.6154915796172453,1.4938670923934998,1.086895217551534,2.280905882663645
-0.5391662584750891,-2.416437126439847,-1.2457134550733922,-0.49381713700997326,-1.010909342912418,0.08504925188071054,-0.9374136927517607,1.1697805251007627,0.816496580927726,-0.2406767700620193,0.37967212888114743,-0.9614863916702531,-0.998992108160748,1.153253590238697,-1.5033846310869767,-0.8900584732377599,-0.7259084642503936,-1.0785044383346125,-0.6282411217206918,-0.8772324258614294,-0.42623001504290225,-0.6589728319256668,0.2419883118585579,-0.9359045730975464,-0.6201892226844659,0.33809616377248186,-0.6544537372115486,-1.1676872598353416,-0.67914568407372,-0.5952272282818631,-0.43842229861417986
-1.3056792178158831,0.590048337687597,-0.54412752384567,1.401512344464336,-0.6407266473844129,-1.86842575225436,-0.1860515726072197,0.25462492536786163,0.816496580927726,1.038692652993666,-1.0261667362455194,-0.05778754527941413,1.0327156934390023,-1.5679065665042955,-0.1332820844671032,-0.4774249315715445,0.5398032013315555,-0.6780493930322938,-0.6282411217206918,-0.8772324258614294,-0.42623001504290225,-1.5841782406465175,-0.9320143892374165,-0.8073390444129942,-1.3960855268088614,1.754054456494842,-0.3278933184400019,-0.6154915796172453,-0.67914568407372,-0.3148734873096303,-0.43842229861417986
1.3223652142096962,0.590048337687597,1.5259228386106836,-0.49381713700997326,-1.010909342912418,0.08504925188071054,2.0680347878264036,0.25462492536786163,-1.224744871391589,-1.470839676846332,0.37967212888114743,-0.9614863916702531,0.6263741331190523,-1.5679065665042955,-0.1332820844671032,-0.6210605001433064,-0.5283079088641821,-0.2775943477299748,-0.6282411217206918,0.21605427699257748,-0.42623001504290225,-0.6589728319256668,0.2419883118585579,-0.5502079870438897,-0.6201892226844659,0.33809616377248186,-0.4911735278257753,-0.6154915796172453,-0.67914568407372,-0.5952272282818631,-0.43842229861417986
-1.4151810691502822,-2.416437126439847,1.1565366062681726,-0.49381713700997326,-0.6407266473844129,-1.86842575225436,-0.9374136927517607,-1.5756862740979405,0.816496580927726,-0.978774514132607,-1.0261667362455194,-0.9614863916702531,-0.998992108160748,1.153253590238697,-0.1332820844671032,-0.7098765765678574,-0.49682673930051835,-1.0785044383346125,-0.6282411217206918,0.48937595270607925,-0.42623001504290225,1.1914379855160337,-0.9320143892374165,-0.678773515728442,-0.6201892226844659,-1.0778621289498782,-0.3278933184400019,-0.6154915796172453,0.25214550584080275,-0.03451974633739738,-0.43842229861417986
-0.5391662584750891,-0.9131943943761252,-1.0498643788649469,1.401512344464336,-0.5173324155417446,-0.8916882501868245,-0.9374136927517607,-0.6605306743650394,0.816496580927726,-0.880361481589862,0.37967212888114743,-0.05778754527941413,1.0327156934390023,-0.6608531809232983,-0.1332820844671032,0.0044766505597512414,-0.7620274846872758,-0.6780493930322938,-0.6282411217206918,-0.3305890744344259,-0.42623001504290225,1.1914379855160337,0.2419883118585579,-0.1645114009902331,0.15570708143992973,0.33809616377248186,0.4885077284888646,1.0410954610370433,0.8730062991171512,-0.3148734873096303,-0.43842229861417986
0.11784484953130574,0.590048337687597,-1.0101987431771604,1.401512344464336,-0.023755488171071402,0.08504925188071054,-0.1860515726072197,-0.6605306743650394,0.816496580927726,1.5799643319787635,-1.0261667362455194,-0.9614863916702531,1.4390572537589523,-0.6608531809232983,-0.1332820844671032,-0.7657584619737352,-0.31075054062957663,-1.0785044383346125,-0.6282411217206918,1.0360193041330827,-0.42623001504290225,1.1914379855160337,0.2419883118585579,-1.0644701017820986,0.15570708143992973,0.33809616377248186,-0.8177339465973219,-0.6154915796172453,-0.36871528743554577,-0.5952272282818631,-0.43842229861417986
0.5558522548689022,0.590048337687597,1.1466201973462258,-0.49381713700997326,-0.7641208792270812,0.08504925188071054,-0.9374136927517607,0.25462492536786163,-1.224744871391589,1.432344783164646,1.7855109940078144,-0.05778754527941413,-0.998992108160748,1.153253590238697,-0.1332820844671032,-0.2702582461315033,1.3228972942276938,-0.2775943477299748,1.5917455343596372,-0.6039107501479276,-0.42623001504290225,-0.6589728319256668,0.2419883118585579,0.7354472998016324,-1.3960855268088614,-1.0778621289498782,-0.3278933184400019,-0.3393937395081972,-0.36871528743554577,-0.3148734873096303,-0.43842229861417986
-0.6486681098094882,0.590048337687597,1.0400188014353,-0.49381713700997326,0.2230329755142651,1.0617867539482455,-0.9374136927517607,1.1697805251007627,0.816496580927726,-0.880361481589862,0.37967212888114743,-0.9614863916702531,0.6263741331190523,1.153253590238697,-0.1332820844671032,-0.8811343698649581,0.07840730991410716,0.12286069757234404,1.5917455343596372,1.0360193041330827,-0.42623001504290225,-0.6589728319256668,0.2419883118585579,-0.4216424583593375,-0.6201892226844659,0.33809616377248186,-0.16461310905422857,-0.0632958993991491,-0.67914568407372,-0.5952272282818631,-0.43842229861417986
-0.8676718124782865,0.590048337687597,-1.1440702636234394,1.401512344464336,-1.010909342912418,0.08504925188071054,0.5653105475373214,-0.6605306743650394,-1.224744871391589,-0.880361481589862,-1.0261667362455194,-0.9614863916702531,1.4390572537589523,0.2462002046576992,-1.5033846310869767,-0.7867938484953394,1.2942269433750713,1.3242258334793011,1.5917455343596372,1.0360193041330827,-0.42623001504290225,0.26623257679518353,2.5899937140505074,-0.8073390444129942,0.15570708143992973,0.33809616377248186,-0.6544537372115486,-0.6154915796172453,-0.67914568407372,-0.5952272282818631,2.280905882663645
1.7603726195472926,0.590048337687597,0.16241661184302544,1.401512344464336,-0.1471497200137397,0.08504925188071054,-0.1860515726072197,-1.5756862740979405,0.816496580927726,0.3498014251944509,0.37967212888114743,1.7496101475022634,1.0327156934390023,1.153253590238697,-0.1332820844671032,1.1331632485674423,1.1912104376154034,0.9237707881769819,-0.6282411217206918,-0.3305890744344259,-0.42623001504290225,0.26623257679518353,0.2419883118585579,2.1496681153317065,0.15570708143992973,0.33809616377248186,-0.8177339465973219,-1.1676872598353416,-0.05828489079737142,-0.5952272282818631,-0.43842229861417986
-0.21066070447189164,0.590048337687597,-0.32348742533235814,-0.49381713700997326,1.950552221311621,0.08504925188071054,2.0680347878264036,1.1697805251007627,0.816496580927726,0.5958340065513134,-1.0261667362455194,0.8459113011114248,-0.18630898752084787,-0.6608531809232983,-0.1332820844671032,0.9349206665002028,-0.7285787420258829,0.12286069757234404,-0.6282411217206918,0.21605427699257748,-0.42623001504290225,-1.5841782406465175,-0.9320143892374165,0.6068817711170802,-0.6201892226844659,0.33809616377248186,0.9783483566461848,1.5932911412551396,0.562575902478977,1.086895217551534,-0.43842229861417986
0.008342998196906542,-0.9131943943761252,1.0623307215096798,1.401512344464336,1.456975293940948,-0.8916882501868245,0.5653105475373214,0.25462492536786163,-1.224744871391589,-0.585122383961627,0.37967212888114743,-0.9614863916702531,1.4390572537589523,1.153253590238697,-0.1332820844671032,-0.7500350417454654,0.9709827916053084,0.9237707881769819,-0.6282411217206918,-0.05726739872092413,-0.42623001504290225,-0.6589728319256668,0.2419883118585579,-0.1645114009902331,0.15570708143992973,0.33809616377248186,-0.3278933184400019,-0.0632958993991491,-0.67914568407372,-1.1559347102263289,-0.43842229861417986
1.7603726195472926,0.590048337687597,-1.736575696709749,-0.49381713700997326,1.7037637576262843,1.0617867539482455,-0.9374136927517607,1.1697805251007627,-1.224744871391589,0.3005949089230784,0.37967212888114743,1.7496101475022634,0.2200325727991022,1.153253590238697,1.2368204621527703,1.6513986801451452,0.8281932010844046,1.3242258334793011,-0.6282411217206918,0.762697628419581,-0.42623001504290225,0.26623257679518353,-0.9320143892374165,2.7924957587544674,-2.171981830933257,0.33809616377248186,0.8150681472604113,1.317193301146092,0.25214550584080275,1.086895217551534,-0.43842229861417986
0.6653541062033014,-0.9131943943761252,-0.9432629829540208,-0.49381713700997326,-1.010909342912418,0.08504925188071054,-0.9374136927517607,1.1697805251007627,-1.224744871391589,-1.6184592256604498,0.37967212888114743,-0.05778754527941413,-1.8116752288006481,1.153253590238697,-0.1332820844671032,-0.19992781240775603,1.049685715514468,0.523315742874663,-0.6282411217206918,-0.6039107501479276,-0.42623001504290225,-0.6589728319256668,0.2419883118585579,0.09261965637887119,-0.6201892226844659,-1.0778621289498782,-0.3278933184400019,-0.6154915796172453,-0.05828489079737142,-0.5952272282818631,-0.43842229861417986
1.103361511540898,0.590048337687597,-1.3721476688282117,1.401512344464336,-0.8875151110697495,-0.8916882501868245,-0.1860515726072197,0.25462492536786163,-1.224744871391589,-1.520046193117705,0.37967212888114743,-0.05778754527941413,1.0327156934390023,1.153253590238697,-0.1332820844671032,-0.41771843043446594,0.4876625142417371,-1.0785044383346125,1.5917455343596372,1.8559843312735878,2.3461510562538512,-1.5841782406465175,0.2419883118585579,-0.4216424583593375,-0.6201892226844659,0.33809616377248186,-0.0013328996684552844,0.488899780818947,1.4938670923934998,0.8065414765793012,-0.43842229861417986
0.008342998196906542,-2.416437126439847,1.1143918683498997,1.401512344464336,1.2101868302556114,-0.8916882501868245,0.5653105475373214,-1.5756862740979405,0.816496580927726,-1.6676657419318222,0.37967212888114743,0.8459113011114248,1.0327156934390023,-0.6608531809232983,1.2368204621527703,0.24202778319766508,-1.3350128789330682,-0.6780493930322938,1.5917455343596372,-0.6039107501479276,-0.42623001504290225,1.1914379855160337,-0.9320143892374165,-0.1645114009902331,-0.6201892226844659,0.33809616377248186,0.4885077284888646,-1.1676872598353416,-0.67914568407372,1.3672489585237668,-0.43842229861417986
1.4318670655440953,-2.416437126439847,0.19464494083935185,-0.49381713700997326,-0.8875151110697495,1.0617867539482455,-0.9374136927517607,-1.5756862740979405,0.816496580927726,1.5799643319787635,0.37967212888114743,1.7496101475022634,-0.592650547840798,-1.5679065665042955,-1.5033846310869767,2.4267332803202324,-1.3729589315321271,-0.6780493930322938,-0.6282411217206918,-1.150554101574931,-0.42623001504290225,1.1914379855160337,0.2419883118585579,2.535364701385363,0.15570708143992973,0.33809616377248186,3.917392125590105,0.488899780818947,3.6668798688607196,0.8065414765793012,-0.43842229861417986
0.22734670086570485,0.590048337687597,1.4391542605436507,-2.3891466184842827,-0.8875151110697495,0.08504925188071054,-0.9374136927517607,1.1697805251007627,-1.224744871391589,-1.1756005792180972,-1.0261667362455194,-0.05778754527941413,-1.405333668480698,1.153253590238697,-0.1332820844671032,-0.2759951697283044,-0.9167630547301056,2.125135924083939,-0.6282411217206918,-1.150554101574931,-0.42623001504290225,0.26623257679518353,1.4159910129545328,0.2211851850634235,-0.6201892226844659,0.33809616377248186,-0.3278933184400019,-0.0632958993991491,-0.67914568407372,-0.03451974633739738,-0.43842229861417986
-0.42966440714068993,0.590048337687597,0.6755907735537622,-2.3891466184842827,-0.7641208792270812,-0.8916882501868245,-1.6887758128963017,1.1697805251007627,0.816496580927726,-0.4375028351475093,0.37967212888114743,-0.9614863916702531,-1.405333668480698,-0.6608531809232983,-1.5033846310869767,-0.8979201833518948,1.1716752475736656,0.12286069757234404,1.5917455343596372,-1.150554101574931,-0.42623001504290225,0.26623257679518353,0.2419883118585579,-0.5502079870438897,0.9316033855643253,1.754054456494842,-0.4911735278257753,-0.3393937395081972,-0.67914568407372,-0.3148734873096303,-0.43842229861417986
-0.5391662584750891,0.590048337687597,-1.06225989001738,-0.49381713700997326,1.950552221311621,1.0617867539482455,-0.9374136927517607,-1.5756862740979405,0.816496580927726,1.038692652993666,0.37967212888114743,-0.9614863916702531,-0.998992108160748,1.153253590238697,1.2368204621527703,-0.7878562417540063,0.5204085522253697,-0.6780493930322938,1.5917455343596372,2.402627682700591,2.3461510562538512,0.26623257679518353,-0.9320143892374165,-1.3216011591512031,-0.6201892226844659,-2.4938204216722384,-0.9810141559830952,-1.1676872598353416,-0.67914568407372,-0.8755809692540959,2.280905882663645
-0.8676718124782865,0.590048337687597,0.7028608980891153,-0.49381713700997326,-0.270543951856408,-1.86842575225436,0.5653105475373214,-1.5756862740979405,-1.224744871391589,-0.1914702537906467,-1.0261667362455194,-0.9614863916702531,-0.998992108160748,1.153253590238697,-1.5033846310869767,-0.843738127159884,-1.1607421188485003,1.3242258334793011,-0.6282411217206918,-0.3305890744344259,-0.42623001504290225,0.26623257679518353,2.5899937140505074,-0.4216424583593375,1.707499689688721,0.33809616377248186,-0.4911735278257753,-0.3393937395081972,-0.67914568407372,-0.3148734873096303,-0.43842229861417986
0.7748559575377005,0.590048337687597,-0.35075754986771124,-0.49381713700997326,-0.023755488171071402,-0.8916882501868245,-0.9374136927517607,-0.6605306743650394,0.816496580927726,-0.2406767700620193,0.37967212888114743,-0.9614863916702531,0.6263741331190523,-1.5679065665042955,-0.1332820844671032,-0.8380012035630829,-0.9563955985557896,-0.6780493930322938,1.5917455343596372,-0.6039107501479276,-0.42623001504290225,1.1914379855160337,-0.9320143892374165,-0.4216424583593375,-2.171981830933257,0.33809616377248186,0.16194730971731802,0.7649976209279952,1.4938670923934998,-0.8755809692540959,-0.43842229861417986
-0.9771736638126856,0.590048337687597,0.04589880701015285,1.401512344464336,-0.5173324155417446,1.0617867539482455,0.5653105475373214,-1.5756862740979405,0.816496580927726,1.5799643319787635,0.37967212888114743,-0.05778754527941413,1.0327156934390023,1.153253590238697,1.2368204621527703,-0.3388888506413836,1.396821826328083,-0.6780493930322938,-0.6282411217206918,-0.3305890744344259,-0.42623001504290225,-0.6589728319256668,-0.9320143892374165,-0.9359045730975464,0.15570708143992973,0.33809616377248186,-0.4911735278257753,-0.6154915796172453,-0.67914568407372,-0.5952272282818631,-0.43842229861417986
2.3078818762192883,-0.9131943943761252,-0.05326528220931315,-0.49381713700997326,-0.8875151110697495,-1.86842575225436,-0.9374136927517607,1.1697805251007627,0.816496580927726,-0.4375028351475093,-1.0261667362455194,-0.9614863916702531,-0.998992108160748,1.153253590238697,-1.5033846310869767,-0.8760348822233571,-0.13057706125182192,2.5255909693862577,1.5917455343596372,-0.3305890744344259,-0.42623001504290225,1.1914379855160337,0.2419883118585579,-1.0644701017820986,0.15570708143992973,-1.0778621289498782,-0.9810141559830952,-1.1676872598353416,-0.67914568407372,-1.1559347102263289,2.280905882663645
0.6653541062033014,0.590048337687597,-1.5506430294232505,-0.49381713700997326,-0.1471497200137397,0.08504925188071054,-0.9374136927517607,-1.5756862740979405,-1.224744871391589,-0.5359158676902545,0.37967212888114743,-0.05778754527941413,-0.18630898752084787,-0.6608531809232983,-1.5033846310869767,-0.3692732978392563,1.335264896556276,0.523315742874663,-0.6282411217206918,1.5826626555600862,2.3461510562538512,0.26623257679518353,0.2419883118585579,-0.9359045730975464,-0.6201892226844659,1.754054456494842,-0.9810141559830952,-1.1676872598353416,-0.67914568407372,-1.1559347102263289,-0.43842229861417986
-1.8531884744878788,0.590048337687597,-0.749893008976062,1.401512344464336,-0.8875151110697495,0.08504925188071054,0.5653105475373214,0.25462492536786163,-1.224744871391589,-0.8311549653184895,-1.0261667362455194,-0.9614863916702531,1.4390572537589523,0.2462002046576992,1.2368204621527703,-0.9474277092057712,1.0876317681135272,-0.6780493930322938,-0.6282411217206918,-0.6039107501479276,-0.42623001504290225,1.1914379855160337,-0.9320143892374165,-1.193035630466651,0.15570708143992973,-1.0778621289498782,-0.8177339465973219,-0.6154915796172453,-0.67914568407372,-0.5952272282818631,2.280905882663645
-1.7436866231534796,0.590048337687597,1.548234758685063,-0.49381713700997326,1.0867925984129432,-1.86842575225436,1.3166726676818623,1.1697805251007627,-1.224744871391589,-0.043850704976529174,0.37967212888114743,-0.9614863916702531,0.6263741331190523,1.153253590238697,1.2368204621527703,-0.8095290642308106,-0.7649788443338692,-0.6780493930322938,-0.6282411217206918,1.0360193041330827,-0.42623001504290225,-1.5841782406465175,-0.9320143892374165,-1.3216011591512031,0.15570708143992973,-1.0778621289498782,-0.9810141559830952,-1.1676872598353416,-0.67914568407372,-1.1559347102263289,2.280905882663645
-0.10115885313749245,0.590048337687597,1.54327655422409,-0.49381713700997326,0.59321567104227,-1.86842575225436,-0.9374136927517607,0.25462492536786163,0.816496580927726,0.10376884383758825,0.37967212888114743,-0.05778754527941413,-1.8116752288006481,1.153253590238697,-0.1332820844671032,0.017650326967220544,-1.3340290923842038,-1.0785044383346125,1.5917455343596372,0.48937595270607925,-0.42623001504290225,-1.5841782406465175,0.2419883118585579,0.7354472998016324,-0.6201892226844659,-1.0778621289498782,1.4681889848035046,1.0410954610370433,0.562575902478977,1.9279564404682328,-0.43842229861417986
1.103361511540898,0.590048337687597,1.6151705189082028,1.401512344464336,-0.8875151110697495,1.0617867539482455,-0.9374136927517607,1.1697805251007627,-1.224744871391589,-0.043850704976529174,-1.0261667362455194,-0.9614863916702531,1.4390572537589523,1.153253590238697,1.2368204621527703,-0.6818293945390518,-0.16529067233318342,-0.6780493930322938,1.5917455343596372,0.762697628419581,-0.42623001504290225,-1.5841782406465175,-0.9320143892374165,-1.0644701017820986,0.15570708143992973,-1.0778621289498782,-0.6544537372115486,-0.6154915796172453,-0.36871528743554577,-0.5952272282818631,-0.43842229861417986
-1.6341847718190805,0.590048337687597,-0.45983804800912387,-0.49381713700997326,-0.7641208792270812,-1.86842575225436,-0.9374136927517607,-0.6605306743650394,-1.224744871391589,-1.5692527093890773,0.37967212888114743,-0.05778754527941413,-0.18630898752084787,0.2462002046576992,-0.1332820844671032,-0.4954856169688814,-0.6030756865778838,-1.0785044383346125,1.5917455343596372,1.0360193041330827,-0.42623001504290225,-1.5841782406465175,0.2419883118585579,-0.9359045730975464,0.15570708143992973,1.754054456494842,-0.6544537372115486,-0.6154915796172453,-0.67914568407372,-0.5952272282818631,2.280905882663645
0.44635040353450317,0.590048337687597,0.7003817958586287,-0.49381713700997326,-0.8875151110697495,1.0617867539482455,-0.9374136927517607,-0.6605306743650394,-1.224744871391589,-0.4375028351475093,-2.432005601372186,-0.9614863916702531,-0.998992108160748,1.153253590238697,-1.5033846310869767,-0.7914683788334737,0.47951113997971706,0.523315742874663,1.5917455343596372,-0.6039107501479276,-0.42623001504290225,0.26623257679518353,0.2419883118585579,-0.1645114009902331,-1.3960855268088614,-1.0778621289498782,-0.0013328996684552844,0.7649976209279952,-0.36871528743554577,-1.1559347102263289,2.280905882663645
-0.9771736638126856,0.590048337687597,0.47726259511483005,-0.49381713700997326,-0.023755488171071402,0.08504925188071054,0.5653105475373214,0.25462492536786163,-1.224744871391589,0.546627490279941,0.37967212888114743,-0.9614863916702531,0.6263741331190523,0.2462002046576992,-1.5033846310869767,-0.8766723181785573,-0.6294973824616731,0.9237707881769819,-0.6282411217206918,0.762697628419581,-0.42623001504290225,-0.6589728319256668,0.2419883118585579,-0.678773515728442,-0.6201892226844659,0.33809616377248186,-0.8177339465973219,-0.6154915796172453,-0.05828489079737142,-0.5952272282818631,-0.43842229861417986
0.22734670086570485,0.590048337687597,0.7921085783866348,-0.49381713700997326,-0.3939381836990763,0.08504925188071054,0.5653105475373214,1.1697805251007627,0.816496580927726,0.20218187638033325,0.37967212888114743,-0.9614863916702531,-0.998992108160748,-1.5679065665042955,-0.1332820844671032,-0.8709353945817561,-1.4068292970001763,1.7246808787816201,1.5917455343596372,1.5826626555600862,2.3461510562538512,1.1914379855160337,-0.9320143892374165,-0.4216424583593375,-0.6201892226844659,-2.4938204216722384,-0.8177339465973219,-0.6154915796172453,-0.05828489079737142,-0.5952272282818631,2.280905882663645
-1.0866755151470848,0.590048337687597,-0.4573589457786373,-0.49381713700997326,-0.6407266473844129,0.08504925188071054,-0.9374136927517607,-0.6605306743650394,-1.224744871391589,0.4974209740085684,0.37967212888114743,-0.9614863916702531,0.6263741331190523,0.2462002046576992,1.2368204621527703,-0.8892085586308264,0.49117603763053896,-0.6780493930322938,-0.6282411217206918,1.0360193041330827,-0.42623001504290225,0.26623257679518353,-0.9320143892374165,-1.3216011591512031,-0.6201892226844659,0.33809616377248186,-0.9810141559830952,-0.8915894197262935,-0.67914568407372,-1.1559347102263289,-0.43842229861417986
-0.32016255580629077,0.590048337687597,-0.6358543063736761,-0.49381713700997326,0.0996387436715968,0.08504925188071054,-0.9374136927517607,-0.6605306743650394,0.816496580927726,0.8418665879081759,0.37967212888114743,-0.9614863916702531,-0.998992108160748,-0.6608531809232983,-1.5033846310869767,-0.9550769406681728,-1.042406651113657,-0.6780493930322938,-0.6282411217206918,-0.3305890744344259,-0.42623001504290225,-0.6589728319256668,1.4159910129545328,-1.3216011591512031,0.15570708143992973,0.33809616377248186,-0.9810141559830952,-1.1676872598353416,-0.36871528743554577,-1.1559347102263289,-0.43842229861417986
0.5558522548689022,0.590048337687597,-0.8440988937345547,1.401512344464336,0.59321567104227,-0.8916882501868245,0.5653105475373214,0.25462492536786163,-1.224744871391589,0.10376884383758825,-1.0261667362455194,-0.05778754527941413,1.0327156934390023,0.2462002046576992,1.2368204621527703,-0.055017371925593875,-0.9119846629213352,1.7246808787816201,-0.6282411217206918,0.48937595270607925,-0.42623001504290225,-1.5841782406465175,-0.9320143892374165,-0.1645114009902331,2.4833959938131165,0.33809616377248186,-0.3278933184400019,-0.0632958993991491,-0.67914568407372,-0.3148734873096303,-0.43842229861417986
-0.42966440714068993,0.590048337687597,0.9805203479036204,-0.49381713700997326,-1.010909342912418,1.0617867539482455,1.3166726676818623,0.25462492536786163,0.816496580927726,1.6783773645215088,-1.0261667362455194,-0.9614863916702531,0.6263741331190523,-1.5679065665042955,1.2368204621527703,-0.7870063271470727,-1.5423107588723726,0.12286069757234404,1.5917455343596372,-1.150554101574931,-0.42623001504290225,-0.6589728319256668,-0.9320143892374165,-0.678773515728442,-1.3960855268088614,0.33809616377248186,-0.6544537372115486,-0.6154915796172453,-0.67914568407372,-0.5952272282818631,-0.43842229861417986
2.3078818762192883,0.590048337687597,1.1639739129596325,-0.49381713700997326,-0.5173324155417446,0.08504925188071054,2.0680347878264036,0.25462492536786163,-1.224744871391589,-1.4216331605749597,-1.0261667362455194,0.8459113011114248,-1.8116752288006481,-0.6608531809232983,-1.5033846310869767,0.860340659741788,-0.710870584146322,-0.2775943477299748,1.5917455343596372,-0.6039107501479276,-0.42623001504290225,1.1914379855160337,0.2419883118585579,1.6354060005934978,0.15570708143992973,0.33809616377248186,-0.16461310905422857,-1.1676872598353416,-0.67914568407372,-0.03451974633739738,-0.43842229861417986
-0.6486681098094882,0.590048337687597,-1.6076623807244432,1.401512344464336,-0.270543951856408,1.0617867539482455,-0.9374136927517607,-0.6605306743650394,0.816496580927726,-1.2248070954894696,-1.0261667362455194,-0.9614863916702531,1.4390572537589523,0.2462002046576992,-0.1332820844671032,-0.8868712934617593,-0.36204798210608247,0.12286069757234404,-0.6282411217206918,-0.05726739872092413,-0.42623001504290225,-0.6589728319256668,-0.9320143892374165,0.2211851850634235,-0.6201892226844659,1.754054456494842,-0.0013328996684552844,0.7649976209279952,0.8730062991171512,-0.5952272282818631,-0.43842229861417986
-0.21066070447189164,0.590048337687597,0.8292951118439346,-0.49381713700997326,1.456975293940948,-1.86842575225436,-0.9374136927517607,1.1697805251007627,-1.224744871391589,-0.7327419327757445,0.37967212888114743,-0.05778754527941413,-1.8116752288006481,1.153253590238697,-0.1332820844671032,-0.5288447652910214,0.6825927918524594,-0.6780493930322938,1.5917455343596372,2.6759493584140928,2.3461510562538512,1.1914379855160337,0.2419883118585579,-0.1645114009902331,-0.6201892226844659,-2.4938204216722384,0.4885077284888646,0.488899780818947,-0.67914568407372,0.8065414765793012,-0.43842229861417986
1.3223652142096962,0.590048337687597,-0.6829572487529224,-0.49381713700997326,-0.1471497200137397,-0.8916882501868245,1.3166726676818623,-1.5756862740979405,-1.224744871391589,-0.7327419327757445,0.37967212888114743,0.8459113011114248,-0.998992108160748,-0.6608531809232983,-0.1332820844671032,0.19124538543338837,1.1473616657231571,0.523315742874663,-0.6282411217206918,-1.150554101574931,-0.42623001504290225,0.26623257679518353,0.2419883118585579,2.2782336440162587,0.15570708143992973,-1.0778621289498782,3.1009910786612376,1.317193301146092,-0.36871528743554577,0.8065414765793012,-0.43842229861417986
1.2128633628752972,0.590048337687597,1.652357052365503,-0.49381713700997326,1.3335810620982798,1.0617867539482455,0.5653105475373214,1.1697805251007627,0.816496580927726,-0.7327419327757445,0.37967212888114743,-0.9614863916702531,0.6263741331190523,0.2462002046576992,-0.1332820844671032,-0.9017447990830955,-1.232558536915609,0.523315742874663,-0.6282411217206918,0.48937595270607925,-0.42623001504290225,-1.5841782406465175,1.4159910129545328,0.2211851850634235,-0.6201892226844659,-1.0778621289498782,-1.1442943653688686,-1.1676872598353416,-0.67914568407372,-1.1559347102263289,-0.43842229861417986
-0.6486681098094882,-2.416437126439847,0.9557293255987538,1.401512344464336,1.3335810620982798,-0.8916882501868245,-0.1860515726072197,1.1697805251007627,-1.224744871391589,-1.0279810304039796,0.37967212888114743,-0.05778754527941413,1.0327156934390023,0.2462002046576992,-0.1332820844671032,0.09116794046696845,1.4184651304031015,-0.6780493930322938,-0.6282411217206918,-0.6039107501479276,-0.42623001504290225,1.1914379855160337,0.2419883118585579,-0.2930769296747854,-0.6201892226844659,-1.0778621289498782,0.3252275191030913,1.0410954610370433,-0.67914568407372,-1.1559347102263289,-0.43842229861417986
-0.10115885313749245,0.590048337687597,-1.523372904887897,-0.49381713700997326,-0.270543951856408,1.0617867539482455,1.3166726676818623,-0.6605306743650394,0.816496580927726,-0.043850704976529174,0.37967212888114743,-0.9614863916702531,0.6263741331190523,1.153253590238697,1.2368204621527703,-0.38775894054006005,1.262043069133647,-0.2775943477299748,-0.6282411217206918,0.762697628419581,-0.42623001504290225,0.26623257679518353,-0.9320143892374165,-0.4216424583593375,2.4833959938131165,0.33809616377248186,-0.16461310905422857,-0.6154915796172453,-0.67914568407372,-0.8755809692540959,-0.43842229861417986
0.11784484953130574,0.590048337687597,1.3151991490193182,-0.49381713700997326,-1.010909342912418,0.08504925188071054,2.0680347878264036,1.1697805251007627,-1.224744871391589,0.6942470390940584,0.37967212888114743,0.8459113011114248,0.2200325727991022,-1.5679065665042955,-0.1332820844671032,1.504150974493916,0.27811597933359966,-0.6780493930322938,-0.6282411217206918,-0.6039107501479276,-0.42623001504290225,-0.6589728319256668,0.2419883118585579,0.4783162424325279,0.15570708143992973,0.33809616377248186,1.304908775417731,2.1454868214732365,0.8730062991171512,1.9279564404682328,-0.43842229861417986
-0.5391662584750891,-2.416437126439847,0.9458129166768072,-0.49381713700997326,-1.010909342912418,0.08504925188071054,-0.9374136927517607,0.25462492536786163,-1.224744871391589,0.20218187638033325,-1.0261667362455194,-0.9614863916702531,-0.998992108160748,-0.6608531809232983,-0.1332820844671032,-0.8862338575065591,-1.4530672647968077,1.3242258334793011,-0.6282411217206918,1.3093409798465845,2.3461510562538512,0.26623257679518353,-0.9320143892374165,-0.8073390444129942,0.15570708143992973,0.33809616377248186,-0.6544537372115486,-1.1676872598353416,-0.67914568407372,-0.5952272282818631,-0.43842229861417986
-1.3056792178158831,0.590048337687597,0.15993750961253875,1.401512344464336,1.2101868302556114,-0.8916882501868245,-0.1860515726072197,0.25462492536786163,0.816496580927726,-1.470839676846332,-1.0261667362455194,-0.9614863916702531,1.4390572537589523,-0.6608531809232983,-0.1332820844671032,-0.8690230867161557,0.6303115638270891,-0.6780493930322938,1.5917455343596372,0.762697628419581,-0.42623001504290225,0.26623257679518353,2.5899937140505074,-1.3216011591512031,-0.6201892226844659,0.33809616377248186,-0.9810141559830952,-1.1676872598353416,-0.67914568407372,-1.1559347102263289,2.280905882663645
0.33684855220010396,0.590048337687597,-0.35819485655917127,1.401512344464336,0.0996387436715968,1.0617867539482455,-0.1860515726072197,-1.5756862740979405,0.816496580927726,0.05456232756621574,-1.0261667362455194,0.8459113011114248,1.0327156934390023,-0.6608531809232983,-1.5033846310869767,0.6803712417236188,0.8908744583406282,-0.2775943477299748,-0.6282411217206918,-0.8772324258614294,-0.42623001504290225,-0.6589728319256668,0.2419883118585579,-0.035945872305680915,-0.6201892226844659,-1.0778621289498782,-0.9810141559830952,-1.1676872598353416,-0.67914568407372,-1.1559347102263289,-0.43842229861417986
-1.196177366481484,-0.9131943943761252,1.1912440374949855,1.401512344464336,-1.010909342912418,0.08504925188071054,0.5653105475373214,0.25462492536786163,0.816496580927726,-0.683535416504372,-1.0261667362455194,-0.05778754527941413,1.0327156934390023,-1.5679065665042955,1.2368204621527703,-0.46935074280567624,-0.44482659314625217,-0.6780493930322938,-0.6282411217206918,-0.8772324258614294,-0.42623001504290225,-0.6589728319256668,-0.9320143892374165,-0.5502079870438897,-0.6201892226844659,0.33809616377248186,-0.0013328996684552844,0.7649976209279952,-0.67914568407372,0.8065414765793012,-0.43842229861417986
0.44635040353450317,0.590048337687597,-1.3374402376013983,-0.49381713700997326,-0.3939381836990763,0.08504925188071054,0.5653105475373214,1.1697805251007627,0.816496580927726,-0.33908980260476435,0.37967212888114743,-0.9614863916702531,-0.998992108160748,-1.5679065665042955,1.2368204621527703,-0.37862235851552484,-1.573229764693828,-0.2775943477299748,1.5917455343596372,-0.6039107501479276,-0.42623001504290225,0.26623257679518353,-0.9320143892374165,1.121143885855289,0.15570708143992973,0.33809616377248186,1.794749403575051,2.4215846615822842,-0.05828489079737142,3.6100788863016295,-0.43842229861417986
-0.10115885313749245,0.590048337687597,0.3359537679770909,-0.49381713700997326,-0.8875151110697495,1.0617867539482455,0.5653105475373214,0.25462492536786163,0.816496580927726,0.6450405228226859,0.37967212888114743,-0.9614863916702531,-0.998992108160748,0.2462002046576992,1.2368204621527703,-0.8465003496324179,-0.28475046755244354,0.523315742874663,-0.6282411217206918,1.5826626555600862,2.3461510562538512,0.26623257679518353,-0.9320143892374165,0.6068817711170802,2.4833959938131165,0.33809616377248186,0.651787937874638,1.0410954610370433,0.25214550584080275,1.3672489585237668,-0.43842229861417986
-1.9626903258222776,0.590048337687597,-0.9507002896454808,1.401512344464336,1.456975293940948,0.08504925188071054,1.3166726676818623,1.1697805251007627,0.816496580927726,-1.4216331605749597,-1.0261667362455194,-0.9614863916702531,1.4390572537589523,-0.6608531809232983,1.2368204621527703,-0.9310668530223014,-0.6136162567442891,-0.6780493930322938,1.5917455343596372,-0.6039107501479276,-0.42623001504290225,-0.6589728319256668,-0.9320143892374165,-1.3216011591512031,0.15570708143992973,1.754054456494842,-0.9810141559830952,-1.1676872598353416,-0.67914568407372,-1.1559347102263289,2.280905882663645
-1.8531884744878788,0.590048337687597,-1.6696399364866097,-0.49381713700997326,-0.6407266473844129,0.08504925188071054,2.0680347878264036,-1.5756862740979405,0.816496580927726,0.8910731041795484,0.37967212888114743,-0.9614863916702531,-0.998992108160748,-1.5679065665042955,1.2368204621527703,-0.7500350417454654,-0.18342045301940052,-0.6780493930322938,-0.6282411217206918,1.0360193041330827,-0.42623001504290225,-0.6589728319256668,-0.9320143892374165,-1.3216011591512031,-0.6201892226844659,0.33809616377248186,-0.9810141559830952,-1.1676872598353416,-0.67914568407372,-1.1559347102263289,2.280905882663645
-0.6486681098094882,0.590048337687597,-0.46231715023961056,-0.49381713700997326,0.3464272073569334,0.08504925188071054,0.5653105475373214,1.1697805251007627,-1.224744871391589,-1.2248070954894696,0.37967212888114743,-0.05778754527941413,-1.8116752288006481,1.153253590238697,-0.1332820844671032,-0.137671567449877,0.4294785669231799,-1.0785044383346125,1.5917455343596372,-1.150554101574931,-0.42623001504290225,0.26623257679518353,1.4159910129545328,-0.1645114009902331,-0.6201892226844659,-2.4938204216722384,0.3252275191030913,0.7649976209279952,1.8042974890316739,0.24583399463483543,-0.43842229861417986
0.33684855220010396,-0.9131943943761252,1.652357052365503,-0.49381713700997326,-0.023755488171071402,1.0617867539482455,0.5653105475373214,1.1697805251007627,0.816496580927726,-1.520046193117705,0.37967212888114743,-0.9614863916702531,0.6263741331190523,-0.6608531809232983,-1.5033846310869767,-0.6131987900291715,1.5108005250608123,2.125135924083939,1.5917455343596372,-0.3305890744344259,-0.42623001504290225,1.1914379855160337,0.2419883118585579,-1.0644701017820986,-0.6201892226844659,0.33809616377248186,-0.9810141559830952,-0.8915894197262935,-0.67914568407372,-1.1559347102263289,-0.43842229861417986
-0.5391662584750891,0.590048337687597,-0.7548512134370353,-0.49381713700997326,-0.7641208792270812,1.0617867539482455,0.5653105475373214,0.25462492536786163,-1.224744871391589,1.333931750621901,0.37967212888114743,-0.05778754527941413,-0.18630898752084787,-1.5679065665042955,-0.1332820844671032,0.04718485955815976,-0.10668510220796994,-0.6780493930322938,-0.6282411217206918,-0.8772324258614294,-0.42623001504290225,0.26623257679518353,0.2419883118585579,-0.4216424583593375,-0.6201892226844659,1.754054456494842,0.16194730971731802,0.7649976209279952,1.1834366957553255,-0.3148734873096303,-0.43842229861417986
-0.10115885313749245,0.590048337687597,-0.6755199420614625,1.401512344464336,-0.7641208792270812,-1.86842575225436,-0.9374136927517607,0.25462492536786163,0.816496580927726,-0.7327419327757445,-1.0261667362455194,0.8459113011114248,1.0327156934390023,1.153253590238697,-0.1332820844671032,0.8121080057983118,-1.2360720603044104,-0.6780493930322938,1.5917455343596372,-1.150554101574931,-0.42623001504290225,-1.5841782406465175,0.2419883118585579,0.6068817711170802,2.4833959938131165,0.33809616377248186,1.4681889848035046,0.7649976209279952,0.25214550584080275,0.8065414765793012,2.280905882663645
-0.42966440714068993,0.590048337687597,0.6607161601708423,-0.49381713700997326,-1.010909342912418,0.08504925188071054,-0.9374136927517607,-0.6605306743650394,-1.224744871391589,-1.1756005792180972,-1.0261667362455194,-0.05778754527941413,-1.8116752288006481,1.153253590238697,1.2368204621527703,0.09478007754643587,-0.28418830381023524,-1.0785044383346125,-0.6282411217206918,-0.3305890744344259,-0.42623001504290225,-1.5841782406465175,-0.9320143892374165,-0.678773515728442,0.15570708143992973,0.33809616377248186,-0.3278933184400019,-1.1676872598353416,-0.36871528743554577,-0.03451974633739738,-0.43842229861417986
0.008342998196906542,0.590048337687597,-0.44000523016523074,1.401512344464336,-1.010909342912418,1.0617867539482455,-0.9374136927517607,-1.5756862740979405,0.816496580927726,-0.978774514132607,-1.0261667362455194,0.8459113011114248,1.0327156934390023,0.2462002046576992,-0.1332820844671032,0.8724519428905905,0.08557489762726275,0.9237707881769819,-0.6282411217206918,-1.150554101574931,-0.42623001504290225,0.26623257679518353,-0.9320143892374165,0.7354472998016324,-0.6201892226844659,-2.4938204216722384,1.141628566031958,-0.8915894197262935,2.735588678946197,0.8065414765793012,2.280905882663645
0.8843578088720997,-2.416437126439847,0.0062331713223663515,-0.49381713700997326,-0.6407266473844129,-0.8916882501868245,-0.9374136927517607,0.25462492536786163,0.816496580927726,-0.4375028351475093,0.37967212888114743,-0.05778754527941413,-0.998992108160748,-0.6608531809232983,-0.1332820844671032,-0.43684150909046976,1.2437727475118778,-0.6780493930322938,-0.6282411217206918,-0.8772324258614294,-0.42623001504290225,-0.6589728319256668,-0.9320143892374165,-0.2930769296747854,1.707499689688721,-1.0778621289498782,0.3252275191030913,0.7649976209279952,-0.67914568407372,1.086895217551534,-0.43842229861417986
-0.8676718124782865,-0.9131943943761252,1.4912154073838704,1.401512344464336,1.3335810620982798,0.08504925188071054,2.0680347878264036,0.25462492536786163,-1.224744871391589,0.8910731041795484,0.37967212888114743,-0.9614863916702531,1.4390572537589523,1.153253590238697,-0.1332820844671032,-0.9234176215598998,0.546689707173607,-0.6780493930322938,-0.6282411217206918,-0.05726739872092413,-0.42623001504290225,-0.6589728319256668,0.2419883118585579,-1.0644701017820986,1.707499689688721,0.33809616377248186,-0.6544537372115486,-0.8915894197262935,-0.67914568407372,-0.5952272282818631,-0.43842229861417986
-0.21066070447189164,0.590048337687597,1.03258149474384,1.401512344464336,1.0867925984129432,0.08504925188071054,0.5653105475373214,0.25462492536786163,-1.224744871391589,0.9894861367222935,0.37967212888114743,-0.05778754527941413,1.0327156934390023,0.2462002046576992,-0.1332820844671032,-0.40411979672352993,-1.1431745019044917,-0.6780493930322938,-0.6282411217206918,0.21605427699257748,-0.42623001504290225,-0.6589728319256668,-0.9320143892374165,-0.8073390444129942,0.15570708143992973,0.33809616377248186,-0.3278933184400019,-0.6154915796172453,-0.36871528743554577,-1.1559347102263289,-0.43842229861417986
1.6508707682128936,0.590048337687597,0.6210505244830559,-0.49381713700997326,-1.010909342912418,-0.8916882501868245,-0.9374136927517607,1.1697805251007627,0.816496580927726,0.20218187638033325,0.37967212888114743,1.7496101475022634,-0.592650547840798,1.153253590238697,-0.1332820844671032,2.2514383926401975,-0.06803634493115045,-0.2775943477299748,-0.6282411217206918,-0.05726739872092413,-0.42623001504290225,-0.6589728319256668,0.2419883118585579,1.8925370579626024,-0.6201892226844659,-1.0778621289498782,0.3252275191030913,1.0410954610370433,1.4938670923934998,1.086895217551534,-0.43842229861417986
2.3078818762192883,0.590048337687597,-1.2729835796087454,-0.49381713700997326,-0.8875151110697495,0.08504925188071054,2.0680347878264036,1.1697805251007627,0.816496580927726,-0.7327419327757445,0.37967212888114743,-0.9614863916702531,0.6263741331190523,0.2462002046576992,1.2368204621527703,-0.8549994957017529,1.6743901740434226,0.523315742874663,-0.6282411217206918,2.402627682700591,2.3461510562538512,-1.5841782406465175,-0.9320143892374165,-0.5502079870438897,0.9316033855643253,0.33809616377248186,-0.9810141559830952,-1.1676872598353416,-0.67914568407372,-1.1559347102263289,2.280905882663645
1.7603726195472926,0.590048337687597,1.4218005449302442,1.401512344464336,-0.8875151110697495,-0.8916882501868245,0.5653105475373214,0.25462492536786163,0.816496580927726,-1.0279810304039796,0.37967212888114743,1.7496101475022634,-0.592650547840798,0.2462002046576992,-1.5033846310869767,1.773998862195303,-0.05271738295597474,1.3242258334793011,-0.6282411217206918,-0.6039107501479276,-0.42623001504290225,0.26623257679518353,0.2419883118585579,1.3782749432243937,0.15570708143992973,1.754054456494842,1.6314691941892778,2.4215846615822842,3.9773102654988937,-0.5952272282818631,-0.43842229861417986
-0.7581699611438873,0.590048337687597,-1.416771508976971,1.401512344464336,-0.1471497200137397,-0.8916882501868245,1.3166726676818623,0.25462492536786163,0.816496580927726,-0.1914702537906467,0.37967212888114743,0.8459113011114248,1.0327156934390023,0.2462002046576992,-1.5033846310869767,0.16171085284244915,-0.6094000286777269,0.9237707881769819,-0.6282411217206918,-1.150554101574931,-0.42623001504290225,-1.5841782406465175,0.2419883118585579,-0.1645114009902331,-0.6201892226844659,1.754054456494842,0.16194730971731802,-0.0632958993991491,1.4938670923934998,0.8065414765793012,-0.43842229861417986
0.11784484953130574,-2.416437126439847,-1.6126205851854165,1.401512344464336,0.0996387436715968,0.08504925188071054,2.0680347878264036,0.25462492536786163,-1.224744871391589,0.9402796204509211,0.37967212888114743,-0.05778754527941413,1.0327156934390023,1.153253590238697,1.2368204621527703,-0.1778300326274849,0.785047133869919,-0.6780493930322938,1.5917455343596372,-0.6039107501479276,-0.42623001504290225,-0.6589728319256668,-0.9320143892374165,-0.678773515728442,-1.3960855268088614,0.33809616377248186,-0.3278933184400019,-0.3393937395081972,-0.36871528743554577,-0.3148734873096303,-0.43842229861417986
-0.21066070447189164,0.590048337687597,0.19712404306983855,1.401512344464336,-0.7641208792270812,1.0617867539482455,-0.9374136927517607,1.1697805251007627,0.816496580927726,1.2847252343505289,0.37967212888114743,0.8459113011114248,1.0327156934390023,1.153253590238697,-1.5033846310869767,0.2804864191614061,-1.0542120897000309,1.3242258334793011,-0.6282411217206918,-0.6039107501479276,-0.42623001504290225,-0.6589728319256668,0.2419883118585579,0.09261965637887119,-0.6201892226844659,0.33809616377248186,0.4885077284888646,1.317193301146092,-0.67914568407372,1.086895217551534,-0.43842229861417986
0.22734670086570485,0.590048337687597,0.24918518991005814,1.401512344464336,-0.8875151110697495,2.038524256015781,-0.9374136927517607,-1.5756862740979405,0.816496580927726,-1.2248070954894696,1.7855109940078144,0.8459113011114248,1.0327156934390023,0.2462002046576992,1.2368204621527703,0.2925977023102085,-1.6517921476674355,-1.0785044383346125,-0.6282411217206918,0.762697628419581,-0.42623001504290225,1.1914379855160337,-0.9320143892374165,-0.2930769296747854,0.15570708143992973,0.33809616377248186,0.16194730971731802,0.7649976209279952,-0.67914568407372,0.8065414765793012,-0.43842229861417986
0.33684855220010396,-2.416437126439847,1.677148074670369,1.401512344464336,1.827157989468953,0.08504925188071054,-0.9374136927517607,-0.6605306743650394,-1.224744871391589,1.6783773645215088,1.7855109940078144,1.7496101475022634,1.0327156934390023,-0.6608531809232983,1.2368204621527703,1.4217092576213661,0.38759736812866286,0.523315742874663,1.5917455343596372,0.21605427699257748,-0.42623001504290225,1.1914379855160337,-0.9320143892374165,1.3782749432243937,-0.6201892226844659,-1.0778621289498782,-0.9810141559830952,-1.1676872598353416,-0.67914568407372,-1.1559347102263289,2.280905882663645
1.103361511540898,-0.9131943943761252,1.429237851621704,-0.49381713700997326,0.8400041347276065,1.0617867539482455,0.5653105475373214,0.25462492536786163,0.816496580927726,-0.09305722124790168,1.7855109940078144,-0.05778754527941413,-0.18630898752084787,0.2462002046576992,-1.5033846310869767,-0.3051047450157769,-1.0616607592842906,-0.6780493930322938,1.5917455343596372,1.0360193041330827,-0.42623001504290225,0.26623257679518353,-0.9320143892374165,1.121143885855289,0.15570708143992973,1.754054456494842,1.9580296129608248,1.5932911412551396,-0.05828489079737142,0.8065414765793012,-0.43842229861417986
-0.10115885313749245,-2.416437126439847,1.0573725170487065,1.401512344464336,-0.1471497200137397,1.0617867539482455,2.0680347878264036,-1.5756862740979405,0.816496580927726,0.8910731041795484,0.37967212888114743,-0.05778754527941413,1.0327156934390023,1.153253590238697,-1.5033846310869767,-0.3025550011949764,1.6357414167666031,0.523315742874663,-0.6282411217206918,-0.6039107501479276,-0.42623001504290225,1.1914379855160337,1.4159910129545328,0.09261965637887119,0.15570708143992973,0.33809616377248186,-0.0013328996684552844,0.7649976209279952,-0.67914568407372,0.8065414765793012,-0.43842229861417986
-0.6486681098094882,-2.416437126439847,-1.1589448770063595,-0.49381713700997326,-0.023755488171071402,-0.8916882501868245,0.5653105475373214,0.25462492536786163,0.816496580927726,-0.978774514132607,-1.0261667362455194,-0.9614863916702531,0.6263741331190523,-1.5679065665042955,1.2368204621527703,-0.8885711226756263,-0.5609134059122626,-1.0785044383346125,1.5917455343596372,1.8559843312735878,2.3461510562538512,-1.5841782406465175,-0.9320143892374165,-0.9359045730975464,-2.171981830933257,0.33809616377248186,-0.6544537372115486,-0.6154915796172453,-0.36871528743554577,-0.5952272282818631,2.280905882663645
-0.42966440714068993,-2.416437126439847,-0.19953231380802555,1.401512344464336,0.9633983665702748,0.08504925188071054,-0.9374136927517607,1.1697805251007627,0.816496580927726,-1.372426644303587,0.37967212888114743,1.7496101475022634,-0.592650547840798,0.2462002046576992,1.2368204621527703,2.3247435274882124,0.8679662858456406,-0.6780493930322938,-0.6282411217206918,-1.150554101574931,-0.42623001504290225,1.1914379855160337,-0.9320143892374165,-0.1645114009902331,-0.6201892226844659,0.33809616377248186,0.4885077284888646,1.0410954610370433,1.1834366957553255,-1.1559347102263289,-0.43842229861417986
-0.8676718124782865,0.590048337687597,0.25662249660151815,-0.49381713700997326,0.0996387436715968,0.08504925188071054,-0.9374136927517607,1.1697805251007627,-1.224744871391589,1.2847252343505289,-1.0261667362455194,-0.9614863916702531,0.6263741331190523,-1.5679065665042955,1.2368204621527703,-0.8709353945817561,-0.39830754347851677,1.3242258334793011,1.5917455343596372,1.3093409798465845,2.3461510562538512,0.26623257679518353,-0.9320143892374165,-1.0644701017820986,1.707499689688721,0.33809616377248186,-1.1442943653688686,-1.1676872598353416,-0.67914568407372,-1.1559347102263289,2.280905882663645
-0.42966440714068993,0.590048337687597,-0.8465779959650415,-0.49381713700997326,0.4698214391996017,-1.86842575225436,-0.9374136927517607,-0.6605306743650394,-1.224744871391589,-0.6343289002329995,0.37967212888114743,-0.9614863916702531,0.6263741331190523,1.153253590238697,1.2368204621527703,-0.6482577675651785,0.41148932717251485,0.12286069757234404,-0.6282411217206918,0.762697628419581,-0.42623001504290225,-1.5841782406465175,-0.9320143892374165,-0.8073390444129942,0.9316033855643253,0.33809616377248186,-0.6544537372115486,-0.6154915796172453,-0.67914568407372,-0.5952272282818631,-0.43842229861417986
0.8843578088720997,0.590048337687597,0.4252014482746104,-0.49381713700997326,-1.010909342912418,1.0617867539482455,0.5653105475373214,1.1697805251007627,-1.224744871391589,1.235518718079156,0.37967212888114743,-0.9614863916702531,-0.998992108160748,1.153253590238697,-1.5033846310869767,-0.8994075339140284,-0.46492394693019823,0.12286069757234404,-0.6282411217206918,-0.3305890744344259,-0.42623001504290225,1.1914379855160337,1.4159910129545328,-0.4216424583593375,-0.6201892226844659,0.33809616377248186,-0.3278933184400019,-0.3393937395081972,-0.67914568407372,-0.5952272282818631,-0.43842229861417986
1.4318670655440953,0.590048337687597,0.8020249873085814,-0.49381713700997326,-1.010909342912418,-0.8916882501868245,0.5653105475373214,1.1697805251007627,0.816496580927726,0.005355811294843232,0.37967212888114743,1.7496101475022634,0.2200325727991022,1.153253590238697,-1.5033846310869767,2.3151819881602105,-1.0818986540037887,2.5255909693862577,-0.6282411217206918,1.8559843312735878,2.3461510562538512,0.26623257679518353,0.2419883118585579,2.6639302300699157,-1.3960855268088614,-1.0778621289498782,-0.3278933184400019,-0.0632958993991491,-0.36871528743554577,-0.3148734873096303,-0.43842229861417986
-0.42966440714068993,-0.9131943943761252,0.06077342039307275,-0.49381713700997326,-1.010909342912418,1.0617867539482455,1.3166726676818623,0.25462492536786163,-1.224744871391589,0.8910731041795484,1.7855109940078144,-0.05778754527941413,-1.8116752288006481,-0.6608531809232983,-0.1332820844671032,-0.21565123263602584,0.8218688589845614,-0.6780493930322938,1.5917455343596372,-0.6039107501479276,-0.42623001504290225,-1.5841782406465175,0.2419883118585579,-0.678773515728442,-0.6201892226844659,0.33809616377248186,-0.16461310905422857,0.2128019407098989,-0.36871528743554577,-0.5952272282818631,-0.43842229861417986
0.44635040353450317,-0.9131943943761252,0.09300174938939916,-0.49381713700997326,-0.023755488171071402,0.08504925188071054,0.5653105475373214,-1.5756862740979405,0.816496580927726,-0.09305722124790168,0.37967212888114743,2.6533089938931025,0.2200325727991022,0.2462002046576992,-1.5033846310869767,2.744388864661629,-1.4866565483937524,-0.2775943477299748,-0.6282411217206918,0.48937595270607925,-0.42623001504290225,-0.6589728319256668,0.2419883118585579,1.2497094145398413,-0.6201892226844659,1.754054456494842,1.794749403575051,3.2498781819094282,-0.67914568407372,1.9279564404682328,-0.43842229861417986
-1.0866755151470848,0.590048337687597,0.8218578051524746,-0.49381713700997326,0.8400041347276065,1.0617867539482455,2.0680347878264036,0.25462492536786163,-1.224744871391589,-1.4216331605749597,0.37967212888114743,-0.9614863916702531,-0.998992108160748,-0.6608531809232983,-0.1332820844671032,-0.7844565833262723,-0.31299919559840983,2.5255909693862577,-0.6282411217206918,-0.3305890744344259,-0.42623001504290225,-0.6589728319256668,0.2419883118585579,-0.9359045730975464,-0.6201892226844659,0.33809616377248186,-0.8177339465973219,-0.6154915796172453,-0.05828489079737142,-0.5952272282818631,-0.43842229861417986
0.8843578088720997,-2.416437126439847,-1.374626771058698,-0.49381713700997326,1.7037637576262843,-0.8916882501868245,-0.9374136927517607,1.1697805251007627,0.816496580927726,-1.1756005792180972,0.37967212888114743,-0.05778754527941413,-0.998992108160748,-1.5679065665042955,-0.1332820844671032,-0.6097991316014375,-0.03852274846521563,-0.6780493930322938,1.5917455343596372,-0.05726739872092413,-0.42623001504290225,0.26623257679518353,0.2419883118585579,-0.2930769296747854,-0.6201892226844659,0.33809616377248186,0.3252275191030913,1.0410954610370433,-0.67914568407372,1.086895217551534,-0.43842229861417986
1.103361511540898,0.590048337687597,0.37809850589536403,1.401512344464336,-0.6407266473844129,-0.8916882501868245,-0.9374136927517607,1.1697805251007627,-1.224744871391589,0.8418665879081759,0.37967212888114743,-0.05778754527941413,1.0327156934390023,1.153253590238697,1.2368204621527703,-0.49718544618274835,-0.8070005840639384,-0.6780493930322938,1.5917455343596372,0.48937595270607925,-0.42623001504290225,0.26623257679518353,-0.9320143892374165,-0.2930769296747854,-2.171981830933257,0.33809616377248186,0.3252275191030913,-1.1676872598353416,-0.67914568407372,0.8065414765793012,-0.43842229861417986
-0.7581699611438873,0.590048337687597,-1.6473280164122297,-0.49381713700997326,1.5803695257836163,0.08504925188071054,-0.9374136927517607,-1.5756862740979405,-1.224744871391589,-0.880361481589862,0.37967212888114743,-0.9614863916702531,0.6263741331190523,0.2462002046576992,-0.1332820844671032,-0.9287295878532342,-0.38987508734539245,0.523315742874663,1.5917455343596372,-1.150554101574931,-0.42623001504290225,-0.6589728319256668,-0.9320143892374165,-0.5502079870438897,-0.6201892226844659,0.33809616377248186,-0.3278933184400019,-0.6154915796172453,-0.67914568407372,-0.8755809692540959,2.280905882663645
1.4318670655440953,0.590048337687597,0.3384328702075776,-0.49381713700997326,1.827157989468953,0.08504925188071054,-0.9374136927517607,1.1697805251007627,0.816496580927726,1.432344783164646,0.37967212888114743,1.7496101475022634,-0.18630898752084787,0.2462002046576992,-0.1332820844671032,1.5872301273216658,-1.4267861098485703,0.12286069757234404,1.5917455343596372,0.762697628419581,-0.42623001504290225,1.1914379855160337,0.2419883118585579,1.3782749432243937,-0.6201892226844659,0.33809616377248186,0.8150681472604113,1.8693889813641877,-0.36871528743554577,0.24583399463483543,-0.43842229861417986
0.11784484953130574,-0.9131943943761252,1.4589870783875438,-0.49381713700997326,0.0996387436715968,-1.86842575225436,0.5653105475373214,0.25462492536786163,0.816496580927726,0.005355811294843232,0.37967212888114743,-0.9614863916702531,0.6263741331190523,0.2462002046576992,-0.1332820844671032,-0.811441372096411,-0.30723701724077485,-1.0785044383346125,-0.6282411217206918,0.48937595270607925,-0.42623001504290225,-0.6589728319256668,0.2419883118585579,-1.0644701017820986,-2.171981830933257,-1.0778621289498782,-0.8177339465973219,-0.8915894197262935,-0.67914568407372,-0.5952272282818631,-0.43842229861417986
0.9938596602064989,0.590048337687597,-0.5862722617639431,-0.49381713700997326,-0.270543951856408,-0.8916882501868245,0.5653105475373214,1.1697805251007627,0.816496580927726,0.44821445773719587,0.37967212888114743,0.8459113011114248,-0.18630898752084787,0.2462002046576992,-1.5033846310869767,0.922596904699667,1.3906380251637918,1.3242258334793011,-0.6282411217206918,-0.6039107501479276,-0.42623001504290225,-0.6589728319256668,0.2419883118585579,0.2211851850634235,0.15570708143992973,0.33809616377248186,0.16194730971731802,0.7649976209279952,-0.67914568407372,0.8065414765793012,-0.43842229861417986
-1.4151810691502822,0.590048337687597,1.0003531657475135,-0.49381713700997326,0.9633983665702748,-1.86842575225436,0.5653105475373214,1.1697805251007627,-1.224744871391589,-1.2248070954894696,-1.0261667362455194,-0.05778754527941413,-0.18630898752084787,0.2462002046576992,-1.5033846310869767,-0.45171501471180603,1.3778488000285534,-0.6780493930322938,-0.6282411217206918,-0.05726739872092413,-0.42623001504290225,-0.6589728319256668,1.4159910129545328,-0.8073390444129942,2.4833959938131165,0.33809616377248186,-0.4911735278257753,-0.6154915796172453,0.25214550584080275,-0.5952272282818631,-0.43842229861417986
-0.21066070447189164,0.590048337687597,-0.44744253685669066,-0.49381713700997326,0.59321567104227,1.0617867539482455,1.3166726676818623,0.25462492536786163,0.816496580927726,-1.3232201280322147,-1.0261667362455194,-0.9614863916702531,-0.998992108160748,-0.6608531809232983,-1.5033846310869767,-0.5864264799107661,-0.5957675579291761,-0.6780493930322938,1.5917455343596372,2.402627682700591,2.3461510562538512,1.1914379855160337,0.2419883118585579,-0.8073390444129942,-0.6201892226844659,-2.4938204216722384,-0.4911735278257753,-0.6154915796172453,-0.67914568407372,-0.5952272282818631,2.280905882663645
-0.6486681098094882,-0.9131943943761252,0.12523007838572564,-0.49381713700997326,-1.010909342912418,-1.86842575225436,-0.9374136927517607,0.25462492536786163,-1.224744871391589,1.4815512994360187,0.37967212888114743,-0.05778754527941413,-0.18630898752084787,-1.5679065665042955,-0.1332820844671032,-0.5003726259587491,-0.42697789433113914,-0.6780493930322938,-0.6282411217206918,-0.8772324258614294,-0.42623001504290225,0.26623257679518353,0.2419883118585579,-0.9359045730975464,-1.3960855268088614,0.33809616377248186,-0.4911735278257753,-0.3393937395081972,-0.67914568407372,-0.3148734873096303,-0.43842229861417986
-2.072192177156677,-2.416437126439847,-1.2779417840697187,-0.49381713700997326,-0.5173324155417446,-0.8916882501868245,-0.9374136927517607,-0.6605306743650394,0.816496580927726,0.3498014251944509,0.37967212888114743,-0.9614863916702531,0.6263741331190523,1.153253590238697,1.2368204621527703,-1.1584190103770131,-0.11525809927664624,-0.6780493930322938,-0.6282411217206918,-0.05726739872092413,-0.42623001504290225,1.1914379855160337,-0.9320143892374165,-1.4501666878357553,-0.6201892226844659,0.33809616377248186,-1.1442943653688686,-1.1676872598353416,-0.67914568407372,-1.1559347102263289,-0.43842229861417986
1.869874470881692,0.590048337687597,1.5829421899118763,-0.49381713700997326,0.9633983665702748,0.08504925188071054,2.0680347878264036,0.25462492536786163,-1.224744871391589,-0.48670935141888183,0.37967212888114743,0.8459113011114248,-0.18630898752084787,0.2462002046576992,-0.1332820844671032,0.9000741676159293,-0.052014678278214335,2.125135924083939,-0.6282411217206918,-1.150554101574931,-0.42623001504290225,0.26623257679518353,0.2419883118585579,1.3782749432243937,-0.6201892226844659,0.33809616377248186,0.4885077284888646,0.7649976209279952,-0.67914568407372,1.086895217551534,-0.43842229861417986
-0.21066070447189164,0.590048337687597,-0.54412752384567,-0.49381713700997326,1.950552221311621,1.0617867539482455,0.5653105475373214,0.25462492536786163,-1.224744871391589,-0.4375028351475093,0.37967212888114743,0.8459113011114248,-1.8116752288006481,0.2462002046576992,-1.5033846310869767,0.8254941608575145,-1.031303917205043,-0.6780493930322938,1.5917455343596372,-1.150554101574931,-0.42623001504290225,0.26623257679518353,0.2419883118585579,0.6068817711170802,0.15570708143992973,-1.0778621289498782,1.4681889848035046,1.5932911412551396,2.425158282308023,-0.8755809692540959,-0.43842229861417986
-0.7581699611438873,0.590048337687597,-1.61014148295493,-0.49381713700997326,-0.1471497200137397,-0.8916882501868245,-0.9374136927517607,-0.6605306743650394,-1.224744871391589,0.3498014251944509,1.7855109940078144,0.8459113011114248,0.2200325727991022,-1.5679065665042955,-0.1332820844671032,1.0439222148394247,0.49033279201722646,-1.0785044383346125,1.5917455343596372,-0.8772324258614294,-0.42623001504290225,0.26623257679518353,2.5899937140505074,-0.2930769296747854,0.9316033855643253,-1.0778621289498782,0.16194730971731802,0.7649976209279952,-0.36871528743554577,0.8065414765793012,-0.43842229861417986
-1.8531884744878788,0.590048337687597,0.7301310226244685,-0.49381713700997326,0.2230329755142651,0.08504925188071054,0.5653105475373214,1.1697805251007627,-1.224744871391589,1.5799643319787635,-1.0261667362455194,-0.9614863916702531,0.6263741331190523,-1.5679065665042955,1.2368204621527703,-0.8292895788420145,0.556808654533356,-0.6780493930322938,1.5917455343596372,-0.05726739872092413,-0.42623001504290225,-1.5841782406465175,-0.9320143892374165,-1.3216011591512031,-0.6201892226844659,0.33809616377248186,-0.9810141559830952,-1.1676872598353416,-0.67914568407372,-1.1559347102263289,2.280905882663645
-0.7581699611438873,-0.9131943943761252,-1.7192219810963425,-0.49381713700997326,-0.5173324155417446,0.08504925188071054,0.5653105475373214,-0.6605306743650394,-1.224744871391589,-0.28988328633339183,0.37967212888114743,-0.9614863916702531,-0.998992108160748,-0.6608531809232983,1.2368204621527703,-0.8671107788505553,1.603838624396283,-1.0785044383346125,-0.6282411217206918,0.48937595270607925,-0.42623001504290225,-1.5841782406465175,-0.9320143892374165,-0.9359045730975464,0.15570708143992973,0.33809616377248186,-0.6544537372115486,-0.6154915796172453,-0.36871528743554577,-0.5952272282818631,2.280905882663645
-1.196177366481484,0.590048337687597,0.6532788534793824,-0.49381713700997326,-0.8875151110697495,-0.8916882501868245,0.5653105475373214,1.1697805251007627,0.816496580927726,-1.6676657419318222,1.7855109940078144,-0.05778754527941413,-0.18630898752084787,1.153253590238697,-0.1332820844671032,-0.21905089106375983,-1.543013463550133,-0.6780493930322938,-0.6282411217206918,-0.8772324258614294,-0.42623001504290225,-0.6589728319256668,-0.9320143892374165,-0.4216424583593375,-0.6201892226844659,0.33809616377248186,0.16194730971731802,0.7649976209279952,-0.36871528743554577,-0.3148734873096303,-0.43842229861417986
-1.6341847718190805,0.590048337687597,-1.4514789402037842,-0.49381713700997326,-0.1471497200137397,-1.86842575225436,-0.9374136927517607,-0.6605306743650394,0.816496580927726,1.3831382668932737,-2.432005601372186,-0.9614863916702531,-0.998992108160748,-1.5679065665042955,-0.1332820844671032,-0.8609488979502875,-1.044514765146938,-0.6780493930322938,-0.6282411217206918,-0.05726739872092413,-0.42623001504290225,-1.5841782406465175,0.2419883118585579,-0.9359045730975464,0.15570708143992973,-1.0778621289498782,-0.4911735278257753,-0.3393937395081972,-0.36871528743554577,-0.8755809692540959,-0.43842229861417986
1.2128633628752972,0.590048337687597,-1.302732806374585,-0.49381713700997326,-0.3939381836990763,0.08504925188071054,-0.9374136927517607,-1.5756862740979405,0.816496580927726,1.5307578157073911,-1.0261667362455194,-0.05778754527941413,-1.8116752288006481,0.2462002046576992,1.2368204621527703,-0.48082458999927846,-0.16782040917312072,-0.2775943477299748,-0.6282411217206918,-0.6039107501479276,-0.42623001504290225,1.1914379855160337,-0.9320143892374165,0.9925783571707368,-2.171981830933257,0.33809616377248186,-0.8177339465973219,-0.6154915796172453,-0.05828489079737142,-0.5952272282818631,-0.43842229861417986
1.2128633628752972,0.590048337687597,1.3697393980900243,-0.49381713700997326,-0.6407266473844129,1.0617867539482455,-0.9374136927517607,0.25462492536786163,0.816496580927726,0.5958340065513134,-1.0261667362455194,0.8459113011114248,-1.8116752288006481,0.2462002046576992,1.2368204621527703,0.9553186170666068,1.1147561686750769,1.7246808787816201,-0.6282411217206918,-0.3305890744344259,-0.42623001504290225,-0.6589728319256668,-0.9320143892374165,2.0211025866471544,0.15570708143992973,0.33809616377248186,1.304908775417731,1.8693889813641877,0.562575902478977,1.086895217551534,-0.43842229861417986
0.44635040353450317,0.590048337687597,-0.6284169996822161,-0.49381713700997326,-0.270543951856408,-0.8916882501868245,0.5653105475373214,1.1697805251007627,-1.224744871391589,-1.1756005792180972,0.37967212888114743,-0.05778754527941413,-0.18630898752084787,0.2462002046576992,1.2368204621527703,-0.3187033787267129,1.2730052621067085,1.3242258334793011,-0.6282411217206918,-0.3305890744344259,-0.42623001504290225,-0.6589728319256668,-0.9320143892374165,-0.4216424583593375,2.4833959938131165,0.33809616377248186,-0.8177339465973219,-0.6154915796172453,-0.05828489079737142,-0.8755809692540959,-0.43842229861417986
0.22734670086570485,0.590048337687597,-0.8341824848126081,-0.49381713700997326,-1.010909342912418,-1.86842575225436,-0.9374136927517607,1.1697805251007627,-1.224744871391589,-0.043850704976529174,-1.0261667362455194,1.7496101475022634,-0.18630898752084787,1.153253590238697,-0.1332820844671032,1.3256689070378804,-1.0193579376831172,-0.6780493930322938,-0.6282411217206918,0.21605427699257748,-0.42623001504290225,0.26623257679518353,0.2419883118585579,1.2497094145398413,0.15570708143992973,0.33809616377248186,2.284590031732371,0.488899780818947,2.735588678946197,1.086895217551534,-0.43842229861417986
-1.0866755151470848,0.590048337687597,0.6260087289440293,-0.49381713700997326,-0.8875151110697495,1.0617867539482455,-0.9374136927517607,-1.5756862740979405,-1.224744871391589,-0.9295679978612343,0.37967212888114743,-0.05778754527941413,-0.18630898752084787,1.153253590238697,-0.1332820844671032,-0.48358681247181234,-1.356937264879191,-1.0785044383346125,-0.6282411217206918,0.762697628419581,-0.42623001504290225,-0.6589728319256668,0.2419883118585579,-0.9359045730975464,-0.6201892226844659,0.33809616377248186,-0.6544537372115486,-0.6154915796172453,-0.05828489079737142,-0.5952272282818631,-0.43842229861417986
-0.21066070447189164,0.590048337687597,-0.0012041353690934484,-0.49381713700997326,0.0996387436715968,0.08504925188071054,1.3166726676818623,-0.6605306743650394,0.816496580927726,-1.0279810304039796,0.37967212888114743,-0.9614863916702531,-0.998992108160748,1.153253590238697,-1.5033846310869767,-0.5494551945091588,-0.6706758765784298,-0.6780493930322938,-0.6282411217206918,1.3093409798465845,2.3461510562538512,-1.5841782406465175,0.2419883118585579,-1.0644701017820986,0.9316033855643253,-1.0778621289498782,-0.6544537372115486,-0.6154915796172453,-0.36871528743554577,-0.5952272282818631,-0.43842229861417986
0.5558522548689022,0.590048337687597,-1.332482033140425,1.401512344464336,-0.5173324155417446,-0.8916882501868245,-0.1860515726072197,1.1697805251007627,0.816496580927726,1.1863122018077836,0.37967212888114743,2.6533089938931025,-0.592650547840798,0.2462002046576992,-0.1332820844671032,2.5072626893271814,-0.919573873441147,1.3242258334793011,-0.6282411217206918,-0.6039107501479276,-0.42623001504290225,-0.6589728319256668,-0.9320143892374165,1.2497094145398413,0.15570708143992973,1.754054456494842,-0.9810141559830952,-1.1676872598353416,-0.67914568407372,-1.1559347102263289,-0.43842229861417986
1.4318670655440953,0.590048337687597,0.0037540690918797517,-0.49381713700997326,-0.023755488171071402,0.08504925188071054,-0.9374136927517607,-1.5756862740979405,0.816496580927726,-0.09305722124790168,0.37967212888114743,-0.9614863916702531,-0.998992108160748,1.153253590238697,-0.1332820844671032,-0.8760348822233571,0.8224310227267697,0.523315742874663,-0.6282411217206918,0.762697628419581,-0.42623001504290225,-0.6589728319256668,-0.9320143892374165,-0.4216424583593375,1.707499689688721,0.33809616377248186,-0.9810141559830952,-1.1676872598353416,-0.67914568407372,-1.1559347102263289,-0.43842229861417986
2.417383727553688,0.590048337687597,-0.21688602942143215,-0.49381713700997326,-0.8875151110697495,0.08504925188071054,-0.9374136927517607,0.25462492536786163,-1.224744871391589,0.15297536010896076,-1.0261667362455194,1.7496101475022634,-0.18630898752084787,1.153253590238697,1.2368204621527703,1.534747900343522,1.0562911394854155,0.12286069757234404,1.5917455343596372,-0.6039107501479276,-0.42623001504290225,-1.5841782406465175,-0.9320143892374165,2.406799172700811,0.9316033855643253,0.33809616377248186,-0.3278933184400019,-0.3393937395081972,0.562575902478977,-0.3148734873096303,-0.43842229861417986
0.008342998196906542,0.590048337687597,0.8392115207658811,-0.49381713700997326,0.2230329755142651,-0.8916882501868245,0.5653105475373214,-1.5756862740979405,-1.224744871391589,-0.2406767700620193,-2.432005601372186,-0.05778754527941413,-1.8116752288006481,-0.6608531809232983,-0.1332820844671032,-0.3667235540184558,0.009682792429144564,0.9237707881769819,-0.6282411217206918,-0.05726739872092413,-0.42623001504290225,-1.5841782406465175,-0.9320143892374165,0.4783162424325279,-0.6201892226844659,-2.4938204216722384,-0.9810141559830952,-1.1676872598353416,-0.67914568407372,-1.1559347102263289,2.280905882663645
1.979376322216091,-0.9131943943761252,-1.6547653231036896,-0.49381713700997326,1.0867925984129432,1.0617867539482455,0.5653105475373214,0.25462492536786163,0.816496580927726,-0.1914702537906467,0.37967212888114743,-0.05778754527941413,-1.8116752288006481,-0.6608531809232983,-0.1332820844671032,-0.025057882031187865,-0.18566910798823363,0.12286069757234404,1.5917455343596372,-0.3305890744344259,-0.42623001504290225,1.1914379855160337,1.4159910129545328,0.7354472998016324,0.15570708143992973,0.33809616377248186,0.16194730971731802,0.7649976209279952,1.1834366957553255,0.8065414765793012,-0.43842229861417986
0.44635040353450317,-2.416437126439847,-1.3771058732891848,-0.49381713700997326,-0.270543951856408,-1.86842575225436,-0.9374136927517607,-0.6605306743650394,-1.224744871391589,-0.5359158676902545,-2.432005601372186,2.6533089938931025,0.2200325727991022,0.2462002046576992,-1.5033846310869767,2.8621020377219186,0.8391553940574662,-0.6780493930322938,-0.6282411217206918,1.8559843312735878,2.3461510562538512,-0.6589728319256668,1.4159910129545328,1.2497094145398413,0.15570708143992973,0.33809616377248186,2.284590031732371,3.2498781819094282,0.8730062991171512,1.6476026994959998,-0.43842229861417986
0.11784484953130574,0.590048337687597,0.5764266843342962,1.401512344464336,-0.7641208792270812,1.0617867539482455,-0.9374136927517607,-0.6605306743650394,0.816496580927726,-1.1756005792180972,0.37967212888114743,-0.05778754527941413,1.0327156934390023,1.153253590238697,1.2368204621527703,0.07608195619389875,-1.3115425426958724,2.125135924083939,1.5917455343596372,-0.8772324258614294,-0.42623001504290225,0.26623257679518353,-0.9320143892374165,0.9925783571707368,-1.3960855268088614,0.33809616377248186,-0.9810141559830952,-1.1676872598353416,-0.67914568407372,-1.1559347102263289,-0.43842229861417986
-1.196177366481484,-2.416437126439847,-1.332482033140425,1.401512344464336,2.4441291486822943,-0.8916882501868245,0.5653105475373214,-0.6605306743650394,0.816496580927726,0.6450405228226859,-2.432005601372186,-0.05778754527941413,1.0327156934390023,-1.5679065665042955,1.2368204621527703,-0.3259276528856477,1.0540424845165823,2.125135924083939,-0.6282411217206918,0.762697628419581,-0.42623001504290225,1.1914379855160337,-0.9320143892374165,-0.5502079870438897,2.4833959938131165,0.33809616377248186,-0.8177339465973219,-0.6154915796172453,-0.05828489079737142,-0.5952272282818631,2.280905882663645
1.6508707682128936,0.590048337687597,-1.3300029309099384,1.401512344464336,-0.8875151110697495,-1.86842575225436,-0.1860515726072197,-1.5756862740979405,-1.224744871391589,-0.4375028351475093,-2.432005601372186,2.6533089938931025,-0.592650547840798,1.153253590238697,-0.1332820844671032,2.8349047703000467,1.6208440775980837,-0.6780493930322938,-0.6282411217206918,-0.05726739872092413,-0.42623001504290225,1.1914379855160337,0.2419883118585579,2.7924957587544674,0.15570708143992973,0.33809616377248186,4.080672334975878,2.697682501691332,1.1834366957553255,1.3672489585237668,2.280905882663645
0.7748559575377005,0.590048337687597,1.600295905525283,1.401512344464336,2.320734916839626,0.08504925188071054,0.5653105475373214,1.1697805251007627,-1.224744871391589,-0.6343289002329995,1.7855109940078144,1.7496101475022634,1.0327156934390023,1.153253590238697,-0.1332820844671032,1.4484815677397713,-0.36204798210608247,0.12286069757234404,1.5917455343596372,0.762697628419581,-0.42623001504290225,0.26623257679518353,0.2419883118585579,1.5068404719089457,-0.6201892226844659,0.33809616377248186,0.8150681472604113,1.8693889813641877,2.735588678946197,1.9279564404682328,-0.43842229861417986
1.4318670655440953,-2.416437126439847,-1.629974300798823,1.401512344464336,-1.010909342912418,0.08504925188071054,-0.9374136927517607,1.1697805251007627,-1.224744871391589,1.432344783164646,0.37967212888114743,-0.05778754527941413,1.0327156934390023,0.2462002046576992,-0.1332820844671032,-0.033132070797056164,1.490703171276866,-1.0785044383346125,-0.6282411217206918,-0.8772324258614294,-0.42623001504290225,-1.5841782406465175,0.2419883118585579,0.9925783571707368,0.15570708143992973,0.33809616377248186,1.794749403575051,0.7649976209279952,-0.67914568407372,2.488663922412698,-0.43842229861417986
-0.10115885313749245,0.590048337687597,0.20456134976129844,-0.49381713700997326,0.8400041347276065,1.0617867539482455,-0.9374136927517607,0.25462492536786163,-1.224744871391589,-1.1263940629467246,1.7855109940078144,-0.9614863916702531,-0.998992108160748,-1.5679065665042955,1.2368204621527703,-0.7989051316441418,-0.8494439466006638,-0.6780493930322938,-0.6282411217206918,0.21605427699257748,-0.42623001504290225,0.26623257679518353,-0.9320143892374165,0.8640128284861845,-1.3960855268088614,0.33809616377248186,1.6314691941892778,2.4215846615822842,3.9773102654988937,2.7690176633849317,2.280905882663645
0.22734670086570485,-0.9131943943761252,0.3533074835904975,-0.49381713700997326,1.5803695257836163,0.08504925188071054,0.5653105475373214,1.1697805251007627,-1.224744871391589,0.7926600716368034,0.37967212888114743,0.8459113011114248,-0.18630898752084787,-1.5679065665042955,1.2368204621527703,0.9300336575103352,-1.2972073672695612,-0.6780493930322938,1.5917455343596372,-0.6039107501479276,-0.42623001504290225,0.26623257679518353,-0.9320143892374165,1.2497094145398413,-0.6201892226844659,0.33809616377248186,2.284590031732371,0.488899780818947,-0.05828489079737142,1.086895217551534,-0.43842229861417986
-0.42966440714068993,-2.416437126439847,0.5838639910257561,1.401512344464336,-0.1471497200137397,-1.86842575225436,-0.9374136927517607,-0.6605306743650394,-1.224744871391589,1.0878991692650386,-1.0261667362455194,-0.9614863916702531,1.4390572537589523,1.153253590238697,1.2368204621527703,-0.8841090709892254,1.0011990927490038,-1.0785044383346125,-0.6282411217206918,1.0360193041330827,-0.42623001504290225,1.1914379855160337,-0.9320143892374165,-1.0644701017820986,-0.6201892226844659,-1.0778621289498782,-0.8177339465973219,-0.6154915796172453,-0.05828489079737142,-0.5952272282818631,-0.43842229861417986
0.8843578088720997,0.590048337687597,1.0697680282011397,1.401512344464336,0.2230329755142651,-0.8916882501868245,-0.9374136927517607,1.1697805251007627,-1.224744871391589,1.1863122018077836,0.37967212888114743,1.7496101475022634,-0.592650547840798,1.153253590238697,-0.1332820844671032,2.3685141297452876,-1.2520937269573464,0.12286069757234404,-0.6282411217206918,-0.6039107501479276,-0.42623001504290225,-0.6589728319256668,0.2419883118585579,1.8925370579626024,0.9316033855643253,1.754054456494842,0.3252275191030913,-0.3393937395081972,-0.36871528743554577,-0.8755809692540959,-0.43842229861417986
-0.5391662584750891,-2.416437126439847,0.7598802493903084,-0.49381713700997326,2.4441291486822943,1.0617867539482455,0.5653105475373214,1.1697805251007627,-1.224744871391589,0.15297536010896076,0.37967212888114743,-0.9614863916702531,-0.998992108160748,0.2462002046576992,1.2368204621527703,-0.5265075001219542,-0.44665362530842906,2.5255909693862577,-0.6282411217206918,-0.8772324258614294,-0.42623001504290225,-0.6589728319256668,-0.9320143892374165,-0.1645114009902331,-0.6201892226844659,0.33809616377248186,0.16194730971731802,0.7649976209279952,1.4938670923934998,0.8065414765793012,-0.43842229861417986
-0.32016255580629077,0.590048337687597,-1.4539580424342708,1.401512344464336,-1.010909342912418,1.0617867539482455,-0.1860515726072197,-0.6605306743650394,0.816496580927726,0.44821445773719587,1.7855109940078144,-0.05778754527941413,1.0327156934390023,1.153253590238697,-1.5033846310869767,0.6846208147582864,-0.28601533597241224,-1.0785044383346125,-0.6282411217206918,-1.150554101574931,-0.42623001504290225,1.1914379855160337,0.2419883118585579,0.6068817711170802,-0.6201892226844659,-1.0778621289498782,1.304908775417731,-0.8915894197262935,-0.67914568407372,1.3672489585237668,-0.43842229861417986
2.417383727553688,0.590048337687597,0.7102982047805754,1.401512344464336,-1.010909342912418,-0.8916882501868245,2.0680347878264036,-0.6605306743650394,0.816496580927726,0.005355811294843232,0.37967212888114743,0.8459113011114248,-0.592650547840798,1.153253590238697,-0.1332820844671032,1.147611796885312,-0.46028609605697995,0.12286069757234404,1.5917455343596372,-0.3305890744344259,-0.42623001504290225,0.26623257679518353,0.2419883118585579,0.3497507137479757,-1.3960855268088614,-2.4938204216722384,-0.16461310905422857,-0.0632958993991491,-0.67914568407372,-0.03451974633739738,-0.43842229861417986
0.8843578088720997,0.590048337687597,-0.035911566595906545,-2.3891466184842827,1.827157989468953,1.0617867539482455,0.5653105475373214,-0.6605306743650394,0.816496580927726,-1.470839676846332,0.37967212888114743,-0.9614863916702531,-1.405333668480698,-0.6608531809232983,1.2368204621527703,-0.9191680485252324,-0.8425574407586123,-0.6780493930322938,-0.6282411217206918,0.21605427699257748,-0.42623001504290225,-1.5841782406465175,-0.9320143892374165,-0.678773515728442,0.15570708143992973,0.33809616377248186,-0.16461310905422857,-0.3393937395081972,-0.67914568407372,-0.03451974633739738,-0.43842229861417986
1.7603726195472926,-0.9131943943761252,-1.682035447639043,1.401512344464336,-0.8875151110697495,0.08504925188071054,-0.1860515726072197,0.25462492536786163,-1.224744871391589,-1.372426644303587,-1.0261667362455194,0.8459113011114248,1.0327156934390023,-0.6608531809232983,-0.1332820844671032,0.2171677809448602,1.2963350574083523,-0.2775943477299748,-0.6282411217206918,-0.8772324258614294,-0.42623001504290225,-1.5841782406465175,0.2419883118585579,2.406799172700811,-0.6201892226844659,0.33809616377248186,1.304908775417731,0.7649976209279952,1.1834366957553255,2.2083101814404653,-0.43842229861417986
-0.10115885313749245,0.590048337687597,-0.35323665209819793,-0.49381713700997326,0.7166099028849382,0.08504925188071054,1.3166726676818623,-1.5756862740979405,0.816496580927726,0.7434535553654309,0.37967212888114743,-0.05778754527941413,-0.998992108160748,0.2462002046576992,-1.5033846310869767,-0.3546122708696534,-0.9072062711125648,1.7246808787816201,-0.6282411217206918,-0.3305890744344259,-0.42623001504290225,-0.6589728319256668,0.2419883118585579,-0.2930769296747854,0.15570708143992973,-1.0778621289498782,-0.9810141559830952,-1.1676872598353416,-0.67914568407372,-1.1559347102263289,2.280905882663645
-1.196177366481484,-0.9131943943761252,-1.1415911613929528,-0.49381713700997326,-0.8875151110697495,0.08504925188071054,-0.9374136927517607,-1.5756862740979405,0.816496580927726,-0.4375028351475093,0.37967212888114743,-0.9614863916702531,0.6263741331190523,-1.5679065665042955,-0.1332820844671032,-0.947852666509238,0.14516425430134078,1.3242258334793011,1.5917455343596372,-0.3305890744344259,-0.42623001504290225,-0.6589728319256668,0.2419883118585579,-0.678773515728442,-0.6201892226844659,0.33809616377248186,-0.6544537372115486,-0.6154915796172453,-0.36871528743554577,-0.5952272282818631,2.280905882663645
-0.32016255580629077,0.590048337687597,1.3151991490193182,1.401512344464336,0.0996387436715968,1.0617867539482455,-0.9374136927517607,0.25462492536786163,-1.224744871391589,1.038692652993666,0.37967212888114743,-0.9614863916702531,1.4390572537589523,0.2462002046576992,-0.1332820844671032,-0.9100314665006972,0.5757816808328856,-0.6780493930322938,1.5917455343596372,1.0360193041330827,-0.42623001504290225,1.1914379855160337,0.2419883118585579,-1.3216011591512031,-0.6201892226844659,0.33809616377248186,-0.9810141559830952,-0.8915894197262935,-0.67914568407372,-1.1559347102263289,-0.43842229861417986
-0.9771736638126856,0.590048337687597,0.8466488274573412,1.401512344464336,0.0996387436715968,-1.86842575225436,0.5653105475373214,1.1697805251007627,0.816496580927726,0.3990079414658234,0.37967212888114743,-0.9614863916702531,1.4390572537589523,-0.6608531809232983,-0.1332820844671032,-1.1582065317252799,1.2748322942688854,-0.6780493930322938,-0.6282411217206918,1.8559843312735878,2.3461510562538512,-0.6589728319256668,-0.9320143892374165,-1.3216011591512031,1.707499689688721,0.33809616377248186,-0.9810141559830952,-1.1676872598353416,-0.67914568407372,-1.1559347102263289,-0.43842229861417986
0.11784484953130574,-0.9131943943761252,0.9507711211377804,-0.49381713700997326,-0.7641208792270812,1.0617867539482455,1.3166726676818623,0.25462492536786163,0.816496580927726,-1.0771875466753522,0.37967212888114743,-0.9614863916702531,0.6263741331190523,0.2462002046576992,-0.1332820844671032,-0.7823317968089385,-1.5903757588311809,0.12286069757234404,-0.6282411217206918,0.21605427699257748,-0.42623001504290225,-1.5841782406465175,0.2419883118585579,-0.4216424583593375,-0.6201892226844659,0.33809616377248186,-0.8177339465973219,-0.6154915796172453,-0.05828489079737142,-0.5952272282818631,-0.43842229861417986
1.4318670655440953,0.590048337687597,1.6399615412130697,-0.49381713700997326,-0.8875151110697495,1.0617867539482455,0.5653105475373214,-0.6605306743650394,0.816496580927726,-0.1914702537906467,0.37967212888114743,2.6533089938931025,0.2200325727991022,0.2462002046576992,-0.1332820844671032,2.7057177500461544,-0.20520429802997142,-0.2775943477299748,1.5917455343596372,-1.150554101574931,-0.42623001504290225,1.1914379855160337,0.2419883118585579,2.2782336440162587,-0.6201892226844659,-1.0778621289498782,0.16194730971731802,-0.8915894197262935,1.4938670923934998,0.8065414765793012,-0.43842229861417986
0.008342998196906542,0.590048337687597,-1.682035447639043,-0.49381713700997326,-0.7641208792270812,0.08504925188071054,1.3166726676818623,1.1697805251007627,-1.224744871391589,-1.520046193117705,0.37967212888114743,-0.05778754527941413,-1.8116752288006481,-0.6608531809232983,1.2368204621527703,-0.5090842506798176,-0.06536606715566114,0.12286069757234404,-0.6282411217206918,-0.05726739872092413,-0.42623001504290225,-1.5841782406465175,-0.9320143892374165,-0.4216424583593375,0.15570708143992973,-1.0778621289498782,-0.4911735278257753,-0.3393937395081972,-0.67914568407372,-0.8755809692540959,-0.43842229861417986
0.33684855220010396,0.590048337687597,-1.2457134550733922,1.401512344464336,2.073946453154289,0.08504925188071054,-0.1860515726072197,0.25462492536786163,0.816496580927726,0.3990079414658234,0.37967212888114743,-0.05778754527941413,1.0327156934390023,-1.5679065665042955,-0.1332820844671032,0.40223668660463036,1.110821022479619,-0.6780493930322938,-0.6282411217206918,-0.3305890744344259,-0.42623001504290225,-0.6589728319256668,0.2419883118585579,-0.4216424583593375,0.15570708143992973,-1.0778621289498782,-0.0013328996684552844,0.7649976209279952,1.4938670923934998,0.24583399463483543,-0.43842229861417986
-1.196177366481484,-0.9131943943761252,0.2938090300588179,-0.49381713700997326,-1.010909342912418,-1.86842575225436,0.5653105475373214,-1.5756862740979405,-1.224744871391589,0.005355811294843232,-1.0261667362455194,-0.9614863916702531,0.6263741331190523,0.2462002046576992,-1.5033846310869767,-0.9552894193199062,1.5391897940423305,-0.6780493930322938,-0.6282411217206918,-0.6039107501479276,-0.42623001504290225,0.26623257679518353,1.4159910129545328,-0.8073390444129942,1.707499689688721,0.33809616377248186,-0.3278933184400019,-0.3393937395081972,-0.36871528743554577,-0.3148734873096303,-0.43842229861417986
0.9938596602064989,0.590048337687597,-0.9234301651101277,-0.49381713700997326,-1.010909342912418,1.0617867539482455,0.5653105475373214,1.1697805251007627,0.816496580927726,-1.2740136117608423,0.37967212888114743,2.6533089938931025,0.2200325727991022,1.153253590238697,-1.5033846310869767,2.788584424222171,1.0023234202334204,2.5255909693862577,-0.6282411217206918,0.48937595270607925,-0.42623001504290225,1.1914379855160337,1.4159910129545328,1.5068404719089457,-2.171981830933257,0.33809616377248186,-0.8177339465973219,-0.6154915796172453,-0.05828489079737142,-0.5952272282818631,-0.43842229861417986
1.869874470881692,0.590048337687597,0.6929444891671688,1.401512344464336,-0.8875151110697495,1.0617867539482455,-0.9374136927517607,0.25462492536786163,-1.224744871391589,-1.2248070954894696,-1.0261667362455194,0.8459113011114248,1.0327156934390023,0.2462002046576992,-0.1332820844671032,0.8888127990740603,-0.832157411527759,1.3242258334793011,-0.6282411217206918,-1.150554101574931,-0.42623001504290225,-0.6589728319256668,0.2419883118585579,0.2211851850634235,0.9316033855643253,0.33809616377248186,0.3252275191030913,-0.0632958993991491,1.4938670923934998,-1.1559347102263289,-0.43842229861417986
2.08887817355049,-0.9131943943761252,1.0846426415840595,-0.49381713700997326,-0.023755488171071402,0.08504925188071054,0.5653105475373214,-1.5756862740979405,-1.224744871391589,-0.14226373751927418,0.37967212888114743,-0.9614863916702531,0.6263741331190523,0.2462002046576992,-0.1332820844671032,-0.7566218799492,-0.30344241198086896,-0.2775943477299748,-0.6282411217206918,1.0360193041330827,-0.42623001504290225,-0.6589728319256668,0.2419883118585579,0.8640128284861845,0.9316033855643253,0.33809616377248186,-0.3278933184400019,-0.0632958993991491,-0.67914568407372,-0.3148734873096303,-0.43842229861417986
-0.10115885313749245,0.590048337687597,-0.016078748752013348,-0.49381713700997326,0.3464272073569334,2.038524256015781,0.5653105475373214,1.1697805251007627,-1.224744871391589,-0.7327419327757445,-1.0261667362455194,0.8459113011114248,-0.18630898752084787,1.153253590238697,1.2368204621527703,0.5004018237054498,0.19055897648465966,-1.0785044383346125,-0.6282411217206918,-1.150554101574931,-0.42623001504290225,-0.6589728319256668,-0.9320143892374165,0.4783162424325279,-0.6201892226844659,-1.0778621289498782,1.141628566031958,1.0410954610370433,1.4938670923934998,1.086895217551534,-0.43842229861417986
1.979376322216091,-2.416437126439847,-0.8887227338833145,-0.49381713700997326,-0.8875151110697495,-1.86842575225436,0.5653105475373214,0.25462492536786163,0.816496580927726,-1.2740136117608423,-1.0261667362455194,1.7496101475022634,-0.592650547840798,-1.5679065665042955,1.2368204621527703,2.1785582150956495,0.42301368388778465,1.7246808787816201,-0.6282411217206918,-0.05726739872092413,-0.42623001504290225,-0.6589728319256668,-0.9320143892374165,2.535364701385363,0.15570708143992973,1.754054456494842,0.3252275191030913,0.7649976209279952,1.1834366957553255,-0.5952272282818631,-0.43842229861417986
0.6653541062033014,0.590048337687597,-0.9606166985674274,1.401512344464336,1.950552221311621,0.08504925188071054,0.5653105475373214,0.25462492536786163,0.816496580927726,0.6450405228226859,-1.0261667362455194,0.8459113011114248,1.0327156934390023,1.153253590238697,-1.5033846310869767,0.9126104080681984,-1.271207294192428,0.9237707881769819,-0.6282411217206918,-0.6039107501479276,-0.42623001504290225,0.26623257679518353,0.2419883118585579,0.8640128284861845,1.707499689688721,0.33809616377248186,-0.9810141559830952,-1.1676872598353416,-0.67914568407372,-1.1559347102263289,-0.43842229861417986
-1.8531884744878788,-0.9131943943761252,-0.08301450897515295,1.401512344464336,-0.023755488171071402,0.08504925188071054,-0.1860515726072197,1.1697805251007627,-1.224744871391589,-0.585122383961627,0.37967212888114743,-0.9614863916702531,1.4390572537589523,1.153253590238697,1.2368204621527703,-0.8881461653721595,0.4064298534926403,-0.6780493930322938,1.5917455343596372,-0.3305890744344259,-0.42623001504290225,-0.6589728319256668,-0.9320143892374165,-1.193035630466651,0.15570708143992973,0.33809616377248186,-0.8177339465973219,-0.6154915796172453,-0.67914568407372,-0.5952272282818631,2.280905882663645
-1.7436866231534796,0.590048337687597,1.3176782512498049,-0.49381713700997326,0.0996387436715968,0.08504925188071054,-0.9374136927517607,0.25462492536786163,-1.224744871391589,-1.470839676846332,-1.0261667362455194,-0.9614863916702531,-0.998992108160748,-1.5679065665042955,1.2368204621527703,-1.0808643024943312,0.41387852307690004,-0.6780493930322938,-0.6282411217206918,-0.6039107501479276,-0.42623001504290225,-1.5841782406465175,-0.9320143892374165,-1.3216011591512031,2.4833959938131165,-1.0778621289498782,-0.9810141559830952,-1.1676872598353416,-0.36871528743554577,-1.1559347102263289,2.280905882663645
0.9938596602064989,0.590048337687597,0.4970954129587232,-0.49381713700997326,-0.1471497200137397,1.0617867539482455,-0.9374136927517607,1.1697805251007627,-1.224744871391589,0.3990079414658234,-1.0261667362455194,-0.05778754527941413,0.6263741331190523,-1.5679065665042955,-1.5033846310869767,-0.40114509559926265,0.9438583910437588,2.125135924083939,1.5917455343596372,2.1293060069870893,2.3461510562538512,-1.5841782406465175,2.5899937140505074,0.9925783571707368,-0.6201892226844659,0.33809616377248186,1.4681889848035046,2.4215846615822842,-0.36871528743554577,0.8065414765793012,-0.43842229861417986
1.5413689168784943,0.590048337687597,1.2904081267144516,-0.49381713700997326,-0.6407266473844129,1.0617867539482455,-0.9374136927517607,-1.5756862740979405,0.816496580927726,-1.5692527093890773,0.37967212888114743,-0.9614863916702531,0.6263741331190523,0.2462002046576992,-0.1332820844671032,-0.8588241114329537,-0.5595079965567418,2.5255909693862577,1.5917455343596372,-0.8772324258614294,-0.42623001504290225,0.26623257679518353,2.5899937140505074,0.8640128284861845,-0.6201892226844659,1.754054456494842,0.4885077284888646,-1.1676872598353416,-0.05828489079737142,0.8065414765793012,2.280905882663645
-0.9771736638126856,-2.416437126439847,1.3970095226253776,-0.49381713700997326,1.827157989468953,-0.8916882501868245,2.0680347878264036,-0.6605306743650394,0.816496580927726,0.3005949089230784,-1.0261667362455194,0.8459113011114248,-1.8116752288006481,-1.5679065665042955,1.2368204621527703,0.47150472706971075,-0.27519368393490273,-0.6780493930322938,-0.6282411217206918,-0.8772324258614294,-0.42623001504290225,-1.5841782406465175,-0.9320143892374165,-0.1645114009902331,-0.6201892226844659,-1.0778621289498782,0.4885077284888646,0.7649976209279952,-0.36871528743554577,1.3672489585237668,2.280905882663645
-1.196177366481484,0.590048337687597,-1.5134564959659504,-0.49381713700997326,-1.010909342912418,-0.8916882501868245,0.5653105475373214,-1.5756862740979405,0.816496580927726,-0.33908980260476435,-1.0261667362455194,-0.9614863916702531,-0.998992108160748,-1.5679065665042955,-0.1332820844671032,-0.5413810057432906,-0.44581037969511667,-0.6780493930322938,-0.6282411217206918,0.21605427699257748,-0.42623001504290225,-1.5841782406465175,1.4159910129545328,-0.678773515728442,-0.6201892226844659,0.33809616377248186,-0.3278933184400019,-0.3393937395081972,-0.36871528743554577,-0.3148734873096303,-0.43842229861417986
-0.7581699611438873,0.590048337687597,0.925980098832914,-0.49381713700997326,1.3335810620982798,0.08504925188071054,1.3166726676818623,0.25462492536786163,0.816496580927726,0.9402796204509211,0.37967212888114743,-0.05778754527941413,-0.18630898752084787,-1.5679065665042955,-0.1332820844671032,0.7339158619604295,-0.7332165928991012,-1.0785044383346125,-0.6282411217206918,-0.05726739872092413,-0.42623001504290225,0.26623257679518353,0.2419883118585579,-0.5502079870438897,-1.3960855268088614,-1.0778621289498782,-0.16461310905422857,-0.6154915796172453,-0.67914568407372,-0.5952272282818631,-0.43842229861417986
0.44635040353450317,0.590048337687597,-0.7275810889016822,-0.49381713700997326,-0.270543951856408,-0.8916882501868245,2.0680347878264036,-0.6605306743650394,-1.224744871391589,-1.1263940629467246,1.7855109940078144,-0.9614863916702531,0.6263741331190523,0.2462002046576992,-0.1332820844671032,-0.664406145096915,0.6394467246379737,-0.6780493930322938,-0.6282411217206918,-0.6039107501479276,-0.42623001504290225,0.26623257679518353,-0.9320143892374165,-0.1645114009902331,0.15570708143992973,0.33809616377248186,0.4885077284888646,0.488899780818947,-0.67914568407372,1.086895217551534,-0.43842229861417986
0.11784484953130574,0.590048337687597,-1.1713403881587927,-0.49381713700997326,0.9633983665702748,-1.86842575225436,-0.9374136927517607,0.25462492536786163,-1.224744871391589,-0.043850704976529174,-1.0261667362455194,0.8459113011114248,-1.8116752288006481,0.2462002046576992,-0.1332820844671032,0.49296507089478164,1.44685439938462,-1.0785044383346125,-0.6282411217206918,0.762697628419581,-0.42623001504290225,-1.5841782406465175,0.2419883118585579,1.121143885855289,0.9316033855643253,-1.0778621289498782,1.9580296129608248,1.317193301146092,-0.36871528743554577,1.3672489585237668,-0.43842229861417986
0.33684855220010396,0.590048337687597,1.7093764036666956,-0.49381713700997326,1.3335810620982798,1.0617867539482455,2.0680347878264036,-1.5756862740979405,0.816496580927726,-0.2406767700620193,0.37967212888114743,0.8459113011114248,-1.8116752288006481,1.153253590238697,-0.1332820844671032,0.8114705698431116,1.7186605687423249,0.523315742874663,-0.6282411217206918,1.3093409798465845,2.3461510562538512,1.1914379855160337,0.2419883118585579,0.3497507137479757,2.4833959938131165,0.33809616377248186,0.651787937874638,1.5932911412551396,2.735588678946197,-0.8755809692540959,-0.43842229861417986
-1.0866755151470848,-2.416437126439847,1.1763694241120657,-0.49381713700997326,-0.1471497200137397,2.038524256015781,-0.9374136927517607,-1.5756862740979405,0.816496580927726,1.038692652993666,-2.432005601372186,-0.9614863916702531,-0.998992108160748,0.2462002046576992,-0.1332820844671032,-0.39987022368886244,-1.1867421919256336,-0.6780493930322938,-0.6282411217206918,1.0360193041330827,-0.42623001504290225,1.1914379855160337,2.5899937140505074,-1.0644701017820986,0.9316033855643253,0.33809616377248186,-0.6544537372115486,-0.6154915796172453,-0.36871528743554577,-0.5952272282818631,-0.43842229861417986
1.979376322216091,-0.9131943943761252,0.7152564092415487,-0.49381713700997326,-0.8875151110697495,-1.86842575225436,-0.9374136927517607,1.1697805251007627,0.816496580927726,-0.043850704976529174,0.37967212888114743,0.8459113011114248,-0.18630898752084787,-0.6608531809232983,-0.1332820844671032,0.9504316080767392,0.21079687120415777,0.12286069757234404,-0.6282411217206918,0.762697628419581,-0.42623001504290225,-0.6589728319256668,0.2419883118585579,1.5068404719089457,0.9316033855643253,0.33809616377248186,-0.6544537372115486,-0.6154915796172453,-0.36871528743554577,-0.5952272282818631,-0.43842229861417986
-0.9771736638126856,0.590048337687597,0.13514648730767223,-0.49381713700997326,0.0996387436715968,0.08504925188071054,1.3166726676818623,0.25462492536786163,-1.224744871391589,-0.33908980260476435,0.37967212888114743,-0.05778754527941413,0.6263741331190523,0.2462002046576992,1.2368204621527703,-0.6040622080046364,-0.9000386833994092,0.12286069757234404,-0.6282411217206918,-0.6039107501479276,-0.42623001504290225,1.1914379855160337,-0.9320143892374165,-0.1645114009902331,0.9316033855643253,1.754054456494842,0.16194730971731802,0.7649976209279952,-0.36871528743554577,0.8065414765793012,-0.43842229861417986
0.7748559575377005,0.590048337687597,1.4218005449302442,-2.3891466184842827,-1.010909342912418,-0.8916882501868245,0.5653105475373214,-0.6605306743650394,0.816496580927726,1.235518718079156,-1.0261667362455194,0.8459113011114248,-1.405333668480698,-1.5679065665042955,-0.1332820844671032,0.8454671541204517,-1.68467872658662,2.5255909693862577,-0.6282411217206918,-0.3305890744344259,-0.42623001504290225,1.1914379855160337,0.2419883118585579,1.6354060005934978,-1.3960855268088614,0.33809616377248186,2.1213098223465976,0.488899780818947,0.25214550584080275,0.5261877356070683,2.280905882663645
-0.42966440714068993,0.590048337687597,-0.36811126548111783,-0.49381713700997326,-0.5173324155417446,0.08504925188071054,-0.9374136927517607,1.1697805251007627,0.816496580927726,-1.5692527093890773,-1.0261667362455194,0.8459113011114248,-1.8116752288006481,1.153253590238697,-1.5033846310869767,0.13090144834110964,0.969858464120892,0.523315742874663,-0.6282411217206918,-0.05726739872092413,-0.42623001504290225,0.26623257679518353,0.2419883118585579,-0.2930769296747854,-0.6201892226844659,0.33809616377248186,-0.6544537372115486,-0.6154915796172453,-0.36871528743554577,-0.5952272282818631,-0.43842229861417986
-0.21066070447189164,0.590048337687597,0.99539496128654,1.401512344464336,-0.6407266473844129,0.08504925188071054,2.0680347878264036,1.1697805251007627,0.816496580927726,0.9894861367222935,0.37967212888114743,0.8459113011114248,1.0327156934390023,-1.5679065665042955,1.2368204621527703,0.6542363675604137,-0.5593674556211897,-1.0785044383346125,1.5917455343596372,1.8559843312735878,2.3461510562538512,-1.5841782406465175,-0.9320143892374165,-0.2930769296747854,-0.6201892226844659,0.33809616377248186,0.16194730971731802,0.7649976209279952,0.562575902478977,0.8065414765793012,2.280905882663645
-0.42966440714068993,-0.9131943943761252,0.06077342039307275,-0.49381713700997326,2.4441291486822943,1.0617867539482455,0.5653105475373214,-1.5756862740979405,-1.224744871391589,-0.585122383961627,-1.0261667362455194,-0.05778754527941413,0.6263741331190523,0.2462002046576992,1.2368204621527703,-0.42388031133473386,-1.571824355338307,-0.6780493930322938,-0.6282411217206918,1.8559843312735878,2.3461510562538512,-0.6589728319256668,-0.9320143892374165,0.3497507137479757,0.9316033855643253,0.33809616377248186,0.9783483566461848,0.7649976209279952,0.25214550584080275,1.086895217551534,2.280905882663645
-0.9771736638126856,0.590048337687597,0.22935237206616493,-0.49381713700997326,0.7166099028849382,-0.8916882501868245,-0.9374136927517607,-1.5756862740979405,0.816496580927726,-0.781948449047117,0.37967212888114743,-0.9614863916702531,-0.998992108160748,0.2462002046576992,-1.5033846310869767,-0.912793688973231,1.1480643704009177,-0.6780493930322938,-0.6282411217206918,0.21605427699257748,-0.42623001504290225,1.1914379855160337,0.2419883118585579,-0.9359045730975464,1.707499689688721,-1.0778621289498782,-0.4911735278257753,-0.6154915796172453,-0.05828489079737142,-0.5952272282818631,-0.43842229861417986
-0.32016255580629077,-0.9131943943761252,-0.4573589457786373,-0.49381713700997326,-0.7641208792270812,-1.86842575225436,-0.9374136927517607,-1.5756862740979405,0.816496580927726,-1.0279810304039796,0.37967212888114743,-0.05778754527941413,-1.8116752288006481,1.153253590238697,1.2368204621527703,0.26625034949527,1.1177075283216704,-1.0785044383346125,-0.6282411217206918,0.48937595270607925,-0.42623001504290225,0.26623257679518353,-0.9320143892374165,-0.5502079870438897,-1.3960855268088614,-1.0778621289498782,-0.16461310905422857,-0.6154915796172453,-0.67914568407372,-0.03451974633739738,-0.43842229861417986
0.008342998196906542,0.590048337687597,-1.2234015349990124,1.401512344464336,0.0996387436715968,1.0617867539482455,-0.9374136927517607,1.1697805251007627,-1.224744871391589,1.0878991692650386,-1.0261667362455194,-0.05778754527941413,1.0327156934390023,1.153253590238697,-1.5033846310869767,0.04059802135442505,1.3927461391970728,-0.2775943477299748,1.5917455343596372,-0.3305890744344259,-0.42623001504290225,0.26623257679518353,2.5899937140505074,-0.4216424583593375,1.707499689688721,0.33809616377248186,-0.9810141559830952,-1.1676872598353416,-0.67914568407372,-1.1559347102263289,-0.43842229861417986
-1.3056792178158831,0.590048337687597,1.03258149474384,-0.49381713700997326,-0.6407266473844129,-1.86842575225436,2.0680347878264036,1.1697805251007627,0.816496580927726,-1.6676657419318222,0.37967212888114743,-0.9614863916702531,-0.998992108160748,1.153253590238697,-0.1332820844671032,-0.5974753698009017,-1.364385934463451,-0.6780493930322938,1.5917455343596372,-0.05726739872092413,-0.42623001504290225,-0.6589728319256668,0.2419883118585579,-0.5502079870438897,0.15570708143992973,1.754054456494842,-0.0013328996684552844,0.7649976209279952,0.8730062991171512,0.5261877356070683,2.280905882663645
-1.196177366481484,0.590048337687597,1.3077618423278583,-0.49381713700997326,1.456975293940948,0.08504925188071054,0.5653105475373214,-1.5756862740979405,0.816496580927726,-1.4216331605749597,0.37967212888114743,-0.9614863916702531,-0.998992108160748,0.2462002046576992,-1.5033846310869767,-0.8766723181785573,0.7111226017695297,-0.6780493930322938,-0.6282411217206918,1.3093409798465845,2.3461510562538512,0.26623257679518353,0.2419883118585579,-1.3216011591512031,-2.171981830933257,-1.0778621289498782,-0.9810141559830952,-0.8915894197262935,-0.67914568407372,-1.1559347102263289,2.280905882663645
-0.42966440714068993,0.590048337687597,0.5318028441855365,-0.49381713700997326,1.950552221311621,0.08504925188071054,0.5653105475373214,-1.5756862740979405,0.816496580927726,-0.5359158676902545,-1.0261667362455194,-0.9614863916702531,0.6263741331190523,-0.6608531809232983,1.2368204621527703,-0.8902709518894932,-1.590937922573389,0.523315742874663,1.5917455343596372,1.3093409798465845,2.3461510562538512,-0.6589728319256668,-0.9320143892374165,-0.8073390444129942,-2.171981830933257,0.33809616377248186,-0.8177339465973219,-0.6154915796172453,-0.05828489079737142,-0.5952272282818631,2.280905882663645
0.5558522548689022,0.590048337687597,-0.8267451781211482,-0.49381713700997326,-0.8875151110697495,-0.8916882501868245,0.5653105475373214,1.1697805251007627,0.816496580927726,-1.520046193117705,0.37967212888114743,1.7496101475022634,-0.592650547840798,-1.5679065665042955,-0.1332820844671032,2.3717013095212884,0.012071988333529765,-1.0785044383346125,-0.6282411217206918,0.48937595270607925,-0.42623001504290225,1.1914379855160337,0.2419883118585579,1.5068404719089457,0.15570708143992973,0.33809616377248186,2.447870241118145,0.488899780818947,3.356449472222545,0.8065414765793012,-0.43842229861417986
-0.9771736638126856,-0.9131943943761252,0.5119700263416432,-0.49381713700997326,-1.010909342912418,0.08504925188071054,0.5653105475373214,-1.5756862740979405,0.816496580927726,-1.0279810304039796,-1.0261667362455194,-0.9614863916702531,-0.998992108160748,-0.6608531809232983,-1.5033846310869767,-0.830139493448948,-1.0053038441279103,-0.6780493930322938,-0.6282411217206918,-0.05726739872092413,-0.42623001504290225,-1.5841782406465175,1.4159910129545328,-1.3216011591512031,-0.6201892226844659,0.33809616377248186,-0.9810141559830952,-1.1676872598353416,-0.67914568407372,-1.1559347102263289,2.280905882663645
1.4318670655440953,-0.9131943943761252,0.38801491481731065,1.401512344464336,-1.010909342912418,1.0617867539482455,1.3166726676818623,1.1697805251007627,0.816496580927726,0.7434535553654309,0.37967212888114743,-0.05778754527941413,1.0327156934390023,0.2462002046576992,1.2368204621527703,-0.37713500795339117,0.41289473652803554,0.12286069757234404,1.5917455343596372,-0.3305890744344259,-0.42623001504290225,1.1914379855160337,-0.9320143892374165,-0.8073390444129942,0.9316033855643253,0.33809616377248186,-1.1442943653688686,-1.1676872598353416,-0.67914568407372,-1.1559347102263289,2.280905882663645
-0.42966440714068993,-0.9131943943761252,0.41528503935266375,1.401512344464336,-0.270543951856408,0.08504925188071054,-0.9374136927517607,1.1697805251007627,-1.224744871391589,-1.7660787744745672,0.37967212888114743,-0.05778754527941413,1.0327156934390023,-0.6608531809232983,-0.1332820844671032,-0.46765091359180916,-0.12818786534743673,-1.0785044383346125,-0.6282411217206918,0.48937595270607925,-0.42623001504290225,0.26623257679518353,0.2419883118585579,-0.9359045730975464,0.15570708143992973,0.33809616377248186,-0.6544537372115486,-0.6154915796172453,-0.67914568407372,-0.5952272282818631,-0.43842229861417986
-0.32016255580629077,-2.416437126439847,-0.26150986957019184,-0.49381713700997326,-0.7641208792270812,1.0617867539482455,-0.9374136927517607,0.25462492536786163,0.816496580927726,-1.2740136117608423,-1.0261667362455194,-0.9614863916702531,0.6263741331190523,1.153253590238697,-0.1332820844671032,-0.7487601698350651,1.1475022066587093,0.12286069757234404,-0.6282411217206918,0.48937595270607925,-0.42623001504290225,1.1914379855160337,2.5899937140505074,-0.678773515728442,-0.6201892226844659,0.33809616377248186,-1.1442943653688686,-1.1676872598353416,-0.67914568407372,-1.1559347102263289,-0.43842229861417986
1.2128633628752972,-2.416437126439847,1.139182890654766,-0.49381713700997326,-1.010909342912418,1.0617867539482455,0.5653105475373214,-1.5756862740979405,0.816496580927726,-1.520046193117705,1.7855109940078144,1.7496101475022634,-0.592650547840798,1.153253590238697,1.2368204621527703,2.2059679611692555,0.25872133022741395,-0.2775943477299748,-0.6282411217206918,1.8559843312735878,2.3461510562538512,0.26623257679518353,-0.9320143892374165,2.0211025866471544,0.15570708143992973,-1.0778621289498782,-0.3278933184400019,-0.0632958993991491,-0.05828489079737142,-0.8755809692540959,-0.43842229861417986
0.8843578088720997,-2.416437126439847,0.6136132177915959,1.401512344464336,-0.023755488171071402,1.0617867539482455,-0.9374136927517607,-0.6605306743650394,-1.224744871391589,-0.043850704976529174,-1.0261667362455194,-0.05778754527941413,1.0327156934390023,0.2462002046576992,-0.1332820844671032,-0.19334097420402133,0.5139436691899745,-0.6780493930322938,-0.6282411217206918,-0.6039107501479276,-0.42623001504290225,1.1914379855160337,0.2419883118585579,0.4783162424325279,-0.6201892226844659,0.33809616377248186,1.304908775417731,1.5932911412551396,0.562575902478977,2.2083101814404653,-0.43842229861417986
1.6508707682128936,0.590048337687597,0.47478349288434346,-0.49381713700997326,-0.270543951856408,1.0617867539482455,-0.9374136927517607,-0.6605306743650394,0.816496580927726,1.038692652993666,0.37967212888114743,0.8459113011114248,-1.8116752288006481,-0.6608531809232983,1.2368204621527703,0.8376054440063169,0.14179127184809107,1.7246808787816201,-0.6282411217206918,1.0360193041330827,-0.42623001504290225,1.1914379855160337,-0.9320143892374165,0.8640128284861845,0.9316033855643253,0.33809616377248186,0.16194730971731802,0.488899780818947,0.562575902478977,-1.1559347102263289,-0.43842229861417986
0.11784484953130574,0.590048337687597,-0.08053540674466624,1.401512344464336,0.0996387436715968,1.0617867539482455,-0.1860515726072197,0.25462492536786163,0.816496580927726,0.3498014251944509,-1.0261667362455194,0.8459113011114248,1.0327156934390023,0.2462002046576992,-1.5033846310869767,0.47532934280091155,-1.2289044725912548,-1.0785044383346125,1.5917455343596372,-0.3305890744344259,-0.42623001504290225,-0.6589728319256668,1.4159910129545328,-0.2930769296747854,-0.6201892226844659,0.33809616377248186,0.16194730971731802,0.7649976209279952,-0.05828489079737142,0.8065414765793012,-0.43842229861417986
-0.8676718124782865,0.590048337687597,0.754922044929335,-0.49381713700997326,2.320734916839626,1.0617867539482455,-0.9374136927517607,0.25462492536786163,-1.224744871391589,1.333931750621901,0.37967212888114743,-0.9614863916702531,0.6263741331190523,1.153253590238697,-1.5033846310869767,-0.8475627428910848,1.778531007287507,0.523315742874663,-0.6282411217206918,1.8559843312735878,2.3461510562538512,-1.5841782406465175,0.2419883118585579,-0.035945872305680915,-1.3960855268088614,0.33809616377248186,-0.0013328996684552844,0.2128019407098989,-0.36871528743554577,0.8065414765793012,-0.43842229861417986
-0.9771736638126856,0.590048337687597,0.36570299474293083,-0.49381713700997326,-0.7641208792270812,0.08504925188071054,0.5653105475373214,1.1697805251007627,-1.224744871391589,1.333931750621901,0.37967212888114743,0.8459113011114248,-0.18630898752084787,-0.6608531809232983,-1.5033846310869767,0.24479000567019898,-0.8817683617776401,-1.0785044383346125,-0.6282411217206918,0.48937595270607925,-0.42623001504290225,-0.6589728319256668,2.5899937140505074,-0.1645114009902331,0.15570708143992973,-1.0778621289498782,0.3252275191030913,0.7649976209279952,-0.36871528743554577,0.8065414765793012,-0.43842229861417986
0.9938596602064989,0.590048337687597,-0.9829286186418073,1.401512344464336,-0.7641208792270812,-1.86842575225436,-0.1860515726072197,-1.5756862740979405,0.816496580927726,-0.683535416504372,0.37967212888114743,1.7496101475022634,-0.592650547840798,0.2462002046576992,-0.1332820844671032,2.329205579174613,0.18029948818935848,0.12286069757234404,-0.6282411217206918,-0.8772324258614294,-0.42623001504290225,1.1914379855160337,0.2419883118585579,1.5068404719089457,0.15570708143992973,0.33809616377248186,0.8150681472604113,1.317193301146092,0.562575902478977,1.3672489585237668,-0.43842229861417986
0.11784484953130574,0.590048337687597,-1.6671608342561228,1.401512344464336,-0.8875151110697495,-0.8916882501868245,-0.1860515726072197,1.1697805251007627,0.816496580927726,-1.6676657419318222,0.37967212888114743,0.8459113011114248,1.0327156934390023,-0.6608531809232983,1.2368204621527703,0.18019649554325284,0.8862366074674098,1.7246808787816201,-0.6282411217206918,0.21605427699257748,-0.42623001504290225,0.26623257679518353,-0.9320143892374165,-0.1645114009902331,-0.6201892226844659,0.33809616377248186,-0.9810141559830952,-1.1676872598353416,-0.67914568407372,-1.1559347102263289,-0.43842229861417986
0.6653541062033014,-0.9131943943761252,0.6929444891671688,-0.49381713700997326,2.197340684996958,0.08504925188071054,-0.9374136927517607,0.25462492536786163,-1.224744871391589,0.8418665879081759,0.37967212888114743,0.8459113011114248,-0.18630898752084787,-1.5679065665042955,-0.1332820844671032,0.9172849384063326,-0.39043725108760075,2.125135924083939,-0.6282411217206918,-1.150554101574931,-0.42623001504290225,0.26623257679518353,0.2419883118585579,0.8640128284861845,-1.3960855268088614,0.33809616377248186,0.16194730971731802,0.7649976209279952,-0.67914568407372,-0.8755809692540959,-0.43842229861417986
0.22734670086570485,-0.9131943943761252,-1.4861863714305974,-0.49381713700997326,-0.8875151110697495,0.08504925188071054,-0.9374136927517607,-1.5756862740979405,0.816496580927726,0.8910731041795484,0.37967212888114743,1.7496101475022634,-1.8116752288006481,1.153253590238697,-1.5033846310869767,1.2039186395946562,-0.10766888875683445,1.7246808787816201,-0.6282411217206918,-1.150554101574931,-0.42623001504290225,1.1914379855160337,2.5899937140505074,1.2497094145398413,0.9316033855643253,0.33809616377248186,1.794749403575051,0.7649976209279952,2.735588678946197,0.24583399463483543,2.280905882663645
0.33684855220010396,0.590048337687597,1.2532215932571518,-0.49381713700997326,0.59321567104227,0.08504925188071054,0.5653105475373214,0.25462492536786163,0.816496580927726,-1.0771875466753522,-1.0261667362455194,2.6533089938931025,0.2200325727991022,0.2462002046576992,1.2368204621527703,2.7883719455704377,0.45407323064479227,-0.6780493930322938,-0.6282411217206918,-0.3305890744344259,-0.42623001504290225,-1.5841782406465175,-0.9320143892374165,1.2497094145398413,-0.6201892226844659,1.754054456494842,2.1213098223465976,0.7649976209279952,0.562575902478977,1.3672489585237668,-0.43842229861417986
-1.7436866231534796,0.590048337687597,0.44999247057947694,-0.49381713700997326,-1.010909342912418,-1.86842575225436,2.0680347878264036,1.1697805251007627,-1.224744871391589,0.20218187638033325,-1.0261667362455194,-0.9614863916702531,0.6263741331190523,-0.6608531809232983,1.2368204621527703,-0.9419032642607035,1.5477627911110068,-0.6780493930322938,1.5917455343596372,-1.150554101574931,-0.42623001504290225,0.26623257679518353,-0.9320143892374165,-1.193035630466651,2.4833959938131165,1.754054456494842,-0.8177339465973219,-0.6154915796172453,-0.05828489079737142,-0.5952272282818631,-0.43842229861417986
0.22734670086570485,-2.416437126439847,-0.9011182450357478,-0.49381713700997326,-0.023755488171071402,0.08504925188071054,-0.9374136927517607,0.25462492536786163,0.816496580927726,0.20218187638033325,0.37967212888114743,-0.05778754527941413,-0.998992108160748,-0.6608531809232983,1.2368204621527703,0.05929614270696216,-0.7790329378890763,2.5255909693862577,-0.6282411217206918,-0.05726739872092413,-0.42623001504290225,0.26623257679518353,-0.9320143892374165,-0.2930769296747854,-0.6201892226844659,-1.0778621289498782,-0.3278933184400019,-0.0632958993991491,-0.67914568407372,-0.3148734873096303,-0.43842229861417986
-0.10115885313749245,-2.416437126439847,-1.4514789402037842,-0.49381713700997326,1.0867925984129432,1.0617867539482455,-0.9374136927517607,-1.5756862740979405,0.816496580927726,0.5958340065513134,0.37967212888114743,-0.05778754527941413,-0.18630898752084787,1.153253590238697,1.2368204621527703,0.2711373584851376,1.254313317678283,-0.2775943477299748,-0.6282411217206918,1.3093409798465845,2.3461510562538512,-1.5841782406465175,-0.9320143892374165,0.8640128284861845,-2.171981830933257,0.33809616377248186,0.651787937874638,1.317193301146092,-0.67914568407372,1.3672489585237668,-0.43842229861417986
-0.6486681098094882,-0.9131943943761252,-0.02351605544347335,1.401512344464336,1.3335810620982798,0.08504925188071054,-0.9374136927517607,0.25462492536786163,0.816496580927726,0.05456232756621574,1.7855109940078144,-0.9614863916702531,1.4390572537589523,1.153253590238697,-0.1332820844671032,-0.7887061563609398,1.0776533616893302,-1.0785044383346125,-0.6282411217206918,-0.8772324258614294,-0.42623001504290225,-1.5841782406465175,0.2419883118585579,-1.0644701017820986,0.9316033855643253,0.33809616377248186,-0.8177339465973219,-0.6154915796172453,-0.05828489079737142,-0.5952272282818631,-0.43842229861417986
-0.9771736638126856,0.590048337687597,1.607733212216743,-0.49381713700997326,-0.8875151110697495,-1.86842575225436,-0.9374136927517607,-1.5756862740979405,0.816496580927726,0.05456232756621574,-1.0261667362455194,-0.9614863916702531,0.6263741331190523,-0.6608531809232983,-0.1332820844671032,-0.7015899091502558,0.7867336250965438,-1.0785044383346125,-0.6282411217206918,0.48937595270607925,-0.42623001504290225,-1.5841782406465175,-0.9320143892374165,-0.678773515728442,-0.6201892226844659,-2.4938204216722384,-0.3278933184400019,-0.3393937395081972,-0.67914568407372,-0.03451974633739738,-0.43842229861417986
-0.21066070447189164,-0.9131943943761252,0.9408547122158338,1.401512344464336,0.2230329755142651,-0.8916882501868245,-0.1860515726072197,1.1697805251007627,0.816496580927726,-0.585122383961627,0.37967212888114743,-0.05778754527941413,1.0327156934390023,1.153253590238697,-1.5033846310869767,-0.3261401315373811,0.588430365032572,-0.6780493930322938,-0.6282411217206918,-1.150554101574931,-0.42623001504290225,1.1914379855160337,0.2419883118585579,-0.8073390444129942,0.15570708143992973,0.33809616377248186,-0.3278933184400019,-0.6154915796172453,-0.67914568407372,-0.5952272282818631,-0.43842229861417986
1.3223652142096962,0.590048337687597,-1.5580803361147102,1.401512344464336,-0.1471497200137397,1.0617867539482455,2.0680347878264036,1.1697805251007627,0.816496580927726,-0.48670935141888183,-1.0261667362455194,1.7496101475022634,1.0327156934390023,-0.6608531809232983,-0.1332820844671032,1.4059858373930962,-0.34209116925768845,1.3242258334793011,-0.6282411217206918,0.48937595270607925,-0.42623001504290225,-0.6589728319256668,0.2419883118585579,1.3782749432243937,0.15570708143992973,0.33809616377248186,0.3252275191030913,1.0410954610370433,-0.05828489079737142,-0.3148734873096303,-0.43842229861417986
-0.32016255580629077,-0.9131943943761252,0.4970954129587232,-0.49381713700997326,-0.8875151110697495,-0.8916882501868245,-0.9374136927517607,1.1697805251007627,0.816496580927726,1.432344783164646,0.37967212888114743,-0.05778754527941413,-0.18630898752084787,0.2462002046576992,1.2368204621527703,-0.5248076709080873,0.21374823085075126,-0.2775943477299748,-0.6282411217206918,-1.150554101574931,-0.42623001504290225,1.1914379855160337,-0.9320143892374165,-0.8073390444129942,0.15570708143992973,-1.0778621289498782,-0.6544537372115486,-0.6154915796172453,-0.67914568407372,-0.5952272282818631,-0.43842229861417986
-0.8676718124782865,-0.9131943943761252,-0.7746840312809286,-0.49381713700997326,0.0996387436715968,0.08504925188071054,-0.9374136927517607,1.1697805251007627,-1.224744871391589,-0.2406767700620193,0.37967212888114743,-0.9614863916702531,0.6263741331190523,-0.6608531809232983,-1.5033846310869767,-0.6824668304942519,0.5097274411234124,-1.0785044383346125,-0.6282411217206918,-0.3305890744344259,-0.42623001504290225,1.1914379855160337,1.4159910129545328,-0.4216424583593375,-0.6201892226844659,-1.0778621289498782,-0.0013328996684552844,0.2128019407098989,-0.36871528743554577,-0.8755809692540959,-0.43842229861417986
0.5558522548689022,0.590048337687597,-1.523372904887897,-0.49381713700997326,2.4441291486822943,0.08504925188071054,0.5653105475373214,-0.6605306743650394,0.816496580927726,-0.48670935141888183,-2.432005601372186,-0.05778754527941413,-0.998992108160748,1.153253590238697,1.2368204621527703,-0.47402527314381043,-0.6682866806740446,0.523315742874663,-0.6282411217206918,1.0360193041330827,-0.42623001504290225,-1.5841782406465175,-0.9320143892374165,0.6068817711170802,0.15570708143992973,0.33809616377248186,-0.9810141559830952,-1.1676872598353416,-0.67914568407372,-1.1559347102263289,-0.43842229861417986
-0.8676718124782865,0.590048337687597,-0.20944872272997214,-0.49381713700997326,-0.1471497200137397,-1.86842575225436,0.5653105475373214,-0.6605306743650394,0.816496580927726,0.6450405228226859,-1.0261667362455194,-0.05778754527941413,-0.18630898752084787,1.153253590238697,-0.1332820844671032,-0.307442010184844,0.47445166629984253,-0.6780493930322938,1.5917455343596372,-0.05726739872092413,-0.42623001504290225,0.26623257679518353,0.2419883118585579,-0.1645114009902331,-0.6201892226844659,-1.0778621289498782,0.4885077284888646,0.7649976209279952,-0.36871528743554577,-0.5952272282818631,-0.43842229861417986
0.11784484953130574,0.590048337687597,-0.9159928584186676,-2.3891466184842827,-1.010909342912418,0.08504925188071054,-1.6887758128963017,0.25462492536786163,0.816496580927726,-1.4216331605749597,1.7855109940078144,-0.9614863916702531,-1.405333668480698,0.2462002046576992,-0.1332820844671032,-0.7774447878190709,-1.167769165626104,-0.6780493930322938,-0.6282411217206918,-0.6039107501479276,-0.42623001504290225,1.1914379855160337,0.2419883118585579,-0.5502079870438897,-0.6201892226844659,1.754054456494842,-0.0013328996684552844,0.488899780818947,0.8730062991171512,-1.1559347102263289,-0.43842229861417986
-0.9771736638126856,-0.9131943943761252,-0.07309810005320634,-0.49381713700997326,-0.3939381836990763,0.08504925188071054,-0.9374136927517607,0.25462492536786163,0.816496580927726,-1.3232201280322147,-1.0261667362455194,-0.9614863916702531,0.6263741331190523,0.2462002046576992,-1.5033846310869767,-0.8074042777134768,1.0926912417934018,-0.6780493930322938,1.5917455343596372,-0.3305890744344259,-0.42623001504290225,1.1914379855160337,0.2419883118585579,-1.0644701017820986,-0.6201892226844659,0.33809616377248186,-0.6544537372115486,-0.8915894197262935,-0.67914568407372,-0.5952272282818631,-0.43842229861417986
-2.072192177156677,-2.416437126439847,-1.3771058732891848,-0.49381713700997326,-0.1471497200137397,-1.86842575225436,0.5653105475373214,0.25462492536786163,0.816496580927726,0.6942470390940584,0.37967212888114743,-0.9614863916702531,-0.998992108160748,0.2462002046576992,1.2368204621527703,-0.9771747204484438,-0.10640402033686575,-0.6780493930322938,-0.6282411217206918,-0.8772324258614294,-0.42623001504290225,1.1914379855160337,-0.9320143892374165,-1.4501666878357553,-2.171981830933257,0.33809616377248186,-1.1442943653688686,-1.1676872598353416,-0.67914568407372,-1.1559347102263289,2.280905882663645
-0.42966440714068993,0.590048337687597,-0.49454547923593706,1.401512344464336,-0.023755488171071402,1.0617867539482455,-0.1860515726072197,-1.5756862740979405,-1.224744871391589,0.546627490279941,0.37967212888114743,-0.05778754527941413,1.0327156934390023,-1.5679065665042955,1.2368204621527703,0.36569035850648973,0.5722681574440839,-1.0785044383346125,1.5917455343596372,0.48937595270607925,-0.42623001504290225,-1.5841782406465175,-0.9320143892374165,-0.678773515728442,0.15570708143992973,0.33809616377248186,-0.3278933184400019,-0.6154915796172453,-0.67914568407372,-0.3148734873096303,2.280905882663645
0.44635040353450317,0.590048337687597,-1.575434051728117,-0.49381713700997326,0.3464272073569334,1.0617867539482455,-0.9374136927517607,-0.6605306743650394,0.816496580927726,-0.978774514132607,0.37967212888114743,-0.9614863916702531,-0.998992108160748,1.153253590238697,-0.1332820844671032,-0.3690608191875229,-0.7395409349989445,0.12286069757234404,1.5917455343596372,-1.150554101574931,-0.42623001504290225,-1.5841782406465175,0.2419883118585579,-0.678773515728442,0.9316033855643253,0.33809616377248186,-0.9810141559830952,-1.1676872598353416,-0.67914568407372,-1.1559347102263289,-0.43842229861417986
-0.6486681098094882,-0.9131943943761252,0.17729122522594534,-0.49381713700997326,0.7166099028849382,0.08504925188071054,0.5653105475373214,0.25462492536786163,0.816496580927726,0.3005949089230784,0.37967212888114743,-0.9614863916702531,-0.998992108160748,0.2462002046576992,-0.1332820844671032,-0.8271647923246808,-1.1355852913846798,-0.6780493930322938,-0.6282411217206918,-0.8772324258614294,-0.42623001504290225,0.26623257679518353,0.2419883118585579,-1.193035630466651,1.707499689688721,-1.0778621289498782,-0.8177339465973219,-0.6154915796172453,-0.05828489079737142,-0.5952272282818631,2.280905882663645
0.008342998196906542,0.590048337687597,-1.0796136056307866,-0.49381713700997326,1.950552221311621,-0.8916882501868245,0.5653105475373214,0.25462492536786163,-1.224744871391589,-0.683535416504372,-1.0261667362455194,-0.05778754527941413,-1.8116752288006481,1.153253590238697,-1.5033846310869767,-0.1640189202648155,0.40165146168386984,1.7246808787816201,-0.6282411217206918,-0.6039107501479276,-0.42623001504290225,0.26623257679518353,1.4159910129545328,-0.2930769296747854,-0.6201892226844659,0.33809616377248186,-0.16461310905422857,-0.6154915796172453,-0.36871528743554577,-0.3148734873096303,-0.43842229861417986
-1.0866755151470848,0.590048337687597,-1.496102780352544,-0.49381713700997326,-0.3939381836990763,0.08504925188071054,-0.9374136927517607,1.1697805251007627,0.816496580927726,-0.5359158676902545,-1.0261667362455194,-0.9614863916702531,0.6263741331190523,0.2462002046576992,-0.1332820844671032,-0.8422507765977504,-0.8942765050417744,-0.6780493930322938,-0.6282411217206918,-0.6039107501479276,-0.42623001504290225,0.26623257679518353,0.2419883118585579,-0.9359045730975464,-2.171981830933257,0.33809616377248186,-0.4911735278257753,-0.6154915796172453,-0.05828489079737142,-0.5952272282818631,-0.43842229861417986
-0.32016255580629077,0.590048337687597,1.4812989984619238,1.401512344464336,-0.023755488171071402,-1.86842575225436,-0.9374136927517607,-0.6605306743650394,-1.224744871391589,0.20218187638033325,0.37967212888114743,-0.05778754527941413,1.0327156934390023,0.2462002046576992,-0.1332820844671032,-0.1676310573442829,-1.1923638293477163,-0.6780493930322938,-0.6282411217206918,1.3093409798465845,2.3461510562538512,-1.5841782406465175,-0.9320143892374165,-0.678773515728442,0.15570708143992973,-1.0778621289498782,-0.16461310905422857,0.2128019407098989,-0.36871528743554577,-0.3148734873096303,-0.43842229861417986
-0.21066070447189164,0.590048337687597,-0.6804781465224358,-2.3891466184842827,-0.1471497200137397,1.0617867539482455,2.0680347878264036,0.25462492536786163,0.816496580927726,1.6783773645215088,0.37967212888114743,-0.9614863916702531,-1.405333668480698,0.2462002046576992,1.2368204621527703,-0.46318886190540826,-1.012611972776618,-0.6780493930322938,-0.6282411217206918,0.48937595270607925,-0.42623001504290225,-0.6589728319256668,-0.9320143892374165,-0.678773515728442,-0.6201892226844659,-2.4938204216722384,-0.3278933184400019,-0.0632958993991491,-0.36871528743554577,-0.03451974633739738,-0.43842229861417986
-0.8676718124782865,0.590048337687597,-0.977970414180834,1.401512344464336,1.7037637576262843,-1.86842575225436,-0.9374136927517607,1.1697805251007627,-1.224744871391589,-1.0279810304039796,-1.0261667362455194,0.8459113011114248,1.0327156934390023,-1.5679065665042955,-0.1332820844671032,0.17700931576725215,-0.4428590200485232,-0.6780493930322938,-0.6282411217206918,-0.6039107501479276,-0.42623001504290225,-1.5841782406465175,0.2419883118585579,-0.035945872305680915,0.15570708143992973,-2.4938204216722384,0.651787937874638,1.0410954610370433,0.25214550584080275,1.6476026994959998,2.280905882663645
0.33684855220010396,-0.9131943943761252,-0.5193365015408035,-0.49381713700997326,-0.023755488171071402,1.0617867539482455,0.5653105475373214,-0.6605306743650394,-1.224744871391589,1.0878991692650386,0.37967212888114743,0.8459113011114248,0.2200325727991022,0.2462002046576992,1.2368204621527703,1.4865152464000457,-0.07464176890209774,2.5255909693862577,-0.6282411217206918,0.48937595270607925,-0.42623001504290225,0.26623257679518353,-0.9320143892374165,1.121143885855289,0.15570708143992973,-1.0778621289498782,1.794749403575051,0.7649976209279952,-0.05828489079737142,2.488663922412698,-0.43842229861417986
0.5558522548689022,-0.9131943943761252,-0.7969959513553084,1.401512344464336,0.3464272073569334,0.08504925188071054,-0.9374136927517607,0.25462492536786163,0.816496580927726,-1.0771875466753522,0.37967212888114743,1.7496101475022634,1.0327156934390023,-1.5679065665042955,1.2368204621527703,1.5415472171989901,-1.6676732733848196,-1.0785044383346125,1.5917455343596372,-0.8772324258614294,-0.42623001504290225,-0.6589728319256668,-0.9320143892374165,1.3782749432243937,-0.6201892226844659,-1.0778621289498782,2.284590031732371,1.317193301146092,3.356449472222545,2.7690176633849317,2.280905882663645
0.5558522548689022,0.590048337687597,-0.38546498109452443,1.401512344464336,-0.6407266473844129,1.0617867539482455,-0.1860515726072197,-0.6605306743650394,0.816496580927726,-1.0279810304039796,0.37967212888114743,-0.05778754527941413,1.0327156934390023,-1.5679065665042955,1.2368204621527703,-0.2864066236632398,-1.6949382148819214,1.7246808787816201,-0.6282411217206918,-0.6039107501479276,-0.42623001504290225,1.1914379855160337,-0.9320143892374165,-0.2930769296747854,0.15570708143992973,1.754054456494842,-0.16461310905422857,-0.0632958993991491,-0.36871528743554577,0.24583399463483543,-0.43842229861417986
-0.21066070447189164,0.590048337687597,0.44503426611850355,-0.49381713700997326,-1.010909342912418,1.0617867539482455,0.5653105475373214,1.1697805251007627,0.816496580927726,-0.3882963188761368,-1.0261667362455194,-0.9614863916702531,-0.998992108160748,0.2462002046576992,-0.1332820844671032,-0.901957277734829,0.28486194424009914,1.3242258334793011,-0.6282411217206918,-0.8772324258614294,-0.42623001504290225,-0.6589728319256668,0.2419883118585579,-0.1645114009902331,-0.6201892226844659,0.33809616377248186,0.16194730971731802,-1.1676872598353416,-0.36871528743554577,0.8065414765793012,-0.43842229861417986
-1.4151810691502822,0.590048337687597,-0.806912360277255,-0.49381713700997326,1.827157989468953,0.08504925188071054,0.5653105475373214,1.1697805251007627,0.816496580927726,-0.8311549653184895,0.37967212888114743,-0.9614863916702531,-0.998992108160748,-0.6608531809232983,1.2368204621527703,-0.617448363063839,-1.1108500867275153,2.125135924083939,-0.6282411217206918,1.8559843312735878,2.3461510562538512,1.1914379855160337,-0.9320143892374165,-0.678773515728442,-0.6201892226844659,0.33809616377248186,-0.4911735278257753,-0.3393937395081972,-0.36871528743554577,-0.5952272282818631,-0.43842229861417986
-0.9771736638126856,0.590048337687597,1.6920226880532891,-0.49381713700997326,0.3464272073569334,-1.86842575225436,-0.9374136927517607,0.25462492536786163,-1.224744871391589,0.6450405228226859,0.37967212888114743,-0.9614863916702531,-0.998992108160748,1.153253590238697,-0.1332820844671032,-0.8473502642393514,1.2145402329170472,-0.6780493930322938,1.5917455343596372,-1.150554101574931,-0.42623001504290225,1.1914379855160337,-0.9320143892374165,-1.3216011591512031,0.9316033855643253,-1.0778621289498782,-0.9810141559830952,-0.8915894197262935,-0.67914568407372,-1.1559347102263289,2.280905882663645
-1.196177366481484,0.590048337687597,1.4416333627741371,-0.49381713700997326,-0.7641208792270812,1.0617867539482455,0.5653105475373214,-1.5756862740979405,0.816496580927726,0.7926600716368034,1.7855109940078144,-0.9614863916702531,-0.998992108160748,1.153253590238697,-0.1332820844671032,-0.44257843268727093,-0.12537704663639532,-0.6780493930322938,-0.6282411217206918,1.8559843312735878,2.3461510562538512,-0.6589728319256668,0.2419883118585579,-0.4216424583593375,-0.6201892226844659,0.33809616377248186,0.16194730971731802,0.7649976209279952,-0.67914568407372,0.8065414765793012,-0.43842229861417986
-0.7581699611438873,0.590048337687597,0.12275097615523896,1.401512344464336,0.0996387436715968,0.08504925188071054,-0.1860515726072197,0.25462492536786163,0.816496580927726,0.3005949089230784,-1.0261667362455194,-0.05778754527941413,1.0327156934390023,0.2462002046576992,-0.1332820844671032,0.015950497753353544,-1.6312731710768331,-0.6780493930322938,-0.6282411217206918,0.762697628419581,-0.42623001504290225,-1.5841782406465175,0.2419883118585579,-0.1645114009902331,0.15570708143992973,0.33809616377248186,0.4885077284888646,-0.3393937395081972,-0.36871528743554577,-0.03451974633739738,-0.43842229861417986
0.33684855220010396,-0.9131943943761252,0.24670608767957156,-0.49381713700997326,2.073946453154289,-0.8916882501868245,0.5653105475373214,0.25462492536786163,-1.224744871391589,1.2847252343505289,-1.0261667362455194,-0.05778754527941413,0.6263741331190523,1.153253590238697,-0.1332820844671032,-0.4421534753838042,0.9683125138298192,0.12286069757234404,1.5917455343596372,-0.6039107501479276,-0.42623001504290225,1.1914379855160337,0.2419883118585579,0.6068817711170802,0.15570708143992973,-2.4938204216722384,-0.9810141559830952,-0.8915894197262935,-0.67914568407372,-1.1559347102263289,-0.43842229861417986
-0.21066070447189164,0.590048337687597,0.04094060254917955,-0.49381713700997326,-0.8875151110697495,0.08504925188071054,-0.9374136927517607,0.25462492536786163,0.816496580927726,-1.0771875466753522,-1.0261667362455194,0.8459113011114248,-0.18630898752084787,-0.6608531809232983,-1.5033846310869767,0.8012715945599096,0.7413389029132249,-0.2775943477299748,-0.6282411217206918,0.762697628419581,-0.42623001504290225,-0.6589728319256668,0.2419883118585579,0.4783162424325279,-0.6201892226844659,1.754054456494842,-0.0013328996684552844,0.7649976209279952,1.1834366957553255,-0.03451974633739738,-0.43842229861417986
-0.32016255580629077,-0.9131943943761252,-0.33092473202381806,-0.49381713700997326,-1.010909342912418,0.08504925188071054,0.5653105475373214,1.1697805251007627,0.816496580927726,1.5307578157073911,-1.0261667362455194,-0.05778754527941413,-1.8116752288006481,-1.5679065665042955,1.2368204621527703,-0.24646063713736524,1.608054852462845,-1.0785044383346125,-0.6282411217206918,1.3093409798465845,2.3461510562538512,0.26623257679518353,-0.9320143892374165,0.3497507137479757,0.15570708143992973,0.33809616377248186,0.9783483566461848,1.317193301146092,0.562575902478977,1.3672489585237668,-0.43842229861417986
-0.21066070447189164,-0.9131943943761252,-0.41273510562987753,-0.49381713700997326,-0.6407266473844129,1.0617867539482455,1.3166726676818623,1.1697805251007627,0.816496580927726,-0.9295679978612343,-1.0261667362455194,-0.9614863916702531,-0.998992108160748,1.153253590238697,-0.1332820844671032,-0.8768847968302906,1.7179578640645643,-0.6780493930322938,-0.6282411217206918,-0.6039107501479276,-0.42623001504290225,-0.6589728319256668,0.2419883118585579,-1.193035630466651,-0.6201892226844659,1.754054456494842,-0.8177339465973219,-0.6154915796172453,-0.05828489079737142,-0.5952272282818631,-0.43842229861417986
0.6653541062033014,0.590048337687597,1.4118841360082974,1.401512344464336,-0.023755488171071402,0.08504925188071054,-0.1860515726072197,-1.5756862740979405,-1.224744871391589,0.9402796204509211,-2.432005601372186,-0.05778754527941413,1.0327156934390023,0.2462002046576992,1.2368204621527703,-0.24582320118216514,-0.6779840052271374,2.125135924083939,-0.6282411217206918,-0.6039107501479276,-0.42623001504290225,-0.6589728319256668,-0.9320143892374165,-0.5502079870438897,-0.6201892226844659,-1.0778621289498782,-0.4911735278257753,-0.3393937395081972,-0.36871528743554577,-0.3148734873096303,2.280905882663645
-0.5391662584750891,-2.416437126439847,0.14754199846010543,1.401512344464336,-0.8875151110697495,-1.86842575225436,-0.9374136927517607,0.25462492536786163,-1.224744871391589,0.4974209740085684,0.37967212888114743,-0.9614863916702531,1.4390572537589523,-1.5679065665042955,-1.5033846310869767,-0.7810569248985383,0.08908842101606455,-0.6780493930322938,-0.6282411217206918,-0.8772324258614294,-0.42623001504290225,0.26623257679518353,2.5899937140505074,-1.3216011591512031,0.15570708143992973,0.33809616377248186,-0.9810141559830952,-1.1676872598353416,-0.67914568407372,-1.1559347102263289,-0.43842229861417986
2.08887817355049,0.590048337687597,-0.20944872272997214,-0.49381713700997326,-0.6407266473844129,1.0617867539482455,2.0680347878264036,1.1697805251007627,-1.224744871391589,1.2847252343505289,0.37967212888114743,2.6533089938931025,-0.592650547840798,-1.5679065665042955,-1.5033846310869767,2.8557276781699175,0.5989709351989773,0.523315742874663,-0.6282411217206918,-0.6039107501479276,-0.42623001504290225,1.1914379855160337,0.2419883118585579,2.1496681153317065,-0.6201892226844659,0.33809616377248186,-0.3278933184400019,-0.6154915796172453,0.562575902478977,-0.5952272282818631,-0.43842229861417986
-0.8676718124782865,0.590048337687597,1.4837781006924105,-0.49381713700997326,-0.3939381836990763,-1.86842575225436,0.5653105475373214,-0.6605306743650394,-1.224744871391589,-0.585122383961627,0.37967212888114743,-0.9614863916702531,-0.998992108160748,1.153253590238697,-0.1332820844671032,-0.716463414771592,1.6905523816319108,-0.6780493930322938,-0.6282411217206918,-0.6039107501479276,-0.42623001504290225,-1.5841782406465175,0.2419883118585579,-0.1645114009902331,1.707499689688721,0.33809616377248186,0.4885077284888646,1.0410954610370433,-0.67914568407372,1.086895217551534,-0.43842229861417986
-1.9626903258222776,0.590048337687597,-0.39042318555549765,-0.49381713700997326,-0.023755488171071402,-0.8916882501868245,-0.9374136927517607,0.25462492536786163,0.816496580927726,-0.585122383961627,0.37967212888114743,-0.9614863916702531,0.6263741331190523,-1.5679065665042955,1.2368204621527703,-0.8394885541252165,-1.0036173529012853,-0.6780493930322938,-0.6282411217206918,2.6759493584140928,2.3461510562538512,0.26623257679518353,-0.9320143892374165,-1.3216011591512031,0.9316033855643253,0.33809616377248186,-0.9810141559830952,-0.8915894197262935,-0.67914568407372,-1.1559347102263289,-0.43842229861417986
0.8843578088720997,0.590048337687597,1.6226078255996628,-0.49381713700997326,-0.270543951856408,0.08504925188071054,0.5653105475373214,-1.5756862740979405,-1.224744871391589,0.8418665879081759,0.37967212888114743,-0.9614863916702531,0.6263741331190523,0.2462002046576992,-0.1332820844671032,-0.43046714953846843,0.8132958619158851,0.523315742874663,1.5917455343596372,1.0360193041330827,-0.42623001504290225,0.26623257679518353,0.2419883118585579,-0.5502079870438897,-0.6201892226844659,-1.0778621289498782,-0.6544537372115486,-0.6154915796172453,-0.67914568407372,-0.5952272282818631,-0.43842229861417986
0.008342998196906542,0.590048337687597,0.43263875496607035,-0.49381713700997326,-1.010909342912418,0.08504925188071054,-0.9374136927517607,1.1697805251007627,-1.224744871391589,-0.48670935141888183,-1.0261667362455194,-0.05778754527941413,-0.18630898752084787,1.153253590238697,-0.1332820844671032,-0.006147282026917461,-0.6116486836465601,-0.6780493930322938,-0.6282411217206918,-0.6039107501479276,-0.42623001504290225,-0.6589728319256668,0.2419883118585579,0.3497507137479757,-0.6201892226844659,-1.0778621289498782,1.141628566031958,1.0410954610370433,0.25214550584080275,1.9279564404682328,-0.43842229861417986
-1.8531884744878788,0.590048337687597,0.0062331713223663515,-0.49381713700997326,-0.7641208792270812,0.08504925188071054,-0.9374136927517607,-1.5756862740979405,0.816496580927726,1.038692652993666,-1.0261667362455194,-0.9614863916702531,-0.998992108160748,0.2462002046576992,1.2368204621527703,-0.7372863226414628,-0.20871782141877324,-0.6780493930322938,-0.6282411217206918,-0.8772324258614294,-0.42623001504290225,-1.5841782406465175,-0.9320143892374165,-1.193035630466651,-0.6201892226844659,-1.0778621289498782,-0.8177339465973219,-0.6154915796172453,-0.36871528743554577,-0.5952272282818631,-0.43842229861417986
0.7748559575377005,0.590048337687597,0.7301310226244685,-0.49381713700997326,0.0996387436715968,1.0617867539482455,-0.9374136927517607,0.25462492536786163,0.816496580927726,1.4815512994360187,0.37967212888114743,-0.9614863916702531,0.6263741331190523,0.2462002046576992,1.2368204621527703,-0.7578967518596004,-0.49008077439401887,-0.6780493930322938,1.5917455343596372,-1.150554101574931,-0.42623001504290225,0.26623257679518353,-0.9320143892374165,-0.678773515728442,0.9316033855643253,0.33809616377248186,-0.16461310905422857,-0.0632958993991491,-0.67914568407372,-0.5952272282818631,2.280905882663645
1.7603726195472926,0.590048337687597,1.0424979036657869,-0.49381713700997326,-0.270543951856408,-0.8916882501868245,0.5653105475373214,1.1697805251007627,-1.224744871391589,-0.781948449047117,0.37967212888114743,2.6533089938931025,-0.592650547840798,0.2462002046576992,-1.5033846310869767,2.5716437208023946,0.6081060960098619,0.12286069757234404,-0.6282411217206918,0.762697628419581,-0.42623001504290225,-0.6589728319256668,0.2419883118585579,1.8925370579626024,2.4833959938131165,0.33809616377248186,-0.0013328996684552844,0.7649976209279952,0.562575902478977,0.8065414765793012,-0.43842229861417986
-0.8676718124782865,0.590048337687597,0.34587017689903754,-0.49381713700997326,0.7166099028849382,-1.86842575225436,-0.9374136927517607,-0.6605306743650394,-1.224744871391589,0.15297536010896076,-2.432005601372186,-0.9614863916702531,0.6263741331190523,1.153253590238697,-0.1332820844671032,-0.9210803563908326,1.7736120745431845,-1.0785044383346125,1.5917455343596372,0.762697628419581,-0.42623001504290225,-1.5841782406465175,0.2419883118585579,-0.678773515728442,-0.6201892226844659,-1.0778621289498782,-0.3278933184400019,-0.0632958993991491,-0.36871528743554577,-0.3148734873096303,-0.43842229861417986
-1.6341847718190805,-0.9131943943761252,1.124308277271846,-0.49381713700997326,-0.7641208792270812,1.0617867539482455,-0.9374136927517607,0.25462492536786163,0.816496580927726,-0.880361481589862,-1.0261667362455194,-0.9614863916702531,0.6263741331190523,1.153253590238697,-0.1332820844671032,-0.7755324799534705,-1.418072571844342,-1.0785044383346125,1.5917455343596372,-1.150554101574931,-0.42623001504290225,-0.6589728319256668,0.2419883118585579,-1.3216011591512031,1.707499689688721,0.33809616377248186,-1.1442943653688686,-1.1676872598353416,-0.67914568407372,-1.1559347102263289,2.280905882663645
0.9938596602064989,0.590048337687597,1.486257202922897,1.401512344464336,-0.8875151110697495,0.08504925188071054,-0.1860515726072197,0.25462492536786163,-1.224744871391589,0.15297536010896076,0.37967212888114743,1.7496101475022634,-0.592650547840798,-1.5679065665042955,-0.1332820844671032,2.2406019814017957,1.375037981317512,2.125135924083939,-0.6282411217206918,2.1293060069870893,2.3461510562538512,-1.5841782406465175,-0.9320143892374165,2.1496681153317065,-0.6201892226844659,0.33809616377248186,3.1009910786612376,2.9737803418003805,3.9773102654988937,1.3672489585237668,-0.43842229861417986
0.7748559575377005,-2.416437126439847,-1.7142637766353692,-0.49381713700997326,0.9633983665702748,0.08504925188071054,-0.9374136927517607,1.1697805251007627,0.816496580927726,0.3990079414658234,-2.432005601372186,-0.9614863916702531,0.6263741331190523,0.2462002046576992,1.2368204621527703,-0.895157960879361,-1.410202279453426,-0.2775943477299748,-0.6282411217206918,-0.6039107501479276,-0.42623001504290225,1.1914379855160337,-0.9320143892374165,-0.678773515728442,0.15570708143992973,0.33809616377248186,-1.1442943653688686,-1.1676872598353416,-0.67914568407372,-1.1559347102263289,-0.43842229861417986
-0.42966440714068993,0.590048337687597,-1.6250160963378495,-2.3891466184842827,-0.8875151110697495,0.08504925188071054,-1.6887758128963017,-0.6605306743650394,0.816496580927726,1.629170848250136,0.37967212888114743,-0.9614863916702531,-1.405333668480698,0.2462002046576992,-0.1332820844671032,-0.6168109271086388,-0.8269573969123324,-0.6780493930322938,-0.6282411217206918,-0.6039107501479276,-0.42623001504290225,1.1914379855160337,0.2419883118585579,-0.8073390444129942,-0.6201892226844659,0.33809616377248186,-0.3278933184400019,-0.0632958993991491,-0.36871528743554577,-0.03451974633739738,-0.43842229861417986
0.44635040353450317,-2.416437126439847,0.25662249660151815,-0.49381713700997326,-0.5173324155417446,-0.8916882501868245,-0.9374136927517607,-1.5756862740979405,0.816496580927726,1.432344783164646,-1.0261667362455194,-0.9614863916702531,0.6263741331190523,-1.5679065665042955,-1.5033846310869767,-0.9340415541465686,0.8404202624774348,1.3242258334793011,-0.6282411217206918,0.48937595270607925,-0.42623001504290225,-1.5841782406465175,0.2419883118585579,-0.8073390444129942,-0.6201892226844659,-2.4938204216722384,-0.9810141559830952,-1.1676872598353416,-0.67914568407372,-1.1559347102263289,2.280905882663645
-0.7581699611438873,0.590048337687597,1.3052827400973714,1.401512344464336,2.4441291486822943,1.0617867539482455,-0.9374136927517607,0.25462492536786163,0.816496580927726,-0.2406767700620193,0.37967212888114743,-0.05778754527941413,1.0327156934390023,-1.5679065665042955,-1.5033846310869767,-0.5073844214659505,-0.15756092087781953,2.125135924083939,-0.6282411217206918,1.0360193041330827,-0.42623001504290225,0.26623257679518353,2.5899937140505074,-0.4216424583593375,0.15570708143992973,0.33809616377248186,-0.4911735278257753,-0.3393937395081972,-0.67914568407372,-0.3148734873096303,-0.43842229861417986
0.33684855220010396,-0.9131943943761252,0.9458129166768072,1.401512344464336,-0.8875151110697495,1.0617867539482455,0.5653105475373214,-0.6605306743650394,0.816496580927726,-0.1914702537906467,0.37967212888114743,-0.05778754527941413,1.0327156934390023,-0.6608531809232983,-0.1332820844671032,-0.46233894729847486,1.5637844577639428,0.9237707881769819,-0.6282411217206918,-0.8772324258614294,-0.42623001504290225,1.1914379855160337,2.5899937140505074,-0.8073390444129942,-0.6201892226844659,0.33809616377248186,-1.1442943653688686,-1.1676872598353416,-0.67914568407372,-1.1559347102263289,-0.43842229861417986
1.4318670655440953,-0.9131943943761252,1.5333601453021437,-0.49381713700997326,-0.8875151110697495,0.08504925188071054,0.5653105475373214,1.1697805251007627,-1.224744871391589,-1.7660787744745672,0.37967212888114743,1.7496101475022634,-0.592650547840798,-1.5679065665042955,-0.1332820844671032,2.412284732002363,-0.6778434642915854,-0.2775943477299748,-0.6282411217206918,1.8559843312735878,2.3461510562538512,0.26623257679518353,0.2419883118585579,2.6639302300699157,0.15570708143992973,0.33809616377248186,-0.8177339465973219,-0.6154915796172453,-0.05828489079737142,-0.5952272282818631,-0.43842229861417986
-0.9771736638126856,0.590048337687597,0.933417405524374,-0.49381713700997326,1.2101868302556114,1.0617867539482455,0.5653105475373214,1.1697805251007627,0.816496580927726,0.5958340065513134,-1.0261667362455194,-0.9614863916702531,-0.998992108160748,-1.5679065665042955,-0.1332820844671032,-0.7026523024089226,-0.26198283599300815,-0.6780493930322938,-0.6282411217206918,-0.8772324258614294,-0.42623001504290225,0.26623257679518353,2.5899937140505074,-0.678773515728442,-0.6201892226844659,0.33809616377248186,-0.16461310905422857,0.2128019407098989,0.25214550584080275,-0.3148734873096303,-0.43842229861417986
0.9938596602064989,0.590048337687597,1.6052541099862565,-0.49381713700997326,0.7166099028849382,-0.8916882501868245,-0.9374136927517607,1.1697805251007627,0.816496580927726,-0.683535416504372,0.37967212888114743,2.6533089938931025,0.2200325727991022,-0.6608531809232983,-0.1332820844671032,2.672571080375748,-0.48684833287632123,0.9237707881769819,-0.6282411217206918,-1.150554101574931,-0.42623001504290225,-1.5841782406465175,0.2419883118585579,1.76397152927805,-0.6201892226844659,0.33809616377248186,-0.4911735278257753,-0.6154915796172453,-0.67914568407372,-0.3148734873096303,-0.43842229861417986
-0.21066070447189164,0.590048337687597,1.3846140114729444,1.401512344464336,0.9633983665702748,1.0617867539482455,-0.9374136927517607,0.25462492536786163,0.816496580927726,1.3831382668932737,0.37967212888114743,-0.05778754527941413,1.0327156934390023,-1.5679065665042955,-0.1332820844671032,0.5233495180926543,0.9434367682371028,0.12286069757234404,1.5917455343596372,-0.05726739872092413,-0.42623001504290225,1.1914379855160337,2.5899937140505074,0.4783162424325279,-0.6201892226844659,0.33809616377248186,-0.0013328996684552844,0.7649976209279952,-0.36871528743554577,0.8065414765793012,-0.43842229861417986
-1.4151810691502822,0.590048337687597,0.44999247057947694,-0.49381713700997326,0.9633983665702748,-0.8916882501868245,-0.9374136927517607,1.1697805251007627,-1.224744871391589,1.5307578157073911,0.37967212888114743,-0.9614863916702531,-0.998992108160748,-0.6608531809232983,-0.1332820844671032,-0.912156253018031,-1.5376729079991542,-0.6780493930322938,-0.6282411217206918,-0.6039107501479276,-0.42623001504290225,-1.5841782406465175,0.2419883118585579,-1.3216011591512031,0.15570708143992973,-2.4938204216722384,-0.9810141559830952,-1.1676872598353416,-0.67914568407372,-1.1559347102263289,2.280905882663645
-0.42966440714068993,-0.9131943943761252,0.8516070319183144,1.401512344464336,1.950552221311621,0.08504925188071054,0.5653105475373214,-0.6605306743650394,-1.224744871391589,0.7926600716368034,0.37967212888114743,-0.05778754527941413,1.0327156934390023,0.2462002046576992,-0.1332820844671032,-0.41729347313099924,-1.3222236537978298,-0.6780493930322938,-0.6282411217206918,-0.8772324258614294,-0.42623001504290225,-1.5841782406465175,0.2419883118585579,-0.1645114009902331,0.15570708143992973,-1.0778621289498782,0.4885077284888646,0.7649976209279952,-0.67914568407372,-0.8755809692540959,-0.43842229861417986
-0.10115885313749245,0.590048337687597,0.28389262113687125,-0.49381713700997326,-0.3939381836990763,1.0617867539482455,-0.9374136927517607,0.25462492536786163,0.816496580927726,-0.28988328633339183,-2.432005601372186,-0.9614863916702531,-0.998992108160748,0.2462002046576992,-1.5033846310869767,-0.7993300889476086,-1.0467634201157712,-0.6780493930322938,-0.6282411217206918,-0.3305890744344259,-0.42623001504290225,0.26623257679518353,0.2419883118585579,-0.5502079870438897,0.9316033855643253,0.33809616377248186,-0.0013328996684552844,0.7649976209279952,-0.36871528743554577,0.8065414765793012,-0.43842229861417986
-0.7581699611438873,0.590048337687597,0.12523007838572564,-0.49381713700997326,-0.270543951856408,1.0617867539482455,-0.9374136927517607,0.25462492536786163,0.816496580927726,-0.8311549653184895,0.37967212888114743,-0.05778754527941413,-0.998992108160748,0.2462002046576992,-1.5033846310869767,-0.6399711001475769,-0.42219950252236876,-0.6780493930322938,-0.6282411217206918,-0.6039107501479276,-0.42623001504290225,-1.5841782406465175,2.5899937140505074,-0.1645114009902331,0.9316033855643253,-1.0778621289498782,0.4885077284888646,0.7649976209279952,1.8042974890316739,1.3672489585237668,-0.43842229861417986
0.7748559575377005,0.590048337687597,-1.493623678122057,-0.49381713700997326,2.4441291486822943,1.0617867539482455,1.3166726676818623,1.1697805251007627,0.816496580927726,-1.6676657419318222,0.37967212888114743,-0.05778754527941413,0.6263741331190523,1.153253590238697,1.2368204621527703,-0.4168685158275325,-0.9232279377655008,-0.6780493930322938,-0.6282411217206918,2.6759493584140928,2.3461510562538512,-0.6589728319256668,-0.9320143892374165,1.121143885855289,0.15570708143992973,0.33809616377248186,2.1213098223465976,1.8693889813641877,3.356449472222545,3.6100788863016295,-0.43842229861417986
-1.8531884744878788,0.590048337687597,-0.36811126548111783,1.401512344464336,1.456975293940948,0.08504925188071054,-0.1860515726072197,0.25462492536786163,0.816496580927726,-1.1263940629467246,1.7855109940078144,-0.9614863916702531,1.4390572537589523,1.153253590238697,1.2368204621527703,-0.8127162440068112,-1.3018452181427795,-0.6780493930322938,-0.6282411217206918,0.48937595270607925,-0.42623001504290225,1.1914379855160337,-0.9320143892374165,-1.193035630466651,-0.6201892226844659,0.33809616377248186,-0.8177339465973219,-0.8915894197262935,-0.05828489079737142,-0.5952272282818631,-0.43842229861417986
0.9938596602064989,0.590048337687597,-1.6175787896463898,-0.49381713700997326,-0.8875151110697495,1.0617867539482455,2.0680347878264036,1.1697805251007627,0.816496580927726,-0.28988328633339183,0.37967212888114743,-0.05778754527941413,-0.18630898752084787,1.153253590238697,-1.5033846310869767,0.18614589779178725,0.43847318679851244,-0.2775943477299748,-0.6282411217206918,-1.150554101574931,-0.42623001504290225,0.26623257679518353,0.2419883118585579,0.09261965637887119,0.15570708143992973,-1.0778621289498782,-0.16461310905422857,-0.3393937395081972,-0.36871528743554577,-0.03451974633739738,-0.43842229861417986
0.5558522548689022,-2.416437126439847,-1.545684824962277,-2.3891466184842827,-0.8875151110697495,2.038524256015781,0.5653105475373214,1.1697805251007627,0.816496580927726,0.6450405228226859,1.7855109940078144,-0.05778754527941413,-1.405333668480698,-1.5679065665042955,-0.1332820844671032,-0.04906796967705937,-0.20450159335221113,1.7246808787816201,-0.6282411217206918,0.21605427699257748,-0.42623001504290225,-1.5841782406465175,0.2419883118585579,-0.1645114009902331,0.15570708143992973,1.754054456494842,-0.4911735278257753,-0.3393937395081972,-0.67914568407372,-0.3148734873096303,-0.43842229861417986
2.526885578888087,0.590048337687597,-0.26398897180067854,1.401512344464336,-0.270543951856408,1.0617867539482455,-0.1860515726072197,-0.6605306743650394,0.816496580927726,-0.683535416504372,1.7855109940078144,-0.05778754527941413,1.0327156934390023,1.153253590238697,-1.5033846310869767,-0.2725955113005704,-0.48066453171203016,-1.0785044383346125,1.5917455343596372,0.762697628419581,-0.42623001504290225,-0.6589728319256668,0.2419883118585579,0.09261965637887119,0.15570708143992973,0.33809616377248186,0.651787937874638,0.7649976209279952,-0.36871528743554577,1.3672489585237668,-0.43842229861417986
-0.5391662584750891,-0.9131943943761252,-1.701868265482936,-0.49381713700997326,0.4698214391996017,0.08504925188071054,1.3166726676818623,0.25462492536786163,-1.224744871391589,0.546627490279941,-1.0261667362455194,-0.9614863916702531,-0.998992108160748,-0.6608531809232983,-0.1332820844671032,-0.7989051316441418,-0.981271344148506,-0.6780493930322938,-0.6282411217206918,1.3093409798465845,2.3461510562538512,0.26623257679518353,0.2419883118585579,-1.193035630466651,-0.6201892226844659,0.33809616377248186,-0.8177339465973219,-0.6154915796172453,-0.05828489079737142,-0.5952272282818631,-0.43842229861417986
-0.5391662584750891,-0.9131943943761252,1.2730544111010451,-0.49381713700997326,-0.8875151110697495,-0.8916882501868245,-0.9374136927517607,1.1697805251007627,-1.224744871391589,-1.372426644303587,0.37967212888114743,-0.05778754527941413,0.6263741331190523,0.2462002046576992,1.2368204621527703,-0.3197657719853798,-1.682992235359995,0.523315742874663,1.5917455343596372,-0.3305890744344259,-0.42623001504290225,1.1914379855160337,-0.9320143892374165,-0.1645114009902331,-0.6201892226844659,0.33809616377248186,0.16194730971731802,0.7649976209279952,-0.67914568407372,0.8065414765793012,-0.43842229861417986
-0.10115885313749245,0.590048337687597,-1.0895300145527331,-0.49381713700997326,-1.010909342912418,0.08504925188071054,2.0680347878264036,0.25462492536786163,-1.224744871391589,0.546627490279941,-2.432005601372186,0.8459113011114248,-0.18630898752084787,-1.5679065665042955,-1.5033846310869767,0.7965970642217753,-1.416386080617717,-0.2775943477299748,1.5917455343596372,1.5826626555600862,2.3461510562538512,0.26623257679518353,0.2419883118585579,0.7354472998016324,-0.6201892226844659,0.33809616377248186,-0.0013328996684552844,0.7649976209279952,1.4938670923934998,0.8065414765793012,-0.43842229861417986
-0.42966440714068993,0.590048337687597,-1.6993891632524494,-0.49381713700997326,-0.023755488171071402,0.08504925188071054,0.5653105475373214,-1.5756862740979405,0.816496580927726,-0.28988328633339183,0.37967212888114743,-0.9614863916702531,0.6263741331190523,1.153253590238697,-0.1332820844671032,-0.7908309428782735,-1.1246230984116183,-1.0785044383346125,-0.6282411217206918,-0.6039107501479276,-0.42623001504290225,-0.6589728319256668,0.2419883118585579,0.4783162424325279,1.707499689688721,0.33809616377248186,1.141628566031958,1.5932911412551396,0.562575902478977,1.6476026994959998,-0.43842229861417986
0.33684855220010396,0.590048337687597,-1.7241801855573158,1.401512344464336,0.0996387436715968,0.08504925188071054,2.0680347878264036,-0.6605306743650394,-1.224744871391589,0.8910731041795484,-1.0261667362455194,-0.05778754527941413,1.0327156934390023,-0.6608531809232983,-1.5033846310869767,0.07416964832829845,-0.38256695869668483,1.7246808787816201,-0.6282411217206918,-0.8772324258614294,-0.42623001504290225,-0.6589728319256668,0.2419883118585579,-0.5502079870438897,-0.6201892226844659,1.754054456494842,-0.3278933184400019,-0.8915894197262935,-0.36871528743554577,-0.3148734873096303,-0.43842229861417986
-1.3056792178158831,0.590048337687597,1.3722185003205112,1.401512344464336,0.0996387436715968,1.0617867539482455,-0.9374136927517607,0.25462492536786163,0.816496580927726,-0.4375028351475093,0.37967212888114743,-0.05778754527941413,1.0327156934390023,1.153253590238697,1.2368204621527703,-0.3299647472685818,0.8867987712096181,-1.0785044383346125,-0.6282411217206918,-0.3305890744344259,-0.42623001504290225,-0.6589728319256668,-0.9320143892374165,-0.8073390444129942,0.9316033855643253,0.33809616377248186,-0.4911735278257753,-0.3393937395081972,-0.36871528743554577,-0.8755809692540959,-0.43842229861417986
-0.7581699611438873,0.590048337687597,1.642440643443556,-0.49381713700997326,-1.010909342912418,0.08504925188071054,0.5653105475373214,1.1697805251007627,0.816496580927726,-0.14226373751927418,0.37967212888114743,-0.9614863916702531,0.6263741331190523,-0.6608531809232983,-0.1332820844671032,-0.6212729787950397,-0.694848917493386,-1.0785044383346125,1.5917455343596372,1.5826626555600862,2.3461510562538512,-1.5841782406465175,0.2419883118585579,0.09261965637887119,-0.6201892226844659,0.33809616377248186,0.651787937874638,1.317193301146092,0.8730062991171512,0.8065414765793012,-0.43842229861417986
0.5558522548689022,-0.9131943943761252,-0.8540153026565014,-0.49381713700997326,2.073946453154289,2.038524256015781,0.5653105475373214,-1.5756862740979405,-1.224744871391589,-0.28988328633339183,0.37967212888114743,0.8459113011114248,0.2200325727991022,-1.5679065665042955,-0.1332820844671032,1.4210718216661657,1.2603565779070225,0.12286069757234404,1.5917455343596372,0.48937595270607925,-0.42623001504290225,0.26623257679518353,-0.9320143892374165,1.121143885855289,2.4833959938131165,0.33809616377248186,-0.9810141559830952,-1.1676872598353416,-0.67914568407372,-1.1559347102263289,-0.43842229861417986
-0.21066070447189164,-2.416437126439847,1.0152277791304334,1.401512344464336,-0.1471497200137397,-0.8916882501868245,-0.1860515726072197,0.25462492536786163,-1.224744871391589,0.5958340065513134,-1.0261667362455194,0.8459113011114248,1.0327156934390023,1.153253590238697,-0.1332820844671032,0.8231568956884473,-0.07843637416200364,0.523315742874663,1.5917455343596372,-1.150554101574931,-0.42623001504290225,-0.6589728319256668,0.2419883118585579,0.6068817711170802,2.4833959938131165,-1.0778621289498782,0.9783483566461848,-0.6154915796172453,0.562575902478977,2.2083101814404653,-0.43842229861417986
-1.0866755151470848,0.590048337687597,0.7450056360073884,-0.49381713700997326,0.59321567104227,0.08504925188071054,-0.9374136927517607,-1.5756862740979405,0.816496580927726,-1.1756005792180972,0.37967212888114743,-0.9614863916702531,0.6263741331190523,-1.5679065665042955,-0.1332820844671032,-0.9068442867246966,0.008980087751384265,-0.6780493930322938,1.5917455343596372,-0.3305890744344259,-0.42623001504290225,1.1914379855160337,1.4159910129545328,-0.2930769296747854,0.15570708143992973,-1.0778621289498782,0.3252275191030913,0.7649976209279952,1.1834366957553255,1.086895217551534,-0.43842229861417986
1.869874470881692,-0.9131943943761252,0.40536863043071725,-0.49381713700997326,-1.010909342912418,1.0617867539482455,-0.9374136927517607,1.1697805251007627,-1.224744871391589,-0.6343289002329995,0.37967212888114743,0.8459113011114248,-0.18630898752084787,0.2462002046576992,-1.5033846310869767,0.8497167271551193,-0.6540920461832854,1.7246808787816201,-0.6282411217206918,0.48937595270607925,-0.42623001504290225,-1.5841782406465175,0.2419883118585579,2.7924957587544674,-0.6201892226844659,-2.4938204216722384,-0.3278933184400019,-0.0632958993991491,-0.36871528743554577,-0.03451974633739738,-0.43842229861417986
0.7748559575377005,0.590048337687597,0.7797130672342015,-0.49381713700997326,-0.8875151110697495,-1.86842575225436,-0.9374136927517607,-1.5756862740979405,-1.224744871391589,0.3005949089230784,1.7855109940078144,-0.9614863916702531,0.6263741331190523,1.153253590238697,-0.1332820844671032,-0.9544395047129727,0.7967120315207408,-0.6780493930322938,-0.6282411217206918,-0.6039107501479276,-0.42623001504290225,1.1914379855160337,0.2419883118585579,-0.1645114009902331,1.707499689688721,0.33809616377248186,0.4885077284888646,0.2128019407098989,1.4938670923934998,0.8065414765793012,-0.43842229861417986
-1.9626903258222776,-2.416437126439847,-0.7399766000541155,-0.49381713700997326,0.0996387436715968,0.08504925188071054,0.5653105475373214,-1.5756862740979405,-1.224744871391589,1.4815512994360187,-1.0261667362455194,-0.9614863916702531,0.6263741331190523,-0.6608531809232983,1.2368204621527703,-0.9867362597764459,-1.147531270906606,-0.6780493930322938,1.5917455343596372,2.6759493584140928,2.3461510562538512,-0.6589728319256668,-0.9320143892374165,-1.3216011591512031,-0.6201892226844659,1.754054456494842,-0.9810141559830952,-0.8915894197262935,-0.67914568407372,-1.1559347102263289,2.280905882663645
-0.8676718124782865,0.590048337687597,0.5144491285721299,-0.49381713700997326,-1.010909342912418,0.08504925188071054,-0.9374136927517607,-1.5756862740979405,-1.224744871391589,1.5307578157073911,0.37967212888114743,-0.9614863916702531,0.6263741331190523,1.153253590238697,-1.5033846310869767,-0.5828143428312988,-1.2248287854602449,-0.6780493930322938,-0.6282411217206918,-0.05726739872092413,-0.42623001504290225,-1.5841782406465175,2.5899937140505074,-1.0644701017820986,1.707499689688721,0.33809616377248186,-0.6544537372115486,-0.6154915796172453,-0.36871528743554577,-0.5952272282818631,-0.43842229861417986
1.869874470881692,0.590048337687597,-0.29125909633603164,-0.49381713700997326,-0.7641208792270812,0.08504925188071054,-0.9374136927517607,1.1697805251007627,0.816496580927726,0.9402796204509211,0.37967212888114743,1.7496101475022634,0.2200325727991022,1.153253590238697,-0.1332820844671032,2.395923875818893,1.287480978468572,0.12286069757234404,-0.6282411217206918,-0.3305890744344259,-0.42623001504290225,-1.5841782406465175,-0.9320143892374165,3.1781923448081244,-0.6201892226844659,0.33809616377248186,0.4885077284888646,1.317193301146092,-0.67914568407372,1.3672489585237668,-0.43842229861417986
-0.6486681098094882,0.590048337687597,1.3127200467888316,-0.49381713700997326,0.2230329755142651,-0.8916882501868245,0.5653105475373214,0.25462492536786163,0.816496580927726,0.6942470390940584,0.37967212888114743,-0.05778754527941413,-1.8116752288006481,-1.5679065665042955,-0.1332820844671032,0.07013255394536426,0.39012710496860004,-0.6780493930322938,1.5917455343596372,-0.8772324258614294,-0.42623001504290225,1.1914379855160337,-0.9320143892374165,-0.678773515728442,-0.6201892226844659,-1.0778621289498782,-0.16461310905422857,0.2128019407098989,-0.67914568407372,-0.8755809692540959,-0.43842229861417986
-0.6486681098094882,0.590048337687597,0.6433624445574357,-0.49381713700997326,1.827157989468953,0.08504925188071054,0.5653105475373214,0.25462492536786163,-1.224744871391589,1.4815512994360187,-1.0261667362455194,-0.05778754527941413,-1.8116752288006481,-1.5679065665042955,1.2368204621527703,0.06567050225896336,0.40544606694377583,-0.6780493930322938,-0.6282411217206918,1.0360193041330827,-0.42623001504290225,-0.6589728319256668,-0.9320143892374165,-0.1645114009902331,-0.6201892226844659,0.33809616377248186,0.4885077284888646,1.317193301146092,-0.36871528743554577,1.086895217551534,-0.43842229861417986
2.417383727553688,0.590048337687597,-1.1812567970807393,1.401512344464336,-0.7641208792270812,0.08504925188071054,-0.9374136927517607,0.25462492536786163,-1.224744871391589,-0.880361481589862,-1.0261667362455194,-0.05778754527941413,1.0327156934390023,1.153253590238697,1.2368204621527703,-0.2830069652355058,0.30594308457290975,0.9237707881769819,-0.6282411217206918,0.48937595270607925,-0.42623001504290225,1.1914379855160337,-0.9320143892374165,0.2211851850634235,-0.6201892226844659,0.33809616377248186,-0.16461310905422857,-0.8915894197262935,-0.67914568407372,0.24583399463483543,-0.43842229861417986
0.6653541062033014,0.590048337687597,0.2913299278283312,-0.49381713700997326,-0.7641208792270812,0.08504925188071054,-0.9374136927517607,0.25462492536786163,0.816496580927726,1.4815512994360187,-2.432005601372186,2.6533089938931025,0.2200325727991022,1.153253590238697,-0.1332820844671032,2.8125945118680424,0.6059979819765808,0.12286069757234404,-0.6282411217206918,-0.3305890744344259,-0.42623001504290225,-0.6589728319256668,0.2419883118585579,1.76397152927805,-0.6201892226844659,0.33809616377248186,0.16194730971731802,0.7649976209279952,-0.67914568407372,0.8065414765793012,-0.43842229861417986
1.3223652142096962,0.590048337687597,0.7326101248549552,-0.49381713700997326,-0.6407266473844129,-0.8916882501868245,0.5653105475373214,-1.5756862740979405,0.816496580927726,0.9402796204509211,-1.0261667362455194,2.6533089938931025,-0.592650547840798,0.2462002046576992,-0.1332820844671032,2.593953979234399,-0.30765864004743104,-0.2775943477299748,-0.6282411217206918,-0.6039107501479276,-0.42623001504290225,0.26623257679518353,0.2419883118585579,1.5068404719089457,-0.6201892226844659,1.754054456494842,-0.9810141559830952,-1.1676872598353416,-0.67914568407372,-1.1559347102263289,-0.43842229861417986
-0.10115885313749245,-0.9131943943761252,-0.8267451781211482,-0.49381713700997326,-0.7641208792270812,0.08504925188071054,2.0680347878264036,0.25462492536786163,0.816496580927726,-0.978774514132607,0.37967212888114743,-0.9614863916702531,0.6263741331190523,-0.6608531809232983,-0.1332820844671032,-0.5972628911491683,-0.7107300432107699,-0.6780493930322938,-0.6282411217206918,-0.8772324258614294,-0.42623001504290225,0.26623257679518353,-0.9320143892374165,0.09261965637887119,-0.6201892226844659,-1.0778621289498782,0.651787937874638,1.5932911412551396,-0.67914568407372,0.8065414765793012,-0.43842229861417986
1.2128633628752972,0.590048337687597,0.41280593712217717,-0.49381713700997326,-0.8875151110697495,-0.8916882501868245,2.0680347878264036,1.1697805251007627,0.816496580927726,0.4974209740085684,1.7855109940078144,-0.9614863916702531,-0.998992108160748,-0.6608531809232983,1.2368204621527703,-0.8380012035630829,0.3242134061946789,0.9237707881769819,-0.6282411217206918,-1.150554101574931,-0.42623001504290225,0.26623257679518353,-0.9320143892374165,-0.5502079870438897,0.9316033855643253,-1.0778621289498782,-0.9810141559830952,-1.1676872598353416,-0.67914568407372,-1.1559347102263289,-0.43842229861417986
-1.0866755151470848,0.590048337687597,0.903668178758534,-0.49381713700997326,-0.6407266473844129,-0.8916882501868245,-0.9374136927517607,-1.5756862740979405,0.816496580927726,0.4974209740085684,0.37967212888114743,-0.9614863916702531,0.6263741331190523,0.2462002046576992,-1.5033846310869767,-0.8469253069358846,-1.5607216214296935,-0.6780493930322938,-0.6282411217206918,-1.150554101574931,-0.42623001504290225,-0.6589728319256668,2.5899937140505074,-0.8073390444129942,-0.6201892226844659,0.33809616377248186,-0.3278933184400019,-0.3393937395081972,-0.67914568407372,-0.3148734873096303,-0.43842229861417986
-0.8676718124782865,0.590048337687597,1.3052827400973714,-0.49381713700997326,-0.270543951856408,0.08504925188071054,-0.9374136927517607,0.25462492536786163,0.816496580927726,0.7926600716368034,0.37967212888114743,-0.05778754527941413,-1.8116752288006481,1.153253590238697,-1.5033846310869767,0.025512037081355448,-1.420742849619831,-0.6780493930322938,1.5917455343596372,-1.150554101574931,-0.42623001504290225,-0.6589728319256668,1.4159910129545328,-0.678773515728442,-0.6201892226844659,0.33809616377248186,-0.16461310905422857,-1.1676872598353416,-0.36871528743554577,-1.1559347102263289,-0.43842229861417986
1.2128633628752972,0.590048337687597,-0.21688602942143215,-0.49381713700997326,-1.010909342912418,0.08504925188071054,-0.9374136927517607,1.1697805251007627,0.816496580927726,0.4974209740085684,-1.0261667362455194,2.6533089938931025,0.2200325727991022,1.153253590238697,1.2368204621527703,2.4991885005613135,-0.784232952504503,1.3242258334793011,-0.6282411217206918,-0.8772324258614294,-0.42623001504290225,0.26623257679518353,-0.9320143892374165,1.76397152927805,0.15570708143992973,1.754054456494842,-0.9810141559830952,-1.1676872598353416,-0.67914568407372,-1.1559347102263289,-0.43842229861417986
-0.8676718124782865,0.590048337687597,-0.26894717626165177,-0.49381713700997326,-1.010909342912418,0.08504925188071054,-0.9374136927517607,1.1697805251007627,-1.224744871391589,1.038692652993666,-1.0261667362455194,1.7496101475022634,0.2200325727991022,1.153253590238697,-1.5033846310869767,2.0442717072001564,-1.5305053202859986,0.12286069757234404,-0.6282411217206918,-0.3305890744344259,-0.42623001504290225,-0.6589728319256668,1.4159910129545328,-0.2930769296747854,-0.6201892226844659,-1.0778621289498782,-0.0013328996684552844,0.7649976209279952,-0.36871528743554577,0.8065414765793012,-0.43842229861417986
-0.32016255580629077,0.590048337687597,1.2829708200229917,-0.49381713700997326,1.3335810620982798,0.08504925188071054,2.0680347878264036,0.25462492536786163,-1.224744871391589,1.137105685536411,1.7855109940078144,-0.9614863916702531,0.6263741331190523,0.2462002046576992,-0.1332820844671032,-0.8324767586180152,1.0301505254727303,-1.0785044383346125,-0.6282411217206918,0.48937595270607925,-0.42623001504290225,1.1914379855160337,-0.9320143892374165,-1.193035630466651,1.707499689688721,-1.0778621289498782,-0.9810141559830952,-1.1676872598353416,-0.67914568407372,-1.1559347102263289,-0.43842229861417986
0.7748559575377005,0.590048337687597,0.7350892270854419,1.401512344464336,-0.5173324155417446,0.08504925188071054,-0.1860515726072197,-0.6605306743650394,0.816496580927726,1.0878991692650386,0.37967212888114743,2.6533089938931025,-0.592650547840798,-0.6608531809232983,-0.1332820844671032,2.4881396106711775,-0.7817032156645657,1.7246808787816201,-0.6282411217206918,-1.150554101574931,-0.42623001504290225,0.26623257679518353,0.2419883118585579,1.8925370579626024,1.707499689688721,0.33809616377248186,2.447870241118145,1.317193301146092,0.25214550584080275,1.6476026994959998,-0.43842229861417986
-0.42966440714068993,0.590048337687597,-0.6606453286785426,1.401512344464336,0.0996387436715968,2.038524256015781,-0.1860515726072197,1.1697805251007627,0.816496580927726,0.7926600716368034,1.7855109940078144,0.8459113011114248,1.0327156934390023,0.2462002046576992,-1.5033846310869767,0.39883702817689637,1.0392856862836148,-1.0785044383346125,1.5917455343596372,-0.3305890744344259,-0.42623001504290225,1.1914379855160337,1.4159910129545328,-0.1645114009902331,0.15570708143992973,0.33809616377248186,0.3252275191030913,1.0410954610370433,-0.67914568407372,1.086895217551534,-0.43842229861417986
-1.9626903258222776,0.590048337687597,-1.332482033140425,-0.49381713700997326,1.950552221311621,0.08504925188071054,-0.9374136927517607,-0.6605306743650394,-1.224744871391589,-0.4375028351475093,1.7855109940078144,-0.9614863916702531,0.6263741331190523,1.153253590238697,1.2368204621527703,-0.7455729900590644,0.9708422506697564,-0.6780493930322938,1.5917455343596372,-0.8772324258614294,-0.42623001504290225,1.1914379855160337,-0.9320143892374165,-1.3216011591512031,-0.6201892226844659,0.33809616377248186,-0.9810141559830952,-1.1676872598353416,-0.67914568407372,-0.8755809692540959,-0.43842229861417986
-1.5246829204846812,0.590048337687597,-1.0647389922478667,-0.49381713700997326,-1.010909342912418,-0.8916882501868245,-0.9374136927517607,1.1697805251007627,0.816496580927726,-0.9295679978612343,0.37967212888114743,-0.9614863916702531,0.6263741331190523,0.2462002046576992,-0.1332820844671032,-1.1218726822788727,0.36370540908481075,-0.6780493930322938,-0.6282411217206918,1.8559843312735878,2.3461510562538512,1.1914379855160337,0.2419883118585579,-1.3216011591512031,-0.6201892226844659,0.33809616377248186,-0.9810141559830952,-1.1676872598353416,-0.67914568407372,-0.8755809692540959,-0.43842229861417986
-1.3056792178158831,-0.9131943943761252,-0.5044618881578836,1.401512344464336,1.827157989468953,-1.86842575225436,-0.9374136927517607,0.25462492536786163,0.816496580927726,0.3498014251944509,-2.432005601372186,-0.9614863916702531,1.4390572537589523,1.153253590238697,1.2368204621527703,-1.144182940710877,-0.8816278208420879,-0.6780493930322938,1.5917455343596372,-0.3305890744344259,-0.42623001504290225,1.1914379855160337,-0.9320143892374165,-1.3216011591512031,0.9316033855643253,0.33809616377248186,-0.9810141559830952,-1.1676872598353416,-0.36871528743554577,-1.1559347102263289,2.280905882663645
-1.196177366481484,0.590048337687597,-0.54412752384567,-0.49381713700997326,-0.6407266473844129,-0.8916882501868245,-0.9374136927517607,0.25462492536786163,0.816496580927726,-0.6343289002329995,0.37967212888114743,-0.9614863916702531,0.6263741331190523,1.153253590238697,1.2368204621527703,-0.7708579496153363,-0.6099621924199352,-0.6780493930322938,1.5917455343596372,1.3093409798465845,2.3461510562538512,-0.6589728319256668,-0.9320143892374165,-0.4216424583593375,-0.6201892226844659,-1.0778621289498782,0.16194730971731802,0.2128019407098989,-0.05828489079737142,-0.5952272282818631,-0.43842229861417986
0.8843578088720997,0.590048337687597,1.6027750077557696,1.401512344464336,-0.8875151110697495,0.08504925188071054,-0.1860515726072197,-1.5756862740979405,-1.224744871391589,1.3831382668932737,-2.432005601372186,2.6533089938931025,-0.592650547840798,-0.6608531809232983,1.2368204621527703,2.6179640668802704,-1.6612083903494244,-0.2775943477299748,1.5917455343596372,0.21605427699257748,-0.42623001504290225,-1.5841782406465175,-0.9320143892374165,1.8925370579626024,-0.6201892226844659,0.33809616377248186,2.774430659889691,1.5932911412551396,-0.36871528743554577,1.9279564404682328,2.280905882663645
1.979376322216091,-2.416437126439847,-1.5506430294232505,-0.49381713700997326,-0.1471497200137397,-1.86842575225436,0.5653105475373214,1.1697805251007627,0.816496580927726,-1.4216331605749597,-1.0261667362455194,1.7496101475022634,-1.8116752288006481,-0.6608531809232983,-1.5033846310869767,1.5030885812352492,1.5851466799678575,-0.6780493930322938,1.5917455343596372,-0.05726739872092413,-0.42623001504290225,1.1914379855160337,0.2419883118585579,2.92106128743902,0.15570708143992973,0.33809616377248186,4.243952544361651,1.317193301146092,3.9773102654988937,-1.1559347102263289,-0.43842229861417986
-1.7436866231534796,-0.9131943943761252,-1.3671894643672382,-0.49381713700997326,0.0996387436715968,-0.8916882501868245,-0.9374136927517607,-1.5756862740979405,-1.224744871391589,-1.0279810304039796,-1.0261667362455194,-0.9614863916702531,-0.998992108160748,0.2462002046576992,1.2368204621527703,-0.8239776125486801,1.5452330542710695,-0.6780493930322938,-0.6282411217206918,1.3093409798465845,2.3461510562538512,0.26623257679518353,-0.9320143892374165,-1.193035630466651,-0.6201892226844659,-2.4938204216722384,-0.8177339465973219,-0.6154915796172453,-0.05828489079737142,-0.5952272282818631,2.280905882663645
0.9938596602064989,0.590048337687597,-1.57295494949763,1.401512344464336,-0.6407266473844129,-0.8916882501868245,-0.1860515726072197,1.1697805251007627,-1.224744871391589,-1.6184592256604498,-1.0261667362455194,2.6533089938931025,-0.592650547840798,-0.6608531809232983,-0.1332820844671032,2.610527314069602,-0.6137567976798411,-0.2775943477299748,-0.6282411217206918,-0.3305890744344259,-0.42623001504290225,0.26623257679518353,0.2419883118585579,1.8925370579626024,-0.6201892226844659,0.33809616377248186,0.651787937874638,-0.0632958993991491,-0.67914568407372,1.086895217551534,-0.43842229861417986
-0.32016255580629077,0.590048337687597,-1.6646817320256362,1.401512344464336,-0.8875151110697495,0.08504925188071054,-0.1860515726072197,0.25462492536786163,-1.224744871391589,0.9894861367222935,0.37967212888114743,-0.05778754527941413,1.0327156934390023,-1.5679065665042955,1.2368204621527703,-0.41750595178273253,-1.1628502328817816,-1.0785044383346125,1.5917455343596372,-0.8772324258614294,-0.42623001504290225,1.1914379855160337,-0.9320143892374165,-0.9359045730975464,0.15570708143992973,0.33809616377248186,-0.6544537372115486,-0.6154915796172453,-0.67914568407372,-0.5952272282818631,-0.43842229861417986
1.5413689168784943,-0.9131943943761252,-1.4018968955940512,1.401512344464336,-0.023755488171071402,0.08504925188071054,-0.9374136927517607,1.1697805251007627,0.816496580927726,0.8418665879081759,0.37967212888114743,2.6533089938931025,-0.592650547840798,-0.6608531809232983,-1.5033846310869767,2.8353297276035136,0.6862468561768132,0.523315742874663,1.5917455343596372,2.402627682700591,2.3461510562538512,-1.5841782406465175,0.2419883118585579,2.535364701385363,1.707499689688721,-1.0778621289498782,3.5908317068185576,1.5932911412551396,2.735588678946197,1.6476026994959998,-0.43842229861417986
2.417383727553688,0.590048337687597,1.5531929631460366,-0.49381713700997326,1.0867925984129432,1.0617867539482455,0.5653105475373214,1.1697805251007627,0.816496580927726,0.05456232756621574,0.37967212888114743,0.8459113011114248,-0.18630898752084787,1.153253590238697,1.2368204621527703,0.851841513672453,0.7995228502317823,1.3242258334793011,-0.6282411217206918,-0.8772324258614294,-0.42623001504290225,1.1914379855160337,-0.9320143892374165,1.76397152927805,2.4833959938131165,-1.0778621289498782,0.3252275191030913,0.7649976209279952,0.8730062991171512,-0.03451974633739738,-0.43842229861417986
-0.32016255580629077,-0.9131943943761252,-1.6547653231036896,-0.49381713700997326,1.2101868302556114,0.08504925188071054,0.5653105475373214,0.25462492536786163,-1.224744871391589,-0.978774514132607,0.37967212888114743,-0.05778754527941413,-0.998992108160748,-0.6608531809232983,-1.5033846310869767,-0.43747894504566986,1.1553724990496252,0.523315742874663,-0.6282411217206918,-0.6039107501479276,-0.42623001504290225,0.26623257679518353,1.4159910129545328,0.4783162424325279,-0.6201892226844659,1.754054456494842,0.651787937874638,1.0410954610370433,0.8730062991171512,1.6476026994959998,-0.43842229861417986
-0.9771736638126856,-0.9131943943761252,-0.028474259904446648,-0.49381713700997326,-1.010909342912418,1.0617867539482455,0.5653105475373214,1.1697805251007627,0.816496580927726,-1.0771875466753522,0.37967212888114743,-0.9614863916702531,-0.998992108160748,0.2462002046576992,1.2368204621527703,-0.9240550575151,-1.0499958616334688,-1.0785044383346125,1.5917455343596372,-1.150554101574931,-0.42623001504290225,0.26623257679518353,-0.9320143892374165,-0.8073390444129942,-0.6201892226844659,-1.0778621289498782,-0.4911735278257753,-0.6154915796172453,-0.67914568407372,-0.5952272282818631,-0.43842229861417986
0.7748559575377005,0.590048337687597,0.982999450134107,-0.49381713700997326,-0.6407266473844129,-0.8916882501868245,-0.9374136927517607,0.25462492536786163,0.816496580927726,1.2847252343505289,1.7855109940078144,2.6533089938931025,-0.592650547840798,-1.5679065665042955,-1.5033846310869767,2.695731253414686,0.44465698796280356,-0.6780493930322938,-0.6282411217206918,-0.3305890744344259,-0.42623001504290225,1.1914379855160337,1.4159910129545328,1.8925370579626024,0.9316033855643253,-1.0778621289498782,2.9377108692754645,1.317193301146092,3.6668798688607196,2.488663922412698,-0.43842229861417986
-0.32016255580629077,-0.9131943943761252,-0.38298587886403773,-2.3891466184842827,0.2230329755142651,0.08504925188071054,-0.9374136927517607,0.25462492536786163,0.816496580927726,-0.48670935141888183,-1.0261667362455194,-0.05778754527941413,-1.405333668480698,-0.6608531809232983,-0.1332820844671032,-0.42770492706593455,1.0568533032276235,0.523315742874663,-0.6282411217206918,-1.150554101574931,-0.42623001504290225,1.1914379855160337,1.4159910129545328,0.3497507137479757,1.707499689688721,1.754054456494842,0.4885077284888646,1.317193301146092,-0.36871528743554577,1.086895217551534,-0.43842229861417986
-0.21066070447189164,0.590048337687597,-0.16730398481169906,-0.49381713700997326,-0.3939381836990763,-1.86842575225436,-0.9374136927517607,0.25462492536786163,0.816496580927726,0.005355811294843232,0.37967212888114743,-0.9614863916702531,0.6263741331190523,0.2462002046576992,-0.1332820844671032,-0.6367839203715762,-1.1655205106572708,-1.0785044383346125,1.5917455343596372,-0.3305890744344259,-0.42623001504290225,1.1914379855160337,-0.9320143892374165,-0.9359045730975464,0.15570708143992973,0.33809616377248186,-0.6544537372115486,-0.6154915796172453,-0.05828489079737142,-0.5952272282818631,-0.43842229861417986
0.5558522548689022,0.590048337687597,-0.49454547923593706,-0.49381713700997326,-0.270543951856408,1.0617867539482455,0.5653105475373214,-0.6605306743650394,-1.224744871391589,0.5958340065513134,1.7855109940078144,-0.05778754527941413,0.6263741331190523,-0.6608531809232983,-0.1332820844671032,-0.8777347114372241,-1.2206125573936826,1.3242258334793011,1.5917455343596372,0.21605427699257748,-0.42623001504290225,1.1914379855160337,-0.9320143892374165,0.8640128284861845,-0.6201892226844659,0.33809616377248186,-0.9810141559830952,-1.1676872598353416,-0.67914568407372,-1.1559347102263289,-0.43842229861417986
0.6653541062033014,0.590048337687597,-0.6730408398309758,1.401512344464336,-0.6407266473844129,1.0617867539482455,-0.1860515726072197,1.1697805251007627,-1.224744871391589,-0.48670935141888183,-1.0261667362455194,0.8459113011114248,1.0327156934390023,1.153253590238697,1.2368204621527703,0.7921350125353744,0.8503986689016318,0.12286069757234404,-0.6282411217206918,-0.3305890744344259,-0.42623001504290225,1.1914379855160337,-0.9320143892374165,1.5068404719089457,0.15570708143992973,1.754054456494842,2.284590031732371,0.7649976209279952,3.9773102654988937,3.6100788863016295,-0.43842229861417986
-0.10115885313749245,0.590048337687597,-0.9259092673406144,-0.49381713700997326,-0.8875151110697495,1.0617867539482455,-0.9374136927517607,0.25462492536786163,-1.224744871391589,-0.6343289002329995,0.37967212888114743,-0.05778754527941413,-0.18630898752084787,-0.6608531809232983,1.2368204621527703,-0.23222456747122913,-1.6851003493932764,2.5255909693862577,1.5917455343596372,-1.150554101574931,-0.42623001504290225,1.1914379855160337,-0.9320143892374165,0.8640128284861845,-0.6201892226844659,0.33809616377248186,1.4681889848035046,2.697682501691332,0.8730062991171512,2.2083101814404653,-0.43842229861417986
0.7748559575377005,0.590048337687597,-0.44992163908717725,-0.49381713700997326,0.7166099028849382,0.08504925188071054,0.5653105475373214,-1.5756862740979405,-1.224744871391589,0.3498014251944509,0.37967212888114743,0.8459113011114248,-1.8116752288006481,1.153253590238697,-0.1332820844671032,0.31342061018007933,-0.033463274785341036,-0.6780493930322938,-0.6282411217206918,-1.150554101574931,-0.42623001504290225,1.1914379855160337,0.2419883118585579,-0.1645114009902331,-0.6201892226844659,0.33809616377248186,0.4885077284888646,0.7649976209279952,-0.67914568407372,0.24583399463483543,2.280905882663645
-0.9771736638126856,-0.9131943943761252,-1.5109773937354638,-0.49381713700997326,-0.8875151110697495,0.08504925188071054,-0.9374136927517607,1.1697805251007627,0.816496580927726,-0.683535416504372,-1.0261667362455194,-0.9614863916702531,-0.998992108160748,1.153253590238697,-0.1332820844671032,-0.5600791270958276,-0.012803757259186635,-0.6780493930322938,1.5917455343596372,-0.8772324258614294,-0.42623001504290225,-0.6589728319256668,0.2419883118585579,-1.193035630466651,-0.6201892226844659,0.33809616377248186,-0.8177339465973219,-0.6154915796172453,-0.05828489079737142,-0.5952272282818631,-0.43842229861417986
1.5413689168784943,-0.9131943943761252,0.41032683489169053,-0.49381713700997326,-0.3939381836990763,-0.8916882501868245,0.5653105475373214,-0.6605306743650394,-1.224744871391589,-1.2740136117608423,-1.0261667362455194,-0.9614863916702531,-0.998992108160748,0.2462002046576992,1.2368204621527703,-0.7787196597294711,-1.4132941800355716,-1.0785044383346125,-0.6282411217206918,-0.3305890744344259,-0.42623001504290225,-0.6589728319256668,-0.9320143892374165,-0.4216424583593375,2.4833959938131165,-1.0778621289498782,-0.0013328996684552844,-1.1676872598353416,1.4938670923934998,0.8065414765793012,-0.43842229861417986
-0.7581699611438873,-2.416437126439847,0.18968673637837855,-0.49381713700997326,-0.023755488171071402,-0.8916882501868245,0.5653105475373214,0.25462492536786163,-1.224744871391589,0.3005949089230784,0.37967212888114743,-0.05778754527941413,-0.18630898752084787,0.2462002046576992,1.2368204621527703,-0.38414680346059266,-0.20450159335221113,1.7246808787816201,1.5917455343596372,0.762697628419581,-0.42623001504290225,0.26623257679518353,-0.9320143892374165,-0.1645114009902331,0.15570708143992973,0.33809616377248186,0.16194730971731802,-0.0632958993991491,-0.36871528743554577,0.8065414765793012,-0.43842229861417986
-0.8676718124782865,0.590048337687597,0.008712273552853051,-0.49381713700997326,-0.270543951856408,0.08504925188071054,2.0680347878264036,-0.6605306743650394,-1.224744871391589,-1.3232201280322147,0.37967212888114743,-0.9614863916702531,-0.998992108160748,0.2462002046576992,-1.5033846310869767,-0.6722678552110499,0.4176731283368059,0.12286069757234404,1.5917455343596372,-0.6039107501479276,-0.42623001504290225,-1.5841782406465175,1.4159910129545328,-0.1645114009902331,-0.6201892226844659,0.33809616377248186,-0.0013328996684552844,0.7649976209279952,1.4938670923934998,0.8065414765793012,2.280905882663645
-0.9771736638126856,0.590048337687597,-0.40281869670793097,-0.49381713700997326,-1.010909342912418,0.08504925188071054,2.0680347878264036,1.1697805251007627,0.816496580927726,0.8910731041795484,0.37967212888114743,-0.9614863916702531,0.6263741331190523,-1.5679065665042955,1.2368204621527703,-0.9397784777433699,-1.346537235648338,-0.2775943477299748,-0.6282411217206918,-1.150554101574931,-0.42623001504290225,-0.6589728319256668,-0.9320143892374165,-0.8073390444129942,-0.6201892226844659,-1.0778621289498782,-0.6544537372115486,-0.6154915796172453,-0.36871528743554577,-0.5952272282818631,-0.43842229861417986
-1.3056792178158831,0.590048337687597,-1.3300029309099384,-0.49381713700997326,-1.010909342912418,0.08504925188071054,0.5653105475373214,1.1697805251007627,-1.224744871391589,-1.2740136117608423,0.37967212888114743,-0.9614863916702531,0.6263741331190523,-0.6608531809232983,1.2368204621527703,-0.9363788193156358,0.6348088737647554,-0.6780493930322938,-0.6282411217206918,0.762697628419581,-0.42623001504290225,1.1914379855160337,-0.9320143892374165,-1.193035630466651,0.15570708143992973,-1.0778621289498782,-0.8177339465973219,-0.6154915796172453,-0.05828489079737142,-0.8755809692540959,-0.43842229861417986
-0.5391662584750891,0.590048337687597,-0.49206637700545036,1.401512344464336,-0.1471497200137397,0.08504925188071054,0.5653105475373214,0.25462492536786163,0.816496580927726,-0.48670935141888183,1.7855109940078144,-0.05778754527941413,1.0327156934390023,1.153253590238697,-0.1332820844671032,-0.062454124736261975,-0.36823178327037354,-0.6780493930322938,-0.6282411217206918,-0.05726739872092413,-0.42623001504290225,0.26623257679518353,1.4159910129545328,-0.1645114009902331,0.9316033855643253,1.754054456494842,0.4885077284888646,0.7649976209279952,-0.67914568407372,1.086895217551534,-0.43842229861417986
0.8843578088720997,-0.9131943943761252,-1.0870509123222465,-0.49381713700997326,1.950552221311621,0.08504925188071054,0.5653105475373214,-0.6605306743650394,-1.224744871391589,0.8418665879081759,0.37967212888114743,2.6533089938931025,-0.592650547840798,-0.6608531809232983,1.2368204621527703,2.4558428556077048,-0.17962584775949464,0.12286069757234404,-0.6282411217206918,1.8559843312735878,2.3461510562538512,0.26623257679518353,-0.9320143892374165,1.3782749432243937,0.9316033855643253,0.33809616377248186,-1.1442943653688686,-1.1676872598353416,-0.67914568407372,-1.1559347102263289,-0.43842229861417986
0.22734670086570485,0.590048337687597,-0.9680540052588872,-0.49381713700997326,0.4698214391996017,1.0617867539482455,0.5653105475373214,0.25462492536786163,-1.224744871391589,1.3831382668932737,-1.0261667362455194,1.7496101475022634,-0.592650547840798,-0.6608531809232983,-1.5033846310869767,2.256537880281799,0.42455963417885745,1.3242258334793011,1.5917455343596372,-0.6039107501479276,-0.42623001504290225,1.1914379855160337,1.4159910129545328,1.2497094145398413,0.9316033855643253,0.33809616377248186,1.9580296129608248,1.317193301146092,3.9773102654988937,-0.5952272282818631,-0.43842229861417986
2.3078818762192883,0.590048337687597,0.11283456723329235,-0.49381713700997326,1.7037637576262843,1.0617867539482455,-0.9374136927517607,-1.5756862740979405,0.816496580927726,1.0878991692650386,0.37967212888114743,-0.9614863916702531,0.6263741331190523,0.2462002046576992,-1.5033846310869767,-0.8777347114372241,1.6531684927750598,-0.6780493930322938,-0.6282411217206918,-0.8772324258614294,-0.42623001504290225,1.1914379855160337,1.4159910129545328,-1.193035630466651,0.15570708143992973,0.33809616377248186,-0.8177339465973219,-0.6154915796172453,-0.05828489079737142,-0.5952272282818631,-0.43842229861417986
-0.5391662584750891,0.590048337687597,0.7102982047805754,-0.49381713700997326,-0.270543951856408,-0.8916882501868245,-0.9374136927517607,1.1697805251007627,0.816496580927726,0.6450405228226859,0.37967212888114743,-0.05778754527941413,-0.998992108160748,0.2462002046576992,-0.1332820844671032,-0.344200816934718,1.199080730006319,-0.6780493930322938,-0.6282411217206918,0.762697628419581,-0.42623001504290225,-1.5841782406465175,0.2419883118585579,-0.1645114009902331,0.15570708143992973,0.33809616377248186,0.4885077284888646,-0.0632958993991491,-0.36871528743554577,-0.8755809692540959,2.280905882663645
0.22734670086570485,0.590048337687597,-1.096967321244193,-0.49381713700997326,1.7037637576262843,0.08504925188071054,0.5653105475373214,0.25462492536786163,0.816496580927726,1.333931750621901,0.37967212888114743,-0.9614863916702531,0.6263741331190523,-1.5679065665042955,1.2368204621527703,-0.5522174169816927,1.1019669435398385,-1.0785044383346125,-0.6282411217206918,-0.6039107501479276,-0.42623001504290225,-1.5841782406465175,-0.9320143892374165,-0.678773515728442,-0.6201892226844659,0.33809616377248186,-0.3278933184400019,-0.6154915796172453,-0.67914568407372,-0.3148734873096303,2.280905882663645
-0.7581699611438873,0.590048337687597,0.8317742140744212,-0.49381713700997326,-0.3939381836990763,0.08504925188071054,2.0680347878264036,-1.5756862740979405,-1.224744871391589,-0.880361481589862,-1.0261667362455194,-0.05778754527941413,-0.998992108160748,1.153253590238697,-0.1332820844671032,-0.39859535177846217,1.309545905350247,-1.0785044383346125,-0.6282411217206918,-0.8772324258614294,-0.42623001504290225,-1.5841782406465175,0.2419883118585579,-0.1645114009902331,2.4833959938131165,0.33809616377248186,0.3252275191030913,-0.6154915796172453,1.1834366957553255,0.8065414765793012,-0.43842229861417986
-0.10115885313749245,0.590048337687597,-1.183735899311226,-0.49381713700997326,0.0996387436715968,1.0617867539482455,2.0680347878264036,1.1697805251007627,-1.224744871391589,-0.14226373751927418,0.37967212888114743,0.8459113011114248,-1.8116752288006481,0.2462002046576992,-0.1332820844671032,0.12558948204777526,-1.2038881860629862,0.12286069757234404,-0.6282411217206918,-0.8772324258614294,-0.42623001504290225,-1.5841782406465175,-0.9320143892374165,-0.1645114009902331,-2.171981830933257,0.33809616377248186,-0.0013328996684552844,0.7649976209279952,-0.36871528743554577,0.8065414765793012,-0.43842229861417986
0.9938596602064989,0.590048337687597,0.46734618619288343,-2.3891466184842827,-1.010909342912418,-0.8916882501868245,-0.9374136927517607,1.1697805251007627,-1.224744871391589,-1.0771875466753522,0.37967212888114743,-0.9614863916702531,-1.405333668480698,-1.5679065665042955,1.2368204621527703,-0.6544196484654463,1.2148213147881513,1.3242258334793011,-0.6282411217206918,-0.8772324258614294,-0.42623001504290225,0.26623257679518353,-0.9320143892374165,-0.1645114009902331,0.15570708143992973,1.754054456494842,-0.0013328996684552844,0.488899780818947,0.8730062991171512,0.8065414765793012,-0.43842229861417986
-0.9771736638126856,-2.416437126439847,1.6697107679789092,-0.49381713700997326,-1.010909342912418,0.08504925188071054,-0.9374136927517607,0.25462492536786163,-1.224744871391589,-0.5359158676902545,-2.432005601372186,-0.05778754527941413,-0.998992108160748,1.153253590238697,-0.1332820844671032,0.036348448319757545,0.29217007288880675,-1.0785044383346125,-0.6282411217206918,-1.150554101574931,-0.42623001504290225,-1.5841782406465175,2.5899937140505074,-0.1645114009902331,2.4833959938131165,0.33809616377248186,0.3252275191030913,1.0410954610370433,1.4938670923934998,0.24583399463483543,-0.43842229861417986
1.4318670655440953,0.590048337687597,1.287929024483965,-0.49381713700997326,2.320734916839626,0.08504925188071054,-0.9374136927517607,1.1697805251007627,-1.224744871391589,-1.1263940629467246,0.37967212888114743,1.7496101475022634,0.2200325727991022,-1.5679065665042955,-0.1332820844671032,2.2049055679105884,1.139631914267793,0.523315742874663,1.5917455343596372,-1.150554101574931,-0.42623001504290225,-0.6589728319256668,-0.9320143892374165,1.76397152927805,-0.6201892226844659,0.33809616377248186,-0.6544537372115486,-0.6154915796172453,-0.36871528743554577,-0.5952272282818631,-0.43842229861417986
0.33684855220010396,0.590048337687597,-1.2481925573038788,1.401512344464336,1.950552221311621,1.0617867539482455,-0.1860515726072197,1.1697805251007627,0.816496580927726,-0.4375028351475093,-1.0261667362455194,0.8459113011114248,1.0327156934390023,-0.6608531809232983,1.2368204621527703,0.5505467855145264,0.41064608155920235,-0.2775943477299748,1.5917455343596372,-0.8772324258614294,-0.42623001504290225,0.26623257679518353,-0.9320143892374165,-0.2930769296747854,-0.6201892226844659,0.33809616377248186,-0.3278933184400019,-0.0632958993991491,-0.36871528743554577,-1.1559347102263289,2.280905882663645
1.6508707682128936,0.590048337687597,0.5640311731818629,1.401512344464336,-0.5173324155417446,0.08504925188071054,-0.9374136927517607,-0.6605306743650394,0.816496580927726,-0.09305722124790168,0.37967212888114743,0.8459113011114248,1.0327156934390023,-0.6608531809232983,1.2368204621527703,0.41286061919129907,1.0148315634975549,2.5255909693862577,1.5917455343596372,1.0360193041330827,-0.42623001504290225,0.26623257679518353,-0.9320143892374165,-0.1645114009902331,-0.6201892226844659,-1.0778621289498782,0.16194730971731802,0.7649976209279952,1.4938670923934998,0.8065414765793012,2.280905882663645
-0.7581699611438873,0.590048337687597,-0.41769331009085087,-0.49381713700997326,0.9633983665702748,1.0617867539482455,0.5653105475373214,-0.6605306743650394,-1.224744871391589,1.432344783164646,0.37967212888114743,0.8459113011114248,-0.592650547840798,-1.5679065665042955,-0.1332820844671032,1.1501615407061123,1.6322278933778014,-0.6780493930322938,1.5917455343596372,2.1293060069870893,2.3461510562538512,1.1914379855160337,1.4159910129545328,-0.2930769296747854,-0.6201892226844659,0.33809616377248186,0.3252275191030913,-0.8915894197262935,-0.67914568407372,1.086895217551534,-0.43842229861417986
0.22734670086570485,0.590048337687597,-0.6903945554443824,-0.49381713700997326,1.0867925984129432,-0.8916882501868245,-0.9374136927517607,-1.5756862740979405,0.816496580927726,-1.6676657419318222,0.37967212888114743,-0.05778754527941413,-0.18630898752084787,0.2462002046576992,1.2368204621527703,-0.41835586638966604,-0.13507437118948823,-1.0785044383346125,-0.6282411217206918,-1.150554101574931,-0.42623001504290225,-1.5841782406465175,-0.9320143892374165,-0.2930769296747854,2.4833959938131165,0.33809616377248186,0.16194730971731802,0.7649976209279952,-0.36871528743554577,0.8065414765793012,-0.43842229861417986
-0.6486681098094882,-2.416437126439847,-0.5342111149237234,1.401512344464336,-0.8875151110697495,1.0617867539482455,-0.9374136927517607,1.1697805251007627,-1.224744871391589,-0.4375028351475093,0.37967212888114743,0.8459113011114248,1.0327156934390023,0.2462002046576992,-1.5033846310869767,0.7116056035284251,-0.7558436835229847,-0.6780493930322938,1.5917455343596372,1.0360193041330827,-0.42623001504290225,-1.5841782406465175,0.2419883118585579,-0.1645114009902331,1.707499689688721,-1.0778621289498782,0.4885077284888646,1.0410954610370433,2.1147278856698484,0.5261877356070683,-0.43842229861417986
0.44635040353450317,-2.416437126439847,-1.3547939532148048,1.401512344464336,0.0996387436715968,-0.8916882501868245,0.5653105475373214,0.25462492536786163,0.816496580927726,-1.2740136117608423,-2.432005601372186,-0.05778754527941413,1.0327156934390023,-0.6608531809232983,1.2368204621527703,-0.07477788653679777,1.0907236686956727,-0.6780493930322938,-0.6282411217206918,-0.6039107501479276,-0.42623001504290225,-1.5841782406465175,-0.9320143892374165,0.9925783571707368,0.9316033855643253,0.33809616377248186,1.9580296129608248,-0.6154915796172453,2.735588678946197,1.3672489585237668,-0.43842229861417986
-0.6486681098094882,-0.9131943943761252,0.6384042400964625,1.401512344464336,-1.010909342912418,0.08504925188071054,-0.9374136927517607,1.1697805251007627,-1.224744871391589,-0.585122383961627,0.37967212888114743,-0.9614863916702531,1.4390572537589523,-0.6608531809232983,1.2368204621527703,-0.8926082170585604,-0.8424168998230602,-0.6780493930322938,1.5917455343596372,-1.150554101574931,-0.42623001504290225,-1.5841782406465175,-0.9320143892374165,-1.0644701017820986,-0.6201892226844659,1.754054456494842,-0.6544537372115486,-0.6154915796172453,-0.05828489079737142,-0.5952272282818631,2.280905882663645
0.7748559575377005,0.590048337687597,0.32851646128563106,-0.49381713700997326,-0.7641208792270812,0.08504925188071054,-0.9374136927517607,-1.5756862740979405,0.816496580927726,1.137105685536411,0.37967212888114743,-0.9614863916702531,-0.998992108160748,-1.5679065665042955,-0.1332820844671032,-0.8798594979545579,0.05001804093258887,0.523315742874663,-0.6282411217206918,-0.8772324258614294,-0.42623001504290225,0.26623257679518353,-0.9320143892374165,-0.1645114009902331,0.9316033855643253,1.754054456494842,-0.6544537372115486,-0.6154915796172453,-0.36871528743554577,-0.5952272282818631,2.280905882663645
0.5558522548689022,-2.416437126439847,-0.7622885201284952,-0.49381713700997326,-0.8875151110697495,-1.86842575225436,-0.9374136927517607,0.25462492536786163,0.816496580927726,-1.4216331605749597,0.37967212888114743,1.7496101475022634,-0.592650547840798,0.2462002046576992,-0.1332820844671032,2.4133471252610295,1.7242822061644076,-1.0785044383346125,1.5917455343596372,-0.6039107501479276,-0.42623001504290225,1.1914379855160337,-0.9320143892374165,1.2497094145398413,0.15570708143992973,-1.0778621289498782,2.1213098223465976,1.0410954610370433,-0.05828489079737142,1.6476026994959998,-0.43842229861417986
1.979376322216091,0.590048337687597,-1.290337295222152,-0.49381713700997326,-0.8875151110697495,-0.8916882501868245,0.5653105475373214,1.1697805251007627,-1.224744871391589,-0.3882963188761368,-2.432005601372186,2.6533089938931025,-0.592650547840798,0.2462002046576992,-0.1332820844671032,2.695093817459486,-1.0289147213006582,0.523315742874663,-0.6282411217206918,-0.3305890744344259,-0.42623001504290225,1.1914379855160337,0.2419883118585579,1.5068404719089457,1.707499689688721,0.33809616377248186,1.9580296129608248,1.317193301146092,2.1147278856698484,1.9279564404682328,-0.43842229861417986
2.08887817355049,0.590048337687597,-1.4787490647391377,-2.3891466184842827,-0.1471497200137397,1.0617867539482455,-0.9374136927517607,1.1697805251007627,0.816496580927726,1.629170848250136,0.37967212888114743,2.6533089938931025,-0.592650547840798,-0.6608531809232983,1.2368204621527703,2.807707502878175,-1.446321299890308,1.3242258334793011,-0.6282411217206918,-0.3305890744344259,-0.42623001504290225,-1.5841782406465175,-0.9320143892374165,3.1781923448081244,0.9316033855643253,0.33809616377248186,-0.0013328996684552844,-0.3393937395081972,1.4938670923934998,0.8065414765793012,-0.43842229861417986
0.33684855220010396,-2.416437126439847,-0.8540153026565014,-0.49381713700997326,0.8400041347276065,-0.8916882501868245,-0.9374136927517607,0.25462492536786163,0.816496580927726,0.3990079414658234,0.37967212888114743,-0.9614863916702531,0.6263741331190523,0.2462002046576992,-1.5033846310869767,-0.6287097316057079,-0.8124816805504691,2.5255909693862577,-0.6282411217206918,0.21605427699257748,-0.42623001504290225,-0.6589728319256668,0.2419883118585579,-0.678773515728442,-2.171981830933257,0.33809616377248186,-0.4911735278257753,-0.6154915796172453,-0.67914568407372,-1.1559347102263289,-0.43842229861417986
-0.32016255580629077,0.590048337687597,0.34834927912952424,-0.49381713700997326,-0.023755488171071402,0.08504925188071054,-0.9374136927517607,1.1697805251007627,0.816496580927726,0.9894861367222935,0.37967212888114743,0.8459113011114248,-1.8116752288006481,1.153253590238697,-1.5033846310869767,0.42433446638490135,-1.23944504275766,-1.0785044383346125,-0.6282411217206918,-1.150554101574931,-0.42623001504290225,1.1914379855160337,0.2419883118585579,-0.1645114009902331,-2.171981830933257,-1.0778621289498782,0.3252275191030913,0.7649976209279952,-0.36871528743554577,0.5261877356070683,-0.43842229861417986
0.33684855220010396,0.590048337687597,-0.6928736576748691,-0.49381713700997326,-0.8875151110697495,0.08504925188071054,-0.9374136927517607,0.25462492536786163,0.816496580927726,1.5799643319787635,0.37967212888114743,-0.05778754527941413,0.6263741331190523,1.153253590238697,1.2368204621527703,-0.39137107761952733,1.1442697651410116,-0.6780493930322938,-0.6282411217206918,-0.6039107501479276,-0.42623001504290225,0.26623257679518353,-0.9320143892374165,-0.2930769296747854,0.9316033855643253,0.33809616377248186,0.3252275191030913,1.0410954610370433,1.8042974890316739,1.086895217551534,-0.43842229861417986
0.44635040353450317,-0.9131943943761252,0.5342819464160231,1.401512344464336,-1.010909342912418,0.08504925188071054,-0.1860515726072197,0.25462492536786163,-1.224744871391589,0.005355811294843232,0.37967212888114743,-0.05778754527941413,1.0327156934390023,-1.5679065665042955,-1.5033846310869767,-0.509934165286751,-1.4076725426134886,-1.0785044383346125,-0.6282411217206918,0.48937595270607925,-0.42623001504290225,1.1914379855160337,0.2419883118585579,-0.1645114009902331,-0.6201892226844659,0.33809616377248186,0.3252275191030913,-0.3393937395081972,-0.36871528743554577,0.8065414765793012,-0.43842229861417986
-0.21066070447189164,-0.9131943943761252,-0.7945168491248218,-0.49381713700997326,-0.6407266473844129,1.0617867539482455,-0.9374136927517607,0.25462492536786163,0.816496580927726,1.038692652993666,0.37967212888114743,-0.05778754527941413,0.6263741331190523,0.2462002046576992,1.2368204621527703,-0.47891228213367815,-1.6335218260456663,-0.6780493930322938,1.5917455343596372,-1.150554101574931,-0.42623001504290225,-0.6589728319256668,-0.9320143892374165,-0.2930769296747854,0.15570708143992973,0.33809616377248186,0.3252275191030913,0.488899780818947,-0.36871528743554577,-0.8755809692540959,-0.43842229861417986
1.5413689168784943,0.590048337687597,-0.08053540674466624,-2.3891466184842827,-0.5173324155417446,0.08504925188071054,-0.9374136927517607,0.25462492536786163,0.816496580927726,0.8910731041795484,0.37967212888114743,1.7496101475022634,-0.592650547840798,-0.6608531809232983,-1.5033846310869767,1.5984914958635348,0.46025703180908334,-0.6780493930322938,1.5917455343596372,-1.150554101574931,-0.42623001504290225,-0.6589728319256668,0.2419883118585579,2.7924957587544674,-0.6201892226844659,0.33809616377248186,4.243952544361651,1.317193301146092,-0.67914568407372,1.6476026994959998,-0.43842229861417986
0.11784484953130574,0.590048337687597,0.5119700263416432,1.401512344464336,-0.8875151110697495,-0.8916882501868245,-0.9374136927517607,-0.6605306743650394,-1.224744871391589,-1.7168722582031948,0.37967212888114743,-0.05778754527941413,1.0327156934390023,-1.5679065665042955,-1.5033846310869767,0.08288127304936685,0.7234902040981119,0.12286069757234404,-0.6282411217206918,-0.05726739872092413,-0.42623001504290225,1.1914379855160337,0.2419883118585579,-0.035945872305680915,0.15570708143992973,0.33809616377248186,-0.0013328996684552844,0.7649976209279952,-0.36871528743554577,0.8065414765793012,-0.43842229861417986
-0.32016255580629077,0.590048337687597,-0.7325392933626554,1.401512344464336,0.7166099028849382,-0.8916882501868245,0.5653105475373214,0.25462492536786163,-1.224744871391589,0.005355811294843232,0.37967212888114743,-0.05778754527941413,1.0327156934390023,-1.5679065665042955,1.2368204621527703,-0.08030233148186557,1.2985837123771855,-0.6780493930322938,-0.6282411217206918,-0.8772324258614294,-0.42623001504290225,1.1914379855160337,-0.9320143892374165,-0.1645114009902331,2.4833959938131165,1.754054456494842,0.4885077284888646,1.0410954610370433,2.1147278856698484,0.5261877356070683,-0.43842229861417986
-1.3056792178158831,0.590048337687597,0.19712404306983855,-0.49381713700997326,1.2101868302556114,-1.86842575225436,0.5653105475373214,1.1697805251007627,0.816496580927726,0.05456232756621574,0.37967212888114743,-0.9614863916702531,-0.998992108160748,1.153253590238697,-0.1332820844671032,-0.602149900139036,-0.7361679525456948,0.12286069757234404,-0.6282411217206918,-1.150554101574931,-0.42623001504290225,0.26623257679518353,2.5899937140505074,-0.5502079870438897,2.4833959938131165,-1.0778621289498782,-0.6544537372115486,-0.6154915796172453,-0.36871528743554577,-0.5952272282818631,-0.43842229861417986
2.3078818762192883,0.590048337687597,-0.49950368369691034,-0.49381713700997326,-0.270543951856408,1.0617867539482455,0.5653105475373214,0.25462492536786163,-1.224744871391589,-0.6343289002329995,-1.0261667362455194,0.8459113011114248,-0.18630898752084787,-1.5679065665042955,-0.1332820844671032,0.7447522731988316,-0.32185327453819024,1.7246808787816201,1.5917455343596372,-0.3305890744344259,-0.42623001504290225,1.1914379855160337,-0.9320143892374165,2.535364701385363,-2.171981830933257,-1.0778621289498782,0.4885077284888646,1.317193301146092,0.8730062991171512,1.3672489585237668,2.280905882663645
0.33684855220010396,0.590048337687597,-1.1738194903892794,-0.49381713700997326,-1.010909342912418,1.0617867539482455,-0.9374136927517607,-0.6605306743650394,0.816496580927726,1.0878991692650386,0.37967212888114743,-0.9614863916702531,-0.998992108160748,-0.6608531809232983,-0.1332820844671032,-0.8745475316612235,-1.0612391364776343,0.12286069757234404,-0.6282411217206918,1.8559843312735878,2.3461510562538512,0.26623257679518353,0.2419883118585579,-0.5502079870438897,0.15570708143992973,0.33809616377248186,-0.4911735278257753,-0.6154915796172453,-0.67914568407372,-0.3148734873096303,-0.43842229861417986
-0.10115885313749245,-0.9131943943761252,-0.48462907031399044,1.401512344464336,-0.270543951856408,0.08504925188071054,-0.1860515726072197,-1.5756862740979405,-1.224744871391589,0.8418665879081759,1.7855109940078144,-0.05778754527941413,1.0327156934390023,-1.5679065665042955,-0.1332820844671032,-0.39604560795766164,-1.6938138873975048,-0.2775943477299748,-0.6282411217206918,0.21605427699257748,-0.42623001504290225,1.1914379855160337,0.2419883118585579,0.7354472998016324,-0.6201892226844659,-1.0778621289498782,1.304908775417731,0.7649976209279952,1.1834366957553255,2.488663922412698,-0.43842229861417986
1.2128633628752972,0.590048337687597,0.13018828284669895,-0.49381713700997326,-0.6407266473844129,0.08504925188071054,-0.9374136927517607,1.1697805251007627,0.816496580927726,-0.585122383961627,0.37967212888114743,0.8459113011114248,-0.18630898752084787,1.153253590238697,1.2368204621527703,0.2964223180414092,0.6173817977562985,-0.6780493930322938,-0.6282411217206918,-1.150554101574931,-0.42623001504290225,0.26623257679518353,-0.9320143892374165,-0.035945872305680915,-0.6201892226844659,0.33809616377248186,0.4885077284888646,1.317193301146092,-0.67914568407372,1.086895217551534,-0.43842229861417986
-1.0866755151470848,0.590048337687597,1.2110768553388789,1.401512344464336,0.2230329755142651,0.08504925188071054,0.5653105475373214,0.25462492536786163,-1.224744871391589,1.5799643319787635,1.7855109940078144,-0.9614863916702531,1.4390572537589523,1.153253590238697,-0.1332820844671032,-0.8433131698564172,-1.094266256332371,2.125135924083939,-0.6282411217206918,-0.3305890744344259,-0.42623001504290225,-0.6589728319256668,0.2419883118585579,-0.8073390444129942,0.9316033855643253,0.33809616377248186,-0.9810141559830952,-1.1676872598353416,-0.67914568407372,-1.1559347102263289,-0.43842229861417986
1.5413689168784943,0.590048337687597,1.493694509614357,-0.49381713700997326,0.2230329755142651,-0.8916882501868245,2.0680347878264036,1.1697805251007627,-1.224744871391589,0.7926600716368034,-1.0261667362455194,1.7496101475022634,-0.18630898752084787,-0.6608531809232983,1.2368204621527703,1.4106603677312306,1.42310298127632,0.12286069757234404,-0.6282411217206918,0.21605427699257748,-0.42623001504290225,-0.6589728319256668,-0.9320143892374165,2.2782336440162587,-1.3960855268088614,-1.0778621289498782,-0.3278933184400019,-0.6154915796172453,-0.67914568407372,-0.3148734873096303,-0.43842229861417986
-2.072192177156677,-2.416437126439847,0.7970667828476081,-0.49381713700997326,-1.010909342912418,0.08504925188071054,-0.9374136927517607,1.1697805251007627,-1.224744871391589,1.5307578157073911,0.37967212888114743,-0.9614863916702531,-0.998992108160748,1.153253590238697,1.2368204621527703,-1.039430965406323,0.7015658181519889,-0.6780493930322938,-0.6282411217206918,-0.05726739872092413,-0.42623001504290225,0.26623257679518353,-0.9320143892374165,-1.4501666878357553,1.707499689688721,1.754054456494842,-1.1442943653688686,-1.1676872598353416,-0.67914568407372,-1.1559347102263289,-0.43842229861417986
-0.21066070447189164,0.590048337687597,0.03598239808820615,-0.49381713700997326,-1.010909342912418,0.08504925188071054,0.5653105475373214,1.1697805251007627,-1.224744871391589,-0.28988328633339183,-1.0261667362455194,-0.05778754527941413,-0.998992108160748,1.153253590238697,-0.1332820844671032,-0.24221106410269772,-0.48726995568297754,-1.0785044383346125,-0.6282411217206918,-0.8772324258614294,-0.42623001504290225,-0.6589728319256668,0.2419883118585579,-0.1645114009902331,-2.171981830933257,0.33809616377248186,0.3252275191030913,0.7649976209279952,-0.67914568407372,-1.1559347102263289,-0.43842229861417986
-1.0866755151470848,-0.9131943943761252,-0.02351605544347335,1.401512344464336,-0.8875151110697495,-1.86842575225436,-0.9374136927517607,1.1697805251007627,0.816496580927726,-1.1263940629467246,-2.432005601372186,-0.05778754527941413,1.0327156934390023,1.153253590238697,1.2368204621527703,-0.3042548304088434,0.8543338150970898,0.12286069757234404,-0.6282411217206918,1.3093409798465845,2.3461510562538512,-0.6589728319256668,-0.9320143892374165,-0.4216424583593375,0.15570708143992973,0.33809616377248186,-0.16461310905422857,-0.6154915796172453,-0.67914568407372,-1.1559347102263289,-0.43842229861417986
1.979376322216091,0.590048337687597,-1.3275238286794515,1.401512344464336,0.4698214391996017,1.0617867539482455,-0.1860515726072197,-1.5756862740979405,0.816496580927726,0.9402796204509211,1.7855109940078144,1.7496101475022634,1.0327156934390023,0.2462002046576992,1.2368204621527703,1.5281610621397874,-0.7077786835641765,1.3242258334793011,1.5917455343596372,0.48937595270607925,-0.42623001504290225,0.26623257679518353,-0.9320143892374165,1.6354060005934978,-0.6201892226844659,-1.0778621289498782,1.9580296129608248,0.7649976209279952,0.25214550584080275,1.086895217551534,2.280905882663645
2.08887817355049,0.590048337687597,1.4044468293168375,-0.49381713700997326,1.7037637576262843,0.08504925188071054,-0.9374136927517607,1.1697805251007627,0.816496580927726,0.10376884383758825,0.37967212888114743,1.7496101475022634,-0.18630898752084787,-0.6608531809232983,-0.1332820844671032,1.4659048171819082,0.5511870171112733,0.523315742874663,1.5917455343596372,-0.8772324258614294,-0.42623001504290225,-1.5841782406465175,0.2419883118585579,2.7924957587544674,-2.171981830933257,0.33809616377248186,1.9580296129608248,3.2498781819094282,3.9773102654988937,1.3672489585237668,-0.43842229861417986
-0.32016255580629077,-2.416437126439847,0.4871790040367767,-0.49381713700997326,2.073946453154289,-1.86842575225436,2.0680347878264036,-1.5756862740979405,-1.224744871391589,1.2847252343505289,-1.0261667362455194,-0.9614863916702531,0.6263741331190523,0.2462002046576992,-1.5033846310869767,-0.9506148889817718,0.22175906417721938,-0.6780493930322938,-0.6282411217206918,1.3093409798465845,2.3461510562538512,0.26623257679518353,2.5899937140505074,-0.8073390444129942,-0.6201892226844659,0.33809616377248186,-0.3278933184400019,-0.0632958993991491,-0.67914568407372,-1.1559347102263289,-0.43842229861417986
0.33684855220010396,0.590048337687597,0.9904367568255668,-0.49381713700997326,-0.8875151110697495,-1.86842575225436,0.5653105475373214,-0.6605306743650394,-1.224744871391589,1.137105685536411,1.7855109940078144,-0.05778754527941413,-1.8116752288006481,0.2462002046576992,-1.5033846310869767,-0.026757711245054865,-0.059744429733578235,0.9237707881769819,-0.6282411217206918,1.3093409798465845,2.3461510562538512,-0.6589728319256668,2.5899937140505074,0.4783162424325279,-2.171981830933257,0.33809616377248186,0.8150681472604113,1.8693889813641877,2.735588678946197,1.086895217551534,-0.43842229861417986
-0.32016255580629077,0.590048337687597,-1.282899988530692,-0.49381713700997326,2.4441291486822943,0.08504925188071054,0.5653105475373214,-0.6605306743650394,0.816496580927726,0.9894861367222935,0.37967212888114743,-0.05778754527941413,-0.998992108160748,0.2462002046576992,-0.1332820844671032,-0.22818747308829493,0.44662456106053255,0.523315742874663,-0.6282411217206918,-0.6039107501479276,-0.42623001504290225,-1.5841782406465175,1.4159910129545328,-0.1645114009902331,-1.3960855268088614,0.33809616377248186,0.16194730971731802,0.7649976209279952,1.4938670923934998,0.8065414765793012,-0.43842229861417986
-0.6486681098094882,-0.9131943943761252,-0.24663525618727195,1.401512344464336,-0.8875151110697495,0.08504925188071054,-0.9374136927517607,0.25462492536786163,-1.224744871391589,1.1863122018077836,-1.0261667362455194,-0.9614863916702531,1.4390572537589523,1.153253590238697,1.2368204621527703,-0.7899810282713401,-0.34166954645103226,1.7246808787816201,-0.6282411217206918,-0.3305890744344259,-0.42623001504290225,0.26623257679518353,-0.9320143892374165,-1.0644701017820986,0.15570708143992973,1.754054456494842,-0.9810141559830952,-1.1676872598353416,-0.67914568407372,-1.1559347102263289,2.280905882663645
-0.21066070447189164,-0.9131943943761252,-0.34827844763722465,1.401512344464336,1.0867925984129432,1.0617867539482455,-0.1860515726072197,1.1697805251007627,-1.224744871391589,0.05456232756621574,0.37967212888114743,-0.05778754527941413,1.0327156934390023,0.2462002046576992,-0.1332820844671032,-0.40135757425099605,1.2613403644558867,-1.0785044383346125,1.5917455343596372,0.762697628419581,-0.42623001504290225,0.26623257679518353,0.2419883118585579,-0.8073390444129942,-2.171981830933257,-1.0778621289498782,-0.4911735278257753,-0.6154915796172453,0.25214550584080275,-0.5952272282818631,2.280905882663645
0.11784484953130574,-0.9131943943761252,-0.27142627849213846,-0.49381713700997326,-0.270543951856408,0.08504925188071054,-0.9374136927517607,1.1697805251007627,0.816496580927726,-0.4375028351475093,1.7855109940078144,-0.9614863916702531,0.6263741331190523,0.2462002046576992,-1.5033846310869767,-0.8271647923246808,0.20166171039327327,-0.6780493930322938,-0.6282411217206918,-1.150554101574931,-0.42623001504290225,1.1914379855160337,2.5899937140505074,-0.9359045730975464,-0.6201892226844659,0.33809616377248186,-0.4911735278257753,-0.6154915796172453,-0.67914568407372,-0.3148734873096303,-0.43842229861417986
-0.32016255580629077,0.590048337687597,-0.9878868231027804,-0.49381713700997326,-0.8875151110697495,1.0617867539482455,2.0680347878264036,0.25462492536786163,-1.224744871391589,1.5799643319787635,0.37967212888114743,-0.05778754527941413,-1.8116752288006481,1.153253590238697,1.2368204621527703,0.03911067079229145,-1.1454231568733246,-0.6780493930322938,-0.6282411217206918,-1.150554101574931,-0.42623001504290225,1.1914379855160337,-0.9320143892374165,0.3497507137479757,-0.6201892226844659,1.754054456494842,1.141628566031958,1.8693889813641877,0.562575902478977,1.9279564404682328,-0.43842229861417986
-0.9771736638126856,0.590048337687597,-0.16482488258121245,1.401512344464336,2.073946453154289,0.08504925188071054,-0.9374136927517607,0.25462492536786163,0.816496580927726,-0.880361481589862,-1.0261667362455194,-0.05778754527941413,1.0327156934390023,-1.5679065665042955,-0.1332820844671032,-0.37798492256032473,1.3940110076170416,-0.6780493930322938,-0.6282411217206918,-1.150554101574931,-0.42623001504290225,0.26623257679518353,0.2419883118585579,-0.8073390444129942,-2.171981830933257,0.33809616377248186,-0.3278933184400019,-0.3393937395081972,-0.67914568407372,-0.03451974633739738,-0.43842229861417986
-0.6486681098094882,0.590048337687597,-1.1713403881587927,-0.49381713700997326,1.5803695257836163,1.0617867539482455,0.5653105475373214,1.1697805251007627,0.816496580927726,1.5799643319787635,0.37967212888114743,-0.05778754527941413,-0.18630898752084787,0.2462002046576992,-0.1332820844671032,-0.06882848428826327,0.9477935372392168,-0.6780493930322938,1.5917455343596372,-0.05726739872092413,-0.42623001504290225,1.1914379855160337,1.4159910129545328,-0.1645114009902331,0.15570708143992973,-1.0778621289498782,0.4885077284888646,-0.6154915796172453,1.1834366957553255,0.8065414765793012,2.280905882663645
0.22734670086570485,0.590048337687597,1.7242510170496157,1.401512344464336,1.456975293940948,1.0617867539482455,-0.9374136927517607,-1.5756862740979405,0.816496580927726,-1.0771875466753522,-1.0261667362455194,-0.05778754527941413,1.0327156934390023,1.153253590238697,-0.1332820844671032,-0.08136472474053237,-1.5102674255665005,0.12286069757234404,1.5917455343596372,-0.8772324258614294,-0.42623001504290225,1.1914379855160337,1.4159910129545328,-0.4216424583593375,-0.6201892226844659,1.754054456494842,-0.3278933184400019,-0.0632958993991491,-0.36871528743554577,-0.03451974633739738,-0.43842229861417986
1.5413689168784943,-0.9131943943761252,-0.6482498175261093,1.401512344464336,-0.8875151110697495,0.08504925188071054,-0.1860515726072197,-0.6605306743650394,0.816496580927726,-0.683535416504372,0.37967212888114743,0.8459113011114248,1.0327156934390023,-0.6608531809232983,-0.1332820844671032,0.8696897204180566,0.15205076014339228,-0.2775943477299748,-0.6282411217206918,-1.150554101574931,-0.42623001504290225,-0.6589728319256668,-0.9320143892374165,0.3497507137479757,1.707499689688721,0.33809616377248186,-0.4911735278257753,-0.6154915796172453,0.25214550584080275,-0.5952272282818631,-0.43842229861417986
0.44635040353450317,-0.9131943943761252,0.9854785523645936,-0.49381713700997326,1.5803695257836163,0.08504925188071054,-0.9374136927517607,1.1697805251007627,-1.224744871391589,0.44821445773719587,0.37967212888114743,-0.05778754527941413,0.6263741331190523,1.153253590238697,-1.5033846310869767,-0.22011328432242672,-0.050609268922693636,0.12286069757234404,1.5917455343596372,-0.3305890744344259,-0.42623001504290225,-1.5841782406465175,1.4159910129545328,0.09261965637887119,0.9316033855643253,-1.0778621289498782,-0.16461310905422857,-0.6154915796172453,0.25214550584080275,-0.3148734873096303,-0.43842229861417986
0.008342998196906542,0.590048337687597,1.5779839854509032,-0.49381713700997326,-0.6407266473844129,-1.86842575225436,-0.9374136927517607,0.25462492536786163,0.816496580927726,-0.585122383961627,0.37967212888114743,-0.9614863916702531,0.6263741331190523,0.2462002046576992,-0.1332820844671032,-0.7451480327555977,-1.2832938146499062,1.7246808787816201,1.5917455343596372,-0.05726739872092413,-0.42623001504290225,1.1914379855160337,-0.9320143892374165,-0.4216424583593375,-0.6201892226844659,0.33809616377248186,-0.16461310905422857,-0.0632958993991491,-0.36871528743554577,-0.3148734873096303,-0.43842229861417986
-0.42966440714068993,-0.9131943943761252,0.7648384538512817,1.401512344464336,-0.5173324155417446,-1.86842575225436,-0.9374136927517607,-0.6605306743650394,0.816496580927726,-0.2406767700620193,0.37967212888114743,-0.05778754527941413,1.0327156934390023,1.153253590238697,-0.1332820844671032,0.7426274866814979,0.699879326925364,1.3242258334793011,-0.6282411217206918,-0.6039107501479276,-0.42623001504290225,-1.5841782406465175,-0.9320143892374165,-0.4216424583593375,-0.6201892226844659,1.754054456494842,-0.3278933184400019,-0.0632958993991491,-0.36871528743554577,-0.5952272282818631,-0.43842229861417986
-0.5391662584750891,0.590048337687597,-0.7523721112065487,1.401512344464336,-0.8875151110697495,-1.86842575225436,-0.1860515726072197,0.25462492536786163,0.816496580927726,-1.470839676846332,0.37967212888114743,-0.05778754527941413,1.0327156934390023,-0.6608531809232983,-0.1332820844671032,-0.5152461315800854,0.8690906133300572,-1.0785044383346125,1.5917455343596372,-0.6039107501479276,-0.42623001504290225,-1.5841782406465175,2.5899937140505074,-0.9359045730975464,0.15570708143992973,-1.0778621289498782,-0.6544537372115486,-0.6154915796172453,-0.36871528743554577,-0.5952272282818631,-0.43842229861417986
0.22734670086570485,-2.416437126439847,1.6920226880532891,-0.49381713700997326,1.950552221311621,-0.8916882501868245,-0.9374136927517607,0.25462492536786163,0.816496580927726,0.25138839265170587,0.37967212888114743,0.8459113011114248,-1.8116752288006481,0.2462002046576992,-0.1332820844671032,0.9385328035796702,-1.5268512559616447,0.12286069757234404,-0.6282411217206918,1.5826626555600862,2.3461510562538512,-0.6589728319256668,0.2419883118585579,0.2211851850634235,-0.6201892226844659,0.33809616377248186,-0.16461310905422857,-0.0632958993991491,-0.67914568407372,0.24583399463483543,-0.43842229861417986
-1.3056792178158831,0.590048337687597,1.4118841360082974,1.401512344464336,1.0867925984129432,-1.86842575225436,-0.9374136927517607,-1.5756862740979405,0.816496580927726,1.333931750621901,1.7855109940078144,-0.05778754527941413,1.0327156934390023,0.2462002046576992,-0.1332820844671032,-0.05756711574639437,-0.25804768979755016,-0.2775943477299748,-0.6282411217206918,-1.150554101574931,-0.42623001504290225,-0.6589728319256668,-0.9320143892374165,-0.678773515728442,0.15570708143992973,-1.0778621289498782,-0.6544537372115486,-0.6154915796172453,-0.36871528743554577,-0.5952272282818631,-0.43842229861417986
1.6508707682128936,-0.9131943943761252,-1.1911732060026858,-0.49381713700997326,2.320734916839626,-0.8916882501868245,0.5653105475373214,1.1697805251007627,-1.224744871391589,-0.33908980260476435,1.7855109940078144,1.7496101475022634,-0.18630898752084787,0.2462002046576992,-0.1332820844671032,1.4329706261632351,-0.6439730988235364,-0.2775943477299748,1.5917455343596372,-1.150554101574931,-0.42623001504290225,-0.6589728319256668,0.2419883118585579,1.6354060005934978,0.15570708143992973,-1.0778621289498782,-0.3278933184400019,-0.3393937395081972,-0.67914568407372,-0.5952272282818631,-0.43842229861417986
0.6653541062033014,0.590048337687597,0.31612095013319774,-0.49381713700997326,-0.3939381836990763,0.08504925188071054,0.5653105475373214,-1.5756862740979405,-1.224744871391589,0.3498014251944509,-1.0261667362455194,-0.05778754527941413,0.6263741331190523,0.2462002046576992,1.2368204621527703,-0.5146086956248853,0.7996633911673343,-0.6780493930322938,1.5917455343596372,-0.3305890744344259,-0.42623001504290225,-1.5841782406465175,-0.9320143892374165,1.121143885855289,0.15570708143992973,-2.4938204216722384,2.1213098223465976,0.7649976209279952,-0.36871528743554577,1.086895217551534,-0.43842229861417986
-1.0866755151470848,0.590048337687597,-1.481228166969624,1.401512344464336,0.0996387436715968,0.08504925188071054,-0.1860515726072197,1.1697805251007627,-1.224744871391589,1.5799643319787635,-1.0261667362455194,-0.05778754527941413,1.0327156934390023,1.153253590238697,-0.1332820844671032,-0.1559447314989472,-1.0137363002610345,-0.6780493930322938,1.5917455343596372,-1.150554101574931,-0.42623001504290225,1.1914379855160337,-0.9320143892374165,-0.678773515728442,0.15570708143992973,0.33809616377248186,-0.16461310905422857,-0.6154915796172453,0.562575902478977,-0.03451974633739738,-0.43842229861417986
-1.0866755151470848,0.590048337687597,-1.6547653231036896,-0.49381713700997326,0.9633983665702748,1.0617867539482455,-0.9374136927517607,1.1697805251007627,-1.224744871391589,-0.7327419327757445,0.37967212888114743,-0.9614863916702531,0.6263741331190523,0.2462002046576992,1.2368204621527703,-0.8730601810990899,1.597654823231992,-0.6780493930322938,1.5917455343596372,-0.6039107501479276,-0.42623001504290225,1.1914379855160337,-0.9320143892374165,-0.4216424583593375,-0.6201892226844659,0.33809616377248186,0.16194730971731802,-0.6154915796172453,1.4938670923934998,0.8065414765793012,2.280905882663645
-1.196177366481484,0.590048337687597,-0.296217300797005,-0.49381713700997326,-0.8875151110697495,-1.86842575225436,0.5653105475373214,-1.5756862740979405,0.816496580927726,-1.470839676846332,-1.0261667362455194,-0.9614863916702531,0.6263741331190523,1.153253590238697,1.2368204621527703,-0.5522174169816927,-1.44238615369485,-1.0785044383346125,-0.6282411217206918,-0.8772324258614294,-0.42623001504290225,1.1914379855160337,-0.9320143892374165,-0.8073390444129942,-0.6201892226844659,0.33809616377248186,-0.4911735278257753,-0.3393937395081972,-0.36871528743554577,-0.8755809692540959,-0.43842229861417986
0.5558522548689022,0.590048337687597,0.8540861341488011,-2.3891466184842827,0.0996387436715968,0.08504925188071054,-1.6887758128963017,0.25462492536786163,-1.224744871391589,-1.7168722582031948,0.37967212888114743,1.7496101475022634,-0.592650547840798,-1.5679065665042955,-0.1332820844671032,2.1876947971201854,0.3236512424524706,-1.0785044383346125,-0.6282411217206918,-0.3305890744344259,-0.42623001504290225,0.26623257679518353,0.2419883118585579,1.2497094145398413,1.707499689688721,0.33809616377248186,2.1213098223465976,0.7649976209279952,-0.67914568407372,1.3672489585237668,-0.43842229861417986
1.6508707682128936,0.590048337687597,-1.3498357487538315,-0.49381713700997326,-0.1471497200137397,1.0617867539482455,1.3166726676818623,0.25462492536786163,-1.224744871391589,-0.585122383961627,0.37967212888114743,-0.9614863916702531,-0.998992108160748,-1.5679065665042955,-0.1332820844671032,-0.754922050735333,0.4286353213098674,2.5255909693862577,-0.6282411217206918,-0.6039107501479276,-0.42623001504290225,0.26623257679518353,-0.9320143892374165,0.09261965637887119,-0.6201892226844659,-2.4938204216722384,-0.3278933184400019,-0.0632958993991491,-0.67914568407372,-0.03451974633739738,-0.43842229861417986
0.008342998196906542,0.590048337687597,1.6350033367520962,-0.49381713700997326,0.2230329755142651,0.08504925188071054,0.5653105475373214,-1.5756862740979405,-1.224744871391589,1.3831382668932737,0.37967212888114743,-0.9614863916702531,-0.998992108160748,0.2462002046576992,1.2368204621527703,-0.610649046208371,0.6735981719771268,0.523315742874663,-0.6282411217206918,0.762697628419581,-0.42623001504290225,-1.5841782406465175,-0.9320143892374165,-0.4216424583593375,2.4833959938131165,0.33809616377248186,-0.6544537372115486,-0.6154915796172453,-0.67914568407372,-0.5952272282818631,-0.43842229861417986
-0.21066070447189164,-0.9131943943761252,-1.493623678122057,-0.49381713700997326,1.0867925984129432,-0.8916882501868245,-0.9374136927517607,0.25462492536786163,0.816496580927726,-0.28988328633339183,0.37967212888114743,0.8459113011114248,-0.18630898752084787,1.153253590238697,1.2368204621527703,0.6074910641790711,0.7913714759697621,-0.2775943477299748,-0.6282411217206918,-1.150554101574931,-0.42623001504290225,0.26623257679518353,-0.9320143892374165,-0.1645114009902331,-0.6201892226844659,0.33809616377248186,-0.8177339465973219,-0.6154915796172453,-0.05828489079737142,-0.5952272282818631,-0.43842229861417986
-1.3056792178158831,0.590048337687597,0.36322389251244414,-0.49381713700997326,-1.010909342912418,0.08504925188071054,2.0680347878264036,-1.5756862740979405,0.816496580927726,0.7434535553654309,0.37967212888114743,-0.9614863916702531,-0.998992108160748,1.153253590238697,-0.1332820844671032,-0.6956405069017212,-1.3215209491200697,0.523315742874663,-0.6282411217206918,-1.150554101574931,-0.42623001504290225,-0.6589728319256668,0.2419883118585579,-0.5502079870438897,-0.6201892226844659,-1.0778621289498782,-0.6544537372115486,-0.6154915796172453,-0.67914568407372,-0.5952272282818631,-0.43842229861417986
-1.196177366481484,0.590048337687597,-0.37306946994209117,-0.49381713700997326,-0.270543951856408,0.08504925188071054,1.3166726676818623,0.25462492536786163,0.816496580927726,1.6783773645215088,1.7855109940078144,-0.9614863916702531,-0.998992108160748,-1.5679065665042955,1.2368204621527703,-0.6214854574467732,1.301956694830435,-1.0785044383346125,-0.6282411217206918,-0.8772324258614294,-0.42623001504290225,1.1914379855160337,-0.9320143892374165,-0.4216424583593375,-0.6201892226844659,0.33809616377248186,-0.0013328996684552844,0.7649976209279952,-0.67914568407372,0.8065414765793012,-0.43842229861417986
-0.8676718124782865,0.590048337687597,-1.1663821836978194,-2.3891466184842827,0.9633983665702748,0.08504925188071054,1.3166726676818623,-0.6605306743650394,0.816496580927726,-0.7327419327757445,-1.0261667362455194,0.8459113011114248,-1.405333668480698,-1.5679065665042955,1.2368204621527703,0.3155453966974131,-0.6386325432725577,-0.6780493930322938,-0.6282411217206918,-0.6039107501479276,-0.42623001504290225,-1.5841782406465175,-0.9320143892374165,-0.1645114009902331,0.15570708143992973,-1.0778621289498782,0.4885077284888646,1.317193301146092,-0.67914568407372,1.3672489585237668,-0.43842229861417986
1.3223652142096962,-0.9131943943761252,1.6672316657484223,-0.49381713700997326,2.320734916839626,-0.8916882501868245,-0.9374136927517607,-1.5756862740979405,0.816496580927726,1.5307578157073911,-1.0261667362455194,-0.05778754527941413,-0.998992108160748,-1.5679065665042955,1.2368204621527703,-0.47147552932300996,1.1801077037067895,0.12286069757234404,-0.6282411217206918,1.3093409798465845,2.3461510562538512,-1.5841782406465175,-0.9320143892374165,1.121143885855289,-0.6201892226844659,0.33809616377248186,-0.4911735278257753,-0.3393937395081972,-0.36871528743554577,-0.3148734873096303,2.280905882663645
-0.8676718124782865,-0.9131943943761252,-1.1539866725453862,-0.49381713700997326,0.59321567104227,-1.86842575225436,1.3166726676818623,0.25462492536786163,-1.224744871391589,0.8910731041795484,0.37967212888114743,0.8459113011114248,-1.8116752288006481,1.153253590238697,1.2368204621527703,0.22311718319339469,1.2110267095282454,-1.0785044383346125,1.5917455343596372,-0.8772324258614294,-0.42623001504290225,-1.5841782406465175,-0.9320143892374165,-0.2930769296747854,-1.3960855268088614,0.33809616377248186,0.16194730971731802,0.7649976209279952,1.4938670923934998,0.8065414765793012,2.280905882663645
1.869874470881692,0.590048337687597,0.41776414158315045,-0.49381713700997326,-1.010909342912418,0.08504925188071054,0.5653105475373214,1.1697805251007627,-1.224744871391589,-0.585122383961627,0.37967212888114743,1.7496101475022634,0.2200325727991022,1.153253590238697,1.2368204621527703,2.3000960038871407,-1.2172395749404328,1.3242258334793011,-0.6282411217206918,1.0360193041330827,-0.42623001504290225,1.1914379855160337,-0.9320143892374165,2.2782336440162587,0.15570708143992973,-1.0778621289498782,2.1213098223465976,0.7649976209279952,3.046019075584371,0.8065414765793012,-0.43842229861417986
2.3078818762192883,0.590048337687597,0.6260087289440293,-0.49381713700997326,-1.010909342912418,0.08504925188071054,0.5653105475373214,1.1697805251007627,-1.224744871391589,0.4974209740085684,0.37967212888114743,2.6533089938931025,0.2200325727991022,-1.5679065665042955,-0.1332820844671032,2.804307844450441,1.1444103060765638,0.12286069757234404,1.5917455343596372,1.5826626555600862,2.3461510562538512,0.26623257679518353,0.2419883118585579,2.6639302300699157,0.15570708143992973,0.33809616377248186,0.3252275191030913,1.0410954610370433,-0.36871528743554577,0.24583399463483543,-0.43842229861417986
1.979376322216091,0.590048337687597,0.8268160096134479,-0.49381713700997326,-1.010909342912418,1.0617867539482455,0.5653105475373214,-0.6605306743650394,0.816496580927726,0.7434535553654309,1.7855109940078144,1.7496101475022634,0.2200325727991022,1.153253590238697,-1.5033846310869767,1.7485014239872978,-0.26690176873733057,-0.2775943477299748,-0.6282411217206918,-0.6039107501479276,-0.42623001504290225,1.1914379855160337,1.4159910129545328,2.535364701385363,0.9316033855643253,1.754054456494842,-0.0013328996684552844,0.7649976209279952,-0.67914568407372,-1.1559347102263289,-0.43842229861417986
-0.10115885313749245,0.590048337687597,0.9210218943719408,1.401512344464336,-0.7641208792270812,1.0617867539482455,-0.1860515726072197,-1.5756862740979405,-1.224744871391589,1.629170848250136,0.37967212888114743,-0.05778754527941413,1.0327156934390023,-0.6608531809232983,1.2368204621527703,0.5896428574334674,0.906474502186908,0.12286069757234404,1.5917455343596372,0.21605427699257748,-0.42623001504290225,1.1914379855160337,-0.9320143892374165,0.4783162424325279,0.15570708143992973,0.33809616377248186,-0.3278933184400019,-0.0632958993991491,-0.67914568407372,-0.8755809692540959,-0.43842229861417986
-0.6486681098094882,-0.9131943943761252,-0.33588293648479134,1.401512344464336,-1.010909342912418,1.0617867539482455,-0.9374136927517607,-0.6605306743650394,-1.224744871391589,-0.781948449047117,-2.432005601372186,-0.9614863916702531,1.4390572537589523,0.2462002046576992,1.2368204621527703,-1.0929755856431336,0.25872133022741395,-0.6780493930322938,-0.6282411217206918,-0.8772324258614294,-0.42623001504290225,-0.6589728319256668,-0.9320143892374165,-1.3216011591512031,0.15570708143992973,0.33809616377248186,-0.9810141559830952,-1.1676872598353416,-0.67914568407372,-1.1559347102263289,2.280905882663645
-0.7581699611438873,0.590048337687597,0.13018828284669895,1.401512344464336,-0.270543951856408,1.0617867539482455,-0.1860515726072197,1.1697805251007627,-1.224744871391589,0.3498014251944509,0.37967212888114743,-0.05778754527941413,1.0327156934390023,-1.5679065665042955,-1.5033846310869767,-0.366298596714989,-0.21813406410076203,1.7246808787816201,-0.6282411217206918,-0.3305890744344259,-0.42623001504290225,-0.6589728319256668,1.4159910129545328,-0.4216424583593375,0.15570708143992973,0.33809616377248186,-0.6544537372115486,-0.6154915796172453,-0.67914568407372,-0.5952272282818631,-0.43842229861417986
-0.6486681098094882,0.590048337687597,-1.538247518270817,-0.49381713700997326,-0.1471497200137397,2.038524256015781,-0.9374136927517607,-1.5756862740979405,-1.224744871391589,1.333931750621901,0.37967212888114743,1.7496101475022634,0.2200325727991022,-0.6608531809232983,1.2368204621527703,2.1075903454167024,-0.7682112858515668,0.12286069757234404,-0.6282411217206918,-1.150554101574931,-0.42623001504290225,0.26623257679518353,-0.9320143892374165,-0.2930769296747854,0.15570708143992973,1.754054456494842,-0.6544537372115486,-0.6154915796172453,-0.36871528743554577,-1.1559347102263289,-0.43842229861417986
-0.32016255580629077,-0.9131943943761252,-0.6011468751468629,-0.49381713700997326,-1.010909342912418,1.0617867539482455,1.3166726676818623,1.1697805251007627,0.816496580927726,1.235518718079156,0.37967212888114743,-0.9614863916702531,0.6263741331190523,-1.5679065665042955,-1.5033846310869767,-0.7451480327555977,0.8391553940574662,0.9237707881769819,-0.6282411217206918,-0.3305890744344259,-0.42623001504290225,0.26623257679518353,1.4159910129545328,-0.1645114009902331,-0.6201892226844659,0.33809616377248186,-0.4911735278257753,-0.3393937395081972,-0.36871528743554577,-0.3148734873096303,-0.43842229861417986
-0.6486681098094882,0.590048337687597,-1.488665473661084,-0.49381713700997326,-0.1471497200137397,0.08504925188071054,-0.9374136927517607,-1.5756862740979405,-1.224744871391589,-1.5692527093890773,-1.0261667362455194,-0.9614863916702531,0.6263741331190523,-0.6608531809232983,1.2368204621527703,-1.1137984935130043,1.117145364579462,-0.6780493930322938,-0.6282411217206918,-0.8772324258614294,-0.42623001504290225,0.26623257679518353,-0.9320143892374165,-1.3216011591512031,0.15570708143992973,1.754054456494842,-0.9810141559830952,-1.1676872598353416,-0.67914568407372,-1.1559347102263289,2.280905882663645
-1.0866755151470848,0.590048337687597,1.4242796471607309,-0.49381713700997326,0.2230329755142651,-1.86842575225436,-0.9374136927517607,-0.6605306743650394,0.816496580927726,1.235518718079156,0.37967212888114743,-0.9614863916702531,-0.998992108160748,-1.5679065665042955,-0.1332820844671032,-0.9357413833604357,-0.9323630985763854,-1.0785044383346125,-0.6282411217206918,-0.3305890744344259,-0.42623001504290225,-0.6589728319256668,-0.9320143892374165,-0.678773515728442,0.15570708143992973,1.754054456494842,-0.3278933184400019,-1.1676872598353416,-0.36871528743554577,-0.03451974633739738,-0.43842229861417986
-0.10115885313749245,0.590048337687597,-1.5630385405756837,-0.49381713700997326,-0.6407266473844129,1.0617867539482455,-0.9374136927517607,-1.5756862740979405,0.816496580927726,-1.4216331605749597,-1.0261667362455194,-0.05778754527941413,-0.998992108160748,1.153253590238697,1.2368204621527703,-0.1472331067778788,1.1652103645382703,-0.6780493930322938,-0.6282411217206918,0.21605427699257748,-0.42623001504290225,0.26623257679518353,-0.9320143892374165,-0.1645114009902331,-0.6201892226844659,-1.0778621289498782,0.4885077284888646,-0.0632958993991491,-0.36871528743554577,1.086895217551534,-0.43842229861417986
-0.10115885313749245,0.590048337687597,-1.1738194903892794,1.401512344464336,0.8400041347276065,1.0617867539482455,-0.1860515726072197,0.25462492536786163,-1.224744871391589,1.5799643319787635,-1.0261667362455194,-0.05778754527941413,1.0327156934390023,-1.5679065665042955,-0.1332820844671032,-0.1818671270104191,-0.11511755834109415,0.523315742874663,-0.6282411217206918,-0.6039107501479276,-0.42623001504290225,-1.5841782406465175,1.4159910129545328,-0.035945872305680915,0.15570708143992973,-1.0778621289498782,-0.6544537372115486,-0.6154915796172453,-0.67914568407372,-0.5952272282818631,-0.43842229861417986
1.103361511540898,0.590048337687597,-0.8366615870430948,-0.49381713700997326,-1.010909342912418,0.08504925188071054,2.0680347878264036,-1.5756862740979405,0.816496580927726,0.3990079414658234,0.37967212888114743,-0.9614863916702531,0.6263741331190523,1.153253590238697,-0.1332820844671032,-0.6550570844206465,-0.5773566953718549,1.7246808787816201,-0.6282411217206918,-0.8772324258614294,-0.42623001504290225,0.26623257679518353,0.2419883118585579,0.7354472998016324,-0.6201892226844659,-1.0778621289498782,-0.16461310905422857,0.2128019407098989,-0.36871528743554577,-0.5952272282818631,-0.43842229861417986
-1.3056792178158831,0.590048337687597,-1.039947969943,1.401512344464336,-0.023755488171071402,-0.8916882501868245,-0.9374136927517607,-1.5756862740979405,0.816496580927726,0.10376884383758825,-1.0261667362455194,-0.9614863916702531,1.4390572537589523,-1.5679065665042955,-0.1332820844671032,-0.44682800572193837,0.12211554087080116,0.12286069757234404,-0.6282411217206918,-0.8772324258614294,-0.42623001504290225,-1.5841782406465175,-0.9320143892374165,-0.678773515728442,-0.6201892226844659,0.33809616377248186,-0.6544537372115486,-0.6154915796172453,-0.05828489079737142,-0.5952272282818631,2.280905882663645
0.008342998196906542,-2.416437126439847,1.51352732745825,-0.49381713700997326,-0.5173324155417446,-0.8916882501868245,2.0680347878264036,0.25462492536786163,0.816496580927726,0.8910731041795484,1.7855109940078144,-0.9614863916702531,-0.998992108160748,0.2462002046576992,1.2368204621527703,-0.6380587922819765,1.5680006858305051,-1.0785044383346125,-0.6282411217206918,-0.3305890744344259,-0.42623001504290225,-1.5841782406465175,-0.9320143892374165,-0.5502079870438897,-0.6201892226844659,-2.4938204216722384,-0.16461310905422857,0.2128019407098989,-0.36871528743554577,-0.3148734873096303,-0.43842229861417986
2.08887817355049,0.590048337687597,1.1218291750413594,-0.49381713700997326,-1.010909342912418,-0.8916882501868245,-0.9374136927517607,-1.5756862740979405,-1.224744871391589,1.1863122018077836,0.37967212888114743,-0.9614863916702531,0.6263741331190523,-1.5679065665042955,-0.1332820844671032,-0.942753178867637,-0.5367403649973064,-0.2775943477299748,-0.6282411217206918,1.8559843312735878,2.3461510562538512,1.1914379855160337,0.2419883118585579,-0.8073390444129942,0.15570708143992973,1.754054456494842,-0.6544537372115486,-0.6154915796172453,-0.36871528743554577,-1.1559347102263289,-0.43842229861417986
1.103361511540898,0.590048337687597,-1.09944642347468,-0.49381713700997326,-0.8875151110697495,1.0617867539482455,0.5653105475373214,-1.5756862740979405,-1.224744871391589,0.7926600716368034,0.37967212888114743,1.7496101475022634,0.2200325727991022,0.2462002046576992,-0.1332820844671032,2.266311898261534,1.7412876593662083,0.12286069757234404,-0.6282411217206918,1.0360193041330827,-0.42623001504290225,-0.6589728319256668,1.4159910129545328,1.8925370579626024,-0.6201892226844659,1.754054456494842,2.1213098223465976,3.525976022018476,0.8730062991171512,0.5261877356070683,-0.43842229861417986
-1.4151810691502822,0.590048337687597,1.6697107679789092,1.401512344464336,-0.6407266473844129,-1.86842575225436,0.5653105475373214,1.1697805251007627,-1.224744871391589,-1.1756005792180972,0.37967212888114743,-0.05778754527941413,1.0327156934390023,0.2462002046576992,-0.1332820844671032,-0.49739792483448175,0.12619122800181126,-0.6780493930322938,1.5917455343596372,-0.8772324258614294,-0.42623001504290225,0.26623257679518353,1.4159910129545328,-0.8073390444129942,0.15570708143992973,0.33809616377248186,-0.3278933184400019,-0.0632958993991491,-0.67914568407372,-0.3148734873096303,-0.43842229861417986
-0.5391662584750891,0.590048337687597,-0.49950368369691034,1.401512344464336,-0.270543951856408,2.038524256015781,-0.1860515726072197,1.1697805251007627,0.816496580927726,1.5307578157073911,0.37967212888114743,-0.05778754527941413,1.0327156934390023,1.153253590238697,-0.1332820844671032,0.5739194372051977,1.2690701159112503,0.523315742874663,-0.6282411217206918,-0.8772324258614294,-0.42623001504290225,0.26623257679518353,0.2419883118585579,-0.5502079870438897,0.15570708143992973,-1.0778621289498782,-0.4911735278257753,-0.3393937395081972,-0.67914568407372,-0.3148734873096303,-0.43842229861417986
-0.32016255580629077,0.590048337687597,-0.9953241297942405,-0.49381713700997326,-1.010909342912418,0.08504925188071054,-0.9374136927517607,1.1697805251007627,-1.224744871391589,0.9894861367222935,-1.0261667362455194,-0.9614863916702531,-0.998992108160748,-0.6608531809232983,-0.1332820844671032,-0.6818293945390518,-1.4904511536536584,0.9237707881769819,-0.6282411217206918,0.48937595270607925,-0.42623001504290225,-1.5841782406465175,0.2419883118585579,-0.5502079870438897,-0.6201892226844659,-1.0778621289498782,-0.3278933184400019,-0.0632958993991491,-0.67914568407372,-0.5952272282818631,-0.43842229861417986
0.44635040353450317,0.590048337687597,1.1912440374949855,-0.49381713700997326,-0.5173324155417446,2.038524256015781,0.5653105475373214,-0.6605306743650394,0.816496580927726,1.1863122018077836,1.7855109940078144,-0.9614863916702531,0.6263741331190523,0.2462002046576992,-0.1332820844671032,-0.929791981111901,-1.2300288000756714,-0.2775943477299748,1.5917455343596372,-0.8772324258614294,-0.42623001504290225,-1.5841782406465175,-0.9320143892374165,-0.5502079870438897,1.707499689688721,-1.0778621289498782,-0.4911735278257753,-0.6154915796172453,-0.67914568407372,-0.3148734873096303,-0.43842229861417986
0.33684855220010396,-2.416437126439847,-0.34579934540673796,-0.49381713700997326,-0.023755488171071402,1.0617867539482455,1.3166726676818623,0.25462492536786163,0.816496580927726,0.7434535553654309,0.37967212888114743,-0.05778754527941413,-0.998992108160748,0.2462002046576992,-1.5033846310869767,-0.5371314327086231,1.2347781276365453,0.12286069757234404,-0.6282411217206918,-1.150554101574931,-0.42623001504290225,0.26623257679518353,1.4159910129545328,-0.035945872305680915,-0.6201892226844659,1.754054456494842,0.16194730971731802,0.7649976209279952,-0.67914568407372,0.8065414765793012,-0.43842229861417986
-0.6486681098094882,0.590048337687597,-1.1812567970807393,1.401512344464336,-0.1471497200137397,-0.8916882501868245,-0.9374136927517607,-1.5756862740979405,0.816496580927726,-1.7168722582031948,0.37967212888114743,0.8459113011114248,1.0327156934390023,1.153253590238697,-1.5033846310869767,0.9115480148095314,-0.8330006571410715,-0.6780493930322938,-0.6282411217206918,0.762697628419581,-0.42623001504290225,-1.5841782406465175,0.2419883118585579,0.2211851850634235,1.707499689688721,0.33809616377248186,0.9783483566461848,0.7649976209279952,2.1147278856698484,1.3672489585237668,-0.43842229861417986
0.9938596602064989,0.590048337687597,-1.0548225833259202,1.401512344464336,-0.023755488171071402,0.08504925188071054,-0.1860515726072197,-1.5756862740979405,0.816496580927726,-0.683535416504372,0.37967212888114743,0.8459113011114248,1.0327156934390023,1.153253590238697,-1.5033846310869767,0.7634503945513688,0.23511045305466607,0.523315742874663,-0.6282411217206918,-1.150554101574931,-0.42623001504290225,-1.5841782406465175,0.2419883118585579,2.1496681153317065,-1.3960855268088614,1.754054456494842,-0.0013328996684552844,0.7649976209279952,0.562575902478977,-0.3148734873096303,2.280905882663645
0.22734670086570485,-2.416437126439847,-0.5218156037712901,-0.49381713700997326,-0.8875151110697495,0.08504925188071054,-0.9374136927517607,-1.5756862740979405,-1.224744871391589,-0.585122383961627,-1.0261667362455194,-0.9614863916702531,-0.998992108160748,-1.5679065665042955,1.2368204621527703,-0.6070369091289036,0.40305687103939053,-0.2775943477299748,1.5917455343596372,2.1293060069870893,2.3461510562538512,-0.6589728319256668,-0.9320143892374165,-0.035945872305680915,-0.6201892226844659,1.754054456494842,-0.9810141559830952,-1.1676872598353416,-0.67914568407372,-1.1559347102263289,2.280905882663645
-0.6486681098094882,-0.9131943943761252,1.592858598833823,-0.49381713700997326,-1.010909342912418,2.038524256015781,-0.9374136927517607,0.25462492536786163,-1.224744871391589,1.6783773645215088,1.7855109940078144,0.8459113011114248,-0.18630898752084787,-0.6608531809232983,1.2368204621527703,0.20038196745792347,-0.7564058472651929,-0.6780493930322938,-0.6282411217206918,-1.150554101574931,-0.42623001504290225,-1.5841782406465175,-0.9320143892374165,-0.1645114009902331,-0.6201892226844659,0.33809616377248186,0.4885077284888646,1.0410954610370433,0.562575902478977,0.8065414765793012,2.280905882663645
0.8843578088720997,0.590048337687597,0.5838639910257561,-0.49381713700997326,1.3335810620982798,0.08504925188071054,0.5653105475373214,-0.6605306743650394,0.816496580927726,1.432344783164646,-2.432005601372186,0.8459113011114248,-1.8116752288006481,-1.5679065665042955,-1.5033846310869767,0.9238717766100673,0.7799876601900444,-0.2775943477299748,1.5917455343596372,0.762697628419581,-0.42623001504290225,-0.6589728319256668,0.2419883118585579,1.6354060005934978,-0.6201892226844659,0.33809616377248186,-0.0013328996684552844,0.7649976209279952,-0.67914568407372,0.8065414765793012,-0.43842229861417986
-0.6486681098094882,0.590048337687597,1.4763407940009503,-2.3891466184842827,-0.1471497200137397,-0.8916882501868245,0.5653105475373214,1.1697805251007627,-1.224744871391589,1.4815512994360187,1.7855109940078144,-0.9614863916702531,-1.405333668480698,-0.6608531809232983,1.2368204621527703,-0.9336165968431018,1.446994940320172,2.5255909693862577,-0.6282411217206918,0.762697628419581,-0.42623001504290225,1.1914379855160337,-0.9320143892374165,-0.4216424583593375,0.15570708143992973,0.33809616377248186,-0.6544537372115486,-0.6154915796172453,-0.67914568407372,-0.5952272282818631,-0.43842229861417986
-0.6486681098094882,-0.9131943943761252,-0.6928736576748691,-0.49381713700997326,-0.8875151110697495,0.08504925188071054,-0.9374136927517607,-0.6605306743650394,0.816496580927726,1.3831382668932737,0.37967212888114743,-0.9614863916702531,-0.998992108160748,1.153253590238697,-0.1332820844671032,-0.590888531597167,0.9511665196924666,1.3242258334793011,1.5917455343596372,-0.6039107501479276,-0.42623001504290225,0.26623257679518353,0.2419883118585579,-0.5502079870438897,-0.6201892226844659,-2.4938204216722384,-0.8177339465973219,-0.6154915796172453,-0.05828489079737142,-0.5952272282818631,2.280905882663645
0.8843578088720997,0.590048337687597,1.600295905525283,-0.49381713700997326,2.4441291486822943,0.08504925188071054,2.0680347878264036,-0.6605306743650394,0.816496580927726,-0.5359158676902545,0.37967212888114743,0.8459113011114248,-0.18630898752084787,1.153253590238697,-0.1332820844671032,0.6113156799102718,0.05718562864574447,0.523315742874663,1.5917455343596372,0.762697628419581,-0.42623001504290225,1.1914379855160337,1.4159910129545328,-0.1645114009902331,0.9316033855643253,1.754054456494842,-0.6544537372115486,-0.8915894197262935,-0.36871528743554577,-0.5952272282818631,-0.43842229861417986
1.2128633628752972,0.590048337687597,1.0375396992048131,1.401512344464336,-0.270543951856408,0.08504925188071054,-0.1860515726072197,0.25462492536786163,0.816496580927726,1.4815512994360187,0.37967212888114743,-0.05778754527941413,1.0327156934390023,-1.5679065665042955,-1.5033846310869767,-0.21607618993949254,1.4731355543328573,0.523315742874663,-0.6282411217206918,-1.150554101574931,-0.42623001504290225,-1.5841782406465175,2.5899937140505074,0.4783162424325279,0.15570708143992973,0.33809616377248186,-0.8177339465973219,-0.6154915796172453,-0.05828489079737142,-0.5952272282818631,-0.43842229861417986
-0.32016255580629077,0.590048337687597,0.754922044929335,-2.3891466184842827,-0.023755488171071402,1.0617867539482455,2.0680347878264036,-1.5756862740979405,-1.224744871391589,-0.683535416504372,0.37967212888114743,-0.9614863916702531,-1.405333668480698,0.2462002046576992,-0.1332820844671032,-0.7991176102958751,-1.5798351886647757,-0.6780493930322938,-0.6282411217206918,-0.05726739872092413,-0.42623001504290225,1.1914379855160337,-0.9320143892374165,-1.193035630466651,-2.171981830933257,0.33809616377248186,-0.8177339465973219,-0.6154915796172453,-0.05828489079737142,-0.5952272282818631,2.280905882663645
0.33684855220010396,-2.416437126439847,-1.4489998379732976,-0.49381713700997326,-0.1471497200137397,-1.86842575225436,0.5653105475373214,1.1697805251007627,0.816496580927726,-0.5359158676902545,-1.0261667362455194,0.8459113011114248,0.2200325727991022,-0.6608531809232983,-1.5033846310869767,1.5413347385472567,1.5269627326493005,-0.2775943477299748,-0.6282411217206918,-1.150554101574931,-0.42623001504290225,0.26623257679518353,0.2419883118585579,0.6068817711170802,1.707499689688721,0.33809616377248186,0.3252275191030913,1.0410954610370433,0.562575902478977,1.086895217551534,-0.43842229861417986
-0.9771736638126856,0.590048337687597,0.15745840738205213,1.401512344464336,-0.5173324155417446,0.08504925188071054,0.5653105475373214,1.1697805251007627,0.816496580927726,0.8910731041795484,0.37967212888114743,-0.05778754527941413,1.0327156934390023,-1.5679065665042955,1.2368204621527703,0.41647275627076646,1.2897296334374049,-1.0785044383346125,-0.6282411217206918,0.762697628419581,-0.42623001504290225,1.1914379855160337,-0.9320143892374165,-0.678773515728442,0.9316033855643253,0.33809616377248186,-0.3278933184400019,-0.0632958993991491,-0.36871528743554577,-0.3148734873096303,-0.43842229861417986
0.7748559575377005,-2.416437126439847,0.44255516388801697,-0.49381713700997326,-0.5173324155417446,0.08504925188071054,-0.9374136927517607,0.25462492536786163,0.816496580927726,1.1863122018077836,-1.0261667362455194,-0.9614863916702531,-0.998992108160748,0.2462002046576992,1.2368204621527703,-0.7098765765678574,-0.8910440635240767,0.12286069757234404,-0.6282411217206918,-0.3305890744344259,-0.42623001504290225,1.1914379855160337,-0.9320143892374165,-0.5502079870438897,1.707499689688721,0.33809616377248186,-0.3278933184400019,-0.6154915796172453,-0.67914568407372,-0.3148734873096303,-0.43842229861417986
1.7603726195472926,0.590048337687597,-0.8812854271918545,-0.49381713700997326,-0.8875151110697495,0.08504925188071054,0.5653105475373214,1.1697805251007627,0.816496580927726,-1.3232201280322147,1.7855109940078144,1.7496101475022634,0.2200325727991022,-0.6608531809232983,1.2368204621527703,2.1449865881217764,0.7660741075703894,0.523315742874663,-0.6282411217206918,-0.8772324258614294,-0.42623001504290225,-0.6589728319256668,-0.9320143892374165,3.049626816123572,-0.6201892226844659,-1.0778621289498782,0.3252275191030913,1.0410954610370433,1.8042974890316739,1.086895217551534,-0.43842229861417986
1.3223652142096962,0.590048337687597,1.7168137103581556,-0.49381713700997326,-0.5173324155417446,1.0617867539482455,2.0680347878264036,-1.5756862740979405,0.816496580927726,1.4815512994360187,0.37967212888114743,-0.05778754527941413,-1.8116752288006481,0.2462002046576992,-0.1332820844671032,0.03146143932988995,1.0148315634975549,-0.2775943477299748,-0.6282411217206918,-0.3305890744344259,-0.42623001504290225,-0.6589728319256668,0.2419883118585579,1.121143885855289,-2.171981830933257,-1.0778621289498782,-0.6544537372115486,-0.6154915796172453,-0.36871528743554577,-0.5952272282818631,-0.43842229861417986
0.33684855220010396,0.590048337687597,0.23183147429665166,-0.49381713700997326,-0.8875151110697495,0.08504925188071054,0.5653105475373214,0.25462492536786163,0.816496580927726,0.10376884383758825,0.37967212888114743,-0.9614863916702531,0.6263741331190523,0.2462002046576992,-1.5033846310869767,-0.8834716350340253,-0.8809251161643276,-0.2775943477299748,-0.6282411217206918,-0.3305890744344259,-0.42623001504290225,0.26623257679518353,0.2419883118585579,-0.4216424583593375,0.15570708143992973,1.754054456494842,-0.6544537372115486,-0.8915894197262935,-0.36871528743554577,-0.5952272282818631,-0.43842229861417986
0.7748559575377005,0.590048337687597,1.6473988479045294,-0.49381713700997326,1.3335810620982798,0.08504925188071054,-0.9374136927517607,1.1697805251007627,0.816496580927726,-0.8311549653184895,0.37967212888114743,-0.9614863916702531,0.6263741331190523,-0.6608531809232983,1.2368204621527703,-0.6550570844206465,0.961988171729976,-0.6780493930322938,-0.6282411217206918,-0.6039107501479276,-0.42623001504290225,0.26623257679518353,-0.9320143892374165,-0.678773515728442,0.15570708143992973,-1.0778621289498782,-0.3278933184400019,-0.6154915796172453,-0.36871528743554577,-0.3148734873096303,-0.43842229861417986
-0.42966440714068993,-0.9131943943761252,-0.9234301651101277,1.401512344464336,-0.270543951856408,0.08504925188071054,0.5653105475373214,1.1697805251007627,0.816496580927726,-0.585122383961627,0.37967212888114743,-0.05778754527941413,1.0327156934390023,-1.5679065665042955,-0.1332820844671032,-0.45256492931873954,0.44170562831621,-1.0785044383346125,-0.6282411217206918,-0.3305890744344259,-0.42623001504290225,-1.5841782406465175,1.4159910129545328,-0.8073390444129942,-0.6201892226844659,0.33809616377248186,-0.4911735278257753,-0.3393937395081972,-0.67914568407372,-0.3148734873096303,-0.43842229861417986
-0.32016255580629077,0.590048337687597,1.2978454334059115,1.401512344464336,-0.7641208792270812,0.08504925188071054,1.3166726676818623,1.1697805251007627,0.816496580927726,0.7434535553654309,-2.432005601372186,-0.05778754527941413,1.0327156934390023,-1.5679065665042955,1.2368204621527703,-0.3705481697496565,0.22175906417721938,0.12286069757234404,-0.6282411217206918,0.762697628419581,-0.42623001504290225,1.1914379855160337,-0.9320143892374165,0.4783162424325279,-0.6201892226844659,0.33809616377248186,0.9783483566461848,1.317193301146092,0.25214550584080275,2.2083101814404653,-0.43842229861417986
-0.7581699611438873,0.590048337687597,1.3771767047814845,1.401512344464336,0.8400041347276065,-1.86842575225436,-0.9374136927517607,1.1697805251007627,0.816496580927726,1.4815512994360187,0.37967212888114743,-0.05778754527941413,1.0327156934390023,0.2462002046576992,-0.1332820844671032,-0.255384740510167,-1.5985271330932007,2.125135924083939,-0.6282411217206918,-0.05726739872092413,-0.42623001504290225,0.26623257679518353,1.4159910129545328,-0.9359045730975464,-0.6201892226844659,-1.0778621289498782,-0.8177339465973219,-0.8915894197262935,-0.05828489079737142,-0.5952272282818631,-0.43842229861417986
0.5558522548689022,-0.9131943943761252,-0.13507565581537265,-0.49381713700997326,-0.023755488171071402,-0.8916882501868245,0.5653105475373214,-1.5756862740979405,-1.224744871391589,0.3990079414658234,0.37967212888114743,-0.9614863916702531,-0.998992108160748,1.153253590238697,1.2368204621527703,-0.6012999855321025,0.30144577463524347,-0.6780493930322938,-0.6282411217206918,-0.6039107501479276,-0.42623001504290225,0.26623257679518353,-0.9320143892374165,0.09261965637887119,0.15570708143992973,0.33809616377248186,0.8150681472604113,1.317193301146092,0.8730062991171512,1.086895217551534,-0.43842229861417986
0.7748559575377005,-0.9131943943761252,-1.039947969943,1.401512344464336,-1.010909342912418,2.038524256015781,-0.1860515726072197,-1.5756862740979405,-1.224744871391589,0.6450405228226859,0.37967212888114743,-0.05778754527941413,1.0327156934390023,0.2462002046576992,-0.1332820844671032,-0.3686358618840561,-0.707075978886416,1.7246808787816201,-0.6282411217206918,-0.8772324258614294,-0.42623001504290225,0.26623257679518353,0.2419883118585579,-0.035945872305680915,0.9316033855643253,-1.0778621289498782,-0.9810141559830952,-1.1676872598353416,-0.67914568407372,-1.1559347102263289,-0.43842229861417986
-0.7581699611438873,-2.416437126439847,0.46486708396239684,-0.49381713700997326,-0.270543951856408,0.08504925188071054,2.0680347878264036,0.25462492536786163,0.816496580927726,-0.09305722124790168,0.37967212888114743,-0.9614863916702531,0.6263741331190523,0.2462002046576992,-1.5033846310869767,-1.1110362710404704,-1.006428171612327,-0.6780493930322938,-0.6282411217206918,-0.6039107501479276,-0.42623001504290225,-0.6589728319256668,1.4159910129545328,-1.3216011591512031,-0.6201892226844659,-1.0778621289498782,-0.9810141559830952,-1.1676872598353416,-0.67914568407372,-1.1559347102263289,-0.43842229861417986
2.198380024884889,0.590048337687597,-0.985407720872294,-0.49381713700997326,-1.010909342912418,-0.8916882501868245,-0.9374136927517607,-0.6605306743650394,0.816496580927726,1.333931750621901,1.7855109940078144,-0.05778754527941413,0.6263741331190523,0.2462002046576992,-0.1332820844671032,-0.3405886798552506,-1.6291650570435523,-1.0785044383346125,-0.6282411217206918,2.402627682700591,2.3461510562538512,-1.5841782406465175,0.2419883118585579,0.2211851850634235,-0.6201892226844659,-1.0778621289498782,0.8150681472604113,1.317193301146092,-0.05828489079737142,1.086895217551534,-0.43842229861417986
1.3223652142096962,0.590048337687597,1.7044181992057224,-0.49381713700997326,-0.270543951856408,1.0617867539482455,-0.9374136927517607,0.25462492536786163,0.816496580927726,-1.520046193117705,0.37967212888114743,0.8459113011114248,-1.8116752288006481,-0.6608531809232983,-1.5033846310869767,0.8420674956927178,0.9324745752640412,0.12286069757234404,-0.6282411217206918,-0.3305890744344259,-0.42623001504290225,-0.6589728319256668,1.4159910129545328,2.2782336440162587,0.15570708143992973,0.33809616377248186,0.16194730971731802,0.7649976209279952,-0.67914568407372,0.8065414765793012,-0.43842229861417986
-0.32016255580629077,-0.9131943943761252,0.06573162485404606,-0.49381713700997326,0.7166099028849382,0.08504925188071054,0.5653105475373214,-0.6605306743650394,0.816496580927726,0.25138839265170587,0.37967212888114743,1.7496101475022634,0.2200325727991022,-1.5679065665042955,-1.5033846310869767,2.231890356680727,-0.33506412248008494,1.7246808787816201,-0.6282411217206918,-0.3305890744344259,-0.42623001504290225,1.1914379855160337,1.4159910129545328,0.6068817711170802,0.15570708143992973,-1.0778621289498782,1.141628566031958,1.0410954610370433,1.1834366957553255,1.3672489585237668,-0.43842229861417986
-0.9771736638126856,-0.9131943943761252,1.7192928125886422,1.401512344464336,-1.010909342912418,0.08504925188071054,2.0680347878264036,-1.5756862740979405,0.816496580927726,1.2847252343505289,0.37967212888114743,-0.9614863916702531,1.4390572537589523,0.2462002046576992,-0.1332820844671032,-0.7636336754564015,0.20152116945772117,0.12286069757234404,-0.6282411217206918,-0.05726739872092413,-0.42623001504290225,1.1914379855160337,0.2419883118585579,-0.8073390444129942,0.15570708143992973,1.754054456494842,-0.6544537372115486,-0.6154915796172453,-0.36871528743554577,-0.5952272282818631,2.280905882663645
-0.8676718124782865,-0.9131943943761252,-1.7043473677134229,1.401512344464336,0.4698214391996017,0.08504925188071054,2.0680347878264036,-1.5756862740979405,-1.224744871391589,-0.7327419327757445,0.37967212888114743,-0.05778754527941413,1.0327156934390023,-0.6608531809232983,1.2368204621527703,-0.1567946461058807,0.44578131544722005,0.9237707881769819,-0.6282411217206918,-1.150554101574931,-0.42623001504290225,-1.5841782406465175,-0.9320143892374165,-0.5502079870438897,0.9316033855643253,-2.4938204216722384,-0.3278933184400019,-0.3393937395081972,-0.67914568407372,-1.1559347102263289,2.280905882663645
-0.32016255580629077,0.590048337687597,-0.03095336213493325,1.401512344464336,1.827157989468953,1.0617867539482455,0.5653105475373214,-1.5756862740979405,-1.224744871391589,-1.2740136117608423,-1.0261667362455194,-0.05778754527941413,1.0327156934390023,-0.6608531809232983,1.2368204621527703,-0.40454475402699663,-0.9132495313413038,-1.0785044383346125,1.5917455343596372,2.1293060069870893,2.3461510562538512,0.26623257679518353,-0.9320143892374165,0.6068817711170802,-0.6201892226844659,1.754054456494842,1.304908775417731,1.317193301146092,2.425158282308023,1.6476026994959998,2.280905882663645
-0.21066070447189164,0.590048337687597,-0.35323665209819793,1.401512344464336,-0.270543951856408,-1.86842575225436,-0.9374136927517607,1.1697805251007627,0.816496580927726,0.4974209740085684,0.37967212888114743,-0.9614863916702531,1.4390572537589523,0.2462002046576992,-0.1332820844671032,-0.8709353945817561,0.2640618857783926,-0.6780493930322938,-0.6282411217206918,-0.6039107501479276,-0.42623001504290225,-1.5841782406465175,0.2419883118585579,-1.3216011591512031,0.15570708143992973,0.33809616377248186,-0.9810141559830952,-1.1676872598353416,-0.67914568407372,-1.1559347102263289,-0.43842229861417986
-1.4151810691502822,-0.9131943943761252,-1.0449061744039736,-0.49381713700997326,-0.023755488171071402,0.08504925188071054,0.5653105475373214,-0.6605306743650394,0.816496580927726,1.137105685536411,0.37967212888114743,-0.9614863916702531,-0.998992108160748,-1.5679065665042955,1.2368204621527703,-0.7077517900505236,0.37733787983336164,-0.2775943477299748,1.5917455343596372,-1.150554101574931,-0.42623001504290225,0.26623257679518353,-0.9320143892374165,-0.9359045730975464,-0.6201892226844659,-1.0778621289498782,-1.1442943653688686,-1.1676872598353416,-0.67914568407372,-1.1559347102263289,2.280905882663645
-1.4151810691502822,-2.416437126439847,0.06821072708453266,1.401512344464336,0.4698214391996017,-0.8916882501868245,-0.9374136927517607,1.1697805251007627,-1.224744871391589,0.5958340065513134,0.37967212888114743,-0.9614863916702531,1.4390572537589523,-0.6608531809232983,-0.1332820844671032,-0.9497649743748384,-1.0133146774543782,-0.6780493930322938,-0.6282411217206918,-0.6039107501479276,-0.42623001504290225,0.26623257679518353,0.2419883118585579,-1.3216011591512031,-0.6201892226844659,0.33809616377248186,-0.9810141559830952,-1.1676872598353416,-0.67914568407372,-1.1559347102263289,-0.43842229861417986
0.7748559575377005,-0.9131943943761252,0.968124836751187,-0.49381713700997326,-0.8875151110697495,-1.86842575225436,0.5653105475373214,-0.6605306743650394,0.816496580927726,0.9894861367222935,0.37967212888114743,0.8459113011114248,-0.18630898752084787,0.2462002046576992,1.2368204621527703,0.7874604821972402,0.7597497654705462,0.9237707881769819,1.5917455343596372,0.762697628419581,-0.42623001504290225,-0.6589728319256668,-0.9320143892374165,0.6068817711170802,-0.6201892226844659,-1.0778621289498782,-0.8177339465973219,-0.6154915796172453,-0.05828489079737142,-0.5952272282818631,-0.43842229861417986
-0.8676718124782865,0.590048337687597,1.0995172549669796,1.401512344464336,1.2101868302556114,0.08504925188071054,-0.9374136927517607,0.25462492536786163,0.816496580927726,0.546627490279941,-1.0261667362455194,-0.05778754527941413,1.0327156934390023,0.2462002046576992,-1.5033846310869767,0.44983190459290645,1.3272540632298078,-0.6780493930322938,-0.6282411217206918,-0.3305890744344259,-0.42623001504290225,0.26623257679518353,1.4159910129545328,-0.1645114009902331,0.15570708143992973,0.33809616377248186,0.4885077284888646,0.7649976209279952,-0.67914568407372,-0.03451974633739738,-0.43842229861417986
-0.7581699611438873,0.590048337687597,-1.1713403881587927,-2.3891466184842827,-1.010909342912418,0.08504925188071054,-0.9374136927517607,0.25462492536786163,0.816496580927726,-0.978774514132607,0.37967212888114743,-0.9614863916702531,-1.405333668480698,0.2462002046576992,-1.5033846310869767,-0.9431781361711038,0.15668861101661058,-1.0785044383346125,-0.6282411217206918,1.5826626555600862,2.3461510562538512,-1.5841782406465175,0.2419883118585579,-0.678773515728442,0.15570708143992973,1.754054456494842,-0.3278933184400019,-0.3393937395081972,-0.36871528743554577,-0.3148734873096303,-0.43842229861417986
1.979376322216091,0.590048337687597,1.0573725170487065,-0.49381713700997326,-0.6407266473844129,1.0617867539482455,-0.9374136927517607,1.1697805251007627,0.816496580927726,-1.7660787744745672,0.37967212888114743,-0.05778754527941413,-1.8116752288006481,0.2462002046576992,-0.1332820844671032,-0.5243827136046205,0.25717537993634115,-1.0785044383346125,1.5917455343596372,0.21605427699257748,-0.42623001504290225,-0.6589728319256668,-0.9320143892374165,-0.9359045730975464,-0.6201892226844659,0.33809616377248186,-0.6544537372115486,-0.6154915796172453,-0.36871528743554577,-0.5952272282818631,-0.43842229861417986
-0.42966440714068993,0.590048337687597,0.7350892270854419,-0.49381713700997326,-0.6407266473844129,1.0617867539482455,0.5653105475373214,-1.5756862740979405,-1.224744871391589,0.7926600716368034,-1.0261667362455194,-0.9614863916702531,-0.998992108160748,-0.6608531809232983,-0.1332820844671032,-0.5662410079960956,-0.8602655986381732,2.125135924083939,-0.6282411217206918,-1.150554101574931,-0.42623001504290225,1.1914379855160337,-0.9320143892374165,-0.4216424583593375,1.707499689688721,0.33809616377248186,-0.3278933184400019,-0.0632958993991491,-0.67914568407372,-0.5952272282818631,-0.43842229861417986
1.103361511540898,0.590048337687597,-0.5738767506115098,1.401512344464336,0.59321567104227,0.08504925188071054,0.5653105475373214,0.25462492536786163,-1.224744871391589,0.5958340065513134,0.37967212888114743,-0.05778754527941413,1.0327156934390023,0.2462002046576992,-0.1332820844671032,-0.40624458324086365,1.3895136976793752,0.12286069757234404,1.5917455343596372,0.48937595270607925,-0.42623001504290225,0.26623257679518353,0.2419883118585579,-0.035945872305680915,0.9316033855643253,-1.0778621289498782,-0.3278933184400019,-0.0632958993991491,-0.36871528743554577,-0.5952272282818631,-0.43842229861417986
-0.9771736638126856,-0.9131943943761252,-1.2729835796087454,-0.49381713700997326,-0.8875151110697495,-0.8916882501868245,0.5653105475373214,0.25462492536786163,0.816496580927726,-1.372426644303587,-1.0261667362455194,-0.9614863916702531,-0.998992108160748,-1.5679065665042955,1.2368204621527703,-0.8375762462596161,-1.258980232799398,1.7246808787816201,-0.6282411217206918,-1.150554101574931,-0.42623001504290225,0.26623257679518353,-0.9320143892374165,-0.4216424583593375,-0.6201892226844659,-1.0778621289498782,-1.1442943653688686,-1.1676872598353416,-0.67914568407372,-1.1559347102263289,2.280905882663645
-0.9771736638126856,0.590048337687597,1.5383183497631168,-0.49381713700997326,-1.010909342912418,0.08504925188071054,-0.9374136927517607,-1.5756862740979405,0.816496580927726,0.3005949089230784,-1.0261667362455194,-0.9614863916702531,0.6263741331190523,0.2462002046576992,-1.5033846310869767,-1.0496299406895249,-0.25059902021329034,-0.6780493930322938,-0.6282411217206918,-0.3305890744344259,-0.42623001504290225,1.1914379855160337,0.2419883118585579,-1.3216011591512031,-0.6201892226844659,-2.4938204216722384,-0.9810141559830952,-1.1676872598353416,-0.67914568407372,-1.1559347102263289,-0.43842229861417986
-0.9771736638126856,-0.9131943943761252,-0.8317033825821215,1.401512344464336,-0.270543951856408,0.08504925188071054,-0.9374136927517607,0.25462492536786163,0.816496580927726,-0.5359158676902545,0.37967212888114743,-0.05778754527941413,1.0327156934390023,-1.5679065665042955,1.2368204621527703,-0.3410136371587173,-0.34939929790639607,-1.0785044383346125,-0.6282411217206918,-0.3305890744344259,-0.42623001504290225,1.1914379855160337,-0.9320143892374165,-0.8073390444129942,1.707499689688721,0.33809616377248186,-0.4911735278257753,-0.6154915796172453,-0.36871528743554577,-0.3148734873096303,-0.43842229861417986
1.3223652142096962,0.590048337687597,-1.3176074197575052,-0.49381713700997326,-0.7641208792270812,-0.8916882501868245,0.5653105475373214,0.25462492536786163,-1.224744871391589,-1.1263940629467246,-1.0261667362455194,-0.05778754527941413,-0.998992108160748,-1.5679065665042955,-0.1332820844671032,-0.3641738101976552,1.2307024405055351,0.523315742874663,-0.6282411217206918,2.6759493584140928,2.3461510562538512,-1.5841782406465175,0.2419883118585579,-0.1645114009902331,0.15570708143992973,0.33809616377248186,-0.6544537372115486,-0.6154915796172453,-0.36871528743554577,-0.5952272282818631,-0.43842229861417986
-0.8676718124782865,-0.9131943943761252,-0.9730122097198606,-0.49381713700997326,-0.8875151110697495,-1.86842575225436,-0.9374136927517607,1.1697805251007627,-1.224744871391589,1.5307578157073911,0.37967212888114743,-0.9614863916702531,-0.998992108160748,-0.6608531809232983,-0.1332820844671032,-0.7060519608366566,-1.3555318555236704,-1.0785044383346125,-0.6282411217206918,-0.6039107501479276,-0.42623001504290225,0.26623257679518353,2.5899937140505074,-0.9359045730975464,0.15570708143992973,0.33809616377248186,-0.6544537372115486,-0.6154915796172453,-0.67914568407372,-0.5952272282818631,-0.43842229861417986
-0.9771736638126856,0.590048337687597,0.6954235913976554,-0.49381713700997326,2.4441291486822943,-1.86842575225436,-0.9374136927517607,0.25462492536786163,0.816496580927726,1.4815512994360187,-2.432005601372186,-0.05778754527941413,-0.18630898752084787,-0.6608531809232983,-0.1332820844671032,0.009788616853085644,-1.5656405541740162,-0.6780493930322938,-0.6282411217206918,-0.3305890744344259,-0.42623001504290225,-0.6589728319256668,1.4159910129545328,-0.4216424583593375,-0.6201892226844659,-1.0778621289498782,0.16194730971731802,0.488899780818947,-0.36871528743554577,0.8065414765793012,-0.43842229861417986
-0.42966440714068993,0.590048337687597,-0.7102273732882756,-0.49381713700997326,-0.1471497200137397,2.038524256015781,-0.9374136927517607,1.1697805251007627,0.816496580927726,0.15297536010896076,0.37967212888114743,-0.05778754527941413,-1.8116752288006481,0.2462002046576992,1.2368204621527703,-0.024420446075987767,1.087210145306871,-0.2775943477299748,1.5917455343596372,0.48937595270607925,-0.42623001504290225,-1.5841782406465175,-0.9320143892374165,0.3497507137479757,2.4833959938131165,0.33809616377248186,-1.1442943653688686,-1.1676872598353416,-0.67914568407372,-1.1559347102263289,-0.43842229861417986
-0.5391662584750891,0.590048337687597,-0.7622885201284952,-0.49381713700997326,0.0996387436715968,0.08504925188071054,0.5653105475373214,0.25462492536786163,0.816496580927726,-0.09305722124790168,0.37967212888114743,0.8459113011114248,-0.592650547840798,1.153253590238697,1.2368204621527703,1.0073758867412839,0.949901651272498,-0.2775943477299748,-0.6282411217206918,2.6759493584140928,2.3461510562538512,-0.6589728319256668,-0.9320143892374165,-0.1645114009902331,1.707499689688721,1.754054456494842,-0.3278933184400019,-0.6154915796172453,-0.67914568407372,-1.1559347102263289,-0.43842229861417986
1.869874470881692,-0.9131943943761252,0.6136132177915959,-0.49381713700997326,0.2230329755142651,1.0617867539482455,0.5653105475373214,-0.6605306743650394,-1.224744871391589,1.038692652993666,0.37967212888114743,1.7496101475022634,-0.592650547840798,1.153253590238697,-1.5033846310869767,2.0247236712406855,1.4254921771807052,0.12286069757234404,-0.6282411217206918,1.3093409798465845,2.3461510562538512,-1.5841782406465175,0.2419883118585579,1.8925370579626024,-0.6201892226844659,0.33809616377248186,1.141628566031958,1.317193301146092,-0.36871528743554577,2.2083101814404653,-0.43842229861417986
-0.8676718124782865,0.590048337687597,-1.4341252245903775,-0.49381713700997326,-1.010909342912418,1.0617867539482455,2.0680347878264036,-1.5756862740979405,0.816496580927726,1.6783773645215088,-1.0261667362455194,-0.9614863916702531,0.6263741331190523,-1.5679065665042955,1.2368204621527703,-0.8798594979545579,-0.9479631424226652,1.3242258334793011,-0.6282411217206918,-0.6039107501479276,-0.42623001504290225,0.26623257679518353,-0.9320143892374165,-0.035945872305680915,-0.6201892226844659,-2.4938204216722384,0.3252275191030913,0.7649976209279952,-0.67914568407372,0.8065414765793012,2.280905882663645
0.7748559575377005,0.590048337687597,-1.652286220873203,-0.49381713700997326,2.320734916839626,0.08504925188071054,-0.9374136927517607,1.1697805251007627,0.816496580927726,-1.6676657419318222,0.37967212888114743,1.7496101475022634,0.2200325727991022,-1.5679065665042955,-0.1332820844671032,2.087617352153765,1.0907236686956727,0.12286069757234404,-0.6282411217206918,-0.6039107501479276,-0.42623001504290225,0.26623257679518353,0.2419883118585579,1.6354060005934978,-1.3960855268088614,1.754054456494842,2.1213098223465976,0.488899780818947,3.6668798688607196,3.6100788863016295,-0.43842229861417986
0.22734670086570485,0.590048337687597,0.7102982047805754,-0.49381713700997326,-0.3939381836990763,0.08504925188071054,-0.9374136927517607,-0.6605306743650394,-1.224744871391589,-1.6676657419318222,0.37967212888114743,0.8459113011114248,-0.18630898752084787,-0.6608531809232983,1.2368204621527703,0.39798711356996286,-0.7256273823792895,0.523315742874663,-0.6282411217206918,0.762697628419581,-0.42623001504290225,1.1914379855160337,-0.9320143892374165,-0.2930769296747854,0.15570708143992973,0.33809616377248186,-0.8177339465973219,-1.1676872598353416,-0.05828489079737142,-0.5952272282818631,-0.43842229861417986
0.9938596602064989,0.590048337687597,-1.4242088156684312,1.401512344464336,-0.7641208792270812,0.08504925188071054,-0.9374136927517607,0.25462492536786163,-1.224744871391589,-0.7327419327757445,0.37967212888114743,1.7496101475022634,-0.592650547840798,-0.6608531809232983,-0.1332820844671032,2.1466864173356437,-0.41222109609817176,2.125135924083939,-0.6282411217206918,-0.8772324258614294,-0.42623001504290225,1.1914379855160337,0.2419883118585579,1.5068404719089457,-0.6201892226844659,1.754054456494842,0.9783483566461848,2.1454868214732365,0.8730062991171512,-0.8755809692540959,-0.43842229861417986
-0.21066070447189164,0.590048337687597,0.5615520709513763,-0.49381713700997326,0.8400041347276065,0.08504925188071054,-0.9374136927517607,1.1697805251007627,-1.224744871391589,1.235518718079156,-1.0261667362455194,0.8459113011114248,-1.8116752288006481,-0.6608531809232983,1.2368204621527703,0.44685720346863916,0.9671881863454026,-0.6780493930322938,-0.6282411217206918,1.0360193041330827,-0.42623001504290225,1.1914379855160337,-0.9320143892374165,-0.035945872305680915,0.15570708143992973,-2.4938204216722384,0.651787937874638,1.0410954610370433,0.25214550584080275,-0.3148734873096303,-0.43842229861417986
-1.5246829204846812,0.590048337687597,-0.7325392933626554,-0.49381713700997326,1.3335810620982798,-1.86842575225436,-0.9374136927517607,-1.5756862740979405,0.816496580927726,1.5307578157073911,0.37967212888114743,-0.05778754527941413,-0.998992108160748,0.2462002046576992,1.2368204621527703,-0.8989825766105617,1.4755247502372424,-1.0785044383346125,-0.6282411217206918,-0.3305890744344259,-0.42623001504290225,-0.6589728319256668,-0.9320143892374165,-0.8073390444129942,-0.6201892226844659,0.33809616377248186,-0.4911735278257753,-0.3393937395081972,-0.36871528743554577,-0.5952272282818631,-0.43842229861417986
0.33684855220010396,0.590048337687597,-0.31357101641041146,-0.49381713700997326,-0.023755488171071402,1.0617867539482455,-0.9374136927517607,1.1697805251007627,0.816496580927726,0.9894861367222935,0.37967212888114743,-0.9614863916702531,-0.998992108160748,-1.5679065665042955,1.2368204621527703,-0.952952154150839,1.0565722213565196,0.12286069757234404,-0.6282411217206918,-0.3305890744344259,-0.42623001504290225,-0.6589728319256668,-0.9320143892374165,0.4783162424325279,0.15570708143992973,-2.4938204216722384,-0.3278933184400019,-0.0632958993991491,-0.36871528743554577,-1.1559347102263289,2.280905882663645
-0.32016255580629077,0.590048337687597,0.41776414158315045,1.401512344464336,-1.010909342912418,0.08504925188071054,2.0680347878264036,1.1697805251007627,0.816496580927726,-0.09305722124790168,-1.0261667362455194,0.8459113011114248,1.0327156934390023,0.2462002046576992,-0.1332820844671032,0.12325221687870817,-0.28460992661689144,-0.6780493930322938,1.5917455343596372,-0.3305890744344259,-0.42623001504290225,1.1914379855160337,-0.9320143892374165,-0.1645114009902331,0.15570708143992973,0.33809616377248186,0.4885077284888646,1.317193301146092,1.8042974890316739,0.5261877356070683,-0.43842229861417986
-0.6486681098094882,-0.9131943943761252,-0.5986677729163763,-0.49381713700997326,-0.7641208792270812,0.08504925188071054,-0.9374136927517607,1.1697805251007627,-1.224744871391589,-1.6184592256604498,0.37967212888114743,-0.9614863916702531,0.6263741331190523,0.2462002046576992,1.2368204621527703,-0.5139712596696852,-1.4274888145263307,-0.6780493930322938,-0.6282411217206918,-0.8772324258614294,-0.42623001504290225,-1.5841782406465175,-0.9320143892374165,-0.5502079870438897,-0.6201892226844659,-2.4938204216722384,-0.0013328996684552844,-0.6154915796172453,1.4938670923934998,0.8065414765793012,2.280905882663645
1.4318670655440953,-0.9131943943761252,-1.1639030814673328,-0.49381713700997326,1.5803695257836163,2.038524256015781,0.5653105475373214,0.25462492536786163,0.816496580927726,1.0878991692650386,-2.432005601372186,1.7496101475022634,0.2200325727991022,1.153253590238697,1.2368204621527703,1.6802957767808844,1.424648931567393,-0.6780493930322938,1.5917455343596372,-0.6039107501479276,-0.42623001504290225,1.1914379855160337,-0.9320143892374165,2.6639302300699157,-0.6201892226844659,0.33809616377248186,4.080672334975878,0.488899780818947,3.356449472222545,1.3672489585237668,-0.43842229861417986
-0.32016255580629077,0.590048337687597,1.58046308768139,1.401512344464336,-0.270543951856408,-0.8916882501868245,2.0680347878264036,-0.6605306743650394,0.816496580927726,-0.5359158676902545,0.37967212888114743,-0.9614863916702531,1.4390572537589523,0.2462002046576992,-0.1332820844671032,-0.8913333451481602,-1.316742557311299,-1.0785044383346125,1.5917455343596372,2.6759493584140928,2.3461510562538512,-0.6589728319256668,0.2419883118585579,0.09261965637887119,0.9316033855643253,0.33809616377248186,0.651787937874638,1.5932911412551396,0.8730062991171512,0.8065414765793012,-0.43842229861417986
0.5558522548689022,0.590048337687597,1.01026957466946,-0.49381713700997326,-0.8875151110697495,0.08504925188071054,0.5653105475373214,0.25462492536786163,0.816496580927726,0.10376884383758825,-1.0261667362455194,-0.9614863916702531,-0.998992108160748,-0.6608531809232983,-0.1332820844671032,-0.3531249203075197,1.3687136392176686,0.523315742874663,-0.6282411217206918,-0.3305890744344259,-0.42623001504290225,-0.6589728319256668,0.2419883118585579,-0.9359045730975464,0.15570708143992973,0.33809616377248186,-0.9810141559830952,-1.1676872598353416,-0.67914568407372,-1.1559347102263289,-0.43842229861417986
0.008342998196906542,0.590048337687597,-0.31852922087138485,-0.49381713700997326,0.4698214391996017,0.08504925188071054,0.5653105475373214,-1.5756862740979405,0.816496580927726,-0.9295679978612343,0.37967212888114743,-0.05778754527941413,0.6263741331190523,1.153253590238697,-0.1332820844671032,-0.47126305067127655,-1.5855973670224104,-0.6780493930322938,-0.6282411217206918,0.48937595270607925,-0.42623001504290225,-1.5841782406465175,-0.9320143892374165,-0.1645114009902331,-0.6201892226844659,0.33809616377248186,0.4885077284888646,1.0410954610370433,0.25214550584080275,0.8065414765793012,-0.43842229861417986
-0.8676718124782865,0.590048337687597,-0.8961600405747744,-0.49381713700997326,-0.1471497200137397,-1.86842575225436,1.3166726676818623,0.25462492536786163,-1.224744871391589,-1.3232201280322147,-2.432005601372186,-0.05778754527941413,-1.8116752288006481,-1.5679065665042955,-0.1332820844671032,0.6824960282409526,-0.9873146043772452,0.12286069757234404,-0.6282411217206918,-0.6039107501479276,-0.42623001504290225,0.26623257679518353,0.2419883118585579,-0.2930769296747854,0.15570708143992973,0.33809616377248186,-0.0013328996684552844,0.7649976209279952,-0.67914568407372,0.8065414765793012,-0.43842229861417986
-0.42966440714068993,0.590048337687597,-0.5639603416895632,-0.49381713700997326,1.950552221311621,0.08504925188071054,-0.9374136927517607,1.1697805251007627,0.816496580927726,-1.0771875466753522,-1.0261667362455194,-0.05778754527941413,-0.18630898752084787,-0.6608531809232983,1.2368204621527703,-0.46382629786060847,1.3827677327728758,-0.6780493930322938,-0.6282411217206918,-0.6039107501479276,-0.42623001504290225,1.1914379855160337,-0.9320143892374165,-0.8073390444129942,-0.6201892226844659,0.33809616377248186,-0.3278933184400019,-0.3393937395081972,-0.67914568407372,-0.5952272282818631,-0.43842229861417986
0.8843578088720997,0.590048337687597,0.36570299474293083,-0.49381713700997326,2.320734916839626,0.08504925188071054,2.0680347878264036,1.1697805251007627,0.816496580927726,1.5307578157073911,0.37967212888114743,-0.9614863916702531,0.6263741331190523,1.153253590238697,-0.1332820844671032,-0.9287295878532342,-1.3671967531744924,0.523315742874663,-0.6282411217206918,1.3093409798465845,2.3461510562538512,1.1914379855160337,0.2419883118585579,-0.4216424583593375,0.15570708143992973,0.33809616377248186,-0.3278933184400019,-0.0632958993991491,-0.67914568407372,-0.3148734873096303,-0.43842229861417986
0.5558522548689022,-0.9131943943761252,-1.275462681839232,-0.49381713700997326,-0.8875151110697495,0.08504925188071054,-0.9374136927517607,1.1697805251007627,0.816496580927726,-1.2740136117608423,0.37967212888114743,0.8459113011114248,-1.8116752288006481,1.153253590238697,-0.1332820844671032,0.7693997967999033,0.6040304088788518,-0.2775943477299748,1.5917455343596372,-0.3305890744344259,-0.42623001504290225,0.26623257679518353,0.2419883118585579,1.6354060005934978,0.15570708143992973,-2.4938204216722384,2.1213098223465976,1.0410954610370433,3.356449472222545,1.3672489585237668,-0.43842229861417986
0.33684855220010396,0.590048337687597,1.337511069093698,1.401512344464336,-0.023755488171071402,-0.8916882501868245,0.5653105475373214,-1.5756862740979405,0.816496580927726,-0.9295679978612343,0.37967212888114743,-0.05778754527941413,1.0327156934390023,-1.5679065665042955,-0.1332820844671032,-0.21883841241202642,0.7071874555740717,-1.0785044383346125,-0.6282411217206918,-0.8772324258614294,-0.42623001504290225,1.1914379855160337,-0.9320143892374165,-0.2930769296747854,1.707499689688721,1.754054456494842,0.16194730971731802,-0.0632958993991491,1.4938670923934998,-0.8755809692540959,-0.43842229861417986
-0.42966440714068993,0.590048337687597,-0.5292529104627501,-0.49381713700997326,2.320734916839626,1.0617867539482455,-0.9374136927517607,-0.6605306743650394,0.816496580927726,0.6450405228226859,0.37967212888114743,-0.05778754527941413,-0.998992108160748,0.2462002046576992,-0.1332820844671032,-0.2753577337731043,1.2136969873037349,-0.6780493930322938,1.5917455343596372,-0.8772324258614294,-0.42623001504290225,-0.6589728319256668,0.2419883118585579,0.4783162424325279,0.15570708143992973,0.33809616377248186,1.304908775417731,2.697682501691332,0.8730062991171512,0.8065414765793012,-0.43842229861417986
0.33684855220010396,0.590048337687597,0.23678967875762494,-2.3891466184842827,-0.3939381836990763,-0.8916882501868245,0.5653105475373214,0.25462492536786163,0.816496580927726,-1.372426644303587,0.37967212888114743,1.7496101475022634,-0.592650547840798,1.153253590238697,1.2368204621527703,2.1107775251927032,0.43116505814980477,-0.6780493930322938,1.5917455343596372,1.5826626555600862,2.3461510562538512,1.1914379855160337,-0.9320143892374165,1.2497094145398413,-0.6201892226844659,0.33809616377248186,2.284590031732371,0.7649976209279952,1.4938670923934998,0.8065414765793012,-0.43842229861417986
-1.4151810691502822,0.590048337687597,-1.1217583435490597,-0.49381713700997326,1.456975293940948,-0.8916882501868245,2.0680347878264036,0.25462492536786163,0.816496580927726,-0.4375028351475093,-1.0261667362455194,-0.9614863916702531,-0.998992108160748,-1.5679065665042955,-1.5033846310869767,-0.8938830889689606,-0.6011081134801548,-1.0785044383346125,-0.6282411217206918,-0.3305890744344259,-0.42623001504290225,-0.6589728319256668,2.5899937140505074,-1.193035630466651,0.15570708143992973,0.33809616377248186,-0.9810141559830952,-0.8915894197262935,-0.67914568407372,-1.1559347102263289,-0.43842229861417986
0.33684855220010396,-2.416437126439847,0.8416906229963679,-0.49381713700997326,-0.1471497200137397,-0.8916882501868245,-0.9374136927517607,1.1697805251007627,0.816496580927726,0.3005949089230784,0.37967212888114743,-0.05778754527941413,-1.8116752288006481,1.153253590238697,-1.5033846310869767,-0.5171584394456857,-0.7690545314648793,0.12286069757234404,1.5917455343596372,0.762697628419581,-0.42623001504290225,0.26623257679518353,-0.9320143892374165,-0.4216424583593375,-0.6201892226844659,0.33809616377248186,-0.8177339465973219,-0.6154915796172453,-0.05828489079737142,-0.5952272282818631,-0.43842229861417986
0.8843578088720997,0.590048337687597,-0.6556871242175693,-0.49381713700997326,-1.010909342912418,1.0617867539482455,2.0680347878264036,-1.5756862740979405,0.816496580927726,0.005355811294843232,0.37967212888114743,0.8459113011114248,-1.8116752288006481,-0.6608531809232983,-1.5033846310869767,0.19931957419925658,0.93036646123076,-0.6780493930322938,-0.6282411217206918,-0.8772324258614294,-0.42623001504290225,-1.5841782406465175,2.5899937140505074,-0.1645114009902331,0.9316033855643253,0.33809616377248186,0.4885077284888646,1.0410954610370433,1.4938670923934998,0.8065414765793012,-0.43842229861417986
-0.21066070447189164,0.590048337687597,1.486257202922897,1.401512344464336,2.320734916839626,1.0617867539482455,-0.9374136927517607,-0.6605306743650394,-1.224744871391589,1.5799643319787635,-1.0261667362455194,-0.9614863916702531,1.4390572537589523,0.2462002046576992,-0.1332820844671032,-0.8654109496366883,1.671157732525725,-1.0785044383346125,-0.6282411217206918,2.1293060069870893,2.3461510562538512,-1.5841782406465175,1.4159910129545328,-0.678773515728442,1.707499689688721,0.33809616377248186,-0.3278933184400019,-0.3393937395081972,0.562575902478977,-0.5952272282818631,-0.43842229861417986
-0.5391662584750891,0.590048337687597,0.05333611370161275,-0.49381713700997326,-0.5173324155417446,-0.8916882501868245,-0.9374136927517607,1.1697805251007627,-1.224744871391589,0.05456232756621574,-1.0261667362455194,-0.05778754527941413,0.6263741331190523,-0.6608531809232983,-0.1332820844671032,-0.1327845584600093,0.18423463438481646,0.12286069757234404,-0.6282411217206918,-0.8772324258614294,-0.42623001504290225,-1.5841782406465175,0.2419883118585579,0.09261965637887119,-0.6201892226844659,0.33809616377248186,-0.0013328996684552844,-0.8915894197262935,-0.05828489079737142,0.24583399463483543,-0.43842229861417986
-0.10115885313749245,0.590048337687597,0.8788771564536676,1.401512344464336,-0.8875151110697495,1.0617867539482455,-0.9374136927517607,0.25462492536786163,0.816496580927726,0.20218187638033325,0.37967212888114743,-0.9614863916702531,1.4390572537589523,1.153253590238697,1.2368204621527703,-0.819940518165746,0.37775950264001784,0.12286069757234404,1.5917455343596372,1.5826626555600862,2.3461510562538512,1.1914379855160337,-0.9320143892374165,-0.5502079870438897,0.15570708143992973,-1.0778621289498782,-0.6544537372115486,-0.6154915796172453,-0.36871528743554577,-0.5952272282818631,-0.43842229861417986
1.2128633628752972,0.590048337687597,-0.7697258268199553,1.401512344464336,0.8400041347276065,1.0617867539482455,-0.9374136927517607,0.25462492536786163,-1.224744871391589,1.4815512994360187,0.37967212888114743,-0.05778754527941413,1.0327156934390023,0.2462002046576992,-1.5033846310869767,-0.013584034837585562,-0.08714991216623204,2.125135924083939,-0.6282411217206918,-0.3305890744344259,-0.42623001504290225,0.26623257679518353,0.2419883118585579,0.8640128284861845,-0.6201892226844659,0.33809616377248186,0.16194730971731802,0.7649976209279952,1.4938670923934998,0.8065414765793012,-0.43842229861417986
-0.8676718124782865,0.590048337687597,-0.5069409903883703,-0.49381713700997326,-0.023755488171071402,0.08504925188071054,-0.9374136927517607,0.25462492536786163,0.816496580927726,1.235518718079156,1.7855109940078144,-0.9614863916702531,0.6263741331190523,0.2462002046576992,-0.1332820844671032,-0.8609488979502875,1.1331670312323985,1.3242258334793011,-0.6282411217206918,0.762697628419581,-0.42623001504290225,-1.5841782406465175,1.4159910129545328,-0.8073390444129942,-0.6201892226844659,-1.0778621289498782,-0.9810141559830952,-1.1676872598353416,-0.67914568407372,-1.1559347102263289,-0.43842229861417986
-0.42966440714068993,0.590048337687597,1.0896008460450328,1.401512344464336,-0.1471497200137397,1.0617867539482455,-0.9374136927517607,-1.5756862740979405,0.816496580927726,-0.978774514132607,0.37967212888114743,-0.05778754527941413,1.0327156934390023,-1.5679065665042955,-0.1332820844671032,-0.023570531469054266,-0.5233889761198597,-0.2775943477299748,-0.6282411217206918,-0.6039107501479276,-0.42623001504290225,1.1914379855160337,0.2419883118585579,-0.4216424583593375,2.4833959938131165,-2.4938204216722384,-0.8177339465973219,-0.6154915796172453,-0.05828489079737142,-0.5952272282818631,-0.43842229861417986
-0.7581699611438873,0.590048337687597,-0.15490847365926586,1.401512344464336,-1.010909342912418,0.08504925188071054,-0.9374136927517607,-0.6605306743650394,0.816496580927726,-0.09305722124790168,-1.0261667362455194,-0.05778754527941413,1.0327156934390023,-1.5679065665042955,-0.1332820844671032,0.6822835495892192,-1.263477542737064,-0.6780493930322938,-0.6282411217206918,-1.150554101574931,-0.42623001504290225,1.1914379855160337,0.2419883118585579,-0.1645114009902331,0.9316033855643253,0.33809616377248186,0.4885077284888646,1.0410954610370433,1.1834366957553255,0.8065414765793012,2.280905882663645
0.11784484953130574,-0.9131943943761252,0.21199865645275845,-2.3891466184842827,0.0996387436715968,1.0617867539482455,-1.6887758128963017,0.25462492536786163,0.816496580927726,0.25138839265170587,0.37967212888114743,-0.05778754527941413,-1.405333668480698,0.2462002046576992,-0.1332820844671032,-0.09050130676506757,0.07039647658763916,0.12286069757234404,-0.6282411217206918,-1.150554101574931,-0.42623001504290225,0.26623257679518353,-0.9320143892374165,-0.1645114009902331,-0.6201892226844659,0.33809616377248186,-0.16461310905422857,-0.3393937395081972,-0.36871528743554577,-0.5952272282818631,-0.43842229861417986
-0.21066070447189164,0.590048337687597,0.4698252884233701,-0.49381713700997326,-1.010909342912418,0.08504925188071054,0.5653105475373214,1.1697805251007627,0.816496580927726,0.10376884383758825,-1.0261667362455194,-0.9614863916702531,-0.998992108160748,-1.5679065665042955,1.2368204621527703,-0.8611613766020209,1.0425181278013125,-0.6780493930322938,-0.6282411217206918,1.0360193041330827,-0.42623001504290225,-0.6589728319256668,-0.9320143892374165,-1.0644701017820986,0.15570708143992973,0.33809616377248186,-0.6544537372115486,-1.1676872598353416,-0.36871528743554577,-0.5952272282818631,-0.43842229861417986
-0.7581699611438873,0.590048337687597,1.203639548647419,1.401512344464336,2.4441291486822943,1.0617867539482455,2.0680347878264036,0.25462492536786163,0.816496580927726,-1.6184592256604498,0.37967212888114743,0.8459113011114248,1.0327156934390023,-0.6608531809232983,-0.1332820844671032,0.583693455184933,0.4899111692105703,0.12286069757234404,-0.6282411217206918,-0.8772324258614294,-0.42623001504290225,-0.6589728319256668,0.2419883118585579,-0.2930769296747854,0.15570708143992973,0.33809616377248186,-0.4911735278257753,-0.6154915796172453,-0.36871528743554577,-0.3148734873096303,-0.43842229861417986
-0.21066070447189164,0.590048337687597,-1.7316174922487757,-0.49381713700997326,-0.8875151110697495,0.08504925188071054,-0.9374136927517607,-1.5756862740979405,-1.224744871391589,0.15297536010896076,0.37967212888114743,-0.9614863916702531,-0.998992108160748,-1.5679065665042955,-1.5033846310869767,-0.9410533496537702,1.7294822207798344,-0.6780493930322938,1.5917455343596372,-0.8772324258614294,-0.42623001504290225,1.1914379855160337,0.2419883118585579,-1.3216011591512031,-0.6201892226844659,0.33809616377248186,-0.9810141559830952,-1.1676872598353416,-0.67914568407372,-1.1559347102263289,2.280905882663645
1.7603726195472926,0.590048337687597,-0.48462907031399044,-0.49381713700997326,-0.8875151110697495,2.038524256015781,2.0680347878264036,0.25462492536786163,-1.224744871391589,0.5958340065513134,-1.0261667362455194,0.8459113011114248,-0.18630898752084787,1.153253590238697,-0.1332820844671032,0.7789613361279052,0.04285045321943327,-1.0785044383346125,-0.6282411217206918,0.21605427699257748,-0.42623001504290225,-0.6589728319256668,0.2419883118585579,2.92106128743902,0.9316033855643253,0.33809616377248186,4.243952544361651,0.7649976209279952,-0.36871528743554577,1.3672489585237668,2.280905882663645
0.11784484953130574,0.590048337687597,0.24918518991005814,-0.49381713700997326,-0.8875151110697495,0.08504925188071054,0.5653105475373214,0.25462492536786163,0.816496580927726,0.7434535553654309,0.37967212888114743,-0.05778754527941413,-0.18630898752084787,-0.6608531809232983,-0.1332820844671032,-0.3501502191832525,-0.9360171629007392,0.523315742874663,-0.6282411217206918,-1.150554101574931,-0.42623001504290225,-1.5841782406465175,1.4159910129545328,-0.5502079870438897,-0.6201892226844659,0.33809616377248186,-0.3278933184400019,-0.6154915796172453,-0.36871528743554577,-0.03451974633739738,2.280905882663645
-0.5391662584750891,-2.416437126439847,0.9854785523645936,-0.49381713700997326,-1.010909342912418,1.0617867539482455,2.0680347878264036,1.1697805251007627,0.816496580927726,-0.1914702537906467,0.37967212888114743,-0.05778754527941413,0.6263741331190523,-1.5679065665042955,-0.1332820844671032,-0.513333823714485,1.526400568907092,0.523315742874663,-0.6282411217206918,-0.3305890744344259,-0.42623001504290225,-0.6589728319256668,0.2419883118585579,-0.2930769296747854,0.15570708143992973,-1.0778621289498782,-0.16461310905422857,0.2128019407098989,-0.36871528743554577,-0.5952272282818631,-0.43842229861417986
1.2128633628752972,0.590048337687597,0.7574011471598217,-0.49381713700997326,0.7166099028849382,1.0617867539482455,1.3166726676818623,0.25462492536786163,-1.224744871391589,-0.043850704976529174,0.37967212888114743,-0.9614863916702531,0.6263741331190523,-1.5679065665042955,-0.1332820844671032,-0.878797104695891,0.3115647219949925,2.125135924083939,-0.6282411217206918,-0.8772324258614294,-0.42623001504290225,1.1914379855160337,0.2419883118585579,-0.1645114009902331,0.15570708143992973,-1.0778621289498782,0.16194730971731802,-0.6154915796172453,1.4938670923934998,0.5261877356070683,-0.43842229861417986
-0.32016255580629077,0.590048337687597,-0.8019541558162817,-0.49381713700997326,-0.270543951856408,1.0617867539482455,0.5653105475373214,-1.5756862740979405,0.816496580927726,-1.520046193117705,0.37967212888114743,-0.9614863916702531,0.6263741331190523,1.153253590238697,1.2368204621527703,-0.7502475203971988,1.0888966365334958,-0.6780493930322938,-0.6282411217206918,-0.6039107501479276,-0.42623001504290225,0.26623257679518353,-0.9320143892374165,-1.3216011591512031,0.9316033855643253,-2.4938204216722384,-0.9810141559830952,-1.1676872598353416,-0.67914568407372,-1.1559347102263289,-0.43842229861417986
1.979376322216091,0.590048337687597,-0.29125909633603164,1.401512344464336,2.073946453154289,2.038524256015781,-0.1860515726072197,0.25462492536786163,0.816496580927726,-0.28988328633339183,-1.0261667362455194,2.6533089938931025,-0.592650547840798,1.153253590238697,-0.1332820844671032,2.7798727995011028,1.226064589632317,-0.6780493930322938,-0.6282411217206918,1.5826626555600862,2.3461510562538512,0.26623257679518353,0.2419883118585579,3.1781923448081244,0.15570708143992973,0.33809616377248186,4.733793172518971,0.488899780818947,-0.05828489079737142,2.488663922412698,-0.43842229861417986
-0.32016255580629077,0.590048337687597,1.3598229891680778,-0.49381713700997326,-1.010909342912418,1.0617867539482455,-0.9374136927517607,-0.6605306743650394,0.816496580927726,-1.0279810304039796,0.37967212888114743,-0.05778754527941413,0.6263741331190523,1.153253590238697,-0.1332820844671032,-0.21650114724295932,-0.18342045301940052,2.5255909693862577,-0.6282411217206918,0.48937595270607925,-0.42623001504290225,-0.6589728319256668,0.2419883118585579,-0.2930769296747854,0.15570708143992973,-1.0778621289498782,-0.8177339465973219,-0.6154915796172453,-0.05828489079737142,-0.8755809692540959,-0.43842229861417986
-1.196177366481484,0.590048337687597,-0.8143496669687149,-0.49381713700997326,-0.7641208792270812,0.08504925188071054,-0.9374136927517607,-1.5756862740979405,-1.224744871391589,1.137105685536411,0.37967212888114743,-0.9614863916702531,0.6263741331190523,1.153253590238697,-0.1332820844671032,-0.9438155721263038,-0.44693470717953315,-0.6780493930322938,-0.6282411217206918,1.5826626555600862,2.3461510562538512,-1.5841782406465175,-0.9320143892374165,-1.3216011591512031,1.707499689688721,0.33809616377248186,-0.9810141559830952,-1.1676872598353416,-0.67914568407372,-1.1559347102263289,-0.43842229861417986
0.11784484953130574,0.590048337687597,1.097038152736493,1.401512344464336,0.59321567104227,0.08504925188071054,-0.9374136927517607,0.25462492536786163,0.816496580927726,0.6942470390940584,0.37967212888114743,-0.05778754527941413,1.0327156934390023,-0.6608531809232983,-0.1332820844671032,0.726904066453228,-0.27519368393490273,-1.0785044383346125,-0.6282411217206918,-1.150554101574931,-0.42623001504290225,1.1914379855160337,0.2419883118585579,-0.1645114009902331,0.15570708143992973,0.33809616377248186,0.3252275191030913,1.0410954610370433,1.4938670923934998,0.8065414765793012,-0.43842229861417986
0.11784484953130574,0.590048337687597,-0.9060764494967212,1.401512344464336,0.8400041347276065,0.08504925188071054,-0.9374136927517607,-0.6605306743650394,-1.224744871391589,1.1863122018077836,0.37967212888114743,-0.05778754527941413,1.0327156934390023,-0.6608531809232983,1.2368204621527703,-0.48974869337208027,0.29034304072662986,-0.2775943477299748,-0.6282411217206918,-0.8772324258614294,-0.42623001504290225,-0.6589728319256668,-0.9320143892374165,-0.4216424583593375,1.707499689688721,1.754054456494842,-0.6544537372115486,-0.6154915796172453,-0.36871528743554577,-0.5952272282818631,-0.43842229861417986
-0.10115885313749245,0.590048337687597,0.20208224753081183,1.401512344464336,-1.010909342912418,1.0617867539482455,-0.9374136927517607,-0.6605306743650394,-1.224744871391589,0.3498014251944509,0.37967212888114743,-0.05778754527941413,1.0327156934390023,0.2462002046576992,1.2368204621527703,0.06630793821416356,1.0026045021045245,1.3242258334793011,-0.6282411217206918,-0.6039107501479276,-0.42623001504290225,-1.5841782406465175,-0.9320143892374165,0.4783162424325279,1.707499689688721,0.33809616377248186,-0.9810141559830952,-1.1676872598353416,-0.67914568407372,-1.1559347102263289,-0.43842229861417986
-0.8676718124782865,0.590048337687597,1.406925931547324,-0.49381713700997326,-0.7641208792270812,-1.86842575225436,0.5653105475373214,-0.6605306743650394,0.816496580927726,1.038692652993666,0.37967212888114743,-0.9614863916702531,-0.998992108160748,-1.5679065665042955,1.2368204621527703,-0.37819740121205814,0.26701324542498606,-0.6780493930322938,1.5917455343596372,0.762697628419581,-0.42623001504290225,1.1914379855160337,-0.9320143892374165,-0.1645114009902331,0.15570708143992973,0.33809616377248186,0.4885077284888646,1.317193301146092,-0.36871528743554577,0.24583399463483543,-0.43842229861417986
-0.21066070447189164,0.590048337687597,-0.32844562979333136,-0.49381713700997326,0.0996387436715968,1.0617867539482455,0.5653105475373214,-1.5756862740979405,-1.224744871391589,-0.7327419327757445,0.37967212888114743,-0.05778754527941413,-1.8116752288006481,0.2462002046576992,1.2368204621527703,-0.07669019440239817,-1.418072571844342,0.12286069757234404,1.5917455343596372,0.21605427699257748,-0.42623001504290225,0.26623257679518353,-0.9320143892374165,-0.1645114009902331,0.9316033855643253,0.33809616377248186,-0.3278933184400019,-0.6154915796172453,-0.67914568407372,-0.03451974633739738,-0.43842229861417986
0.22734670086570485,0.590048337687597,1.6350033367520962,1.401512344464336,-0.3939381836990763,0.08504925188071054,0.5653105475373214,1.1697805251007627,0.816496580927726,-1.372426644303587,1.7855109940078144,0.8459113011114248,1.0327156934390023,0.2462002046576992,-0.1332820844671032,0.3684525809790236,-1.356937264879191,-0.2775943477299748,-0.6282411217206918,-1.150554101574931,-0.42623001504290225,-1.5841782406465175,0.2419883118585579,-0.035945872305680915,0.15570708143992973,0.33809616377248186,-0.0013328996684552844,0.488899780818947,1.4938670923934998,0.5261877356070683,-0.43842229861417986
-0.8676718124782865,-0.9131943943761252,0.47726259511483005,-0.49381713700997326,-0.8875151110697495,-1.86842575225436,-0.9374136927517607,-1.5756862740979405,0.816496580927726,1.038692652993666,0.37967212888114743,-0.05778754527941413,-1.8116752288006481,1.153253590238697,-1.5033846310869767,0.499339430446783,1.4292867824406112,-0.6780493930322938,-0.6282411217206918,1.0360193041330827,-0.42623001504290225,1.1914379855160337,0.2419883118585579,-0.678773515728442,-2.171981830933257,1.754054456494842,-0.16461310905422857,-0.0632958993991491,-0.36871528743554577,-0.3148734873096303,-0.43842229861417986
1.4318670655440953,0.590048337687597,-1.3349611353709117,1.401512344464336,-0.023755488171071402,0.08504925188071054,-0.1860515726072197,0.25462492536786163,0.816496580927726,-0.33908980260476435,0.37967212888114743,2.6533089938931025,-0.592650547840798,0.2462002046576992,-0.1332820844671032,2.7256907433090922,0.7316415783601321,0.523315742874663,1.5917455343596372,0.21605427699257748,-0.42623001504290225,0.26623257679518353,0.2419883118585579,2.0211025866471544,-0.6201892226844659,0.33809616377248186,-0.9810141559830952,-1.1676872598353416,-0.67914568407372,-1.1559347102263289,-0.43842229861417986
-1.5246829204846812,0.590048337687597,0.43263875496607035,-0.49381713700997326,0.0996387436715968,0.08504925188071054,2.0680347878264036,1.1697805251007627,0.816496580927726,-1.0279810304039796,1.7855109940078144,-0.9614863916702531,0.6263741331190523,0.2462002046576992,-0.1332820844671032,-0.9412658283055034,-0.20899890328987744,-0.2775943477299748,-0.6282411217206918,0.21605427699257748,-0.42623001504290225,1.1914379855160337,0.2419883118585579,-0.9359045730975464,-0.6201892226844659,0.33809616377248186,-0.8177339465973219,-0.6154915796172453,-0.05828489079737142,-0.5952272282818631,-0.43842229861417986
-0.10115885313749245,-0.9131943943761252,1.238346979874232,-0.49381713700997326,-0.3939381836990763,1.0617867539482455,-0.9374136927517607,-1.5756862740979405,0.816496580927726,0.6942470390940584,1.7855109940078144,-0.05778754527941413,-0.998992108160748,-1.5679065665042955,-0.1332820844671032,-0.19992781240775603,0.7586254379861296,0.12286069757234404,1.5917455343596372,-0.6039107501479276,-0.42623001504290225,1.1914379855160337,0.2419883118585579,-0.2930769296747854,0.15570708143992973,0.33809616377248186,-0.6544537372115486,-0.6154915796172453,-0.67914568407372,-0.5952272282818631,-0.43842229861417986
0.5558522548689022,0.590048337687597,0.6359251378659758,-0.49381713700997326,-0.023755488171071402,-0.8916882501868245,1.3166726676818623,1.1697805251007627,0.816496580927726,1.333931750621901,-1.0261667362455194,2.6533089938931025,-0.592650547840798,1.153253590238697,1.2368204621527703,2.7856097230979042,1.6933632003429522,2.125135924083939,-0.6282411217206918,1.8559843312735878,2.3461510562538512,1.1914379855160337,-0.9320143892374165,1.6354060005934978,-0.6201892226844659,0.33809616377248186,-0.9810141559830952,-1.1676872598353416,-0.67914568407372,-0.8755809692540959,-0.43842229861417986
-0.21066070447189164,0.590048337687597,-0.13011745135439937,-0.49381713700997326,2.320734916839626,0.08504925188071054,-0.9374136927517607,-0.6605306743650394,0.816496580927726,-0.978774514132607,1.7855109940078144,-0.05778754527941413,-0.998992108160748,0.2462002046576992,-0.1332820844671032,-0.6578193068931804,1.5508546916931525,-0.6780493930322938,-0.6282411217206918,0.48937595270607925,-0.42623001504290225,1.1914379855160337,1.4159910129545328,-0.1645114009902331,0.15570708143992973,-1.0778621289498782,0.4885077284888646,1.317193301146092,1.1834366957553255,1.086895217551534,-0.43842229861417986
-0.32016255580629077,-0.9131943943761252,-0.37059036771160453,-0.49381713700997326,0.0996387436715968,1.0617867539482455,2.0680347878264036,1.1697805251007627,0.816496580927726,1.2847252343505289,-1.0261667362455194,-0.05778754527941413,-1.8116752288006481,0.2462002046576992,-0.1332820844671032,-0.3059546596227104,0.14319668120361176,-0.6780493930322938,-0.6282411217206918,-0.3305890744344259,-0.42623001504290225,-0.6589728319256668,0.2419883118585579,-0.4216424583593375,0.15570708143992973,-1.0778621289498782,0.16194730971731802,-0.6154915796172453,1.4938670923934998,0.8065414765793012,-0.43842229861417986
0.33684855220010396,0.590048337687597,-1.6969100610219627,1.401512344464336,0.59321567104227,-0.8916882501868245,-0.9374136927517607,1.1697805251007627,-1.224744871391589,0.8910731041795484,0.37967212888114743,-0.05778754527941413,1.0327156934390023,-1.5679065665042955,-0.1332820844671032,-0.39604560795766164,-0.42880492649331603,-0.6780493930322938,-0.6282411217206918,-0.05726739872092413,-0.42623001504290225,0.26623257679518353,0.2419883118585579,-0.8073390444129942,-0.6201892226844659,0.33809616377248186,-0.3278933184400019,-0.0632958993991491,-0.36871528743554577,-0.5952272282818631,-0.43842229861417986
0.6653541062033014,0.590048337687597,0.46486708396239684,-0.49381713700997326,2.197340684996958,0.08504925188071054,2.0680347878264036,1.1697805251007627,0.816496580927726,1.038692652993666,1.7855109940078144,-0.9614863916702531,-0.998992108160748,-0.6608531809232983,-1.5033846310869767,-0.3456881674968516,-1.1887097650233625,0.9237707881769819,-0.6282411217206918,-0.8772324258614294,-0.42623001504290225,0.26623257679518353,0.2419883118585579,-0.4216424583593375,-2.171981830933257,0.33809616377248186,-0.16461310905422857,-0.0632958993991491,-0.67914568407372,-0.5952272282818631,-0.43842229861417986
-0.21066070447189164,0.590048337687597,1.3548647847071045,-0.49381713700997326,-0.270543951856408,-0.8916882501868245,-0.9374136927517607,0.25462492536786163,0.816496580927726,-0.14226373751927418,-1.0261667362455194,-0.9614863916702531,-0.998992108160748,1.153253590238697,-0.1332820844671032,-0.8101665001860107,-0.9275847067676152,-0.6780493930322938,-0.6282411217206918,0.762697628419581,-0.42623001504290225,1.1914379855160337,0.2419883118585579,-1.3216011591512031,1.707499689688721,-1.0778621289498782,-0.9810141559830952,-1.1676872598353416,-0.67914568407372,-0.8755809692540959,-0.43842229861417986
0.9938596602064989,0.590048337687597,-0.593709568455403,1.401512344464336,-1.010909342912418,1.0617867539482455,-0.9374136927517607,1.1697805251007627,0.816496580927726,-0.48670935141888183,1.7855109940078144,1.7496101475022634,-0.592650547840798,-1.5679065665042955,1.2368204621527703,2.3508784016514173,-1.5680297500784015,-0.6780493930322938,-0.6282411217206918,-0.05726739872092413,-0.42623001504290225,-0.6589728319256668,-0.9320143892374165,2.0211025866471544,1.707499689688721,-2.4938204216722384,3.1009910786612376,-1.1676872598353416,-0.67914568407372,2.2083101814404653,-0.43842229861417986
-0.9771736638126856,0.590048337687597,-1.1738194903892794,-0.49381713700997326,1.827157989468953,0.08504925188071054,0.5653105475373214,0.25462492536786163,0.816496580927726,-0.7327419327757445,0.37967212888114743,-0.9614863916702531,-0.998992108160748,-0.6608531809232983,-0.1332820844671032,-0.8700854799748226,-0.9822551306973706,-0.6780493930322938,1.5917455343596372,0.48937595270607925,-0.42623001504290225,0.26623257679518353,2.5899937140505074,-1.3216011591512031,0.15570708143992973,0.33809616377248186,-0.9810141559830952,-0.8915894197262935,-0.67914568407372,-1.1559347102263289,2.280905882663645
-1.6341847718190805,-2.416437126439847,-0.856494404886988,-0.49381713700997326,2.073946453154289,-0.8916882501868245,1.3166726676818623,-0.6605306743650394,-1.224744871391589,0.9402796204509211,-1.0261667362455194,-0.9614863916702531,0.6263741331190523,0.2462002046576992,-0.1332820844671032,-0.7838191473710722,-0.5649890930432726,-0.6780493930322938,1.5917455343596372,-0.3305890744344259,-0.42623001504290225,-0.6589728319256668,-0.9320143892374165,-0.9359045730975464,-0.6201892226844659,-1.0778621289498782,-0.4911735278257753,-0.6154915796172453,-0.36871528743554577,-0.3148734873096303,-0.43842229861417986
1.4318670655440953,-0.9131943943761252,1.0697680282011397,-0.49381713700997326,1.3335810620982798,2.038524256015781,0.5653105475373214,-0.6605306743650394,0.816496580927726,-1.2248070954894696,0.37967212888114743,1.7496101475022634,-1.8116752288006481,0.2462002046576992,-0.1332820844671032,1.0075883653930173,0.8960744729560548,-0.2775943477299748,1.5917455343596372,-0.05726739872092413,-0.42623001504290225,0.26623257679518353,0.2419883118585579,2.6639302300699157,0.15570708143992973,0.33809616377248186,3.754111916204331,1.0410954610370433,3.046019075584371,2.488663922412698,-0.43842229861417986
-0.5391662584750891,0.590048337687597,-0.41769331009085087,-0.49381713700997326,-0.5173324155417446,1.0617867539482455,1.3166726676818623,-0.6605306743650394,-1.224744871391589,-1.520046193117705,1.7855109940078144,-0.9614863916702531,0.6263741331190523,1.153253590238697,-0.1332820844671032,-0.678004778807851,0.628203449793808,0.12286069757234404,-0.6282411217206918,0.48937595270607925,-0.42623001504290225,1.1914379855160337,1.4159910129545328,-0.678773515728442,0.15570708143992973,0.33809616377248186,-0.6544537372115486,-0.6154915796172453,-0.67914568407372,-0.5952272282818631,-0.43842229861417986
0.7748559575377005,0.590048337687597,1.2656171044095852,-0.49381713700997326,-0.270543951856408,0.08504925188071054,0.5653105475373214,-0.6605306743650394,-1.224744871391589,-1.7168722582031948,0.37967212888114743,2.6533089938931025,0.2200325727991022,1.153253590238697,-1.5033846310869767,2.6657717635202802,-1.5127971624064376,-1.0785044383346125,1.5917455343596372,-0.3305890744344259,-0.42623001504290225,1.1914379855160337,0.2419883118585579,1.5068404719089457,0.9316033855643253,-1.0778621289498782,2.447870241118145,0.7649976209279952,-0.36871528743554577,1.6476026994959998,-0.43842229861417986
-0.7581699611438873,0.590048337687597,-1.3919804866721046,-0.49381713700997326,-0.270543951856408,0.08504925188071054,0.5653105475373214,-0.6605306743650394,0.816496580927726,-0.880361481589862,-1.0261667362455194,-0.9614863916702531,0.6263741331190523,-0.6608531809232983,-0.1332820844671032,-0.9268172799876339,-1.2599640193482624,-0.6780493930322938,-0.6282411217206918,-0.8772324258614294,-0.42623001504290225,-0.6589728319256668,0.2419883118585579,-0.678773515728442,0.15570708143992973,-1.0778621289498782,-0.16461310905422857,-0.0632958993991491,-0.36871528743554577,-0.8755809692540959,-0.43842229861417986
0.8843578088720997,0.590048337687597,0.5268446397245632,-0.49381713700997326,-0.5173324155417446,2.038524256015781,0.5653105475373214,0.25462492536786163,-1.224744871391589,-0.781948449047117,-2.432005601372186,-0.05778754527941413,-0.998992108160748,-1.5679065665042955,1.2368204621527703,-0.1559447314989472,1.283686373208666,-0.6780493930322938,1.5917455343596372,-0.3305890744344259,-0.42623001504290225,-1.5841782406465175,-0.9320143892374165,-0.1645114009902331,0.15570708143992973,0.33809616377248186,0.4885077284888646,0.7649976209279952,-0.36871528743554577,-0.03451974633739738,-0.43842229861417986
0.8843578088720997,-2.416437126439847,-1.1564657747758729,1.401512344464336,2.073946453154289,0.08504925188071054,-0.1860515726072197,-1.5756862740979405,0.816496580927726,-0.683535416504372,-1.0261667362455194,-0.05778754527941413,1.0327156934390023,-1.5679065665042955,-0.1332820844671032,-0.45001518549793906,1.3841731421283965,-0.6780493930322938,-0.6282411217206918,-0.05726739872092413,-0.42623001504290225,-1.5841782406465175,0.2419883118585579,-0.1645114009902331,-0.6201892226844659,0.33809616377248186,0.4885077284888646,0.7649976209279952,0.562575902478977,0.24583399463483543,-0.43842229861417986
-0.6486681098094882,-0.9131943943761252,-0.21688602942143215,1.401512344464336,-0.8875151110697495,1.0617867539482455,1.3166726676818623,1.1697805251007627,0.816496580927726,-0.585122383961627,0.37967212888114743,-0.05778754527941413,1.0327156934390023,-1.5679065665042955,1.2368204621527703,-0.24879790230643242,1.0243883471150954,1.7246808787816201,-0.6282411217206918,-0.6039107501479276,-0.42623001504290225,1.1914379855160337,-0.9320143892374165,-0.1645114009902331,0.15570708143992973,0.33809616377248186,-0.3278933184400019,-0.6154915796172453,-0.67914568407372,-0.3148734873096303,-0.43842229861417986
-0.10115885313749245,0.590048337687597,-0.6036259773773496,-0.49381713700997326,0.3464272073569334,1.0617867539482455,-0.9374136927517607,0.25462492536786163,-1.224744871391589,0.4974209740085684,0.37967212888114743,-0.05778754527941413,-0.18630898752084787,0.2462002046576992,-0.1332820844671032,-0.39094612031606063,-0.26591798218846613,2.5255909693862577,1.5917455343596372,-0.8772324258614294,-0.42623001504290225,-0.6589728319256668,1.4159910129545328,-0.5502079870438897,-0.6201892226844659,0.33809616377248186,-0.6544537372115486,-0.6154915796172453,-0.36871528743554577,-0.8755809692540959,-0.43842229861417986
-0.32016255580629077,-0.9131943943761252,-0.9333465740320742,-0.49381713700997326,0.0996387436715968,1.0617867539482455,-0.9374136927517607,0.25462492536786163,0.816496580927726,-1.1756005792180972,1.7855109940078144,-0.05778754527941413,-0.18630898752084787,1.153253590238697,-1.5033846310869767,-0.37798492256032473,0.37761896170446574,-0.6780493930322938,-0.6282411217206918,-0.6039107501479276,-0.42623001504290225,-1.5841782406465175,0.2419883118585579,-0.2930769296747854,0.15570708143992973,0.33809616377248186,0.3252275191030913,0.7649976209279952,1.4938670923934998,-0.5952272282818631,-0.43842229861417986
1.3223652142096962,0.590048337687597,-0.19953231380802555,-0.49381713700997326,1.950552221311621,1.0617867539482455,-0.9374136927517607,0.25462492536786163,-1.224744871391589,0.8910731041795484,0.37967212888114743,-0.9614863916702531,-0.998992108160748,-1.5679065665042955,-0.1332820844671032,-0.6994651226329219,1.0946588148911307,-0.6780493930322938,-0.6282411217206918,-0.3305890744344259,-0.42623001504290225,1.1914379855160337,0.2419883118585579,-0.1645114009902331,0.15570708143992973,-1.0778621289498782,0.3252275191030913,0.488899780818947,-0.36871528743554577,-0.03451974633739738,-0.43842229861417986
0.22734670086570485,0.590048337687597,1.4490706694655973,-0.49381713700997326,0.0996387436715968,2.038524256015781,0.5653105475373214,-0.6605306743650394,0.816496580927726,0.4974209740085684,0.37967212888114743,-0.05778754527941413,-0.18630898752084787,-1.5679065665042955,-0.1332820844671032,-0.23923636297843043,-1.4726024548385457,-0.2775943477299748,-0.6282411217206918,-0.6039107501479276,-0.42623001504290225,1.1914379855160337,2.5899937140505074,-0.1645114009902331,0.15570708143992973,0.33809616377248186,-0.0013328996684552844,0.7649976209279952,1.4938670923934998,0.8065414765793012,-0.43842229861417986
-1.0866755151470848,0.590048337687597,1.238346979874232,-0.49381713700997326,1.2101868302556114,0.08504925188071054,1.3166726676818623,1.1697805251007627,0.816496580927726,0.05456232756621574,-1.0261667362455194,-0.9614863916702531,-0.998992108160748,-1.5679065665042955,-1.5033846310869767,-0.5177958754008859,0.27783489746249557,-0.6780493930322938,-0.6282411217206918,-1.150554101574931,-0.42623001504290225,-1.5841782406465175,1.4159910129545328,-0.5502079870438897,0.15570708143992973,0.33809616377248186,-0.0013328996684552844,0.7649976209279952,-0.67914568407372,0.8065414765793012,-0.43842229861417986
-0.21066070447189164,0.590048337687597,0.04094060254917955,-0.49381713700997326,1.0867925984129432,2.038524256015781,-0.9374136927517607,-0.6605306743650394,0.816496580927726,-0.880361481589862,1.7855109940078144,-0.05778754527941413,0.6263741331190523,-1.5679065665042955,-0.1332820844671032,-0.2751452551213709,1.6863361535653485,-0.6780493930322938,-0.6282411217206918,-1.150554101574931,-0.42623001504290225,1.1914379855160337,-0.9320143892374165,0.6068817711170802,-0.6201892226844659,0.33809616377248186,1.4681889848035046,2.9737803418003805,-0.36871528743554577,1.6476026994959998,-0.43842229861417986
-0.9771736638126856,0.590048337687597,-0.55156483053713,-0.49381713700997326,2.197340684996958,0.08504925188071054,0.5653105475373214,-0.6605306743650394,-1.224744871391589,-1.3232201280322147,-2.432005601372186,-0.05778754527941413,-0.18630898752084787,-1.5679065665042955,-1.5033846310869767,-0.3454756888451182,0.8638905987146306,-1.0785044383346125,-0.6282411217206918,1.5826626555600862,2.3461510562538512,-0.6589728319256668,0.2419883118585579,-0.678773515728442,1.707499689688721,-1.0778621289498782,-0.3278933184400019,-0.3393937395081972,-0.67914568407372,-1.1559347102263289,-0.43842229861417986
-1.7436866231534796,0.590048337687597,-0.6358543063736761,-0.49381713700997326,-0.5173324155417446,-1.86842575225436,0.5653105475373214,0.25462492536786163,0.816496580927726,1.5307578157073911,0.37967212888114743,-0.9614863916702531,0.6263741331190523,1.153253590238697,1.2368204621527703,-0.7194381158958593,1.6437522500930712,-0.6780493930322938,-0.6282411217206918,0.762697628419581,-0.42623001504290225,0.26623257679518353,-0.9320143892374165,-1.0644701017820986,-0.6201892226844659,0.33809616377248186,-0.8177339465973219,-0.6154915796172453,-0.05828489079737142,-0.5952272282818631,-0.43842229861417986
-2.072192177156677,-0.9131943943761252,-0.6408125108346494,1.401512344464336,-0.7641208792270812,-0.8916882501868245,0.5653105475373214,-0.6605306743650394,-1.224744871391589,0.20218187638033325,0.37967212888114743,-0.9614863916702531,1.4390572537589523,1.153253590238697,1.2368204621527703,-1.0483550687791245,0.5771870901884063,-0.6780493930322938,1.5917455343596372,-0.8772324258614294,-0.42623001504290225,0.26623257679518353,-0.9320143892374165,-1.4501666878357553,-0.6201892226844659,1.754054456494842,-1.1442943653688686,-1.1676872598353416,-0.67914568407372,-1.1559347102263289,2.280905882663645
1.103361511540898,0.590048337687597,0.925980098832914,-2.3891466184842827,2.073946453154289,1.0617867539482455,-0.9374136927517607,1.1697805251007627,-1.224744871391589,1.5799643319787635,0.37967212888114743,2.6533089938931025,-0.592650547840798,0.2462002046576992,-0.1332820844671032,2.7951712624259057,-1.2779532590989275,0.12286069757234404,-0.6282411217206918,-1.150554101574931,-0.42623001504290225,0.26623257679518353,0.2419883118585579,2.0211025866471544,-0.6201892226844659,0.33809616377248186,-0.3278933184400019,-0.6154915796172453,-0.36871528743554577,-1.1559347102263289,-0.43842229861417986
0.22734670086570485,0.590048337687597,-1.5679967450366568,-0.49381713700997326,-0.7641208792270812,-0.8916882501868245,0.5653105475373214,0.25462492536786163,0.816496580927726,0.4974209740085684,-1.0261667362455194,-0.05778754527941413,-0.998992108160748,0.2462002046576992,-1.5033846310869767,-0.7296370911790613,-0.563724224623304,-1.0785044383346125,-0.6282411217206918,-0.05726739872092413,-0.42623001504290225,1.1914379855160337,0.2419883118585579,-0.035945872305680915,0.15570708143992973,0.33809616377248186,0.4885077284888646,1.0410954610370433,-0.67914568407372,0.8065414765793012,-0.43842229861417986
0.33684855220010396,0.590048337687597,0.20208224753081183,-0.49381713700997326,0.7166099028849382,0.08504925188071054,-0.9374136927517607,-1.5756862740979405,-1.224744871391589,0.6942470390940584,-1.0261667362455194,0.8459113011114248,-0.18630898752084787,0.2462002046576992,-0.1332820844671032,0.835480657488983,1.6143791945626884,-0.6780493930322938,-0.6282411217206918,-0.6039107501479276,-0.42623001504290225,1.1914379855160337,1.4159910129545328,0.8640128284861845,-0.6201892226844659,0.33809616377248186,1.794749403575051,2.9737803418003805,3.6668798688607196,2.2083101814404653,-0.43842229861417986
-0.21066070447189164,-2.416437126439847,-1.4737908602781642,-0.49381713700997326,-0.1471497200137397,1.0617867539482455,-0.9374136927517607,0.25462492536786163,-1.224744871391589,-0.683535416504372,0.37967212888114743,-0.05778754527941413,-1.8116752288006481,0.2462002046576992,-0.1332820844671032,-0.5003726259587491,-0.28995048216787017,-0.6780493930322938,-0.6282411217206918,-0.8772324258614294,-0.42623001504290225,1.1914379855160337,0.2419883118585579,0.4783162424325279,1.707499689688721,0.33809616377248186,1.141628566031958,1.8693889813641877,-0.05828489079737142,1.3672489585237668,-0.43842229861417986
0.008342998196906542,0.590048337687597,-0.3259665275628448,-0.49381713700997326,1.2101868302556114,0.08504925188071054,-0.9374136927517607,0.25462492536786163,0.816496580927726,0.9402796204509211,0.37967212888114743,-0.05778754527941413,-0.18630898752084787,0.2462002046576992,-0.1332820844671032,-0.1561572101506806,1.7117740629002731,0.12286069757234404,-0.6282411217206918,0.48937595270607925,-0.42623001504290225,-1.5841782406465175,2.5899937140505074,-0.2930769296747854,-0.6201892226844659,-1.0778621289498782,-0.4911735278257753,-0.3393937395081972,-0.67914568407372,-0.5952272282818631,-0.43842229861417986
0.22734670086570485,-0.9131943943761252,-0.22680243834337876,-0.49381713700997326,-0.6407266473844129,0.08504925188071054,0.5653105475373214,-1.5756862740979405,-1.224744871391589,0.7434535553654309,0.37967212888114743,-0.05778754527941413,-0.18630898752084787,0.2462002046576992,1.2368204621527703,-0.3104167113091113,-1.5702784050472345,-1.0785044383346125,-0.6282411217206918,-0.6039107501479276,-0.42623001504290225,1.1914379855160337,-0.9320143892374165,-0.1645114009902331,-0.6201892226844659,-2.4938204216722384,0.3252275191030913,-0.6154915796172453,0.25214550584080275,1.086895217551534,-0.43842229861417986
0.8843578088720997,0.590048337687597,1.3052827400973714,-0.49381713700997326,-0.8875151110697495,-0.8916882501868245,1.3166726676818623,1.1697805251007627,-1.224744871391589,-0.33908980260476435,-1.0261667362455194,-0.05778754527941413,-0.18630898752084787,1.153253590238697,-1.5033846310869767,-0.1557322528472139,-1.2543423819261796,-0.6780493930322938,-0.6282411217206918,1.0360193041330827,-0.42623001504290225,-1.5841782406465175,1.4159910129545328,-0.1645114009902331,0.15570708143992973,0.33809616377248186,0.4885077284888646,0.7649976209279952,0.25214550584080275,1.3672489585237668,-0.43842229861417986
0.11784484953130574,0.590048337687597,-1.0052405387161871,-0.49381713700997326,-0.8875151110697495,-0.8916882501868245,0.5653105475373214,1.1697805251007627,-1.224744871391589,-0.585122383961627,-1.0261667362455194,0.8459113011114248,-0.18630898752084787,0.2462002046576992,-0.1332820844671032,0.26625034949527,-0.016036198776884236,0.12286069757234404,1.5917455343596372,1.0360193041330827,-0.42623001504290225,1.1914379855160337,0.2419883118585579,-0.1645114009902331,2.4833959938131165,1.754054456494842,-0.3278933184400019,-0.0632958993991491,-0.67914568407372,-0.5952272282818631,-0.43842229861417986
-0.21066070447189164,0.590048337687597,-0.16234578035072575,1.401512344464336,0.0996387436715968,0.08504925188071054,0.5653105475373214,1.1697805251007627,0.816496580927726,-0.5359158676902545,-1.0261667362455194,0.8459113011114248,1.0327156934390023,-1.5679065665042955,-0.1332820844671032,0.8080709114153777,1.0142693997553462,2.5255909693862577,-0.6282411217206918,0.48937595270607925,-0.42623001504290225,0.26623257679518353,-0.9320143892374165,0.4783162424325279,0.15570708143992973,0.33809616377248186,0.9783483566461848,2.1454868214732365,1.1834366957553255,-1.1559347102263289,2.280905882663645
0.008342998196906542,0.590048337687597,1.654836154595989,-0.49381713700997326,0.0996387436715968,0.08504925188071054,0.5653105475373214,-0.6605306743650394,-1.224744871391589,0.25138839265170587,0.37967212888114743,-0.9614863916702531,0.6263741331190523,-0.6608531809232983,-0.1332820844671032,-0.5454181001262247,-0.6127730111309766,-0.6780493930322938,-0.6282411217206918,-1.150554101574931,-0.42623001504290225,-1.5841782406465175,0.2419883118585579,-0.4216424583593375,-0.6201892226844659,-2.4938204216722384,0.16194730971731802,-0.0632958993991491,1.4938670923934998,0.8065414765793012,-0.43842229861417986
0.33684855220010396,0.590048337687597,-0.8788063249613679,-0.49381713700997326,0.8400041347276065,0.08504925188071054,-0.9374136927517607,0.25462492536786163,-1.224744871391589,0.8910731041795484,0.37967212888114743,0.8459113011114248,-0.18630898752084787,1.153253590238697,1.2368204621527703,0.3064088146728779,0.7919336397119704,1.3242258334793011,1.5917455343596372,-0.05726739872092413,-0.42623001504290225,1.1914379855160337,-0.9320143892374165,0.8640128284861845,-0.6201892226844659,-1.0778621289498782,-0.4911735278257753,-0.6154915796172453,0.25214550584080275,-0.3148734873096303,-0.43842229861417986
0.7748559575377005,-0.9131943943761252,-0.49702458146642364,-2.3891466184842827,-1.010909342912418,2.038524256015781,-1.6887758128963017,-1.5756862740979405,0.816496580927726,-1.4216331605749597,0.37967212888114743,-0.05778754527941413,-1.405333668480698,1.153253590238697,-0.1332820844671032,-0.161469176444015,-0.5354754965773377,0.523315742874663,1.5917455343596372,-1.150554101574931,-0.42623001504290225,0.26623257679518353,-0.9320143892374165,0.3497507137479757,0.15570708143992973,0.33809616377248186,0.4885077284888646,0.7649976209279952,-0.67914568407372,-0.5952272282818631,-0.43842229861417986
1.2128633628752972,-0.9131943943761252,-1.0845718100917598,-0.49381713700997326,-0.6407266473844129,2.038524256015781,0.5653105475373214,0.25462492536786163,0.816496580927726,1.137105685536411,-1.0261667362455194,1.7496101475022634,-0.592650547840798,1.153253590238697,-0.1332820844671032,1.8483663903019845,-1.2242666217180365,-0.2775943477299748,-0.6282411217206918,2.6759493584140928,2.3461510562538512,-0.6589728319256668,0.2419883118585579,1.5068404719089457,0.15570708143992973,0.33809616377248186,-0.8177339465973219,-0.6154915796172453,-0.05828489079737142,-0.5952272282818631,-0.43842229861417986
-0.21066070447189164,0.590048337687597,-0.09788912235807284,1.401512344464336,0.7166099028849382,-0.8916882501868245,0.5653105475373214,-1.5756862740979405,0.816496580927726,-0.33908980260476435,-2.432005601372186,-0.05778754527941413,1.0327156934390023,1.153253590238697,-1.5033846310869767,-0.22585020791922783,1.0940966511489223,1.3242258334793011,1.5917455343596372,-0.3305890744344259,-0.42623001504290225,1.1914379855160337,1.4159910129545328,-0.5502079870438897,-0.6201892226844659,-1.0778621289498782,-0.8177339465973219,-0.6154915796172453,-0.05828489079737142,-0.5952272282818631,2.280905882663645
-1.4151810691502822,-0.9131943943761252,-0.5837931595334565,-0.49381713700997326,-0.8875151110697495,-1.86842575225436,2.0680347878264036,-1.5756862740979405,-1.224744871391589,-1.6676657419318222,0.37967212888114743,-0.9614863916702531,0.6263741331190523,1.153253590238697,1.2368204621527703,-0.5828143428312988,0.40825688565481716,-0.6780493930322938,1.5917455343596372,-0.6039107501479276,-0.42623001504290225,0.26623257679518353,-0.9320143892374165,-0.678773515728442,-0.6201892226844659,0.33809616377248186,-0.16461310905422857,-0.3393937395081972,-0.36871528743554577,-0.3148734873096303,-0.43842229861417986
-1.0866755151470848,0.590048337687597,-0.7846004402028751,-0.49381713700997326,-0.1471497200137397,0.08504925188071054,0.5653105475373214,-0.6605306743650394,-1.224744871391589,0.9894861367222935,1.7855109940078144,-0.9614863916702531,0.6263741331190523,0.2462002046576992,-0.1332820844671032,-0.6344466552025091,1.1491886978853345,1.7246808787816201,-0.6282411217206918,0.48937595270607925,-0.42623001504290225,-1.5841782406465175,-0.9320143892374165,-0.8073390444129942,-2.171981830933257,0.33809616377248186,-0.6544537372115486,-0.6154915796172453,-0.67914568407372,-0.5952272282818631,-0.43842229861417986
-1.0866755151470848,-0.9131943943761252,-0.5242947060017769,-0.49381713700997326,-0.8875151110697495,0.08504925188071054,0.5653105475373214,1.1697805251007627,0.816496580927726,1.038692652993666,0.37967212888114743,-0.9614863916702531,0.6263741331190523,1.153253590238697,1.2368204621527703,-0.833539151876682,-1.1265906715093472,-0.2775943477299748,-0.6282411217206918,-0.6039107501479276,-0.42623001504290225,0.26623257679518353,-0.9320143892374165,-0.678773515728442,-2.171981830933257,-1.0778621289498782,-0.4911735278257753,-0.6154915796172453,-0.36871528743554577,-0.5952272282818631,-0.43842229861417986
0.33684855220010396,0.590048337687597,1.3052827400973714,-0.49381713700997326,-0.270543951856408,0.08504925188071054,-0.9374136927517607,-1.5756862740979405,0.816496580927726,0.3498014251944509,0.37967212888114743,-0.9614863916702531,-0.998992108160748,-1.5679065665042955,1.2368204621527703,-0.9215053136942994,-1.5423107588723726,0.12286069757234404,1.5917455343596372,-0.3305890744344259,-0.42623001504290225,-0.6589728319256668,-0.9320143892374165,-0.1645114009902331,0.15570708143992973,-2.4938204216722384,-0.4911735278257753,-0.6154915796172453,-0.67914568407372,-0.3148734873096303,2.280905882663645
-0.8676718124782865,0.590048337687597,-0.8267451781211482,1.401512344464336,0.0996387436715968,0.08504925188071054,0.5653105475373214,0.25462492536786163,0.816496580927726,-1.1756005792180972,-1.0261667362455194,-0.05778754527941413,1.0327156934390023,0.2462002046576992,1.2368204621527703,-0.1346968663256097,1.2789079813998956,2.5255909693862577,-0.6282411217206918,-1.150554101574931,-0.42623001504290225,0.26623257679518353,-0.9320143892374165,-0.4216424583593375,-0.6201892226844659,0.33809616377248186,-0.3278933184400019,-0.6154915796172453,-0.36871528743554577,-0.03451974633739738,-0.43842229861417986
-0.10115885313749245,0.590048337687597,-0.22680243834337876,-0.49381713700997326,-0.5173324155417446,1.0617867539482455,-0.9374136927517607,-0.6605306743650394,-1.224744871391589,-1.1756005792180972,0.37967212888114743,0.8459113011114248,-1.8116752288006481,-1.5679065665042955,-0.1332820844671032,0.3197949697320806,1.1916320604220596,0.523315742874663,-0.6282411217206918,-0.8772324258614294,-0.42623001504290225,0.26623257679518353,1.4159910129545328,-0.2930769296747854,2.4833959938131165,0.33809616377248186,-0.6544537372115486,-0.6154915796172453,-0.67914568407372,-0.5952272282818631,-0.43842229861417986
-1.3056792178158831,-0.9131943943761252,-0.07557720228369304,-0.49381713700997326,-0.8875151110697495,-1.86842575225436,-0.9374136927517607,1.1697805251007627,0.816496580927726,0.546627490279941,1.7855109940078144,-0.05778754527941413,-0.18630898752084787,0.2462002046576992,-1.5033846310869767,-0.2755702124248377,-1.3126668701802888,-0.6780493930322938,-0.6282411217206918,0.48937595270607925,-0.42623001504290225,0.26623257679518353,1.4159910129545328,-0.5502079870438897,2.4833959938131165,0.33809616377248186,-0.0013328996684552844,0.7649976209279952,-0.67914568407372,0.8065414765793012,-0.43842229861417986
0.22734670086570485,0.590048337687597,-0.7697258268199553,-0.49381713700997326,0.3464272073569334,0.08504925188071054,0.5653105475373214,1.1697805251007627,0.816496580927726,0.005355811294843232,0.37967212888114743,-0.05778754527941413,-0.18630898752084787,-0.6608531809232983,-0.1332820844671032,-0.2566596124205673,-0.9303955254786564,0.523315742874663,-0.6282411217206918,1.5826626555600862,2.3461510562538512,0.26623257679518353,-0.9320143892374165,-0.5502079870438897,0.15570708143992973,0.33809616377248186,-0.3278933184400019,-0.0632958993991491,-0.36871528743554577,-1.1559347102263289,-0.43842229861417986
1.3223652142096962,0.590048337687597,-1.2432343528429055,-0.49381713700997326,1.5803695257836163,1.0617867539482455,1.3166726676818623,-1.5756862740979405,-1.224744871391589,0.3005949089230784,0.37967212888114743,1.7496101475022634,0.2200325727991022,-0.6608531809232983,-0.1332820844671032,2.1056780375511015,-1.5199647501195932,0.12286069757234404,-0.6282411217206918,0.21605427699257748,-0.42623001504290225,-0.6589728319256668,1.4159910129545328,2.0211025866471544,-0.6201892226844659,0.33809616377248186,-0.4911735278257753,-0.6154915796172453,-0.36871528743554577,-0.5952272282818631,-0.43842229861417986
1.4318670655440953,0.590048337687597,0.026065989166259552,-0.49381713700997326,0.9633983665702748,2.038524256015781,-0.9374136927517607,1.1697805251007627,-1.224744871391589,-0.781948449047117,-1.0261667362455194,0.8459113011114248,0.2200325727991022,-1.5679065665042955,-1.5033846310869767,1.4376451565013693,1.0776533616893302,0.9237707881769819,-0.6282411217206918,-0.05726739872092413,-0.42623001504290225,0.26623257679518353,2.5899937140505074,0.9925783571707368,0.15570708143992973,0.33809616377248186,1.141628566031958,1.8693889813641877,-0.36871528743554577,1.9279564404682328,-0.43842229861417986
-1.8531884744878788,0.590048337687597,0.8392115207658811,1.401512344464336,-0.8875151110697495,0.08504925188071054,0.5653105475373214,0.25462492536786163,-1.224744871391589,-1.7168722582031948,0.37967212888114743,-0.9614863916702531,1.4390572537589523,0.2462002046576992,1.2368204621527703,-0.7904059855748068,-0.14926900568024734,-0.6780493930322938,-0.6282411217206918,1.0360193041330827,-0.42623001504290225,-1.5841782406465175,-0.9320143892374165,-1.193035630466651,0.15570708143992973,0.33809616377248186,-0.8177339465973219,-0.6154915796172453,-0.05828489079737142,-0.5952272282818631,-0.43842229861417986
-0.32016255580629077,0.590048337687597,0.811941396230528,-0.49381713700997326,-0.7641208792270812,0.08504925188071054,-0.9374136927517607,1.1697805251007627,-1.224744871391589,0.005355811294843232,0.37967212888114743,-0.05778754527941413,0.6263741331190523,-0.6608531809232983,-1.5033846310869767,-0.22733755848136142,0.7053604234118949,-0.6780493930322938,-0.6282411217206918,-0.8772324258614294,-0.42623001504290225,0.26623257679518353,0.2419883118585579,-0.035945872305680915,-0.6201892226844659,0.33809616377248186,0.651787937874638,1.0410954610370433,1.4938670923934998,1.3672489585237668,-0.43842229861417986
-0.10115885313749245,0.590048337687597,-1.218443330538039,-0.49381713700997326,-0.270543951856408,0.08504925188071054,-0.9374136927517607,-1.5756862740979405,0.816496580927726,0.546627490279941,0.37967212888114743,-0.9614863916702531,-0.998992108160748,-0.6608531809232983,1.2368204621527703,-0.954014547409506,-0.47265369838556215,-0.2775943477299748,-0.6282411217206918,-1.150554101574931,-0.42623001504290225,0.26623257679518353,-0.9320143892374165,0.4783162424325279,0.9316033855643253,0.33809616377248186,-0.4911735278257753,-0.3393937395081972,-0.36871528743554577,-0.3148734873096303,-0.43842229861417986
1.3223652142096962,0.590048337687597,-0.8366615870430948,-0.49381713700997326,-0.3939381836990763,-1.86842575225436,-0.9374136927517607,0.25462492536786163,-1.224744871391589,-1.2248070954894696,-1.0261667362455194,1.7496101475022634,-1.8116752288006481,0.2462002046576992,-0.1332820844671032,1.5857427767595322,-0.37399396162800846,-0.2775943477299748,1.5917455343596372,1.0360193041330827,-0.42623001504290225,-0.6589728319256668,0.2419883118585579,2.406799172700811,0.15570708143992973,0.33809616377248186,1.304908775417731,1.8693889813641877,-0.05828489079737142,2.2083101814404653,-0.43842229861417986
-0.10115885313749245,-2.416437126439847,0.22687326983567835,-0.49381713700997326,-1.010909342912418,1.0617867539482455,0.5653105475373214,1.1697805251007627,-1.224744871391589,-1.6184592256604498,-1.0261667362455194,-0.05778754527941413,-0.18630898752084787,0.2462002046576992,-0.1332820844671032,-0.45235245066700613,0.15429941511222536,-1.0785044383346125,-0.6282411217206918,-0.05726739872092413,-0.42623001504290225,0.26623257679518353,-0.9320143892374165,-0.9359045730975464,2.4833959938131165,0.33809616377248186,-0.6544537372115486,-0.6154915796172453,-0.36871528743554577,-0.5952272282818631,-0.43842229861417986
-0.10115885313749245,0.590048337687597,0.5888221954867294,-0.49381713700997326,-0.7641208792270812,-0.8916882501868245,-0.9374136927517607,1.1697805251007627,0.816496580927726,0.6450405228226859,1.7855109940078144,-0.05778754527941413,-1.8116752288006481,-1.5679065665042955,-1.5033846310869767,0.07204486181096466,1.6857739898231403,1.3242258334793011,-0.6282411217206918,1.3093409798465845,2.3461510562538512,-1.5841782406465175,0.2419883118585579,0.2211851850634235,0.15570708143992973,0.33809616377248186,-0.3278933184400019,-0.0632958993991491,-0.67914568407372,-0.03451974633739738,-0.43842229861417986
1.869874470881692,0.590048337687597,-0.5416484216151833,-0.49381713700997326,1.5803695257836163,2.038524256015781,0.5653105475373214,-0.6605306743650394,-1.224744871391589,1.235518718079156,0.37967212888114743,1.7496101475022634,-0.592650547840798,0.2462002046576992,-0.1332820844671032,2.3209189117570115,0.6144304381097051,0.12286069757234404,-0.6282411217206918,2.6759493584140928,2.3461510562538512,0.26623257679518353,0.2419883118585579,3.1781923448081244,2.4833959938131165,0.33809616377248186,0.4885077284888646,1.0410954610370433,0.562575902478977,0.8065414765793012,-0.43842229861417986
0.6653541062033014,0.590048337687597,1.2110768553388789,-0.49381713700997326,0.7166099028849382,-0.8916882501868245,-0.9374136927517607,0.25462492536786163,0.816496580927726,-0.043850704976529174,-1.0261667362455194,1.7496101475022634,0.2200325727991022,0.2462002046576992,-0.1332820844671032,2.358527633113819,-1.5161701448596874,-0.6780493930322938,-0.6282411217206918,2.402627682700591,2.3461510562538512,-1.5841782406465175,0.2419883118585579,0.3497507137479757,0.15570708143992973,0.33809616377248186,1.141628566031958,1.5932911412551396,1.1834366957553255,1.9279564404682328,-0.43842229861417986
-0.21066070447189164,-0.9131943943761252,0.19216583860886524,1.401512344464336,0.3464272073569334,1.0617867539482455,1.3166726676818623,1.1697805251007627,0.816496580927726,-1.470839676846332,0.37967212888114743,-0.05778754527941413,1.0327156934390023,1.153253590238697,1.2368204621527703,-0.40836936975819743,-0.547983639841472,0.12286069757234404,1.5917455343596372,2.402627682700591,2.3461510562538512,-1.5841782406465175,-0.9320143892374165,0.2211851850634235,-0.6201892226844659,1.754054456494842,0.651787937874638,1.317193301146092,1.1834366957553255,0.8065414765793012,2.280905882663645
0.11784484953130574,-0.9131943943761252,0.9582084278292404,-0.49381713700997326,-1.010909342912418,0.08504925188071054,-0.9374136927517607,1.1697805251007627,0.816496580927726,1.1863122018077836,0.37967212888114743,-0.05778754527941413,0.6263741331190523,1.153253590238697,-0.1332820844671032,-0.37564765739125755,-0.6248595315884548,1.7246808787816201,-0.6282411217206918,-0.05726739872092413,-0.42623001504290225,1.1914379855160337,1.4159910129545328,0.9925783571707368,0.9316033855643253,1.754054456494842,0.9783483566461848,1.8693889813641877,-0.05828489079737142,1.3672489585237668,-0.43842229861417986
-0.8676718124782865,0.590048337687597,0.46734618619288343,1.401512344464336,-0.5173324155417446,0.08504925188071054,0.5653105475373214,-1.5756862740979405,0.816496580927726,-1.1263940629467246,-1.0261667362455194,-0.05778754527941413,1.0327156934390023,-0.6608531809232983,-1.5033846310869767,-0.49208595854114734,-1.5399215629679872,-0.6780493930322938,1.5917455343596372,-0.6039107501479276,-0.42623001504290225,-0.6589728319256668,0.2419883118585579,-0.1645114009902331,0.15570708143992973,-1.0778621289498782,0.4885077284888646,-1.1676872598353416,-0.67914568407372,1.3672489585237668,-0.43842229861417986
-0.42966440714068993,0.590048337687597,-1.0176360498686203,1.401512344464336,-0.8875151110697495,1.0617867539482455,0.5653105475373214,1.1697805251007627,0.816496580927726,1.333931750621901,0.37967212888114743,-0.05778754527941413,1.0327156934390023,1.153253590238697,-1.5033846310869767,-0.21203909555655842,-1.4605159343810674,-0.6780493930322938,-0.6282411217206918,-0.3305890744344259,-0.42623001504290225,0.26623257679518353,1.4159910129545328,-0.678773515728442,1.707499689688721,0.33809616377248186,-0.16461310905422857,-0.6154915796172453,-0.67914568407372,-0.03451974633739738,-0.43842229861417986
-0.5391662584750891,0.590048337687597,0.43263875496607035,-0.49381713700997326,-0.8875151110697495,0.08504925188071054,0.5653105475373214,1.1697805251007627,0.816496580927726,-1.0279810304039796,0.37967212888114743,-0.05778754527941413,0.6263741331190523,-0.6608531809232983,-1.5033846310869767,-0.21947584836722653,1.5747466507370045,-1.0785044383346125,-0.6282411217206918,-0.6039107501479276,-0.42623001504290225,0.26623257679518353,1.4159910129545328,-0.1645114009902331,0.9316033855643253,-1.0778621289498782,0.3252275191030913,0.2128019407098989,-0.36871528743554577,0.5261877356070683,-0.43842229861417986
-0.6486681098094882,0.590048337687597,0.7673175560817683,1.401512344464336,-0.5173324155417446,1.0617867539482455,-0.9374136927517607,-1.5756862740979405,-1.224744871391589,0.05456232756621574,0.37967212888114743,-0.05778754527941413,1.0327156934390023,1.153253590238697,-0.1332820844671032,-0.21820097645682632,1.1631022505049893,-0.6780493930322938,-0.6282411217206918,-1.150554101574931,-0.42623001504290225,-1.5841782406465175,1.4159910129545328,-0.1645114009902331,-0.6201892226844659,0.33809616377248186,0.4885077284888646,-1.1676872598353416,-0.67914568407372,-0.5952272282818631,-0.43842229861417986
1.3223652142096962,0.590048337687597,-0.8391406892735814,-0.49381713700997326,0.8400041347276065,0.08504925188071054,0.5653105475373214,1.1697805251007627,-1.224744871391589,0.3990079414658234,0.37967212888114743,-0.9614863916702531,-0.998992108160748,-1.5679065665042955,-1.5033846310869767,-0.8320518013145484,1.4936545309234597,0.523315742874663,1.5917455343596372,0.21605427699257748,-0.42623001504290225,-0.6589728319256668,0.2419883118585579,0.7354472998016324,-0.6201892226844659,-1.0778621289498782,-0.8177339465973219,-0.6154915796172453,-0.05828489079737142,-0.5952272282818631,-0.43842229861417986
0.11784484953130574,-0.9131943943761252,-1.622536994107363,-0.49381713700997326,-0.8875151110697495,0.08504925188071054,0.5653105475373214,1.1697805251007627,-1.224744871391589,-1.1756005792180972,-1.0261667362455194,-0.9614863916702531,-0.998992108160748,-0.6608531809232983,1.2368204621527703,-0.8632861631193546,1.336951387782901,-0.6780493930322938,-0.6282411217206918,1.8559843312735878,2.3461510562538512,-0.6589728319256668,-0.9320143892374165,-0.9359045730975464,0.15570708143992973,0.33809616377248186,-0.4911735278257753,-0.3393937395081972,0.25214550584080275,-0.3148734873096303,-0.43842229861417986
1.103361511540898,0.590048337687597,1.04745610812676,1.401512344464336,-0.8875151110697495,1.0617867539482455,-0.9374136927517607,-0.6605306743650394,-1.224744871391589,-0.9295679978612343,1.7855109940078144,1.7496101475022634,-0.592650547840798,-0.6608531809232983,-1.5033846310869767,2.0119749521366836,0.9518692243702268,1.3242258334793011,-0.6282411217206918,-0.3305890744344259,-0.42623001504290225,0.26623257679518353,2.5899937140505074,2.2782336440162587,-0.6201892226844659,0.33809616377248186,-0.6544537372115486,-0.6154915796172453,-0.36871528743554577,-0.5952272282818631,-0.43842229861417986
1.3223652142096962,0.590048337687597,0.016149580244312952,-0.49381713700997326,-1.010909342912418,0.08504925188071054,-0.9374136927517607,0.25462492536786163,0.816496580927726,-1.470839676846332,0.37967212888114743,1.7496101475022634,-0.592650547840798,0.2462002046576992,1.2368204621527703,1.885975111658792,1.1342913587168146,0.523315742874663,-0.6282411217206918,-0.3305890744344259,-0.42623001504290225,-1.5841782406465175,-0.9320143892374165,1.5068404719089457,-0.6201892226844659,0.33809616377248186,0.16194730971731802,0.7649976209279952,-0.67914568407372,-1.1559347102263289,-0.43842229861417986
0.44635040353450317,0.590048337687597,1.0003531657475135,1.401512344464336,1.7037637576262843,-0.8916882501868245,-0.9374136927517607,1.1697805251007627,0.816496580927726,0.6942470390940584,0.37967212888114743,0.8459113011114248,1.0327156934390023,0.2462002046576992,1.2368204621527703,0.12303973822697477,-0.38256695869668483,0.12286069757234404,1.5917455343596372,0.21605427699257748,-0.42623001504290225,1.1914379855160337,-0.9320143892374165,1.2497094145398413,-0.6201892226844659,0.33809616377248186,-0.8177339465973219,-1.1676872598353416,-0.67914568407372,-0.5952272282818631,-0.43842229861417986
-1.8531884744878788,0.590048337687597,-0.18713680265559235,1.401512344464336,-0.023755488171071402,-1.86842575225436,-0.9374136927517607,1.1697805251007627,0.816496580927726,-0.585122383961627,0.37967212888114743,-0.9614863916702531,1.4390572537589523,-1.5679065665042955,1.2368204621527703,-0.8020923114201425,0.9513070606280186,-0.6780493930322938,-0.6282411217206918,-1.150554101574931,-0.42623001504290225,-1.5841782406465175,-0.9320143892374165,-1.193035630466651,0.15570708143992973,0.33809616377248186,-0.8177339465973219,-0.6154915796172453,-0.67914568407372,-0.5952272282818631,-0.43842229861417986
-0.42966440714068993,-2.416437126439847,-0.6755199420614625,1.401512344464336,0.8400041347276065,0.08504925188071054,-0.9374136927517607,0.25462492536786163,-1.224744871391589,-1.470839676846332,0.37967212888114743,-0.05778754527941413,1.0327156934390023,1.153253590238697,-1.5033846310869767,-0.24114867084403083,0.25534834777416426,-0.6780493930322938,1.5917455343596372,2.6759493584140928,2.3461510562538512,0.26623257679518353,0.2419883118585579,-0.5502079870438897,-0.6201892226844659,0.33809616377248186,-0.16461310905422857,0.2128019407098989,-0.36871528743554577,-0.5952272282818631,-0.43842229861417986
-0.10115885313749245,0.590048337687597,1.3598229891680778,-0.49381713700997326,2.073946453154289,1.0617867539482455,-0.9374136927517607,-1.5756862740979405,0.816496580927726,0.6942470390940584,0.37967212888114743,-0.05778754527941413,-1.8116752288006481,0.2462002046576992,-0.1332820844671032,-0.24561072253043173,-0.968903741819924,1.3242258334793011,-0.6282411217206918,-0.3305890744344259,-0.42623001504290225,-0.6589728319256668,1.4159910129545328,-0.1645114009902331,-0.6201892226844659,-1.0778621289498782,-0.6544537372115486,-0.6154915796172453,-0.67914568407372,-0.5952272282818631,-0.43842229861417986
0.7748559575377005,0.590048337687597,-0.6804781465224358,-2.3891466184842827,-1.010909342912418,0.08504925188071054,-0.9374136927517607,0.25462492536786163,-1.224744871391589,-1.0771875466753522,0.37967212888114743,-0.9614863916702531,-1.405333668480698,1.153253590238697,-1.5033846310869767,-0.702864781060656,-1.4259428642352578,0.523315742874663,1.5917455343596372,0.762697628419581,-0.42623001504290225,-1.5841782406465175,2.5899937140505074,-0.4216424583593375,-0.6201892226844659,0.33809616377248186,-0.8177339465973219,-0.6154915796172453,-0.05828489079737142,-0.5952272282818631,-0.43842229861417986
-1.5246829204846812,0.590048337687597,1.2829708200229917,-0.49381713700997326,-0.1471497200137397,-1.86842575225436,0.5653105475373214,1.1697805251007627,0.816496580927726,1.333931750621901,-1.0261667362455194,-0.9614863916702531,-0.998992108160748,0.2462002046576992,1.2368204621527703,-0.5341567315843558,0.8815987565941915,-0.6780493930322938,1.5917455343596372,-1.150554101574931,-0.42623001504290225,-1.5841782406465175,-0.9320143892374165,-0.8073390444129942,-0.6201892226844659,0.33809616377248186,-0.3278933184400019,-0.0632958993991491,-0.36871528743554577,-0.5952272282818631,2.280905882663645
0.11784484953130574,0.590048337687597,1.7168137103581556,-0.49381713700997326,-0.6407266473844129,-0.8916882501868245,0.5653105475373214,1.1697805251007627,-1.224744871391589,1.038692652993666,0.37967212888114743,-0.9614863916702531,-0.998992108160748,0.2462002046576992,-0.1332820844671032,-0.6792796507182512,1.667222586330267,1.7246808787816201,-0.6282411217206918,1.0360193041330827,-0.42623001504290225,1.1914379855160337,0.2419883118585579,-0.5502079870438897,1.707499689688721,-1.0778621289498782,-1.1442943653688686,-1.1676872598353416,-0.67914568407372,-1.1559347102263289,-0.43842229861417986
1.7603726195472926,0.590048337687597,1.4689034873094906,-0.49381713700997326,1.827157989468953,1.0617867539482455,0.5653105475373214,-0.6605306743650394,0.816496580927726,-0.880361481589862,1.7855109940078144,0.8459113011114248,-1.8116752288006481,1.153253590238697,-0.1332820844671032,0.10667888204350487,-1.525586387541676,0.12286069757234404,-0.6282411217206918,-0.05726739872092413,-0.42623001504290225,0.26623257679518353,-0.9320143892374165,-0.035945872305680915,-0.6201892226844659,0.33809616377248186,-0.4911735278257753,-0.3393937395081972,-0.36871528743554577,-0.5952272282818631,-0.43842229861417986
1.2128633628752972,-0.9131943943761252,-0.23423974503483866,1.401512344464336,-0.270543951856408,-0.8916882501868245,0.5653105475373214,1.1697805251007627,-1.224744871391589,1.432344783164646,0.37967212888114743,-0.9614863916702531,1.4390572537589523,0.2462002046576992,-0.1332820844671032,-0.8176032529966788,-0.36162635929942627,-0.2775943477299748,1.5917455343596372,-1.150554101574931,-0.42623001504290225,0.26623257679518353,1.4159910129545328,0.9925783571707368,0.15570708143992973,0.33809616377248186,0.3252275191030913,0.7649976209279952,1.4938670923934998,0.8065414765793012,2.280905882663645
-0.5391662584750891,0.590048337687597,1.131745583963306,-0.49381713700997326,-0.8875151110697495,1.0617867539482455,-0.9374136927517607,1.1697805251007627,0.816496580927726,1.432344783164646,0.37967212888114743,-0.9614863916702531,-0.998992108160748,-0.6608531809232983,1.2368204621527703,-1.0857513114841988,1.4811463876593254,-0.6780493930322938,-0.6282411217206918,-0.8772324258614294,-0.42623001504290225,-1.5841782406465175,-0.9320143892374165,-1.3216011591512031,-0.6201892226844659,0.33809616377248186,-0.9810141559830952,-1.1676872598353416,-0.67914568407372,-1.1559347102263289,2.280905882663645
-1.196177366481484,-2.416437126439847,-0.04086977105687985,-0.49381713700997326,-0.270543951856408,0.08504925188071054,0.5653105475373214,1.1697805251007627,0.816496580927726,0.4974209740085684,0.37967212888114743,-0.9614863916702531,-0.998992108160748,1.153253590238697,1.2368204621527703,-0.8356639383940158,-0.3356262862222932,-0.6780493930322938,-0.6282411217206918,1.3093409798465845,2.3461510562538512,0.26623257679518353,-0.9320143892374165,-0.5502079870438897,1.707499689688721,0.33809616377248186,-0.0013328996684552844,0.7649976209279952,0.8730062991171512,0.8065414765793012,-0.43842229861417986
1.979376322216091,0.590048337687597,1.5829421899118763,-0.49381713700997326,1.5803695257836163,0.08504925188071054,2.0680347878264036,-1.5756862740979405,0.816496580927726,1.3831382668932737,-1.0261667362455194,-0.9614863916702531,0.6263741331190523,-0.6608531809232983,-1.5033846310869767,-0.6301970821678415,1.3244432445187664,0.9237707881769819,-0.6282411217206918,-0.8772324258614294,-0.42623001504290225,1.1914379855160337,0.2419883118585579,-0.4216424583593375,-1.3960855268088614,0.33809616377248186,-0.4911735278257753,-0.6154915796172453,-0.36871528743554577,-0.5952272282818631,-0.43842229861417986
-0.32016255580629077,0.590048337687597,0.8788771564536676,-0.49381713700997326,-0.5173324155417446,-0.8916882501868245,0.5653105475373214,-0.6605306743650394,0.816496580927726,-0.4375028351475093,-1.0261667362455194,-0.05778754527941413,-0.998992108160748,1.153253590238697,-0.1332820844671032,-0.5347941675395559,-0.33745331838447007,-0.6780493930322938,-0.6282411217206918,-0.3305890744344259,-0.42623001504290225,0.26623257679518353,0.2419883118585579,0.4783162424325279,0.15570708143992973,1.754054456494842,1.304908775417731,1.5932911412551396,0.562575902478977,2.488663922412698,-0.43842229861417986
2.526885578888087,0.590048337687597,-1.0721762989393266,-0.49381713700997326,-1.010909342912418,1.0617867539482455,0.5653105475373214,0.25462492536786163,0.816496580927726,1.2847252343505289,-2.432005601372186,0.8459113011114248,-1.8116752288006481,1.153253590238697,-1.5033846310869767,0.9306710934655354,0.8648743852634951,0.12286069757234404,-0.6282411217206918,1.3093409798465845,2.3461510562538512,0.26623257679518353,0.2419883118585579,0.9925783571707368,-0.6201892226844659,1.754054456494842,-0.9810141559830952,-1.1676872598353416,-0.67914568407372,-1.1559347102263289,-0.43842229861417986
-0.42966440714068993,0.590048337687597,-1.3275238286794515,-0.49381713700997326,1.456975293940948,0.08504925188071054,0.5653105475373214,-0.6605306743650394,0.816496580927726,0.6450405228226859,1.7855109940078144,-0.9614863916702531,-0.998992108160748,-0.6608531809232983,-0.1332820844671032,-0.9508273676335054,-0.09502020455714805,-0.6780493930322938,-0.6282411217206918,0.762697628419581,-0.42623001504290225,1.1914379855160337,2.5899937140505074,0.3497507137479757,2.4833959938131165,0.33809616377248186,1.141628566031958,1.8693889813641877,-0.05828489079737142,2.488663922412698,-0.43842229861417986
0.008342998196906542,-0.9131943943761252,1.1788485263425523,1.401512344464336,-1.010909342912418,1.0617867539482455,0.5653105475373214,0.25462492536786163,0.816496580927726,-1.7168722582031948,-2.432005601372186,-0.05778754527941413,1.0327156934390023,1.153253590238697,-1.5033846310869767,0.6421250844116112,-0.9326441804474896,-0.6780493930322938,-0.6282411217206918,-0.3305890744344259,-0.42623001504290225,0.26623257679518353,1.4159910129545328,-0.678773515728442,-0.6201892226844659,-1.0778621289498782,-0.16461310905422857,-0.3393937395081972,-0.36871528743554577,-0.3148734873096303,-0.43842229861417986
-0.32016255580629077,0.590048337687597,-0.30861281194943824,-0.49381713700997326,1.2101868302556114,0.08504925188071054,-0.9374136927517607,-0.6605306743650394,-1.224744871391589,-1.520046193117705,-1.0261667362455194,-0.9614863916702531,0.6263741331190523,1.153253590238697,-0.1332820844671032,-0.7593841024217339,0.846744604577278,-0.6780493930322938,-0.6282411217206918,-0.8772324258614294,-0.42623001504290225,-0.6589728319256668,-0.9320143892374165,-0.1645114009902331,0.15570708143992973,0.33809616377248186,0.4885077284888646,1.317193301146092,1.8042974890316739,0.8065414765793012,-0.43842229861417986
-1.5246829204846812,0.590048337687597,-0.9308674718015876,1.401512344464336,-0.270543951856408,0.08504925188071054,-0.9374136927517607,0.25462492536786163,0.816496580927726,1.629170848250136,0.37967212888114743,-0.9614863916702531,1.4390572537589523,1.153253590238697,-1.5033846310869767,-0.8983451406553615,1.516422162482895,-0.6780493930322938,1.5917455343596372,1.5826626555600862,2.3461510562538512,-0.6589728319256668,0.2419883118585579,-1.0644701017820986,-0.6201892226844659,0.33809616377248186,-0.6544537372115486,-0.6154915796172453,-0.67914568407372,-0.5952272282818631,2.280905882663645
0.7748559575377005,0.590048337687597,0.2938090300588179,-0.49381713700997326,-0.8875151110697495,0.08504925188071054,-0.9374136927517607,0.25462492536786163,-1.224744871391589,1.4815512994360187,1.7855109940078144,0.8459113011114248,-1.8116752288006481,1.153253590238697,-0.1332820844671032,0.29238522365847514,0.06983431284543086,-0.6780493930322938,1.5917455343596372,1.0360193041330827,-0.42623001504290225,-0.6589728319256668,0.2419883118585579,-0.2930769296747854,-0.6201892226844659,0.33809616377248186,0.16194730971731802,0.7649976209279952,1.1834366957553255,0.8065414765793012,-0.43842229861417986
-0.21066070447189164,-0.9131943943761252,-1.6274951985683364,-0.49381713700997326,-0.8875151110697495,1.0617867539482455,0.5653105475373214,-1.5756862740979405,0.816496580927726,0.6450405228226859,-1.0261667362455194,-0.9614863916702531,0.6263741331190523,1.153253590238697,1.2368204621527703,-0.3342143203032493,-0.04822007301830843,-1.0785044383346125,1.5917455343596372,-0.3305890744344259,-0.42623001504290225,0.26623257679518353,-0.9320143892374165,-0.678773515728442,-0.6201892226844659,1.754054456494842,-0.3278933184400019,-0.0632958993991491,-0.36871528743554577,-0.03451974633739738,-0.43842229861417986
0.6653541062033014,0.590048337687597,0.933417405524374,1.401512344464336,-0.8875151110697495,0.08504925188071054,0.5653105475373214,1.1697805251007627,0.816496580927726,0.3498014251944509,0.37967212888114743,-0.05778754527941413,1.0327156934390023,1.153253590238697,-0.1332820844671032,0.2855859068030071,-1.1586340048152193,-0.6780493930322938,1.5917455343596372,0.48937595270607925,-0.42623001504290225,-1.5841782406465175,0.2419883118585579,-0.1645114009902331,0.15570708143992973,0.33809616377248186,0.4885077284888646,1.317193301146092,1.8042974890316739,1.086895217551534,-0.43842229861417986
-1.4151810691502822,0.590048337687597,-0.5490857283066433,-0.49381713700997326,-0.023755488171071402,0.08504925188071054,0.5653105475373214,0.25462492536786163,0.816496580927726,-0.1914702537906467,1.7855109940078144,-0.9614863916702531,0.6263741331190523,0.2462002046576992,-0.1332820844671032,-0.44661552707020497,0.4641921780045413,-0.6780493930322938,-0.6282411217206918,0.21605427699257748,-0.42623001504290225,1.1914379855160337,0.2419883118585579,-0.8073390444129942,-1.3960855268088614,0.33809616377248186,-0.3278933184400019,-0.3393937395081972,-0.67914568407372,-0.03451974633739738,-0.43842229861417986
0.44635040353450317,0.590048337687597,0.28637172336735794,1.401512344464336,-0.3939381836990763,0.08504925188071054,-0.1860515726072197,1.1697805251007627,0.816496580927726,-1.520046193117705,0.37967212888114743,0.8459113011114248,1.0327156934390023,0.2462002046576992,1.2368204621527703,0.5817811473193326,0.21866716359507377,-0.6780493930322938,-0.6282411217206918,-0.8772324258614294,-0.42623001504290225,-0.6589728319256668,-0.9320143892374165,-0.1645114009902331,0.15570708143992973,0.33809616377248186,0.4885077284888646,1.0410954610370433,1.8042974890316739,0.8065414765793012,-0.43842229861417986
-0.8676718124782865,0.590048337687597,0.6929444891671688,-0.49381713700997326,-0.023755488171071402,1.0617867539482455,0.5653105475373214,1.1697805251007627,-1.224744871391589,-1.1263940629467246,0.37967212888114743,-0.9614863916702531,-0.998992108160748,0.2462002046576992,-0.1332820844671032,-0.749822563093732,1.5598493115684848,2.5255909693862577,-0.6282411217206918,0.48937595270607925,-0.42623001504290225,0.26623257679518353,0.2419883118585579,-0.2930769296747854,-0.6201892226844659,0.33809616377248186,-0.3278933184400019,-0.3393937395081972,-0.36871528743554577,-0.5952272282818631,-0.43842229861417986
-0.10115885313749245,0.590048337687597,-0.6755199420614625,1.401512344464336,-0.8875151110697495,1.0617867539482455,-0.9374136927517607,0.25462492536786163,-1.224744871391589,-0.7327419327757445,0.37967212888114743,-0.05778754527941413,1.4390572537589523,1.153253590238697,1.2368204621527703,-0.42515518324513407,-0.9660929231088824,0.12286069757234404,-0.6282411217206918,-0.05726739872092413,-0.42623001504290225,0.26623257679518353,-0.9320143892374165,0.7354472998016324,-0.6201892226844659,-1.0778621289498782,0.9783483566461848,0.7649976209279952,1.1834366957553255,0.8065414765793012,-0.43842229861417986
0.8843578088720997,-2.416437126439847,1.0796844371230865,-0.49381713700997326,-1.010909342912418,-1.86842575225436,-0.9374136927517607,0.25462492536786163,0.816496580927726,0.3990079414658234,-1.0261667362455194,0.8459113011114248,-1.8116752288006481,0.2462002046576992,-0.1332820844671032,0.9019864754815297,-1.5344404664814566,0.12286069757234404,-0.6282411217206918,2.1293060069870893,2.3461510562538512,1.1914379855160337,0.2419883118585579,1.76397152927805,0.15570708143992973,-1.0778621289498782,2.6111504505039176,2.9737803418003805,3.6668798688607196,-0.03451974633739738,-0.43842229861417986
-1.4151810691502822,0.590048337687597,-1.3944595889025913,-2.3891466184842827,1.5803695257836163,-1.86842575225436,-1.6887758128963017,1.1697805251007627,0.816496580927726,-0.3882963188761368,-2.432005601372186,-0.9614863916702531,-1.405333668480698,0.2462002046576992,-0.1332820844671032,-1.0513297699033919,-0.38341020430999717,-0.6780493930322938,-0.6282411217206918,-1.150554101574931,-0.42623001504290225,0.26623257679518353,0.2419883118585579,-1.3216011591512031,-0.6201892226844659,0.33809616377248186,-0.9810141559830952,-1.1676872598353416,-0.67914568407372,-1.1559347102263289,2.280905882663645
1.103361511540898,-0.9131943943761252,0.7202146137025219,1.401512344464336,-0.023755488171071402,0.08504925188071054,-0.9374136927517607,0.25462492536786163,0.816496580927726,0.7926600716368034,-2.432005601372186,1.7496101475022634,1.0327156934390023,0.2462002046576992,-0.1332820844671032,1.3668897654741552,1.3844542239995006,1.7246808787816201,-0.6282411217206918,-1.150554101574931,-0.42623001504290225,0.26623257679518353,-0.9320143892374165,1.76397152927805,0.15570708143992973,-2.4938204216722384,2.6111504505039176,0.2128019407098989,3.6668798688607196,1.6476026994959998,2.280905882663645
-1.196177366481484,0.590048337687597,-1.0225942543295936,-0.49381713700997326,0.9633983665702748,1.0617867539482455,0.5653105475373214,1.1697805251007627,0.816496580927726,-0.1914702537906467,-2.432005601372186,-0.9614863916702531,-0.998992108160748,0.2462002046576992,-0.1332820844671032,-0.8919707811033603,-1.137833946353513,-0.6780493930322938,-0.6282411217206918,-0.05726739872092413,-0.42623001504290225,0.26623257679518353,2.5899937140505074,-1.0644701017820986,0.15570708143992973,1.754054456494842,-0.6544537372115486,-0.6154915796172453,-0.67914568407372,-0.5952272282818631,-0.43842229861417986
0.8843578088720997,0.590048337687597,0.5020536174196967,-0.49381713700997326,2.320734916839626,-0.8916882501868245,2.0680347878264036,1.1697805251007627,-1.224744871391589,-0.880361481589862,-1.0261667362455194,1.7496101475022634,0.2200325727991022,-0.6608531809232983,1.2368204621527703,2.1675093252055144,0.3943433330351622,-0.6780493930322938,-0.6282411217206918,-1.150554101574931,-0.42623001504290225,0.26623257679518353,-0.9320143892374165,1.2497094145398413,-0.6201892226844659,0.33809616377248186,2.284590031732371,0.488899780818947,1.8042974890316739,0.5261877356070683,-0.43842229861417986
-0.5391662584750891,-0.9131943943761252,-0.5391693193846967,-0.49381713700997326,0.0996387436715968,0.08504925188071054,-0.9374136927517607,-1.5756862740979405,0.816496580927726,-0.48670935141888183,0.37967212888114743,-0.9614863916702531,0.6263741331190523,0.2462002046576992,-0.1332820844671032,-0.6522948619481126,0.4282136985032112,1.3242258334793011,-0.6282411217206918,-0.6039107501479276,-0.42623001504290225,-1.5841782406465175,0.2419883118585579,-0.1645114009902331,0.15570708143992973,-1.0778621289498782,-0.3278933184400019,-0.6154915796172453,-0.36871528743554577,-0.3148734873096303,-0.43842229861417986
-0.6486681098094882,0.590048337687597,-0.15242937142877916,-0.49381713700997326,-0.8875151110697495,1.0617867539482455,-0.9374136927517607,-0.6605306743650394,0.816496580927726,0.15297536010896076,0.37967212888114743,-0.9614863916702531,-0.998992108160748,0.2462002046576992,-0.1332820844671032,-0.6429458012718441,0.5326356136183998,-0.6780493930322938,-0.6282411217206918,-0.3305890744344259,-0.42623001504290225,1.1914379855160337,0.2419883118585579,-0.678773515728442,-0.6201892226844659,1.754054456494842,-0.3278933184400019,-0.6154915796172453,-0.67914568407372,-0.3148734873096303,-0.43842229861417986
0.44635040353450317,-2.416437126439847,-0.6209796929907562,-2.3891466184842827,-0.6407266473844129,0.08504925188071054,-1.6887758128963017,0.25462492536786163,0.816496580927726,-0.28988328633339183,-2.432005601372186,-0.05778754527941413,-1.405333668480698,-0.6608531809232983,-0.1332820844671032,-0.015496342703185962,0.9108312711890224,1.3242258334793011,-0.6282411217206918,1.0360193041330827,-0.42623001504290225,-0.6589728319256668,0.2419883118585579,-0.1645114009902331,0.9316033855643253,0.33809616377248186,-0.6544537372115486,-0.6154915796172453,-0.36871528743554577,-0.5952272282818631,-0.43842229861417986
0.33684855220010396,0.590048337687597,-1.0746554011698133,-0.49381713700997326,-0.1471497200137397,-0.8916882501868245,-0.9374136927517607,-0.6605306743650394,-1.224744871391589,1.2847252343505289,0.37967212888114743,-0.05778754527941413,-0.18630898752084787,-1.5679065665042955,-0.1332820844671032,0.0027768213458842415,-1.303110086562748,-0.2775943477299748,1.5917455343596372,0.21605427699257748,-0.42623001504290225,-0.6589728319256668,0.2419883118585579,0.8640128284861845,0.15570708143992973,0.33809616377248186,-0.9810141559830952,-1.1676872598353416,-0.67914568407372,-1.1559347102263289,-0.43842229861417986
-1.4151810691502822,0.590048337687597,-0.7350183955931421,-0.49381713700997326,2.4441291486822943,-1.86842575225436,0.5653105475373214,-0.6605306743650394,0.816496580927726,1.235518718079156,0.37967212888114743,-0.9614863916702531,-0.998992108160748,-1.5679065665042955,-1.5033846310869767,-0.5515799810264926,-1.5025376741111365,-0.6780493930322938,-0.6282411217206918,-0.6039107501479276,-0.42623001504290225,-0.6589728319256668,2.5899937140505074,-0.678773515728442,-0.6201892226844659,1.754054456494842,-0.16461310905422857,-0.6154915796172453,-0.36871528743554577,-0.5952272282818631,-0.43842229861417986
0.9938596602064989,0.590048337687597,-0.21192782496045875,-0.49381713700997326,0.4698214391996017,1.0617867539482455,-0.9374136927517607,0.25462492536786163,0.816496580927726,-1.5692527093890773,0.37967212888114743,-0.05778754527941413,-1.8116752288006481,-0.6608531809232983,1.2368204621527703,-0.19992781240775603,-0.6487514906323067,1.3242258334793011,-0.6282411217206918,-0.3305890744344259,-0.42623001504290225,1.1914379855160337,-0.9320143892374165,0.9925783571707368,0.15570708143992973,0.33809616377248186,0.4885077284888646,0.7649976209279952,-0.67914568407372,1.3672489585237668,-0.43842229861417986
-0.21066070447189164,0.590048337687597,1.406925931547324,-0.49381713700997326,2.197340684996958,1.0617867539482455,-0.9374136927517607,1.1697805251007627,0.816496580927726,-0.8311549653184895,0.37967212888114743,-0.05778754527941413,-0.18630898752084787,0.2462002046576992,-0.1332820844671032,0.08075648653203306,-1.2876505836520202,-0.2775943477299748,-0.6282411217206918,0.21605427699257748,-0.42623001504290225,-0.6589728319256668,0.2419883118585579,0.7354472998016324,0.15570708143992973,0.33809616377248186,-0.0013328996684552844,0.7649976209279952,-0.67914568407372,0.8065414765793012,-0.43842229861417986
-0.7581699611438873,0.590048337687597,-0.02351605544347335,-0.49381713700997326,0.8400041347276065,-1.86842575225436,-0.9374136927517607,-0.6605306743650394,0.816496580927726,-1.6184592256604498,0.37967212888114743,-0.9614863916702531,0.6263741331190523,1.153253590238697,-0.1332820844671032,-0.7736201720878702,-1.475975437291795,-0.6780493930322938,-0.6282411217206918,-0.8772324258614294,-0.42623001504290225,-0.6589728319256668,0.2419883118585579,-0.1645114009902331,-0.6201892226844659,-1.0778621289498782,0.4885077284888646,-1.1676872598353416,-0.67914568407372,1.086895217551534,-0.43842229861417986
1.103361511540898,-2.416437126439847,-0.643291613065136,1.401512344464336,-0.8875151110697495,1.0617867539482455,-0.1860515726072197,0.25462492536786163,0.816496580927726,1.038692652993666,0.37967212888114743,-0.05778754527941413,1.0327156934390023,-0.6608531809232983,-0.1332820844671032,-0.3240153450200473,-1.5146241945686143,1.7246808787816201,-0.6282411217206918,-1.150554101574931,-0.42623001504290225,1.1914379855160337,0.2419883118585579,-0.9359045730975464,0.15570708143992973,-2.4938204216722384,-0.9810141559830952,-1.1676872598353416,-0.67914568407372,-1.1559347102263289,-0.43842229861417986
0.9938596602064989,0.590048337687597,1.1763694241120657,1.401512344464336,-0.8875151110697495,0.08504925188071054,-0.9374136927517607,0.25462492536786163,0.816496580927726,0.3990079414658234,0.37967212888114743,0.8459113011114248,1.0327156934390023,1.153253590238697,-1.5033846310869767,0.8212445878228469,-1.2251098673313487,0.523315742874663,1.5917455343596372,-0.8772324258614294,-0.42623001504290225,-0.6589728319256668,0.2419883118585579,0.2211851850634235,1.707499689688721,-1.0778621289498782,0.4885077284888646,0.488899780818947,-0.67914568407372,-0.3148734873096303,-0.43842229861417986
-0.10115885313749245,0.590048337687597,1.620128723369176,1.401512344464336,0.4698214391996017,2.038524256015781,-0.1860515726072197,-0.6605306743650394,0.816496580927726,1.4815512994360187,-1.0261667362455194,-0.05778754527941413,1.0327156934390023,-1.5679065665042955,-1.5033846310869767,-0.07839002361626517,-0.7947735226709083,0.9237707881769819,1.5917455343596372,-0.6039107501479276,-0.42623001504290225,-0.6589728319256668,2.5899937140505074,0.6068817711170802,0.15570708143992973,0.33809616377248186,-0.8177339465973219,-0.6154915796172453,-0.05828489079737142,-0.5952272282818631,2.280905882663645
-0.5391662584750891,0.590048337687597,0.40041042596974386,1.401512344464336,-1.010909342912418,-0.8916882501868245,-0.9374136927517607,-1.5756862740979405,0.816496580927726,-1.5692527093890773,-2.432005601372186,-0.05778754527941413,1.0327156934390023,-0.6608531809232983,1.2368204621527703,0.04930964607549346,-0.30442619852973346,1.3242258334793011,-0.6282411217206918,-0.05726739872092413,-0.42623001504290225,-0.6589728319256668,-0.9320143892374165,-0.1645114009902331,-0.6201892226844659,0.33809616377248186,-1.1442943653688686,-1.1676872598353416,-0.67914568407372,-1.1559347102263289,2.280905882663645
-1.5246829204846812,0.590048337687597,-1.5927877673415234,-0.49381713700997326,-0.6407266473844129,-1.86842575225436,0.5653105475373214,0.25462492536786163,-1.224744871391589,-0.7327419327757445,0.37967212888114743,-0.9614863916702531,-0.998992108160748,-0.6608531809232983,1.2368204621527703,-0.6816169158873184,-0.20393942961000283,-0.6780493930322938,-0.6282411217206918,-0.6039107501479276,-0.42623001504290225,0.26623257679518353,-0.9320143892374165,-1.0644701017820986,0.15570708143992973,-2.4938204216722384,-0.6544537372115486,-0.6154915796172453,-0.36871528743554577,-0.5952272282818631,-0.43842229861417986
-0.6486681098094882,-0.9131943943761252,-1.5853504606500637,-0.49381713700997326,1.827157989468953,-1.86842575225436,2.0680347878264036,1.1697805251007627,-1.224744871391589,-1.7660787744745672,0.37967212888114743,-0.05778754527941413,-0.18630898752084787,1.153253590238697,1.2368204621527703,-0.2687708955693696,-1.074168902548425,-0.2775943477299748,-0.6282411217206918,1.3093409798465845,2.3461510562538512,1.1914379855160337,-0.9320143892374165,-0.2930769296747854,0.15570708143992973,-1.0778621289498782,-0.3278933184400019,-0.0632958993991491,-0.36871528743554577,-0.03451974633739738,-0.43842229861417986
0.22734670086570485,-2.416437126439847,-0.025995157673959948,-0.49381713700997326,-1.010909342912418,0.08504925188071054,-0.9374136927517607,1.1697805251007627,0.816496580927726,0.546627490279941,0.37967212888114743,-0.05778754527941413,-0.998992108160748,1.153253590238697,-0.1332820844671032,-0.006572239330384161,-0.7482544730031728,-0.6780493930322938,1.5917455343596372,-0.05726739872092413,-0.42623001504290225,1.1914379855160337,0.2419883118585579,-0.2930769296747854,-0.6201892226844659,0.33809616377248186,0.3252275191030913,1.0410954610370433,0.8730062991171512,1.086895217551534,-0.43842229861417986
-0.5391662584750891,0.590048337687597,-1.06969719670884,1.401512344464336,1.2101868302556114,0.08504925188071054,-0.9374136927517607,1.1697805251007627,0.816496580927726,0.6942470390940584,-2.432005601372186,0.8459113011114248,1.0327156934390023,0.2462002046576992,-0.1332820844671032,0.6601857698089482,-1.4718997501607851,0.12286069757234404,-0.6282411217206918,-0.6039107501479276,-0.42623001504290225,0.26623257679518353,0.2419883118585579,-0.1645114009902331,-0.6201892226844659,-2.4938204216722384,-0.4911735278257753,-0.3393937395081972,-0.67914568407372,-0.5952272282818631,-0.43842229861417986
0.33684855220010396,0.590048337687597,-0.47471266139204377,1.401512344464336,-0.270543951856408,1.0617867539482455,0.5653105475373214,-0.6605306743650394,0.816496580927726,1.0878991692650386,0.37967212888114743,2.6533089938931025,-0.592650547840798,-0.6608531809232983,1.2368204621527703,2.8323550264792465,-1.400364413964781,-0.6780493930322938,-0.6282411217206918,-0.3305890744344259,-0.42623001504290225,-0.6589728319256668,-0.9320143892374165,1.2497094145398413,0.15570708143992973,-1.0778621289498782,2.284590031732371,1.0410954610370433,3.046019075584371,1.086895217551534,-0.43842229861417986
0.8843578088720997,0.590048337687597,-1.553122131653737,-2.3891466184842827,-0.6407266473844129,0.08504925188071054,-0.9374136927517607,0.25462492536786163,-1.224744871391589,-0.48670935141888183,-2.432005601372186,0.8459113011114248,-1.405333668480698,0.2462002046576992,-0.1332820844671032,0.691207652962021,-1.08470947271483,0.523315742874663,-0.6282411217206918,1.5826626555600862,2.3461510562538512,0.26623257679518353,1.4159910129545328,-0.2930769296747854,-0.6201892226844659,1.754054456494842,-0.3278933184400019,-1.1676872598353416,-0.67914568407372,-0.3148734873096303,-0.43842229861417986
-0.7581699611438873,-0.9131943943761252,1.2631380021790986,-0.49381713700997326,-0.8875151110697495,1.0617867539482455,2.0680347878264036,1.1697805251007627,-1.224744871391589,0.5958340065513134,-1.0261667362455194,-0.9614863916702531,0.6263741331190523,-1.5679065665042955,1.2368204621527703,-0.3261401315373811,1.702498361153837,-1.0785044383346125,-0.6282411217206918,0.21605427699257748,-0.42623001504290225,1.1914379855160337,-0.9320143892374165,-0.1645114009902331,-0.6201892226844659,0.33809616377248186,0.3252275191030913,0.7649976209279952,-0.67914568407372,0.8065414765793012,-0.43842229861417986
-1.4151810691502822,-0.9131943943761252,0.23431057652713824,-2.3891466184842827,0.0996387436715968,0.08504925188071054,0.5653105475373214,-1.5756862740979405,0.816496580927726,-0.33908980260476435,0.37967212888114743,-0.9614863916702531,-1.405333668480698,1.153253590238697,-0.1332820844671032,-0.9259673653807002,-1.7168626008280443,-1.0785044383346125,-0.6282411217206918,-0.3305890744344259,-0.42623001504290225,1.1914379855160337,0.2419883118585579,-1.0644701017820986,-0.6201892226844659,0.33809616377248186,-0.8177339465973219,-0.6154915796172453,-0.05828489079737142,-0.8755809692540959,-0.43842229861417986
-0.7581699611438873,-0.9131943943761252,-0.501982785927397,-2.3891466184842827,-0.1471497200137397,0.08504925188071054,-1.6887758128963017,0.25462492536786163,-1.224744871391589,0.005355811294843232,-1.0261667362455194,-0.9614863916702531,-1.405333668480698,1.153253590238697,-1.5033846310869767,-0.9185306125700322,-0.6438325578879842,1.3242258334793011,-0.6282411217206918,-1.150554101574931,-0.42623001504290225,0.26623257679518353,0.2419883118585579,-0.678773515728442,-2.171981830933257,-1.0778621289498782,-0.4911735278257753,-0.6154915796172453,-0.36871528743554577,-0.5952272282818631,2.280905882663645
-0.6486681098094882,0.590048337687597,0.4970954129587232,1.401512344464336,-0.5173324155417446,0.08504925188071054,2.0680347878264036,-1.5756862740979405,0.816496580927726,-0.7327419327757445,0.37967212888114743,-0.05778754527941413,1.0327156934390023,0.2462002046576992,-0.1332820844671032,0.3916127540179616,0.9317718705862807,-0.6780493930322938,-0.6282411217206918,1.0360193041330827,-0.42623001504290225,0.26623257679518353,0.2419883118585579,-0.678773515728442,0.15570708143992973,0.33809616377248186,-0.3278933184400019,-0.6154915796172453,-0.67914568407372,-0.5952272282818631,-0.43842229861417986
-1.0866755151470848,0.590048337687597,0.6235296267135425,-0.49381713700997326,-0.1471497200137397,0.08504925188071054,0.5653105475373214,0.25462492536786163,-1.224744871391589,0.05456232756621574,0.37967212888114743,-0.9614863916702531,0.6263741331190523,1.153253590238697,1.2368204621527703,-0.6497451181273121,-1.1469691071643977,-0.6780493930322938,-0.6282411217206918,-1.150554101574931,-0.42623001504290225,0.26623257679518353,-0.9320143892374165,-0.678773515728442,1.707499689688721,-1.0778621289498782,-0.16461310905422857,-0.6154915796172453,-0.36871528743554577,-0.03451974633739738,-0.43842229861417986
-0.8676718124782865,0.590048337687597,-0.9283883695711008,1.401512344464336,-0.023755488171071402,0.08504925188071054,-0.1860515726072197,-0.6605306743650394,-1.224744871391589,-0.683535416504372,-2.432005601372186,-0.9614863916702531,1.4390572537589523,-0.6608531809232983,1.2368204621527703,-0.7952929945646744,0.044536944446058165,-0.6780493930322938,-0.6282411217206918,-0.6039107501479276,-0.42623001504290225,0.26623257679518353,-0.9320143892374165,-1.193035630466651,0.15570708143992973,0.33809616377248186,-0.8177339465973219,-0.6154915796172453,-0.05828489079737142,-0.5952272282818631,2.280905882663645
-0.8676718124782865,-0.9131943943761252,-0.8465779959650415,-0.49381713700997326,-1.010909342912418,0.08504925188071054,-0.9374136927517607,1.1697805251007627,0.816496580927726,0.20218187638033325,1.7855109940078144,-0.05778754527941413,-1.8116752288006481,0.2462002046576992,1.2368204621527703,-0.04439343933892507,1.2292970311500144,2.125135924083939,1.5917455343596372,-0.8772324258614294,-0.42623001504290225,1.1914379855160337,-0.9320143892374165,-0.1645114009902331,1.707499689688721,1.754054456494842,-0.6544537372115486,-0.6154915796172453,-0.67914568407372,-0.5952272282818631,-0.43842229861417986
-0.7581699611438873,0.590048337687597,0.43759695942704363,1.401512344464336,0.7166099028849382,-0.8916882501868245,-0.1860515726072197,0.25462492536786163,0.816496580927726,1.3831382668932737,-1.0261667362455194,0.8459113011114248,1.0327156934390023,-1.5679065665042955,-1.5033846310869767,0.13536350002751055,-1.5775865336959425,-0.2775943477299748,-0.6282411217206918,-1.150554101574931,-0.42623001504290225,-1.5841782406465175,0.2419883118585579,0.09261965637887119,-0.6201892226844659,0.33809616377248186,-0.0013328996684552844,0.7649976209279952,-0.36871528743554577,0.8065414765793012,-0.43842229861417986
-0.32016255580629077,0.590048337687597,-1.5407266205013035,-0.49381713700997326,-0.8875151110697495,1.0617867539482455,0.5653105475373214,1.1697805251007627,0.816496580927726,1.5307578157073911,1.7855109940078144,-0.9614863916702531,0.6263741331190523,1.153253590238697,-0.1332820844671032,-0.7587466664665339,-1.2265152766868694,-1.0785044383346125,1.5917455343596372,-0.3305890744344259,-0.42623001504290225,-1.5841782406465175,2.5899937140505074,-0.678773515728442,0.15570708143992973,0.33809616377248186,-0.3278933184400019,-1.1676872598353416,-0.36871528743554577,-0.5952272282818631,-0.43842229861417986
-0.42966440714068993,-2.416437126439847,1.1912440374949855,1.401512344464336,-0.8875151110697495,0.08504925188071054,-0.1860515726072197,1.1697805251007627,-1.224744871391589,-0.1914702537906467,0.37967212888114743,-0.05778754527941413,1.0327156934390023,-0.6608531809232983,1.2368204621527703,-0.2881064528771068,-0.508210555080236,2.125135924083939,-0.6282411217206918,-0.05726739872092413,-0.42623001504290225,1.1914379855160337,-0.9320143892374165,0.2211851850634235,-0.6201892226844659,-1.0778621289498782,0.651787937874638,0.7649976209279952,-0.36871528743554577,0.8065414765793012,-0.43842229861417986
1.3223652142096962,0.590048337687597,1.2656171044095852,1.401512344464336,0.2230329755142651,1.0617867539482455,-0.1860515726072197,1.1697805251007627,-1.224744871391589,0.6942470390940584,0.37967212888114743,-0.05778754527941413,1.0327156934390023,1.153253590238697,1.2368204621527703,-0.42409278998646716,-0.8604061395737252,0.12286069757234404,-0.6282411217206918,-0.8772324258614294,-0.42623001504290225,0.26623257679518353,-0.9320143892374165,-0.4216424583593375,-1.3960855268088614,1.754054456494842,-0.3278933184400019,-0.8915894197262935,-0.67914568407372,-0.03451974633739738,-0.43842229861417986
-0.42966440714068993,0.590048337687597,-1.466353553586704,1.401512344464336,0.8400041347276065,0.08504925188071054,-0.9374136927517607,-1.5756862740979405,-1.224744871391589,0.3990079414658234,0.37967212888114743,0.8459113011114248,1.0327156934390023,-1.5679065665042955,1.2368204621527703,0.43793310009583736,-0.5932378210892388,-0.2775943477299748,1.5917455343596372,1.3093409798465845,2.3461510562538512,0.26623257679518353,-0.9320143892374165,-0.035945872305680915,-0.6201892226844659,-1.0778621289498782,-1.1442943653688686,-1.1676872598353416,-0.67914568407372,-1.1559347102263289,2.280905882663645
0.11784484953130574,-0.9131943943761252,-0.5168573993103168,-0.49381713700997326,-0.8875151110697495,-0.8916882501868245,0.5653105475373214,0.25462492536786163,-1.224744871391589,0.44821445773719587,-1.0261667362455194,-0.9614863916702531,-0.998992108160748,-0.6608531809232983,-0.1332820844671032,-0.8573367608708201,0.23187801153696846,0.523315742874663,-0.6282411217206918,-0.3305890744344259,-0.42623001504290225,-0.6589728319256668,0.2419883118585579,-0.2930769296747854,0.9316033855643253,-1.0778621289498782,-0.16461310905422857,-0.8915894197262935,-0.67914568407372,0.24583399463483543,-0.43842229861417986
-0.6486681098094882,0.590048337687597,0.6855071824757089,1.401512344464336,0.8400041347276065,1.0617867539482455,-0.1860515726072197,-1.5756862740979405,0.816496580927726,0.20218187638033325,0.37967212888114743,0.8459113011114248,1.0327156934390023,0.2462002046576992,-0.1332820844671032,0.352304203447287,0.6589819146797115,-0.2775943477299748,-0.6282411217206918,-0.6039107501479276,-0.42623001504290225,-1.5841782406465175,2.5899937140505074,-0.1645114009902331,-0.6201892226844659,0.33809616377248186,-0.9810141559830952,-1.1676872598353416,-0.67914568407372,-1.1559347102263289,2.280905882663645
-0.8676718124782865,0.590048337687597,-0.5267738082322635,-0.49381713700997326,-0.6407266473844129,0.08504925188071054,2.0680347878264036,1.1697805251007627,-1.224744871391589,1.235518718079156,-1.0261667362455194,-0.9614863916702531,0.6263741331190523,-1.5679065665042955,-1.5033846310869767,-0.9336165968431018,-0.6051838006111648,-0.6780493930322938,-0.6282411217206918,-0.6039107501479276,-0.42623001504290225,0.26623257679518353,0.2419883118585579,-1.3216011591512031,-0.6201892226844659,0.33809616377248186,-0.9810141559830952,-1.1676872598353416,-0.67914568407372,-1.1559347102263289,-0.43842229861417986
-0.7581699611438873,0.590048337687597,-1.233317943920959,-0.49381713700997326,0.8400041347276065,0.08504925188071054,-0.9374136927517607,0.25462492536786163,0.816496580927726,-0.3882963188761368,1.7855109940078144,-0.05778754527941413,-1.8116752288006481,0.2462002046576992,-0.1332820844671032,-0.2568720910723006,-0.728719282961435,0.12286069757234404,-0.6282411217206918,0.21605427699257748,-0.42623001504290225,0.26623257679518353,0.2419883118585579,-0.1645114009902331,0.15570708143992973,0.33809616377248186,-0.0013328996684552844,-1.1676872598353416,-0.36871528743554577,0.8065414765793012,-0.43842229861417986
-0.5391662584750891,-2.416437126439847,0.37314030143439075,-0.49381713700997326,-0.5173324155417446,1.0617867539482455,2.0680347878264036,-0.6605306743650394,0.816496580927726,-0.043850704976529174,0.37967212888114743,-0.9614863916702531,0.6263741331190523,-0.6608531809232983,1.2368204621527703,-0.8042170979374762,0.47234355226656144,-0.2775943477299748,-0.6282411217206918,-0.3305890744344259,-0.42623001504290225,-0.6589728319256668,-0.9320143892374165,0.09261965637887119,0.15570708143992973,0.33809616377248186,-0.0013328996684552844,0.7649976209279952,-0.67914568407372,0.8065414765793012,-0.43842229861417986
0.11784484953130574,0.590048337687597,0.07564803377599266,-0.49381713700997326,1.0867925984129432,0.08504925188071054,0.5653105475373214,-0.6605306743650394,0.816496580927726,-0.28988328633339183,-2.432005601372186,-0.05778754527941413,-1.8116752288006481,1.153253590238697,-0.1332820844671032,-0.1470206281261455,1.4371570748315272,0.12286069757234404,1.5917455343596372,0.21605427699257748,-0.42623001504290225,0.26623257679518353,0.2419883118585579,0.4783162424325279,-0.6201892226844659,0.33809616377248186,-0.9810141559830952,-1.1676872598353416,-0.36871528743554577,-1.1559347102263289,-0.43842229861417986
0.6653541062033014,-0.9131943943761252,0.011191375783339652,-0.49381713700997326,0.9633983665702748,0.08504925188071054,2.0680347878264036,0.25462492536786163,0.816496580927726,-1.372426644303587,-1.0261667362455194,-0.9614863916702531,0.6263741331190523,0.2462002046576992,-0.1332820844671032,-0.8639235990745547,0.17903461976938986,2.5255909693862577,1.5917455343596372,0.21605427699257748,-0.42623001504290225,1.1914379855160337,0.2419883118585579,-0.678773515728442,0.9316033855643253,0.33809616377248186,-0.9810141559830952,-1.1676872598353416,-0.67914568407372,-1.1559347102263289,2.280905882663645
0.5558522548689022,0.590048337687597,0.13018828284669895,-0.49381713700997326,0.3464272073569334,0.08504925188071054,0.5653105475373214,-0.6605306743650394,0.816496580927726,-0.4375028351475093,0.37967212888114743,-0.9614863916702531,-0.998992108160748,-0.6608531809232983,-1.5033846310869767,-0.7940181226542742,-0.7534544876185995,2.125135924083939,-0.6282411217206918,1.8559843312735878,2.3461510562538512,-0.6589728319256668,2.5899937140505074,-0.5502079870438897,2.4833959938131165,-1.0778621289498782,-0.3278933184400019,-0.3393937395081972,-0.67914568407372,-0.03451974633739738,-0.43842229861417986
1.979376322216091,0.590048337687597,-0.8044332580467684,-0.49381713700997326,-0.8875151110697495,0.08504925188071054,0.5653105475373214,0.25462492536786163,0.816496580927726,-0.28988328633339183,-1.0261667362455194,2.6533089938931025,0.2200325727991022,-1.5679065665042955,-0.1332820844671032,2.663434498351213,0.7718362859280243,2.125135924083939,-0.6282411217206918,-0.8772324258614294,-0.42623001504290225,-0.6589728319256668,2.5899937140505074,2.92106128743902,-0.6201892226844659,0.33809616377248186,-0.9810141559830952,-1.1676872598353416,-0.67914568407372,-1.1559347102263289,-0.43842229861417986
-0.42966440714068993,-2.416437126439847,-0.06813989559223305,-0.49381713700997326,-0.6407266473844129,0.08504925188071054,2.0680347878264036,1.1697805251007627,0.816496580927726,1.1863122018077836,0.37967212888114743,-0.05778754527941413,0.6263741331190523,-0.6608531809232983,-1.5033846310869767,-0.7326117923033285,-1.1410663878712106,0.9237707881769819,-0.6282411217206918,-0.05726739872092413,-0.42623001504290225,1.1914379855160337,1.4159910129545328,-0.035945872305680915,-0.6201892226844659,-1.0778621289498782,0.3252275191030913,1.0410954610370433,-0.36871528743554577,0.8065414765793012,-0.43842229861417986
0.44635040353450317,0.590048337687597,-0.6308961019127028,-0.49381713700997326,-0.023755488171071402,1.0617867539482455,-0.9374136927517607,0.25462492536786163,0.816496580927726,1.3831382668932737,0.37967212888114743,-0.9614863916702531,-0.998992108160748,-1.5679065665042955,-1.5033846310869767,-0.8953704395310943,0.8723230548477549,-0.6780493930322938,-0.6282411217206918,1.3093409798465845,2.3461510562538512,-0.6589728319256668,1.4159910129545328,-0.8073390444129942,-0.6201892226844659,0.33809616377248186,-0.3278933184400019,-0.3393937395081972,-0.67914568407372,-0.03451974633739738,-0.43842229861417986
-0.32016255580629077,-2.416437126439847,1.4193214426997576,1.401512344464336,0.0996387436715968,0.08504925188071054,-0.9374136927517607,1.1697805251007627,0.816496580927726,1.038692652993666,0.37967212888114743,-0.05778754527941413,1.0327156934390023,0.2462002046576992,-1.5033846310869767,-0.5316069877635553,-0.28109640322808976,-0.6780493930322938,1.5917455343596372,-0.3305890744344259,-0.42623001504290225,0.26623257679518353,0.2419883118585579,0.4783162424325279,0.15570708143992973,0.33809616377248186,1.304908775417731,2.697682501691332,-0.67914568407372,0.8065414765793012,-0.43842229861417986
1.7603726195472926,-2.416437126439847,-0.35075754986771124,-0.49381713700997326,-1.010909342912418,1.0617867539482455,0.5653105475373214,-1.5756862740979405,-1.224744871391589,-0.28988328633339183,-1.0261667362455194,1.7496101475022634,-0.18630898752084787,0.2462002046576992,-0.1332820844671032,1.3730516463744231,1.1236102476148573,0.523315742874663,1.5917455343596372,1.3093409798465845,2.3461510562538512,1.1914379855160337,2.5899937140505074,2.0211025866471544,-0.6201892226844659,-1.0778621289498782,-0.6544537372115486,-0.6154915796172453,-0.67914568407372,-0.5952272282818631,-0.43842229861417986
0.6653541062033014,0.590048337687597,-1.3845431799806447,-2.3891466184842827,-0.8875151110697495,0.08504925188071054,-0.9374136927517607,-0.6605306743650394,0.816496580927726,1.5307578157073911,0.37967212888114743,-0.9614863916702531,-1.405333668480698,1.153253590238697,1.2368204621527703,-0.6297721248643748,-1.304234414047165,-1.0785044383346125,-0.6282411217206918,-0.6039107501479276,-0.42623001504290225,-0.6589728319256668,-0.9320143892374165,-0.1645114009902331,1.707499689688721,0.33809616377248186,0.3252275191030913,0.7649976209279952,-0.36871528743554577,1.086895217551534,-0.43842229861417986
-0.32016255580629077,0.590048337687597,-0.7226228844407089,1.401512344464336,-0.7641208792270812,-0.8916882501868245,-0.9374136927517607,1.1697805251007627,-1.224744871391589,-1.6676657419318222,-2.432005601372186,-0.05778754527941413,1.0327156934390023,1.153253590238697,1.2368204621527703,-0.10070028204826958,1.5515573963709128,0.9237707881769819,-0.6282411217206918,-0.8772324258614294,-0.42623001504290225,-1.5841782406465175,-0.9320143892374165,-0.678773515728442,0.15570708143992973,0.33809616377248186,-0.8177339465973219,-0.6154915796172453,-0.05828489079737142,-0.5952272282818631,-0.43842229861417986
-1.7436866231534796,0.590048337687597,-1.1539866725453862,1.401512344464336,-0.270543951856408,-1.86842575225436,-0.1860515726072197,-0.6605306743650394,0.816496580927726,-1.7168722582031948,0.37967212888114743,-0.9614863916702531,1.4390572537589523,-0.6608531809232983,1.2368204621527703,-0.8125037653550778,-1.3697264900144297,-0.6780493930322938,-0.6282411217206918,-0.6039107501479276,-0.42623001504290225,-0.6589728319256668,-0.9320143892374165,-1.3216011591512031,0.15570708143992973,0.33809616377248186,-0.9810141559830952,-1.1676872598353416,-0.36871528743554577,-1.1559347102263289,2.280905882663645
0.11784484953130574,0.590048337687597,0.868960747531721,-0.49381713700997326,-0.3939381836990763,-0.8916882501868245,1.3166726676818623,1.1697805251007627,-1.224744871391589,-1.2740136117608423,-1.0261667362455194,-0.9614863916702531,-0.998992108160748,0.2462002046576992,-0.1332820844671032,-0.5951381046318346,0.28992141791997367,-0.6780493930322938,-0.6282411217206918,-1.150554101574931,-0.42623001504290225,-0.6589728319256668,0.2419883118585579,-0.8073390444129942,0.15570708143992973,0.33809616377248186,-0.3278933184400019,-0.0632958993991491,-0.67914568407372,-0.03451974633739738,-0.43842229861417986
-1.6341847718190805,0.590048337687597,1.2185141620303388,-0.49381713700997326,-0.1471497200137397,-1.86842575225436,0.5653105475373214,0.25462492536786163,-1.224744871391589,0.6450405228226859,0.37967212888114743,-0.9614863916702531,-0.998992108160748,-1.5679065665042955,-0.1332820844671032,-0.8722102664921564,0.23693748521684296,-0.6780493930322938,1.5917455343596372,0.48937595270607925,-0.42623001504290225,0.26623257679518353,-0.9320143892374165,-1.3216011591512031,2.4833959938131165,0.33809616377248186,-0.9810141559830952,-1.1676872598353416,-0.67914568407372,-1.1559347102263289,2.280905882663645
-0.6486681098094882,0.590048337687597,-1.503540087044004,1.401512344464336,2.4441291486822943,1.0617867539482455,-0.1860515726072197,-1.5756862740979405,-1.224744871391589,1.235518718079156,-1.0261667362455194,-0.05778754527941413,1.0327156934390023,1.153253590238697,-0.1332820844671032,-0.21990080567069334,-0.12804732441188463,-0.6780493930322938,-0.6282411217206918,-0.3305890744344259,-0.42623001504290225,-1.5841782406465175,1.4159910129545328,0.2211851850634235,0.15570708143992973,0.33809616377248186,0.8150681472604113,0.7649976209279952,0.8730062991171512,0.8065414765793012,-0.43842229861417986
1.5413689168784943,0.590048337687597,0.34587017689903754,-0.49381713700997326,-0.7641208792270812,0.08504925188071054,2.0680347878264036,-1.5756862740979405,-1.224744871391589,-0.6343289002329995,0.37967212888114743,0.8459113011114248,-0.592650547840798,0.2462002046576992,-0.1332820844671032,1.4051359227861628,1.218615920048057,-0.2775943477299748,-0.6282411217206918,-1.150554101574931,-0.42623001504290225,1.1914379855160337,-0.9320143892374165,0.4783162424325279,-0.6201892226844659,0.33809616377248186,-0.8177339465973219,-0.6154915796172453,-0.05828489079737142,-0.5952272282818631,-0.43842229861417986
0.008342998196906542,0.590048337687597,-0.5292529104627501,1.401512344464336,-0.023755488171071402,-0.8916882501868245,-0.1860515726072197,-0.6605306743650394,0.816496580927726,-0.978774514132607,-1.0261667362455194,-0.05778754527941413,1.0327156934390023,-0.6608531809232983,-0.1332820844671032,-0.49166100123768064,-0.7748167098225142,-0.6780493930322938,-0.6282411217206918,-0.3305890744344259,-0.42623001504290225,-1.5841782406465175,1.4159910129545328,-0.8073390444129942,-0.6201892226844659,0.33809616377248186,-0.3278933184400019,-0.6154915796172453,-0.67914568407372,-0.3148734873096303,-0.43842229861417986
0.9938596602064989,0.590048337687597,-0.16978308704218575,-0.49381713700997326,-0.8875151110697495,1.0617867539482455,0.5653105475373214,0.25462492536786163,0.816496580927726,-0.978774514132607,0.37967212888114743,2.6533089938931025,0.2200325727991022,1.153253590238697,-1.5033846310869767,2.7250533073538916,-0.013365921001394934,1.7246808787816201,1.5917455343596372,0.48937595270607925,-0.42623001504290225,0.26623257679518353,0.2419883118585579,1.6354060005934978,0.15570708143992973,0.33809616377248186,-0.8177339465973219,-0.8915894197262935,-0.05828489079737142,-0.5952272282818631,-0.43842229861417986
-0.10115885313749245,0.590048337687597,1.4391542605436507,-0.49381713700997326,0.0996387436715968,0.08504925188071054,-0.9374136927517607,1.1697805251007627,0.816496580927726,1.1863122018077836,0.37967212888114743,0.8459113011114248,-1.8116752288006481,-1.5679065665042955,-0.1332820844671032,0.38630078772462717,1.6353197939599469,1.7246808787816201,1.5917455343596372,-0.6039107501479276,-0.42623001504290225,1.1914379855160337,0.2419883118585579,0.4783162424325279,-1.3960855268088614,0.33809616377248186,0.8150681472604113,1.0410954610370433,0.8730062991171512,0.8065414765793012,-0.43842229861417986
0.7748559575377005,-0.9131943943761252,-0.9259092673406144,-0.49381713700997326,-1.010909342912418,-0.8916882501868245,0.5653105475373214,0.25462492536786163,0.816496580927726,1.629170848250136,0.37967212888114743,-0.9614863916702531,0.6263741331190523,-0.6608531809232983,-1.5033846310869767,-0.8841090709892254,-0.45269688553716814,-0.6780493930322938,1.5917455343596372,-0.8772324258614294,-0.42623001504290225,0.26623257679518353,2.5899937140505074,-0.678773515728442,-0.6201892226844659,-1.0778621289498782,-0.3278933184400019,-0.3393937395081972,-0.05828489079737142,-0.3148734873096303,2.280905882663645
0.008342998196906542,0.590048337687597,1.082163539353573,-2.3891466184842827,-0.1471497200137397,-0.8916882501868245,1.3166726676818623,0.25462492536786163,0.816496580927726,1.137105685536411,0.37967212888114743,-0.05778754527941413,-1.405333668480698,-0.6608531809232983,-1.5033846310869767,-0.516733482142219,-0.20815565767656494,-0.2775943477299748,-0.6282411217206918,-0.6039107501479276,-0.42623001504290225,0.26623257679518353,-0.9320143892374165,0.9925783571707368,0.9316033855643253,-1.0778621289498782,0.4885077284888646,-1.1676872598353416,0.562575902478977,0.8065414765793012,-0.43842229861417986
-0.21066070447189164,0.590048337687597,-1.2382761483819322,1.401512344464336,2.197340684996958,0.08504925188071054,-0.9374136927517607,0.25462492536786163,0.816496580927726,0.8910731041795484,0.37967212888114743,-0.05778754527941413,1.0327156934390023,1.153253590238697,1.2368204621527703,-0.1465956708226787,-0.11539864021219824,-0.6780493930322938,1.5917455343596372,0.762697628419581,-0.42623001504290225,1.1914379855160337,-0.9320143892374165,-0.1645114009902331,-0.6201892226844659,0.33809616377248186,0.4885077284888646,0.7649976209279952,1.4938670923934998,0.8065414765793012,2.280905882663645
-0.42966440714068993,0.590048337687597,0.15993750961253875,-0.49381713700997326,-0.1471497200137397,1.0617867539482455,-0.9374136927517607,1.1697805251007627,0.816496580927726,1.1863122018077836,1.7855109940078144,-0.9614863916702531,0.6263741331190523,-1.5679065665042955,-0.1332820844671032,-0.7139136709507915,-1.1576502182663548,1.3242258334793011,-0.6282411217206918,1.0360193041330827,-0.42623001504290225,-0.6589728319256668,0.2419883118585579,0.3497507137479757,-1.3960855268088614,0.33809616377248186,0.4885077284888646,1.0410954610370433,1.4938670923934998,0.5261877356070683,-0.43842229861417986
-0.9771736638126856,0.590048337687597,0.9383756099853472,-0.49381713700997326,-1.010909342912418,0.08504925188071054,-0.9374136927517607,0.25462492536786163,0.816496580927726,0.7926600716368034,0.37967212888114743,-0.9614863916702531,0.6263741331190523,1.153253590238697,-0.1332820844671032,-0.9474277092057712,-1.2342450281422337,-0.6780493930322938,-0.6282411217206918,-1.150554101574931,-0.42623001504290225,0.26623257679518353,0.2419883118585579,-0.8073390444129942,2.4833959938131165,1.754054456494842,-0.3278933184400019,-0.3393937395081972,-0.67914568407372,-0.3148734873096303,-0.43842229861417986
0.22734670086570485,0.590048337687597,1.116870970580386,-0.49381713700997326,0.0996387436715968,-1.86842575225436,0.5653105475373214,0.25462492536786163,0.816496580927726,-0.043850704976529174,0.37967212888114743,0.8459113011114248,0.2200325727991022,0.2462002046576992,1.2368204621527703,1.4790784935893775,-0.8993359787216488,1.7246808787816201,-0.6282411217206918,1.5826626555600862,2.3461510562538512,0.26623257679518353,-0.9320143892374165,-0.2930769296747854,0.15570708143992973,0.33809616377248186,-0.4911735278257753,-0.3393937395081972,-0.05828489079737142,-0.5952272282818631,-0.43842229861417986
0.9938596602064989,-2.416437126439847,0.11531366946377906,1.401512344464336,2.073946453154289,-0.8916882501868245,-0.9374136927517607,-0.6605306743650394,0.816496580927726,1.5799643319787635,-1.0261667362455194,-0.05778754527941413,1.0327156934390023,-0.6608531809232983,1.2368204621527703,0.3161828326526132,1.5252762414226757,2.125135924083939,-0.6282411217206918,-0.05726739872092413,-0.42623001504290225,0.26623257679518353,-0.9320143892374165,-0.678773515728442,0.15570708143992973,0.33809616377248186,-0.8177339465973219,-0.6154915796172453,-0.05828489079737142,-0.5952272282818631,-0.43842229861417986
0.33684855220010396,0.590048337687597,-0.46231715023961056,-0.49381713700997326,-0.8875151110697495,-0.8916882501868245,-0.9374136927517607,0.25462492536786163,-1.224744871391589,1.629170848250136,0.37967212888114743,-0.9614863916702531,-0.998992108160748,-1.5679065665042955,-0.1332820844671032,-0.6641936664451816,1.5869737121300345,0.523315742874663,-0.6282411217206918,0.48937595270607925,-0.42623001504290225,1.1914379855160337,0.2419883118585579,-0.5502079870438897,1.707499689688721,-1.0778621289498782,-0.4911735278257753,-0.3393937395081972,-0.67914568407372,-0.5952272282818631,-0.43842229861417986
0.5558522548689022,0.590048337687597,0.8069831917695547,-0.49381713700997326,0.4698214391996017,0.08504925188071054,0.5653105475373214,-0.6605306743650394,0.816496580927726,1.432344783164646,1.7855109940078144,-0.05778754527941413,-1.8116752288006481,-1.5679065665042955,-0.1332820844671032,-0.20502730004935701,-1.2110557737761418,0.9237707881769819,-0.6282411217206918,0.762697628419581,-0.42623001504290225,0.26623257679518353,1.4159910129545328,-0.1645114009902331,-0.6201892226844659,-1.0778621289498782,-1.1442943653688686,-1.1676872598353416,-0.67914568407372,-1.1559347102263289,-0.43842229861417986
-0.21066070447189164,-2.416437126439847,0.9358965077548606,-0.49381713700997326,-0.8875151110697495,-0.8916882501868245,0.5653105475373214,-0.6605306743650394,0.816496580927726,1.1863122018077836,0.37967212888114743,-0.05778754527941413,-0.18630898752084787,1.153253590238697,-1.5033846310869767,-0.1574320820610809,1.4235246040829763,-0.2775943477299748,-0.6282411217206918,-0.3305890744344259,-0.42623001504290225,0.26623257679518353,0.2419883118585579,0.4783162424325279,2.4833959938131165,0.33809616377248186,-0.0013328996684552844,0.7649976209279952,-0.36871528743554577,0.8065414765793012,-0.43842229861417986
0.11784484953130574,-2.416437126439847,1.322636455710778,-2.3891466184842827,-0.8875151110697495,0.08504925188071054,-1.6887758128963017,-1.5756862740979405,0.816496580927726,1.6783773645215088,0.37967212888114743,-0.9614863916702531,-1.405333668480698,-0.6608531809232983,-1.5033846310869767,-0.8309894080558815,-1.0096606131300243,0.9237707881769819,-0.6282411217206918,-0.6039107501479276,-0.42623001504290225,1.1914379855160337,2.5899937140505074,0.2211851850634235,0.15570708143992973,0.33809616377248186,0.651787937874638,1.5932911412551396,0.25214550584080275,1.086895217551534,-0.43842229861417986
-0.32016255580629077,-0.9131943943761252,-1.409334202285511,-0.49381713700997326,-0.023755488171071402,1.0617867539482455,-0.9374136927517607,1.1697805251007627,0.816496580927726,1.333931750621901,0.37967212888114743,-0.05778754527941413,-0.998992108160748,-1.5679065665042955,-0.1332820844671032,-0.24582320118216514,-1.1390988147734815,0.523315742874663,-0.6282411217206918,0.48937595270607925,-0.42623001504290225,0.26623257679518353,0.2419883118585579,-0.035945872305680915,0.15570708143992973,-1.0778621289498782,-0.0013328996684552844,-0.8915894197262935,-0.67914568407372,0.8065414765793012,2.280905882663645
0.008342998196906542,0.590048337687597,-1.0721762989393266,-0.49381713700997326,0.0996387436715968,1.0617867539482455,0.5653105475373214,1.1697805251007627,0.816496580927726,-0.3882963188761368,0.37967212888114743,-0.05778754527941413,-0.18630898752084787,-1.5679065665042955,1.2368204621527703,-0.48656151359607963,-1.3099965924047996,-0.6780493930322938,-0.6282411217206918,-0.05726739872092413,-0.42623001504290225,-0.6589728319256668,-0.9320143892374165,-0.1645114009902331,0.9316033855643253,-2.4938204216722384,0.4885077284888646,-0.3393937395081972,-0.67914568407372,1.086895217551534,2.280905882663645
0.22734670086570485,-0.9131943943761252,-0.09045181566661294,1.401512344464336,1.3335810620982798,0.08504925188071054,-0.9374136927517607,0.25462492536786163,0.816496580927726,0.8418665879081759,0.37967212888114743,-0.05778754527941413,1.0327156934390023,1.153253590238697,-1.5033846310869767,-0.50483467764515,0.6851225286923966,-0.2775943477299748,-0.6282411217206918,0.762697628419581,-0.42623001504290225,1.1914379855160337,0.2419883118585579,-0.5502079870438897,2.4833959938131165,0.33809616377248186,-0.8177339465973219,-0.8915894197262935,-0.05828489079737142,-0.5952272282818631,-0.43842229861417986
0.6653541062033014,-2.416437126439847,-1.1391120591624662,-0.49381713700997326,-0.023755488171071402,0.08504925188071054,-0.9374136927517607,-1.5756862740979405,0.816496580927726,-0.683535416504372,0.37967212888114743,-0.9614863916702531,0.6263741331190523,0.2462002046576992,1.2368204621527703,-0.8637111204228214,1.4988545455388862,0.523315742874663,-0.6282411217206918,-0.6039107501479276,-0.42623001504290225,0.26623257679518353,-0.9320143892374165,-0.5502079870438897,-0.6201892226844659,-1.0778621289498782,-0.6544537372115486,-0.6154915796172453,-0.36871528743554577,-0.5952272282818631,-0.43842229861417986
0.44635040353450317,0.590048337687597,-0.8812854271918545,-0.49381713700997326,-0.5173324155417446,0.08504925188071054,-0.9374136927517607,-0.6605306743650394,0.816496580927726,0.9402796204509211,1.7855109940078144,-0.05778754527941413,-1.8116752288006481,-0.6608531809232983,1.2368204621527703,0.07799426405949915,0.17102378644292177,0.12286069757234404,-0.6282411217206918,-0.8772324258614294,-0.42623001504290225,-1.5841782406465175,-0.9320143892374165,-0.035945872305680915,0.15570708143992973,-2.4938204216722384,-0.6544537372115486,-0.6154915796172453,-0.36871528743554577,-0.5952272282818631,-0.43842229861417986
0.44635040353450317,0.590048337687597,-0.016078748752013348,1.401512344464336,-0.6407266473844129,-1.86842575225436,-0.1860515726072197,0.25462492536786163,-1.224744871391589,0.7434535553654309,0.37967212888114743,0.8459113011114248,1.0327156934390023,0.2462002046576992,-1.5033846310869767,0.8380304013097836,1.706855130155951,-1.0785044383346125,1.5917455343596372,-0.6039107501479276,-0.42623001504290225,1.1914379855160337,0.2419883118585579,1.5068404719089457,0.15570708143992973,1.754054456494842,2.447870241118145,2.697682501691332,3.356449472222545,0.24583399463483543,-0.43842229861417986
-0.7581699611438873,0.590048337687597,0.7177355114720353,-0.49381713700997326,0.0996387436715968,0.08504925188071054,0.5653105475373214,-1.5756862740979405,-1.224744871391589,-0.09305722124790168,0.37967212888114743,0.8459113011114248,-0.18630898752084787,0.2462002046576992,1.2368204621527703,0.6722970529577506,-1.626635320203615,2.5255909693862577,-0.6282411217206918,-0.3305890744344259,-0.42623001504290225,-0.6589728319256668,-0.9320143892374165,-0.2930769296747854,0.15570708143992973,0.33809616377248186,-0.0013328996684552844,0.7649976209279952,-0.67914568407372,-0.5952272282818631,-0.43842229861417986
-1.196177366481484,0.590048337687597,0.2913299278283312,-2.3891466184842827,1.3335810620982798,-0.8916882501868245,0.5653105475373214,1.1697805251007627,-1.224744871391589,0.15297536010896076,0.37967212888114743,-0.9614863916702531,-1.405333668480698,-0.6608531809232983,-0.1332820844671032,-0.9253299294255002,-1.0433904376625214,-1.0785044383346125,1.5917455343596372,-1.150554101574931,-0.42623001504290225,0.26623257679518353,-0.9320143892374165,-0.678773515728442,0.15570708143992973,0.33809616377248186,-0.3278933184400019,-0.8915894197262935,-0.36871528743554577,-0.03451974633739738,2.280905882663645
0.9938596602064989,0.590048337687597,-1.3423984420623716,-0.49381713700997326,1.456975293940948,-0.8916882501868245,0.5653105475373214,1.1697805251007627,-1.224744871391589,0.005355811294843232,0.37967212888114743,-0.05778754527941413,-1.8116752288006481,-0.6608531809232983,-0.1332820844671032,0.5148503720233193,-0.48783211942518573,0.523315742874663,-0.6282411217206918,1.8559843312735878,2.3461510562538512,1.1914379855160337,0.2419883118585579,0.2211851850634235,-0.6201892226844659,1.754054456494842,0.3252275191030913,0.7649976209279952,0.25214550584080275,0.8065414765793012,2.280905882663645
0.33684855220010396,0.590048337687597,0.9706039389816736,-0.49381713700997326,-1.010909342912418,0.08504925188071054,-0.9374136927517607,0.25462492536786163,-1.224744871391589,-0.683535416504372,0.37967212888114743,-0.05778754527941413,-1.8116752288006481,1.153253590238697,-1.5033846310869767,0.0021393853906840417,-0.7382760665789758,0.523315742874663,-0.6282411217206918,0.48937595270607925,-0.42623001504290225,1.1914379855160337,0.2419883118585579,0.09261965637887119,0.15570708143992973,0.33809616377248186,-0.3278933184400019,-0.3393937395081972,-0.67914568407372,-0.3148734873096303,-0.43842229861417986
-0.32016255580629077,0.590048337687597,0.01862868247479965,1.401512344464336,-0.1471497200137397,-0.8916882501868245,2.0680347878264036,-0.6605306743650394,0.816496580927726,1.2847252343505289,1.7855109940078144,-0.05778754527941413,1.0327156934390023,0.2462002046576992,-0.1332820844671032,0.06290827978642946,1.0983128792154846,-0.6780493930322938,-0.6282411217206918,1.5826626555600862,2.3461510562538512,0.26623257679518353,1.4159910129545328,-0.1645114009902331,1.707499689688721,0.33809616377248186,0.4885077284888646,1.0410954610370433,0.562575902478977,1.086895217551534,-0.43842229861417986
2.3078818762192883,-2.416437126439847,-1.1217583435490597,1.401512344464336,-0.8875151110697495,0.08504925188071054,0.5653105475373214,-0.6605306743650394,0.816496580927726,-0.683535416504372,0.37967212888114743,1.7496101475022634,-0.592650547840798,-0.6608531809232983,-1.5033846310869767,2.0797556420396304,1.1614157592783645,0.523315742874663,-0.6282411217206918,1.8559843312735878,2.3461510562538512,1.1914379855160337,0.2419883118585579,3.3067578734926766,-2.171981830933257,-1.0778621289498782,1.4681889848035046,1.317193301146092,3.6668798688607196,2.7690176633849317,-0.43842229861417986
-0.21066070447189164,0.590048337687597,-1.5308102115793571,-0.49381713700997326,1.7037637576262843,1.0617867539482455,0.5653105475373214,-0.6605306743650394,0.816496580927726,1.235518718079156,-2.432005601372186,-0.9614863916702531,-0.998992108160748,0.2462002046576992,-0.1332820844671032,-0.8069793204100101,-0.6488920315678588,-1.0785044383346125,-0.6282411217206918,0.21605427699257748,-0.42623001504290225,-0.6589728319256668,0.2419883118585579,-0.678773515728442,-0.6201892226844659,1.754054456494842,-0.3278933184400019,-0.0632958993991491,-0.67914568407372,-0.3148734873096303,-0.43842229861417986
1.103361511540898,0.590048337687597,0.49213720849774995,-0.49381713700997326,-0.6407266473844129,0.08504925188071054,-0.9374136927517607,0.25462492536786163,-1.224744871391589,1.2847252343505289,-1.0261667362455194,0.8459113011114248,-0.18630898752084787,-0.6608531809232983,-1.5033846310869767,0.8138078350121788,0.6967874263432186,2.125135924083939,1.5917455343596372,-0.8772324258614294,-0.42623001504290225,0.26623257679518353,0.2419883118585579,2.1496681153317065,0.9316033855643253,0.33809616377248186,2.447870241118145,1.8693889813641877,3.6668798688607196,1.6476026994959998,-0.43842229861417986
0.33684855220010396,0.590048337687597,-0.13011745135439937,-0.49381713700997326,0.3464272073569334,0.08504925188071054,-0.9374136927517607,-0.6605306743650394,-1.224744871391589,-0.9295679978612343,0.37967212888114743,-0.05778754527941413,-1.8116752288006481,-1.5679065665042955,-1.5033846310869767,-0.43662903043873635,-0.5010429673670804,-0.2775943477299748,-0.6282411217206918,-0.8772324258614294,-0.42623001504290225,-0.6589728319256668,0.2419883118585579,0.4783162424325279,0.15570708143992973,0.33809616377248186,-0.0013328996684552844,-0.0632958993991491,1.4938670923934998,0.8065414765793012,-0.43842229861417986
1.869874470881692,0.590048337687597,-0.9209510628796408,-0.49381713700997326,-0.270543951856408,1.0617867539482455,0.5653105475373214,1.1697805251007627,-1.224744871391589,0.10376884383758825,0.37967212888114743,-0.05778754527941413,0.6263741331190523,1.153253590238697,-0.1332820844671032,0.07459460563176516,0.19435358174456557,0.523315742874663,-0.6282411217206918,-0.05726739872092413,-0.42623001504290225,-0.6589728319256668,0.2419883118585579,0.3497507137479757,-0.6201892226844659,-1.0778621289498782,-0.0013328996684552844,-0.8915894197262935,-0.36871528743554577,0.8065414765793012,-0.43842229861417986
-0.6486681098094882,-0.9131943943761252,0.7995458850780948,1.401512344464336,-0.270543951856408,1.0617867539482455,-0.1860515726072197,-1.5756862740979405,-1.224744871391589,0.10376884383758825,0.37967212888114743,0.8459113011114248,1.0327156934390023,-1.5679065665042955,-0.1332820844671032,0.6659226934057493,-0.8483196191162472,-0.2775943477299748,-0.6282411217206918,-0.3305890744344259,-0.42623001504290225,1.1914379855160337,1.4159910129545328,-0.2930769296747854,0.15570708143992973,0.33809616377248186,-0.6544537372115486,-0.6154915796172453,-0.05828489079737142,-0.5952272282818631,-0.43842229861417986
-0.9771736638126856,0.590048337687597,1.0276232902828666,-0.49381713700997326,-1.010909342912418,0.08504925188071054,0.5653105475373214,0.25462492536786163,-1.224744871391589,0.05456232756621574,0.37967212888114743,-0.9614863916702531,0.6263741331190523,-1.5679065665042955,-0.1332820844671032,-0.6187232349742393,-0.22403678339394892,-0.6780493930322938,-0.6282411217206918,2.6759493584140928,2.3461510562538512,0.26623257679518353,0.2419883118585579,-1.0644701017820986,0.15570708143992973,0.33809616377248186,-0.6544537372115486,-0.6154915796172453,-0.36871528743554577,-0.5952272282818631,-0.43842229861417986
0.11784484953130574,0.590048337687597,-0.19705321157753886,1.401512344464336,-0.8875151110697495,1.0617867539482455,-0.1860515726072197,-0.6605306743650394,-1.224744871391589,0.546627490279941,-2.432005601372186,-0.05778754527941413,1.4390572537589523,1.153253590238697,-0.1332820844671032,-0.23328696072989594,-1.4151212121977486,-0.2775943477299748,1.5917455343596372,1.3093409798465845,2.3461510562538512,-1.5841782406465175,1.4159910129545328,1.121143885855289,0.9316033855643253,-1.0778621289498782,-0.4911735278257753,-0.6154915796172453,-0.67914568407372,-0.3148734873096303,-0.43842229861417986
-1.196177366481484,0.590048337687597,-0.5713976483810231,1.401512344464336,0.0996387436715968,0.08504925188071054,0.5653105475373214,0.25462492536786163,0.816496580927726,-0.978774514132607,0.37967212888114743,-0.05778754527941413,1.0327156934390023,1.153253590238697,1.2368204621527703,-0.3864840686296598,-0.7291409057680912,-0.6780493930322938,-0.6282411217206918,-0.6039107501479276,-0.42623001504290225,-1.5841782406465175,-0.9320143892374165,-0.8073390444129942,0.9316033855643253,0.33809616377248186,-0.3278933184400019,-0.3393937395081972,-0.36871528743554577,-0.5952272282818631,-0.43842229861417986
2.3078818762192883,-0.9131943943761252,1.02514418805238,-0.49381713700997326,0.7166099028849382,1.0617867539482455,-0.9374136927517607,-1.5756862740979405,0.816496580927726,1.038692652993666,0.37967212888114743,1.7496101475022634,0.2200325727991022,0.2462002046576992,-0.1332820844671032,1.9726664015660091,1.027480247697241,-0.2775943477299748,1.5917455343596372,-0.3305890744344259,-0.42623001504290225,-0.6589728319256668,-0.9320143892374165,1.5068404719089457,0.15570708143992973,0.33809616377248186,-0.8177339465973219,-0.6154915796172453,-0.05828489079737142,-0.5952272282818631,-0.43842229861417986
-2.072192177156677,-2.416437126439847,1.55815116760701,-0.49381713700997326,0.59321567104227,0.08504925188071054,0.5653105475373214,-0.6605306743650394,-1.224744871391589,-1.6184592256604498,0.37967212888114743,-0.9614863916702531,0.6263741331190523,0.2462002046576992,1.2368204621527703,-1.0600413946244602,-0.8847197214242335,-0.6780493930322938,-0.6282411217206918,0.21605427699257748,-0.42623001504290225,0.26623257679518353,-0.9320143892374165,-1.4501666878357553,0.9316033855643253,-2.4938204216722384,-1.1442943653688686,-1.1676872598353416,-0.67914568407372,-1.1559347102263289,-0.43842229861417986
-0.6486681098094882,0.590048337687597,-1.09944642347468,-2.3891466184842827,1.0867925984129432,2.038524256015781,-1.6887758128963017,1.1697805251007627,0.816496580927726,1.137105685536411,1.7855109940078144,-0.9614863916702531,-1.405333668480698,-1.5679065665042955,-0.1332820844671032,-0.7536471788249328,1.0093504670110238,-1.0785044383346125,-0.6282411217206918,0.48937595270607925,-0.42623001504290225,0.26623257679518353,-0.9320143892374165,-1.193035630466651,0.9316033855643253,0.33809616377248186,-0.9810141559830952,-1.1676872598353416,-0.67914568407372,-1.1559347102263289,2.280905882663645
-0.8676718124782865,0.590048337687597,-1.1217583435490597,-2.3891466184842827,0.4698214391996017,0.08504925188071054,-1.6887758128963017,-1.5756862740979405,0.816496580927726,-0.48670935141888183,-1.0261667362455194,-0.9614863916702531,-1.405333668480698,-1.5679065665042955,-1.5033846310869767,-0.885596421551359,-1.5678892091428491,0.523315742874663,1.5917455343596372,-0.05726739872092413,-0.42623001504290225,1.1914379855160337,2.5899937140505074,-0.9359045730975464,0.15570708143992973,0.33809616377248186,-0.8177339465973219,-0.6154915796172453,-0.05828489079737142,-1.1559347102263289,2.280905882663645
0.8843578088720997,-2.416437126439847,-0.5292529104627501,1.401512344464336,-0.8875151110697495,1.0617867539482455,-0.9374136927517607,0.25462492536786163,-1.224744871391589,0.05456232756621574,0.37967212888114743,-0.05778754527941413,1.0327156934390023,0.2462002046576992,-0.1332820844671032,-0.2866191023149732,0.7521605549507344,0.523315742874663,-0.6282411217206918,1.8559843312735878,2.3461510562538512,-0.6589728319256668,1.4159910129545328,-0.1645114009902331,0.15570708143992973,1.754054456494842,0.16194730971731802,0.7649976209279952,0.8730062991171512,0.8065414765793012,-0.43842229861417986
-0.10115885313749245,0.590048337687597,-0.9234301651101277,-0.49381713700997326,-0.8875151110697495,1.0617867539482455,1.3166726676818623,1.1697805251007627,-1.224744871391589,0.3498014251944509,0.37967212888114743,-0.05778754527941413,0.6263741331190523,-0.6608531809232983,-0.1332820844671032,0.09754230001896977,0.7392307888799439,0.523315742874663,1.5917455343596372,1.8559843312735878,2.3461510562538512,1.1914379855160337,0.2419883118585579,0.4783162424325279,-0.6201892226844659,0.33809616377248186,-0.9810141559830952,-1.1676872598353416,-0.67914568407372,-1.1559347102263289,-0.43842229861417986
0.6653541062033014,-0.9131943943761252,1.53583924753263,1.401512344464336,-0.8875151110697495,1.0617867539482455,-0.9374136927517607,-1.5756862740979405,0.816496580927726,1.2847252343505289,0.37967212888114743,-0.05778754527941413,1.0327156934390023,1.153253590238697,-0.1332820844671032,-0.1759177247618845,0.6932739029544167,-0.6780493930322938,-0.6282411217206918,1.3093409798465845,2.3461510562538512,0.26623257679518353,0.2419883118585579,-0.5502079870438897,1.707499689688721,0.33809616377248186,-0.0013328996684552844,0.7649976209279952,1.4938670923934998,0.8065414765793012,-0.43842229861417986
-1.0866755151470848,-0.9131943943761252,1.2259514687217987,-0.49381713700997326,-0.5173324155417446,-0.8916882501868245,-0.9374136927517607,1.1697805251007627,-1.224744871391589,-0.6343289002329995,0.37967212888114743,-0.9614863916702531,-0.998992108160748,1.153253590238697,1.2368204621527703,-0.8762473608750905,0.7747876455746178,-1.0785044383346125,1.5917455343596372,-0.3305890744344259,-0.42623001504290225,0.26623257679518353,-0.9320143892374165,-0.678773515728442,0.15570708143992973,-1.0778621289498782,-0.3278933184400019,-0.0632958993991491,-0.67914568407372,-0.5952272282818631,-0.43842229861417986
-0.8676718124782865,-0.9131943943761252,-0.5664394439200499,-0.49381713700997326,1.3335810620982798,-1.86842575225436,0.5653105475373214,1.1697805251007627,0.816496580927726,-1.2740136117608423,0.37967212888114743,-0.9614863916702531,-0.998992108160748,1.153253590238697,-0.1332820844671032,-0.5717654529411633,-1.0273687710095851,-0.6780493930322938,-0.6282411217206918,-0.6039107501479276,-0.42623001504290225,-0.6589728319256668,-0.9320143892374165,-0.035945872305680915,0.15570708143992973,1.754054456494842,0.651787937874638,1.0410954610370433,0.25214550584080275,1.6476026994959998,-0.43842229861417986
-0.5391662584750891,-0.9131943943761252,1.2780126155620184,1.401512344464336,0.0996387436715968,1.0617867539482455,-0.1860515726072197,1.1697805251007627,0.816496580927726,0.6450405228226859,0.37967212888114743,-0.05778754527941413,1.0327156934390023,1.153253590238697,1.2368204621527703,-0.39413330009206127,1.653027951839508,2.125135924083939,-0.6282411217206918,-0.6039107501479276,-0.42623001504290225,0.26623257679518353,-0.9320143892374165,-0.9359045730975464,-0.6201892226844659,1.754054456494842,-1.1442943653688686,-1.1676872598353416,-0.67914568407372,-1.1559347102263289,-0.43842229861417986
0.5558522548689022,-2.416437126439847,-1.1093628323966265,-0.49381713700997326,0.0996387436715968,1.0617867539482455,2.0680347878264036,0.25462492536786163,0.816496580927726,-1.372426644303587,0.37967212888114743,-0.9614863916702531,0.6263741331190523,0.2462002046576992,-0.1332820844671032,-0.7578967518596004,-1.145704238744429,0.12286069757234404,-0.6282411217206918,1.8559843312735878,2.3461510562538512,-0.6589728319256668,1.4159910129545328,-0.1645114009902331,-1.3960855268088614,-1.0778621289498782,-0.16461310905422857,-0.3393937395081972,0.25214550584080275,-0.3148734873096303,-0.43842229861417986
1.103361511540898,0.590048337687597,-1.4762699625086508,-0.49381713700997326,-0.023755488171071402,1.0617867539482455,-0.9374136927517607,-0.6605306743650394,-1.224744871391589,-0.09305722124790168,0.37967212888114743,-0.9614863916702531,-0.998992108160748,0.2462002046576992,1.2368204621527703,-0.9344665114500355,-1.251109940408482,0.523315742874663,-0.6282411217206918,-0.8772324258614294,-0.42623001504290225,0.26623257679518353,-0.9320143892374165,-0.5502079870438897,-0.6201892226844659,0.33809616377248186,-0.8177339465973219,-0.6154915796172453,-0.05828489079737142,-1.1559347102263289,-0.43842229861417986
0.9938596602064989,0.590048337687597,-0.23919794949581197,-0.49381713700997326,-0.8875151110697495,-0.8916882501868245,-0.9374136927517607,1.1697805251007627,0.816496580927726,0.7926600716368034,0.37967212888114743,0.8459113011114248,-0.18630898752084787,1.153253590238697,-1.5033846310869767,0.44090780122010464,0.7976958180696053,0.12286069757234404,-0.6282411217206918,-0.3305890744344259,-0.42623001504290225,0.26623257679518353,0.2419883118585579,0.09261965637887119,0.9316033855643253,-1.0778621289498782,0.3252275191030913,1.0410954610370433,0.562575902478977,0.8065414765793012,-0.43842229861417986
-0.9771736638126856,-2.416437126439847,-1.2952954996831252,-2.3891466184842827,-1.010909342912418,-0.8916882501868245,-0.9374136927517607,0.25462492536786163,0.816496580927726,-1.1263940629467246,0.37967212888114743,-0.9614863916702531,-1.405333668480698,1.153253590238697,-1.5033846310869767,-0.8067668417582767,-0.5367403649973064,-0.6780493930322938,-0.6282411217206918,-0.05726739872092413,-0.42623001504290225,-0.6589728319256668,0.2419883118585579,-1.0644701017820986,-0.6201892226844659,0.33809616377248186,-0.6544537372115486,-0.6154915796172453,-0.05828489079737142,-0.5952272282818631,-0.43842229861417986
-0.8676718124782865,0.590048337687597,-0.18961590488607896,-0.49381713700997326,2.4441291486822943,-1.86842575225436,-0.9374136927517607,1.1697805251007627,0.816496580927726,1.333931750621901,-2.432005601372186,-0.05778754527941413,-1.8116752288006481,0.2462002046576992,-1.5033846310869767,-0.025270360682921267,0.9598800576966948,2.125135924083939,-0.6282411217206918,0.48937595270607925,-0.42623001504290225,1.1914379855160337,1.4159910129545328,-0.035945872305680915,0.15570708143992973,0.33809616377248186,-0.0013328996684552844,-1.1676872598353416,-0.36871528743554577,0.5261877356070683,-0.43842229861417986
0.5558522548689022,0.590048337687597,0.8416906229963679,-0.49381713700997326,-0.1471497200137397,0.08504925188071054,-0.9374136927517607,1.1697805251007627,0.816496580927726,0.7434535553654309,0.37967212888114743,-0.9614863916702531,-0.998992108160748,0.2462002046576992,1.2368204621527703,-0.5386187832707567,-0.09684723671932494,0.523315742874663,-0.6282411217206918,-0.6039107501479276,-0.42623001504290225,1.1914379855160337,-0.9320143892374165,-0.4216424583593375,0.15570708143992973,0.33809616377248186,-1.1442943653688686,-1.1676872598353416,-0.67914568407372,-1.1559347102263289,-0.43842229861417986
-0.5391662584750891,0.590048337687597,-0.963095800797914,1.401512344464336,-0.8875151110697495,1.0617867539482455,-0.1860515726072197,0.25462492536786163,0.816496580927726,0.7926600716368034,-1.0261667362455194,-0.05778754527941413,1.0327156934390023,-0.6608531809232983,1.2368204621527703,0.7232919293737607,1.6686279956857877,1.7246808787816201,1.5917455343596372,-0.8772324258614294,-0.42623001504290225,0.26623257679518353,-0.9320143892374165,-0.5502079870438897,0.15570708143992973,-1.0778621289498782,-0.8177339465973219,-0.6154915796172453,-0.05828489079737142,-0.5952272282818631,2.280905882663645
0.9938596602064989,0.590048337687597,1.280491717792505,1.401512344464336,-0.7641208792270812,0.08504925188071054,2.0680347878264036,-1.5756862740979405,-1.224744871391589,-1.0279810304039796,1.7855109940078144,1.7496101475022634,1.0327156934390023,-1.5679065665042955,-1.5033846310869767,1.4282960958251005,-0.9239306424432612,-0.2775943477299748,-0.6282411217206918,-0.8772324258614294,-0.42623001504290225,1.1914379855160337,0.2419883118585579,1.76397152927805,1.707499689688721,0.33809616377248186,1.9580296129608248,3.525976022018476,-0.05828489079737142,1.086895217551534,-0.43842229861417986
-1.0866755151470848,0.590048337687597,-0.18465770042510565,1.401512344464336,1.7037637576262843,-1.86842575225436,0.5653105475373214,-0.6605306743650394,-1.224744871391589,-1.470839676846332,-1.0261667362455194,-0.05778754527941413,1.4390572537589523,0.2462002046576992,-0.1332820844671032,-0.6295596462126414,-1.0252606569763043,-0.6780493930322938,-0.6282411217206918,1.5826626555600862,2.3461510562538512,1.1914379855160337,0.2419883118585579,-0.2930769296747854,1.707499689688721,0.33809616377248186,0.3252275191030913,1.0410954610370433,0.8730062991171512,1.086895217551534,-0.43842229861417986
-0.8676718124782865,0.590048337687597,-1.1168001390880864,-2.3891466184842827,-0.3939381836990763,-1.86842575225436,0.5653105475373214,1.1697805251007627,0.816496580927726,1.038692652993666,-1.0261667362455194,-0.9614863916702531,-1.405333668480698,-0.6608531809232983,-0.1332820844671032,-0.7859439338884059,0.15753185662992297,-0.6780493930322938,-0.6282411217206918,-1.150554101574931,-0.42623001504290225,1.1914379855160337,-0.9320143892374165,-1.3216011591512031,0.15570708143992973,0.33809616377248186,-0.9810141559830952,-1.1676872598353416,-0.67914568407372,-1.1559347102263289,-0.43842229861417986
0.6653541062033014,0.590048337687597,0.05085701147112615,-0.49381713700997326,-0.3939381836990763,0.08504925188071054,0.5653105475373214,-1.5756862740979405,-1.224744871391589,0.7434535553654309,-1.0261667362455194,2.6533089938931025,-0.592650547840798,0.2462002046576992,-0.1332820844671032,2.7386519410648282,1.1560752037273856,1.7246808787816201,-0.6282411217206918,-0.6039107501479276,-0.42623001504290225,1.1914379855160337,-0.9320143892374165,1.2497094145398413,-0.6201892226844659,0.33809616377248186,1.4681889848035046,2.1454868214732365,1.1834366957553255,2.7690176633849317,-0.43842229861417986
1.2128633628752972,0.590048337687597,1.0449770058962733,-0.49381713700997326,0.0996387436715968,0.08504925188071054,-0.9374136927517607,1.1697805251007627,0.816496580927726,1.235518718079156,-1.0261667362455194,2.6533089938931025,0.2200325727991022,-0.6608531809232983,-0.1332820844671032,2.7966586129880393,-0.10260941507695984,0.523315742874663,-0.6282411217206918,-0.8772324258614294,-0.42623001504290225,1.1914379855160337,-0.9320143892374165,2.2782336440162587,0.15570708143992973,0.33809616377248186,2.447870241118145,1.5932911412551396,3.046019075584371,1.3672489585237668,-0.43842229861417986
-0.8676718124782865,-0.9131943943761252,-0.8515362004260147,-0.49381713700997326,1.827157989468953,-0.8916882501868245,-0.9374136927517607,1.1697805251007627,0.816496580927726,0.3498014251944509,-1.0261667362455194,-0.9614863916702531,0.6263741331190523,1.153253590238697,1.2368204621527703,-0.8634986417710879,0.061823479518962866,-0.6780493930322938,1.5917455343596372,2.402627682700591,2.3461510562538512,-0.6589728319256668,-0.9320143892374165,-1.3216011591512031,0.15570708143992973,-1.0778621289498782,-0.9810141559830952,-1.1676872598353416,-0.36871528743554577,-1.1559347102263289,2.280905882663645
0.9938596602064989,0.590048337687597,1.1193500728108727,1.401512344464336,0.0996387436715968,0.08504925188071054,-0.9374136927517607,0.25462492536786163,-1.224744871391589,-0.09305722124790168,0.37967212888114743,0.8459113011114248,1.0327156934390023,-0.6608531809232983,-0.1332820844671032,0.17233478542911784,-0.04245789466067353,0.9237707881769819,-0.6282411217206918,1.5826626555600862,2.3461510562538512,0.26623257679518353,2.5899937140505074,0.3497507137479757,-0.6201892226844659,0.33809616377248186,0.16194730971731802,0.7649976209279952,-0.67914568407372,0.8065414765793012,2.280905882663645
-1.0866755151470848,-0.9131943943761252,0.8144204984610147,-0.49381713700997326,0.7166099028849382,0.08504925188071054,-0.9374136927517607,1.1697805251007627,-1.224744871391589,0.546627490279941,-1.0261667362455194,-0.9614863916702531,0.6263741331190523,-1.5679065665042955,-0.1332820844671032,-0.3673609899736559,1.339481124622838,-1.0785044383346125,-0.6282411217206918,1.0360193041330827,-0.42623001504290225,1.1914379855160337,0.2419883118585579,-0.4216424583593375,-0.6201892226844659,-1.0778621289498782,-0.0013328996684552844,0.488899780818947,1.4938670923934998,-0.3148734873096303,-0.43842229861417986
0.22734670086570485,0.590048337687597,0.08060623823696596,-0.49381713700997326,1.2101868302556114,1.0617867539482455,1.3166726676818623,1.1697805251007627,0.816496580927726,-1.2248070954894696,0.37967212888114743,-0.05778754527941413,0.6263741331190523,1.153253590238697,-1.5033846310869767,-0.5526423742851595,-1.289055993007541,2.125135924083939,-0.6282411217206918,-0.3305890744344259,-0.42623001504290225,-0.6589728319256668,2.5899937140505074,-0.5502079870438897,-0.6201892226844659,0.33809616377248186,-0.8177339465973219,-0.6154915796172453,-0.05828489079737142,-0.5952272282818631,-0.43842229861417986
1.979376322216091,0.590048337687597,0.08308534046745256,-0.49381713700997326,-0.8875151110697495,1.0617867539482455,2.0680347878264036,-0.6605306743650394,0.816496580927726,1.5799643319787635,-1.0261667362455194,-0.9614863916702531,0.6263741331190523,1.153253590238697,-0.1332820844671032,-0.8161159024345452,-0.8907629816529725,2.125135924083939,-0.6282411217206918,1.3093409798465845,2.3461510562538512,-0.6589728319256668,0.2419883118585579,0.9925783571707368,-0.6201892226844659,1.754054456494842,-0.3278933184400019,-0.6154915796172453,-0.67914568407372,-0.03451974633739738,-0.43842229861417986
-0.9771736638126856,0.590048337687597,0.9160636899109672,1.401512344464336,-0.7641208792270812,0.08504925188071054,0.5653105475373214,-0.6605306743650394,-1.224744871391589,0.5958340065513134,0.37967212888114743,-0.9614863916702531,1.4390572537589523,-0.6608531809232983,-0.1332820844671032,-0.7748950439982704,-1.4926998086224916,-0.6780493930322938,-0.6282411217206918,1.0360193041330827,-0.42623001504290225,1.1914379855160337,0.2419883118585579,-1.3216011591512031,0.15570708143992973,0.33809616377248186,-0.9810141559830952,-1.1676872598353416,-0.67914568407372,-1.1559347102263289,-0.43842229861417986
-0.7581699611438873,0.590048337687597,0.3533074835904975,1.401512344464336,-0.023755488171071402,0.08504925188071054,0.5653105475373214,-0.6605306743650394,0.816496580927726,1.137105685536411,0.37967212888114743,-0.9614863916702531,1.4390572537589523,1.153253590238697,1.2368204621527703,-1.1520446508250117,0.23974830392788438,-0.6780493930322938,-0.6282411217206918,-0.6039107501479276,-0.42623001504290225,0.26623257679518353,-0.9320143892374165,-1.3216011591512031,0.15570708143992973,-1.0778621289498782,-0.9810141559830952,-1.1676872598353416,-0.67914568407372,-1.1559347102263289,2.280905882663645
-1.6341847718190805,0.590048337687597,-1.020115152099107,-0.49381713700997326,-0.270543951856408,-1.86842575225436,-0.9374136927517607,1.1697805251007627,0.816496580927726,0.44821445773719587,0.37967212888114743,-0.9614863916702531,0.6263741331190523,-0.6608531809232983,1.2368204621527703,-0.8564868462638866,1.655417147743893,-0.6780493930322938,1.5917455343596372,2.1293060069870893,2.3461510562538512,-1.5841782406465175,-0.9320143892374165,-1.3216011591512031,-0.6201892226844659,0.33809616377248186,-0.9810141559830952,-1.1676872598353416,-0.67914568407372,-1.1559347102263289,2.280905882663645
-0.10115885313749245,0.590048337687597,1.1490992995767126,1.401512344464336,0.0996387436715968,1.0617867539482455,2.0680347878264036,-0.6605306743650394,-1.224744871391589,-0.14226373751927418,-1.0261667362455194,-0.05778754527941413,1.0327156934390023,0.2462002046576992,-0.1332820844671032,-0.1763426820653513,-1.159898873235188,-0.6780493930322938,1.5917455343596372,-0.6039107501479276,-0.42623001504290225,-1.5841782406465175,0.2419883118585579,-0.1645114009902331,0.9316033855643253,0.33809616377248186,0.4885077284888646,1.317193301146092,-0.36871528743554577,0.8065414765793012,-0.43842229861417986
-0.6486681098094882,0.590048337687597,-1.218443330538039,-0.49381713700997326,1.3335810620982798,0.08504925188071054,-0.9374136927517607,-0.6605306743650394,0.816496580927726,1.137105685536411,0.37967212888114743,-0.05778754527941413,-0.998992108160748,0.2462002046576992,-1.5033846310869767,-0.48996117202381356,0.6058574410410288,-0.6780493930322938,-0.6282411217206918,-1.150554101574931,-0.42623001504290225,-1.5841782406465175,0.2419883118585579,-0.1645114009902331,-0.6201892226844659,0.33809616377248186,0.4885077284888646,1.0410954610370433,-0.67914568407372,-0.5952272282818631,-0.43842229861417986
-0.32016255580629077,0.590048337687597,1.6796271769008555,1.401512344464336,-0.6407266473844129,0.08504925188071054,-0.9374136927517607,0.25462492536786163,0.816496580927726,-0.09305722124790168,0.37967212888114743,0.8459113011114248,1.0327156934390023,1.153253590238697,-0.1332820844671032,0.6820710709374859,1.4238056859540804,-0.2775943477299748,1.5917455343596372,-0.6039107501479276,-0.42623001504290225,1.1914379855160337,2.5899937140505074,-0.2930769296747854,0.15570708143992973,0.33809616377248186,-0.3278933184400019,-0.3393937395081972,-0.36871528743554577,-1.1559347102263289,-0.43842229861417986
-0.8676718124782865,0.590048337687597,-0.5218156037712901,-0.49381713700997326,-0.270543951856408,0.08504925188071054,-0.9374136927517607,1.1697805251007627,0.816496580927726,-0.33908980260476435,0.37967212888114743,-0.9614863916702531,-0.998992108160748,-1.5679065665042955,1.2368204621527703,-0.9436030934745706,0.7126685520606025,0.12286069757234404,-0.6282411217206918,-0.3305890744344259,-0.42623001504290225,-0.6589728319256668,-0.9320143892374165,-0.035945872305680915,-0.6201892226844659,0.33809616377248186,-0.6544537372115486,-0.6154915796172453,-0.36871528743554577,-0.5952272282818631,-0.43842229861417986
0.008342998196906542,0.590048337687597,-0.048307077748339845,-0.49381713700997326,-0.270543951856408,1.0617867539482455,0.5653105475373214,1.1697805251007627,0.816496580927726,0.5958340065513134,0.37967212888114743,-0.05778754527941413,0.6263741331190523,-1.5679065665042955,-0.1332820844671032,-0.47147552932300996,-0.10190671039919955,0.9237707881769819,1.5917455343596372,1.8559843312735878,2.3461510562538512,0.26623257679518353,0.2419883118585579,0.6068817711170802,-0.6201892226844659,0.33809616377248186,-0.3278933184400019,-0.3393937395081972,-0.67914568407372,-0.03451974633739738,-0.43842229861417986
-0.21066070447189164,0.590048337687597,-1.446520735742811,-0.49381713700997326,0.8400041347276065,-0.8916882501868245,1.3166726676818623,1.1697805251007627,-1.224744871391589,-1.0771875466753522,-1.0261667362455194,-0.05778754527941413,-0.18630898752084787,-0.6608531809232983,-0.1332820844671032,-0.3643862888493887,1.5564763291152353,-1.0785044383346125,1.5917455343596372,-1.150554101574931,-0.42623001504290225,1.1914379855160337,-0.9320143892374165,-0.9359045730975464,-0.6201892226844659,0.33809616377248186,-0.6544537372115486,-0.6154915796172453,-0.67914568407372,-0.5952272282818631,-0.43842229861417986
0.8843578088720997,0.590048337687597,-0.6110632840688096,-0.49381713700997326,1.950552221311621,-0.8916882501868245,-0.9374136927517607,-0.6605306743650394,-1.224744871391589,1.333931750621901,-1.0261667362455194,-0.05778754527941413,-0.18630898752084787,1.153253590238697,-0.1332820844671032,-0.1268351562114748,1.3456649257871292,-1.0785044383346125,-0.6282411217206918,-0.6039107501479276,-0.42623001504290225,1.1914379855160337,1.4159910129545328,-0.1645114009902331,-0.6201892226844659,-1.0778621289498782,0.3252275191030913,1.0410954610370433,0.25214550584080275,1.086895217551534,-0.43842229861417986
-0.10115885313749245,-0.9131943943761252,1.01770688136092,-2.3891466184842827,-0.8875151110697495,-1.86842575225436,-1.6887758128963017,-0.6605306743650394,0.816496580927726,1.3831382668932737,-1.0261667362455194,-0.05778754527941413,-1.405333668480698,1.153253590238697,1.2368204621527703,-0.5560420327128934,-1.418072571844342,-0.6780493930322938,-0.6282411217206918,1.5826626555600862,2.3461510562538512,1.1914379855160337,-0.9320143892374165,-0.1645114009902331,-0.6201892226844659,-1.0778621289498782,0.4885077284888646,-0.8915894197262935,-0.67914568407372,1.086895217551534,-0.43842229861417986
0.33684855220010396,0.590048337687597,0.8292951118439346,-0.49381713700997326,-1.010909342912418,1.0617867539482455,-0.9374136927517607,-1.5756862740979405,0.816496580927726,1.5799643319787635,0.37967212888114743,1.7496101475022634,-0.592650547840798,-1.5679065665042955,-1.5033846310869767,2.1927942847617863,0.6574359643886387,-0.2775943477299748,-0.6282411217206918,-1.150554101574931,-0.42623001504290225,-1.5841782406465175,0.2419883118585579,1.3782749432243937,0.15570708143992973,0.33809616377248186,1.9580296129608248,0.7649976209279952,2.735588678946197,3.329725145329397,-0.43842229861417986
-1.196177366481484,0.590048337687597,-0.7945168491248218,-0.49381713700997326,-1.010909342912418,-0.8916882501868245,-0.9374136927517607,-0.6605306743650394,-1.224744871391589,1.1863122018077836,-1.0261667362455194,-0.9614863916702531,0.6263741331190523,0.2462002046576992,-0.1332820844671032,-0.7585341878148004,0.08360732452953376,-0.6780493930322938,1.5917455343596372,-0.6039107501479276,-0.42623001504290225,0.26623257679518353,0.2419883118585579,-1.3216011591512031,0.15570708143992973,-1.0778621289498782,-0.9810141559830952,-1.1676872598353416,-0.36871528743554577,-1.1559347102263289,-0.43842229861417986
-1.0866755151470848,0.590048337687597,-0.7226228844407089,1.401512344464336,-0.8875151110697495,-0.8916882501868245,0.5653105475373214,-1.5756862740979405,-1.224744871391589,1.137105685536411,1.7855109940078144,-0.05778754527941413,1.0327156934390023,0.2462002046576992,1.2368204621527703,-0.000622837081849659,1.782606694418517,-1.0785044383346125,-0.6282411217206918,-0.3305890744344259,-0.42623001504290225,-0.6589728319256668,-0.9320143892374165,-0.2930769296747854,1.707499689688721,-1.0778621289498782,0.16194730971731802,0.7649976209279952,-0.67914568407372,0.8065414765793012,-0.43842229861417986
1.2128633628752972,-0.9131943943761252,-1.6993891632524494,-0.49381713700997326,1.5803695257836163,0.08504925188071054,0.5653105475373214,1.1697805251007627,-1.224744871391589,-0.3882963188761368,0.37967212888114743,1.7496101475022634,-0.592650547840798,1.153253590238697,-1.5033846310869767,2.267374291520201,-1.6690786827403403,0.12286069757234404,-0.6282411217206918,-1.150554101574931,-0.42623001504290225,-0.6589728319256668,0.2419883118585579,1.6354060005934978,0.15570708143992973,0.33809616377248186,2.447870241118145,3.525976022018476,0.562575902478977,0.8065414765793012,-0.43842229861417986
0.7748559575377005,0.590048337687597,-1.5679967450366568,-0.49381713700997326,-1.010909342912418,1.0617867539482455,-0.9374136927517607,-0.6605306743650394,0.816496580927726,0.5958340065513134,1.7855109940078144,-0.05778754527941413,-1.8116752288006481,-1.5679065665042955,-0.1332820844671032,-0.3123290191747117,-0.6955516221711463,-0.2775943477299748,-0.6282411217206918,-0.05726739872092413,-0.42623001504290225,1.1914379855160337,0.2419883118585579,-0.1645114009902331,1.707499689688721,0.33809616377248186,-0.8177339465973219,-1.1676872598353416,-0.05828489079737142,-0.5952272282818631,-0.43842229861417986
-0.32016255580629077,-2.416437126439847,0.40784773266120383,-0.49381713700997326,0.8400041347276065,1.0617867539482455,2.0680347878264036,1.1697805251007627,0.816496580927726,0.9402796204509211,-2.432005601372186,-0.9614863916702531,0.6263741331190523,-1.5679065665042955,-0.1332820844671032,-0.8915458237998936,0.020644985402206065,-0.6780493930322938,1.5917455343596372,2.1293060069870893,2.3461510562538512,-0.6589728319256668,0.2419883118585579,-0.8073390444129942,-0.6201892226844659,0.33809616377248186,-0.3278933184400019,-0.6154915796172453,0.25214550584080275,-1.1559347102263289,2.280905882663645
2.08887817355049,0.590048337687597,0.8912726676061008,-0.49381713700997326,1.827157989468953,-0.8916882501868245,-0.9374136927517607,-1.5756862740979405,0.816496580927726,1.5307578157073911,0.37967212888114743,-0.9614863916702531,-0.998992108160748,1.153253590238697,1.2368204621527703,-0.8320518013145484,-0.5694864029809389,-0.6780493930322938,-0.6282411217206918,0.21605427699257748,-0.42623001504290225,1.1914379855160337,-0.9320143892374165,-0.8073390444129942,0.15570708143992973,0.33809616377248186,-0.4911735278257753,-0.6154915796172453,-0.36871528743554577,-1.1559347102263289,2.280905882663645
-0.10115885313749245,0.590048337687597,-1.1589448770063595,1.401512344464336,0.9633983665702748,-0.8916882501868245,-0.1860515726072197,0.25462492536786163,0.816496580927726,-1.6184592256604498,-1.0261667362455194,-0.05778754527941413,1.0327156934390023,-0.6608531809232983,-0.1332820844671032,-0.21161413825309164,0.35260267517619714,-0.2775943477299748,-0.6282411217206918,0.21605427699257748,-0.42623001504290225,0.26623257679518353,1.4159910129545328,0.09261965637887119,-1.3960855268088614,-2.4938204216722384,-0.4911735278257753,-0.6154915796172453,-0.36871528743554577,-0.3148734873096303,-0.43842229861417986
0.44635040353450317,0.590048337687597,-1.1539866725453862,1.401512344464336,-0.1471497200137397,0.08504925188071054,-0.1860515726072197,0.25462492536786163,-1.224744871391589,-0.585122383961627,0.37967212888114743,-0.05778754527941413,1.0327156934390023,-0.6608531809232983,-0.1332820844671032,-0.44831535628407204,1.760682308472394,0.9237707881769819,-0.6282411217206918,1.5826626555600862,2.3461510562538512,0.26623257679518353,0.2419883118585579,0.3497507137479757,0.15570708143992973,0.33809616377248186,-0.3278933184400019,-0.0632958993991491,-0.36871528743554577,-0.03451974633739738,-0.43842229861417986
0.5558522548689022,0.590048337687597,1.4713825895399772,-0.49381713700997326,-0.3939381836990763,0.08504925188071054,0.5653105475373214,0.25462492536786163,0.816496580927726,0.8418665879081759,0.37967212888114743,0.8459113011114248,0.2200325727991022,-1.5679065665042955,-0.1332820844671032,1.454430969988306,0.07433162278309716,2.5255909693862577,-0.6282411217206918,-0.6039107501479276,-0.42623001504290225,-0.6589728319256668,0.2419883118585579,0.8640128284861845,0.15570708143992973,1.754054456494842,0.9783483566461848,0.7649976209279952,0.8730062991171512,0.8065414765793012,-0.43842229861417986
-0.6486681098094882,0.590048337687597,0.6855071824757089,1.401512344464336,0.0996387436715968,-0.8916882501868245,0.5653105475373214,0.25462492536786163,-1.224744871391589,0.9894861367222935,0.37967212888114743,-0.05778754527941413,1.0327156934390023,1.153253590238697,-1.5033846310869767,0.017012891012020345,0.8154039759491662,-0.2775943477299748,1.5917455343596372,-1.150554101574931,-0.42623001504290225,1.1914379855160337,0.2419883118585579,-0.4216424583593375,-0.6201892226844659,0.33809616377248186,-0.3278933184400019,-0.6154915796172453,-0.36871528743554577,-0.03451974633739738,-0.43842229861417986
-0.32016255580629077,0.590048337687597,-0.16730398481169906,1.401512344464336,-0.7641208792270812,-1.86842575225436,0.5653105475373214,1.1697805251007627,-1.224744871391589,0.44821445773719587,-1.0261667362455194,-0.05778754527941413,1.0327156934390023,1.153253590238697,-0.1332820844671032,0.3399804416467513,0.30664578925067004,0.12286069757234404,1.5917455343596372,-0.8772324258614294,-0.42623001504290225,0.26623257679518353,-0.9320143892374165,-0.2930769296747854,0.15570708143992973,-1.0778621289498782,-0.4911735278257753,-0.6154915796172453,-0.67914568407372,-0.8755809692540959,-0.43842229861417986
-0.6486681098094882,0.590048337687597,-0.821786973660175,-0.49381713700997326,-0.6407266473844129,0.08504925188071054,0.5653105475373214,-1.5756862740979405,-1.224744871391589,-0.1914702537906467,1.7855109940078144,-0.9614863916702531,-0.998992108160748,0.2462002046576992,-1.5033846310869767,-0.5364939967534229,0.24143479515450927,2.125135924083939,-0.6282411217206918,-0.8772324258614294,-0.42623001504290225,-0.6589728319256668,0.2419883118585579,-0.9359045730975464,-2.171981830933257,-1.0778621289498782,-0.8177339465973219,-0.6154915796172453,-0.05828489079737142,-0.5952272282818631,-0.43842229861417986
-1.196177366481484,-0.9131943943761252,0.7276519203939819,-0.49381713700997326,-0.3939381836990763,0.08504925188071054,1.3166726676818623,0.25462492536786163,0.816496580927726,-0.2406767700620193,1.7855109940078144,-0.9614863916702531,-0.998992108160748,1.153253590238697,-0.1332820844671032,-0.8411883833390835,-1.0134552183899304,-1.0785044383346125,-0.6282411217206918,0.762697628419581,-0.42623001504290225,-1.5841782406465175,0.2419883118585579,-0.4216424583593375,0.15570708143992973,0.33809616377248186,-0.0013328996684552844,0.7649976209279952,1.4938670923934998,0.8065414765793012,-0.43842229861417986
0.8843578088720997,-0.9131943943761252,1.2259514687217987,-0.49381713700997326,-1.010909342912418,1.0617867539482455,0.5653105475373214,-0.6605306743650394,0.816496580927726,-1.0771875466753522,0.37967212888114743,-0.05778754527941413,-1.8116752288006481,0.2462002046576992,1.2368204621527703,-0.23456183264029623,0.027812573115361665,0.523315742874663,-0.6282411217206918,-0.8772324258614294,-0.42623001504290225,0.26623257679518353,-0.9320143892374165,0.09261965637887119,0.15570708143992973,0.33809616377248186,-0.4911735278257753,-0.6154915796172453,-0.67914568407372,-0.3148734873096303,-0.43842229861417986
-0.42966440714068993,0.590048337687597,-1.4514789402037842,1.401512344464336,0.0996387436715968,1.0617867539482455,-0.1860515726072197,-0.6605306743650394,0.816496580927726,-1.1263940629467246,0.37967212888114743,-0.05778754527941413,1.0327156934390023,0.2462002046576992,1.2368204621527703,-0.21586371128775922,-0.5485458035836803,-0.6780493930322938,-0.6282411217206918,-0.3305890744344259,-0.42623001504290225,-0.6589728319256668,-0.9320143892374165,-0.1645114009902331,-0.6201892226844659,-1.0778621289498782,0.4885077284888646,-0.0632958993991491,-0.67914568407372,1.3672489585237668,-0.43842229861417986
-0.9771736638126856,-0.9131943943761252,-0.048307077748339845,1.401512344464336,-1.010909342912418,-0.8916882501868245,-0.9374136927517607,0.25462492536786163,0.816496580927726,-1.1756005792180972,-1.0261667362455194,-0.05778754527941413,1.0327156934390023,1.153253590238697,-0.1332820844671032,0.07034503259709765,0.6945387713743854,-0.6780493930322938,1.5917455343596372,-0.8772324258614294,-0.42623001504290225,0.26623257679518353,0.2419883118585579,-0.5502079870438897,-0.6201892226844659,0.33809616377248186,-0.0013328996684552844,0.7649976209279952,-0.67914568407372,0.8065414765793012,-0.43842229861417986
-0.8676718124782865,-0.9131943943761252,-0.14003386027634596,1.401512344464336,1.827157989468953,0.08504925188071054,2.0680347878264036,0.25462492536786163,0.816496580927726,-1.0279810304039796,1.7855109940078144,-0.9614863916702531,1.4390572537589523,-1.5679065665042955,1.2368204621527703,-1.1499198643076782,-0.5159403065355999,-0.6780493930322938,-0.6282411217206918,0.48937595270607925,-0.42623001504290225,1.1914379855160337,-0.9320143892374165,-1.3216011591512031,0.15570708143992973,0.33809616377248186,-0.9810141559830952,-1.1676872598353416,-0.67914568407372,-1.1559347102263289,2.280905882663645
0.22734670086570485,-2.416437126439847,1.1119127661194128,1.401512344464336,1.456975293940948,1.0617867539482455,-0.9374136927517607,-1.5756862740979405,-1.224744871391589,-1.6676657419318222,-2.432005601372186,-0.05778754527941413,1.0327156934390023,0.2462002046576992,-0.1332820844671032,-0.1629565270061486,-1.4512402326346308,1.3242258334793011,-0.6282411217206918,1.0360193041330827,-0.42623001504290225,0.26623257679518353,0.2419883118585579,-0.1645114009902331,-1.3960855268088614,0.33809616377248186,-0.6544537372115486,-0.6154915796172453,-0.36871528743554577,-0.5952272282818631,-0.43842229861417986
-1.0866755151470848,0.590048337687597,1.367260295859538,-0.49381713700997326,-0.8875151110697495,1.0617867539482455,2.0680347878264036,-0.6605306743650394,0.816496580927726,-1.2248070954894696,0.37967212888114743,-0.9614863916702531,0.6263741331190523,-0.6608531809232983,-0.1332820844671032,-0.908756594590297,-1.158071841073011,-0.6780493930322938,-0.6282411217206918,-1.150554101574931,-0.42623001504290225,0.26623257679518353,0.2419883118585579,-0.678773515728442,0.15570708143992973,-1.0778621289498782,-0.3278933184400019,-0.3393937395081972,-0.36871528743554577,-0.5952272282818631,-0.43842229861417986
-0.32016255580629077,-0.9131943943761252,-0.16730398481169906,-0.49381713700997326,1.5803695257836163,1.0617867539482455,1.3166726676818623,0.25462492536786163,0.816496580927726,0.9894861367222935,-1.0261667362455194,-0.05778754527941413,0.6263741331190523,1.153253590238697,-0.1332820844671032,-0.1606192618370815,1.7121956857069296,-0.6780493930322938,1.5917455343596372,-0.05726739872092413,-0.42623001504290225,-0.6589728319256668,-0.9320143892374165,0.6068817711170802,0.15570708143992973,0.33809616377248186,1.304908775417731,1.5932911412551396,1.1834366957553255,1.9279564404682328,-0.43842229861417986
-0.9771736638126856,0.590048337687597,1.6672316657484223,1.401512344464336,0.4698214391996017,-0.8916882501868245,-0.1860515726072197,1.1697805251007627,-1.224744871391589,0.8910731041795484,0.37967212888114743,-0.05778754527941413,1.0327156934390023,0.2462002046576992,1.2368204621527703,0.7120305608318918,1.2703349843312193,0.12286069757234404,1.5917455343596372,-1.150554101574931,-0.42623001504290225,1.1914379855160337,-0.9320143892374165,-0.678773515728442,-2.171981830933257,0.33809616377248186,-0.8177339465973219,-1.1676872598353416,-0.05828489079737142,-0.5952272282818631,2.280905882663645
1.103361511540898,-2.416437126439847,0.9086263832195074,-0.49381713700997326,0.59321567104227,1.0617867539482455,2.0680347878264036,0.25462492536786163,0.816496580927726,-0.09305722124790168,0.37967212888114743,-0.05778754527941413,0.6263741331190523,-0.6608531809232983,-0.1332820844671032,-0.22011328432242672,-1.7129274546325863,2.125135924083939,-0.6282411217206918,0.762697628419581,-0.42623001504290225,0.26623257679518353,0.2419883118585579,0.6068817711170802,0.9316033855643253,1.754054456494842,0.16194730971731802,0.7649976209279952,-0.36871528743554577,0.8065414765793012,-0.43842229861417986
2.08887817355049,0.590048337687597,1.5879003943728498,1.401512344464336,0.2230329755142651,2.038524256015781,-0.1860515726072197,1.1697805251007627,-1.224744871391589,1.137105685536411,-1.0261667362455194,-0.05778754527941413,1.0327156934390023,-1.5679065665042955,-0.1332820844671032,-0.23859892702323032,0.8453391952217573,0.523315742874663,-0.6282411217206918,0.21605427699257748,-0.42623001504290225,0.26623257679518353,0.2419883118585579,-0.678773515728442,0.15570708143992973,0.33809616377248186,-1.1442943653688686,-1.1676872598353416,-0.67914568407372,-1.1559347102263289,-0.43842229861417986
0.22734670086570485,0.590048337687597,0.15993750961253875,-0.49381713700997326,-0.023755488171071402,-0.8916882501868245,0.5653105475373214,-1.5756862740979405,0.816496580927726,1.038692652993666,0.37967212888114743,-0.05778754527941413,-0.18630898752084787,-1.5679065665042955,-0.1332820844671032,-0.2872565382701733,-0.28081532135698556,-0.6780493930322938,-0.6282411217206918,2.6759493584140928,2.3461510562538512,1.1914379855160337,0.2419883118585579,-0.1645114009902331,0.15570708143992973,0.33809616377248186,0.4885077284888646,-1.1676872598353416,1.4938670923934998,1.3672489585237668,-0.43842229861417986
0.11784484953130574,-0.9131943943761252,1.4664243850790035,-0.49381713700997326,-0.1471497200137397,0.08504925188071054,0.5653105475373214,1.1697805251007627,-1.224744871391589,-0.3882963188761368,-1.0261667362455194,-0.05778754527941413,0.6263741331190523,-0.6608531809232983,-1.5033846310869767,-0.928517109201501,0.5343221048450247,-0.6780493930322938,1.5917455343596372,0.21605427699257748,-0.42623001504290225,0.26623257679518353,0.2419883118585579,1.121143885855289,0.15570708143992973,0.33809616377248186,2.1213098223465976,1.8693889813641877,-0.67914568407372,0.8065414765793012,-0.43842229861417986
2.3078818762192883,0.590048337687597,-0.48958727477496367,1.401512344464336,1.456975293940948,0.08504925188071054,-0.9374136927517607,1.1697805251007627,-1.224744871391589,0.3005949089230784,0.37967212888114743,1.7496101475022634,-0.592650547840798,1.153253590238697,-0.1332820844671032,2.416321826385297,-0.3586749996528328,0.523315742874663,1.5917455343596372,-0.6039107501479276,-0.42623001504290225,0.26623257679518353,0.2419883118585579,2.2782336440162587,-0.6201892226844659,-1.0778621289498782,-0.9810141559830952,-1.1676872598353416,-0.67914568407372,-1.1559347102263289,-0.43842229861417986
-0.5391662584750891,-0.9131943943761252,-1.3994177933635643,-0.49381713700997326,-0.5173324155417446,-0.8916882501868245,-0.9374136927517607,-1.5756862740979405,-1.224744871391589,-0.9295679978612343,1.7855109940078144,-0.9614863916702531,0.6263741331190523,0.2462002046576992,1.2368204621527703,-0.8649859923332216,0.14122910810588277,0.12286069757234404,1.5917455343596372,-0.3305890744344259,-0.42623001504290225,-1.5841782406465175,-0.9320143892374165,-0.4216424583593375,-0.6201892226844659,0.33809616377248186,-0.4911735278257753,-0.8915894197262935,-0.67914568407372,-0.3148734873096303,2.280905882663645
0.11784484953130574,0.590048337687597,1.0003531657475135,-0.49381713700997326,-0.023755488171071402,-0.8916882501868245,-0.9374136927517607,-0.6605306743650394,0.816496580927726,0.25138839265170587,0.37967212888114743,-0.9614863916702531,0.6263741331190523,1.153253590238697,-1.5033846310869767,-0.367998425928856,-0.002825350834989635,-0.2775943477299748,-0.6282411217206918,1.0360193041330827,-0.42623001504290225,1.1914379855160337,1.4159910129545328,-0.1645114009902331,-2.171981830933257,1.754054456494842,-0.3278933184400019,-0.6154915796172453,-0.67914568407372,-0.3148734873096303,-0.43842229861417986
1.3223652142096962,-0.9131943943761252,0.648320649018409,-0.49381713700997326,-0.8875151110697495,-1.86842575225436,-0.9374136927517607,-0.6605306743650394,0.816496580927726,-1.1756005792180972,0.37967212888114743,2.6533089938931025,0.2200325727991022,1.153253590238697,-0.1332820844671032,2.689569372514418,-0.08082557006638894,0.12286069757234404,-0.6282411217206918,-0.05726739872092413,-0.42623001504290225,1.1914379855160337,-0.9320143892374165,2.1496681153317065,0.15570708143992973,0.33809616377248186,-0.3278933184400019,-0.0632958993991491,0.562575902478977,-0.3148734873096303,-0.43842229861417986
0.5558522548689022,0.590048337687597,-0.9507002896454808,1.401512344464336,0.3464272073569334,1.0617867539482455,-0.1860515726072197,-0.6605306743650394,0.816496580927726,0.546627490279941,0.37967212888114743,-0.05778754527941413,1.0327156934390023,1.153253590238697,-1.5033846310869767,-0.3008551719811094,-1.6040082295797315,0.12286069757234404,1.5917455343596372,-0.8772324258614294,-0.42623001504290225,0.26623257679518353,1.4159910129545328,0.3497507137479757,0.9316033855643253,0.33809616377248186,-1.1442943653688686,-1.1676872598353416,-0.67914568407372,-1.1559347102263289,-0.43842229861417986
-1.0866755151470848,-0.9131943943761252,1.3251155579412648,-2.3891466184842827,1.5803695257836163,0.08504925188071054,-1.6887758128963017,-1.5756862740979405,-1.224744871391589,-0.3882963188761368,-1.0261667362455194,-0.9614863916702531,-1.405333668480698,-0.6608531809232983,-0.1332820844671032,-0.7734076934361368,0.7367010520400066,-0.6780493930322938,-0.6282411217206918,-0.8772324258614294,-0.42623001504290225,-1.5841782406465175,-0.9320143892374165,-1.3216011591512031,-0.6201892226844659,0.33809616377248186,-0.9810141559830952,-1.1676872598353416,-0.67914568407372,-1.1559347102263289,2.280905882663645
-0.21066070447189164,0.590048337687597,-0.29869640302749156,1.401512344464336,1.0867925984129432,1.0617867539482455,0.5653105475373214,-0.6605306743650394,0.816496580927726,0.25138839265170587,0.37967212888114743,-0.05778754527941413,1.0327156934390023,-1.5679065665042955,-0.1332820844671032,-0.20014029105948933,0.23356450276359328,-1.0785044383346125,-0.6282411217206918,0.21605427699257748,-0.42623001504290225,1.1914379855160337,0.2419883118585579,-0.678773515728442,-0.6201892226844659,-2.4938204216722384,-0.3278933184400019,-0.3393937395081972,-0.67914568407372,-0.03451974633739738,-0.43842229861417986
-0.9771736638126856,-2.416437126439847,0.7450056360073884,-0.49381713700997326,0.8400041347276065,0.08504925188071054,0.5653105475373214,0.25462492536786163,0.816496580927726,-0.8311549653184895,0.37967212888114743,-0.9614863916702531,0.6263741331190523,0.2462002046576992,1.2368204621527703,-0.9261798440324338,-1.7133490774392426,-0.6780493930322938,-0.6282411217206918,-0.3305890744344259,-0.42623001504290225,0.26623257679518353,-0.9320143892374165,-0.8073390444129942,0.15570708143992973,-1.0778621289498782,-0.3278933184400019,-0.3393937395081972,-0.36871528743554577,-0.03451974633739738,-0.43842229861417986
-0.6486681098094882,-2.416437126439847,0.43015965273558365,-0.49381713700997326,-0.7641208792270812,-0.8916882501868245,0.5653105475373214,0.25462492536786163,0.816496580927726,-0.880361481589862,0.37967212888114743,-0.9614863916702531,0.6263741331190523,-1.5679065665042955,-1.5033846310869767,-0.7304870057859948,-1.4501159051502142,-0.6780493930322938,1.5917455343596372,-0.6039107501479276,-0.42623001504290225,1.1914379855160337,0.2419883118585579,-0.9359045730975464,0.15570708143992973,1.754054456494842,-0.4911735278257753,-0.6154915796172453,-0.05828489079737142,-0.3148734873096303,-0.43842229861417986
-0.10115885313749245,-2.416437126439847,1.3598229891680778,-0.49381713700997326,-0.023755488171071402,1.0617867539482455,-0.9374136927517607,-1.5756862740979405,0.816496580927726,0.005355811294843232,1.7855109940078144,-0.9614863916702531,-0.998992108160748,-0.6608531809232983,-0.1332820844671032,-0.7846690619780057,-0.7132597800507072,-0.6780493930322938,-0.6282411217206918,1.8559843312735878,2.3461510562538512,-0.6589728319256668,-0.9320143892374165,-0.8073390444129942,0.15570708143992973,0.33809616377248186,-0.3278933184400019,-0.0632958993991491,-0.67914568407372,-0.5952272282818631,-0.43842229861417986
-0.32016255580629077,0.590048337687597,0.33347466574660434,1.401512344464336,-1.010909342912418,0.08504925188071054,-0.1860515726072197,-1.5756862740979405,0.816496580927726,-1.6676657419318222,0.37967212888114743,0.8459113011114248,1.0327156934390023,1.153253590238697,1.2368204621527703,0.7192548349908265,-1.0601148089932175,-0.6780493930322938,-0.6282411217206918,1.5826626555600862,2.3461510562538512,-1.5841782406465175,-0.9320143892374165,0.3497507137479757,0.15570708143992973,-1.0778621289498782,1.141628566031958,1.0410954610370433,-0.05828489079737142,-0.8755809692540959,-0.43842229861417986
-0.32016255580629077,0.590048337687597,1.082163539353573,1.401512344464336,0.4698214391996017,1.0617867539482455,0.5653105475373214,1.1697805251007627,0.816496580927726,-1.3232201280322147,0.37967212888114743,0.8459113011114248,1.0327156934390023,0.2462002046576992,-1.5033846310869767,0.45153173380677347,1.2087780545594122,-0.6780493930322938,-0.6282411217206918,0.762697628419581,-0.42623001504290225,0.26623257679518353,0.2419883118585579,-0.2930769296747854,-0.6201892226844659,-1.0778621289498782,0.16194730971731802,0.7649976209279952,-0.36871528743554577,-0.8755809692540959,-0.43842229861417986
-1.196177366481484,0.590048337687597,-1.6002250740329833,-0.49381713700997326,-1.010909342912418,0.08504925188071054,0.5653105475373214,0.25462492536786163,0.816496580927726,1.432344783164646,0.37967212888114743,-0.9614863916702531,-0.998992108160748,-1.5679065665042955,1.2368204621527703,-0.7725577788292033,0.8000850139739905,-1.0785044383346125,-0.6282411217206918,-0.6039107501479276,-0.42623001504290225,1.1914379855160337,-0.9320143892374165,-0.4216424583593375,2.4833959938131165,-1.0778621289498782,-0.0013328996684552844,0.7649976209279952,1.4938670923934998,0.5261877356070683,-0.43842229861417986
-0.8676718124782865,0.590048337687597,-1.652286220873203,-0.49381713700997326,-1.010909342912418,0.08504925188071054,-0.9374136927517607,-1.5756862740979405,0.816496580927726,1.137105685536411,0.37967212888114743,-0.05778754527941413,-1.8116752288006481,-1.5679065665042955,-0.1332820844671032,-0.24008627758536402,-1.1367096188690964,-1.0785044383346125,-0.6282411217206918,-0.8772324258614294,-0.42623001504290225,-1.5841782406465175,0.2419883118585579,-0.678773515728442,1.707499689688721,-1.0778621289498782,-0.3278933184400019,-0.3393937395081972,-0.67914568407372,-0.5952272282818631,-0.43842229861417986
-0.5391662584750891,-2.416437126439847,0.8516070319183144,-0.49381713700997326,0.7166099028849382,1.0617867539482455,0.5653105475373214,0.25462492536786163,-1.224744871391589,-1.5692527093890773,0.37967212888114743,-0.05778754527941413,-1.8116752288006481,1.153253590238697,-1.5033846310869767,0.03486109775762395,0.3132512132216174,0.9237707881769819,-0.6282411217206918,0.762697628419581,-0.42623001504290225,-0.6589728319256668,0.2419883118585579,-0.2930769296747854,2.4833959938131165,0.33809616377248186,-0.3278933184400019,-0.8915894197262935,-0.36871528743554577,-0.5952272282818631,-0.43842229861417986
-0.6486681098094882,-0.9131943943761252,0.7995458850780948,-0.49381713700997326,-1.010909342912418,0.08504925188071054,-0.9374136927517607,1.1697805251007627,0.816496580927726,-0.880361481589862,-2.432005601372186,-0.05778754527941413,0.6263741331190523,-1.5679065665042955,-0.1332820844671032,-0.3187033787267129,-1.2005152036097364,-0.6780493930322938,-0.6282411217206918,1.5826626555600862,2.3461510562538512,-0.6589728319256668,-0.9320143892374165,-0.1645114009902331,2.4833959938131165,0.33809616377248186,0.4885077284888646,1.0410954610370433,1.8042974890316739,0.8065414765793012,-0.43842229861417986
-0.9771736638126856,0.590048337687597,1.4912154073838704,-0.49381713700997326,0.9633983665702748,0.08504925188071054,2.0680347878264036,0.25462492536786163,0.816496580927726,-1.6676657419318222,-1.0261667362455194,-0.9614863916702531,-0.998992108160748,1.153253590238697,-1.5033846310869767,-0.878797104695891,0.6276412860515997,0.9237707881769819,-0.6282411217206918,-0.8772324258614294,-0.42623001504290225,-1.5841782406465175,0.2419883118585579,-0.678773515728442,-0.6201892226844659,-1.0778621289498782,-0.4911735278257753,-0.8915894197262935,-0.67914568407372,-0.3148734873096303,2.280905882663645
0.11784484953130574,0.590048337687597,1.4912154073838704,1.401512344464336,-1.010909342912418,0.08504925188071054,-0.9374136927517607,-1.5756862740979405,0.816496580927726,-0.33908980260476435,-1.0261667362455194,-0.9614863916702531,1.4390572537589523,-1.5679065665042955,1.2368204621527703,-0.7744700866948037,-0.39915078909182916,0.523315742874663,-0.6282411217206918,-0.3305890744344259,-0.42623001504290225,-1.5841782406465175,-0.9320143892374165,1.121143885855289,0.15570708143992973,-1.0778621289498782,-0.9810141559830952,-1.1676872598353416,-0.67914568407372,-1.1559347102263289,-0.43842229861417986
-0.21066070447189164,0.590048337687597,1.0449770058962733,1.401512344464336,-0.270543951856408,1.0617867539482455,-0.9374136927517607,0.25462492536786163,-1.224744871391589,-0.5359158676902545,0.37967212888114743,-0.05778754527941413,1.0327156934390023,1.153253590238697,-0.1332820844671032,-0.2759951697283044,-0.10218779227030364,-0.6780493930322938,1.5917455343596372,-1.150554101574931,-0.42623001504290225,1.1914379855160337,-0.9320143892374165,-0.1645114009902331,-0.6201892226844659,0.33809616377248186,0.4885077284888646,1.0410954610370433,-0.67914568407372,1.3672489585237668,-0.43842229861417986
-1.0866755151470848,0.590048337687597,0.37561940366487734,1.401512344464336,-0.023755488171071402,0.08504925188071054,-0.1860515726072197,1.1697805251007627,0.816496580927726,-1.0771875466753522,0.37967212888114743,-0.05778754527941413,1.0327156934390023,1.153253590238697,1.2368204621527703,-0.5095092079832843,-1.294958712300728,-0.6780493930322938,-0.6282411217206918,-0.3305890744344259,-0.42623001504290225,-1.5841782406465175,-0.9320143892374165,-0.5502079870438897,1.707499689688721,0.33809616377248186,-0.0013328996684552844,0.7649976209279952,-0.67914568407372,0.8065414765793012,-0.43842229861417986
-0.5391662584750891,0.590048337687597,1.4143632382387843,-0.49381713700997326,-0.5173324155417446,1.0617867539482455,-0.9374136927517607,1.1697805251007627,0.816496580927726,-0.48670935141888183,-1.0261667362455194,-0.05778754527941413,-0.18630898752084787,1.153253590238697,1.2368204621527703,0.6748467967785511,-0.5867729380538436,2.125135924083939,-0.6282411217206918,2.402627682700591,2.3461510562538512,-0.6589728319256668,-0.9320143892374165,-0.4216424583593375,-1.3960855268088614,0.33809616377248186,-0.9810141559830952,-1.1676872598353416,-0.67914568407372,-1.1559347102263289,-0.43842229861417986
-0.6486681098094882,-0.9131943943761252,-0.12020104243245275,1.401512344464336,2.073946453154289,1.0617867539482455,-0.1860515726072197,-1.5756862740979405,0.816496580927726,-0.14226373751927418,0.37967212888114743,-0.05778754527941413,1.0327156934390023,1.153253590238697,-0.1332820844671032,-0.18824148656242032,0.950323274079154,-0.6780493930322938,1.5917455343596372,-1.150554101574931,-0.42623001504290225,0.26623257679518353,-0.9320143892374165,-0.1645114009902331,0.9316033855643253,0.33809616377248186,0.4885077284888646,0.7649976209279952,-0.67914568407372,1.086895217551534,2.280905882663645
1.7603726195472926,0.590048337687597,0.9061472809890208,1.401512344464336,1.827157989468953,1.0617867539482455,-0.9374136927517607,-1.5756862740979405,0.816496580927726,0.005355811294843232,0.37967212888114743,0.8459113011114248,1.0327156934390023,-1.5679065665042955,1.2368204621527703,0.8382428799615169,-1.1903962562499877,1.3242258334793011,1.5917455343596372,-0.6039107501479276,-0.42623001504290225,-0.6589728319256668,-0.9320143892374165,0.4783162424325279,-0.6201892226844659,-1.0778621289498782,-0.8177339465973219,-0.6154915796172453,-0.05828489079737142,-0.5952272282818631,2.280905882663645
1.869874470881692,0.590048337687597,-1.6051832784939566,-0.49381713700997326,-0.023755488171071402,-0.8916882501868245,-0.9374136927517607,-1.5756862740979405,-1.224744871391589,0.05456232756621574,0.37967212888114743,-0.05778754527941413,0.6263741331190523,0.2462002046576992,-0.1332820844671032,-0.766183419277202,1.146940042916501,0.12286069757234404,-0.6282411217206918,-1.150554101574931,-0.42623001504290225,0.26623257679518353,1.4159910129545328,-0.2930769296747854,2.4833959938131165,-1.0778621289498782,-0.4911735278257753,-0.3393937395081972,-0.05828489079737142,-0.3148734873096303,-0.43842229861417986
-0.42966440714068993,-0.9131943943761252,1.2408260821047186,-0.49381713700997326,-0.270543951856408,-0.8916882501868245,-0.9374136927517607,1.1697805251007627,0.816496580927726,-1.470839676846332,0.37967212888114743,-0.05778754527941413,-1.8116752288006481,0.2462002046576992,-1.5033846310869767,-0.11366147980400548,0.5292626311651502,-0.6780493930322938,-0.6282411217206918,1.3093409798465845,2.3461510562538512,0.26623257679518353,2.5899937140505074,-0.2930769296747854,-0.6201892226844659,0.33809616377248186,0.3252275191030913,0.7649976209279952,-0.05828489079737142,1.086895217551534,-0.43842229861417986
0.6653541062033014,0.590048337687597,-0.5664394439200499,-0.49381713700997326,0.2230329755142651,0.08504925188071054,-0.9374136927517607,-1.5756862740979405,0.816496580927726,-1.7660787744745672,0.37967212888114743,0.8459113011114248,-1.8116752288006481,0.2462002046576992,-0.1332820844671032,0.21398060116885947,0.3597702628893528,-0.6780493930322938,-0.6282411217206918,0.48937595270607925,-0.42623001504290225,-0.6589728319256668,0.2419883118585579,-0.1645114009902331,-1.3960855268088614,0.33809616377248186,0.4885077284888646,1.317193301146092,-0.67914568407372,1.3672489585237668,-0.43842229861417986
0.11784484953130574,-0.9131943943761252,1.5903794966033364,-2.3891466184842827,-1.010909342912418,1.0617867539482455,1.3166726676818623,1.1697805251007627,0.816496580927726,1.0878991692650386,0.37967212888114743,-0.9614863916702531,-1.405333668480698,-0.6608531809232983,-0.1332820844671032,-0.7462104260142646,-1.2773910953567191,-1.0785044383346125,1.5917455343596372,-1.150554101574931,-0.42623001504290225,-0.6589728319256668,0.2419883118585579,-0.5502079870438897,-0.6201892226844659,0.33809616377248186,-0.16461310905422857,-0.6154915796172453,-0.36871528743554577,-0.5952272282818631,-0.43842229861417986
1.979376322216091,0.590048337687597,-1.5208938026574104,-2.3891466184842827,2.073946453154289,1.0617867539482455,-1.6887758128963017,0.25462492536786163,0.816496580927726,0.25138839265170587,1.7855109940078144,2.6533089938931025,-0.592650547840798,-0.6608531809232983,-0.1332820844671032,2.7904967320877714,1.615925144853761,0.523315742874663,1.5917455343596372,0.762697628419581,-0.42623001504290225,-1.5841782406465175,0.2419883118585579,3.049626816123572,-2.171981830933257,0.33809616377248186,0.4885077284888646,1.317193301146092,-0.36871528743554577,-0.03451974633739738,-0.43842229861417986
-0.6486681098094882,0.590048337687597,1.173890321881579,-0.49381713700997326,-0.8875151110697495,-1.86842575225436,0.5653105475373214,1.1697805251007627,-1.224744871391589,-0.33908980260476435,-2.432005601372186,-0.9614863916702531,-0.998992108160748,1.153253590238697,-1.5033846310869767,-1.1418456755418098,0.4529489031603757,-0.6780493930322938,1.5917455343596372,-1.150554101574931,-0.42623001504290225,0.26623257679518353,2.5899937140505074,-1.3216011591512031,0.9316033855643253,0.33809616377248186,-0.9810141559830952,-1.1676872598353416,-0.67914568407372,-1.1559347102263289,-0.43842229861417986
0.22734670086570485,0.590048337687597,-1.694430958791476,1.401512344464336,0.7166099028849382,1.0617867539482455,-0.1860515726072197,-0.6605306743650394,0.816496580927726,0.546627490279941,0.37967212888114743,1.7496101475022634,1.0327156934390023,-1.5679065665042955,1.2368204621527703,1.4529436194261722,1.5157194578051347,-1.0785044383346125,-0.6282411217206918,-0.8772324258614294,-0.42623001504290225,-1.5841782406465175,-0.9320143892374165,1.2497094145398413,0.15570708143992973,0.33809616377248186,2.1213098223465976,1.0410954610370433,2.735588678946197,1.6476026994959998,-0.43842229861417986
0.5558522548689022,-2.416437126439847,-1.1589448770063595,-0.49381713700997326,1.7037637576262843,-0.8916882501868245,-0.9374136927517607,1.1697805251007627,0.816496580927726,-1.4216331605749597,-1.0261667362455194,-0.05778754527941413,0.6263741331190523,0.2462002046576992,1.2368204621527703,-0.46127655403980794,0.06997485378098296,-0.6780493930322938,-0.6282411217206918,-0.8772324258614294,-0.42623001504290225,1.1914379855160337,-0.9320143892374165,1.121143885855289,-0.6201892226844659,0.33809616377248186,2.1213098223465976,1.317193301146092,0.25214550584080275,0.8065414765793012,-0.43842229861417986
-0.6486681098094882,-2.416437126439847,-0.26150986957019184,-0.49381713700997326,0.0996387436715968,0.08504925188071054,0.5653105475373214,0.25462492536786163,-1.224744871391589,-1.2740136117608423,0.37967212888114743,0.8459113011114248,0.2200325727991022,0.2462002046576992,-0.1332820844671032,0.962117933922075,1.7636336681189877,0.523315742874663,-0.6282411217206918,1.3093409798465845,2.3461510562538512,0.26623257679518353,0.2419883118585579,0.2211851850634235,-0.6201892226844659,1.754054456494842,0.651787937874638,0.7649976209279952,0.562575902478977,1.086895217551534,-0.43842229861417986
1.869874470881692,0.590048337687597,-1.6002250740329833,-0.49381713700997326,0.0996387436715968,0.08504925188071054,0.5653105475373214,0.25462492536786163,-1.224744871391589,0.546627490279941,0.37967212888114743,-0.05778754527941413,-0.18630898752084787,-1.5679065665042955,1.2368204621527703,-0.4383288596526034,1.529773551360342,1.3242258334793011,1.5917455343596372,1.0360193041330827,-0.42623001504290225,1.1914379855160337,-0.9320143892374165,-0.2930769296747854,0.15570708143992973,0.33809616377248186,-0.3278933184400019,-0.6154915796172453,-0.36871528743554577,-0.03451974633739738,-0.43842229861417986
-1.4151810691502822,0.590048337687597,-0.07805630451417964,-0.49381713700997326,-1.010909342912418,-0.8916882501868245,-0.9374136927517607,-0.6605306743650394,0.816496580927726,-1.0279810304039796,-1.0261667362455194,-0.05778754527941413,-1.8116752288006481,0.2462002046576992,1.2368204621527703,-0.40072013829579595,-0.027138932685497833,-0.6780493930322938,-0.6282411217206918,-0.8772324258614294,-0.42623001504290225,-0.6589728319256668,-0.9320143892374165,-0.9359045730975464,-0.6201892226844659,-1.0778621289498782,-0.4911735278257753,-0.3393937395081972,-0.36871528743554577,-0.5952272282818631,-0.43842229861417986
-1.5246829204846812,0.590048337687597,-0.5738767506115098,-0.49381713700997326,0.3464272073569334,-0.8916882501868245,1.3166726676818623,1.1697805251007627,0.816496580927726,0.5958340065513134,0.37967212888114743,-0.9614863916702531,-0.998992108160748,1.153253590238697,1.2368204621527703,-0.8193030822105458,-0.09010127181282554,-0.6780493930322938,-0.6282411217206918,-0.6039107501479276,-0.42623001504290225,0.26623257679518353,-0.9320143892374165,-0.8073390444129942,2.4833959938131165,1.754054456494842,-0.3278933184400019,-0.6154915796172453,-0.36871528743554577,-0.03451974633739738,-0.43842229861417986
0.33684855220010396,-0.9131943943761252,-0.27390538072262505,-0.49381713700997326,0.2230329755142651,0.08504925188071054,2.0680347878264036,1.1697805251007627,-1.224744871391589,0.3498014251944509,0.37967212888114743,-0.05778754527941413,-0.998992108160748,0.2462002046576992,-0.1332820844671032,-0.038231558438657165,1.7618066359568103,-0.6780493930322938,-0.6282411217206918,-1.150554101574931,-0.42623001504290225,-1.5841782406465175,0.2419883118585579,-0.1645114009902331,-0.6201892226844659,1.754054456494842,0.4885077284888646,1.317193301146092,2.1147278856698484,-0.03451974633739738,-0.43842229861417986
0.33684855220010396,0.590048337687597,-0.8887227338833145,1.401512344464336,-0.8875151110697495,-0.8916882501868245,-0.1860515726072197,-0.6605306743650394,-1.224744871391589,1.2847252343505289,0.37967212888114743,-0.05778754527941413,1.0327156934390023,-0.6608531809232983,-0.1332820844671032,-0.1754927674584178,-1.4131536391000197,0.12286069757234404,-0.6282411217206918,-0.3305890744344259,-0.42623001504290225,0.26623257679518353,0.2419883118585579,0.4783162424325279,0.9316033855643253,0.33809616377248186,0.651787937874638,1.0410954610370433,0.8730062991171512,1.6476026994959998,-0.43842229861417986
-1.3056792178158831,0.590048337687597,-1.2234015349990124,-2.3891466184842827,-0.8875151110697495,0.08504925188071054,-1.6887758128963017,0.25462492536786163,-1.224744871391589,0.7926600716368034,0.37967212888114743,-0.9614863916702531,-1.405333668480698,-0.6608531809232983,-0.1332820844671032,-0.9170432620078987,0.7507551455952137,0.523315742874663,-0.6282411217206918,-0.3305890744344259,-0.42623001504290225,0.26623257679518353,-0.9320143892374165,-0.678773515728442,0.15570708143992973,0.33809616377248186,-0.8177339465973219,-1.1676872598353416,-0.36871528743554577,-0.5952272282818631,-0.43842229861417986
-0.7581699611438873,0.590048337687597,0.26901800775395135,-0.49381713700997326,-1.010909342912418,-0.8916882501868245,0.5653105475373214,1.1697805251007627,0.816496580927726,0.4974209740085684,0.37967212888114743,-0.9614863916702531,-0.998992108160748,-0.6608531809232983,-0.1332820844671032,-0.5853640866520993,-1.4385915484349443,-0.6780493930322938,-0.6282411217206918,-0.6039107501479276,-0.42623001504290225,0.26623257679518353,-0.9320143892374165,0.09261965637887119,2.4833959938131165,-1.0778621289498782,0.8150681472604113,1.0410954610370433,-0.36871528743554577,0.8065414765793012,-0.43842229861417986
-1.3056792178158831,0.590048337687597,0.43263875496607035,-0.49381713700997326,-0.8875151110697495,-1.86842575225436,1.3166726676818623,1.1697805251007627,0.816496580927726,-0.4375028351475093,0.37967212888114743,-0.9614863916702531,-0.998992108160748,0.2462002046576992,-1.5033846310869767,-0.5367064754051564,-0.9859091950217244,1.3242258334793011,1.5917455343596372,1.0360193041330827,-0.42623001504290225,0.26623257679518353,0.2419883118585579,-0.5502079870438897,-0.6201892226844659,-1.0778621289498782,-0.8177339465973219,-0.6154915796172453,-0.67914568407372,-0.5952272282818631,-0.43842229861417986
1.103361511540898,0.590048337687597,0.9358965077548606,-0.49381713700997326,1.950552221311621,0.08504925188071054,0.5653105475373214,-1.5756862740979405,0.816496580927726,0.8910731041795484,0.37967212888114743,0.8459113011114248,-1.8116752288006481,0.2462002046576992,1.2368204621527703,0.4525941270654403,-0.17273934191744314,-0.2775943477299748,-0.6282411217206918,2.1293060069870893,2.3461510562538512,-0.6589728319256668,-0.9320143892374165,1.76397152927805,0.15570708143992973,0.33809616377248186,1.6314691941892778,2.697682501691332,3.046019075584371,1.9279564404682328,-0.43842229861417986
-0.42966440714068993,-2.416437126439847,1.2656171044095852,-0.49381713700997326,-1.010909342912418,-0.8916882501868245,0.5653105475373214,-0.6605306743650394,0.816496580927726,-0.33908980260476435,-1.0261667362455194,-0.9614863916702531,-0.998992108160748,0.2462002046576992,-1.5033846310869767,-0.9550769406681728,0.8609392390680372,-0.6780493930322938,-0.6282411217206918,-0.8772324258614294,-0.42623001504290225,0.26623257679518353,2.5899937140505074,-1.3216011591512031,-0.6201892226844659,-1.0778621289498782,-0.9810141559830952,-0.8915894197262935,-0.67914568407372,-1.1559347102263289,-0.43842229861417986
0.11784484953130574,0.590048337687597,1.2854499222534783,1.401512344464336,-1.010909342912418,1.0617867539482455,-0.9374136927517607,1.1697805251007627,0.816496580927726,0.9894861367222935,0.37967212888114743,-0.05778754527941413,1.0327156934390023,-0.6608531809232983,-0.1332820844671032,-0.4383288596526034,-0.9384063588051246,-1.0785044383346125,-0.6282411217206918,-0.05726739872092413,-0.42623001504290225,-1.5841782406465175,1.4159910129545328,0.6068817711170802,0.15570708143992973,0.33809616377248186,1.304908775417731,2.4215846615822842,0.8730062991171512,1.086895217551534,-0.43842229861417986
-0.6486681098094882,0.590048337687597,0.8714398497622077,1.401512344464336,-0.8875151110697495,-0.8916882501868245,-0.9374136927517607,-1.5756862740979405,0.816496580927726,-0.585122383961627,0.37967212888114743,-0.9614863916702531,1.4390572537589523,0.2462002046576992,-0.1332820844671032,-0.730062048482528,-1.1130987416963485,-1.0785044383346125,-0.6282411217206918,1.0360193041330827,-0.42623001504290225,0.26623257679518353,0.2419883118585579,-1.0644701017820986,-1.3960855268088614,0.33809616377248186,-0.8177339465973219,-0.6154915796172453,-0.36871528743554577,-0.5952272282818631,-0.43842229861417986
0.11784484953130574,-0.9131943943761252,-0.7300601911321688,-0.49381713700997326,-0.3939381836990763,1.0617867539482455,-0.9374136927517607,-1.5756862740979405,0.816496580927726,0.3005949089230784,-1.0261667362455194,-0.05778754527941413,-0.18630898752084787,0.2462002046576992,-0.1332820844671032,-0.2511351674754995,-0.004090219254958235,-0.2775943477299748,-0.6282411217206918,-1.150554101574931,-0.42623001504290225,1.1914379855160337,0.2419883118585579,-0.1645114009902331,-1.3960855268088614,0.33809616377248186,0.16194730971731802,-0.3393937395081972,1.4938670923934998,0.8065414765793012,-0.43842229861417986
0.5558522548689022,0.590048337687597,-0.608584181838323,-0.49381713700997326,1.0867925984129432,1.0617867539482455,-0.9374136927517607,1.1697805251007627,0.816496580927726,-1.520046193117705,0.37967212888114743,-0.05778754527941413,0.6263741331190523,-1.5679065665042955,-1.5033846310869767,-0.23222456747122913,-0.43906441478861724,1.3242258334793011,1.5917455343596372,0.48937595270607925,-0.42623001504290225,0.26623257679518353,0.2419883118585579,-0.2930769296747854,0.15570708143992973,-1.0778621289498782,-0.4911735278257753,-0.3393937395081972,-0.36871528743554577,-0.5952272282818631,-0.43842229861417986
0.44635040353450317,0.590048337687597,-0.39786049224695763,-0.49381713700997326,-1.010909342912418,0.08504925188071054,-0.9374136927517607,1.1697805251007627,0.816496580927726,0.4974209740085684,0.37967212888114743,-0.9614863916702531,0.6263741331190523,1.153253590238697,-0.1332820844671032,-0.7906184642265401,0.997685569360202,0.12286069757234404,-0.6282411217206918,1.8559843312735878,2.3461510562538512,-1.5841782406465175,0.2419883118585579,0.09261965637887119,0.15570708143992973,0.33809616377248186,-0.3278933184400019,-0.3393937395081972,-0.36871528743554577,-1.1559347102263289,-0.43842229861417986
1.103361511540898,-2.416437126439847,0.8912726676061008,-0.49381713700997326,-1.010909342912418,-1.86842575225436,0.5653105475373214,0.25462492536786163,-1.224744871391589,1.5799643319787635,0.37967212888114743,0.8459113011114248,0.2200325727991022,-0.6608531809232983,-0.1332820844671032,1.1588731654271807,0.41008391781699416,-1.0785044383346125,-0.6282411217206918,0.762697628419581,-0.42623001504290225,-1.5841782406465175,1.4159910129545328,0.3497507137479757,0.15570708143992973,-2.4938204216722384,0.9783483566461848,1.0410954610370433,0.8730062991171512,2.2083101814404653,-0.43842229861417986
-0.21066070447189164,0.590048337687597,1.7044181992057224,-0.49381713700997326,0.2230329755142651,1.0617867539482455,0.5653105475373214,1.1697805251007627,0.816496580927726,-1.1263940629467246,0.37967212888114743,-0.9614863916702531,-0.998992108160748,0.2462002046576992,-0.1332820844671032,-0.8165408597380119,0.8318472654087585,1.7246808787816201,1.5917455343596372,-1.150554101574931,-0.42623001504290225,0.26623257679518353,0.2419883118585579,-0.8073390444129942,0.15570708143992973,0.33809616377248186,-0.8177339465973219,-0.6154915796172453,-0.05828489079737142,-0.5952272282818631,-0.43842229861417986
-1.6341847718190805,0.590048337687597,-0.5490857283066433,-0.49381713700997326,-1.010909342912418,-0.8916882501868245,-0.9374136927517607,1.1697805251007627,0.816496580927726,-0.14226373751927418,0.37967212888114743,-0.9614863916702531,0.6263741331190523,0.2462002046576992,1.2368204621527703,-0.6646186237486483,0.4653165054889579,-1.0785044383346125,-0.6282411217206918,-0.8772324258614294,-0.42623001504290225,1.1914379855160337,-0.9320143892374165,-0.9359045730975464,-0.6201892226844659,1.754054456494842,-0.6544537372115486,-0.6154915796172453,-0.36871528743554577,-0.5952272282818631,-0.43842229861417986
-0.21066070447189164,0.590048337687597,1.4689034873094906,-0.49381713700997326,-0.023755488171071402,1.0617867539482455,0.5653105475373214,-0.6605306743650394,0.816496580927726,-0.880361481589862,0.37967212888114743,-0.05778754527941413,0.6263741331190523,0.2462002046576992,1.2368204621527703,-0.2985179068120422,0.6162574702718819,-0.6780493930322938,-0.6282411217206918,1.0360193041330827,-0.42623001504290225,-0.6589728319256668,-0.9320143892374165,-0.1645114009902331,1.707499689688721,0.33809616377248186,0.4885077284888646,0.7649976209279952,-0.67914568407372,1.086895217551534,-0.43842229861417986
-0.42966440714068993,0.590048337687597,-0.7474139067455754,-0.49381713700997326,0.7166099028849382,-0.8916882501868245,0.5653105475373214,-0.6605306743650394,-1.224744871391589,1.432344783164646,0.37967212888114743,-0.05778754527941413,-1.8116752288006481,1.153253590238697,-0.1332820844671032,-0.3452632101933848,1.031555934828251,-1.0785044383346125,1.5917455343596372,-0.6039107501479276,-0.42623001504290225,-1.5841782406465175,0.2419883118585579,-0.1645114009902331,2.4833959938131165,0.33809616377248186,0.3252275191030913,0.7649976209279952,1.8042974890316739,-0.8755809692540959,-0.43842229861417986
-0.5391662584750891,0.590048337687597,-1.3275238286794515,-0.49381713700997326,2.4441291486822943,1.0617867539482455,-0.9374136927517607,0.25462492536786163,-1.224744871391589,-0.8311549653184895,-1.0261667362455194,-0.9614863916702531,-0.998992108160748,-0.6608531809232983,1.2368204621527703,-0.7789321383812046,0.22569421037267737,-0.6780493930322938,-0.6282411217206918,-0.6039107501479276,-0.42623001504290225,0.26623257679518353,-0.9320143892374165,-0.678773515728442,0.15570708143992973,0.33809616377248186,-0.16461310905422857,-0.6154915796172453,0.562575902478977,-0.8755809692540959,-0.43842229861417986
0.33684855220010396,0.590048337687597,-0.643291613065136,-0.49381713700997326,-1.010909342912418,1.0617867539482455,-0.9374136927517607,-1.5756862740979405,0.816496580927726,0.8418665879081759,0.37967212888114743,-0.9614863916702531,-0.998992108160748,1.153253590238697,-0.1332820844671032,-0.8705104372782894,-1.4409807443393294,2.125135924083939,-0.6282411217206918,1.0360193041330827,-0.42623001504290225,0.26623257679518353,1.4159910129545328,-0.4216424583593375,0.15570708143992973,-1.0778621289498782,-0.9810141559830952,-1.1676872598353416,-0.67914568407372,-1.1559347102263289,-0.43842229861417986
-0.5391662584750891,0.590048337687597,-1.409334202285511,1.401512344464336,-1.010909342912418,1.0617867539482455,0.5653105475373214,-0.6605306743650394,0.816496580927726,0.10376884383758825,-1.0261667362455194,-0.9614863916702531,1.4390572537589523,-0.6608531809232983,-0.1332820844671032,-0.8996200125657619,0.5215328797097863,-1.0785044383346125,-0.6282411217206918,-0.3305890744344259,-0.42623001504290225,-0.6589728319256668,0.2419883118585579,-1.0644701017820986,-0.6201892226844659,0.33809616377248186,-0.8177339465973219,-0.6154915796172453,-0.05828489079737142,-0.5952272282818631,-0.43842229861417986
0.22734670086570485,0.590048337687597,-1.701868265482936,-0.49381713700997326,1.827157989468953,-1.86842575225436,-0.9374136927517607,-1.5756862740979405,0.816496580927726,-0.683535416504372,0.37967212888114743,-0.05778754527941413,0.6263741331190523,1.153253590238697,1.2368204621527703,-0.5088717720280841,-1.261088346832679,1.7246808787816201,-0.6282411217206918,-0.6039107501479276,-0.42623001504290225,-1.5841782406465175,-0.9320143892374165,0.8640128284861845,-0.6201892226844659,0.33809616377248186,-0.0013328996684552844,0.7649976209279952,-0.36871528743554577,0.8065414765793012,-0.43842229861417986
0.11784484953130574,0.590048337687597,-1.491144575891571,-0.49381713700997326,0.0996387436715968,0.08504925188071054,0.5653105475373214,-0.6605306743650394,-1.224744871391589,1.629170848250136,-2.432005601372186,0.8459113011114248,0.2200325727991022,0.2462002046576992,-0.1332820844671032,1.4242590014421666,-1.5371107442569458,0.12286069757234404,-0.6282411217206918,-0.8772324258614294,-0.42623001504290225,-1.5841782406465175,0.2419883118585579,1.121143885855289,0.15570708143992973,0.33809616377248186,1.794749403575051,3.2498781819094282,-0.36871528743554577,1.9279564404682328,-0.43842229861417986
-0.5391662584750891,0.590048337687597,-0.0036832375995801483,1.401512344464336,-1.010909342912418,1.0617867539482455,-0.1860515726072197,0.25462492536786163,-1.224744871391589,-0.880361481589862,0.37967212888114743,0.8459113011114248,1.0327156934390023,1.153253590238697,-0.1332820844671032,0.8327184350164492,1.3659028205066273,-0.6780493930322938,-0.6282411217206918,1.0360193041330827,-0.42623001504290225,0.26623257679518353,1.4159910129545328,0.3497507137479757,0.15570708143992973,0.33809616377248186,1.141628566031958,1.5932911412551396,0.8730062991171512,0.8065414765793012,-0.43842229861417986
0.008342998196906542,0.590048337687597,-1.5903086651110367,-0.49381713700997326,0.0996387436715968,0.08504925188071054,-0.9374136927517607,0.25462492536786163,-1.224744871391589,-1.1756005792180972,1.7855109940078144,0.8459113011114248,0.2200325727991022,1.153253590238697,-0.1332820844671032,1.5385725160747228,0.16273187124534969,-0.6780493930322938,1.5917455343596372,2.6759493584140928,2.3461510562538512,-1.5841782406465175,0.2419883118585579,0.6068817711170802,-0.6201892226844659,0.33809616377248186,1.4681889848035046,1.8693889813641877,1.1834366957553255,1.086895217551534,-0.43842229861417986
-1.3056792178158831,0.590048337687597,1.436675158313164,1.401512344464336,-0.1471497200137397,-0.8916882501868245,1.3166726676818623,-1.5756862740979405,-1.224744871391589,0.9402796204509211,0.37967212888114743,-0.05778754527941413,1.0327156934390023,0.2462002046576992,-1.5033846310869767,-0.339101329293117,-0.08841478058620074,-1.0785044383346125,1.5917455343596372,1.8559843312735878,2.3461510562538512,-0.6589728319256668,0.2419883118585579,-0.678773515728442,0.15570708143992973,-1.0778621289498782,-0.3278933184400019,-0.3393937395081972,-0.67914568407372,-0.03451974633739738,-0.43842229861417986
1.6508707682128936,-2.416437126439847,-0.5391693193846967,1.401512344464336,2.4441291486822943,1.0617867539482455,-0.9374136927517607,-1.5756862740979405,0.816496580927726,-1.2740136117608423,0.37967212888114743,-0.9614863916702531,1.4390572537589523,1.153253590238697,-1.5033846310869767,-0.6418834080131772,0.7694470900236391,-0.2775943477299748,-0.6282411217206918,-0.05726739872092413,-0.42623001504290225,-0.6589728319256668,1.4159910129545328,0.6068817711170802,0.15570708143992973,-1.0778621289498782,0.3252275191030913,1.0410954610370433,-0.67914568407372,-1.1559347102263289,-0.43842229861417986
0.7748559575377005,0.590048337687597,0.5813848887952695,-0.49381713700997326,-1.010909342912418,0.08504925188071054,0.5653105475373214,-0.6605306743650394,0.816496580927726,-1.1756005792180972,0.37967212888114743,-0.9614863916702531,0.6263741331190523,1.153253590238697,1.2368204621527703,-0.8641360777262881,-0.12523650570084321,1.3242258334793011,1.5917455343596372,-0.8772324258614294,-0.42623001504290225,0.26623257679518353,-0.9320143892374165,-0.678773515728442,-0.6201892226844659,0.33809616377248186,-0.4911735278257753,-0.3393937395081972,-0.36871528743554577,-0.5952272282818631,-0.43842229861417986
-1.7436866231534796,0.590048337687597,-0.7474139067455754,1.401512344464336,-0.5173324155417446,-1.86842575225436,0.5653105475373214,0.25462492536786163,0.816496580927726,-0.3882963188761368,0.37967212888114743,-0.9614863916702531,1.4390572537589523,-1.5679065665042955,1.2368204621527703,-0.8760348822233571,1.5692655542504736,-0.6780493930322938,1.5917455343596372,-1.150554101574931,-0.42623001504290225,1.1914379855160337,-0.9320143892374165,-1.193035630466651,2.4833959938131165,0.33809616377248186,-0.8177339465973219,-0.6154915796172453,-0.36871528743554577,-0.5952272282818631,-0.43842229861417986
0.22734670086570485,-2.416437126439847,-1.729138390018289,-0.49381713700997326,-0.023755488171071402,0.08504925188071054,-0.9374136927517607,1.1697805251007627,0.816496580927726,1.038692652993666,0.37967212888114743,2.6533089938931025,-0.592650547840798,1.153253590238697,1.2368204621527703,2.7469386084824294,0.13898045313704968,-0.2775943477299748,-0.6282411217206918,-0.6039107501479276,-0.42623001504290225,0.26623257679518353,-0.9320143892374165,1.2497094145398413,0.15570708143992973,-1.0778621289498782,-0.16461310905422857,-1.1676872598353416,-0.36871528743554577,-0.3148734873096303,-0.43842229861417986
-1.5246829204846812,-0.9131943943761252,-0.40777690116890425,1.401512344464336,-0.023755488171071402,0.08504925188071054,-0.1860515726072197,1.1697805251007627,0.816496580927726,-1.6184592256604498,0.37967212888114743,-0.9614863916702531,1.4390572537589523,-1.5679065665042955,-0.1332820844671032,-1.0013972867460488,1.776844516060882,-0.6780493930322938,-0.6282411217206918,1.0360193041330827,-0.42623001504290225,-1.5841782406465175,0.2419883118585579,-1.3216011591512031,0.15570708143992973,-1.0778621289498782,-0.9810141559830952,-1.1676872598353416,-0.36871528743554577,-1.1559347102263289,2.280905882663645
-0.10115885313749245,0.590048337687597,-0.608584181838323,1.401512344464336,-0.7641208792270812,0.08504925188071054,0.5653105475373214,-1.5756862740979405,-1.224744871391589,1.3831382668932737,-1.0261667362455194,0.8459113011114248,1.0327156934390023,1.153253590238697,-0.1332820844671032,0.24245274050113189,-0.22740976584719863,-1.0785044383346125,-0.6282411217206918,1.0360193041330827,-0.42623001504290225,0.26623257679518353,1.4159910129545328,-0.1645114009902331,-0.6201892226844659,0.33809616377248186,0.3252275191030913,0.7649976209279952,0.25214550584080275,-0.03451974633739738,-0.43842229861417986
-0.10115885313749245,-0.9131943943761252,-0.28382178964457166,-0.49381713700997326,-0.6407266473844129,-0.8916882501868245,-0.9374136927517607,1.1697805251007627,-1.224744871391589,1.5307578157073911,0.37967212888114743,-0.05778754527941413,-0.18630898752084787,-0.6608531809232983,-1.5033846310869767,-0.2915061113048409,-0.7197246630861025,1.7246808787816201,-0.6282411217206918,-0.6039107501479276,-0.42623001504290225,-0.6589728319256668,2.5899937140505074,0.8640128284861845,0.15570708143992973,0.33809616377248186,-0.4911735278257753,-0.6154915796172453,-0.67914568407372,-0.5952272282818631,-0.43842229861417986
2.08887817355049,-2.416437126439847,-0.33588293648479134,-0.49381713700997326,-1.010909342912418,1.0617867539482455,-0.9374136927517607,0.25462492536786163,0.816496580927726,-0.4375028351475093,0.37967212888114743,-0.05778754527941413,-1.8116752288006481,0.2462002046576992,-1.5033846310869767,-0.041843695518124564,1.6756550424633911,-0.6780493930322938,-0.6282411217206918,1.5826626555600862,2.3461510562538512,-1.5841782406465175,0.2419883118585579,0.2211851850634235,-0.6201892226844659,-1.0778621289498782,0.9783483566461848,2.1454868214732365,-0.36871528743554577,1.3672489585237668,-0.43842229861417986
-0.8676718124782865,0.590048337687597,0.7177355114720353,-0.49381713700997326,-1.010909342912418,1.0617867539482455,0.5653105475373214,-1.5756862740979405,0.816496580927726,-1.470839676846332,0.37967212888114743,-0.9614863916702531,0.6263741331190523,1.153253590238697,-0.1332820844671032,-0.364598767501122,1.6599144576815592,2.5255909693862577,1.5917455343596372,-0.3305890744344259,-0.42623001504290225,-0.6589728319256668,2.5899937140505074,-0.9359045730975464,0.15570708143992973,1.754054456494842,-0.8177339465973219,-0.6154915796172453,-0.05828489079737142,-0.5952272282818631,2.280905882663645
0.5558522548689022,0.590048337687597,-1.2457134550733922,-0.49381713700997326,-0.8875151110697495,0.08504925188071054,-0.9374136927517607,-1.5756862740979405,0.816496580927726,-0.48670935141888183,0.37967212888114743,2.6533089938931025,-0.592650547840798,0.2462002046576992,-0.1332820844671032,2.6298628713773393,0.42146773359671186,0.9237707881769819,-0.6282411217206918,-1.150554101574931,-0.42623001504290225,-1.5841782406465175,-0.9320143892374165,1.6354060005934978,-0.6201892226844659,-1.0778621289498782,2.447870241118145,0.488899780818947,0.562575902478977,2.7690176633849317,-0.43842229861417986
2.08887817355049,0.590048337687597,-1.2209224327685255,-0.49381713700997326,-0.270543951856408,-0.8916882501868245,2.0680347878264036,1.1697805251007627,0.816496580927726,0.3005949089230784,0.37967212888114743,-0.9614863916702531,-0.998992108160748,0.2462002046576992,-0.1332820844671032,-0.8847465069444255,-1.4963538729468453,2.125135924083939,-0.6282411217206918,-1.150554101574931,-0.42623001504290225,1.1914379855160337,0.2419883118585579,0.3497507137479757,0.9316033855643253,-2.4938204216722384,0.4885077284888646,1.317193301146092,2.1147278856698484,1.086895217551534,2.280905882663645
0.44635040353450317,0.590048337687597,-0.5466066260761566,-0.49381713700997326,2.320734916839626,1.0617867539482455,-0.9374136927517607,-1.5756862740979405,-1.224744871391589,-0.28988328633339183,-1.0261667362455194,1.7496101475022634,-0.18630898752084787,-0.6608531809232983,-0.1332820844671032,1.5016012306731155,-1.2189260661670578,-1.0785044383346125,-0.6282411217206918,2.1293060069870893,2.3461510562538512,0.26623257679518353,0.2419883118585579,1.2497094145398413,0.15570708143992973,0.33809616377248186,2.1213098223465976,0.7649976209279952,-0.67914568407372,1.6476026994959998,-0.43842229861417986
-0.32016255580629077,0.590048337687597,-0.24415615395678525,1.401512344464336,2.320734916839626,0.08504925188071054,-0.1860515726072197,1.1697805251007627,-1.224744871391589,1.432344783164646,-1.0261667362455194,-0.05778754527941413,1.0327156934390023,0.2462002046576992,-0.1332820844671032,0.04442263708562585,-0.7498004232942456,-0.6780493930322938,-0.6282411217206918,1.5826626555600862,2.3461510562538512,1.1914379855160337,1.4159910129545328,-0.4216424583593375,-0.6201892226844659,0.33809616377248186,0.16194730971731802,0.7649976209279952,-0.36871528743554577,0.8065414765793012,-0.43842229861417986
-0.10115885313749245,-2.416437126439847,-1.2432343528429055,1.401512344464336,0.7166099028849382,1.0617867539482455,-0.1860515726072197,1.1697805251007627,0.816496580927726,1.0878991692650386,-2.432005601372186,-0.05778754527941413,1.0327156934390023,1.153253590238697,-1.5033846310869767,-0.23307448207816261,-0.5448917392593264,-0.6780493930322938,-0.6282411217206918,2.402627682700591,2.3461510562538512,-1.5841782406465175,0.2419883118585579,0.4783162424325279,0.9316033855643253,-1.0778621289498782,1.304908775417731,2.1454868214732365,2.735588678946197,1.9279564404682328,-0.43842229861417986
0.44635040353450317,0.590048337687597,0.31612095013319774,1.401512344464336,-0.7641208792270812,0.08504925188071054,-0.9374136927517607,0.25462492536786163,0.816496580927726,-0.4375028351475093,-1.0261667362455194,-0.05778754527941413,1.0327156934390023,-0.6608531809232983,-1.5033846310869767,0.5174001158441198,-0.29318292368556775,-0.2775943477299748,-0.6282411217206918,-1.150554101574931,-0.42623001504290225,0.26623257679518353,0.2419883118585579,0.3497507137479757,1.707499689688721,0.33809616377248186,-0.3278933184400019,-0.0632958993991491,-0.67914568407372,-0.03451974633739738,-0.43842229861417986
-0.5391662584750891,0.590048337687597,-0.6779990442919491,-0.49381713700997326,-0.8875151110697495,0.08504925188071054,2.0680347878264036,1.1697805251007627,0.816496580927726,0.5958340065513134,0.37967212888114743,-0.9614863916702531,0.6263741331190523,-1.5679065665042955,1.2368204621527703,-0.8634986417710879,-0.42515086216896225,-0.6780493930322938,-0.6282411217206918,-0.3305890744344259,-0.42623001504290225,1.1914379855160337,-0.9320143892374165,-0.9359045730975464,0.9316033855643253,0.33809616377248186,-0.4911735278257753,-0.6154915796172453,-0.36871528743554577,-0.5952272282818631,-0.43842229861417986
-0.21066070447189164,0.590048337687597,0.8516070319183144,-2.3891466184842827,2.073946453154289,1.0617867539482455,-0.9374136927517607,0.25462492536786163,-1.224744871391589,-1.7168722582031948,0.37967212888114743,0.8459113011114248,-1.405333668480698,1.153253590238697,1.2368204621527703,0.4959397720190489,0.32730530677682446,-0.6780493930322938,1.5917455343596372,0.21605427699257748,-0.42623001504290225,0.26623257679518353,-0.9320143892374165,-0.2930769296747854,-0.6201892226844659,0.33809616377248186,0.3252275191030913,-1.1676872598353416,-0.36871528743554577,0.8065414765793012,-0.43842229861417986
0.11784484953130574,0.590048337687597,-1.1341538547014929,1.401512344464336,0.0996387436715968,-0.8916882501868245,-0.9374136927517607,-1.5756862740979405,-1.224744871391589,1.6783773645215088,0.37967212888114743,-0.05778754527941413,1.0327156934390023,1.153253590238697,-0.1332820844671032,-0.24646063713736524,-1.1708610662082497,-0.6780493930322938,-0.6282411217206918,-1.150554101574931,-0.42623001504290225,0.26623257679518353,0.2419883118585579,-0.1645114009902331,-1.3960855268088614,0.33809616377248186,0.4885077284888646,0.7649976209279952,-0.36871528743554577,1.3672489585237668,-0.43842229861417986
1.4318670655440953,-0.9131943943761252,0.18720763414789193,1.401512344464336,-1.010909342912418,1.0617867539482455,-0.9374136927517607,-0.6605306743650394,0.816496580927726,1.3831382668932737,0.37967212888114743,-0.05778754527941413,1.0327156934390023,0.2462002046576992,-1.5033846310869767,0.047822295513359855,-0.008165906385968334,1.7246808787816201,-0.6282411217206918,-0.8772324258614294,-0.42623001504290225,1.1914379855160337,1.4159910129545328,0.09261965637887119,0.15570708143992973,0.33809616377248186,-0.16461310905422857,-0.3393937395081972,-0.67914568407372,-0.8755809692540959,2.280905882663645
-0.10115885313749245,0.590048337687597,0.7871503739256616,1.401512344464336,0.2230329755142651,1.0617867539482455,-0.1860515726072197,-0.6605306743650394,-1.224744871391589,1.6783773645215088,-1.0261667362455194,-0.05778754527941413,1.0327156934390023,1.153253590238697,-0.1332820844671032,0.03167391798162325,0.007855760266967665,0.523315742874663,-0.6282411217206918,-0.6039107501479276,-0.42623001504290225,-1.5841782406465175,0.2419883118585579,-0.4216424583593375,-0.6201892226844659,-1.0778621289498782,-0.16461310905422857,-0.3393937395081972,-0.67914568407372,-1.1559347102263289,-0.43842229861417986
0.8843578088720997,0.590048337687597,-1.06225989001738,1.401512344464336,1.3335810620982798,0.08504925188071054,-0.9374136927517607,1.1697805251007627,-1.224744871391589,-0.781948449047117,0.37967212888114743,-0.05778754527941413,1.0327156934390023,0.2462002046576992,1.2368204621527703,-0.3512126124419193,1.2676647065557298,2.125135924083939,-0.6282411217206918,-0.05726739872092413,-0.42623001504290225,0.26623257679518353,-0.9320143892374165,-0.4216424583593375,0.15570708143992973,0.33809616377248186,-0.3278933184400019,-0.3393937395081972,-0.67914568407372,-0.8755809692540959,-0.43842229861417986
0.33684855220010396,0.590048337687597,1.287929024483965,-0.49381713700997326,-0.8875151110697495,1.0617867539482455,-0.9374136927517607,0.25462492536786163,0.816496580927726,-0.683535416504372,-1.0261667362455194,-0.9614863916702531,0.6263741331190523,0.2462002046576992,1.2368204621527703,-0.784881540629739,-1.628602893301344,-0.2775943477299748,-0.6282411217206918,-0.3305890744344259,-0.42623001504290225,1.1914379855160337,-0.9320143892374165,-0.4216424583593375,-0.6201892226844659,0.33809616377248186,-0.8177339465973219,-0.6154915796172453,-0.05828489079737142,-0.5952272282818631,-0.43842229861417986
-0.21066070447189164,-0.9131943943761252,0.982999450134107,-0.49381713700997326,1.0867925984129432,1.0617867539482455,-0.9374136927517607,0.25462492536786163,0.816496580927726,0.6942470390940584,0.37967212888114743,-0.05778754527941413,-1.8116752288006481,0.2462002046576992,-0.1332820844671032,-0.1729430236376173,1.444886826286891,-0.6780493930322938,1.5917455343596372,-0.3305890744344259,-0.42623001504290225,1.1914379855160337,1.4159910129545328,-0.1645114009902331,-0.6201892226844659,1.754054456494842,0.4885077284888646,-0.6154915796172453,-0.67914568407372,-0.5952272282818631,-0.43842229861417986
0.33684855220010396,0.590048337687597,0.9706039389816736,-0.49381713700997326,-0.8875151110697495,1.0617867539482455,0.5653105475373214,0.25462492536786163,-1.224744871391589,1.5799643319787635,0.37967212888114743,-0.9614863916702531,0.6263741331190523,0.2462002046576992,-0.1332820844671032,-0.9565642912303064,-0.24792874243780103,-0.2775943477299748,-0.6282411217206918,-0.3305890744344259,-0.42623001504290225,-0.6589728319256668,2.5899937140505074,1.121143885855289,-0.6201892226844659,0.33809616377248186,-0.3278933184400019,-0.3393937395081972,-0.67914568407372,-0.5952272282818631,-0.43842229861417986
-0.21066070447189164,0.590048337687597,-1.2779417840697187,-0.49381713700997326,-1.010909342912418,1.0617867539482455,-0.9374136927517607,0.25462492536786163,-1.224744871391589,-0.1914702537906467,-2.432005601372186,-0.9614863916702531,0.6263741331190523,1.153253590238697,-0.1332820844671032,-0.7491851271385318,-0.7534544876185995,-0.6780493930322938,-0.6282411217206918,-0.8772324258614294,-0.42623001504290225,1.1914379855160337,0.2419883118585579,-0.9359045730975464,1.707499689688721,0.33809616377248186,-0.4911735278257753,-0.3393937395081972,-0.36871528743554577,-0.8755809692540959,-0.43842229861417986
-0.8676718124782865,0.590048337687597,1.4267587493912175,-0.49381713700997326,0.4698214391996017,-0.8916882501868245,1.3166726676818623,1.1697805251007627,0.816496580927726,-0.978774514132607,-1.0261667362455194,-0.05778754527941413,-0.998992108160748,-0.6608531809232983,-0.1332820844671032,-0.5265075001219542,1.3162918702567463,0.523315742874663,1.5917455343596372,-0.6039107501479276,-0.42623001504290225,-1.5841782406465175,0.2419883118585579,-0.1645114009902331,-0.6201892226844659,0.33809616377248186,-0.4911735278257753,-0.3393937395081972,-0.67914568407372,-0.3148734873096303,-0.43842229861417986
-0.8676718124782865,0.590048337687597,-0.8292242803516349,-0.49381713700997326,2.320734916839626,1.0617867539482455,0.5653105475373214,1.1697805251007627,-1.224744871391589,0.3498014251944509,-1.0261667362455194,-0.9614863916702531,0.6263741331190523,-1.5679065665042955,1.2368204621527703,-0.5775023765379644,-0.8185249407792082,-0.6780493930322938,-0.6282411217206918,-0.3305890744344259,-0.42623001504290225,-0.6589728319256668,-0.9320143892374165,-0.8073390444129942,0.15570708143992973,-2.4938204216722384,-0.3278933184400019,-0.0632958993991491,-0.67914568407372,-0.03451974633739738,-0.43842229861417986
1.4318670655440953,0.590048337687597,-0.9730122097198606,1.401512344464336,2.320734916839626,0.08504925188071054,-0.1860515726072197,1.1697805251007627,0.816496580927726,-1.3232201280322147,-1.0261667362455194,0.8459113011114248,1.0327156934390023,-1.5679065665042955,-1.5033846310869767,0.9245092125652674,0.31943501438590854,0.523315742874663,1.5917455343596372,-0.6039107501479276,-0.42623001504290225,-0.6589728319256668,0.2419883118585579,1.121143885855289,0.15570708143992973,0.33809616377248186,-0.6544537372115486,-0.6154915796172453,-0.05828489079737142,-1.1559347102263289,2.280905882663645
0.22734670086570485,0.590048337687597,-0.19953231380802555,1.401512344464336,1.827157989468953,-1.86842575225436,-0.1860515726072197,-0.6605306743650394,-1.224744871391589,-0.28988328633339183,-1.0261667362455194,1.7496101475022634,1.0327156934390023,1.153253590238697,-0.1332820844671032,1.1745965856554503,-0.7708815636270562,-1.0785044383346125,-0.6282411217206918,-1.150554101574931,-0.42623001504290225,-1.5841782406465175,0.2419883118585579,1.2497094145398413,-0.6201892226844659,-1.0778621289498782,2.1213098223465976,1.317193301146092,2.1147278856698484,0.5261877356070683,-0.43842229861417986
-0.6486681098094882,-2.416437126439847,-1.183735899311226,-0.49381713700997326,-0.5173324155417446,0.08504925188071054,0.5653105475373214,-0.6605306743650394,0.816496580927726,0.3990079414658234,0.37967212888114743,-0.05778754527941413,-0.18630898752084787,-1.5679065665042955,1.2368204621527703,0.7294538102740286,-1.4793484197450448,-1.0785044383346125,-0.6282411217206918,1.0360193041330827,-0.42623001504290225,-0.6589728319256668,-0.9320143892374165,-0.1645114009902331,-0.6201892226844659,0.33809616377248186,0.3252275191030913,-0.0632958993991491,-0.36871528743554577,0.8065414765793012,-0.43842229861417986
-1.196177366481484,0.590048337687597,0.903668178758534,1.401512344464336,-0.5173324155417446,0.08504925188071054,1.3166726676818623,1.1697805251007627,-1.224744871391589,-1.7660787744745672,-1.0261667362455194,-0.9614863916702531,1.4390572537589523,0.2462002046576992,1.2368204621527703,-0.7515223923075991,0.9929071775514317,-1.0785044383346125,-0.6282411217206918,0.762697628419581,-0.42623001504290225,1.1914379855160337,-0.9320143892374165,-0.8073390444129942,-0.6201892226844659,0.33809616377248186,-0.4911735278257753,-0.6154915796172453,-0.67914568407372,-1.1559347102263289,-0.43842229861417986
-0.10115885313749245,-0.9131943943761252,0.20208224753081183,-0.49381713700997326,1.7037637576262843,-0.8916882501868245,0.5653105475373214,0.25462492536786163,0.816496580927726,-1.2248070954894696,1.7855109940078144,-0.05778754527941413,-0.998992108160748,1.153253590238697,-0.1332820844671032,-0.8354514597422824,-0.28432884474578735,0.523315742874663,-0.6282411217206918,0.48937595270607925,-0.42623001504290225,0.26623257679518353,0.2419883118585579,0.7354472998016324,0.15570708143992973,0.33809616377248186,-0.3278933184400019,-0.6154915796172453,-0.67914568407372,-0.3148734873096303,-0.43842229861417986
0.22734670086570485,0.590048337687597,-0.46975445693107054,-0.49381713700997326,-0.3939381836990763,-1.86842575225436,0.5653105475373214,1.1697805251007627,0.816496580927726,-1.1756005792180972,-1.0261667362455194,0.8459113011114248,-1.8116752288006481,-1.5679065665042955,-0.1332820844671032,0.7411401361193642,1.0040099114600451,0.523315742874663,-0.6282411217206918,-0.05726739872092413,-0.42623001504290225,-1.5841782406465175,0.2419883118585579,-0.2930769296747854,1.707499689688721,0.33809616377248186,-0.0013328996684552844,0.7649976209279952,-0.36871528743554577,0.8065414765793012,-0.43842229861417986
-1.0866755151470848,0.590048337687597,-1.6051832784939566,-0.49381713700997326,-0.6407266473844129,0.08504925188071054,-0.9374136927517607,-0.6605306743650394,0.816496580927726,1.038692652993666,1.7855109940078144,-0.05778754527941413,-0.18630898752084787,-0.6608531809232983,-0.1332820844671032,-0.07669019440239817,-1.2844181421343226,-0.6780493930322938,1.5917455343596372,1.3093409798465845,2.3461510562538512,-0.6589728319256668,0.2419883118585579,-0.678773515728442,-2.171981830933257,0.33809616377248186,-0.16461310905422857,-0.6154915796172453,-0.67914568407372,-0.3148734873096303,-0.43842229861417986
1.3223652142096962,-0.9131943943761252,0.5466774575684564,1.401512344464336,-0.8875151110697495,0.08504925188071054,0.5653105475373214,1.1697805251007627,0.816496580927726,-0.14226373751927418,-1.0261667362455194,-0.05778754527941413,1.0327156934390023,-0.6608531809232983,-0.1332820844671032,-0.23647414050589663,-0.15039333316466394,-0.2775943477299748,-0.6282411217206918,-0.3305890744344259,-0.42623001504290225,1.1914379855160337,-0.9320143892374165,0.7354472998016324,0.15570708143992973,-1.0778621289498782,0.3252275191030913,0.488899780818947,-0.67914568407372,1.086895217551534,-0.43842229861417986
-0.32016255580629077,0.590048337687597,-0.43256792347377077,-0.49381713700997326,-0.1471497200137397,0.08504925188071054,0.5653105475373214,-0.6605306743650394,0.816496580927726,0.7926600716368034,1.7855109940078144,-0.05778754527941413,-0.998992108160748,0.2462002046576992,-0.1332820844671032,-0.44597809111500486,-0.5741242538541572,-0.2775943477299748,-0.6282411217206918,-0.8772324258614294,-0.42623001504290225,-1.5841782406465175,-0.9320143892374165,-0.678773515728442,0.15570708143992973,1.754054456494842,-0.4911735278257753,-0.3393937395081972,-0.36871528743554577,-0.5952272282818631,-0.43842229861417986
