PC1,PC2,PC3,PC4,PC5,PC6,PC7,PC8,PC9,PC10,PC11,PC12,PC13,PC14,PC15,PC16,PC17,PC18,PC19,PC20,PC21,PC22,PC23,PC24,PC25,PC26,PC27,PC28,PC29,PC30,PC31
-0.6960744057752496,-0.4852571012710295,-2.396908981563926,-2.0157196021092956,1.0125259430045996,2.4205143300451364,0.7061247145450423,-0.8869750561078209,0.9491614289018981,-3.046557515500234,1.0061456736793466,0.45428282424872835,0.16429308876454196,-0.7240365064707306,-2.0506963870324384,0.41223955127863665,-0.7176509284095433,0.3972064572849299,1.5258190240062073,-0.3238768526837208,1.7335455997827665,-0.2494388518903107,-0.728574052454409,-0.6136969074726519,0.20511340909174533,0.34868296166226304,-0.13239856646221837,0.3663608501541704,-0.5211900324391121,-0.5749169330199156,0.01999831017898968
0.6168591530293429,-0.9379657221038576,2.9891182016948354,-0.9387838044837726,0.06889542122913296,-0.302788985804325,-1.2333471753080059,-0.34916246818344765,-1.0075381485051687,1.7836797611158333,0.7231920921689869,-1.0281638781749294,1.372243374051667,-0.6319707886248107,-0.7203971158262017,-1.1835249173328672,0.4200521483792764,-0.298775982163002,0.2896668259486731,0.26701641475476645,0.11473368214988162,-1.332067966914089,0.5699322670602205,-1.358186937475994,0.04118389132129234,-0.6963545395609969,0.20292974715228923,0.005982003534261246,-0.585123979633429,-0.40449058673728194,0.17014285896397754
-2.7352734095523212,0.7869843857791972,-0.9307448274501463,-1.4976399191228102,-1.2915646484157288,1.2735439515101148,-0.4337741514400631,1.7039897788777696,1.054974060029698,-0.9752189309846654,-2.4316326205867997,0.2905215251772632,0.15216700933445845,0.18376219800670296,-0.8402162695300082,1.598222345223423,1.1087078292815953,1.067957149019053,-0.09651952009294147,0.023322439271031562,1.3972305390936637,0.026543032095926428,0.1346230366767336,-0.3261335283979654,0.3060027310682968,0.34318933179847455,-0.10687580182280602,-0.27978169784845475,0.051971994145308675,0.02336552915139391,0.04277085141685307
-0.8229270409951163,-0.46748688150386264,-1.0350560597203735,0.5937957820736323,-0.32964435061696973,-0.007351137592154161,-1.2214041802228357,-0.16965543344735323,1.4976126342586775,0.19539769199869692,1.6932894090262645,0.3679604782083915,-1.385450283531626,-1.3341253004023566,-0.5364848869829424,0.7580530420381815,-0.43818545767033895,1.28500523530499,-0.9775692144014153,0.5353671166138171,-0.6629367535768363,-0.1952107359578379,0.4119409600676131,0.4997580741059362,-0.9291539034083881,-0.33818416149249103,1.1758386612218155,0.5886683254024377,0.4661730161439535,-0.0969285319069715,-0.0957655325861768
-1.786715684750901,1.3484803848160036,-0.5802150585218255,0.509635404891397,-0.9840674745684931,-0.5925542255903328,-0.08901869047433102,0.519561551010355,-0.5484080706951071,0.6780967019814266,-1.163401480255625,-0.685638094572057,0.7671824775771131,-0.7391344310383935,0.0682390043454236,-1.6253891713065027,-1.857694057548018,-1.0598605798600647,0.8170158156366892,0.856088343233779,1.890342984536938,-0.6631125677466632,-0.7833581879008129,1.1147734237185112,0.2807493433639564,0.4521890066092522,-0.09547253731026148,0.3052217669013369,0.14494123540738615,-0.010810940151200862,-0.20002586555733376
-0.5743204407958694,-0.9866053615456493,-0.07602753188952732,0.9171990475663759,-2.3305785213492825,-0.758086461951504,-0.36808090530989795,-1.7309717032678549,1.2836718144861885,-0.5452513188052571,0.20966065983646043,-0.094901957104123,0.36553515279987964,-0.21646686035680882,-1.56077625211986,0.13293231839301486,0.8978769799101174,0.3160773090416108,0.26850268937966154,-0.3165534012759365,0.382743759787735,0.20438516698995213,0.20525789463119135,-0.4159322254808373,0.3739014676174617,0.3713799173629258,0.2714035600814953,0.10837788861724545,-0.1914745789697744,0.3946158846709516,-0.1966721057041471
-1.1247926748700294,2.93314066907815,2.731209083861047,-0.7591145219415598,1.348754023169642,0.6085816396750453,1.1318884749022262,2.1659094980847438,1.4589298709613148,-1.5482977182422766,0.566880341688111,0.7595821667804835,-0.4699666878018415,-0.7218059652079304,-0.36139209628993596,-0.328932643223959,-0.3096957336638648,1.0339620724535568,-0.47213966626321535,-1.3649978425009086,-0.09038519827591023,-1.0638042775805494,1.675102700060443,-0.3080980397633625,1.9645834599067482,0.18316918936123203,-0.0313905981496721,0.8410990021954797,-0.013068306030388376,-0.36472249638889764,-0.12549170223807557
-2.729349905901033,0.8868319779219008,3.6697304160280613,0.14840764716314847,0.22116792224836185,-0.034175788031472754,-0.8449287174940608,-0.12897128307091657,0.8113717855235553,-0.4675196265180989,0.6812368591654454,-0.5153340804350416,1.2294980848007027,1.6416415462997347,-0.46203990835131536,0.434405437094595,0.42556325100805176,-1.296235755441624,-1.3574434943912548,0.41211166588979176,0.5685581625562437,0.3732241472526871,0.6059886718225673,0.04455503917944473,-0.7904754615229114,0.6106510930908678,-0.25830272392220804,0.34055386879723626,-0.04253940470134886,-0.3293124727085053,-0.10827952197240082
1.0508912750628592,-1.6042666764508515,2.442680171001531,-1.6989493661132649,-1.0230939674595747,-0.27955467701500625,-0.8637454929176015,-1.429952660525776,-0.7385213081755341,0.926508421490505,0.18022193680697549,1.0495888724239246,0.19092897890044952,1.3959716789249228,0.2685030012343197,0.10046790570755443,1.333653476259255,-1.2539067106176718,-1.078906048508171,-0.8481233646603993,-0.5120271874516571,-0.3151889908961319,-0.5131024151294843,-0.4439587286555796,0.13431750309079982,-0.23577530003017144,0.0287524605567271,0.40680670011419795,-0.8898789998219145,-0.21301437498487696,0.10104012245614112
1.327937734869964,1.3681333885504885,0.5258483827070276,1.5023368207988386,-0.7623805341602745,0.8629764866491797,1.2371268628573895,0.18252451583525314,0.6720126009152597,-0.6772141939980699,0.45669178341421035,-0.8878830902249811,-0.8289245676405262,2.2680905184329703,-0.28341526395483874,-0.057823303500400755,0.8670713835562693,0.14353574226348442,0.401160301913005,0.9496834223929504,1.5470659314401491,0.13897019426191093,-0.16050042173781653,1.0346147471171716,1.006702875635289,0.5535094270668217,-0.18858355081311162,0.19653646439999103,-0.07055809499038138,0.7000126981789618,0.07286004722166349
-1.4101472966858988,0.43504527236473833,0.14135641752140657,1.5277954414733121,-0.9484176561364661,-0.8981126333507602,2.027880109274094,0.4662682555294223,-0.06577980455076507,0.17479969571260925,0.2985498761914446,-1.5141691041083944,0.5643456619784687,0.7905764284985324,1.5030253480908073,-0.41543965472731537,-0.6459362753606321,0.9862558866752958,-0.45070793675221277,0.03669530937849928,-0.21872912385045876,-0.3734029430431783,0.21772675808449973,-0.27770521444129914,0.18654364995817158,0.4329837648727186,0.27273474482874066,0.1834980134680064,0.06288658498792088,-0.013429458872725609,-0.09312555905823447
-0.1930362081863464,-1.2784080360134273,-0.8400454884310106,0.09855934721273185,-2.2525334495297327,0.5251911868948435,-1.5760917342101772,0.20916805491977808,0.08582543392390846,0.35445885255169424,1.363642386776811,0.18275253807981218,0.45089993162333836,-1.205836206781341,1.4173410220684424,0.5533686162028484,1.2256377008781427,-1.415210301680012,-0.34792893770006905,-0.4018400280752457,-0.3769069992477666,-0.8986253051398738,-0.95852556058083,-0.24591065258727143,0.3162933853131352,0.43211437764027344,-0.5039070386266402,0.2555984167338881,-0.08743427644021441,0.25142389195059234,0.2317168293418204
-1.46741030681049,-0.1987308983103142,0.9267956251108297,1.3500552593646669,0.10441907315842622,1.0240837679039845,-0.1624587639603701,-1.9257726834154074,0.15375017141463454,-0.19537834001977433,0.2670695205881407,-1.1092252698927385,0.97934984459347,0.5270154721948339,0.964362309143068,-1.6281832444911413,-1.0324434231360615,-2.696457953209263,0.13169791347870285,0.7935698645178125,0.2307186586466625,-0.48321019822184436,0.9429325235789827,0.6318575880712194,-0.8781353550575822,-0.4564503477091364,-0.2319549567261787,-0.641450533780611,0.11812321882221744,0.008502127226873515,-0.09924755856154152
-1.9343531248676438,1.0839773763613396,0.2812684093527783,2.252468897960801,-0.47485253496709895,-0.01650075489633434,0.576644534731421,-0.5140254979655771,0.869400069538794,-0.6356757843355074,-0.5808995569378655,-1.236324675095869,0.7032976821589466,1.352074163701341,0.39119614863160973,1.4737356863873705,-0.019324854190013122,-0.562146881563097,0.5240516734379274,0.47491198786709216,-0.055229267292472184,0.16678520465506308,0.7829215635027351,-0.13682115687340632,-0.7799808083459079,0.6602768283537226,-0.10080024303088927,0.43999794316614327,-0.38994400596834367,-0.05080937917624672,-0.1083600428710743
-2.2292175985460303,-0.4985388026494001,-0.9031248905769403,-1.2575544828126042,-1.755532921401409,2.2550324710374636,-0.3473447218260529,-0.20158711453340575,-1.3254989204593464,0.28572587810683875,0.07683856381068946,0.6744096044299183,-0.03443528223062677,0.5452994096660697,1.8001281016589847,0.04762870938309031,1.0434158403023397,0.19446503952826827,-1.278533688747734,0.24194963008783624,1.5785988776708513,-0.40469017304243743,-0.9551852458426113,0.021149921502919368,0.12694007991874567,0.3908400173891138,-0.22066350559817247,-0.05295684257524273,0.19193267157512298,0.05928275307103702,-0.044008862834231006
2.112736452215723,-0.09939505759960025,-0.0428336486162771,2.1077043062326846,-0.12617077292260365,0.6434141659697895,1.8329849256526483,0.008210555973751043,1.2765514897131491,0.09622082835348739,1.0449499722718967,0.33200726801329616,-0.5721348469095372,0.1471384461143348,0.058010504548275534,0.10395453844790162,-1.7403196927282385,-1.9526224663152743,-1.62284647788985,0.7065020025769522,-0.834473563608307,1.2353019757974772,0.0762745596630778,1.0956700548331153,-0.8484321262534987,0.017007484114385994,0.13277016213490347,0.3092875557111295,-0.783776996579509,0.10974313700759152,0.08299717397961971
-1.3761849250876848,0.4655740613539031,0.025461700162079968,2.421309408734665,0.47096773895099736,0.7036746746002281,1.1228753059081853,-0.21278443165444183,0.13290953615544898,-0.24938333868828658,0.5090643923827304,-1.431746951552521,1.9939412221542645,-1.9463445401094808,1.6494171716838828,-1.551974574976601,-0.15675213962644857,1.156820219294242,-0.2634383828812238,-0.7270949383985661,-0.21293010100490992,-0.9980210357179168,-0.24462483123365375,0.07457184160303613,-0.12219721314911557,-0.6169357137496263,-0.3894852130019325,0.353348880210049,0.06650612476819165,0.09018964766616684,-0.14730183164871966
-2.9104222612999746,1.4560643828489301,0.8821418610662315,2.6525489383723047,0.11434831445321558,1.329857632122672,-0.6586357202417323,-1.1505644553172878,2.0834009585222186,-0.19132429833443543,-0.11197739332098954,-0.7760921448586099,-0.06894932708932806,0.996295256050665,-0.628168220624748,0.8455646472774785,0.3862925993750429,1.019648398032427,-0.03916166951448323,-2.7299321659107685,0.09190152585770119,0.5832941579797546,-0.4552148960373844,0.8339207896987622,0.020700353247788034,0.4364778848341554,-0.0887753149015567,0.21024788250259677,0.24419142777319264,-0.0457968671168378,-0.1451240660035466
4.876390552123602,-0.15838337385360285,-0.797532556041886,-1.1705911810093683,0.5692513777514272,-0.9991430959468918,0.24442580430083155,-0.7079623518666437,-0.979252676938436,-1.2495368065177836,0.5618768122835108,-0.9714738934529964,-0.248069564720526,-0.8847772125689591,-0.0627378264565333,1.4147396956758718,-0.4798119729565186,0.45126966301773164,0.5329657930709545,1.3984712979584457,-0.9443038016563425,0.014840924174950447,0.14412747147594543,-1.042598220246629,-0.5130938614546987,1.1051148275296119,-0.12951809530207783,-0.2880685434595884,1.4645186759591202,-0.5072971589279117,-0.18596549938371182
-1.6034775062059494,0.09971012088765216,-1.6182120599446095,-0.5302149527393508,-0.8062758289454798,-0.48773917598054023,-0.9498742542290988,-0.9195211527264191,1.037545501951544,0.068397302425219,-0.5715779214605076,1.9283744084485115,0.6444073297909622,-1.1777600377676802,1.129591309350413,0.04530008188921715,0.9451153781466684,0.2248339658717414,-0.48021230410148463,-0.4024285702514513,1.2052403344057312,-0.9565440925441668,-0.03683992472449333,0.5721194173937437,0.05355180097724776,-0.49662188855239064,0.03890068288071992,0.5151535260598357,-0.20198546152417576,-0.23232054129701069,-0.25200021272735496
-1.5413237919122915,0.09302647276993253,1.2070935701597305,1.7601095062798133,0.04535087364561143,-0.7428856674125606,1.2214569166688876,-0.07295544990469173,0.2508375769774551,0.27245016042295295,-0.27750759041966866,-3.069748711961992,-0.8808757890225165,-0.8070951221132546,0.6237490246202555,-0.2920317979731441,-0.5086404269587191,0.30112170600479177,0.9064996978964305,-2.8355182007610975,-0.4420720294500636,0.99323856919408,-0.4720739584535329,0.19284024151818518,-0.9581808426248001,-0.07656791215196494,-0.041948026344791174,-0.8624527224641207,0.14311192373416154,0.23259332993636395,0.389007721658051
-1.5591422775520063,-1.300412252301043,1.3454453451333095,-3.33170629097364,1.558792433165708,0.21807111023894232,1.9780205086219622,0.8751390330026814,-0.38791985323515654,0.25621445578837915,-1.3369801618899309,0.6392631322041358,-0.3507262316839357,-0.10583706066332275,-1.2272274332964281,-0.04703765671286443,1.3790942900703862,0.5337186323258942,-1.6861217463099998,1.5106877898733941,1.1866466012528496,0.14012130631605643,-0.41781190817180264,-0.7646154177346749,-0.0650470403067348,-0.11354473650719561,-0.06940950260407763,0.24988634914353258,0.3286400272341024,-0.05427215091359572,-0.21858881791342594
1.8856072176560204,-1.3441499912894281,-1.3509871022484807,-0.11868679379488911,-1.2483629871060617,-1.1304690122912355,1.1465042844656308,-0.13423839172259663,-1.3350106124166805,-0.10307398737735492,1.4718150847401548,-0.21304386066751466,-0.037234858367022,-0.9283666179434887,1.084570649868491,-0.3218280194360726,-1.0721459694175328,-0.10537972019342358,-0.5457549732114078,0.2671933847701435,-1.2368741627231146,-0.029741703249459742,-0.9426920365691982,-0.2139744680545733,0.09009226423308404,-0.6509706705262316,-0.6999666479552694,0.38802370712837553,-0.6850811556903982,-0.08110084866499805,-0.22265743470142724
-3.4447423572842144,-0.8013316927728734,-0.7142875248408348,0.19424885559237626,-0.9552375351551982,-1.774285877275764,0.18365048709176968,-0.5130747105886517,-0.4053349761028514,0.5005565373712754,1.1584532237868996,-1.8859678692859647,1.362551771821549,0.02224230479267001,1.3537800169343241,0.1011762374046613,1.7456051836638127,0.7748375597750955,-0.11518133302332373,0.243365277358899,0.9327782531363894,0.4251012920226261,-0.4196473482986046,0.5179657267757889,-0.20732428816442494,-0.7675127775756057,0.03068637226949617,0.029508062468043546,0.09325181701826264,0.09087814220080247,0.1909749951756984
-2.0584694242079897,-0.9388941025767819,-1.561715288747965,-0.501811288869096,-1.2837209029552756,0.9007913331322438,1.0619332848154535,1.0707079408121005,-0.21473603442034023,0.38078877196173505,-0.6173280794178655,-0.7942706016197691,1.7425386276383579,0.42227273564356826,-1.0445188182724987,-0.5012895730310144,-0.9389723381439887,-0.23390932895517405,0.25568790703513794,0.14985239750300547,0.619319378945969,0.20570207584428377,0.6599141168896048,-1.1160884620729867,0.09467730381203626,-0.819800576902338,-0.0354032308602083,0.46784844245954493,-0.07975049319327582,0.10683324206683395,-0.0702840281132064
5.253442363372864,1.5878889539766805,-0.8024246810772414,0.670911247666128,0.1426048890602646,-0.4685916366964615,-0.415285894208537,0.9940469651298077,1.0728478364866456,-1.1802028385091456,-0.7252437203062486,-0.8420733700189147,-0.7485128215459159,-0.3705069289220648,0.15475850167928887,-0.5398060099519781,-0.24162892619190188,-0.8175512873014065,0.7194225399657415,-0.0415956342127018,-0.5140300720453488,0.827008994053562,-0.5162118162338001,-0.7910328663273903,-0.7347864392451358,0.03395610172487561,1.153952926703746,0.25759701335021823,-0.9673730075089658,0.06321368232337658,0.01563272752744825
-0.8064298689533657,-2.9151117604061576,2.3498627088119455,-2.089430808062991,-0.7414031773364109,2.1865061382259845,0.007408608920171614,1.6368744369027382,-1.2439734237877207,-0.47773800919630155,-0.8940340840432396,-1.6848903042747547,-0.7679189147110747,-1.4905272962320346,-0.6266356716269215,1.1962532240909838,0.9021996962956487,-0.4123659894978478,-2.0980255485792854,-0.3812701949034699,0.7779978416864579,-0.64118874892637,0.8161498811918754,0.253267776442307,-0.07576979724495207,-0.9955361588947828,-1.0609681108499645,0.2855173716618292,0.053588875045425144,0.03576311489015422,-0.2368609776907246
0.5427990749193233,-0.7941238680814595,-1.3541112182932014,0.7892440314521348,1.0299011292761844,-0.4943442318156987,0.030110448890916436,-0.5093277103287573,0.3738125721342178,1.2330454936247965,0.40195099255464417,0.5745063621648081,0.5680264253631463,0.13828759358728762,0.28585336150328866,-1.1541700544671936,-0.23183509639868774,-0.09011262507540961,-0.03474476986312092,1.331400914404234,-1.2106487592370951,0.22963571336150107,1.0111155534408973,-0.11459113156675685,0.19086596504773362,0.3575997947708185,0.9094508949773112,0.5401160247475375,0.025323683815250807,-0.24899188280110468,-0.14861782613355431
4.3169922849862825,-0.3307503161484781,0.2304842457452263,0.8917340077384283,-1.7628824212302494,-0.5655561372919978,0.5464805779630031,-0.089058159275882,-0.9989706507433518,-0.36887689599415496,-1.407832858446182,0.15443138422744873,-1.5097655256489624,-1.5047374419726334,2.276475544332469,0.3953110409016725,-0.04408284784421098,-1.0010595395747686,0.9477698462473698,0.4670827463569544,-0.02905937906681527,-0.23910112140907652,-0.7362914220771607,-0.8502048006782412,0.2321465449619306,0.5847836926692229,-2.124414418435408,-0.1433751977693171,0.18209006222111554,0.017973812151207746,-0.07782227291839589
2.153662150037596,1.4882562473300092,-2.6054416431994323,-2.6077618312655373,0.5892411310845425,-0.8928242809306516,0.9884214542236412,0.3468515456167257,-0.2697034306536018,-0.15227959778259784,1.016847739775663,-1.016426733653021,0.7500002756926016,-0.5586208888803958,-0.7268791166580917,-0.7773225511166435,-0.2532964227868281,-0.47754785003718286,0.47358933045383794,-0.34177534028254963,-2.331988894567726,1.3111314296692713,-0.11901007970247206,0.5985653709272473,0.7000986648751735,0.9968558393895235,0.2667687638409827,0.271928837994725,-0.49519569573987,0.3348601941306756,-0.008330025937531661
-2.2326320053301925,0.9405496130681228,-1.1966407166223718,-0.16077199962611266,-1.6373608631909449,-1.6674783620424316,0.2821042226777835,-0.3703559822399666,1.0865954608525905,0.07771512372482502,-1.2012730851518958,0.007580903479353751,0.33995368001819887,-0.18511927504216702,0.3888494626657329,0.5962673797170278,0.6119770028911046,0.14216656805270733,0.7959151948871688,0.4053029589329041,0.5005247493072402,0.31225388743916244,-0.004696539946221507,0.08870243841068001,0.2566985686716956,0.4286143683769835,0.15307687428360503,0.5963826604231112,0.19356159943679452,0.11997173493114187,-0.05623145074770322
-0.34073845960401195,1.3433554731161546,-0.712742143296431,-0.04584453320986002,-1.2600329980826297,-1.0111218215651552,-2.072189828137588,0.9147648018666149,1.7099791734523946,0.5735692198124768,-0.5600671645124289,-0.3466314944299664,-0.7062624823912426,0.4965822832163431,2.162356306727471,0.6906933131325772,-0.14297866474513873,1.8400715739973803,-1.0575994996669704,1.3291549662216755,-0.443924291427785,-0.22577078082532231,0.2369885513045518,-0.02187045688571898,-0.3541999091892809,1.1091337564458348,-0.39909940452363246,0.08267886366387113,-0.36702278551199174,-0.18888589591031613,-0.0860863282239859
-1.0810652541336556,-1.0759407424832055,-0.37189439694677945,0.5364205422350248,-2.293073669654595,-1.087780060236001,-0.35581841611640536,0.9889844343839406,-1.7039349619010082,-0.2843040093019458,0.3424214809872916,0.3743477692443748,0.7318138372157134,1.2061250946683475,0.1265598657286485,0.06926677277006994,1.8030393841693722,0.95197699442155,0.28184705248505865,-0.6127478577963272,0.7034588321917544,-0.7279877440722602,-0.2569442871547309,-0.23900368962250643,0.1544161297472498,0.1660424808756481,-1.6074033059448272,0.20741850729859346,0.5109807051626066,0.024407886408280212,-0.08290698544635437
-1.6041368972823702,-0.24128364010073577,-1.4365960130838742,-0.2672080442319538,1.7971598490123146,-1.1720047034853898,-0.7486097600949693,1.6533954447970323,0.09017911242098649,0.3599549514699919,-2.7326455155313867,0.124668694073286,-0.2547141263868601,0.6224515616229765,1.829649271669475,0.15826946104992523,0.73140134645009,1.197268712389851,-0.5180501894689932,-0.11982972498884381,1.3949303160233295,1.4862374982754893,0.782707995598342,-1.7452642586449558,-0.17585229060886398,-0.2516618720367506,-0.17604824475675176,0.20594194029664303,0.781816023957942,1.0706936749606413,0.5944080128182405
-2.857441299944888,-0.29465376009684097,-0.15067092015821407,0.03883433370481899,0.08009889677086936,1.9867420559869435,0.12546997148508146,-0.4409716463056477,0.27762594367676996,-2.1533584364847376,-1.8499314240403062,1.4470924319564575,0.39801411602047804,-0.18494697703298793,0.5395091565138582,0.1880674675223156,-0.5242491475489045,1.0464382301979926,0.20546490149343755,-0.708478823992021,0.3613943911804512,0.9183190578906695,0.09899428118565985,0.3917987808032075,-0.15396180117332883,-0.7038970008174849,-0.037260754435842466,-0.3494672188301951,0.49419802559000947,0.29628608900855075,0.08083184337529567
-1.018673089841709,1.1021993031743118,-0.07497668997741908,2.309221601976785,0.7567346906463678,-0.6990105924199752,-0.3944750725744175,0.9273163772421644,1.937858966158436,-0.6522759438778054,1.4485652008338192,-0.7403654864271672,-0.12084990398752181,-0.8180634631576966,-0.35886259698941747,-1.1277062259702069,-0.3010677898403992,0.0907176090585957,0.9953949734833526,0.17906808401768748,-0.0013945307069406897,0.565534111118292,0.9574050532032189,-1.2993385184823758,-0.17027959651858773,-0.6472404053683855,-0.11612633461981187,0.2614795830588154,-0.3331513313989002,-0.23558625282010312,-0.07138653663313511
-2.0469311532439516,-1.1150365608493866,-1.3586215837565014,-0.8684635261787425,1.1731470392509022,1.816737873939747,0.6662386966666558,-0.3220859125884306,-0.011571630248977595,-0.6514227196292927,-2.0915921275229516,-0.2960664850482785,1.4065343072527587,-1.1210553041957463,0.18519326739329078,1.24473933532687,0.08686890947955682,0.3616958973390945,0.25880758651520025,0.21423438470849385,0.0796190748551677,-1.0159922507240327,1.5337031589010823,-1.2778491706871917,-0.6203271684961852,0.4029001172962577,0.08114170908177923,-0.2669674119690696,-0.674396353781236,-0.4988893018718093,-0.10234246612915442
-2.0424373573863432,-1.1634594856417497,-1.0236551098652609,0.5717980502900666,1.2802194442131916,-1.575322064502553,0.4637402726769835,0.3447505717590057,0.33135949531703823,-1.1898250005811575,0.8792635505103219,1.152127813386277,0.004887853185807511,-0.06455685035641283,-0.7146336849007712,1.4965529180818031,1.0103209070061803,0.45250612495313036,0.46089300795048566,-0.6941555493000965,0.4839591073958508,0.49700512550435155,0.9528576676114971,-0.069202066942917,-0.9518997273036035,0.34330522959615356,-0.14905556708287312,0.06100990559628186,-0.3003892209070801,-0.11547978308723506,-0.02799747560118737
-1.858688603220679,1.7944317666080052,-1.0750463563647563,-0.8219106712071403,0.8321248922722315,0.45058424312256495,0.9501097444383237,1.3547313614113496,-0.1905047319654187,1.6457383550120546,0.2412968892057015,0.3963192847049541,-0.4037940530335,-2.3326252128857794,0.08497395855282815,1.3916472459065168,-0.0041606058318122445,-0.2909128162663168,-0.32886382062387476,1.2848428829226954,0.34720024017254314,-1.3651344439589115,-0.6333026592646331,1.2114633998959352,-0.16086634270450445,-0.4844719243921791,0.07172247672862005,-0.07277382886967172,0.15797469747459159,-0.3068407721122214,-0.13106864364791918
-0.6647257913354472,-0.3126649319065834,0.4871542801697053,0.814257847337333,2.158850280257287,-1.1822191321676205,0.7853361335913817,0.40887923304574897,0.23633308097291775,-0.42263056849205477,-0.04772369191866208,1.2974035297061663,-0.6526549925700303,-0.885842415003706,-1.072160933002189,-0.37690541546184403,-1.17884511447888,-0.6602084936010059,-2.2796693145231757,-1.6584145254283433,-0.06963230726436648,0.4472663933516607,0.2594333553970419,-0.08930131802069705,1.0102291915519221,0.04205637788967697,-0.07315620758790436,-0.8482242586035261,0.549212754817658,0.14744651749789836,0.06851512182412026
-2.5760284592620484,1.3172817842637745,0.025097693267249237,1.836321191788063,-0.6104105591417881,-0.8419777479643477,-0.5751313952994118,0.24473482930063495,-0.09308327186428483,-0.015098901626969611,-0.8009477772582352,0.05960248453817028,1.073783636793881,0.40792811612853686,0.8471003397251681,0.053081282876334845,0.21435368568343371,0.20251784578627216,1.390856323509767,-0.4725552130470537,0.11547509788534761,0.40041864689684686,0.6846728038851678,-0.2712012678694296,-0.7670796118098264,0.7288363316159306,-0.05214564190466214,0.22128004826818334,-0.204546639210073,-0.29108095995973415,0.022447105888255797
-2.505509439363269,1.36855021195489,-0.13110110102921585,1.5671483159921469,-0.37029331459622267,-1.5154840181489246,-0.6001652303098182,1.5660993518588622,-0.1413946465348786,0.42137846053916966,1.1328620190305791,-0.21871291593551348,-1.2024387577436348,-1.8053186129928105,0.5256234167769177,-1.3622345905749467,0.07783563000309032,0.20348338760229487,-2.286072581180525,1.3340667859437756,-1.0873885961239944,1.0601849091056963,0.009377418991098932,0.0443468754976554,-0.7534225526207399,0.6011084612482117,-0.14071327803072667,0.1362204621169793,0.14148825000932427,-0.09596800561378623,-0.051019155255188714
-3.1318994797159654,-0.4607823537569278,-0.8363831679997604,-0.7748597081836764,-1.8142222701313746,1.8966380014001734,0.3991585927244497,-1.5595247918185284,-1.1348566375198132,-1.3235805060089114,-1.1843488034154968,-1.146941875107794,-0.8694938801968171,0.9585928004948358,0.15705843631051042,0.3916909200063514,0.36231276716650496,-1.5866532896179104,-0.9572417973713047,2.198246588705662,-0.6484616530810031,0.469579955209746,0.03715656990488429,-0.22734100167955598,0.2487392132956441,0.26906637039296083,-0.15849634647329836,0.3278749456869386,-0.21474711605331775,-0.10158812133768848,-0.03991113856840215
0.6317412647667404,-2.088208030833712,-0.8539548893749249,-0.0970924127570098,0.1788070661529191,-0.8548527646889945,-0.6438971802022383,-2.0872993855913218,1.8644627340863522,0.9513524432359592,-0.9988029649598249,1.1327544412309245,0.4753030968807881,0.015512330270851606,-0.9744250099602764,0.10667026697193448,-0.01454512863451576,-1.9095256458209722,-0.9174806798111103,-0.12465093354980346,-0.7220791308757379,0.5636325978995625,-1.0233942872593784,-0.33782990411146663,0.3673398167387251,0.2521144456684486,0.30401422682893553,-0.27007631486997136,-0.25862524991208097,0.07414611961389864,0.1958782855716155
0.5261272075633501,-1.8093607636477862,2.9445176011096867,-1.2415274778488132,-1.6988183618956576,-1.3748205654124028,-0.782350027675449,-0.1641145775856213,1.1125075625876106,0.3964353866418687,-0.05068488424356083,-0.11950708602635353,-0.31620825988035667,-1.137598868367557,-0.1444476845210072,0.48511448762294,-0.5858193053515305,-0.7390530791771677,1.2272911761222283,-0.6783795553824828,0.14756570933645657,0.6254201364183042,-0.38303044122496116,-0.5614565121122215,0.25580858405725987,0.3579166529887144,0.1784248607499726,0.13092986341516524,0.2864607140766208,0.1681516395248991,0.3126887529798754
5.938901789198933,-1.9128362602354332,-1.1696998521542452,-0.17625431823094662,-1.0212779667213627,1.7211346830367884,-0.2057380113395593,0.8911113588089494,1.313036022416454,-0.27334685452033447,-0.976753991847737,-0.5431014915136152,-0.5712060248437084,0.757085245357472,-0.0034551829948549595,0.3857944137294204,-2.396486839371266,-1.2685296526297927,1.2036970107070595,1.1128958817489607,-0.39798464617468127,3.0449307880312872,1.0241406506090105,0.31124985564425356,-0.8463465732405946,-0.6944210416273271,1.2452929341711014,-0.011987321440112383,-0.5854595912188754,-0.24224964214168662,0.03166776732022548
0.5508394171317887,-2.906542134882035,2.0460866502349218,-1.1920227494066555,0.688522566637125,-0.3620339472265329,1.1490477067497396,-2.078912841890244,0.9357091025196425,1.608830060722172,-0.44522808958576354,-0.7076668815950652,-1.155221250803603,1.1465725117253238,-0.41342899722411774,0.5400843923872797,0.03952689895200707,0.06735199536283003,-0.49081270522439324,-0.37227962342900134,-0.4474184413583754,0.2639621766870805,0.9048508397046929,1.0052756999906072,0.16840474225916657,0.17641381250298332,-0.5213314624675077,0.784287654866259,-0.2259265318061191,0.16667740952497404,0.1526405552780339
-2.2298621043418803,0.30887072198793836,2.3127878750479343,-1.8698976840593182,0.42853757886277877,-0.02725083600131844,1.2103742901246024,-0.5779262850543201,-0.610243611916504,0.044397616998614116,0.3544134138825892,0.9656464581650316,1.5534549520210998,1.2876248279445823,-0.35905462744765454,0.05791709054789265,-0.19705454402235179,-1.3021032349012331,-0.3464887872199371,-0.5776158022413812,0.6941167571762904,-0.9940941933268942,0.681202209410687,0.48567305677897216,-0.9417077513146273,-0.3782783827204298,-0.059736692830637816,0.5925131019996893,0.15669924166404398,-0.09211191653609531,-0.095956206291811
0.6942378919558048,-1.3411878169613471,1.4545056066201298,-2.513505030611624,1.4798643387448287,-0.6623697625315222,0.9236829670893366,-1.0725620047396691,1.0056030215485932,0.15471955602839307,-0.10896555084004521,-1.1436606452977154,-0.10077637956800764,-0.5715031553855616,0.19656593827672444,1.0781107394773748,-0.22380526658530245,2.8030868518227967,0.394019898061442,0.43158258503185837,0.13438073970074077,-1.7371483683474747,-0.6787884213256704,-0.2636555789727467,0.22520190326929607,0.3030873785043887,-0.37511544318136975,0.5885800549348538,-0.2702512451821076,-0.10529400280774935,-0.0032057484469659504
-2.5932591014907396,0.6247918444091629,0.7683557536423268,0.3461293046539672,-1.2277704844740087,-1.5154565794553845,-1.224608421076655,-1.1344226018610788,2.3083182761458687,-0.38784268200665045,-0.480662257641701,0.045673271389490365,1.2897276552896748,-0.16547282930956372,0.40051293842263247,-0.2910608930458551,-0.31943620123881383,-1.4759265732696536,-1.1639136688941343,0.005354099701766952,0.8450119712156657,0.577391146756634,0.9168899535808042,-0.5826080533022143,-0.39702994002635184,0.6545423859604285,-0.28363865709772335,-1.0530345380863333,-0.028207282237175266,-0.2231852140570359,-0.03894194732804601
-0.4283996193497091,2.2614789777340003,-2.0912956461821994,-3.230116325598898,-0.8653658019341228,1.9260543808566208,0.22768252889823917,-0.3339239038563882,-0.7221742165800894,0.18496896665114568,-0.8535452299626255,-1.1559017551599955,1.6966912200865572,-1.3182497028537876,-0.30921670863050776,0.9359502005840646,-0.2895876080621914,0.7759662301446892,0.9432457677597733,0.8549839344109064,1.4712247285901616,-0.5303716998133373,-0.04731028781118766,-0.3907756975554315,0.3909904379721723,0.2232878700558377,-0.08442797953978136,0.19703735765274133,0.3605012139823987,0.6590208842463476,0.8283281727440494
-2.4194247267177422,-0.5128194353880319,-1.0283193353570488,-0.5391801449492815,-1.8146725067145164,1.4101155293031404,-0.25454464234138474,0.7721530058525118,1.8907335134068852,-1.210926144880192,-1.7671187973776261,0.2566861310818879,-0.9903852271526509,0.429800106531876,0.7432569850674973,-0.469069999756255,-0.4083783880926293,1.5818819759067273,-0.1352311262083666,0.6531996210660046,-0.8565155189839099,1.0542701253813316,-0.11099357318674721,0.041854664100649176,0.3968382396885385,0.3721676762305602,0.05608557674058464,0.07800405551656465,-0.312471566465577,-0.02041946653205048,-0.1780560427211358
-0.23669380493517367,0.7828222740451117,1.8715636635252981,-1.4825748462117947,3.0255599304442002,0.6245453495182915,1.8488408089932602,0.8561071760520946,1.8070283112747605,-0.7591751842418967,-0.6110188328818051,0.9517313037257837,-0.9234253126556051,-2.0675930556075164,-0.4949186863429833,-0.09101373072968388,-0.002125128057590613,0.09512565705546829,-0.40944733494002883,0.3257149632670224,-1.4285097895093728,-0.6343823842785361,-0.009865639856300304,0.6067909916761016,-0.7333004435476266,0.7329257664442892,-0.07383926742478769,0.46866004857430266,-0.29220707995341194,-0.3351639905878828,0.11366752879018706
-0.18723476206802092,1.410120112266717,-0.14616013301266462,0.38804446793603237,-1.0332745179751293,1.125052655124177,-0.9802245264911625,0.47105194218655155,-0.020146219097225734,1.1709511211339612,-1.5102184790227133,-1.615316226840965,-0.02927266902676102,0.10381011223782327,-1.2418148421154922,0.8528946896063058,0.37516828301074356,0.27380388140124645,-1.1908449305222941,-1.6557038967964512,-1.2043168309551269,-0.5200747020111225,-0.20963370779477652,1.166872123215974,0.5627436760713802,0.7092004325537984,-0.6273237381084996,0.0616417913247997,-0.2827335737798378,-0.145762859303905,0.082338005848381
-1.8467811195767243,0.15948822818001904,-0.29993659589025845,-1.0437919356180354,2.2998541438543207,1.0414059373585456,-1.4959791906543687,-0.3355270589316323,1.1363172356203166,-1.14548238274015,1.0978322119031443,-0.5083681254302999,-1.5100452301746288,0.29728080972134285,0.3014042822362514,0.2646075389207924,0.18517721605888895,-1.1276284870912574,0.20646464258998734,1.3657032677621863,0.29809895058703856,-0.5424075767162729,-1.2816854528228412,1.4277053165969111,0.02880516010639071,0.3577731898526887,0.10349008426702062,-0.8906405823490778,0.4603570895929037,-0.21562143459439212,0.2865723060309231
3.4452692636755446,-2.3983793823518926,-0.7287204396027195,0.35068748760057333,-1.5138453146087811,0.7857717982206808,0.42643487664204105,-1.2138956859742762,0.467055221984673,-0.28163415120171786,0.9793472382701575,-0.5208966563312839,0.9941029383062299,-1.7716165877654193,-0.5265459849345966,2.1174933756783823,-1.2507555073398942,0.25834961743453155,1.4065130957664067,-1.0783486729401428,0.2920014679477162,-0.387750432493181,-0.7100671452535615,0.8871547446453881,0.13243925892640604,-0.4802350805142497,0.5508179316172697,0.016930151281466417,-1.0189908572808515,0.28088287857090066,-0.40852980378173565
1.1874271525503894,-1.3476528133817578,2.3856342287712087,-0.9592846063307512,1.8220242118208625,-0.08995251888914609,2.105267578991984,-1.2404327886047881,0.48138990985979435,1.2493895500319767,-0.0746185951200448,-0.5369641700872944,-0.3554581585656495,-0.09118646448954644,-0.06707163590494418,-1.3309591362453848,0.8354594229276934,-0.12463259678319974,-1.0868822480573095,0.2879594812979547,-1.8065794412470713,0.10108765822662397,-1.136542958864178,-0.10866427805501536,0.11044981018664622,0.2526025387255302,0.24934827680082164,0.28708723436201955,-0.670560434142155,-0.15738942804309647,0.14522153380401673
-1.4700737632891527,0.9166394517677237,-0.0703433108933062,0.190616840214102,-0.4402171065298414,0.9754225023015323,-0.19109102121048271,1.4928874589918395,1.0402808963208732,0.437012147689493,0.9204057514186725,0.3783618532451416,-1.6995004776564056,0.22321009978598397,1.4253598550112478,-0.3591567483430222,-0.7435616588538537,-0.7904763850867416,-1.4731119804887634,0.5595084819880317,-0.9310334691204936,-0.7296720638012709,0.15362456324746435,1.086475561315402,0.3083894907069518,0.547146500459913,-0.11167407800076948,-0.2726997897252757,-0.12630181245061098,-0.18745987082540244,-0.3469310301805446
0.37452430179698704,0.49308015694223684,3.3329313680763857,0.004809864367756106,-0.1711202372162824,-0.5752189308272001,-0.36382762533766055,-1.2211788632163671,0.9040268061837616,-0.00823090139003787,-0.10434273870135978,1.0570955563826328,0.07888173414712223,-0.76885443577933,0.8408707361848274,-1.32741240829969,1.2488690435937875,-0.14212675327387345,-0.004634871350718174,0.8746270877880575,0.04748947006471056,0.9220711770256266,-1.2300523000246129,-0.4816035469865221,-0.8551094848957389,0.6273446109311297,0.05293269325439823,0.2578138965936145,-0.3567761752367417,0.31801956980401286,0.028199935934999393
0.0688604015503675,0.4280275402725844,1.0087269207182463,1.1494786776591956,0.12173900032638807,-0.7120232898782571,0.5883221550937167,-0.9857680587035847,-0.7768483968367066,0.12761630281659955,-1.870098435120169,1.0758070128134403,0.42176439547996186,-0.9875344052196802,0.44795751256355126,1.4403033545169586,-0.8378596355755084,-0.6101307390311848,-0.7761810705680281,1.6053149963536721,-1.0354518667334758,-0.43648412443130347,-0.17155784162509644,-0.5882365267884969,-0.7819010298694969,0.11399907920413212,-0.35018814339142706,-0.9655599463677528,-0.4559758943431847,-0.08641683842495862,0.06406328301839434
0.9001991791838878,-1.6503476848541323,3.132599745421504,-0.30380690351137757,-0.36875878299350845,0.19824442773978118,-0.5898144634302694,-0.3557416818125798,-0.10978432405653268,-0.7024511406087013,-1.0753325833024456,1.2680663062710085,0.6563033041310781,-0.808958871949282,1.8861710593238648,-0.33572295647338307,-1.4938663421229859,0.9945858427364741,0.45772251320483565,0.017327850866986225,0.14284602741129088,-0.5640912646172865,-0.02248620640153523,1.316413770176639,0.13087777346051266,-0.013108857302574986,-0.035860690573919156,0.2119215186476059,-0.6094187950396993,0.19021325512683745,0.03947556787769176
0.9951847224584616,-0.9847454734745992,-0.6646741887058575,0.4489269087575019,-2.083610381110745,-0.055608692441282165,0.5342158294368005,-1.825499906359703,1.25207622096858,1.4135884053433994,1.1118663690848765,0.7945954522242844,-2.4723059902170834,0.30763098082363105,1.4680392807485783,0.8613301348386931,1.2164925724957223,-1.5027253764962558,-0.5131425664805946,-0.04759459578262946,0.07943152354425896,1.0426080388617045,1.0646898498132498,0.6187927958847239,0.15010449868804418,0.3299470935848866,-1.297463750017512,0.45950278687928353,-0.35958621625720033,0.10659730531484406,0.45561635092833974
5.888169073299047,0.6964436028390874,-0.9885843025714525,-0.017741825704328872,0.31211507628318624,1.7721494340010873,-1.7554744991358713,0.5727764406549326,0.26833129108717313,-1.0897966138550668,-0.5541863465254983,-1.0711111655370102,-0.14029662764609876,-1.3372413519361976,0.3535307680338566,-0.5961465942912881,-0.6602199971800076,-1.0796792741446124,1.0917909064849871,0.31563915656718927,-0.1887555590422148,0.27814428432521704,0.9531477036557962,1.8343355117952016,-0.8756622240747548,-0.804884922145667,-1.3763144236973919,0.26773863534743175,0.8778246840772838,-1.1447903313601608,0.15211624233350007
4.829893893440535,-1.2086689154655943,-1.6162075045668367,-0.6213756873371218,0.5758550686626442,0.3014002259683648,3.823285853902538,0.1127158947111993,1.500411593498184,-0.43282484476289207,-0.017449387486622663,-1.7913487802258505,-1.210748727332843,-0.4980466074162332,-0.5801701752495784,0.25064038987153026,0.8828545391089598,-1.8472985281319794,-0.4007393051625568,0.7589141982348231,1.4569932977886435,-1.7868575871063817,0.6000975709309702,-0.30030117740611373,0.19564191387546992,0.2511476097593665,1.3709310505384973,0.5514074087365826,0.31051705690637615,-0.06375333165834723,0.32153852725675874
3.9447024622812177,0.053478349240070625,1.283044275070235,3.5167040098695574,-0.5714564165080799,0.5372028910707239,-0.118545344022591,1.777304914017677,0.5292816282060097,-0.8253765538965586,-0.6246275876580383,0.7075923734961523,-1.175770883309984,0.49560334144473767,0.1310737573742701,0.6549417406109611,-1.0468077587771007,-0.5848803736096635,0.9978065510829457,0.23333443119748093,0.14797125053281282,1.5984220177261743,0.7249485119529454,0.7895137400268752,0.9303726726372039,0.6245521922696837,0.9065556265421809,-0.008546184167221242,-0.12619668224197605,0.18107182838320401,0.01581405691901533
1.7489686565543818,3.3728849294980674,-0.33732651705682265,0.3286927560261748,1.6014242657504607,0.7856915445372076,-2.628870772172843,0.998373143700597,0.4109203634024095,-0.3167237939110346,0.7463439019915562,0.6022692352714123,0.1417092345134757,-0.25443681444445687,1.3295065886487183,-0.08971333942906996,-0.7542512498822743,-0.40124699714757733,-0.1802068456194772,-0.6853393483875605,-1.3845140207562106,0.35896513015565573,0.6223931307853701,-0.5738476777050643,0.9920310102514037,-0.2998410709164579,-0.4423054898958071,-0.03470893141404012,-0.15629499467793603,-0.1392330087071018,-0.0007672349390935296
-0.6795583426112705,-0.23733022929887382,-0.7120514766691683,-0.2868343076884192,-1.1257940406206552,-0.5634583350922655,0.6182226073294562,-0.809449934041014,-0.646523995195474,0.6167142301592602,0.5189503586411952,-1.5961002574063732,0.2373024627252941,0.4664843128762101,-1.4780896477096126,0.9467994863101543,0.29542465489511355,0.6370182582623651,-0.5345843836626503,0.9010049268947067,-0.9622552295285275,-0.6573637572388513,-0.19096309709085457,-0.03111561612430369,0.21174343169740623,-0.24902828093710094,0.5021190422369756,0.10112753708592724,-0.3530170731650097,-0.37697615643645793,-0.007508250576403495
0.30648598789893455,2.462124289483475,-0.14572848777128955,-0.44673129137761963,1.34913053115834,-0.38837636431659717,0.2676022229094544,-0.0819530686161721,-0.12620065552372453,0.015244454327614409,-0.11929829355432452,-0.4917631778764457,1.2591836338317,0.23134873746335327,-0.76342092671543,-0.5470693908744069,-1.0409225710260492,-0.44773012284105446,-1.379311329920406,0.8907668325950115,-1.4298961703315483,-0.12227544446450865,0.9535821976356859,-0.23166776138701592,-0.770038313600025,-0.795829581985046,-0.08444758333076001,-0.4094177392368135,0.6121257466391842,1.0300813115053804,0.2103118495029718
-1.8061724505489498,0.7076929373533525,-0.4495239231356529,0.7641855347508263,-0.15079313607571315,-0.12206532460261939,1.6322656613051265,-0.2686975918816191,0.5386842177156589,1.025458499060573,-1.4409924672498626,-0.13718328642845676,0.06423628714034527,-0.8755424130483646,-1.1386089379224829,-1.2622125576767864,0.11251404023065072,-0.36645395699363964,0.8160108825053884,-0.6090528746276322,-0.5440263265440411,-0.4937654204657533,0.11092950295735537,0.3015092213695688,0.029769658420167974,-0.5802210406706273,0.21798747629639836,0.12328753240333376,-0.024663966680407892,-0.14918240028902569,0.04634059708742782
-2.8651812079429013,-0.09310569071236523,-0.2452761702733292,-0.6198689041761951,0.10113323005525061,3.1225918694544212,-0.9775587502963498,-0.027868487597620745,-0.34962047680379,-0.6897296056642666,0.5193620392912719,1.782630962973168,1.103035712469739,1.2058510914770968,-0.5853712963284624,0.0014545092934462674,0.6233167517359801,0.9599936320702551,1.2015072250078012,-0.2612648303461802,-0.9493422150016545,0.36119525236669187,0.6765933532196258,-0.5678002184838058,-0.06880038820176029,-0.6282992334567775,0.09372050957117291,-0.7253463677075186,-0.19290188035913233,-0.25826738275783373,-0.11824681487798554
0.41641362374200597,0.40542529127177007,-2.278016663346061,-1.9667497881391436,1.0112929684298135,-0.7513010029832496,-0.6167101233510573,-1.1101263367133456,-0.26201924104575985,-0.5959844271106203,0.3768859597727965,-2.054308643195321,-0.7357022501769244,-1.5358508594706612,-1.9187838082380066,-0.5744397947691582,-1.0315084200399296,-1.1329927148500438,1.224277067261621,0.6365757551032846,0.9340715599047332,-1.9127423278658284,1.2519426409272338,-0.8055790510818086,0.4698294575840399,0.21816595708836609,-0.01514702200483195,0.5766660626584978,-0.07893957638686643,0.18227130349359175,0.03405355198221841
-1.5669634584095742,-0.58916342223144,3.1588083114287464,-0.2107091641675664,0.30157304381123223,-1.2127258766282245,0.9334741566606416,-0.0057739886551147635,1.3391785419625628,0.24932281908776233,-0.8107630999205044,0.015641775533512488,1.072188852573059,-1.1693735848920688,-0.4558295837742443,0.1091487198721969,0.6430766322192889,-0.18844069761728996,-1.0117625727467126,1.0294521295445491,-0.7269842180190317,0.27080101635970705,-0.07526451420788054,-0.4860381486824098,-0.09727669081559638,-0.6758578432769611,0.06071033397028063,0.21593274762463732,0.07122132568907935,0.15649055017911934,-0.03174244725914964
-2.6422052777931957,-0.32978479587213155,-0.37785153902733537,-0.4195461453104858,-0.5430549356222182,-1.7411363556980812,1.0150302512717209,0.7607584685940211,0.16622554660869038,-0.06159439885600858,0.11254338770598901,0.31682608607812307,0.24394538679539554,0.5967389927833513,-0.5641938584235096,0.046979883089299686,0.28943763863765276,1.7603291975758146,-0.2637950195793762,0.6668652798170932,-0.8435173518880988,0.13987512073498093,0.37824983257179673,0.573296141857288,0.04153321695065531,-0.6903791310322174,0.22105982503182495,-0.5798375592622278,0.00921204902755808,-0.23631808107417068,0.031605585089129876
0.1743332026001386,-0.27061628939470095,0.7220004399926885,1.4791075697481162,0.21683384000194977,-0.5996870654765536,1.1448985880158902,-0.3001492419991522,-0.8694538452043629,-0.24479465342002157,-0.4933318896694212,1.0423767969280993,1.280141223053172,-0.6321089775240838,-0.000344277015967519,-0.22554275929349973,-0.1690170849356676,-0.018511771666534487,-0.667054758534629,-0.10288206830310306,-0.28954703621519706,-0.348344100994815,-0.7044572204014588,-0.5775419029293576,0.7466139443300996,-0.9988852754590228,-0.7733305598978254,-0.6022559285401442,0.029390250742488376,-0.0368729283437777,0.038702679320785305
-2.1573795050547315,1.0836113342251512,-0.8339232355865833,-0.04527537642731622,-0.9808396384324164,-1.2866661583168881,0.22963123256273105,-0.7447902102611764,-0.8277383018260547,-0.3977072735446358,2.171556194334457,0.7887857336082489,0.25173037239729434,-0.4548920379211723,1.3011554284258084,-0.21384013949990138,-1.3273653529622513,0.08094937586357855,0.46176405537089243,-0.7341211068979798,0.7538221624406892,0.35816010286226346,0.45811085064988466,-0.005532414045468809,-0.7104493154046708,0.7346410787389972,-0.08617168848738636,0.3042332468290256,0.08165934922812985,-0.12920002275194523,-0.17774309757807397
0.4350406937622251,-1.5212310122877153,2.5111301268236446,-1.8010545112216587,-0.8980326018102593,-1.2549560193366303,0.0734647537766262,-0.7738812570690304,0.9040345129055699,0.30334066687381134,1.8072307088790547,0.5705220818740975,-0.21712271993491983,-0.8792331760776948,0.6408426249379521,0.4338615311086931,-0.13356656642470177,-0.3590537940066256,0.6149241961034584,1.1447053515492907,-0.5263117475575978,0.5928862527586352,-0.8606487510560706,-0.7741188247938271,0.01419145030108047,-0.16374133658794893,-0.16255035980063456,0.16180831001834028,0.08263806038105541,0.07062891579351555,0.2610565266445087
1.5839218940814277,-2.9354716715167015,-0.9956914923248208,0.08144611478887284,-0.17572448057396886,-0.7048208546130694,-0.10022082225358876,0.12927845470112548,-0.6160176236432927,0.37871134419644703,0.23824348310127286,1.7922703865409966,0.03780031025487947,0.35307952943777965,-1.135935785870358,-1.1472347061096408,-0.5597426415959772,0.16696791330105432,-0.6194629284420212,1.7677994758784914,-1.3628623967614213,-1.3084349462672338,-0.365475810891089,-0.6726744304109901,0.3802468588372865,0.36048532400858607,1.004971725804427,0.04211515455437394,0.453370446587551,0.33084396205295896,0.18584336595283704
0.08257027208796877,1.7995620933055894,-1.5780516416224053,-1.5924211596801805,0.23337729533837803,-0.2452734969161653,-0.8632048299284764,1.8237902184427215,-0.21728766491588386,1.5132207155883748,-0.48034620251616633,1.8170988668174568,1.1263895657468008,0.859450379542559,1.052627528966337,-0.21989818105724512,-0.1769207029636901,0.8958326094912225,-0.8583854702159546,-1.1196140844315083,-1.1191196128184222,-0.6107453552110351,0.052336699454004744,0.8001637881227285,-0.650157923913453,-0.31663514416648475,0.015045671717361323,-0.08590677087168687,-0.22409677134474804,0.2291629758641844,-0.33529801126814335
0.44059767050291865,0.5414546959930536,-1.5582619220390665,-1.6051436553112628,-0.3438790911637596,-1.613705622654766,-0.34111565814852496,-0.2785717989947984,-2.0126260278981416,0.1532099108486205,-0.00034275206649437385,1.1008183115328083,0.46300581669042173,1.6111214935674516,1.240713333565774,-0.1187711720504922,-2.3978450237673643,0.6902496487778264,-0.3526534210933318,0.28476011120420464,-0.4373312587335164,-0.261843190105281,-0.577433864903413,0.5933653732017522,0.11653990957089255,-0.6617644744988679,0.008490918825372583,0.23391216695397443,0.0644199461879817,-0.0806895321600426,-0.41945662213535057
-0.21892517585472132,3.3374509881210828,3.0818805059711263,-1.497120307662158,-0.6063776770745376,0.9049665005303776,0.12700588675521216,1.0383182233774209,1.2469957604888429,0.591966662787517,-1.1754968363709406,-0.36722334169563303,1.24422371320331,-0.9504437698467334,0.21522258365005265,0.06638032697767923,-0.5775316276343309,0.06442386496668688,0.6420113247909486,0.2058682244323536,0.6880545492440151,-1.3490150504669802,-0.23965160464639873,0.34451506933773074,-0.7995150441530231,-0.2983678008980097,-0.039180109678809895,0.2958284168132153,0.09268843552660627,-0.03370878635709232,0.3249343547674572
-0.19899636651493596,0.36328763260176056,0.05161189486653711,1.639691247974416,-0.9018045924762966,1.4167614953294037,-2.634559390564941,-0.8546645459230305,0.6113328094780107,-1.2643552969029914,0.1278460851095652,0.4023511666297965,1.5995069656101963,-0.8468200104301301,-0.7499876163721647,0.07735299311186371,0.5816287467947768,-0.38614074203583015,0.5456253789857886,0.49112635099083807,0.07361117604887692,-0.19704596964187404,-0.029905274178123793,0.5762859226801352,1.0815089001970424,0.2902008340935354,1.387098439658477,0.4049134419982446,0.6011657855329441,-0.1392383415458822,0.19272660390953766
-1.4438572181194442,-1.2060353093027083,0.022827701955189874,-0.5350681432867102,-0.7548389093503509,-1.389690509100575,-1.0603068127318893,-0.009460691189517943,-0.9581636472217483,-1.1424744192905545,-0.1078140849401051,0.7681303427866937,-0.412978022977491,1.011522664586205,-0.5508676395758727,-0.4193360455190963,-1.4265545751127728,0.8741763092632675,-0.16985420852691277,1.689147506206606,-0.6562452846810037,-1.2770163996464854,0.21227586090006126,-0.20373244962852347,0.18254234351375365,-0.7040649197748909,0.017845705053048114,-0.7424495677556296,0.12058494613466408,-0.18736102014526845,-0.0857594301939412
0.5330106102595829,1.2497832985624497,-1.545510791043357,-1.1306928306103037,1.9391982054949497,-1.5325253201314253,-0.17681210362895514,-1.3054700607382932,-1.4520758308545267,0.17686683325823294,-0.2629952223951538,-1.1821482005532353,2.1656839007630224,-0.9842203541303982,1.3478106461880857,-0.6715054886478556,-0.06963677446562036,0.2837281664634826,0.8650376220499003,-0.2893865877361182,0.4621702219885011,-0.2810920928745789,1.388728369448631,-0.5613125567637044,0.20917290704193364,0.06266183743582573,-0.038967587246226565,0.09804272341219365,0.22402211442587328,0.7833929604312332,0.014671782111798657
1.8168315215881041,0.5633511070978682,0.22364593360064094,2.0541659956568075,1.2081069464256262,1.72352232704339,-1.2963664350440192,-0.22779228310240537,-0.9754790762890522,1.450777323564886,-0.5042918921312599,-0.7802889866391584,-2.089744918578807,-2.0142063422382104,-0.17260477940406388,1.4327593038319573,0.27490235909458655,0.3681583061628312,2.151173558864925,-0.11113312395533978,0.6860255271311495,-1.7052061405203545,-1.7683624360139722,-0.3613226868124796,0.3835580617714083,-0.8268198897517403,0.48177610419649136,0.28900116091942685,0.02489446556565502,0.22201581229777262,0.11188045774710134
-1.2352156155464646,0.20057717109857207,-0.17737620868315454,0.28278859793025785,-0.7658570541878036,-0.7747426926956126,1.1311709127939842,0.2923804987473751,0.16123826453645665,-0.3021483432399363,-0.5093601442518533,-1.132980895270018,1.6173422781901796,0.1897021625411687,-0.9793338056576969,0.4270838518488039,-1.218946141097661,0.3015086472699823,0.7288864938063873,0.5659695230835896,-0.8124299076199082,-0.2994088703938128,0.3376025261974706,0.15830986719225773,-0.5862569296932139,0.033552571493866964,-0.1760615627729121,-0.34217083217396904,-0.17607333691411223,-0.33041152553895425,0.3759171411070697
1.7754172383390519,1.5675879218016615,-1.689204856379965,-1.8037810957704767,-0.5704055315753426,-0.7768111657846369,-1.9307340935022894,-0.93307841341493,-1.005691611587206,-2.213279195802689,0.018908971195048058,0.38472723352915433,-0.7004693902555568,1.280388801004239,-1.399826892677753,0.11040367546933526,1.433687223238478,0.3646111640983621,-0.5294510297204637,1.4332533938241157,0.02164811549713812,-1.3913607687461174,0.9247198739503538,-0.9952108807044333,0.23259739056961087,-0.5369640090504062,0.24192209659500039,0.9317527958853565,0.9547509018484732,1.4382191230873838,0.46524189473701333
-3.0383522324900065,-0.3393245600024049,-0.7066258746768697,1.550578621285555,1.6593404968574728,-0.8020000117848461,-0.1811861153522819,2.0016544766184143,0.018484999040590894,0.6821111370098913,-1.6022514256749765,-0.06143893242902949,1.5020590887381906,0.3336493691271553,-0.48883042096313617,-1.4659845175301982,-0.37800529297928975,-0.8576908469066546,0.680298894231001,-0.6901624963204921,0.049599571363049585,-0.1488104876734901,-0.040808927422137674,0.506352512985698,-0.8220777747607273,0.2967159124885815,-0.08600283622466325,0.15285081591125962,0.32060620255633016,0.15695419243726091,-0.033107856010449827
-0.8481425315361091,1.5713322852607177,3.272980212477248,-0.8101695460604689,0.4369800509830136,-0.948091923491478,0.4646599383017933,-0.3733168275252661,-0.4395338995605604,0.4045796708151859,1.2946400628921277,0.9867985944172037,0.522791200385955,0.31207671969766915,0.6516979883632458,0.2383396566715189,1.8131954292098924,1.8091225614241746,0.3663505200873348,0.3738304588802592,0.8384403592585787,-0.015593168754094501,0.779238402553186,-1.0736314953948636,0.7979182801694785,0.24515147871729473,-0.253729284137435,0.22455724515837236,-0.03030148772761721,-0.1614158908568432,-0.06343958676355713
1.5728374191517036,-0.43982207217184643,2.1117074273490113,2.4956248885583294,-1.0381197667766724,0.34613272186195154,0.26534148007740477,-0.36544800294157553,-1.9469001396556977,-0.40201905358514073,0.6001037252858126,1.215646232557327,0.953723049872766,-0.08244045914250565,-0.4456361670636316,1.02637192270712,1.1642385156605,1.2985751688764786,1.0774790898046127,0.7045829755078118,1.1196990491169125,0.8847282693047339,0.32579540028838977,1.0079224724034106,1.77043360927337,0.4626554361591948,0.1704927717901167,-1.0718664275931766,-0.027243120070719502,0.5870255968664225,0.27491505744400235
1.095868161335505,-2.435250112692904,-1.2470722581447178,-1.1932280513778644,0.1642886601153279,0.2749427474288719,-0.7719108970260199,-0.19758988783223733,-0.13716528261654706,0.13530093771274707,-1.3393015693610453,-0.7195618626638534,0.8125368434714197,0.33102811628724593,0.4744743275163374,-0.008177682858379434,0.719864900146529,-0.11128276495494208,0.6844286510542479,0.8952700518692823,0.6714767577441733,0.981949840193305,0.578622197142925,-1.618092486014137,0.24687056825677398,0.08660233876360805,0.3489015962356026,-0.7164112570781757,-1.1055405458656156,-0.2608569095525267,0.09596318514467615
4.310575663186885,-0.26086670805185824,3.0261146673116817,-0.9193922895367796,-1.3331839298661936,0.2014645065029736,0.24266356690245683,-0.8073485518529379,-0.7061628120756419,0.8721674151745002,-0.46974291444301874,-0.37460180470692495,0.3348208995731025,-1.2587389463309986,-0.9037928346164311,-1.0459886599239392,1.4483701202543324,0.6683496099073196,0.23406542276795217,0.25031071040448966,-1.2299620868698402,1.4840407319753275,0.32655046113221825,0.9765442972871188,0.31033824880164923,0.3577162671987793,-1.7528737543258384,0.3042179526261127,0.47758038673077735,-0.4393234398585405,0.19281044852847837
0.11327588878914266,-1.3517778099180335,1.582323777320109,-2.667026820323706,1.1689444797961677,0.6727935281944996,0.44808821446094715,-1.8597459434298529,2.340517252998858,-0.7852207046388441,0.1519118967821147,-0.02447446966808113,0.28532187220822863,0.21839879876203738,1.5979626114318493,-0.8784445545902595,2.1752946373910795,0.1087633157002083,0.6458626208692738,-0.2868041757344,-1.1893839605321872,-0.9251668640887563,0.783465691296477,-0.11714631442332277,0.2621681324588565,0.5071788561123577,1.4473348764091574,0.4548786966420026,0.25999928347498846,-0.6583388016585028,0.0756229049318335
0.5505280631356578,-0.8334051236791401,-0.04326819320133876,2.7788455595657995,2.319130545685771,1.2147726235105476,-1.1515566327768916,1.9031867339743613,-0.053316208995762074,-1.7206289236538366,0.5276668555226993,-0.597365033055469,-0.5077756543848931,-1.00199209723974,-0.6061065443554277,-0.31893916356305674,0.08301537479394555,0.38544798825390847,0.03003318197626392,0.4719847485962589,-0.606444441326876,-0.8740018746894405,-0.7028713567587958,0.10662233551287233,0.7928349234555337,0.09267049810115745,0.09407438817642369,0.3671738487515416,0.14537299222599426,0.09637330536115689,0.08403059170653336
2.8502311225082364,0.417445915578266,-0.1277384402066774,0.6888861763112398,-1.6461210376274016,0.8584728482366347,-0.8085873620582553,0.879532768695946,-0.42885600909449445,0.007055302590076916,-2.1324526274260256,-0.08667653015555785,-0.7127567289446647,-1.3382799421469116,0.20564137407261276,-1.4604901424869547,0.9850953340469837,0.7773685399453808,-1.1531944476428477,-0.9765661487176751,-0.5865914809479107,-0.7212568561155802,0.7945837751401557,1.4418302008836328,0.6134213660758486,0.8039285630530651,0.764252734360096,0.047113621493644495,-0.23646565629795982,0.5997783566300314,-0.04965022569143983
0.7726015466118461,-2.3002318208976864,-0.6106892601110615,-0.23811539940678889,0.4181736864645709,-0.4292550265573387,1.2619760673283764,-0.6856841889303166,0.5259164939564347,-0.44424710428052366,0.666155490668316,1.2439770603169316,0.5871991681506967,1.8357969394727922,-1.5080387058621945,0.802075095388535,-1.2270485600339711,0.9306630091683471,1.2095251857917968,1.1659622403064152,-0.68899507746454,-0.1817132152236635,0.15031949157481436,0.4856663617846636,0.2594776377912334,0.27337757707646554,0.043735783891651586,-0.3767080635299205,0.24351040882104247,0.18497703971563262,0.13872351526353313
1.2217366963337541,2.668585961474242,-1.4320518671203488,-1.144526825112734,1.0669041982432117,-1.0604244003790593,0.7418766980315092,1.1967705612690627,-0.8490013758952366,-2.800960893854576,-0.05368547860775578,-0.6841908249685442,-2.346229778607084,0.5276413836091151,0.025889960108157792,-1.7293122281048643,-1.064168080062291,1.4127394457186415,1.402861764283752,-0.1482587067406987,0.21500051409138002,-0.5780186989268843,-0.5635051500000232,0.20758034959617117,-0.021545095364042505,-0.6241285223191494,0.2073294253611445,0.25821416419154114,-0.7288600221559547,-0.5676537126387209,-0.38144381659189636
-1.897354097994988,-1.5588442447652597,2.2873617399725417,-0.7824766473280295,1.974392092575613,-1.019388886690438,-0.47690642456514837,0.5605505494323398,-0.07456334445159102,-2.5900934886998535,-0.14557746949920097,-0.044074158126133495,-0.354615683102867,0.3934514794741925,-0.3989335684410075,-0.7541729525477714,-2.3481447745663755,-0.8139693226626604,0.5336709051372629,-0.16016030411654916,-1.2008774658223202,0.32956384255017485,-0.16246412069265853,0.390280872219374,0.1502498352728446,0.3051972633417117,-0.08870044378217509,0.6086542995649322,0.0063638991569992896,-0.14723106336979716,0.17762570233386732
-1.216849251561271,-1.8520435166649465,-0.49056596637584027,0.5096224295961451,0.700639364588117,-1.4647051902163044,-0.4287359345383595,-1.1591036049379588,-1.2307027805066346,1.9055740999039585,-1.30480810985009,0.7763528793530988,-0.07806251020363789,0.3034848053830284,0.19211601883305474,0.1303277133772799,-1.2186262356159754,0.3059032093127408,-0.28378787706022773,-1.9140505877823162,-0.19902907077592177,-0.3073280265969437,-0.41253706818436336,-0.037152792577873794,-0.6747509025443207,0.5639586985295583,0.03153485417873835,-0.2662848906756582,-0.015813249422807027,0.05366899404575461,0.22521394518357127
5.864632619455295,-1.596756528165111,-1.7643048003801147,-1.0644783491723362,0.19866641867312798,-0.4547224227028722,-0.8217981862243969,-1.0069359517721015,1.0319462124039507,-0.3131390137270854,0.584557480921188,1.0002732665850904,0.35634373010755493,1.5807670013309534,-0.038267687202178935,-1.6677704013938768,0.14541611530173004,0.03652160864106322,0.5882493394398307,0.45286310696405707,-1.5954802392642145,-0.6692313303756567,0.21861775036264727,-2.3491368021645322,0.2455693446979251,-0.18999204430337407,0.2667168629437099,0.5969532278821257,2.7463225702859626,-1.1463761885580674,0.02949629844017129
-0.44960548863466365,1.5019642306316476,-0.41548881457110454,0.26600858472096667,-0.5369405690764408,-0.07322603829507272,-0.006698966595250239,-0.5241673860090501,-1.0565509082643674,3.019597186698122,0.48474937941214996,-1.2429809989051193,-0.7840886692634831,1.7107573373139906,0.15282307129386605,0.14564736338064152,-1.1176299715983593,0.4458743835862413,-0.14722788381151178,-0.6518143880237217,0.2976192638146114,-0.9353444743750802,0.6079822537447186,-0.18065142491501082,0.2190134939533733,0.32551246222489655,-0.10008555291191143,0.48533514955575924,0.38889654039920957,0.5540673664504949,0.5365978256196406
-1.7997391121437059,1.7191574369191918,2.6842803037845426,-1.9419035283164319,-1.492844047945085,2.2294773115662148,0.27978828334691647,0.4845742866293673,0.35616146441431407,1.3171362016284576,0.7735581982589264,0.39998152269805276,0.7881546633470429,-1.5615421252477066,0.3238512043067257,-0.9161644588734458,-0.3751577660716057,1.481240980843684,-1.5492601638517116,1.698454411241737,-0.1322255125753569,0.34186139918979835,-0.17380029944051975,-0.7087220257642487,-1.7156198871582378,-0.10683784762660883,0.008049688927273058,0.19018359384972636,-0.15788503272474422,-0.022657050838357184,0.1141089755412253
-2.877250005132652,-0.2080014050832562,-1.0781593482157557,-0.0975596025919565,-1.1070906789519601,-1.1060718070604842,-0.2508094324367228,0.36417708995751363,0.8637379797174269,0.8215603029619399,0.3058233456294723,-0.2428421012133165,2.232961059732028,-0.5881261760251997,-1.5169245601738968,-0.670848807165511,0.37525378916520863,-0.9894460909934181,-0.6621167724137385,0.24451723314794427,-0.22518629907495322,-0.1629466244254791,0.7203743322196768,-0.0523509122596357,0.23248185803621813,-0.6645115798304223,0.08748659246977393,0.11278595331864487,-0.111367799950436,-0.3388371253066219,-0.05554212258867727
-3.27531757988538,-0.9482918870828336,-0.19774510733299003,-1.1578449029386422,-1.4878032842455182,0.9686802769375144,-1.8055922952894097,0.30668230957750026,-0.7888343124009697,-0.5486619459269233,0.9745568279466157,-0.3261634229852273,-1.1351092141968766,-1.0665793605759217,0.23861523296417866,1.3326304367587998,0.7075284831033294,1.723755559143109,-1.2260195634375655,-0.273045442165616,0.4143248832803871,1.4824943479848744,-0.48483403388964147,0.09090325267384866,0.09975214224803042,0.21951541323514615,-0.15900795593597486,-0.8223273057191622,0.2856016635405392,0.154832748736559,-0.1109925012072914
1.868541527291318,-2.355051393501347,-0.47810756574448887,0.37654956670966977,-1.3062350885203395,-1.1682299601277728,1.066510352233547,0.36067323332003093,0.10062338591925238,-0.35892847447819315,-0.17155566628926466,0.6719776159148172,-1.2945281050631228,-0.3783093019606122,1.3589561528298348,-0.050755498023986365,-1.5432755310667454,-0.39779432070925846,0.9149048274982001,0.44652552483278596,-0.5926923117693831,-0.8125079518596169,-0.849148284186739,-0.7786085413063552,-0.015204745502404023,-0.6297053970949381,0.8113384292572524,-0.047682636700138184,0.18657076932581268,0.26878590765720806,0.2076639146512525
-0.9155944433087102,2.8485835915466944,0.21039548096529892,0.551362180380704,-0.35924351432604534,-0.5037764361476402,-1.2719348442356964,-1.408975288570318,-0.566628652517523,1.9729575062187743,-0.7227754263294859,-1.4239299578347884,0.45189423424106845,-0.5759265745781289,-1.768733382342195,2.1647124136710505,0.14628449375177832,0.38480266200334196,0.5150586218650006,-0.06499241850642382,0.6359956487357019,0.3701787235986204,0.12035582420012997,-0.28224549045167596,-0.6429810983957052,0.929003668653542,-0.3059776114997245,0.03914025434616858,0.6133833216507096,0.7666833909285097,0.14107579624970218
3.2953803250593205,4.0503920245754665,1.8019921004446298,-3.787017810917591,0.41495685308295405,-1.1887362043441418,-2.427475633913838,-1.5658577477928617,-0.5765059108495523,0.7435613073257407,0.07029405569864541,-0.8100372620248256,-2.1972061302526567,-1.5408517617649125,-0.898682633662536,0.3344886447258954,-0.7302591886317051,-0.12496612225616917,-0.8410113376191242,0.3735091248954427,0.05568892977791769,0.8473925335980953,-0.12992774136517687,-0.14576032762071847,-0.1271698902387238,-1.6663178520198993,0.022179246150232722,0.5493833351614168,-0.6203217970218049,0.30614119635484593,0.16695253620492134
3.195371128198778,1.4514689425781029,-0.348097401983582,-2.2134518150794062,0.7098838054249901,0.7019788964400047,0.4575350138255268,-0.7175158134757063,-0.015539981937193787,-2.050123052681637,-0.03612457954623877,-0.03683143392698089,0.3544490196768796,-0.8474684206020385,-1.2739498489154673,0.9254214710444645,-1.4455573175540677,-0.0863234737028142,-0.759409050928201,-2.23051456177732,-1.664610779611012,-0.8522980838646388,-0.49292947742054916,0.1649423046783047,-0.49595232443818477,-0.5938797963647954,-0.5957098326754133,-1.0580522261391845,-0.24270833307879466,0.4042590967869524,0.21485683533983288
-1.5054918530439396,-2.2054431495607796,-2.424163686924764,-1.2269523849526836,0.025547648326382063,1.9678514856696718,-1.621715247648518,-0.5797631651749758,-0.2314456148902181,0.9531758578782497,0.2581686997226705,0.6697953969727617,1.4270920735420982,-0.36892193443981447,0.4149286908509221,-0.4542488032800892,-0.4759059898653828,0.33134949754645404,0.6298571698267655,1.2055283571692168,-0.8067668681188868,0.49532334728450994,-0.8885325418830449,-0.5388170948020341,0.24218344118367832,0.2921930284166839,0.2176708735416336,0.4772103036074944,-0.0027847109354541535,-0.007199921178646998,0.044127515013313884
-2.4190796132655494,0.021672395414353673,-0.29672736893582313,1.9903513162235047,0.10053168037493156,-0.35246575366648697,-2.3968352100770884,0.1868064955443967,0.18780398687604943,-0.28673463753398687,0.4109525892157038,-0.66447316825639,0.8762981011552496,0.9979180875084478,-1.0527751057061527,0.2660350128803211,-0.04936049936218503,-0.2093079495782133,1.027521122707157,1.6637447224067086,0.2316455963313043,0.40574940469964044,0.30462887327653865,0.21952645353684397,0.6669711116990326,-0.9572929568818362,0.055119758788925076,0.5724372602433024,-0.11072757802398114,-0.052855505269169024,-0.07334939549029047
-3.0302213618177953,-0.3256437501968406,-0.4215014216024843,-0.2951397968945159,-1.5202196203259895,-1.647291509273612,-0.2703326358464944,0.3457799453366845,-0.8187142878049005,-0.32225016910187537,1.5581123184361552,-1.0910139405250057,-0.710950583687974,0.3518363885091129,1.9496659231877966,0.13134333247487925,-0.40140488325610985,0.19036605632778877,0.4549599193921284,0.13522486858385305,-0.10643293246869666,0.6711027064845689,-0.4229224730786627,0.6326889807585436,0.12679876680533975,0.3512766372981362,-0.06536034036455256,-0.1887539801424146,0.1884547633090386,0.05745419359413571,-0.1311606915941395
3.926407856524902,-0.8540129112256734,2.2403975073992863,-2.2325195515204905,-1.8392008723642372,0.23071199905663003,0.19368125307438974,0.22374951243496932,0.013972798704601263,-0.14067840694398673,0.11745225646283491,-0.11690053372046198,-2.441899158927165,-0.7501421817068017,-1.874750304510883,-1.2315301098177116,-2.236971094257981,-0.26436399405510563,0.6642485664981732,1.689183706225143,-1.292033582974846,-0.37709148546646765,1.5320127758768407,1.0128245519878716,0.7530719264180296,0.8585507789768049,0.6361414233748942,0.6190844287457643,-0.4162104975858822,0.49338727138490324,0.3978082047966139
-0.2910076202007544,-1.6736195871131325,2.483050072992298,-2.967538964438806,-1.401906874108609,2.0596989659463607,-0.8087587006823853,-0.904102433459584,-1.3723505195597625,0.7922435729090754,-0.5747372704670455,-1.2704187883013187,0.3317753495570118,-1.3112544902603147,0.22787904414634153,0.6674249550423973,-0.15199641388432222,1.2294569414495997,-0.04554760573947241,1.409304718095589,-0.7526724953398037,-0.4279538145123604,-0.97170755679774,-0.9249274983988608,0.3177216769615735,0.2975674778931941,0.3217541132622978,-0.16357710756761357,-0.2910135626365569,-0.04320561334470008,0.03375888426426963
2.5886039127895426,1.5515957814786934,-1.1751765119720214,-1.59310207913912,-1.8092664066448045,0.3636141343308984,-1.921779312204628,-2.067107273229026,0.5675001314804855,1.1060194466273883,1.9882626204110123,-0.14473646524863212,-0.8689430469652597,0.05795012697478377,2.0022791800420574,0.29020361143683604,-0.18635132054443349,-0.5475530418371444,-1.9185751935707642,-3.2692581123260673,0.2487566653198174,0.1852575683725624,0.6868096081960756,0.3387484582282462,0.07183761654972928,-1.4580792876198796,0.028848550378896404,0.2560458071135594,-0.8471316957455491,0.28921601246823186,-0.3388569007569924
-1.898695223844964,0.009352254600193349,0.20918946920197332,1.7295999117135403,-1.2404341246547652,-0.0677215405528337,-0.32240097622948133,-0.9040498870906318,0.19191406656054777,-0.5167054060166527,0.1401016660865075,-0.975078339131427,1.2131335329093669,0.7188503776704047,0.15014991476974848,0.24397064743480312,-0.8233223265573019,-1.5841229107878558,-0.8818578730574068,0.7030503953186289,0.2719106184490165,-0.07240455698817647,0.19374628076349376,0.17554332302478154,0.2252004459348685,0.3688549560625576,0.05640723787459425,0.434935986660269,0.42039865684833244,0.17006586927236284,-0.14122396891459618
-1.244376024149077,1.9719174542058897,-0.43716436566516187,-0.07287182468004333,1.1701644628885262,-0.5352723897964214,-0.29628051845544834,0.4768402858416012,-0.8230380189217164,0.12898512839531254,0.3514431168311681,0.781170207529713,-1.1211846965268113,-1.0993436025251033,-0.22954534958747655,-0.1354655444486355,0.01924930440374891,-1.0868236195338754,-0.6809376067999343,1.272314134713698,-0.32240248561132107,0.14559392350334788,-0.21346653595863913,0.3841525261284861,-1.1050412238871845,-0.5293758347908548,-0.15610758088845225,-0.16474690737451023,0.4105714835411211,0.2716673480516819,0.3354311265354773
-0.14346714683962164,-0.7018268084970187,-1.6665496000848778,-0.5806006869901943,0.9276257762150031,-1.7446745665528178,0.2901854491935559,-0.9457939260606123,0.029392076867120448,-1.431408361797696,0.1390772808869218,0.37623693317496915,1.0605172389778554,0.8715672998395755,-0.9278328474247884,1.158209782774576,0.39173456130158046,1.0006008281801753,-0.5873718810103198,0.11237472754222091,0.3197646373659624,0.23354548317650153,0.08315662766829716,0.04505760939641315,0.18743031971285756,0.14104945697308838,-0.11152701502887785,0.4208581489189534,-0.11453107011217303,0.01071409303698646,0.43659721028449927
2.190935032149436,-1.1218961880470648,-0.9549024904819994,0.21824850898199016,-1.7719048003709585,-1.5978325403712106,0.06017732581436815,2.2425897870429177,-0.011986449793587801,-0.2950627247009449,-1.1325880716151193,-1.0692371093441966,-1.3912784622142014,-1.2549522564934243,0.23915318530884078,-0.2158728739635139,0.6110496400224056,-0.8055468276462991,-1.5969044516699755,0.8209481603213548,-0.524928930525801,0.1856786023852735,-0.6084089642194923,0.3496709414799393,0.27551189741358484,-0.1362067931408896,0.5066961960224071,0.1707717032884234,-0.6576863394997291,0.16269875631746664,-0.15456257845630525
1.0643838154177805,-1.6088405043443823,-0.4663062182241571,1.1812704429951346,1.4862636598861614,-1.733732868601733,-0.3752290757922291,1.2821990367554286,0.18808057371668857,-0.6485353671156384,0.24141364455828104,-3.2251268568880413,-1.0935174004322135,0.6573008064585443,0.2788190040620376,0.8514494711455077,-0.46118704792648985,1.3518344469550538,0.7846628056893751,-0.4480077926487285,-0.09699267756852001,0.38577832983244337,-0.43420238075742695,-0.6227826417282837,-2.64021110451825e-05,-0.006124513126289149,-0.1564435041455919,-0.15428230696129572,-0.6930172325945685,-0.0601557977153117,0.052632410564507494
-2.05643415458412,1.5131565648519714,3.3042616009564973,-0.7931205625099568,0.6050331870623388,-0.8290604305018696,0.05594207728651044,-0.4868462590946663,-0.8088798598417908,-1.8651356476658758,-0.5756900630071701,1.1951572682606495,-0.15662940266553968,-1.0806110660851242,0.3933859241244747,0.7088721217205884,-1.645531399716271,-1.5094879054014039,-0.19019095476534206,-0.4591248839975137,1.1827884356961935,-0.06726878101334027,0.5335973760194275,0.1955301285004842,-0.8170555389129656,0.754120681681107,-0.24047650373072796,0.3528419334114565,0.22563667303501006,-0.11065744222742065,-0.1135969953691418
5.180604457121045,-1.0475454868242922,-0.3771915201011343,1.4315155588816413,0.5742324545545243,1.276182981494969,-0.9117741222846752,-1.0579970186662229,0.2572195618474122,1.8254488577543189,1.05584132382396,-1.7140127290183307,1.6966895863991165,0.641457202999353,1.3543203063640867,1.6848982357764244,0.5698397640146484,0.400047523849049,-0.28370865481001134,-0.6122961076356644,0.6795519437656324,-0.42990876776473286,-1.109632893382275,-0.6348263067533019,1.060702861605234,0.7970843174515224,-0.1460311352784727,0.34629327132679066,0.44778067090386625,-0.38565812167228647,-0.5208157019359025
-0.17592868018187446,-0.4311990545996139,4.764722596589666,0.9852512985756764,1.6158837089776967,1.5893776467664293,0.6908844093793,-1.5019894428398624,-1.0868385005280943,0.03560710321595794,0.4272575470266949,-1.8385746411540458,-0.5501742543085716,0.5094093869668967,-1.1420720346788873,0.5605692160639988,0.8000438460369549,-0.18989346040426716,0.8492200372359594,2.0734746648306803,-0.9065481170627585,-1.1320628706462186,-0.9629419900955204,-0.5766353062100249,0.41383748868613357,-0.9919001243336071,-0.3101109556899458,-0.1268518981752693,0.11694018731683721,0.24854041706978725,-0.09552624997344741
-0.1310144085988935,-1.6378480430273483,-0.1745089918765484,1.5158738393013964,1.2028432838326861,-0.06660731699414889,0.4634733474523907,-0.6449618734909399,-0.556333699482132,1.7558192816352092,0.5336860208497751,-0.54738314499105,0.49739959479477547,2.2077214961851346,-1.551448451397682,1.5484692986913133,-0.2781070629485391,0.09148276359564943,-0.9392084662921106,-1.6578943153298085,0.11685858164050013,-0.7635171482625078,-0.24906093230508797,-0.604760004254239,0.07192142010977155,0.24133355541006762,0.04366688515971309,0.10682436421790424,-0.4007055826661293,0.11036210088753115,-0.11735996919325993
-0.22594942839000226,1.6455452988474941,0.1883961359014608,-0.5722203900024702,1.668895109924918,3.0867745555721036,1.8991698436971711,0.6693087753156797,-0.6342092529927854,-0.07681658691590669,0.07910978787543979,2.2050048205035733,-1.0149797365078577,-1.0333895272103535,0.799919756443246,0.6793848252879999,-0.24206054768626328,-0.003903450798705111,-0.3771321241432396,-0.40325079155962174,2.2698366814067312,-0.40314485392287763,0.9720322216773494,-0.2562397104396761,1.4034134617047558,-0.9043125865860966,0.24477851261010458,-0.9749545114631051,-0.4948053073658043,-0.7855135624534119,-0.41752532978981793
7.312007832535761,-1.6400839299261671,-0.8893742903673847,-0.2661675250390133,-1.3334613720280055,-0.9857605410020527,1.2698145075783325,-0.5729829429503563,-0.5852178548241,-0.2877013127744656,-1.3768786016469403,-0.28256351377573025,0.09508232811152027,-0.8642460699560757,0.7899821117241387,-0.6233973217701919,-0.3655146613431658,0.15992868592157247,-0.7571185451680508,0.7829990001772833,2.44120613243261,-0.10129325769832817,-0.18288476003373438,1.5332534943084881,0.16730967474088196,-0.7354057403447822,0.7283132522781512,-0.2804222471393753,-1.7736242257291397,-0.10659468391435843,-0.036248371303019125
0.46511774317909843,-2.231417324832685,-0.7278886031618776,-1.297882150779173,0.7306945289212602,2.779670551949611,0.131424494380968,-0.592625573036229,-1.8575486187382488,-0.4729109099401481,-0.21073813393873275,0.7387648981515543,0.18578410395450873,-0.7848517564249184,-0.13753288344394946,-0.4069748238550146,1.1674358600409813,1.53459957899731,0.6418515192659118,1.4438302974890187,0.4031885789597622,-0.01692608271344312,-0.4380821728675383,0.8302937332844055,-0.7873725183061937,0.4004893159802649,-0.0881689101688354,-0.9849566299410436,-0.3059078847735929,0.7075615573365688,0.004325392595210813
-1.4689534259736245,-1.2548632502519639,0.3493080685191429,0.07168024345533826,-0.606465180359919,-0.469586131613843,-0.6383674322886496,1.3010927091664797,-0.2055024142666843,-0.4634415177837821,0.719398619050973,0.0068132376684537045,-1.1998701889764316,-0.14378702549201083,-0.3556008839236951,-1.3476957199044042,-0.15424778173055728,-0.5072763969757853,1.080930602272496,0.9524748722299896,-1.1449886461618468,0.07468080262592952,0.21591043016417402,0.7466045738118402,-0.8693853593980928,-0.5014364486694,0.16790167160091518,-1.051960104171541,0.23024452356499733,0.22217978765017754,0.025658440072056362
6.618437813694062,-0.6435978851355095,-0.3918711606078112,0.562781979106614,-2.1784396867739835,2.379485218569723,1.3574061651703784,0.2344862106812193,0.4715244979818396,0.046806479286196856,0.07561683100557551,-0.06720350674224948,-1.0664984541313467,0.057920321303244246,1.8713823865234822,0.11227551737277386,2.41124277796513,-0.2448354426462064,1.4752157910897208,-0.6108419810076946,1.2626293586907296,2.5726059708651428,2.5959558197726613,-1.1796711082929614,-0.1865477556600524,0.301375786232101,0.2719745183607511,0.6037417456134582,3.0758030238569303,-0.666172902723474,-0.024473666599852437
-3.9017334413121727,-2.3519516406191614,-0.8922707915909509,-1.4986825111251896,0.5194564040097474,2.1409978575837636,-1.7415921279215982,-0.3544779707360694,1.2674614529594594,0.22564981477723547,1.1882772765774623,-0.9987743254650944,1.5189062895557346,0.8298948027724623,0.5737279244303634,-1.5918278537204786,0.30666263169773034,-0.39660856420048957,-0.1157921653391515,0.32499912751149607,0.4428348689374754,0.6741994983711518,-0.40129860544712587,-0.0667602794670438,0.20595791087486956,-0.034363114747602536,-0.03747019967122471,-0.9484496474960015,0.3606465065446915,0.17136219329964508,0.04129130396684089
-2.594428873539064,0.07016806860340505,0.24012548107084125,1.5696281534315628,-1.2686509673804098,-0.7485157322570842,-0.6845809257442463,0.7628161454602592,0.3282110569328773,-0.08083448396160571,-0.21964244699068763,-0.7461122043690542,1.900042616099851,1.0255017085129992,-0.28597495787272426,0.5610310089804135,-0.2289353592917103,0.49037554569678177,2.524942338863379,-0.3327332523269991,0.034304106347746624,0.8993237474461103,0.1827442519190424,0.380738140493101,0.14308955415993485,0.35401071148228697,-0.11996302460025546,-0.06592240203210874,0.2288969204077499,0.22353108171372316,-0.03080118187626514
2.7117047291140106,-0.8813550524638931,-0.0875496378207822,0.6862734619644897,-1.2351630275607905,0.6058083190074116,2.78079488417809,0.8747738473801929,0.8345808702589312,0.2218624398574981,0.8049623112479456,0.4685054682795137,-0.7509715044199127,0.30169705229624194,0.059522644860215586,-0.19973584140794176,1.354939783186551,-1.1054785088806016,0.7133407434103812,-0.6524399624377182,-0.7383660783856341,-0.6791260767887501,0.5086417831791711,-0.6819818911392471,-0.7688953025517582,0.09387045142681687,0.2535474475951014,-0.2843942581303115,-0.5111974155908546,0.03225125071022351,-0.0896646831268452
-0.7258823409585671,0.4907193373914829,-1.2894875924159968,-0.8821087684815165,-0.3140647460423379,-0.5639861153836335,1.2137224969165055,-0.6078648844164254,1.6031760260072854,1.1193133479603514,1.1706064267548357,-1.3895149974156287,-1.341245694365871,1.1126375543951117,0.8292207644378458,0.45063842200167314,-0.9050875032623943,-1.2214832885487543,0.43015872062006727,-0.7375003425231992,0.451045119409343,-0.44770541933380537,0.7518940147426522,-0.2934028946033265,-0.03982672955653282,-0.8002244748232835,0.027683441009551963,0.5353237331669247,0.4819868175570965,0.6194076927136503,-0.4326072257220035
0.34686744586212653,0.2040000771024926,-2.269461340854226,-1.44013182594431,1.1575452022331927,-1.5489742044208321,0.0952442202062411,-0.8832974615872722,0.748157410226602,0.5049856741660905,-0.13110614239561794,-0.8600413446687317,-0.7539217029904466,-0.4202557942794827,0.3344245462458982,1.0154579467514675,0.7998763235490054,-0.9031953776141963,0.33977145771834877,-1.1847697432100177,0.41013120235995004,0.4110659360145949,0.9156253782279408,-0.23180671385398652,0.17564632033323413,0.15806799921871637,0.18266168168852676,0.5398187445083947,-0.3556304538765721,0.1645723349008551,0.13422064160568195
-1.6815063227443097,-1.0058047425765708,-1.8478676969393315,-0.7280568604889827,1.4850000772330634,3.0535221389982192,-0.7512531141278278,0.05252210941762773,-1.6627519477739179,0.17240744017415552,1.188031022783481,-0.49775219246838154,-0.206382295788712,-0.48536576360831457,0.5400863678951454,1.1487362181423062,0.2830384333416077,-0.5687761199805327,0.3835720873265345,1.389203301713174,-0.09360077502830191,0.24614584056812158,-0.15086109302680567,0.14574905690772774,-0.07929758500703807,0.3104680925218553,-0.13376344886506572,0.3801901584212583,-0.4999887219802138,-0.07489962199827783,0.20758152642245692
1.014910545323354,-0.12627468635215947,-0.725440616457785,0.9429594095579767,1.8684530032499311,0.9152471777816803,-0.6680189513595458,-0.15437669919139502,0.7699271620668168,-0.040927952524263816,0.8948511744956418,-0.8476940879866441,2.6309314038897424,-0.16931903028134365,-0.5806606234477791,0.5658590245327996,0.12353746413629847,0.35071601180457274,0.229184630271716,-0.0032679502042432104,0.6406831996854119,-1.2434758831875974,-0.6151961334228252,-0.4369288081217553,-0.7023274157873844,0.539395888056186,-0.03892773379518108,-0.017504955429768584,-0.49819508872993223,-0.1649651519456835,0.29375472878815767
-0.3077658856868012,-0.4625810182347323,4.304040616094658,0.40219282044199633,-2.1018298278525154,-0.03908300350787852,-0.05960895268772124,0.467123065204326,1.3366362448390952,-0.2507021108719168,1.0040817462678546,-1.45381189308118,-0.2035467427732838,-0.3148615218255272,0.581216838220175,0.7261173486765534,0.0751834977566093,-2.2717601823397353,-0.9010192787939393,0.8102979215752663,1.0880620616176553,0.4593050063176007,0.10479358825561405,0.15984766872585213,-0.13939557219630686,-0.6675365468332368,-0.06936242167347141,0.08527431689679803,-0.1773401015367569,0.3714868278266161,-0.08802731969171343
-1.1601564366102273,1.8815856656500596,2.7494470183854305,-0.30701552557972966,0.9937995260772045,0.3763668453829583,1.0723386090383413,0.13591354927238575,0.2658052743736924,1.3658005138232698,-1.4439578380655627,0.7330503876958242,2.0591925924323817,-0.45677945240599477,-0.12717659699566025,-0.24353367227320918,-0.1960303800968228,-1.832680735205496,1.7849717731291825,-0.4731036695541252,0.31035045835536446,0.11670851282400901,-0.2788971585538879,0.1575373406389564,-0.10038276154977273,0.03725493959515159,0.23273767075675933,0.6348384244146198,-0.11877923908328247,-0.3746239874170651,0.268153769692372
0.4581899567434246,0.5715470323818806,-1.346590753107802,-2.63368047102946,-0.6656246378998861,0.798390206576306,-0.9170020740204073,-2.200129317878242,-1.6705111930717917,0.3376252869437655,-0.9125481227224292,-1.2726702046771214,-0.688418073526948,-0.013583567716120178,-0.23320188526183705,0.7821140115242612,-0.5937395699752113,0.5039692291654102,0.07593075336417517,2.1295324255627293,-1.1246493457031135,0.4984240905641905,0.5764195654979327,-1.660344900889232,0.24591988752621172,-0.5442906726521777,-0.06321839880134517,-0.2634606431609281,-0.43469967501591517,0.23550552527341384,0.010484797448151891
2.3462861544652127,-1.4481051930676874,-0.6330430610988655,0.7003773563768948,1.1770025799562425,-0.5942877331521166,-0.573434660117498,0.11182113999309032,0.6516081772667333,0.6381548456135334,0.4801465731184499,1.9145281290677607,-1.0423893717055586,-0.8046276031357292,-1.0494537525417162,1.34752065372995,-0.25896617429388247,-1.1309750896750776,-0.2189795475475605,2.2499934870476137,0.34776140205531975,-0.07181346731754537,0.005881260568168465,-0.5895558032238364,0.01174975110874903,0.2953855021125724,0.11132046866490304,-0.047748917803626764,0.2983800941949873,0.18828892386784588,-0.06146791709250042
-1.2198684309678056,-1.0882045697572893,-0.3954057525897525,-0.7645409063959225,1.2593705948198903,-0.25704083842302966,-0.3250132625076095,-1.4677194709954327,-0.8733535932070469,0.54658790553799,0.5304877802137816,-1.7339105164775925,0.23026565921636763,1.1473301482736498,1.1450600720825066,-0.47422883452591347,-0.43189962599755194,-1.3337121532072744,-0.7224842885908834,2.2004994861386806,-0.6789478648234027,-0.12166603140526738,-0.4428234119030092,1.1884299164661714,-0.700919350989019,0.3194655587341786,-0.15866737681462825,-0.7767709323672201,-0.012023240421707734,0.18935793691440195,-0.3893746096522166
0.9259575815548234,0.0674165563899965,1.322856826566985,0.5061504636957681,-2.8430824519266564,1.1806649246995111,-0.7588010501361769,-2.1033283313969204,2.1515747417293065,-1.8290259065969394,0.579491126808542,-0.19400504266566246,0.3029699268119063,-1.091082017973904,0.3868717210025575,-0.833503421608354,0.4708658635772642,0.13939731123154006,-0.5536461309835722,1.023657852123714,-0.7133829929868655,-0.2038517650941976,-0.6596391677625043,0.5535552868169403,-0.6140664353004268,-0.4166592628851767,0.5131708195023944,-1.0708309497285287,-0.010193951840117945,0.37612155996519653,0.0956082300104624
-1.3150803673213247,-0.4322121458597627,2.052819680751501,-3.003362429165206,-0.8598117267653054,0.4135855256015809,1.5141990625740747,1.889139507340054,-0.8124387556747508,-0.049144935549373756,-0.8037345150443346,1.2582799017587298,-0.9277959456584529,0.20579246424666112,-0.19043340317491367,0.5507610835407433,-2.7541732043520954,-0.9153159943961123,-1.019233315426131,0.4669907182130534,1.2629169399513998,0.2389017944216044,-0.5391184749585876,-0.6991829151834834,0.1990508900433112,0.3667336716779214,-0.0763142172284178,0.3209565940954744,0.19547472749651426,-0.012495133694263652,-0.3397297873950342
-0.8619185586950303,0.23612295331074398,-0.7452991946735297,-0.45749115413539804,-0.4059416462848836,-0.17427815809090622,1.178646490998591,-0.9887249120302001,1.63322471012079,-1.0971586524706127,0.005585470207040359,-0.2632959967147136,-0.8666643742171241,2.611435857771832,0.08580915240174064,0.48509560179496136,1.0980671999606584,-0.6053394510698267,0.3998795427540397,0.4156434319933179,1.086832662884459,-1.187813202642664,0.23670031140530814,-0.28235057015255816,-0.07102867398946806,-0.6440285955295264,0.48540945901064564,0.21110581679951027,-0.11290573028369763,-0.41477082026260803,-0.21266565311145708
-0.4000443245217666,-0.3729603424023765,1.2313190613580922,-2.752477678113157,0.02699053196788226,-0.5370353485802127,-0.6019291875910168,1.332342533413263,1.3471998857331984,-0.03539176199548888,-0.843492022621857,3.259537521129153,-1.248618238362252,-0.308571678823235,1.7288237374430269,0.06789740110044117,0.03526342019731926,0.022284508295660827,0.5627937586880394,-1.3776878283296592,-1.0650298837216166,-0.21133929295981438,0.19542141549979214,0.6698707349669888,-0.006243334345958235,-0.5815220921670707,-0.036338451374040605,0.9001893590135246,0.44532272354961444,0.7753564193248664,0.3326649045640526
-1.6391996125069772,-1.1317785306662254,-0.6558928217976281,-0.22349009027670197,-0.8583011745106577,-0.6161758489271991,1.4296332177601767,-0.7231566984417536,-0.8305996984626409,-0.7121495511634366,2.339742376508226,-1.254684312289016,-0.33993880802388005,-0.25306815350871237,1.0491588192634655,-0.4995934385834468,-0.06237886166678141,-0.3021345946836001,0.4865955067924312,0.23991245004981165,-0.18582446454077958,-0.5919258329250248,-0.36970164677899886,0.04081043888398886,-0.09954354960597382,-0.6622103220964516,0.1954867933914506,-0.027652793595693267,-0.03568423860908176,0.0064318766679833375,-0.07274576653114365
0.01966577401084782,-1.0478935387810142,0.8616221001868682,2.3980293374114363,2.108167874239749,-0.0716880248255599,-3.3997400519279144,-0.41881569312428224,-1.0781120615415303,1.9670662628475186,-0.5438651321121517,0.02489376938865731,0.11740733826834215,0.36227114640527597,-0.1244300771452231,0.30814913840402125,0.14202359582505736,-0.7732355992318415,0.8842263234326991,1.4872710953153057,-0.5468954193552222,-0.2191989623213373,-0.45359306336462263,-1.3147607734068227,0.7817916988614924,0.040501616263308345,-0.08383274025125434,-0.6118631342967487,-0.030646190808988324,0.30348697223266075,0.11268885554791337
-1.4817377114906727,0.8847115115549115,-0.3690908680006929,1.1044094502265922,0.3470197044277303,-0.4317615632538074,0.7490991081315612,2.6977046513939875,0.3616242759893056,1.6865423672645499,-0.05284408295701016,0.6167983849437066,-0.12970025523213535,-0.5991475087619885,0.13504315513048346,-0.8175723947116023,0.6539778030062067,-0.8094335851100064,1.6591626863281548,-0.7061249914019245,-0.007256246169955251,0.45893858693115624,-0.1721188470191674,0.32982349374876835,-1.15946555987062,-0.424926415248261,0.005718790962468265,-0.13395582994206123,0.26226190371253044,0.24343040016943462,-0.10358011129053132
-1.8745219633859063,-0.7017866452353296,-0.37014489220361146,0.42517319579862184,-2.14144064719123,-1.4769744625467907,-1.6710140627675654,-0.3737615528296247,0.4298413188844624,-1.0141913435541703,-1.7343254024533428,-1.1752640344665624,0.38167167616778763,-0.24599819771970108,0.12522209739538262,0.27845169648849516,-0.6901064074920664,-0.9273060136048484,0.1117760473033707,1.409237522198036,-0.1507048788347498,-0.38010462634959596,0.4972179734631932,-0.16354176766562675,0.46934505307305485,0.33897469905780026,0.11405772595926697,0.20011056494276133,0.21999388632161399,0.04534464545379427,-0.10120664081400771
3.1916264454208974,1.5870702039396831,-0.1978654979317746,0.6056964348992457,0.02573999118764406,0.9382511359198437,0.19488664712697493,-0.1693930679324384,-0.7965850779520519,0.24614848223556374,-0.15043410005539884,-0.1316821899619196,0.45769015409423713,0.5732138622390838,-2.482663947860078,-0.40818778594044347,1.4602027500636412,-0.2620408985578256,-0.6694329599253729,-0.5129537456476498,-0.5125174562335771,0.7042051986612317,-0.11791717731690075,1.0721098336593005,-0.7314286513665457,-0.10436068428894085,-0.1711467196913688,-0.07528805725535534,-0.8792869534120946,0.5496990320792512,-0.31822069180503587
-1.2310663439379976,1.0596830642100474,2.7662953417718685,-0.8382893009447893,-0.3489469501003452,-0.32134639116370833,2.077714293535072,0.08215108686903382,0.9534461868848404,1.3100460289631382,-0.17643231735681025,0.412853469894985,0.9006546344704472,-0.5994822353132044,-0.4280510975812341,0.07458423774250464,1.1107290574289719,-0.2524793001263936,-0.5344069162301583,0.8299619558789504,-0.8785524881320291,0.056523059905856876,0.6436187740170515,-0.30225484234486877,0.20171213389883952,0.4397165706068316,-0.806506313271088,0.5411853009387533,0.030953712154133374,-0.280411926016819,-0.04366398634055021
-3.291630380108512,-0.27685870613062274,-0.4694276107840599,0.14318916277814953,-1.8150547934329242,-1.352688400074252,0.19841971693722177,1.3493143521281576,0.5837447732840394,-0.37204148805116055,0.3654318444004274,-1.7866792887024054,0.6659593790627446,-0.8106810486603255,-0.5844685929366032,0.5232335526852152,-0.946329791805436,-1.0472195427125561,0.42655785757797066,0.14782602032525657,-0.3760993832119509,0.48208509500285274,-0.1662833109145706,0.5075281521306751,0.3525972540949095,0.3635067182263228,-0.07990719582015142,-0.025093978887145887,0.38310075286873774,0.028311086092038203,0.12675336207856672
2.4255106384341176,-0.8059219276615189,0.278266815957331,2.3431623183175976,0.1941551264371422,0.6744504287593712,1.0296146732542732,0.24583227850750022,0.24802405947921322,-0.5441235380487457,0.20272432681709465,-0.029813124252362773,-1.9762844464977842,1.5205614325109598,-0.2983192254283967,0.8467999825806595,-1.2430204671427805,-1.354236440202994,-0.961722946696567,-0.6201225555679961,-0.25235434085892405,-1.2042976320854448,-0.040797670176964805,-1.1389866334109013,-1.1091029881700287,-0.6857794192515769,-1.1808195834844017,0.5841669174212276,0.5085798762722326,-0.14142772511709473,0.019403391066496457
0.9128189560611268,-0.5197832193003522,-0.5820161288548865,1.4082024289749244,1.821706667479357,-0.7628627194227078,1.7725333051459775,0.13631216994950257,-0.6876908058961829,-0.13003544016405677,-0.02072379487656168,1.774711202602314,0.6893320258492837,0.4836180662187135,-0.5373555768181606,0.4012804527846845,0.6924589964051587,1.4451162387509067,-0.3027742999545808,-0.022003974531462047,-1.0289344766373143,0.2761323426972052,-0.8889422850658212,-0.43827138455166037,0.801167191258343,0.1153872862050763,0.48827192079024445,0.16459510113289713,-0.15311815863990383,-0.2228067906021112,0.43004383761513637
0.5658278270532939,-1.0787027499658455,1.8522898803339516,-1.1494399281490333,1.9454641385180615,0.5435287644759641,-0.7650870172017403,-0.7723923285537161,2.1849659336247513,-1.6117211062868237,-0.5998019670276582,-0.9375634200221479,0.07799844498478176,-1.1796900557386827,0.255518072784755,-2.346635310565954,-0.1153096388385682,0.2607562765670673,0.019030794039161903,1.0182226135935026,-0.1057627866756637,-1.7414835863201565,1.2810412647294278,-0.08617289989205287,0.37645331801754156,0.21915500159904053,0.4067080421951706,0.7444056159458392,-0.499138936605247,0.0010887787087188697,0.5350485439762155
2.4954095455238297,0.8948608355478717,1.1046486629788324,0.8899419934558186,-0.7750272598267097,0.9888498142951158,1.8308230580481237,-1.1101440783689822,-0.12390775646178459,-0.415517621388516,0.04227054920012808,0.952968098254311,0.04687709940268837,-0.7075443790131587,-0.3107552437217497,-2.637010273660677,0.5054458485458244,-0.7963200524186393,1.00386865752524,0.26529732596577743,1.3129719310100891,-1.9405105698402123,-1.6334738703977973,-1.3246997540195042,-0.6422243847730926,0.6558056464879318,-0.9265934341705464,-0.8989136948482193,0.28033015853382764,0.15844652068239612,0.4909158082049708
1.0043646249490565,-2.2752712153863346,-1.14992542538469,-0.31410006747243874,0.4108422506872562,-1.2965317786944943,-0.5294767842651419,-1.3526745540356435,0.7084884910492754,0.22960601917631648,0.31582819821950964,-0.5543229594202195,-0.82553703139804,-0.6174800067795194,0.1737980278349217,0.4039539241194232,-1.2080726694569273,-1.0381474037925689,0.3399086054914387,0.005782813855172917,-0.4767871503110475,0.5517322434582156,-0.5064471897987642,-0.12347268916164836,0.25739998717459556,0.22012727279842767,0.254987735079685,-0.1449422700406704,-0.5214514745488272,-0.029308890215679145,0.15236401685586515
0.04461225641731807,-0.8921521290997428,0.35808707083355745,1.9204839890958307,-0.8677258707032771,-0.5213950686653265,-2.573346646969163,0.15276769090120912,0.8083290445432895,0.031793704742399405,-0.36553754654951315,0.013587672795021457,-0.6283230088584283,2.060957818655907,-2.8263080853630913,-0.22712781459199893,-2.3726868009605377,0.685019984172499,0.43963949693330345,-0.7688087800646981,-0.10919429411344646,-0.5183338812417162,-0.7087335474121196,-1.0231554392639821,0.2543435739218514,-0.28001176269509626,-0.3437264488129496,0.1342357714546424,-0.12458583200944898,0.08040227621080141,0.24441924551368227
-0.9389670419384062,1.443785862189242,-0.3471233834833755,-1.1889057975437427,-0.15123613173964143,-0.9532301380583162,-0.6067702854239186,-0.6037553703166256,-0.21077726425933369,-0.21187519190839754,-1.2986687722610617,0.557592360834202,-0.5127266707987354,0.6213153171197666,0.4807522483623593,-0.12092024954156103,-0.5513652114429386,-0.35716932551349373,-0.08190299007218763,1.3863388112740858,-1.4820419111817664,-0.6294694138873633,1.3241247781766867,-0.2816969936785861,-0.5234058202694463,0.04973683460710611,-0.005313329206107105,-0.6408399102070942,-0.2454069585081454,-0.22031559997687042,0.06022540133036343
-1.4305126786964297,1.366085438089508,1.899617001816711,-2.176872059139414,1.3183418717280668,0.7193752932683438,0.32469984994314544,1.2950823958896767,0.2864439015345668,-1.3454685168863934,-0.028050971736089482,-0.07658942612639762,-0.9334816443082568,-0.8173951192037743,0.045216759715649056,0.2270817323280909,0.5400489362586854,0.15445603608839403,0.4504320060341838,-0.1457152258974204,-0.6366446531140422,-2.0471868637892383,1.5476660068720838,0.08837719717646073,0.004739520430227194,-0.4893344596639505,0.037014229102650786,0.6947253513861988,-0.44184255473172646,-0.5773916670707828,-0.1451209223404283
2.635262860707088,-0.6640789862389717,-1.1879783806961952,0.5256929926222539,1.3196456424841025,-0.18703395243232343,0.4734899291175527,-1.109792594875823,-0.6429073339807032,-1.2921461978218007,-0.8732714009664263,2.030997501942973,-0.36611513992663536,0.5429549718220186,-0.8423571871799944,-0.16282032417941816,1.0305541953577109,0.09025187821421259,0.9745292616562246,0.4746819869734003,0.9836568584882573,-0.6876447521970722,-1.6709542778520177,-0.18751215774282362,-0.02236646603906356,0.27849874155999144,0.13518959827744426,0.3738882637535247,-0.8265860942409557,-0.08416818504982308,-0.1361245751926431
-1.4843266433230209,-0.3031697850886933,-0.4096178720494622,-0.20783273502598187,1.836009383772997,-1.1481751527060235,0.7554493897096596,-0.31700123905993416,0.1160958625427995,1.671272035852726,0.3198491060421551,0.6857105999162689,-1.0013702442147823,-1.6835615307105982,0.015494090581253209,-0.15660213117586508,0.4859553635107566,-0.15350049494737383,1.1524457561788513,-0.47649226417409096,0.631451017889685,0.26033219072042296,-0.341097609722641,0.016036740669694072,-0.1345953190876568,0.14731075462345536,0.1449956246455658,-0.7805320013378304,0.4631241303269438,-0.03617234551567286,-0.07304021984060331
-2.588199936768686,-0.856736498769969,3.941348857397524,0.5878282077664795,0.9724914408301738,-1.2790270535110464,-0.3850479962322215,1.0132977867157273,-0.2181979968558556,-1.3840014125481301,-0.1908702500081469,-1.3771996206398913,0.5253377344685292,1.5790381556197604,0.7174407572324504,0.4353201998947413,0.7788918470660987,0.719529320514969,-0.8360888017290026,-0.10302802929194649,1.583324102551218,0.3786242786058897,-0.053113702470513315,0.653419687230853,0.44931044512980356,-1.038616906016653,-0.14143815480337227,0.0967260097023551,0.02811151459575027,0.059028705356981064,0.01798106306449597
-1.8852084760475947,0.9886957885841682,0.7796628340205644,0.9222088187411248,0.3835303819856191,0.7003718935413494,0.013349769034712994,-1.3945408458511805,1.4756845631520557,1.2483006835731807,-1.179556423271337,0.2853394010254182,-1.3060222060145312,-0.17183835870399228,-1.7830867585276455,-2.3080821712865216,0.8037864490854174,-0.9937523648571371,0.9051117727333883,-1.2719006002147744,-0.010314004945135997,0.2573656891554612,-0.5743353668125555,0.7160323289877958,-0.9493498869334698,-0.44864800589901455,0.11678330604505698,-0.8012587280356939,0.3253778046213165,0.2801016321623301,0.06023835778864423
-2.010389021572193,-0.10637784362545734,-0.4706195971524154,1.3570144465449074,-0.38204656376371765,0.2822347453055569,0.029814758554021728,-1.6379262174160374,0.6928985752113591,-1.1434030108252684,-0.3430567651571969,0.5063683338848339,-0.3388517738866324,1.1970384300412453,1.30883278080802,-1.7554940736005675,1.0530909359757346,-1.4145800461136306,0.8652035901630207,-0.4563309542014809,-0.40852006756992637,0.06447474769468436,-0.23238781419031102,0.1201797202692821,-0.18524180022724782,-0.6267573779095355,0.18017770027836424,0.6332078123718211,0.2247844298618839,-0.11585019146181605,-0.08218407098597334
0.9761547827984316,2.6873328016940583,0.4106239676303501,0.021090983645774792,-0.187607925610543,1.8869765539687,-0.24107976773430442,-1.5617363815908647,0.8008761917473465,-1.472501483596738,2.2451331824572516,-0.6550423440226019,1.488770148620283,1.2911177952525605,1.0614031174902778,-1.2145050548307168,0.6589668881344719,0.6234532179517758,0.5229939425806193,-1.4268001499060536,0.5297086716998787,-0.8076891795968303,0.5487464368973239,-0.14839577686291203,-0.3934221448927983,1.1815960801290295,-0.11145371120225495,-0.6399131647069313,-0.813551292158954,-0.4718397706103513,0.10357250386585652
-2.640498050984849,0.5809198667672166,0.24603849091166696,1.201421786211432,0.5688719903280713,1.1521871969967086,-1.6966121695057084,-0.9864677357722146,1.1215620539368185,0.7248524796509874,-0.2011606878828367,-1.531321539836127,-0.7698848417756609,-0.5319433269879645,-1.7241453558301443,0.04127865333941433,-0.07064257898938922,1.6027233676990895,0.8183543920962971,0.3168145929430878,-1.7944440583560186,-0.525435084353114,-0.3657742898953237,0.6732657349345021,-0.8765512141555287,-0.4440225928701755,0.005704059042331704,-0.2657974380907217,-0.102726338030391,-0.053998194208738436,-0.0007705817252413843
3.0116901901095137,1.268489929651044,-1.2224930668287326,-1.9531673939879226,-0.3372641736388507,-1.7464861448804416,-0.35605499375948424,0.9256725173976761,-0.4267964351129287,-1.3416967982835442,0.7854016691159028,-1.1154623419486345,-0.3563498632227836,0.26990454203537995,-0.0010034525863060538,0.2686335223598059,-0.21967321050210684,-0.2135972164358698,-2.4462850136539993,-0.11363760044620738,-0.3589344364246601,0.9159660267320034,0.3067586888866557,0.466277598148725,0.3710224308077026,-0.41316969501024553,0.027223667914279114,-0.35934545202218976,-0.9823425207657118,0.022510244961831363,-0.0864424956266215
0.3755169781872166,0.09016045576078437,0.19681486722364264,1.8259816426608582,0.23055228588813867,0.2698087000153533,1.6556390186575853,-1.2364889644696593,-0.9964831873842825,-0.53876898093443,-0.511553183577952,1.5617930331533167,0.28945840648931837,0.41549913941697597,0.588536587080912,0.11916153785029521,-0.7387954787448174,-0.7843626067359074,-0.24398639733114136,0.05157614032064882,1.2178327253490537,-1.7234575151779126,0.019471310119099278,-0.5581151009240249,-1.0685195063192092,-0.2835754980711066,0.09658864930115553,0.2899765450451011,-0.16301151455192509,0.27219940756370525,-0.09710683214135762
1.5172744171018562,-1.3796674763728651,-0.9077334676601839,0.9780207438496015,1.2879192457512176,-0.8922782627917434,-0.18694975032297384,-0.8836287693933803,0.6097428075203525,-1.163935551765621,-0.18458244930985118,0.3365149552717349,-0.4387005842136245,-1.0263865118964322,0.11261353082232962,0.7394338960290602,-1.1144793818676408,-1.4155914775506397,-0.3831772054129898,0.8610190376523669,0.2632986770585936,1.220853861844589,0.221966885837676,0.8465600812940525,0.03630007512954803,0.23387145614165827,0.7419441934502096,0.3115001311737166,-0.08413092267633145,0.11158125124455254,0.13413593541722682
0.28672917594655367,-1.5148763166517174,1.4020271508071904,-2.946875551446616,1.3843315289964886,-1.7756081548260585,0.4387679852178302,-0.7563493845438937,-0.8933879447748837,0.19584742033957683,-0.056119882239936615,0.9467665926616828,-0.05139237940948736,-1.4117282624350709,0.5103831442101645,1.6557420467154647,-0.8016612610417617,-0.7001902731450486,0.6567427951529332,1.1438445097169412,-0.20191048099410044,-0.30004909426001874,-0.5756265918596558,-0.3875800047800808,0.07395063449585312,0.2289779789755126,-0.8651096719363832,0.34246194412273634,-0.08041463966941553,-0.1884906758174954,-0.42124633914626475
-1.173747125128159,-1.037575036917239,1.8539151361761386,-1.8679402561446932,-0.40793946203248865,-1.1010849822558602,0.8179300563904066,-1.1710181805754267,-0.6573920574337278,0.30096772955655177,0.4749395852501606,3.2854640467607337,0.09540172037020658,0.39033658656264025,0.5557178144812309,-0.5788288714416419,0.07752638835402212,0.39637666984356473,-0.3427963995050282,0.19542911602592217,-0.042722448595825475,-0.27104605969934914,-0.32576091548627795,0.29204732129613536,-0.11696015326574678,-0.5342498988027747,0.060787392000645944,0.8144572582591193,0.035134862308477614,0.0626298218334458,-0.1368188473813733
-2.0237457690771126,-0.2525404563093858,0.07289107207031857,0.8161412911289033,-0.0644114404272531,0.8188299820100448,-0.48992524724836095,0.9280132288355905,2.062363821539316,-0.1282946411430057,-0.7854631901462987,-0.7006894838717143,-0.18899500244019002,0.7639506740831974,1.2136237732705424,-1.1537601400812005,0.14745009959405733,0.07858017203240562,0.09248898921569612,0.27463519793325075,-1.6030289858696751,-0.6076395282028466,-0.09806597221613671,0.858021010337094,0.03958355057365066,-0.6633988929327814,0.21814885497040643,-0.28920786622180805,0.5844059081828262,-0.0008555332993977695,-0.08534890216361964
-3.8557420855204487,-3.301584858109402,1.3260208467751493,-2.1753536928750017,0.9371318697929948,-0.2841345361861587,-0.6476769552091192,3.6704208496847,-2.748987010826439,0.6911167243447827,-0.5405828543778215,-1.22581129175334,0.16241163630380112,0.31209986023061886,-1.8006838133501106,1.1956115220389032,0.2489474911422334,0.9623996917790378,0.4110794184818966,-0.8715522599503073,-0.13779330324984632,0.8745828174493308,0.060597142026741664,-0.4595244108718848,-0.11902365810797907,-0.20114825527423663,-0.1022065620976255,0.4997673540062464,0.07323191368915022,0.1518063790550851,-0.018599966527227063
-0.13691845681858777,-0.3586743125655034,-0.5790950860157842,0.39396446584668515,-2.1711795544856325,-0.7750041506101222,-1.0488661364424092,0.06649418518439544,1.4951671587802984,-0.1699241712385298,-0.8479770902204212,-0.15348841230528748,-1.3029350891003488,0.2232442321311963,-1.7098492063336095,-1.791975524051684,-0.40271764192608495,-0.006845603429956781,-0.6602066131074827,0.5168336407220874,0.8738472486584472,-0.2170959347111076,1.0213471114249961,0.7814649454901871,0.5069786238830641,0.34330269639136185,0.796464436747147,0.4498639994129461,0.5321927258406018,0.31223380981728205,-0.034962276241020655
1.3777444663423561,-0.4907704416261117,0.7213276292336951,3.4660772402693047,-1.0705540727447491,0.45734868374563276,0.5154355307398756,0.1946078956193573,-1.0494358270280335,2.4997207606824894,-0.5491208612700476,-0.08812639145381042,-0.5899311760082356,-0.1885968472431263,-0.34507437779627886,-1.195518987073369,0.0840488482169156,0.5754133425847132,-0.20206864836267485,-1.4819946317883577,0.04678008376756605,-0.018840294611065653,-0.3187767556922727,0.11438280274712997,0.056482016595136394,0.3692736419621323,-0.10658671237239661,0.4182491060864146,-0.17533196719551147,0.5270199243262593,0.3865973462379503
-0.3373201398707136,0.3298298357412118,-1.1348057606055724,0.8606403598358546,2.199999499465575,0.061626958775697516,-0.7508810258181007,1.637653283762214,0.1659178627188404,-0.5872798400861914,-0.15041019736676708,1.4317525053812878,0.06897231706430272,-1.1609428280575735,-0.24840494980784206,0.6873668044601889,-1.3971802412873648,-0.9093348775046829,-2.638863929023522,-0.43523334949118503,0.5175954133663531,-1.6683633821645483,0.6468488499196096,-0.06626291873658166,-0.6269852938766366,0.7321612895168643,-0.015779329482396964,0.44110651601189027,-0.26189699783655307,-0.3756373123993615,0.10222253568470242
-0.1209803586023308,1.866317264320601,0.07625525580941496,-0.3733416963164843,1.1489674792620022,0.7976565956615681,0.3407233527626364,1.2234510129825096,0.4456317486300727,0.4547165278435078,1.0732695608158653,0.5391637555226702,0.07621966857358696,-1.651149047457821,0.3502616333312829,-0.1742065013134285,0.11723622082873907,-0.13170760013278365,-0.7647812044997979,-0.24661766393134416,-0.00016705148670402404,-1.6597855821122645,1.680318089397511,-0.17575101692191306,-0.8283544910389514,-0.3915001560776402,-0.07365488094020864,-0.8000479218083648,0.2562955872738468,0.6570393138734888,-0.312714441292329
-2.258299283475172,-0.7560600473740976,-0.6398450789492116,-0.004311099897055493,-0.8726999798304146,-1.5232594163571953,0.5754361027233843,-0.9812833919046325,-0.8925691258015658,0.17005362419891132,0.4790426728366239,1.972749163721444,1.9168362414352622,0.46740046897998333,0.1323442870009643,1.7762948629081339,0.34797891080226967,0.6362977070928557,0.24095850421952353,-0.6992245056816562,0.3198286600448941,-0.0850576486868738,0.6004561822535102,-0.1890584865227903,-0.08582199782082052,-0.6035862671171064,-0.17632361935017124,-0.03137054598105754,0.017589849836751808,-0.08566169843579798,-0.023751840742539942
-3.4864233410116316,-1.2480058359664359,2.265863123374932,-2.264429980125486,-1.6530008652590975,0.4254211286072008,-0.15541379482038312,-1.3312766795970878,-1.3290936854208641,-0.8877863109919819,-1.0950504300794044,0.6004160159966352,0.5540801909570111,-1.001014618410677,0.7323889238998026,-0.8315153189226395,0.5507950240958724,-0.03482501439609207,0.1865540149910318,0.6553775034698172,0.10205122888199766,1.8282139077634914,-0.3364632770145047,-0.15681395997144823,0.12682423434046955,0.3411264441927741,0.01468080343089335,0.36047285125005357,0.18358942365486167,0.16200808432579056,0.193100375547368
4.929538710729002,-1.888530400489235,3.875167448364468,0.9387864459371963,2.431328093747358,0.5608280779186671,1.7718408364800784,1.5826624154061475,-0.11677727675628502,0.39574955048746363,-0.5012168565580908,0.33801255917247053,1.2597871326031327,-1.9912290947634108,-0.7158977809931372,-0.05991197024323304,0.07318346259842283,-1.1217594058424794,0.8592767304259146,-0.4557497893117507,0.5455202593807663,1.0038658346866958,2.1390926397432457,0.8534423762513623,0.6932780371755852,-0.07929584215950675,0.798854668206265,-0.237971798459114,0.9626397681493274,-0.12028365019119816,0.004482353681443246
-1.9941728610342069,0.13392774535946506,-0.6314135156831073,0.21302559868666618,-1.5879243025304235,-1.4216826413513686,0.1531736503051173,-0.29848629426440665,1.042380888591391,-1.243557997522346,0.46034549840716704,-0.5529516637696257,-0.2755381614146718,-0.6300582927852144,-0.0029643568017879555,1.6679519995088117,0.3680949483967715,-0.9704868549476073,-0.4925440981476614,0.14151995935645745,0.624637309130147,0.37637010075216065,1.1845138089701774,-0.11074112097222452,0.28355070170932634,0.4633892461329871,0.10486990308733171,0.26121406389157653,-0.3854322545541592,-0.30124251350641307,-0.054123218101111537
-1.7924978973541728,0.4166110353036793,2.560592359299212,-1.7965338693130133,0.8832098376723602,1.016672911288692,-0.19579394620174342,0.5463218338499007,1.3169521452318331,0.314845285680931,0.44042014977375543,0.8508883569382546,1.3673837456570894,-0.6809746174676238,0.32406427527603554,1.355069047916574,0.1522151426445374,-1.6013247735087583,2.5266118494749406,-1.475490986869114,1.8778355653672654,-0.7547463243031993,-0.8718037596926029,0.7175091615045021,-0.28973219769258074,-0.4707271590098472,-0.08620296094431443,0.10409048292000932,0.2879568793566615,-0.2975138777314664,-0.21061536668308592
-1.7860059222313565,-0.5101920155888897,-0.5999584527413825,-0.3130954036958758,-0.781106712705964,-0.567647948317435,1.1143110934704634,1.2264358180331874,1.2682683679239792,0.9053573935799487,0.8414390593513914,-0.9219069809663212,-0.016844598975941344,0.7434720017389118,0.6332395766463679,0.7395309482697607,1.7722826144113122,-2.0034856183938468,0.16809252260800017,-0.8204959118697351,0.3775264546266784,-0.12554316332410725,0.49285951130181194,-0.09843397297840231,-0.1143818950379374,-0.7300108104292994,0.0591503729757076,-0.18809343481479293,0.2683767278891893,0.2927203183868849,-0.022241652723522097
-2.126173639527112,-2.218422507817373,1.2355226732860454,-2.9772707926287487,1.419480219308274,1.3206360461111193,0.3841914322756472,1.2144921879290356,1.2475781808500903,-0.8430980012157816,0.9985899151702526,-2.6223128605984813,-0.4106670878210904,-0.817064153923094,0.9512618155788081,-0.7389607735599734,0.16375714843958838,0.48642402429687764,-1.00434628427388,0.624856903599754,0.1304017596590301,-0.20470933007559192,0.5742745141423904,-1.0360561146857885,0.13868819815919592,-0.0036483580809073385,0.24959228795428595,0.3162199742841878,-0.29282057935733197,-0.4075973877045337,-0.20081762997425737
-1.2775024658119458,1.4308971939513064,0.02053754894766178,0.3399263348544386,-0.9588425933142126,-0.2575752989000762,0.551653507751691,-0.3822778663497608,-0.012191736859852696,0.08256105632664251,-1.376614474443464,0.5212966152138212,0.6567876439863881,-0.7157760866971836,0.04785731165796745,-0.33252602681226767,1.9098916639818528,-0.4313752165139361,1.8361858346921527,-0.11841846188742887,-0.6780220388842934,-0.4780648463580251,0.985971946681109,-0.7809057288539314,0.2939008426525691,0.5491923023858588,0.20514933543888791,-0.4014187367580687,-0.4633901948575303,-0.4102615046407178,-0.24489959713859416
-0.44367666315192833,1.8669651766149038,-0.33901118696669347,1.8044812372832664,0.629860978886375,-0.32009351913787576,-0.39090777480217864,1.971881215536706,0.827834646807409,0.4704210528292557,2.059695621673781,-0.5245663141404326,0.017798741228189575,0.49269521460775445,-0.08307220979241069,-1.1612969556770154,-1.0191324799760095,-0.4489081754011251,-0.5000794958829423,-0.1003996052937546,-0.3340482419555106,0.05244882523843353,1.6309443272368258,-1.1854123714982001,0.10320720573376986,-0.07157836444489599,-0.15289632950613605,0.34572111526264,-0.8320840442880122,-0.7690703184766436,0.2391493341983278
-0.520959186148918,-0.7332471046279107,-0.14697775511196068,1.7337591423676213,-0.35687665403714547,-1.0652928635635888,0.757468631481353,1.6836931120823289,1.0008765279878677,0.4414812532842511,0.13327149723089077,-0.38629052261485886,-0.9336093618704712,-0.6331635447441841,0.9350003003087556,0.05941204294326675,1.3830672713136283,-0.7714747248477393,-0.5655389735825954,-0.02206941378164232,0.0889404758972563,0.010132552604613208,-0.17884971165267338,-0.792512690681484,-0.25165415034167304,-0.6706417922685978,0.33458143409068725,0.11311642289133594,-0.07152141511470987,0.17321686323282998,-0.11309852661264667
4.776327030806794,-0.4807621417218303,-0.12416759861454121,0.8389139045653392,-0.8218410283730576,-0.5832141104532879,-1.5916302586866151,1.18960702881946,0.36418794664616033,-1.3928951076444935,-0.4525183452686584,0.2905845599362148,0.7689025871598311,0.13603037337534704,-0.5165609592731136,0.40221441200956276,-0.6099194943180297,-1.7131509889671626,-0.2975458329362049,-1.1971281001248881,0.24649370632192294,1.6391247205803972,0.35668250258844136,0.37189877328319687,0.1758831129244531,-0.38860997612315623,-0.3251215806906718,-0.24556786328949265,-0.19393929114391387,-0.5779767945635309,0.04616401518695003
6.967030584963447,0.23981183348462834,-1.8192495795063048,-1.0600877168360001,-0.8612120089498979,-0.9235027169935782,1.3872815698200212,0.175754683312395,1.466305698237305,1.0540407532952116,-0.37205160118998165,0.19729393897616915,0.20637620583776276,0.921214798781763,0.686824476474652,-1.0434927323283376,-0.2927489686382076,-0.10685081042483455,-0.21811865020767168,0.15222555158218393,0.9278597467917112,-0.7741567206787874,-2.00927209985929,-1.4025800481370423,0.12181826442752558,-0.8237620066344515,0.3169558109467508,0.4975951811984271,-0.0983023311408153,-0.017117945891693784,0.01137074548310822
0.8844140887168438,-1.0552974471079166,0.5516351601490626,0.6619923426720333,-1.3339773085864952,-0.3806699003692945,-1.8762946020332998,-1.1369871261848599,0.31814876440203865,-0.613685982000561,-0.4122314478139303,-0.29060345333957177,0.49932254594377024,-0.3308968433109085,-2.0219368697224596,-0.7853340647195296,0.4426110609344147,-0.8615408344905484,-0.4172115456168312,0.10433913525439811,-0.033838116107751934,-0.5280145623470565,-0.6932628616767533,-0.8589302189459167,-0.5482562534664801,-0.10682049474877946,0.205497715973844,-0.8158494359745644,-0.5931482826900214,0.09931452312189044,-0.48971545169795566
1.9980258443711023,1.4760525934084805,-0.5254541669538925,-1.7480738016447301,-1.3775057296999045,-2.105118210571202,0.5656433785461489,2.1856234110320667,-0.606767964909891,-0.022840343807360594,0.1459601945719449,-0.6194322377686918,0.40078675181036216,-0.5846210955170055,0.764283932417794,0.3771832480388938,1.9218802333829854,0.558284756956275,-0.3008521829983328,-1.8119571152214926,-0.015974981255381628,0.8091343412507109,0.09661854488174153,-0.4507182300823954,0.4078020509541378,0.674438388383364,1.4547527131751536,-0.878661644033719,0.08237413132330997,0.10421993963057717,0.1810423216872308
7.927665679586957,-1.1142951553164802,0.1145415276154719,1.08197799787867,-1.0475743955149894,-0.623500817361586,0.12406394923053364,-0.0035894845553115667,-1.7700689845434452,-1.250551839816777,-1.0718367733383272,0.967934081546745,0.36532660648709,-0.17931965537490144,0.18117560228339624,0.5187690605189954,1.280295222722088,1.2404445107892483,-1.3491891771651734,0.21401028034935946,0.008099381225727663,0.5193300539726139,0.4967984833055161,0.04146730754856515,-0.03089554209084624,-0.39425664872092303,1.5968896328842408,-0.028628405249557377,0.8921095062870715,-0.5013656808334469,-0.1133912006081518
-1.3554393373028362,-1.104718679297128,-0.33875891946416675,0.04730974198464546,-1.0406443944706405,-0.6418006576426354,1.2439505977297396,0.8565916012204506,1.8136021214610547,-0.04055422363253723,1.026993191257548,-0.17307331656238767,-0.13433585180999383,-0.3127734324271986,-0.8482933281380544,0.09110405126053597,1.3030024105621338,-0.8322996839040838,1.0910868547171515,-0.08003331924792312,-0.8058280732542666,0.26275059206680335,-0.5391114903651812,-0.3893163883500278,-0.0651215655332903,-0.6315785039870901,0.9570861449896723,-0.4023833534997928,0.4043579343629745,0.1696917516849726,0.023157184407051723
-1.8964702716852977,0.3030340608381349,-1.0257513913364709,-1.2345475980504814,-0.48412987418188924,3.0083739209281095,-0.8154078412920509,-0.772811821975069,-1.237256534837982,-0.744946253155124,-0.06669140449812047,0.5563163035875529,1.018866954589311,1.3355997071666137,0.555350488478881,0.7821426091160212,-0.6323554023305387,-0.6867918165674908,-1.018014779537918,0.04363835556546718,0.49661115823207597,-0.38271655804764276,0.18384761104498754,-0.010409295889170857,-0.7331575104637076,0.013211960658202352,-0.2473439920159354,0.05086070646023328,-0.2938212597829461,-0.0012220792667928105,0.080559190718752
-0.8790102977946861,1.5588154322314136,0.7824203577327613,2.7644244327545335,1.379255526465722,-1.0578054886278578,-1.2529314585731164,-0.9479152241947935,1.8549458387322353,2.1809677166701182,-1.6073394694474736,0.3020008977102763,-1.4627569397917413,-0.17461344516342286,0.2834517537664511,0.19501010019280196,-0.9695665652425607,0.2541099727369265,-0.7229171157837366,-0.4849169093747459,1.2949053198534626,0.5086582643875446,0.8884537415973509,-0.8769339222740535,0.5851063726100251,-0.8203004189546096,0.3150140996384394,0.0452544842938668,0.08912714663913299,-0.22814092269560599,-0.03445926869928871
4.687221351072698,0.2883534840154636,2.8540469233910084,-1.947902447550139,0.07219857959371491,0.10695115998897438,-1.1190183875207769,-1.4226284371259124,-0.11552382369536454,1.2562634007378453,-1.7927271554308788,-1.604752167495307,-0.505814432653469,-0.3593196924688729,-1.8840991688936883,0.24940446986493775,-1.7176160411641095,0.061945686298873724,1.9388569253284065,0.7184347891901024,1.3511572394390996,0.42284757228600905,-0.16785565998958907,1.4149058503701415,0.11902998266660139,-0.350630883234555,-0.278160779605144,0.038350964702153406,0.11092949768448011,-0.8291218510606765,-0.23600823261781712
-0.3217674322939361,-0.5947538925714185,-0.30255370406890786,1.247355574242821,-0.22689838128896098,1.5813628866291747,1.4709913251346398,-0.22684228262045295,0.009679384014041068,-0.35660176352391254,2.19467551784992,0.5702183928374908,0.9626009610661774,0.8861042581891987,0.7469439746800333,-1.5699733962438576,-0.5552685768389749,0.8930228805749056,-1.0911705279761788,-0.7182572671768477,-0.07011548658776733,-2.0604799664977005,-0.2426274512434864,0.31859455977173734,0.029278019742520787,-0.48431462642306866,0.223135221955248,0.31281450860776194,-0.2985939592736046,-0.03669879666714182,-0.26014483399986676
-0.7568186952544396,0.3684202587742129,-1.466380427267231,-0.6328715522099126,-1.7399784685162667,-1.6290985980380113,-0.13981089887036166,0.6334733156786899,-1.110582560226594,1.2710838456034728,0.03510641220370399,-0.48602843506156485,-1.2222810194357154,-1.4550790160893314,1.020814522679016,-1.2905381455127811,-0.7898864022240446,-0.22220348042381305,0.18724479362271113,-0.9669744873014835,0.28188176383936503,-0.11363515931390475,-0.41021973420719093,0.2577081998448271,0.2954012577087238,0.3623256037079525,0.05266374956946797,0.5416350255142034,0.3201745061972074,-0.19614185626286454,0.25251414135881134
-0.5249671799808258,0.8173324713686362,0.6595387052017329,1.0308714007829622,0.43423154556278093,-0.6810345187018633,-1.4887772750493333,0.16071362735622244,-0.7877839335416037,0.4479463056204651,0.4858293130865819,-1.4386901266133338,-2.2355707948877357,0.786596823431158,0.4962932232325644,-0.3082314808461223,-0.6954909129206266,-0.3213402312758029,-1.1721150626254153,-1.7866090819753297,0.40551573806668256,-0.31591809865523207,0.5226712359166533,-0.6403605725588662,-0.9041052011676636,-0.07256381762583294,0.16427839089519428,-0.4140968145949107,0.11238767180394166,-0.04187355165977316,0.10320361688728408
-0.9533951550458482,2.580719563467799,-1.0021333720006744,-1.0074385847874863,0.1504329065773991,-1.378663771199874,0.8267765443380823,-0.19624208924949202,0.6784496939104647,-0.295811184020998,-0.631772874635312,1.17993501073858,0.05113859443975615,0.10230482420543918,-1.1642803955111873,0.7299062869951539,1.0643593977389674,0.604942915787343,-0.7657499617654252,0.5458516018443935,1.2941294911322607,0.28698123273256154,-0.493094009942301,0.5427614514184083,-0.8742586586032631,-0.06484675490910022,-0.17914318664701526,0.04709815418101488,0.34977749026949845,0.1382699244279195,0.03020418160945994
0.24593770628519934,0.012757961622289966,0.9953730377740545,0.8590516744260813,-0.25420498833280497,0.19016356126222972,0.1276063056899297,-0.11066731564525799,1.327355248362282,-2.1759087865926188,-0.8110931887585756,0.43394427878850117,-1.5258526363086886,3.211561525828524,0.7777334946603293,-1.117317316687729,1.4976697459869484,-0.64698357246055,0.34819026024625255,-0.7359687291260939,0.4513847633773018,-0.35061329871661767,-0.6280263701264615,-0.1970211209627931,0.00760379686081808,-0.20258569449804806,0.20890991819899823,-0.8590972152690965,-0.5028838671742191,-0.0610892938311374,-0.024815656164888872
-1.755629454164418,0.5106764170390633,0.5516770045230281,0.04093348190907901,-0.4564662014893392,-0.04878513453904751,-0.9067555799269449,1.2732915118086836,-0.47412935338950074,1.4153244249856418,-2.034413756442866,0.18493912100143012,0.7663328335356457,0.423683435224892,-1.7539433835575053,-0.7304122714212608,-0.5556694691008289,-1.3560600130893468,1.3164118938961904,-0.9106526055203501,-0.09746602664198017,-0.22309408238118997,-0.2062118390765752,1.008184936346506,0.2327956772526128,-0.15679295846729693,0.372267119730211,-1.0533293057321238,0.3116833266310376,0.004554415033680626,0.38585354032379865
0.7623394832851679,1.1296223340345686,0.8874425508572972,1.6220579637432626,0.8706356997892993,2.0112298932328545,-0.8245121731901217,-2.188868836558869,0.8547803261337323,0.9130850538850374,1.7416786767192034,0.9464171436211402,-0.42034914745864416,1.49856220708597,-1.267009426034637,1.807586694211417,-0.07605153409113297,1.747994309439502,-0.03286422497929889,-0.8279460023527161,-0.5247983150383131,-0.8744953912436764,0.22449685800503225,-0.5958057995838673,-0.002031171941464808,-0.006185477100758301,0.06228778377270829,-0.41933053807538984,-0.9933535486555815,-0.4137538146947309,-0.1502577002957586
-1.4880589116481182,0.3322837479917928,0.4698509584000418,1.2590659340718247,0.5607091361522141,-0.12058833054516298,-1.3422757235948786,0.1475193775579909,1.311515707007037,1.9553534719684782,-1.2377529924962516,0.6572363657449356,-0.5464117778300682,-0.5627088285785699,1.6940473331043708,0.48032586448506087,0.3158413246027895,0.8519399288765117,-1.2825701973218273,-0.1735532146960315,-0.5596883835901098,-0.13357267398558229,0.4455741464995441,0.4945789297525767,-1.008333582533645,-0.3711375430353811,0.44583699960144185,-0.5933573301330815,0.37748561210502357,-0.15401515599810653,-0.2212081169474395
0.22261836997787215,1.4436579040361586,-0.05194487709067208,0.04628871686976544,-0.3904185367526091,0.858280264038909,-0.19780714482407005,0.42834171690206285,1.2940008864025794,0.9519034233193283,0.13220994523408183,-0.33611734785337627,0.8950799397975819,1.023793398133924,0.6026153724674109,1.9189542296480075,0.002154188723938123,0.4617974998673685,0.9447811836343917,0.5009850345157981,2.226204351123219,-1.2097812429705193,-0.40182245261211796,0.612793996867294,0.1435985444837518,0.37420888249468126,-1.2715295176350243,-0.23514532970918844,0.2004755809693583,0.1592107456148035,0.48515788099361307
-1.3119113773069249,1.860692468341514,0.013001092509855669,-2.0681430765049584,-0.8227583898783262,2.9104722806702092,0.40310344213132876,1.4047177996871685,0.48755218381868015,-0.2566015815373514,-0.9320347257193115,-1.310287877993716,0.8378186763483323,1.913241226543432,0.12232332331558395,0.29586238146329535,-0.9297005407479717,-0.8828604055535471,-1.5038684059307506,-0.3196341848882517,1.4095477199193223,-0.5216813084490438,-0.02906868141925994,0.13397043537939687,-0.33329228555361007,0.9152439545429616,-0.20325139556231134,-0.960523220980377,0.6184174316013279,0.48917443326824517,-0.06177604736372503
0.39987134135387886,-1.7946927260423098,2.44054223607047,-0.739858613937543,2.381689473786063,1.7166620805377584,-0.39314964776103795,-0.6298681366421395,-0.9485374201005046,0.08135827467331874,1.5705206436893313,-0.7848694716918486,-0.3719348331647545,0.18536985816456586,2.564276409581007,-1.8141475021662976,-0.3688615228590256,-1.2576823196929772,0.7981190998063205,0.43677137404904104,0.16032986519122586,2.063186626015206,-1.185270061466116,-1.6117640253220549,1.406416595421245,-0.3746006113903777,-0.8379579018337112,0.3551617253394566,-0.24279756841539238,-0.0586018239229308,0.31657853362381344
-2.090932918755938,0.24964656073072916,0.567593634810565,1.694037010238688,0.4729763581811327,0.8807923826163596,-0.002954444805575912,-0.13578659315328065,1.6736627858644113,-1.3270919540677075,0.7378851054149869,1.6382156148899492,0.9683072941359738,0.0013363630376608596,-0.6937561106734241,-0.7832149830483868,-0.24575365826629206,0.8435947406280095,-1.5278045791599137,-0.4985740990941149,-0.3373091278600838,-0.022038619825730386,-0.17013778594288265,1.1687448503782312,-0.9171623639177908,-0.3692220888218721,-0.12344240723706387,-0.3607107050747267,0.44002792062205476,0.11848665922266018,0.0334114660549961
-1.1484073550857001,-0.9114830069263861,-0.05960066074173137,0.42649345137568206,-1.889532786593094,-0.504162898511041,0.20029966742361285,-0.40081188111341587,-0.30692035781717775,-0.9284914967546279,0.4093506946022113,-0.37920672842004427,-0.5238795639707415,1.1340172416599625,-0.028351242241267928,1.5608881390939773,-0.6745932467145674,-1.2338058935236265,0.6542934290454123,-2.1008940519983756,0.9714854320772711,-0.795239960106363,0.574241197227457,-0.47701422920178604,0.25694286223637575,0.3312436421640887,-1.1783975034165377,0.12849238519790548,0.10499333670881994,-0.1684129395250477,-0.10689940485537745
-0.8089888392209954,2.7533722159397045,-0.17394708838178274,-0.18461230373586812,-0.6742864953120224,-0.46804401031496085,-0.48936961641487525,-2.2349705168566314,0.09012354297848432,0.39617009121495733,-0.5426771836485949,-0.8507681124830649,-3.20097152916773,-0.6590688033123158,-0.8273379546991777,-1.3448986004800114,2.3930127834328494,1.3040189622592542,-0.18917159678611042,0.4657347831716556,0.6503036260061321,0.3200193249570597,-1.3522244756356223,0.3614380292343516,0.21411050200439516,0.8626815792299666,0.05489808486398664,-0.07277080982470908,-0.3109524068123699,-0.5767204121895732,0.16002350203437019
0.8280656776305506,3.4870421657174755,-0.05650854107310342,-0.1389199154672857,-0.14129454363325764,-0.5374120604908882,1.0264430992027183,1.4830271094922958,-0.02309407194115351,1.1336155697458787,-0.5506331657817735,0.7418052650817756,0.7702798758435898,0.14076583969715575,-0.7956119566967644,-0.4358720115834629,0.9732193144848615,0.7428031208717465,0.1787828236902515,-0.06556168301355675,-0.14170446288159888,0.3746780438771267,-0.5084707692867909,-0.18472798415404948,-0.5469808472425153,1.0039204188039446,-0.23767783969067482,-0.5247734555371426,0.0019432864947532187,0.10226565910347578,0.17644983697831848
2.0930648299906096,-2.661529166527392,-1.7681301901801436,-0.11224923927976632,0.1775571135729367,1.3183714790154204,-2.0935002496670068,-0.5614276103839502,-0.6119642252422891,-0.6811071705822577,-0.7845849259596446,0.741996493441524,-0.9076767937125677,0.6345694759593576,-0.7800761102074588,-1.1941878167376212,0.5163052717708964,0.5292302874580264,0.8230228241191483,2.716976712018455,-0.5757855818317724,1.965323341855496,0.17598113177579297,-0.2268141989540499,-0.8004204356377675,0.12433756352695476,-0.16482048025091164,0.3682084040746196,-0.3734556134793425,0.1167983578725267,-0.00990264063093768
1.2579286617094922,-2.025010583389654,2.7417700998862715,-1.3403248663499052,-1.2493915776840208,-0.6350914284562975,-1.1626762771315722,-1.1814772209975128,-0.4073192833230114,1.0718135014702534,0.08422247877796564,-1.366932520821886,1.0758805655550336,-0.35525372921539433,-2.6901513941082023,0.665698039807586,0.06210323308598024,0.4119460195832042,0.3682125474403936,-0.4973457416568523,0.18930768216558128,0.13608192745024034,-0.42210876222669574,0.24174305534975346,0.21154678421259254,-0.40996171038368007,0.028722779742652926,0.2301238234008297,-0.4365170259282256,0.11292642898062152,0.340753875594266
0.007654301091094247,-1.8908909639042308,-1.0174096658493106,-0.06873143043967761,0.5528714416037844,-0.8365403749987229,0.4250592266100332,-0.7609608878038677,1.6863488979524541,0.7736319271133067,1.380048753870097,-1.0432544583210772,-0.47377158346895176,0.23650017014498195,-0.9032797114261566,1.4447550981178845,0.9283206870532206,-1.2450651467055145,-0.5540302366493876,-0.18425349867101157,-0.4272665859770481,0.6735315175584706,-1.1547564274792428,-0.4850619126341763,0.09172428914153873,0.13191156360472758,0.09277206006445862,-0.1140394168146443,-0.43806204616704947,0.06917058961526018,-0.6469449860382285
2.685549402817278,1.3648971017330922,0.1123694556052556,0.313660248797701,0.6131592438251993,0.011717468562112037,1.2876321362500194,-0.42190311036837025,-0.09607461619272203,-1.1644716011874352,-0.5002840153352222,-1.7045114424597576,-0.8308447060409079,-0.8707007381998061,-0.5843341666279097,-1.527964721481605,1.7309720933804704,0.7203495637297792,-0.3156810699712198,1.9778505523393177,-0.30396363232095774,-0.4001350919596568,-0.3363350124786891,0.03819654056635402,0.8528795412261146,-0.8787734096750777,0.6442043489629167,-0.5225614853242408,-0.7853796580916975,-0.2235387267376306,-0.23712059840887914
-1.954476389632685,-0.6433597545001718,-1.9651687311352237,-0.7572154328954627,-0.8360451489164199,0.8844609104663319,0.7596815770100699,3.617165462185009,1.2425551519095497,0.09193252083957912,-0.8368642125532207,-0.07493907314978794,-0.8648639441550071,-0.8347789926804434,0.14252781458037825,0.25701121546041994,0.5581891866873195,1.2378005616272505,-0.2749876855343569,-0.6163010745444083,0.6711267393175246,0.28123418636798,-0.7692203720676711,-0.5865219525653946,-0.11487876983823554,-0.7766924872386616,-0.28429521895921833,0.47788996059969135,0.09550973581481198,0.018754933347092242,-0.02437179209209834
-0.05609337508025278,0.8354195928307256,-1.22512835726489,-2.42985960073441,0.7492724018533204,-0.7882241348672173,-1.2808590601970165,-0.02556334320007157,1.0184549786827475,-0.7899227318336223,1.1098170648258912,-0.047331163059378005,0.6894691224294118,-0.7819976977835995,0.590647454588348,1.3760040395067341,0.8027226450385161,0.2359770225889848,-0.546204886832459,-0.7996237253961307,-0.3241817057721803,0.5780589291809428,-0.12148597498296178,0.4584347405911696,0.558459659572572,1.1464772401054912,-0.2089134198144809,-0.7560056549529517,0.19659193566721306,0.2913096514971625,-0.5195115913197594
-1.2380242656166778,-1.389163007818485,-1.779821629560795,-2.0809970134008258,0.7504070995709504,1.1308846841890043,0.540647392957083,0.584870899191763,-1.7864941262224527,1.0364885381780924,1.111596515143798,-1.0587228976033638,-2.204615685045188,0.5109234529811849,0.3259800831823751,-1.752468223016842,1.0506688014145376,-0.39591217921879057,-0.9862987782209236,-0.06790844168934618,0.09830942661687966,0.8130668866138825,-0.990080298981395,-0.3865713337522144,-0.042708265406221885,0.0328881911738239,0.458203094000954,-0.17287327882509806,0.4788313997177439,-0.18017017974618704,-0.1269940322356252
-1.9592975875428529,-1.3584441639590132,-1.04178940616542,-0.4178748725955091,-1.355214352336387,0.7355173381046355,0.5347052781615638,0.3184333076633533,1.5206761821806087,-0.1844363419544377,-0.8211893087890425,-0.20032311152132676,0.5023590879761024,0.6872591214960383,-0.7563608699131559,-0.6974515552673294,-0.3332111334611371,0.8027856400406919,2.121608559301718,0.8568368626647996,-0.8750995868080246,1.4068471938235585,0.08669961750031718,-1.4594420972210027,0.03379005057231537,-0.8599726538668958,-0.3819218341094934,-0.06701814537732553,0.08848460463065677,0.1990779216461742,0.07804277361033739
3.633303944632253,-1.9136308661287107,-1.6593284448521877,-0.6616600023329422,0.2515048849673279,-0.6415150042458132,-1.4864256821308042,-0.7252501508103967,0.8400736026694103,1.4870687911826068,-0.2984297414140462,-0.4070523071807456,-2.426248499596489,-0.5379853693998855,-1.6211916587817803,0.46452581075200694,0.24382659790122949,-0.38266579775189613,1.3449275403948087,0.033481342525232494,1.2004992405735653,0.5107422667388916,1.0227306391116533,0.8034281291208952,0.12380807200280985,-0.07047539494702551,-0.5728822396558871,0.37867005829603056,0.6416333220934881,-0.1254998511380721,0.16059786651333713
0.4071500801962884,0.3332115203457331,-1.2285912047270033,-0.13781096448398358,1.6224249196032356,-1.4459181854030547,-0.1541799541049017,1.5341945075147017,0.7277817895240386,0.5168970072964856,0.6490659773863156,-0.20442381193258952,-0.3897642818035245,-1.1272026832337367,-0.30667971344140094,-1.0253631337691917,0.3322684750190481,-0.47694172424635056,-0.932725081431089,0.5037916114760959,-0.6631163334395803,-0.44420836954216086,1.1736799969908185,-1.5455013059937481,0.27759271898287324,0.18530641042883714,-0.5857595963435265,-0.013827307203834054,-0.003646274763619882,0.057168388436626645,-0.050584954629504436
1.571495204304408,0.005037027934183187,-0.20079104966663636,-0.29342645646822135,-1.7562815487960655,-1.3536429938070245,0.0559441945729875,0.6342894261669123,1.5396797514465401,1.1408630055243931,-0.6426116171975294,0.13872929564775036,0.5123155079128969,-0.47680290166371603,-1.126692787476151,0.48360878908541577,0.0028468256633899206,-0.6678821515100051,-1.3186470773169194,1.708841571349769,2.267010313471302,-0.5616201699565433,-0.9695137644553649,-0.223923402466589,0.3469788410191281,0.32149094135787415,0.6332215857250324,-0.4312514293800523,0.3993900856609028,0.05391980212167532,0.027257611570694278
-1.689883431428607,0.0052212600657891555,1.748176419341081,-2.1567080222340556,0.17641064413046834,-0.9967707170566907,0.04323925690699538,1.1137406181947411,-0.6238855124591157,1.4301362161264581,-0.0011361516037359308,1.3014245528688766,-0.8739184981248118,-1.4105109886779057,0.705652492321209,-0.949144740421632,0.4812308558874778,-1.034731874273851,1.1290076113793241,0.6136325043180636,-0.18100706841274894,-0.11664294121390227,-0.33163525697730245,0.4503215403168247,-1.076136127118824,-0.3358108874312207,0.1762412533335609,0.5018887510521914,0.18252409498581665,-0.09263103317372155,-0.023121541931579635
1.4313829063229804,0.7424097609000779,0.6572784229443612,2.248705650276348,1.105666267180543,1.4318718107646609,-1.3100616661360747,-0.9296196252438124,0.6106811463609945,0.3610921541975099,-1.2430472840505948,0.45213087566109933,0.31330234530146595,0.39967135248268965,1.2877494762438642,0.5077438052924125,-1.3254503720577064,0.002433993878199471,0.83262532236032,-0.9632025669887125,-1.0470513393348841,-0.38523196566510326,-1.1163692399944283,-0.25474067932776345,0.7616611197817954,-0.5921398955208167,0.41554682934128007,-0.16968199428301853,-0.6425019032135294,-0.37732921774980505,-0.24329357838395912
3.189923797763534,-1.563397600204347,-0.12894493553984207,2.7052281418424355,1.4032679420533931,-0.5066051200290543,1.502207766705005,-0.7173064273954575,-1.7032203774611827,-0.7424319387888364,-0.4468228200954454,-0.7673449119278417,1.1318143133283871,-1.4296178440256881,1.3888765038906583,-1.5258500210439727,0.894519379165153,0.966459606951119,0.09540620171236264,-0.2834963443376641,0.25028531659280207,-0.108284532075545,-0.5990919961311232,-0.4426303339667108,-0.10006894835795042,0.09083195140079037,-0.3919886124084129,0.21616641006541282,-0.4962816281309641,0.31235891005592814,-0.09737636797069919
-0.8270481994823026,-0.022648952663603034,-0.16265802104322305,1.3156272450219542,-0.7219304272143657,-0.23665913612462464,-0.28489109272109137,-1.1334951079215843,-0.42252260137740705,1.5499051753971536,-2.157808409323072,-0.32440498432074333,-1.0060035890525598,-0.5662432935905775,-1.5255876559706414,1.597896629357699,1.4174268933701355,0.23024565735962896,0.8426503695795072,-0.05240227900625278,-1.912963279006928,0.21850101779109948,-0.27406123183943604,-0.11841611997504095,0.01708471393211786,-0.19414014134928798,0.1347745170106104,0.261306037840622,-0.37071244447254253,0.09231449088807078,0.31369074526609425
-1.6224423777376709,1.2049170085732255,0.0185665849632972,-0.22502460319888917,0.5092158296395418,-1.6203057569302963,-0.13205417371140796,-0.3299123041275281,-2.3744088985409535,-0.6625122415962665,-0.4111300412308425,1.0022484310324542,0.23312740055639206,-0.37281014862924056,1.1513330250595057,0.017109746272146637,2.07461180105443,1.343911482711088,-0.3265750364950644,-0.45172544360467864,1.2588943683663247,-1.3027531310202682,1.885990712488163,-0.7735140616065289,-0.14505007663253713,-0.5985714522413722,0.07285816173368549,-0.6510184508321606,-0.3533636449239848,-0.4370961975037069,0.007812157449948002
0.671967691601887,-1.3356175828487389,0.4208937760748821,1.3573255038045466,1.6218506452893993,-0.3868035103287728,0.9366927567725176,-2.1613014592178135,-0.2823789143115576,0.8911154382033876,-1.7375050207105656,1.5302399473519974,-0.6592482705579634,-0.9216302566200056,0.8339823261927489,-0.5128700835523737,-0.8469173086399892,-0.27305301127184145,0.8634954092706824,-0.028809010829430354,0.847683120396279,-0.6384710039868374,0.21379339938588435,0.05136239584576438,-0.9102173043913235,0.38373910786624743,-0.047161454695625264,-0.63443785340913,0.1622581288073729,0.6446717668256977,-0.20705754044461816
0.7052424483542817,-1.7527767727961152,-0.43022660891204817,1.2984126203950794,1.1614419386909183,-1.9101344677612058,-1.3715867714667522,0.24188685336796972,0.5368400024493609,-0.8226804549545941,-1.3716505283431044,-2.095067311225392,-0.6984301366012585,-1.4698844428449551,0.27517462527832987,0.2485312492714177,-0.9662560316967899,-0.7580051155343287,-0.36355229892639856,-0.524576214142868,0.6309894221933174,0.8843776068157224,0.017138554218992894,0.11950296059133303,0.06390391988965086,0.17338594389334763,1.602036260380396,-0.000469902337073926,0.4093120602117353,-0.06655960407893231,0.3785088585750486
0.8743864343643564,-1.9963777105485778,-1.0492839651382897,-0.10786762981023434,0.691830753070912,-1.917989183620904,0.6346080659608295,0.3286687000514186,-0.24131951301035776,-0.10858506502009466,0.2842960072546085,0.5597557034744778,-0.023656704147724122,-0.01583901354251408,-1.1806627875081879,2.3436937421269146,-0.30158959134206803,0.44072581207184014,-0.5270846206684278,-1.4268273698081697,-0.03082797559565097,0.08100186756013406,-0.6593503636197314,-0.7603440521795819,0.13683450593786814,0.18455571434051762,-0.14547774665572064,-0.14235365351044427,-0.40974939620738776,-0.2151968287252059,0.1869257567045136
-2.740290421850063,-1.389067964500115,-1.0818973935341238,-0.6143287614023071,-1.080485903786051,2.2009437390787436,-0.8945040536957097,0.03712771277642785,0.5881404068057359,-1.249491716811346,-0.474646333233261,-1.5084860355476912,0.8555004473179899,0.7432982057625718,0.38326140797390434,0.5383883006059967,1.1849131965534923,0.3636874777902507,0.5549284530780915,0.14626438025421015,0.7160237334158039,-0.11320767516245546,-0.07757612833373445,-0.5182831028063773,-0.06186903750348875,-0.7558175301696367,0.48907896797336925,0.11924179318740293,-0.026527305087556574,-0.08128427643755927,0.0234943243732979
-1.0693684843225506,1.4737211900946259,-0.5458725214531606,-1.230046325913086,-1.0083468151908508,-1.0650135281601136,0.8463418346148458,-0.3300675507352339,0.3090200517201643,-2.0369562127160368,-0.26120042005199656,0.41038045359915165,-1.4137984952384444,-1.099745695297256,-1.1382899910064133,1.2998919753917944,1.606168143478747,-0.3798106619919518,0.5178571460156752,0.3683544329594514,1.4285591988432431,-0.6135952057597974,0.9771853352855118,-0.005513885068958169,0.27349164142931914,0.4841956618800206,-0.03193591542537092,-0.37358459670888805,-0.5506191652795137,-0.5228289163911585,-0.17597654659334694
6.557426790362227,-1.9121475352955748,-0.571889230084745,1.439271677906679,-2.003466099155801,-0.8073678309461422,-0.6792076574764578,0.48128057863198614,0.874025926576886,-0.0576224095626653,-2.052010661982609,-0.23287550189258996,0.9968043677983199,0.3939668044814544,0.9772877989950594,-0.2154802375117323,-0.08729823248380152,-0.3641554746604233,1.3463463728247407,-0.3822697609666788,0.4551699035364629,0.9713061651291276,-0.49649785248188005,0.10465661869234676,-0.62141353624602,-0.010900776694782217,0.5651765695536,0.08108621836914981,-1.3860513948072193,0.0039045879486779406,-0.015418496139549128
-0.8659197377436904,2.9008512408423592,0.19149247296185024,-1.1035689827887831,-2.1144091313464304,-0.2841696360748246,-0.24631512007316927,-0.3693226419099873,0.5796644712022644,0.09648344306276958,0.15580345270701978,-0.5426681131815527,-0.11308334370088728,0.0745524574288489,-0.151379228486597,-1.871068297701615,-0.9495589089722314,-0.04573056091395346,1.7204375177157496,1.282018193341305,1.2737388335728272,-1.459971610687524,1.2747422429667579,-0.2904377209851194,-0.5217301059730737,-0.2296020363843668,0.12507241325194313,-0.8388971697632962,-0.6803048462287078,-0.653666379821773,0.055347783648923204
3.4092023456031937,2.5452606396647246,-1.8488176770601918,-0.6722475521033049,1.8448739341901437,-1.0863815415382434,-1.3481306796632215,0.22563416441308187,-0.06765012036485056,-1.234519299654171,0.9381417639517542,-0.23359088542423634,-0.04383586706409874,0.155126410094511,0.11704901175587752,-0.5788324411559927,0.3551551686740313,0.49161729068599247,1.0039975985115968,-0.536248305670929,-1.4498622106311563,1.7150212072936966,-0.46254215282046607,-1.0213220241098109,-0.556669672099712,0.9729264386795416,-1.2730614343143787,0.5732417330558568,0.03189837607457924,0.7483275690874645,-0.16448673945468498
-1.5243954552527328,0.6839632815168084,-0.5674809617483922,-0.08366214246901155,-0.9222968685211608,2.929318120396024,-0.5396955087831737,-0.6713304718632651,1.1305824265197546,-1.2889361059649136,0.2063629320379813,-0.0045236177526101614,-0.4433104637393988,0.5016329248306205,0.6066111987699734,-1.5002865267226533,0.03294034937571009,1.0063281746956394,1.0891296652513387,0.6741195114798593,0.8225676991579204,0.24007932568581278,-0.9355536902208352,-0.6985123551757774,0.15536167687519534,0.42330441738502195,0.07969206765504351,0.11534878627259935,0.01763870409327363,0.08649882536909212,-0.08426676302028333
4.0834443386211685,-0.4475478524600358,2.241862463627492,-1.622558300622992,1.4686022384511785,0.20043911370796236,-0.5526449454941137,0.6722157429908464,1.7452720699708346,-0.5900485836234268,0.48107194092582095,0.01643268480235266,0.09310666425378612,-0.3374335727541603,0.8812661826656975,1.4973950171639294,1.037742752786463,-0.25609168299814966,-0.2619861539018962,-0.4971361537910977,0.7165992581277868,-0.011934099374692171,-1.8728139357254636,-0.5310845059843871,0.20553438250885497,1.2401951150086492,0.6740676618469758,0.26025070144416246,-0.10819704050993892,-0.2444379842931408,-0.32075520768547366
-0.31110145643777315,-0.7564335244805195,2.109112835243957,-1.9454647345657603,-0.9580597996481414,0.6049903390318955,0.8721340158214177,1.634736507046515,-2.1644471278501602,0.25151181392998456,0.6638336036643562,1.1082340741106076,0.098891332058918,-1.0273853824686978,-0.41184795321009654,-0.41582026026441615,-2.926680227379573,-0.27209894529428796,-0.9421923396200261,0.6583156248681208,2.228991832909377,-0.20704324984523206,-0.6230458879165481,-1.205341436936339,-0.7449064974724041,0.6140029383583443,-0.10632285543354138,0.6171813099515412,0.1889504443825855,0.21392174320083987,-0.14730376881328483
7.375864254988331,-2.1035929956127823,-0.5573183342198677,-1.4679751176320588,-0.4997629024490567,0.7461727530982722,-0.4688629603163717,-1.8303941698418729,-0.48252053121685395,2.0928455932228354,-0.7095340669515612,-1.1959765549436547,0.40257583878648634,-1.1869217832242824,-0.5676490307632008,1.647339387227246,-0.8659918977511487,1.8152649631364688,0.04308246312372656,0.1813076824200967,-0.9846019209172097,-0.0015770332759608731,1.1632040582195782,1.5324952041773088,0.6554151230150796,0.6720499819419143,-1.4870863389153126,-0.7489575863541226,1.3917762938079288,-0.7504646439092946,-0.08676327675133295
-1.6292491903758188,-0.8755341284946663,-1.148785022541104,1.1029938809139026,1.675813419773195,-1.5106042080962474,-0.2166990864227959,1.2150285432505348,-0.6235750324728446,-1.4110902731775543,1.3417005644058955,-0.30669894388601104,-0.37526981403926063,-0.37635874140549264,-0.9409379112608851,-0.15733058532423777,-0.5711562850940903,0.24949968426032268,-1.6409559543398367,0.43860981201231664,0.6526209414891984,-0.2638726913868185,0.45823046622679564,-0.004361363632194248,-0.031628661300522096,-0.021041251959331483,0.006134077690337156,0.6154912574623747,0.1415615380093925,-0.0730661023636028,-0.3411002651936883
-2.240347872119519,-0.510011727199366,-0.9566566579780613,-0.9442310448782594,-2.1946761505790584,2.2906424115096438,-0.7228459236775264,-0.9716193871435677,0.7410787852370246,-1.036236674078116,-0.5671708818680898,0.5902572165837511,0.6954889755362565,-1.52412499132642,-0.07708609787787346,-1.0947831470992486,1.921326811558913,0.3700146263899282,0.11888569458575922,0.2337039366522413,-0.8317754804578715,0.8040105168842435,0.0450203485310629,-0.5766893959545936,0.41324306539906697,0.3920814722381122,0.19477520490857245,-0.15879282499564573,-0.21308588342798987,0.09653275875875834,-0.22384167643545425
-1.1325918971402897,3.1608173463662723,0.5002568290911883,1.7001128953279487,1.0326941904145535,0.052650026169861475,0.9306736945063946,0.8793108995877856,0.9713506403665021,0.017372260970094464,0.38979044738518587,0.8063835865278318,-1.0043244308379515,-0.6176169716195299,-1.0897606590142033,1.2094372067621801,-0.5258149019897796,-0.005064400786078154,1.649807373141668,1.2302296614877837,0.3708264249101762,0.6904724465720411,-0.0028038654668760053,-0.17172297475832274,0.7362820563793856,0.3115807804940036,-0.19694516518602576,-0.04723486048312238,0.1702671990718028,-0.23400513142789015,-0.03595255553982253
-1.427387492311943,-1.1666101695013364,0.21095210014365934,0.08410005470787009,1.4244742218624038,-0.32067122812127064,0.8018188010614185,-2.211298026404628,0.20285648239824514,0.707638897234126,0.3813855037404673,-0.32461860171260576,-0.8314638873384012,2.572340308260014,-0.763502634664802,1.7299258113123863,0.7757697631167771,0.7609164214865586,-0.4352266730019008,-1.4265326021194789,-0.45638163966765666,0.39888083796490476,0.4089302948249096,0.5427565540901557,-0.8355413430217308,0.4256476315704777,-0.1230919637911129,-0.776999057727038,-0.05766393962024837,-0.05564298561379187,0.20169539746252307
-1.1588191796829248,1.9702068035539861,0.5354238289342732,0.9301646281776128,1.4203072232900409,0.6008869243284048,-0.3694310345702744,-0.07440073428851765,-0.2158698722319809,-1.2405110671435866,0.7070350643968142,0.06910563466958287,0.2990146092078087,1.6428797182332893,-1.067911038262292,-1.6395684541798399,-0.6782793801824236,-1.0819677308224982,-1.9360355579505355,0.5300305952454513,-0.43221388724237175,-0.7577483506237761,1.147594595202273,-0.10529308688862857,0.0019891018129897927,-0.8157051304174655,-0.11045529584679496,-0.15820526773810017,0.6531490914590183,0.6181964943756897,0.5047211426940414
0.5509791321480274,-0.37539984852620206,1.399100774519166,2.2631674597004197,0.9196650281139956,0.2373041878818697,-0.07939707168130528,0.361993518011468,-0.30107756386118717,-1.116879010550547,0.035612844524547375,-1.0693969503339271,-0.3673787136175894,2.9418514268347296,0.8933659066875265,0.1720842971289135,-1.7738596848778234,0.4941393894285654,0.9524739179080156,0.9649345012714113,0.5671950997556838,-0.89281808563469,0.6241395089967742,-0.12114346156171077,-0.20836625945404127,-0.6952232589705241,0.14670246600505715,-0.6738010281497226,-0.4263673253781014,-0.07656784175456802,0.4442545402852595
3.841592708213167,1.1433655764070805,-1.211251987168452,0.23678563710755107,-0.5605959034161629,-1.1340862807352279,-0.6038515558015071,-0.31286235222403164,0.17425175069851398,-0.18870293990994394,-0.38976997194736357,0.265131602245683,2.213788217946073,0.9970288553044739,1.164956765155346,-0.2426609331946856,-0.7027489903950516,0.5904798730153552,1.1989463026159604,-1.5905631474021005,-1.2633981328857904,1.5826003357184772,-0.3847785211459963,-1.0378940122746074,0.07480318685954036,-0.5064736600756101,-1.3771821927157095,0.6314826007478349,1.0994231797415657,-1.3128108782894006,0.024614266381071094
0.14232412032536865,2.4389105392062738,-0.693739171718555,0.3525184651650197,1.2236591461083322,-0.7233204460528834,0.4198781919474299,-0.23066989434057533,-0.5766364853887102,-0.3081135791244861,-1.3332713841856676,0.3365119979583839,-0.8088553356507897,0.9163230066625782,-1.217324594968951,0.43508596576646186,-1.1718678108279708,1.0926520148516807,-0.22985873537974255,-0.1100550182611319,0.6917413846160271,0.6935970205918406,-1.3637915576442414,1.5393964890233331,-1.0607475000805995,-0.43243709994388696,-0.07762908609029975,0.2249723111113022,-0.6055485646500004,-0.35624046041142265,-0.36386311626021095
-2.0296905937018517,0.24258830094437872,-0.4566486137694633,0.6505735628567,0.09412264905561164,-0.4088124290696551,-0.1619230602198129,-1.0685612368545845,-0.2363269741966968,-1.0394605745277408,1.0056170617888378,0.8453125656452765,-0.9220869698910081,-1.025059612645483,-0.0320150293998908,0.31691059524122595,0.8492899583306125,-0.6807460800793539,0.8665897694967708,0.8884235582072301,-1.0078973842821424,0.372813978050397,0.1276798103453515,-0.19791612484193397,-0.21487932616737918,-0.5772619578048456,0.094975930811552,0.09554361798931141,-0.33691912505349264,-0.16494842797214435,-0.0890089016371122
1.5585866342060262,0.020911577454432305,-0.37355605849862406,0.8282864275266684,-0.7372124894224471,0.05980453569738564,0.7290169904938324,0.7734670241010889,-1.2151181671977522,1.1561856743499297,1.0078136484700355,1.5150201001603114,0.33557455868341524,-0.12449660951318846,-1.6827560184592205,-0.6224712545913311,1.0265229665514775,0.9620921427865755,0.0006134606617996203,1.559203941429259,0.6199963302703044,-0.46377640173554313,-0.9333572636390816,0.5044012598647675,-0.036748893835876706,-0.19369029934827006,-0.01822910935287297,0.02337170564102509,-0.24821742008496114,0.17032471376291589,0.04545725217806332
-1.2701896561375046,0.6599040831721622,-0.40537358591085265,0.21330657875022643,0.22460714306580945,-0.04814811538837416,0.27914269333198477,1.7278361419379795,-0.8223776299655785,-1.4883307726335697,0.7165278630526996,0.2640315428836854,-0.04344864747454579,0.09416460615143614,-2.2285906898893715,-0.19161295427252883,0.08112580550233296,-0.4904676395379529,0.7250193879568761,-0.26035758545815874,-0.8761524401440913,-0.8132279151579604,0.6951698050608915,-0.2393023201365708,-0.044836327744309026,-0.8328561664186714,-0.2030324498903556,0.10843923732040332,0.683556915609971,0.7215938007699219,-0.22555721946620516
-0.5557655857541194,1.9200411185454125,0.19347245642301722,-0.18690701235003743,0.30505017390222305,-0.6622353550655877,1.9363472932000432,-2.216939791131993,1.3953468093882309,0.7749265700094732,-0.96987898434554,-0.16105941491395265,0.17285999846386826,-0.519962542223527,-0.1028592120232343,0.6367163882978146,-1.1805273011319357,-0.2348583613561348,-0.22720468213088002,-0.09447800066542646,-0.3062040858122288,0.1278386147687035,0.37135836311742587,-0.27406470919430276,0.1932298301425779,-0.11533811880691296,0.10430010167881323,-0.619229307820659,-0.15454295882164013,-0.25486579188520436,0.009484705352180822
-0.5256193781098574,2.3934867894736707,-0.9654193697355272,0.1493135573745435,1.0656829328576252,0.9037502354779603,-0.05362397973786053,0.05149688906113132,-2.598188262829896,0.33073458683151064,-0.8847115476857184,-1.2644477828205645,-0.24053757776442605,0.7159566153378638,0.8851708460502128,-0.8570516295261218,-1.4262341089341388,1.5224064606153405,-0.20260030338441348,-0.45902234853608903,1.0568967290864881,1.3748438111078247,-0.4769073711919591,-0.572687547071248,-0.2586618525846171,-0.5320178377326862,0.007903841164620793,0.5845793497400543,0.04475862913029344,0.4090259566484612,0.12079269078118111
3.3225180387194384,-1.5185964353768682,3.0902162392178703,-1.8887578473688664,-2.0710058176108728,-0.7507385366649402,0.17303711345161651,0.5164240604882947,1.2095369838661536,1.1511365165429879,-0.9015617832394102,0.7640598384389806,-0.8759349054690707,-0.49398316205146275,0.2283234257889108,0.34994647986564814,-0.41376324821523097,-0.4319495612910471,1.8948923658355594,-1.06896775933466,-1.2875132996358811,1.8249413225982791,0.9950541255270728,0.7331403953784618,0.4292504084282837,0.6185485233835777,-0.5951443219086443,-0.27724577622069785,0.6657700259329581,-0.1263630236192509,-0.07053365823429936
-1.3601399103608247,-1.4305297148433747,0.4173796954822217,-0.3076062959054438,-0.8196384995087401,-0.5512553203728311,-0.06654526240802082,-1.57990008806659,-0.014545452030034016,-0.45921599175207317,1.5954482623045547,1.4517238537529111,0.7011209988807579,1.726519193328619,-0.24560840729870476,0.42711712273816294,-0.46765385724044267,0.012093555010379887,0.06183944878349625,0.6964068816979517,0.3292426370681991,-0.4771056172657346,-0.11566706698588639,-0.03463963013186988,0.0026316203918677035,-0.6500318340456939,-0.0008769545330023728,-0.9367029493377879,0.185983671860798,0.132594260716215,-0.03597959912782269
-0.8508692792653856,0.5448882490890726,-1.5011846063513985,-1.2236004193030166,-0.24923084456438613,0.6265965749320818,0.20739898875814675,0.8793580784432602,2.1021691236794764,0.5048777959490858,2.807398357282707,-0.09067005461820968,1.1946445487152295,0.11754277263316674,-0.6112008313244174,0.37745176971807165,-0.48011070823312346,-0.7364451956490857,-0.8524529386032066,-0.7374530749624926,-0.16723118981745433,-0.8627962571809064,0.36236278780195796,0.17355766287703903,0.20726312230855917,-0.6350269422722238,0.04577233878677685,0.11494379626530915,-0.19489433040064816,-0.21575783058460318,-0.007718202144684247
-1.0928647311532036,0.11654172266620663,-0.422479730953166,1.1483043097006749,1.8934922401554588,-0.5560769312416102,-1.4199229115830458,-0.8844843375852124,1.4717731520721147,0.11998461804493583,-0.4316201674290636,-0.4476136398427433,0.6857811445248836,1.0770611757543878,0.5289315741078819,-0.1135417758928571,0.3806929250900948,-1.7053397521481968,-0.5764415314757816,0.7931789366324737,0.1929486373259555,0.6986549946552532,-0.16455411485038712,-0.250895516335025,-0.8560671874014816,0.3727004730752253,-0.19891895053840966,0.04269637597751845,0.23161124225606666,0.3415449164464696,-0.1594647213211314
-1.3835210782770346,0.43222046432760436,-0.2040080734534298,1.6121546906142659,-0.12048520790976117,-0.8222189380541823,0.761185393600989,-0.43435868428722246,-0.635292837093182,-0.3579775600854462,0.010090634756098818,-0.31501847251248033,0.4216799183915148,-2.1093565733592987,1.0471104309765658,0.5534573527489334,-0.7993388428091492,-1.1095304999154907,0.09920784416811963,0.09030980559466233,-0.8752803011506072,1.0509232421034944,-0.20266519294316515,0.22017613219855275,0.7770931645646483,-0.3448523450139821,0.049145841029831175,0.35615307859143897,0.05263996666103339,0.026082965348459358,0.2509992852796271
0.6848819201662225,-0.3457283812261065,-0.09115264716805399,2.170520629603228,-1.2405790290097136,1.033898421180331,-0.5626017357899639,2.3793105291618715,-0.33904534744264625,0.5942446456437069,0.05768264075444443,1.2434593706769754,-0.4370311787124595,-1.9478260816375867,0.7253109012493475,-0.3260549062341152,1.0547261060237576,0.02416509482174631,-0.08171490816582513,-0.40933807916499537,-0.609198226106884,-0.927898203755495,1.2159519582167775,0.40467799658694653,-0.6370244728660299,0.7749856001852385,-0.4596433695378317,0.2629330541916538,-0.48611349607106735,0.30907718707352727,-0.14656320965170297
4.29118114387959,0.07124108088130816,0.7828633071906361,0.8881371547869986,0.3927945129807551,-1.4073737076495991,-0.37848839484216995,0.30150693018507896,-0.0002147930907364576,-1.1930844014167707,-2.4427218097163186,-2.08731491089309,1.1880414583320589,-0.5890402620188729,1.0968962635043633,-0.2728981534238255,-0.9849803458811333,-0.1215004385907242,-1.0429110209421748,0.2528934295182707,-0.9429460660048413,0.7414982833679572,-0.7043205259161012,-0.5124954955393997,-0.8240308707125308,-0.8290532229941016,-0.3326999875394074,-1.0682574467890753,0.2624256315680897,-0.6328909111376272,0.05514665092322875
-2.141020199438615,1.1263700370142675,-1.1554552408799204,-0.06792040526128063,-0.1316251382091704,-0.3309234776330683,0.3500820926998877,-1.8885418797715012,0.5543192981101698,-0.9767528036447398,1.326547805329131,0.8751740233880168,1.3389273648062492,0.5046716288818052,-1.49966178879822,0.24640211432792344,0.21989218282082618,0.7011191583546152,1.5729007737633431,0.43185436929362875,-0.5604650269157767,-0.370929573626746,1.7570772699124368,-0.6510352370226057,-0.7838089595579404,-0.2799010875727808,0.09671961961928428,0.3741785777339435,-0.7680612327508591,-0.8291744100900119,-0.03894745039355914
-1.7330786679149592,-1.4225755114911074,-0.797136049415344,0.0036543812821288094,-2.2745642751719974,1.6660143430699177,0.13544297396519603,0.2122496194981464,-1.4144241613588429,1.7639770827966548,-0.45478481162987566,-0.22519155577052533,0.16037572668912414,2.3970114845229693,0.18544893517483496,1.2172369445027413,0.19209322676764662,-0.9240055889960973,-0.6954654100211375,-0.5714367317631665,0.4506113937903496,0.2854390608137179,0.3627508700675236,-1.0988738030614054,0.17148082049475155,0.27882548074051355,0.0708465738920048,0.42774411699581166,-0.25022612791803184,0.15190255295821903,-0.29451512706167515
-1.841721372764612,0.4484295576618507,2.63215259003231,-0.8798113784913616,-0.745525884154519,-0.4178208224683674,1.6821665898347813,-1.218441420713575,1.2120201552348715,-0.6852454997204197,1.4992226368147947,-1.863453131824019,0.36885940781386906,0.021297966779357053,-1.6949815567505246,-1.5647420726891899,-0.15252527254968287,1.6116709089682064,-0.015684408570418886,-0.047789905828893406,-0.8619217380946216,0.22548931968998226,-0.11802031212690009,-0.0016207580827397041,-0.567187823627486,0.5287433080434466,-0.3380436657276107,0.7798821028971189,0.12645252442621605,-0.27360995676487293,-0.10091712182061728
0.8188455483518661,-1.2684263694368243,0.2100532224956763,0.3694169962056852,1.116754515983998,-0.173772726561965,-2.5598387871701944,-2.3825735564305774,1.025221603666277,1.4538499756182612,-0.5282029165155028,0.03327305969561013,-0.5370033499709336,-0.4039057235824413,-2.559462782183551,0.010633578034446475,-0.5075163144507671,-0.6911162777297236,0.4165934677980994,1.0075531178486803,0.45117465034656434,0.22272774396581307,0.9572600260286478,0.13362705062243374,0.29064540649632964,0.18693290147534447,0.12869096214385328,-0.7943096703126367,0.13040908615578026,0.42363508253022053,0.07423754827439338
-1.2468231862586943,-0.09454337988947185,-1.0024790609258025,-0.20061050870454517,-2.190275190957046,-1.2597966174819932,-0.645868696840462,2.723288598914231,-0.8359250229767342,1.4356058494793458,-0.5677685010033845,-1.1283808641589805,1.2897752099516606,0.2213489063957372,-0.37191471327247216,-1.3054595762169257,1.3780476725819522,0.2713392450125796,1.2474318032893095,-0.22027070254877998,0.38438792022177903,-0.7418576993279792,-0.6563914317303059,-0.10931419092270175,0.36008228403916853,0.2880657566860558,-0.31456776373154177,0.09837014918721254,0.2101590119793059,-0.03921456706088084,0.6239420118475394
3.6581661197932362,0.13443711790105436,-1.4876076464271986,-0.7079615475908326,0.6987344199861529,1.3762562565223186,-1.1578407383315221,2.0326744737169564,-0.9659741924341878,-1.080754227544956,-0.6665487331759233,0.3552825249603499,-0.2281062006084249,-0.16807598394189166,-0.5689581414490941,0.18435221208702043,0.8388312801551328,-0.10483773027703612,1.9170816146580514,-0.7302551482463054,-1.5289184739294974,-0.4304763243437262,0.09436557471935,1.232776827246723,0.5300502151235754,1.090239620071087,-0.09120037052458482,0.1893394640817974,-0.5253692996752477,1.1015253755476502,-0.39125358617078015
-2.871829560042275,0.28315125275431685,-1.4589190348846568,-0.8155337391882991,-1.8039254641477072,0.4149785846022267,1.9833348177336616,-1.1913401294612702,-1.215540823131915,-1.6033011981571579,-0.3385640516982541,-0.8733335763272991,0.00019962170674816054,-0.9438628147766572,0.6525865658301839,-1.6252930358983304,0.6351997099478629,1.6311720043129165,-0.030318218577411973,0.3383683576116957,-0.07315188206308768,1.4430201184516458,-0.3278234233222436,-0.3334753203473094,0.17934758160608957,0.24823600835420392,0.21229225474638966,0.5559012497806985,-0.0129931658895827,0.2659268723533353,-0.16995366771286874
-1.7380073641360732,0.29768537250042054,0.2583472529519434,0.1831630850550242,2.307939093417198,-0.5920733956392576,1.0271099031526165,0.19647840496046526,-0.8129585584105334,-0.7741541335943402,-2.224589712203461,0.08994336327750677,0.8237414079793911,0.17438351316646764,-0.7684539160070354,0.8231555961218109,-0.28432086491294734,-0.5635936601424676,0.09798379833460517,0.4246009353894834,-1.2213620334683615,0.0008612620449459074,0.044579022453960206,0.715376288609358,0.9815991603158329,-0.034847181048500146,-0.10425058095656052,-0.819502727067252,0.5137998449883444,0.4330253261734273,-0.03079942223366283
0.255793282684952,-0.3760891258171998,3.466531057536329,-0.22492186397468283,-0.9463457005127425,0.19294314881687263,-0.22886580035086573,-0.4506999775506593,0.004749713934790636,-0.8487576331395058,-0.5193613556223156,-0.5745320552201995,-0.3408047202972306,1.9774122635205351,0.4021633640876259,1.1329350736351231,-0.09772719125345013,-0.4188064442093695,0.08243005103405443,1.5446416038728326,-0.480195430197996,0.6125801668133255,0.7064492449864866,1.0217277147355686,0.2451422862652904,0.6470854741977518,-1.9094706611665628,0.5504136478469862,-0.0934552703688993,-0.022380721618031552,0.04993684283464076
-0.8202256606649184,1.3213679088681725,0.7060759757134701,2.751104945673589,-0.8689836133314461,0.32982242352130564,0.7949605594386525,-0.9509520660653269,0.0031776568123866524,2.1954615608208985,0.47906221237613633,-1.4668168592075466,1.0902498026610685,-0.7139344928101241,-1.4626816449587445,-0.5642093641910586,-1.4468230057192477,0.1897437948744181,-0.46241338336740023,-1.2127119380012492,-0.4958210164493215,0.6761798272741817,-0.6047299613240917,-0.06993694675359632,0.3349194989592884,0.8874809934913495,-0.3622770232156401,0.28645725733210975,0.06830681545590553,0.10292065131359084,0.2830998323203675
3.691284956402935,-0.00488456485988824,0.08990153985575182,0.4274273378070788,-1.6134190534184754,0.87304883412426,-0.6581996419209019,-0.11913353736009279,1.6650616247096894,-1.492378651427222,-0.6311849859864076,-0.7015617177787495,1.0322726881981976,1.6677056876725607,0.6456183077268891,1.8959866072157252,0.11151021006935029,0.11073289760974152,-0.6359615912474278,-0.5402988426554126,-0.2432727330230663,-0.5010688845494332,-0.07405585270308497,-0.09010208664895189,-0.3645007559414975,0.8165408654484914,-0.7434648061412286,-0.13376705098802316,0.11489353534576226,-0.5409839764151391,0.1448324156677483
2.3421634560279885,-1.5228379019922869,0.32865015966718536,2.7783397885579992,-1.9101803300211533,-0.6970056916061166,-0.8081809193789831,-0.5172605845986755,1.0043405465573847,-0.3808815377012244,0.6716369860684375,0.2871665007709846,-0.5201728965760134,-0.14046344155782847,-0.06216825178373043,-0.26569445143340886,0.10680711263599772,1.052258528536923,-0.7639691092756543,2.304650587695507,1.2209013455727447,0.2679004831996841,0.8836866339465598,-0.16959913206465707,0.16179358004514546,0.3081059730150784,0.16648012326320627,0.5053048983334238,-0.11116466343252962,0.8004753131504021,-0.2784642183618051
7.112911283581331,-0.8511462744986783,-1.1104140303380816,-0.8623196861738001,-1.8232266408216367,0.5938011022036239,-0.3042731948373605,1.2214370202689815,0.8922793928517018,0.48094112576435566,0.2086017300448359,0.4943596579078655,2.2192801984578474,0.13542433477703844,-0.3864591737077274,-0.16663919491325332,0.34169762298750594,1.177141039419707,-0.0937062294194661,-0.8174174792346489,-1.5980783917842984,-0.9480933872087128,-0.43684485991506805,-1.1197945397848785,0.42063294357147574,-0.4552565235121151,-0.5779425056522748,0.0557710023079436,1.5699865085258902,-1.0023660431321246,0.0028626149575349162
2.304104959099421,-0.3959373807932176,-0.44166076937188914,0.2115154418926321,-0.816041825461951,4.025279479298551,1.8082521992032388,-2.1210961658691545,0.3145527658376136,1.43422971190315,-0.3899165663726495,-1.8242833759755062,-0.7831827865512496,0.061196146363067555,0.5390000167927478,0.09473463210866193,0.1260696178597061,0.5569931987970768,-0.7617118057790033,-0.928525592064451,-0.3998207074432704,0.6424613664040235,0.7113120714687451,0.36893244098708067,0.19961446344133058,-0.0719291305551208,-0.14129220857826777,-0.02590561822318545,-1.5187831491136028,-0.26295308869459766,-0.22445827817163058
-1.9251893598251424,-0.4066209533909348,3.170427610457632,-0.2168116811228295,0.3529790895968865,-0.9991654660370188,0.5737977596410984,-0.2581684235431434,2.1496400548574988,-0.4850215753968929,-0.9636678659656825,-0.22054117334054402,0.43592637390910277,-0.008027768969213141,0.14342390486064663,0.057197371808131475,2.0850183769301323,0.018938831485986924,0.8086742700474087,0.22793728560592652,-0.21403304692391675,0.7909528489876453,-0.38381204412550696,-0.4041736019211354,-0.27221049602450076,-0.7283019981630683,-0.3171793459281984,0.22742370889928085,0.12269070365209434,0.003328507988382937,0.06708914237614155
-0.7806982446968597,-0.053608320739977455,-1.06673357863895,0.19344853623785066,1.7574403851879825,-1.8362609080170464,0.3593146022479267,0.4111674423433327,-1.2640841708916082,1.0460563910511886,0.5906462610649382,0.39107060082257217,0.8383616888796646,0.893297593496327,1.076379238647336,0.7037826219315451,0.6888410372849517,2.2168572339246424,0.8550037066877538,0.21000688087269945,0.8130645131147848,0.2536293923363946,-0.43235192150031476,-0.052123455210962344,-0.17816596734274925,0.2919409671268024,0.4613636542052964,-0.02385664648288565,0.08230001249482255,-0.35525013723187865,-0.07067099168058928
-2.7294370369455283,-1.1563373345525563,-0.03877690138058949,0.13089932646586733,-0.7932909739051016,-1.8033025345157128,-0.2938785326336155,1.3420947786965176,-0.6029541295574452,-0.26326132073750863,-0.6188006773428413,0.3564142654303743,1.147009646631375,1.0688392450560533,-1.0437004717000677,2.0227258217031006,1.1847847499717086,0.862071613410763,-0.32826170223754864,0.09432309416517959,0.4193314029794163,0.15331346102525462,-0.06495100905862335,0.6953354282053357,-0.14489362351286317,-0.807921594024027,0.23885373401905693,-0.5399805134684421,0.4561449536987053,0.02705129864417894,-0.06948839307454276
0.5272203615253008,1.6583588049390203,0.6722135557623696,0.3543137454913456,1.7139336723643186,0.6515828782917136,-0.33290631233951534,-0.8627247515805474,-0.8214844586032222,-0.45412288998999,-0.3190977929618553,0.22507707393370038,-0.8824719400641221,-0.6523816454827606,0.08658337687305755,1.977130452470901,-1.687149087359681,1.4133146435883364,0.6676538712424512,-2.6466856536074372,-1.3741236778960886,0.20172443945512897,-0.5709591752100944,0.5962233514974186,-0.1696794528598635,-0.5893246649569334,0.0222524308860196,-0.7987372563045757,0.15083733469080107,0.061757584208501436,-0.38666188595174106
1.3129051509047738,1.6056030548784264,0.6656353895728081,0.42627066520649143,0.6889754778779792,-0.408520930872996,1.4347582709020381,0.8697032529183167,-0.11725282348027208,-1.3001566472130686,1.6535075137047175,-1.8025599383307722,-1.1497342524027276,0.22530873331533333,0.5452653564312439,-1.0729402794556346,-0.3231888206962866,0.13076851158141575,-1.6792304788333432,0.15746645589018998,1.6036402933256082,0.9466744580094072,-0.5137880681655864,1.6216694970091372,-0.9554258240935363,0.11114118720901918,0.8192408883077198,-0.9369915500629699,-0.25161565923779483,-0.3614250912989279,-0.162867906808246
0.13539177382346423,-1.4561007040831404,2.678986122491183,-0.7957407242482645,2.1521476784732902,0.5451108628368581,0.31962095406671714,1.5760016092236837,0.28906017743619417,0.47065315255662327,0.8455004708230461,-0.15643900292459959,1.075927064379188,-1.4418550217250274,1.421189524675209,-1.6265495460191177,-2.188409329641372,-0.1740797323932065,0.11500626787277624,-0.9796915248268564,-0.4228596263474014,-0.4551239695925109,1.162097231772322,1.233352479531537,-0.618618071345719,0.5388598785927932,-1.5762508842315333,-0.17598522813481088,-0.1398685049919828,-0.2598930166798709,0.05933563062416425
-0.6581571588294348,0.06760010643290333,3.0613791955836542,0.3407465227906401,0.6581396542944182,-0.8031957080998499,0.23690577783870032,0.7036917464631534,-0.6669583622713294,-2.181797229742117,1.9686177309209683,-1.5293423805552882,-1.2417861627102758,-0.8265571640991262,-1.8870084181320381,-1.335070224437951,0.3554754893230719,2.003791990004831,-1.0194043807719684,-0.33718959524397313,-0.620853276616863,0.7910977476596867,-0.9052362429901151,0.24030939725154876,-1.0344594892418493,-0.12135682517106637,0.21913096295900578,0.6892998303198915,-0.2790353562092527,-0.09078294491275257,0.03518381775552503
3.465187453550332,2.322715549648212,-0.1367244614645059,0.4994140749232529,1.3744281194877956,-0.10271752659173543,0.7152457008146644,0.09635288556829591,-2.0041588450121455,-2.1659656741572415,-0.2109142716493766,-1.729826961400135,2.509103213727962,0.3053526013445854,-0.8990451748703567,-0.491086593844896,-0.2728549588241016,0.36927829169566007,-0.5022911772956614,-1.2640297522438353,0.08983646400520516,-0.20273431775730683,-0.20043555159271606,-0.33488860663488074,-0.024239067264429433,-0.9817579446871497,-0.2322363028901638,-0.06338679469495749,-0.2559900252121251,0.19654248365597257,0.07914138048833866
2.229826362634572,2.684375333655468,-0.4407998925534948,-0.25295099731892406,1.59175450486135,0.006340044877126477,-1.5232994141254268,0.335643004650482,0.5371553569416512,-0.6396618652351691,-0.48947094320484275,-0.7981182562870675,0.10442984591058582,-0.6043798403297865,1.6395471155650376,-1.5359505111293883,0.29104333401247795,1.758640504049008,-0.4508911289283223,0.3699640778225756,-1.3231311059173352,0.14325732401598518,-0.2757889838312227,0.046347277822053695,1.7983697447232616,-1.185219095691953,0.1896034476930422,-0.3590224913064447,-0.4599206301475637,-0.001081915876718642,-0.3515874974869291
3.0818808098886676,-3.4161780480243773,3.047637713661532,-0.7422967145148182,0.6346027662365595,-0.6924107503548766,0.5791135740441866,-0.0682026921581046,0.0729930003359863,0.2162337218280691,0.9114434345218273,-0.9712406290228016,2.3521393158587727,-0.7100470904826276,-1.152623342150062,-0.327881962175073,-0.09840853272157356,1.0144730960888626,1.1471525833612406,1.100207038543176,1.6461465410447147,-0.37648183197847807,1.4699435750347725,0.245971712160862,-0.7401032801668052,0.47284133084648267,1.6104493444447368,-0.23339292712913048,0.7669811545959224,0.27136125340174094,0.1835368381819719
-0.04352931932181538,-2.785509936062323,-0.07433601672636292,-0.12409692582118861,0.14745832526285585,-1.182282216250728,-0.5180975612945269,-2.095149464493371,-0.9274465689678756,-1.205404749680556,0.5054381524987362,0.3857227365451553,0.4455389983354272,0.26943381208877426,-0.7395551274510779,-1.1665510066842517,-0.7256826626993566,0.644122125301228,0.043309785342827485,-0.8058775875180649,0.5151602734286085,-0.9009706061574748,-0.9868490954740238,-0.5378749055411678,0.316262050421315,0.2229372344939372,-0.2571177835944493,-0.7532639751524517,0.12970929251504373,0.244155095106042,0.15971016633487894
1.064610887856844,0.301578836111488,0.6902377193116386,-0.012837728942563806,-0.8119945130389147,0.4413121569850066,-1.2659029578670271,0.40430370335690435,0.4764464771375823,0.6159808767288504,-0.6138251877912597,-0.6216347450752172,0.19514522230997597,0.7036046765616075,3.384680259156007,-0.9237378576804272,-0.348380954384394,0.22198168889784617,1.1816952040530448,-0.38330070522476445,0.6340007850790104,-2.204377899716428,0.0429461969930616,-0.9943790840226969,0.4024313014322646,0.5354106690562922,-0.009348905284520247,-1.1617093975641493,-0.46573154646214265,-0.37613529540542184,0.03997619578362426
-1.038008052042884,0.24729956098467235,0.05072268158650359,1.0097727236485778,-1.539637042803885,1.2163444459613406,-0.21373634440065276,0.41513913344457704,-0.6587384097369684,1.0758464012338893,0.1369300926950732,-1.302616492700008,0.8586708636615035,0.013734540945456744,0.3545010104158196,-0.6049320097751549,-1.7018612240142073,0.6455628237268536,-0.2949869231607777,-0.6612056434010967,-0.9013911188919597,-0.8439917504930351,-0.3697144356940308,1.537869395860882,0.5608107853773602,0.9834886360846288,-0.05893519071434381,0.0785782920193072,-0.014116274333293885,-0.051465479013525564,0.20150366485503501
1.3948899390169285,-2.1256415074301453,-0.6110669776414918,0.903285136853775,-1.3841343302664197,-1.4665316325050703,-0.654708627281549,-0.15905489484233634,1.1108304689693969,-1.294697095607907,1.1596204244401591,1.3036330904995042,-1.1774038589544478,-0.7207059095619718,-0.5636345201119373,0.5651758725240583,-0.35148620134512415,0.05979047587976798,-0.5787562559352131,1.1746193557362101,0.9682167321166396,-0.2443522385709641,0.6195075304882605,-0.8240130403806654,-0.08354525364505913,-0.6923077620229735,0.8284909881639234,0.47420078152263695,0.7823490192550079,0.2371370125252946,-0.03660291340370453
-1.4734299348334488,1.825300288643694,2.646492059589483,-2.102261652557959,0.3698491965575672,3.7880986839812025,-1.2899072457473182,-1.836553500946422,1.8519802300828039,0.22068442464533963,0.6089263479806448,-0.12212736758507363,-0.35867981162168844,0.4014695774206672,-0.030286724633619967,-1.8519744327269485,0.3909083978523087,-0.4090086413951563,-0.2515580969981088,0.0965890246520728,-0.32414575980285193,0.5119897678595162,0.7820764132710243,-1.1784460984905485,-0.6551682111143374,0.5144013002205072,-0.08711628225261507,0.5093655963500734,0.6539515778188784,0.8935133611686469,-0.2147388130770845
-0.46518245870903563,3.1871334549137638,0.04658226977077175,0.24755130889120297,-0.0553122298349715,0.2667658116737056,0.23612545168402954,-0.96488471875077,-0.0649940759345353,0.5767461467880096,1.233519590382761,0.9705249268891292,-0.1755384470103905,1.7546173824623192,0.20576438343426584,0.48369683373139344,0.911968684004982,-0.011839753046324179,0.12167883267006915,0.8705946649196393,1.7664974491682477,0.406438333883327,-0.7691617902944209,0.5346575457764673,-0.8231978394360522,1.147306986201969,-0.2606230238442423,-0.09517516786029652,-0.07282638654695786,-0.061046868929166546,0.020870351836186376
-2.235419872465697,0.8647124068576664,-0.19884768546017859,0.7621508398194354,-0.3711958399207745,2.703676025989734,0.5093694641033716,0.14351895164726552,0.9846285226954745,0.20475256062324285,-1.2857295247029463,-0.48591581430758524,-0.4013000748428952,-0.006961858277633534,1.3555169341496238,-0.003007840705988397,-1.8706400993906451,0.2607991240556818,-0.9684326024815821,1.7860343520123338,-0.9656037184141851,0.5084168232192722,-0.4488183458320964,-0.22992691047022776,-0.6807138290905366,0.648431082198627,-0.08630731929950707,0.12141924923322621,0.16190925855430996,0.16958106189502825,-0.046221495407989914
-1.9871622562213722,-1.2419141848491655,2.171698728689164,-1.3780096385757128,-0.4261617682968311,-1.8273391405040627,-0.40609379809288104,-0.10582877159538796,1.6774728173155407,-0.4407108415361891,0.378783627252422,-0.10004001863971958,0.2260360818621995,-1.2095563099476017,0.27130365446314125,0.961213767122634,0.9993965496914402,-1.4194141187118174,-0.38063320321102295,0.06484664689138124,0.43605564677089237,0.7571379453648004,-0.015289273638179451,-0.4604225450265367,-0.16067491240659013,-0.697070652871873,0.1767142398571516,0.5974384339374605,0.17885430408365516,-0.11617695737918386,-0.1374794571263045
2.351966453635379,2.3838666655337297,-2.865023408869345,-3.163659146579748,0.3272079342116444,-0.1572085917126474,-1.1119617322686914,0.4322279166811793,-0.176108879362734,1.4680520464482405,1.2377774215741522,-0.6121513247444293,-0.8514761260927449,-1.1262858564183071,0.4496929711967697,-1.0035290291102847,-0.7611864958136059,0.030432999608246,-1.6521985793913125,-0.6329707683920612,-0.3792077619210323,-0.3722351608964169,-1.1851935759235799,1.1719771458266215,0.27148043276534073,-0.7304114359589485,0.11779747572103401,0.461124599717891,-0.6757696263001968,-0.14596156304854013,0.11051376283713354
0.05003307691825373,-0.774687713920124,-1.5192671777497149,-0.43725916810251836,-1.2736920123264421,-0.898101993607465,-0.8139692611544219,0.8000776681729617,0.5510420455902872,1.4524125667116905,-0.316470858471759,0.6324248030613807,0.042232083934226596,0.6715227078589137,0.20240805232552855,-2.151553819055038,-1.3507569700927335,-0.021695432170797207,1.4644772033695865,1.0838865339247352,-0.18465747261673304,-0.025513367079908176,0.6302389281200912,0.9375860310879108,0.2107936016469779,-0.8343594459059734,-1.4061992515801476,0.29094743473610907,-0.1341547626393008,-0.19436200136262805,0.31041405774811115
-1.9703172579034125,-0.6308405843835513,-0.8162609057364166,1.9808155347434153,1.6812359607495486,-0.8259308125381756,0.750744184544936,0.5640004174897673,-0.12621759266976607,0.2412984739706492,0.18953595713276844,-0.17478108379228322,-0.7801929903530744,-1.4460682471116992,-0.28723055071439,-0.8298591657701117,1.9556469832427885,-0.09028374540023085,-0.17567132984053851,-1.820300042369181,-0.1122526432952365,0.6575073864897207,0.40573392519982304,0.10344962959048117,-1.0559101117627205,0.3004778880601157,0.04471331612553732,0.4331001843400672,-0.27193817463155845,0.04960739882431786,-0.15694912382663215
-0.20945346797005998,-2.801088088025602,-1.7615956916024786,-0.6123591238642089,0.03154083906635498,2.078425233495399,-1.0972537683308816,-0.9106078708876086,1.00430516265629,-0.5098538180877273,-1.2005969393332743,2.5655495278534306,0.1888206925468282,0.13795263464877985,-0.3758205436114043,1.1175301233411559,0.16443490636302094,0.30867174857583474,-0.14038917725970637,1.0745513761979246,-0.09948284597684878,1.3110411646065347,0.22915152031244213,0.5351704545509376,0.1765130207150071,0.29740974654939795,0.37957628965716683,0.26643000981757364,-0.14037303501952655,0.25696506483722026,0.04317344894586834
-1.7552591170849647,0.6663696442419041,0.09970911273500739,2.039723844444938,0.8051697466007229,0.9787636908857523,-0.7299245304900938,-1.2173764911535405,0.7172768813823651,-0.46884035818833847,-0.773590749709382,-0.24923883436866662,-0.5875333285450826,-0.38610132363889943,1.0997474099571574,-0.3673840583100226,-0.20401447062124364,0.9190811902012186,0.4990561269461311,-0.5987185274212284,-0.4228983437147078,-0.7861217522404097,0.3119368538214419,0.3460480810811153,1.5836257730294772,-0.9574145921643886,0.11964282717855863,0.452887190727057,-0.06500187496035173,-0.31699003569804995,-0.030900143980190427
3.45646242237035,-0.41038188860935765,-1.0992477834120702,-0.3140257340512886,1.6589810762459256,-0.00014961549771319067,0.4734056363983404,0.1556910478613088,0.08268026524823965,2.4139826221530845,0.8925789966073947,-0.8842516662891562,-0.19952927574858442,0.6226106572388099,0.25847021193714453,0.9119762016091828,-0.04195545144708062,-1.7671290312794,-0.16253524165007324,-0.6505051816567861,0.3433982031148016,0.381053305184965,-0.42361539305994633,-0.15387342890601888,-0.0889147167482521,-0.13970671306491395,-1.0060239978980223,0.03691977129287102,0.9543659262815697,-0.6550709331901146,0.09404419959173276
-3.6096514557655035,-0.5766516080645853,-1.0911048056708428,-0.6275827381739696,-2.10007272128676,0.49232557528956333,-0.36612852886546654,-0.7743985639001006,-0.9573245313040276,0.5828066946340241,0.8711913938581559,0.8200087571340091,1.2868275666170739,-0.008140802440624071,0.125796530140204,-0.7204130416463899,-0.7487831687686273,0.4999070594761195,-0.029319366447099884,0.848396768133075,0.0935811389045291,1.9525800500339965,-0.420813494586792,-0.4907120913388834,0.2187504668528836,0.35194301174228004,-0.0032546060924504754,0.12808933188710192,0.1526370953225596,0.17876763152889652,0.11271817079394905
1.8724991244136016,-1.3901155546353232,0.18378981858957855,1.8992468116634016,1.4272093316883168,0.16220349996630185,1.728633793167617,-0.08439415714910595,1.0831806352682776,-0.5954280375110472,-0.49966662400335926,-0.7202484965969153,0.5868492283503516,0.5899647157608823,-0.556604420716896,-0.1855416563551244,1.5306230663001184,-0.3430947763448717,-0.4272432968108166,0.3011155340887217,-0.3662442261347355,0.48918343551584015,0.030634437627558804,0.23439575683266511,0.91854404653437,-0.06722709516728913,0.06224626890309488,-0.2862884734404608,-0.4950554045504939,0.21743632382664083,0.3169306835069403
-2.053102768520526,2.1213258682951026,0.8738806012864109,0.6526750043096485,0.0697133620388077,-0.3670183725568686,1.0523505167126856,-2.130556830063718,1.0745812212230204,1.5857754569302778,0.21895949573107318,0.20672135534618233,-0.011915136905643003,0.24311860608952626,1.0392841958413104,0.42786142991999276,0.5500025225530932,-0.16788817580792653,0.040758489306143605,-0.5955297405557002,0.6002378359945826,0.9570936872077284,0.04014668674633785,-0.005092507487189563,0.8793239387257925,0.2374445469935961,-0.0183434431703669,-0.7169323148739551,0.29713888122410687,-0.19749997246707293,-0.2785477708130624
-0.18854873990231996,2.3045307581329424,0.25060143341152785,-0.15311300779967799,0.5491424252757979,-0.3803456234104963,-0.8559464412922777,1.2028008163762833,-0.20594362699244478,0.7247805399682784,-1.200654035972558,-0.4236676989440951,0.020133189391645805,-0.22186438289727778,-1.3635641568635897,0.1860851556461763,1.6895482663977852,0.11266214412601226,0.6345600041283463,2.0114936595224466,-0.53125583018016,-0.5914108411266163,0.820955847339164,-0.5034873761777728,-0.7779598412659833,-0.07596900491853209,-0.31184981684837754,-0.8885936195782183,-0.02187908463976064,-0.1413324810024316,0.17998336052521227
3.395895750057987,-0.7824852679395092,-0.5334126471055043,-1.375164133925182,-0.16227888996009812,-1.0723669344345317,0.6260534303095178,-0.3054159660374318,-0.3204992171948702,0.2726500724951299,0.7031176621819495,1.3175598856188806,1.9784191085655716,0.5781973625814792,-0.8440201385681888,0.18940210863769494,1.015775331212728,0.6599646587623396,-0.4780252301960777,-0.4655184554130369,-1.135155570262092,0.5898723073129628,-0.9919891821663458,-0.8195586494644256,0.4679750292151319,1.065559806143612,1.0955585375832146,-0.8769905798036968,1.397060980242486,-0.7746112033384077,-0.2459319953360776
-3.4681685358499035,-1.8927197346381175,-1.4943149610455644,-0.017896759715673626,0.7052384375828976,-1.0809024908965104,-0.26551736502286055,0.7064531237010914,-0.2797341690740901,-0.8150722273145953,0.42765399581374747,1.4092137585409228,-0.5232244732200337,0.8924409630080131,-0.7544777429374696,1.2247371507510214,0.8357352584495344,-1.1020781112187568,0.23994674416930048,-0.34599019642704626,-0.5419964790835105,0.3930367870123826,-0.18913442102850325,0.7801688642867801,-0.04809902821749062,0.09443127126110351,-0.15373996140333882,0.42526287833151594,0.259391107509292,0.052420721480008876,0.09696252797088964
-0.5444122807740781,-0.2896647210102148,0.8343064048231177,0.09788264685560817,-2.1543139751943152,-0.782258360313294,1.6587944906945333,0.5440598831493438,1.8401021388600822,-0.33824123611327384,-0.8461955402288042,-0.8799845302761113,1.0086266089639377,1.278699640606086,-0.22659139937099973,0.1424898505878596,-1.107264439990292,-1.1459301377007896,-1.4677596347642272,-0.22407382923739735,-0.7750102903935103,-0.06226894623195142,-0.447629470023784,-0.1647775957606981,0.7040312735939297,0.7633713507160226,-0.7313266136254319,-0.9689592939298732,0.2971868591807442,0.05403421663017532,0.05544862151740872
0.7442071605801429,-1.2974409422685205,-0.9972606756071931,1.4317268497233024,0.94305925773002,-0.551546342840398,1.7663998012867446,0.0012856492009122708,0.4867746239691315,-0.5443103167933312,-0.47774165831520776,0.2510961439855245,0.6757616395285989,1.155802991224672,0.5693471768743161,-0.850739336805736,0.0751283730415775,1.1474579636899234,2.6357979042378465,-1.0980100715264065,1.24103888690454,0.6027686172410244,-0.26239509029948016,1.0753866425056922,-0.05964059473317699,0.27890986128861694,0.006570565774542213,0.4307979554598951,-0.4098378269551203,0.2379079329520696,-0.13509553457315848
2.782877167684421,1.0021185686462097,1.843657048125447,3.035737947706427,-0.18064713855181438,-0.8137914490778548,-0.34995445952200815,0.14612265445220077,0.063949835041595,-2.387950406577341,-0.5751494944052722,0.41613756422141396,-0.03847249798921665,0.49596881269662985,0.8785107769601421,-1.1093260968406538,-0.45399346153067927,1.6469086714577632,-0.6659323703733152,-0.4915597205883803,0.3076225060359239,0.985037647024119,-0.3214023898129826,-0.8884804775013404,0.9862076218699313,0.4865614590258251,0.515252165655285,-0.492724640163554,0.7524767903218764,-0.11809553162565378,0.08601198710059157
0.8519498296917329,0.7647911495703719,0.4312110636717002,0.5095344677829743,-0.4648872965944328,0.09444949843733465,1.1360670018821617,-1.0389100541239986,0.08021936711291047,1.3365024715066895,0.17304280851627477,-0.4179961641415769,-3.0248754752433755,-0.1510196268963308,-0.15849946727282954,0.40825420358504133,-0.6929832522986022,-1.3564369641494638,-1.530944896288849,-0.5578083337138521,0.7751367245434186,-0.7040016372129154,-1.487161781906342,-0.2521139369552422,0.10630996917865014,0.398796638283607,0.10335000903994142,-0.28359643394043227,-0.16637478161120478,-0.08748006413821695,-0.022509232717581623
1.0580902963545613,-1.6896018285467167,-0.3891076106871623,1.266284815100708,0.8006172818218249,-0.15487267596624332,0.16585159853674694,-0.574012314407703,0.14096675971721348,-0.4175728794660089,0.49882973880178016,-0.07779869861624121,0.6490416448474816,-0.05326102729868823,-1.2385164046204566,-0.3248191318001029,2.1151769606298334,0.35276079535587124,0.38895567245662027,1.226206571605177,-0.09187471678882857,0.05528274284079909,-0.332563279212943,-0.19954474712538242,-0.0002134337119841311,0.14613755282718463,-0.07094139544119314,-0.0142958799681768,0.2530256897092674,0.2171694020046681,0.05387812302389144
1.2887809502769212,0.6509912669159467,-0.002180905206695787,-0.6621541803264042,0.4648305244359478,0.5428702873722306,0.3832491713554533,0.09927258565883526,-1.4646326733484436,-0.056927745266425425,1.9250071127697788,-1.954025106209054,0.5235356238935538,0.7029774426720241,-0.11250793664364257,0.8769166409171341,-0.6656426084733948,-1.757275078385117,0.1392886555548617,0.9154086718691269,-0.49636226428451924,-0.5775520518635457,-0.4655695887644503,-0.03036446028142903,-0.11353032673525017,-0.6438325690443023,1.3365959495787751,-0.5433470718016965,0.6170635601976501,0.004851888437255015,-0.1780719079743184
0.39149667324588944,2.2167949153544204,-0.1780248410873927,0.21582338568755866,-0.7445972399641138,1.21394546388589,-2.9977585020296513,-1.6605098522614203,-0.9454875365182787,2.132978374709099,-0.6287179928947938,0.9280601258441499,-1.026956080317004,-1.5467016817462567,-0.22580705632873893,-0.08787703276912912,0.8863589553121562,0.6981299139279807,-0.19841569609242748,-0.019435352176844868,-1.467242599001948,-1.33899004891188,1.1507004937398553,-0.5764921894192753,-0.32029977218172767,1.2889912926960423,0.15935713349961714,-0.01209098366907466,-0.4053053950099508,-0.23770921439504644,-0.003274150897403862
-1.612450145168317,-0.08925481722879781,-0.6499940490392168,1.216427074701458,-0.03289082243747206,-0.2522991367648197,-0.09658558486784548,0.6953698597325351,1.07504284281846,-0.09948034109963351,-0.9727266938900809,0.3557663062993033,0.288530111171533,0.23476517970650287,1.8136364142207815,0.81087382102875,0.7248825998737676,1.9875905944176435,1.079522693276944,-0.41504202290465064,-0.9992880681769429,-0.2852875587050077,-0.34788159399826873,0.2840924349477524,-0.1905286692317326,-0.6436785150836595,-0.12295272464323609,0.3711973207942382,0.0434644991575475,-0.052032637237600474,-0.35642514425600175
-1.152698243395668,1.8876394203846694,-0.567264661549606,-0.33248386580827133,-2.6515946895265494,0.26910346034287325,0.71553713797363,-0.9560394238664444,-1.8926117111300487,1.222037026207975,0.16717453114140265,0.34259168675628315,1.8083179689190618,-1.2408687717445326,-0.37174036750323614,-0.4629994541650361,-0.7148467004339897,-1.2300153993388638,0.16972670963297196,0.9963613087108646,-1.206431791377288,-0.3090666044679843,-0.15143067923018805,0.8715440147884346,-0.6785615318638926,-0.3469706612901535,0.5116531069770732,0.23139601887722408,-0.06875379612649767,0.14046061892183823,0.12786382259147588
4.013299830304907,-0.29928139264057374,1.5718522280849152,1.681432170584662,-0.6899439563602129,0.823698076871399,2.0012929906934294,-0.30291762393196375,-0.7928761811928922,0.01661804274909941,0.40233218562442097,-0.5041122057004238,0.4104191208996669,0.45060052200601514,-2.1659845509691276,0.4644668735458362,-1.3543003786163055,1.230041614273316,-0.6014237669803798,0.4462651676192654,-0.1189100613075912,-0.7103181106966752,1.1046572834436248,0.1149012394392929,-0.6242414456303795,0.32111523124683833,-0.6877833927074802,-0.7680902034610562,1.0878141516028794,-0.10794252651707002,0.7692549149580478
-1.9340736953026127,0.13186481223891214,0.7274139643214015,1.0095278307442201,0.33580239610310325,1.0435976501069382,-0.6906226468518595,-2.0161259948393413,0.3455720813097689,-1.642052716748894,-0.034200616766842794,2.3900804009739405,0.32973555089052825,-1.121810104773597,1.261203199768234,-1.795696405460218,0.6665659794154183,0.44701997966428986,0.18967091953269505,-0.6808673336976246,-1.0113365193437982,-0.25551742461080196,0.1970260311614847,0.8916312736127526,-0.8930109783548801,-0.23292596179139674,0.10602132436934056,-0.8529677593372667,-0.0862109694271663,0.16784033136738047,-0.03203618886845756
2.2573317311151655,0.82700447581362,-0.5512924007767177,1.0982182738578352,-0.1698789348561914,0.2154562072343666,0.10907353957258019,0.18288792485245942,-0.698574602070833,1.1403630365791106,1.92768442044285,1.1713071537238926,-0.8601213739647201,-0.42270221431185734,-1.492893250729727,-0.0028988622340677824,-0.2952061934762721,0.20900733259824997,0.1414700792548722,-0.181835246854949,0.632851782051361,1.39573992102496,-0.62258063482291,1.1942472836460412,0.7703251057909486,-0.2964859355872073,-0.4880933730768525,0.3562279828244409,-0.5803348564374424,-0.17629258022231403,-0.21682579729808052
4.566476902315081,-1.2097071477470298,-0.39242912321783097,0.5438361965599453,-1.7519408948123187,1.199921160045192,0.42650211075254835,1.5024173803233882,0.6311510541950719,0.940339133745506,-0.8186978116902732,-1.029762743659743,2.893835172675645,-0.5189968699273576,0.3666777559839537,-0.034451701957627937,0.9818012474669676,-0.30765287602628716,0.17909254956427043,-1.5463857714270117,0.11281120982889113,-0.06157491649327737,0.21476820601793978,1.5277124433760747,-0.551051578327181,-0.04127340751732328,-0.23332353721298793,-0.3220440751250781,-0.08685128322454476,-0.28386559059382205,-0.2747529196124234
-0.09752850485017187,-1.2753626802264786,0.7339510729292648,-0.1374839270084146,-1.7626176648851217,-1.6385807448911616,-0.12334726526830767,-0.924843494593991,-1.3068206068834336,-0.349408875008332,1.1715567627871688,1.486908686181372,-1.9208434455739822,-0.3569954222399214,1.5217676875330708,0.049669079390639304,0.23453937709538955,0.5468816619015199,-1.0683232745347844,-1.3180200639649706,0.47017778914440334,-0.6143031165724946,0.39897058456652396,-1.0211339607967689,0.2525675568071054,0.47366841289224165,0.13025695836577805,-1.0344118687014532,-0.10145152590819034,0.17918936805717794,-0.1834492440943194
2.1659459702408754,2.1636103287796273,-1.8524223622642941,-2.2026221957235546,-1.2933320829623052,0.029699964131972074,-1.288724535422966,2.014447269209952,1.0163280247728443,-0.37939934091424626,-0.5635530410009132,-1.1586675896087355,0.22512455919608398,-0.396938025245808,-0.384157997184018,1.4715657840826109,-0.10982339855305114,-0.06092636666803141,1.9306094011648955,-0.2831171267782509,-0.35138331948929896,-0.7582081979330606,-0.9268996653841448,-0.05707999515638637,0.6156592846329257,0.5899614905329535,-1.1979519716282372,0.23846401130585573,-0.24074421052906483,0.19004050496441574,0.11563258869745534
0.5293635939538202,-0.5229173745967165,-0.6979047777408915,-0.7368048564084552,-0.4705369353724742,1.4919467779088698,1.1879980663700334,0.5753408033121433,-1.159562730885314,-0.7460833009165104,-0.45104326042564596,0.802094082218618,-0.4509500452638983,1.0925555226013066,-0.8792321811332683,-0.7705507829267282,0.9979176381028414,1.542893592545865,0.39179194584804017,0.6726425383858314,0.0434021132179557,0.5038093276925194,1.8313507858014513,-0.6651250791361184,-0.8980910336478228,-0.7104043967256911,-0.8979012138929101,-0.47465711457274545,-0.7836289414163293,-0.23250398160675903,0.26160891933932795
-2.0556324792465452,-0.6891444741854287,-1.1519245047265132,-0.1672414619244208,-0.7028199183254725,0.5185484906897191,0.45694217195104325,0.31000977859446416,1.2281548317479258,-1.425917609295315,2.0468753196422593,0.174006271981488,0.08266438055026852,-0.8263349366057645,-1.1327532252142132,0.5598647140349092,-0.07189609443256215,0.496907216204281,-0.29887477540695584,0.08301686522616313,-0.9121458125257106,-0.6640686931030348,-0.17162009435712666,0.9149330378508497,0.07415808481803898,-0.5690251721664605,0.2032959940366822,0.36684091541932645,0.09164358113272608,-0.09360078717252208,-0.00038758533652377924
2.054885728100403,-3.30647971317105,-1.308320266953114,0.996798444964154,-0.03974844100491345,1.1526307193600664,-1.1008144508793754,2.107972164338783,0.8424697843223773,0.8559637738644211,0.642196045528925,-0.3750232655908995,-0.07065554738295456,-0.5166235611316874,-0.038372242275922466,-0.1738445855626694,-0.4617224165635317,-0.26284517670166396,2.0717849742380117,0.784088655650282,-0.3350125113767185,-0.7864416722092384,0.5518537973487142,1.4059581026585928,-0.6147863474599187,0.5933116600149155,0.37600024592041764,0.2902522800409538,-0.38282215830237076,0.5296629330186826,0.08766336581495816
-1.3220072556901983,-1.5576094742819593,-1.5694932856951542,0.23575121473285154,0.5538540142776756,-0.591344527831762,-0.16470186494352745,-0.16779171326691736,1.4160678319296272,-1.466829959532568,-0.4079807052487667,1.2683718363820013,0.9235837121761694,-0.010824734817466593,-0.7742515958513575,1.3520580203238362,0.7624010646598063,1.0035473299794504,-1.8489891623983852,-0.28228033064561747,-0.09251394233643316,-0.5920625581696504,-0.6243944141874097,0.5864177276948052,0.27508469070224256,0.37476451671337796,-0.08932890998660355,0.5776913918659371,-0.15531305094885187,-0.08881613529824718,0.22682943334536518
0.5984037911578904,0.32423698964771724,-0.21114483136940798,2.644670431228656,2.3529767805154798,-0.47473277118048085,-0.2373168038519264,-0.43375718126619867,0.6752040050567816,0.6390896825784304,-0.6961832768583599,0.5467209599921863,0.7558403882342365,-0.39743870708185236,0.536575100469911,-0.09515090349476077,1.2109295985508792,-0.35388859259779987,0.5795863534613297,0.5467679543702619,0.943913568652727,0.757472860915994,-1.1196243168609061,-0.6836164482511086,0.5936180912467499,0.03010433869186484,-0.013893315998362545,0.3744819406189183,-0.08937389112615307,0.5237406834752245,-0.28087950523985017
0.053543714504040635,-0.04564443739536314,-0.6217185367570324,-0.9501323413376082,-0.36711274858975784,-0.8366549262773453,2.145535415248797,-1.1085071903745274,1.9110802261364304,-1.1972203552800817,0.1485599078614935,1.0274505378969057,-0.7846177454315642,-0.4796569223577521,-0.2821845669293948,0.29196178083323704,-1.7851001097193397,-0.74402698780261,2.158399623286639,0.08477255350150244,0.415070313672504,-0.03604442176716208,-1.5158226589434494,-0.041411477648850864,0.0010849063312718791,-0.5619422817609314,0.22027224943738605,-0.47912378776966474,-0.16736620923931578,-0.011313579261271441,0.2412539971989046
-2.1376893914670765,-0.19485903496717974,-1.342947241199808,-0.9853319339100699,-0.27409029092396053,2.0160280707970086,-0.22192509883579123,-0.1801261196983653,-0.6730677271531357,-0.788611909739658,-1.1752137052843101,-1.3738295707402228,-0.7289358271273274,-1.1005542988301171,0.30873035984178443,0.19930171738740635,0.3816425678710029,2.2405707181351264,1.5122366006161332,2.6954917101502014,-0.1434593312845356,0.04692351905254752,-0.8172130806807609,0.4582619093947884,-1.0468047126399338,-0.575387973612322,-0.012310029195098693,0.05479115650480928,-0.16611048700992162,0.04483287808024191,-0.08495740001900046
0.5962118479176911,-0.6618980275952507,0.26802472297555935,2.1214513461944375,0.1845254261971339,0.04538701239466497,-0.5959604426642756,0.27147743577695516,1.8203358302009707,-0.053169344648139924,0.9667223695306616,-0.8265033295170114,-0.6779415388430677,1.091002463041314,0.8594501778994273,0.9983480358564223,0.3918316575257408,-2.161815021974933,0.32900592450442206,0.5494474995206636,0.38155432862185507,0.4027544375729783,-0.7666730669488581,-1.030383446795202,0.5318000400420579,-1.00296283329874,-0.10810830151411559,0.14033374669586524,-0.26239352267167915,0.2253529698627455,0.03324455646792593
1.8418801592740084,-1.8346298657169469,3.6741037718493184,-0.45963494518653486,-0.19920296638840693,-0.13431944367134926,-1.1240842109503077,-0.123459956074004,-1.1430512012352898,-0.502872312306413,0.6595128349037889,0.7575828200315148,-0.46220924994843815,-0.37641519635462173,-1.2685509367329553,0.60812356894721,-0.525701791294075,-0.947566834859276,-0.39608080452024075,-0.40222792062650947,0.3043164879546536,0.6017419857934198,0.11948563137598589,0.7947319777580426,0.009076720395739719,-0.277497362560388,-0.08373308351193924,-0.2618778333513761,-0.8482553394210941,0.1427451778050646,0.2449160085614721
4.720799925025746,-0.5777244721414783,0.09303746036742677,0.4342368274917215,-0.7319937052821509,0.0958263803517896,-2.259821969218175,-0.6027819656845061,-1.626131229375482,-0.46960776975418833,-0.46817282064580035,-0.07658973724608083,0.5789385079215985,1.594726239599887,-0.9180873102327914,0.3820297790444509,-0.6276503641601506,0.35893957850644087,0.5053224192904348,-0.49449648807410146,0.045270288890316854,1.612778982017055,1.0096005208492402,1.8992473987580822,0.08131380244965165,-0.4264784426418099,0.8097623732895988,-0.3038804566384536,0.4265402588687423,-0.7661117716248965,0.054512430385817205
-1.7667421219717543,-0.324866327227931,-1.1573618632859,-1.9255164677513563,1.631708452765861,1.2144439718259687,-1.6870344912308464,1.3557410556004428,0.6860043377221328,-2.2136303318724067,0.1550732239517081,0.6596238694041355,-0.4892304488236572,-0.10910800259496967,-0.3959988130599699,-0.7317227509984278,-0.5895761848565343,0.5886013989718595,-0.6242379677330178,-0.7453565425876328,0.6892014737063714,0.5264906881503859,0.4557187928615921,-0.6805526730609545,-0.6180381518986271,0.3742948699091939,-0.16592497595604142,-0.787195220582795,0.33234779513094953,0.2544348040648609,0.145779693911149
-0.7747454547315477,-1.6892322640488842,-1.0713326704968147,-0.36576058720651355,0.39917463276893916,-1.6075350242287991,-0.18500265669117327,-1.4523135882767708,-1.1185768195957306,-0.5187845759131963,-1.6201933893884468,-0.8583489556767023,-1.0742240976696755,-0.36881305425624383,1.0350467556678984,-0.9047942458243009,1.5652498869820517,0.16348487552250057,-0.44560961860178216,-0.5330284242166329,0.5501616742226586,-0.7129199464368908,-0.6762227045233761,0.16701603700655776,0.10874798549135763,0.2849611926108088,1.2667504939421956,0.08420512169722855,0.3392433206305225,-0.04011152500590034,0.1833873203688955
2.1601595755954928,2.845906922454356,-1.7172204026377447,-1.0040734723855405,1.0324395425136919,-1.154549855167865,-0.9279978706373285,-0.8857270508498655,0.32036315219165257,-0.6605918922924402,-0.20676120148528443,1.3131416718261892,0.07187720976766152,1.0316670428241408,-0.43466740307412827,0.12991958145823634,-0.25897595580477833,0.25933933082841454,-1.8044234543025226,0.8522289367675894,-1.2927415037023455,1.426441362360577,-0.17705106428698822,0.21918352815429346,0.06647418329712419,-0.8063194781657856,0.1858292699725993,0.5625149990249623,-0.6170304896288912,-0.012894484891496772,0.19258121481791934
0.07536783449615905,1.1663360499616189,-0.09890876562666828,1.4878599016192022,-0.23634253115523932,-0.3711677747535616,0.24105694380223347,-0.15322942009598128,-1.580914216780885,0.8779311848269178,0.3248145716849054,0.811616198031143,-0.8557891384603921,-0.5652075208155163,0.13445874408964323,2.3743333850790673,0.7101707419892924,-0.3224885657956098,-0.5549959699236793,-0.6416765536144867,-0.48308859223023964,0.10055623264994362,0.535753308489682,-0.7282880354523021,-0.9723470484879516,0.741137643321639,1.2593408234161705,0.43882766835220194,0.15454485050866107,-0.49483513659965095,0.11604755688980435
-1.0375456729997878,-1.3940721497172737,-0.8225106896530788,0.8374336743439986,0.839162353250281,1.1278997343984338,-1.5831115303304433,-1.154301270091965,0.6244805024201374,2.2630655780605164,0.39101151836240916,-0.5129574171146326,2.0854981245447695,-0.8015084649408666,-1.633885462320467,-0.24648104830591708,-1.0242869974927347,-0.0046326663729760985,0.9340763178321976,-1.7881016536391048,-0.9669754979937364,-0.6126444887337158,-0.39369482688022533,0.335301958743962,0.36793033028959204,0.3665646559863041,0.05366870159835384,0.07313453297402842,-0.09684376191031231,0.1276983407013234,-0.0673234729352332
0.29378042533000637,0.7001469674189676,-1.5447198237588378,-1.2569279822957908,-0.35090269191104895,-1.0359713499427858,-0.5538198208995435,-1.1022722740394049,0.8417817117710998,0.343258298662169,1.3807600412636907,-0.41555908868898006,-2.429591567266785,-0.15373405110069024,0.7788255804994696,-1.2365667360266903,0.9488202659030747,-0.7775229899772282,-1.0982851830534812,-0.16882300806348544,-0.20543513803935873,-0.571403861659553,0.9048531362778269,-1.156269766777905,0.06577817840586334,-0.8113278451949553,0.16376045570286138,0.500430067483041,0.04653625228695658,0.4888371780399565,0.15642414341314873
-0.29453023365031644,3.251304529633062,-0.2439513052411469,-1.194855035435647,-0.19298252622455123,0.03991544384321394,0.448369960643905,0.41718426781912077,-0.3723163359592233,-1.3643637661799692,0.4155070751180863,1.509000921901017,-0.5687407539286301,-0.014573139045379591,-1.418310930353771,-0.7441148307142422,-0.7289758447048917,-1.912480454205014,-1.0613122634014522,-0.6468014122231549,0.11979564859679005,0.21730535594798606,-0.19726714767260173,0.7084131157246528,0.49280451818088283,0.9018946377682555,-0.05687006150101387,-0.5138860514091176,-0.18917636908951896,-0.5475805115879684,0.08309245680767437
1.830861134683571,0.37159394289158826,0.0581880168637631,1.2837086286691588,0.4440740668358179,-0.3094562928032837,0.6610261384076744,0.519074211189053,0.2064981542616673,0.19851342996463114,-0.7186516839340541,2.4127678982095313,-1.0487163355057512,1.18542494042124,0.09431954455707461,-0.06832894327168552,0.7892796448556418,1.0524276403633661,1.4388098513952925,0.3436974944809758,2.8076623045611218,-0.10825599044450755,0.24219461135439244,0.8888515681078335,0.5070841818412156,-0.8060733709073551,0.100674781367201,-0.1641471073538976,-0.5612461576444038,-0.13987991867950667,0.39571069515113877
-0.9145605449157632,-0.1788811115291532,2.58242781297084,-0.7446113059754109,2.871671360711718,0.9003105288473731,-1.984440440850832,-0.2728118500941765,-0.15659006704629588,-1.4418249767679225,-1.6431327558644673,-0.26106841864887737,0.7204105944810915,-0.8503150071157531,-0.08744528573177966,0.10084757266219162,0.6229123228448767,0.024717006278585685,1.3597790400579073,1.0405490435482452,-0.9806083434163395,-1.028476829752225,-0.0763319797049471,0.28854492793151076,1.8126947319849327,-0.04730944299842548,0.16698919248982277,0.38049590417638957,-0.3527613116488002,-0.5045151322363398,-0.18944470819546744
-1.0892881883842158,-1.0886171890136793,-0.9146686272778305,0.3492390995479138,-2.1116556535033832,2.7652292010956976,1.073357175432825,1.3387677277673233,-0.899828114887774,0.3155747010604345,-2.2031683445215386,-0.09581148934292077,-0.37499394699578004,-1.0324110854848811,0.9409460876646305,-0.5439075146214318,1.7041664760133153,0.6492741654899516,0.44806763623630624,0.6529917085568447,-1.3716442636952804,-0.6977218911311546,-1.147063164979072,-0.6831116135818227,-0.6392885655703703,0.6905479792366271,0.30533721372985234,0.3062661975163441,-0.42920959054921853,0.4166203127626544,-0.02162572226578212
-1.770843557906182,-0.5468768608067703,0.05806700409374931,-0.41231987472844905,-1.7569243226503164,-1.0326666230649264,-0.21452994386223423,-0.9819765821019576,-0.1563810835827185,-0.05399967252783289,-1.6189587467577347,1.4936574162564973,-1.1017112300683347,0.8208451833775169,1.6077738667062038,0.24849979893200033,-0.19657924866992618,-0.32064677572148337,0.612071075292989,1.1598831611722313,-1.6762190209931558,0.29543434112989125,0.1653320042481778,0.6482960783770109,0.3326087198486783,0.43604910808598096,-0.014969572597339255,-0.5828630036035917,0.10527554583808521,0.09037241481633429,-0.2959833548578474
0.21911988194849877,-0.4951339726909644,0.01800679935739694,2.5407450861343213,2.2275760945641467,-0.0941808767700051,-1.3927165847922474,0.33923502052433274,-0.5619923119961553,-0.009157958407305664,-0.3017079075944184,1.7684267458451048,-0.4173074079845316,-1.0683237450367482,0.39124149379302264,-0.0894353618613335,0.4728462252206622,-2.058751121882567,0.07982362553057458,0.279156840363924,-0.503992233935896,0.6952906873161177,-0.29296613867389687,-0.6035062325786597,0.6292136181907114,0.2071625506771463,1.2609491501558463,0.21461112065222823,0.5380144856995546,-0.007146051674438909,-0.056080430201658635
-0.05822262536235004,-1.5783613426353842,0.28869245373118113,0.790474405120307,1.523626004707233,-0.9828380422070391,1.5103765675854712,0.5182046064724907,-0.1894449087326211,-1.2316422713785284,-0.19960920904868468,1.2777231909427391,-0.8250729573971789,-0.11707900347839635,0.0005453281994390901,0.660715133300795,-0.5861465122932603,-0.7481714014887456,-1.209446281078103,-0.20021246239727294,-0.739268140062968,-0.010152725059038222,-0.8964591156013912,-0.1577402999844512,0.046614239651644324,0.30723773383111824,0.02318327798041878,-0.8004957818745007,0.05963267973632137,0.15062713488773796,-0.05950446852734552
-0.49770538217985905,2.2089124976201333,0.4427748772400417,1.0780796892098892,0.8022972340153502,-0.19070772189028448,-1.4178741808350257,-0.14228319221890653,0.9549135041184366,-0.6897850368972246,0.1382144107067242,-0.024924122569540803,0.25310458150236964,0.674903919354974,-0.8870054226494068,-1.175680032921276,-0.0999091658946822,0.08032314227935027,1.278263185635988,1.0158401253016636,1.1207224221223007,0.30309188218925803,-0.7771488543290368,-0.324107106521792,-0.07213495278001611,-0.2511499630349246,-0.45735015019495834,-0.4595796490850871,-0.0005567609761954902,-0.5128554817041295,0.02471998315413643
1.9621510689163821,-0.4758424569094466,0.2969405523055911,1.5325217684821466,0.05681814856508074,1.2992254318912337,-0.9205425957811548,-0.5172493125941744,-0.7940606213648637,-0.492860334877876,0.7136285084755841,-0.14839307783419856,1.9293042044706838,0.25172096147060824,0.7345815058488304,1.3546554645179103,1.2541681038236683,0.5697100844397948,0.1239469297905392,-0.26191331779635413,0.05266968125430295,-0.9922501045817004,-0.7946288157502591,-0.09349757198266664,-0.9909697903960546,-0.2508835471102315,0.31847943671059536,-0.32333695363501075,-0.971173109311724,0.024363665953865604,-0.13003363099927692
1.5863363731314488,-1.4732851359856003,-0.7158269552907692,-0.22366532014785834,-1.3222474134714777,0.2901274212630317,-1.2005350651233788,-0.2034010440372624,1.803006374914182,-1.4150840047497864,1.4886498147115172,0.44917493514017576,-1.2612423217738504,-0.2531429112680493,0.5965449214769512,-0.14698635516084022,-1.0633532626173667,0.6156780010750192,0.5996107495246014,0.910278532684347,-1.1153143528236236,-0.11673696779829303,-1.1039706604393305,0.4883396567855771,0.2865641099806197,-0.15030103835551883,-0.11559747542126877,-0.16882774688185145,-0.6244259967718756,0.10865567388977866,0.49773505734449947
0.05079353513958937,-1.363934812457898,-0.026925912699815344,1.883514609658891,1.810796262120617,1.3974961651894005,-2.0476709268344626,1.372987758572853,-1.0725636834409271,-0.5311465924069325,0.8129432995050788,1.5908367732554682,0.9742709683974811,-0.43865300876059293,0.046539288253303335,-0.036088769325122574,0.09192124805580908,-1.6111299626802014,-0.3474285543394604,-1.3174569209340499,0.02556952958844941,-1.0289533884216635,-0.6893046792795076,0.1700911402765439,0.027876302503984884,0.42103780959710885,-0.016760805523567426,-0.2293486598448106,-0.46711532694461066,0.08955478346222684,-0.3956714957249474
1.981329811778869,-1.204596479996541,-0.8144936658151364,0.40614621119387584,-1.6369049957278767,-1.8131861590862315,0.3599266552480762,1.4285271021602226,1.0750112929124125,0.26057901767645486,-0.8811277749946007,-0.8920723397854177,-0.42301402543851774,0.7518112935755752,0.6226970346955887,-0.6983163042260169,-0.04978582200755182,1.3287210247408023,-0.20089559889452305,1.0615122674129456,-1.5109983091823684,-0.2377953462033428,-1.3393701591123892,-1.2114048999061096,0.24485820155977026,-0.5057936594340238,-1.1417238132659728,0.16980128921581206,-0.011210128065117524,-0.014027740018616387,0.3451476043145655
-2.261294142618603,0.6059776696640177,0.48988416860780293,2.6753368920723495,0.7148179971778359,0.7027732834980921,-0.24587746332645918,-1.2749829533995263,0.872063460543824,-1.095970567766223,0.9256046604776961,-1.6353969191681474,1.034632266738524,1.3727466267508526,-0.22988086656957255,0.17163771270917347,0.6543787922214135,-1.3146542746072662,-0.013075995499493965,0.688628897355746,0.6285289110731058,0.2834673378792334,-0.22846017965323273,0.02785400239193453,-0.3692538807615793,-0.7636779175967925,-0.06751350660979313,0.43879589409215763,0.2244390200438131,0.006609503327399984,-0.09683484720070208
-0.5640191069058561,0.6380069382825897,-1.097284292604577,-1.3178816152012343,-0.9799890842940375,0.24772456433913864,-0.06026054286665051,1.059843315263894,0.823946274825146,1.1977401799771135,-0.6964749042318611,0.2530974312173767,0.8835582937113218,-0.529369223200647,-0.01770053911243092,0.506242669712783,1.9746717808396554,0.494698688366245,0.6423019758821075,0.10222683239888289,0.18000072725400948,-1.1878648577302615,-0.5382276935441055,0.7501529045617582,0.22596093246087667,-0.0546195915083526,0.4528747612339172,-0.3523266882577698,-0.2067133847508054,-0.4255562503965276,0.09798481866859099
-2.0655545802104385,-0.4974857773709682,-0.5569289524678962,-1.458145179010844,1.5134949294437938,-1.602669046420151,-0.04591804917775089,-0.04982043494384059,-0.14537861047725276,-0.5887217603187126,0.21337365036673775,-1.5826075924951084,0.9008071975642028,1.4905723679820662,-2.122516498686958,0.5825934223362055,-0.8252652014382637,1.4589515276559577,0.4857023520628894,-0.5790975475419871,0.7006307125113705,-1.10440391841068,1.3085424156688015,-0.13588035292742215,0.3585341471639978,-0.03276808941082537,-0.07602615029520858,-0.9798621244611467,-0.2163672000865693,-0.4511187811502287,0.49300763349222126
0.6047604116157703,1.3287887035795773,-1.5160673077839935,-2.330673450704346,0.3132191311278687,-0.9524028528557195,0.5059936537074472,-1.7278133183816993,-0.8990134820592196,-0.9891647842065688,1.1266365488811054,0.21263638381185915,-0.7715844917729993,1.1805892348270686,1.9102883531183998,1.1131639531368849,-1.0577312274667172,-1.166494603614987,-0.8274324974556397,-0.09818115236875914,-1.530464219060583,0.8777107756152284,-0.025529855969334953,0.6234416759228391,0.037707279597426376,-0.707980946894435,0.07070589190211203,0.007441736690420102,-0.41383229076169786,-0.020623600940161933,-0.1265122694646695
-1.518651638350275,-0.8124784774225549,-0.4165383401085868,0.9479332272072098,1.3275664092856156,-0.7901316337282422,-0.819290766448234,-1.758685046286064,-0.4991427138377916,-0.06156087183457408,0.36782272780182773,0.5406627446385167,-0.4028598202772986,0.38427809181201733,-1.9766926827220963,-0.873580842655782,0.4247702772462056,1.1395237106026654,-0.807762849002096,-1.6064622466799952,-0.29302894048033984,0.36380285338482216,-0.31922678743504573,0.021947817546942028,0.11369869938301383,0.25491747653446767,0.21531368829832934,0.023159184071228803,0.03661846206755918,-0.15283074716639106,0.17928896382071266
-1.8684307859511675,1.7201318810879933,0.11328994705327845,1.903232312900202,-2.009416726566271,0.10059035578061111,-2.323862407620013,1.9052217924590935,-0.08892871578843692,-0.1592877905707118,-0.14851725168577923,-0.919040872792021,1.0473760465068607,-0.011219247735025275,1.5870024523866295,-0.9176790494026683,-0.7475290450774926,1.7077193624533882,0.6819272690062069,-0.4516515958238853,-0.0953464639225124,-1.055728908965161,1.0571138405521268,0.016205036579039295,-0.7465661165750791,-0.2431455735992783,0.42061326119558123,0.3714411143391367,-0.3736540126908195,-0.37434792821214063,0.0016176015233730354
-1.1374417137540003,0.35426096073789404,0.011617888995027028,1.4755518536771943,-1.0747620719203481,-1.1772391442591308,0.9685736901494071,1.5351993441075689,0.42301714801732776,-0.47228556126983495,-0.4066432701914937,0.08367640523049368,-0.5443712026529246,-1.0407700318274618,0.1514570350706533,0.5246775271345937,0.30854631246992426,-0.3627591869906236,-0.25522083758078107,-0.3260920995459578,-0.46932993083648444,0.20677240124308877,-0.0544468857179285,-0.6920177279021933,0.13460704321818096,0.29723790905108044,-1.3741437033917088,0.15564534937382754,0.3363445885049467,-0.06555158336831673,-0.08644171399799648
-0.14730419397988057,1.1154931687048442,1.9070532819800476,-2.5466589105444277,1.8688133584877797,0.304448975109894,0.6145879051926534,0.15812949277579233,-0.943260369001329,-1.934312104668736,1.7936875736200393,-2.8399692052741456,0.6000958578767721,1.7136743548714664,0.548846895530524,-1.0670897306814067,0.23110752582193395,-1.2365037752635064,1.4446000514860322,-1.5089941710138206,-0.09736539872599807,-0.0683477323825872,0.5333867580965893,0.22162857658654087,0.3554321345387418,1.143519408495725,-0.005477438013978093,0.530435255637869,-0.396190925293845,-0.03215066190307805,-0.38181715881744305
1.0249406994858992,0.652355086326292,0.15006951301742835,2.016091277888632,0.9370934400490699,1.1733211794727025,0.20518675355364205,1.3180751797904484,1.4045055715109496,-0.3236105564596334,0.0162983740854205,1.4373408274487403,0.38482105053051024,0.5787462501392809,-0.590028436608055,-0.7385801908004092,-1.8557900549647017,1.011827843929148,-1.128697123466932,0.19614979676406583,0.363114491558893,-0.8423642509023597,0.23206729458013572,1.1171091992326743,0.007480928549778395,-0.6109078057563594,-0.10142564311900185,0.09005126830562903,-0.3836841108934414,0.3148284007433327,0.0740941919596352
-1.454238825330257,-0.29861149554384636,-1.0904867090530306,0.354285157543171,1.841571579479114,0.792116096889384,-0.7817922117747879,1.0987660208835777,1.1037575010400615,2.0249194600969913,-0.3087652554061444,-0.13881852776781353,-1.3687558625200893,1.3693153178766786,-0.10542653428136546,2.095718379898908,0.001514897868419064,-0.7051080538582616,0.5321895173722148,-2.8379669118763378,1.4636799586402325,-0.5317027570076474,-0.6312689054189291,1.336264839034934,-0.0640217537226533,0.4067063242078239,-0.2013928156260197,0.2621508401623368,-0.2204515054421152,-0.31377723760300713,0.14092696251081227
0.38359240426208174,-2.032995377648729,0.12278719387163232,1.1827052242991407,0.961379707022937,-0.9245129343127677,-0.1576295352370013,-0.5057716455658348,-0.13512347962398047,-0.2739945993702865,0.47838551234351895,0.8036786827521326,0.8079536218847944,-0.09730483195268434,-0.6854982166091604,-0.5322162180045001,-0.3919100105848592,0.7233854224882098,-0.4615823913379761,1.2075977881426816,0.37900166179170586,0.6357930880977769,0.11960530549923218,0.8476033547373165,0.12763366161038556,0.21475376902153845,-0.20223166674304643,-0.6435559605952511,-0.1057762907749498,0.4203252148667915,0.1017832091497594
-1.0355407207518945,1.1907126315117684,2.3803049137242462,-2.8585239190211857,-0.7567324147222492,-2.2816175308219626,0.6990794367533887,0.7377163149909068,-1.1127270715423967,-1.2746202145396126,-1.2969459563732184,-1.4969589787506867,-0.4156207588482921,0.6119932656921233,0.655522761159652,1.175340568960392,0.5130244375132184,2.5960650827150653,0.5527096707310865,0.9973648407843226,-0.4944990691244833,-0.04000330505273464,0.16957792557324414,0.33566474739773056,0.33782212686920854,0.6871778752358022,-0.1446927873288333,0.29193224356553155,0.1634615678517562,0.21793124070949396,-0.0436954561704804
-3.020664358879359,-2.8310738186148483,-1.956799578327442,-0.44021080616317887,0.29910779373098906,1.5681484185982626,0.357593450411096,1.8711510367191693,-0.3216345895934742,-0.13820806826177956,-1.633908834719079,-1.7516322674181568,0.18466333457958062,-1.1521839773953095,-0.6627994914988209,1.4165486597647008,-0.7709776780367933,0.2977460499834743,1.3548235231571244,-1.4244398537141156,-0.14547970857521755,-0.016420617896246187,-0.21673139850681808,0.01913613565754433,0.09501770183452113,-0.0037799325574408133,0.037901266388534714,0.4497680336370081,0.06790885888975659,0.1851671494679631,-0.003240560004826715
-1.5182500589363148,-0.4308830291330628,-1.4969811948078555,-1.2486735242890705,1.2577229561758028,-2.822585881017805,-1.0149080347797543,-0.3277301582757511,-0.3843246072060853,0.5552790621433317,0.03936471190184267,0.37591235463814443,-3.0691321973632104,-0.3416216034309835,0.22133719073612015,-0.09146379790154666,0.40709943200513277,1.8397420844359647,-0.7388993935687621,-1.482980660447621,-0.047615908627323844,0.8596624813546782,-0.25691624862656076,0.1883040645890066,0.05910319353211875,0.14130823540930615,-0.05966964968537131,-0.11813673769705008,0.11760334366727428,-0.1377761315417982,-0.11990086074110279
2.2932248149188976,-1.4451727190864954,-0.920706898002775,0.8956129887259838,1.147926610977106,-0.4771559125304758,0.3047715681158433,-1.5590441150078527,-1.573194139405493,-0.3985268543446576,-1.8879096211995805,1.4939309683374418,-0.762872963772399,0.5249924350078167,-0.14951421329653636,0.505337432739943,-0.89716408970676,0.15891431072422746,0.799196259503296,-0.28018543546656505,-0.013220720841943366,-1.0087043061675913,-1.5030878780780652,-0.39857445582358497,0.04875248153445184,0.2257065585336358,-0.4470733911535271,0.4632500133888134,-0.4774889119677775,0.1025468269096266,0.010455054777772779
0.24322730197257478,2.255358610131695,-1.0171562728720316,-0.1777009378559491,-1.4481508939682195,-1.049301026731188,0.6968036368181565,-0.019237571149656567,0.7396327490218729,0.3284579485770375,-1.0684664182057753,1.3905616920935748,0.6349628337288127,0.23174577228727425,0.10269172602154507,0.6271800896121671,1.3464321082656245,0.4070424945329457,0.601974755404713,-0.6008450520682348,-0.5907868501971957,0.14154556443828065,1.4902066937261718,-0.9491637060130935,-0.36957118475821743,1.1736931848305414,0.03393135763818518,0.4088171994467839,-0.43294029118692456,0.08598356246365771,-0.11310561714902283
0.018547244469086486,0.6166997157100992,-0.22447100172309908,0.9079697488030326,-0.7128306488232838,0.20127252501376452,-0.44469382641141325,0.271190353577702,2.0321080767813315,-0.06266934656583764,2.355287368381721,1.027590831659455,-1.0163424980685285,-0.8752808216651271,0.9112058060093089,0.026734080406086724,-0.7670411979448554,0.7965204285238969,-1.0428737797607264,0.7406463847951359,0.3408925111868234,-0.6261305186907759,-0.27486858697184885,-0.5222625929996836,0.24504071654836046,0.601002136552285,-0.06439702569751284,0.1185481053031238,-0.16068612683382907,0.1948150092303057,-0.13314893594821092
-2.570308345981927,-2.8905008961637986,2.6223609465116504,-1.4879008532916613,0.9474268573265153,-1.341948709588541,-0.13430205386323724,-2.2045210460692224,0.5292952870060286,-0.16517293256348134,-2.1177546984582847,-1.05246111757269,-0.8133375052330158,-0.08539222659289147,-0.0695891106273585,-0.8678458391918235,-0.6934793354235212,-0.5064724972181984,0.15410619197346445,-1.4854896089804612,-0.002989429938322392,-0.010959875623702488,-0.16091392702690477,0.8926321998901703,0.16660997027718472,-0.0074779931476051265,0.014396371174147791,0.126464370852178,0.3315903611291059,0.15918581374254215,-0.11119537495734086
-3.0596768565771923,-1.8418774528039008,-2.078821600103506,-1.3370823443796158,0.6955158803415679,1.1223711664035314,-1.031434278208589,0.4213357815076854,0.4127640503502623,-0.408255846789576,0.2196092121659088,2.151652910189061,0.005135382772524389,-0.8437686042659074,0.9474302002332491,0.04227566487645728,-0.20445719615150174,-0.3250672898513433,-0.6955170535102378,-1.012953146367191,0.096378010549972,0.7448924311199037,0.6158380098454712,-0.6576630687533301,0.1335780316464383,0.1651741428131043,-0.009765587725514438,0.0866992606616137,-0.09574359259140557,-0.2691392500205216,-0.16200646068176927
-0.5577987778808279,1.2348007581582752,2.424152208452962,-1.2391159313886173,0.02703539237788862,-0.4547857217013784,1.5320307969164548,2.2615189553024693,0.03665335019884702,0.2928882703876884,1.1050654909823654,0.08266200275581688,-0.31493632728632764,0.17857448153155,-0.9514657300567219,0.2606025079310376,0.0526161782262207,-0.01114480431523621,0.4104421479925484,0.04434130241278246,0.512397889745567,-0.40152796248174644,-0.3278764293301273,-0.1891311912045208,0.008535117884115593,0.36666927111911857,0.05374174927028335,0.8542663479036171,0.6543141718951817,0.48509196048270553,-0.23858138344594287
-1.225618930883134,1.1092210349159826,-0.6841638933658577,-0.5602592952214465,-0.15488334165267267,-1.4265752634951516,-1.3126875744086632,-0.5685886253124431,0.28813872865473017,1.6438438458695548,-0.06953357024497443,0.37937706126394155,-2.248883875727946,0.0532872100360752,-0.17897735642794954,0.8668989223208022,-1.813309151436321,-0.2590017286213347,-0.651217974161949,-0.7684333194967629,-1.0790605585539774,0.2340766722768804,1.13387601374041,-0.5066270218271693,-0.6357338007211484,0.07080268456696404,-0.047546565602858804,-0.09617872181247296,-0.283891686673665,-0.33851712849800686,0.13472189751592226
0.6997754400511653,-2.9469308640886807,-0.7099849852072775,-0.9982635848467375,0.03894971402297977,0.06197982551962576,1.3250153836707457,-0.4006796422945557,-1.574385802418268,0.9496839783633928,-1.5055773361502074,-0.5138739421937591,0.20712665169526295,-0.8472612014224373,0.7785289988343723,-1.2517644944586712,-0.4366401140524313,1.0281046812283376,-0.7092444522045129,-0.6610324274423033,0.7651985524933367,0.8384527601274465,0.8581172960337501,-0.4382852139680795,0.2811834838391621,0.08216556447625235,0.19288116546201756,-1.0481607265063684,-0.8013452041471103,0.05756546364287355,-0.50130242920053
1.0453170655059048,2.076366747802668,-0.8266713235823449,-1.5986202790598791,-1.4725069050768615,-1.0285208935010604,-0.12117051529134171,0.571371647638255,1.297766587145827,0.2194239374151796,-2.141889073895978,-0.3221101610543984,0.08045055476093473,1.2988731582047164,-0.08900405321975084,1.538878246391878,1.910987093023599,-0.42900299783189116,1.7190687521582664,0.10438508234413457,0.2237944095626113,0.17413195989484348,0.007479307638446125,-0.33593967919842027,0.4581765592976448,0.694391330666303,-0.014190200597584579,-0.27810686985308075,-0.17982523758319155,0.28580818286044823,-0.0007063860465012037
-1.086975300093915,-0.7488903527259099,-1.052297142891983,0.48896729314104875,1.865298367483114,1.9920746427817004,-0.5372222220727552,0.9401500734627846,-1.6309743365444473,-0.9264896536583804,-1.0627481422581326,-0.4888050502915221,0.3846948461977891,0.7417930899171329,1.7119458986693108,0.4830385820382599,1.6896245388589755,0.8544599329061944,-1.8349564081224221,-0.6460228179467553,1.447387708295888,-0.13109201973750398,0.4030748536879355,-0.46181509823697175,0.6972814321030737,-0.002597644020835716,0.703739066757204,0.36868033531590794,0.0037100560874263203,-0.38515265148210914,-0.07169098879150121
-2.078837719300828,-1.117238182581867,-0.6020096719698026,-0.46384033633185545,-1.0112809812848005,-0.24417713289728069,-0.33334500971077413,-0.13762430175181722,-0.16318895696236738,0.8160382241484895,-0.528105993546228,0.5343976503865409,0.14934052620791882,-1.447824569502979,1.8903598727306266,-0.46749274658841344,1.5734757562168533,0.3726301374164485,-1.6033883555264934,0.6055025092475671,-1.058444327075699,-1.0159773388048614,0.1531507902147196,1.0685016770165274,0.12557782485578764,-0.5731735990230892,0.09959626838708194,-0.4237147988623465,-0.14726602288490662,0.12638322824519943,-0.04365099213724637
-3.3626740001878903,-1.7398174841345568,-1.7364671789362776,-1.3427877179519276,0.6223078055645366,0.9173673952154993,1.421533019853855,-0.3035256441470788,0.6227224725826999,1.4659765302124326,2.548777667567293,0.33439339072499247,1.54433212258135,-0.20790755464429128,-0.3004057777535313,-0.181583900452211,-0.8300545773245855,-0.8859821822702613,0.8682242235082033,-0.08857895206774069,-0.22676510214554238,2.2455857138148874,-0.053066314143238404,-0.7917465728765198,-0.006903897510178923,0.013871635385243167,0.007676917161778827,-0.24466702896190243,0.3731848757342264,0.06421556255425749,-0.11125211839072341
-1.914851998411249,0.4592157039863271,-0.6798961700337071,-0.9688116438723235,-0.321231216304778,-1.2407201355636412,-0.35108753289758327,-0.8436972316437927,1.4363571706120486,0.671034864418202,0.5998557952344524,-0.5363124368714612,-0.8399225131329325,0.873302657258433,0.5281556696239009,-0.29765027879084494,0.9405269271988069,-0.4722341002641748,-0.8345916455482708,1.9914529203974143,2.3940365297155766,-0.19757491952286094,-0.9901179438017307,0.6917905897591219,-0.16038180902437102,-0.7603960859928425,-0.1517218887799133,-0.2870990997497617,0.3461779222976724,-0.1449582747375462,0.0014947132030909548
-1.1560301962478319,2.1535104686440647,-0.283739434047942,-2.1153920251623033,-1.1883239778582848,-1.1958659817838562,1.004681222559131,0.4506202037466136,-1.1735598556504785,0.7792092240972053,0.3118833782109639,-0.538298475758515,-0.037318007757651823,0.04254705264451763,-0.42588339050627183,0.15755826227840664,1.7032751206576264,1.0369108536372342,-0.48137381439474736,1.348130887590621,0.9450415990013369,-0.15818745493851666,-1.1739715900209102,1.0417176713562841,0.33437563601999737,0.7706377658883113,0.05907842368032607,-0.9564852329229043,0.34816541353573566,-0.02789663574183803,-0.019038242459190873
-1.6386795250345207,0.9953183907919555,0.0667872914607808,2.3388320476512297,-0.6814497215185731,-0.4341369134072373,-0.36099898136993575,1.113068623925374,0.7935657750852686,-0.48745136317797594,-0.028412251325966288,0.16324354548629905,1.0280981972724146,0.8123460753593055,-1.8365354785221863,0.27669720048993945,-0.37698058510301125,0.40823733803634293,-0.1594178533983446,0.6685433621131486,-0.4314497513116252,0.3367286893157316,-0.11610744677379121,-0.31572266012437844,-0.6917783192671045,0.5452108412132235,-0.5291864214022453,0.4796103106306236,0.04912651216539444,-0.04631032102216109,-0.26536286653433694
-0.50524303971918,-1.8214213496782123,-0.9121009381531456,-0.5437647987639835,0.36007989852932,-0.8256389477040598,1.188867989535069,-2.105675153129556,0.3206143337745549,0.9460799021701484,1.0765482273320548,0.33494849500377233,1.5501490406937135,0.12675143450326115,0.3289766459147802,0.5299826020643378,0.23335528345264586,0.11995900957203308,1.4505722608110694,0.9442186696356198,-0.6859946358377553,0.17851878479598043,-1.0339255116687978,-0.3018216469053257,0.1568076819654894,0.3108801110992509,-0.2971385647355559,-0.43888149423025474,-0.08620390553492219,0.14913725463665517,0.09190264019228227
0.9996695590837229,2.1408855916466107,2.052132324103474,-4.172856778291696,-0.6152456092828757,-1.2409078742498272,-0.9913745812744053,0.3078458509952696,0.08236572586894361,-0.3386620948685986,-2.167945963688819,0.13247287031463534,-0.4493480237792741,0.9267062368593836,0.08167110074393368,-0.2802255680520401,-0.8474967007352465,-0.837449918603172,0.2802046407449347,1.1075640981190167,0.04792429909541705,-0.5550333299653153,-0.07426124382566192,0.13266757382012748,0.5778967818141694,0.663701991012791,0.1854032507702292,0.1846144459925136,0.8007688577739129,0.29574389450918737,-0.0612882216073737
0.9782962667858726,0.07130485497262355,-1.2041608867828393,0.3961134475226049,1.5910127503174913,-0.3123830818141139,0.5076197660654483,-0.7474878381022345,1.1086232476718023,-1.3350893902834189,1.3152389422334068,-0.7136240560110634,-0.19627871658219445,-0.14565146725764946,-0.6579690342744985,0.4502246203029515,0.7121491419365955,-1.0714593574554816,0.844775413937643,0.21409555352844728,1.0854796980348727,-0.810398000467542,0.38186613276191533,-1.548892965743438,0.06427594972898645,0.29873665943676575,0.036968671001119585,0.5321571701961241,-0.3086197461770488,0.39397964349600295,0.07146338734016472
-1.6014404956988002,0.6244491089987395,-0.584266443109446,0.6478976998383332,0.15864151938376544,-0.8849701105080208,0.7394381152766056,0.48288033106505357,-0.3907181536653401,0.04226926804162454,1.4213766255868978,1.3173830424727,0.32835216213213064,-0.9772738800290663,-0.44860261210656216,0.7068639370614926,1.1468562044035173,0.015416926660660291,0.6088016008419469,-0.6458732811600332,1.0439943116931267,0.38220789528371574,0.437062581672871,0.06361529683554146,-0.3003050931333108,-0.5965315522948336,-0.018096530642058718,0.0826463245170238,-0.13388481902172053,0.05010864250014074,-0.03058192899836131
-1.2440608801423834,-0.659698686529511,-1.6498303611494567,-1.5649742265165738,1.149917080977092,1.708788378785737,1.2027728061611733,-2.20207666611003,1.5341331447466877,-0.6742385825987774,-1.67281686835604,-1.1851680914642038,-1.554926086992201,0.5363310429721869,-0.010071944185195813,0.2624133524822408,-1.1124813650158774,1.0838637172261254,-1.100518030641417,-1.6341780443223646,2.1139870302148673,-0.15801995921083836,-1.1250603133101023,0.009861062858946366,0.1720589649944293,0.177251839549067,-0.3501575133711259,0.2227150173079372,0.029428807273387758,-0.2553612473551161,0.0807318862615403
2.54208477361711,1.9212926314698326,-1.7939591308557044,-2.314475617034722,-0.2579517580920376,-0.3607364808169738,-0.8822243987241977,-0.15515335717992304,1.13833792198698,-1.2865111067664767,1.5809261323366115,-0.8417682668845413,1.0214767961166127,-0.6511709438644221,-0.26525663780506015,2.186516384283526,-0.18201743078422727,0.9967530616418753,0.11418376246445845,-0.20082761038584301,-0.9172151473419995,0.024076865070008665,0.5476196768403296,-0.32787160825998285,0.37296863957600696,-0.24124701587138847,0.3289085326057913,0.21543932809765776,-0.03061460648508353,0.7563094374956706,-0.2391459777656882
-1.3234303575493414,-0.21932914270187265,-0.9153411841661714,1.4152382121895195,2.0144913769406916,0.10925954028979591,-0.3057691639858978,0.7128700754460915,2.162872713855643,0.6746578652091203,0.15448378984824734,0.6186657408228463,0.01766352281401478,-1.050739229575669,0.6732059859185323,2.263769532096177,0.3031196677939577,-0.5221950288345005,-0.7862212427159814,0.4418311914209373,-1.102698949411851,0.6529870135700865,-0.65083253163521,0.30980022094155985,-0.9440299929465618,0.6073968641847863,-0.4662054035571743,0.33320541243811125,0.20312730700068513,-0.02259825627540323,0.2572533547425338
-3.0280836000467914,-1.1352896490740594,-0.06641866888321953,0.5530100481345376,1.4532590090388038,-1.1052265845633433,-0.3994423179610554,1.6509439483713584,-0.925182507971657,-0.07403724489326866,-0.4155889031615703,0.518960493436917,1.8016614390736945,1.3664526997184085,-0.4454149913868467,-1.003398659808032,-0.3649327280162669,0.323897786792582,1.1945228389254277,-1.3223804965689359,0.10967430961185777,-0.4169862402780654,0.5884481385165187,0.2268083065562637,0.11078362368079851,0.08372352010231754,-0.04350953658235773,-0.796732584059065,0.2647834022598691,-0.22243862857716132,-0.06400354919910405
-2.14732492598318,-2.392161495185736,2.251324801245949,-1.5960261194984096,-1.0817887731624258,0.45932365982434675,0.3646307217032516,1.5792301419744108,0.49963182373362636,1.0674073649851583,-2.056775665772078,-0.2605615779636529,1.1623088473360863,0.4467653249906672,-1.145089001104306,-0.6728817776049384,-0.5925875132237387,-0.23381088920143325,0.40659007645314765,-1.4349118848732214,-0.07887909577507604,0.7720092801497702,-0.036903605724891826,-1.4257335298828806,0.04279086939972044,-0.8261953937601656,0.2425173997356013,0.3097530601283974,0.12793454119302183,0.1999646160985578,-0.08416455961859347
-2.4574055285687635,-0.3852159400483648,-0.5422906610989775,0.7337312964859658,-0.22608653562162653,-0.014441383198000696,0.31940709720979665,0.07081699526223068,-0.6089486922802025,1.0150221196710052,1.3157599391607202,0.10683971321359678,0.14133221637471186,-0.38225955450838484,0.9486954493528034,-0.8217450471384419,-2.0953738322860356,-1.6407031595943056,1.4434018555733115,0.5607035158170077,-1.3049010268267804,0.18982435292968802,-0.16838711924279226,0.578167880255169,-0.09143468057616937,-0.5592848082399606,-0.13748969606174252,0.13188670017145807,0.1090978238414021,0.06041640131894118,0.0106141343521719
1.098149496327688,-1.4102231610781875,-0.444505485146527,1.4544753948314117,1.2439534933575196,-0.07265213842322692,-0.20001424733694098,-0.09061211533719747,-1.5349670538164166,-0.16554178946018808,-1.7536439786289109,1.0193257397904345,1.3771907542337902,-0.0622521562325335,0.0844841935206722,0.0018593831704354327,0.2395756718919136,-0.8879661261533162,1.1076334857242678,-0.3823682277878716,0.25987432473162864,0.4937408592051354,1.3310338433815725,1.416151406700127,0.8912580281974241,0.15636734414738157,1.5733155483238985,0.10055402678576121,0.07792819973305538,-0.21478602549910678,0.4476057171524435
-3.0698430104325727,-0.4319270911483101,1.6021968319701854,-3.3522351791170455,0.002294794034645091,0.5651383534323979,-0.9289538775428389,0.5833104663314633,0.8759151134833203,0.794868785693877,-2.82634241574315,0.9299941008102884,-1.018377014093812,-0.41252822898976255,1.4584756548447817,-0.6051434424564849,-0.2607951183219356,1.2147914093727314,0.4823325065112342,-1.0752423776438107,2.123829913474084,0.3531302859570226,-1.0344404472695823,0.2249528711707602,-0.13544752680263308,-0.6347750832730435,0.031885340929768864,0.1502896306133412,0.08273203943511759,-0.40992981988127214,0.055718557944344604
2.979696557302708,-0.953541281175622,0.6027234545577022,2.800805458837306,-1.4734206075157197,1.3519599969231466,1.3843272756138523,0.9717254160994852,0.9241142470680981,0.15667101442665624,2.9027404275437623,-0.24085230347404227,-0.5742436948970155,-0.3261071107279678,-1.8188028197892325,-0.7934046928470592,0.5469922449684043,-0.0937083542199807,0.4325639449747952,1.4651549190250888,0.256699689376532,0.16785733641285633,0.998817372035975,0.1546461168435518,-0.7601631601413388,0.3540000955989367,-2.1747527760691696,0.16729349348467681,-0.0588958348798271,0.6644474487012961,-0.2604358195378365
-0.2923983696131999,0.8633003904931209,-0.9896941796866152,1.2071513106494862,2.407680758729704,-1.1376604085070394,-1.0881855539427006,1.7804608814165879,-0.5530286311224966,0.3377545980490687,1.0282195367225497,-0.042960392972534026,-0.3618853780274088,-1.1374910634471946,-0.20353241813767736,-1.5366365071729127,-0.10068641655369968,-0.2285300731544179,-0.2906326799982984,0.4284158654876981,1.5591298185122473,0.0006033852570081465,-0.25960052531197175,-0.3307046724460243,-0.08817242607333182,0.31114011901564037,0.0550007601177361,0.26855020487994924,-0.16567371850107845,-0.37325084092074023,0.012201788519822787
-0.9938561233256527,1.6038060338705558,0.3426149413248359,0.7521102629717753,-0.1332839728447444,-0.6707948384103481,1.949725282803615,1.3544335689962044,-2.0587984325553355,0.43536403276085633,1.7899350909816414,0.30935635522718874,0.04297723044218766,-1.4658858144469153,0.19495024109517323,-0.34691666752642214,0.239904983655068,1.2060293546774232,-0.07451053636441045,-0.17494295928977538,-0.14825491791922293,-0.24308597659597073,0.5570916773642415,-0.1388407789585148,-0.8392982315196338,0.6805347218284887,-0.06221564438195036,-0.5063030862560256,0.2935887110174113,-0.13802515923306802,-0.08610315835862674
-1.0619493016225885,1.112310535346418,-1.5854150274404029,-1.2897217655107955,-0.8127172147495247,0.4536709449181193,-0.3356930395236551,-0.9044421702123923,1.770593104210978,-0.27630074219694384,0.6490021324991642,-0.12292289218460907,0.18127213367530903,-0.2476922633359688,0.09349217733320452,-0.8404957701253074,-0.004394167656838396,0.3785395389633381,-1.0827289429225608,1.1588168186896253,-1.6104990861489081,-0.7987032281152873,0.1022175507879837,0.5766522936242049,0.42601847339044757,-0.219067903749361,-0.22565992157959103,0.59994656288893,0.5435514215673951,0.8387821803091519,0.32827023334169125
4.473886654963889,-0.052529294224005416,-0.25801497885814406,1.5592920743069876,-0.06551670289154107,0.28346028926682476,0.8473754205886104,-0.5857882092682282,-1.146973967669508,-0.5022380342709333,-1.5115268333427017,-0.5464625354637997,0.7859731869332535,-0.25445716235592725,0.3416368528389267,0.3812972889806179,-0.04678375514990287,-1.1214802338624192,-1.129450427538434,0.7962295108674483,-0.8576268406102205,-0.6164754419847812,-0.4366642196973665,-0.6039760497177457,-0.9876722518966592,-0.5652640840713109,0.20007012901863638,0.5477996291056864,0.7037261115500303,-0.6241298192913911,0.10132050088028627
-0.887727682050069,1.8023471422578488,2.4021324544988594,-2.26796325356061,0.356063661039791,-0.912133089836539,0.19374588368856682,1.1475738626109804,-1.425447838082607,-0.43835303472623016,-0.1364322421903449,0.4395014306948391,-0.30215482106917996,-0.5914834683911413,0.007022948960429645,0.6499705767260041,0.056178765053015334,-0.23464032814193106,1.3438151813064576,-0.11874118381550648,0.2918709338855617,-0.14599151882719547,0.14417932759928842,0.11411463823962778,0.02788493242469436,0.321099581433343,-0.20842388552692362,0.5242827028157805,0.7635831734757197,0.7592837525422352,0.4413862507551745
2.4686597817757514,2.6319949185412788,-1.6283191729276374,-0.9275056870526224,0.6714937634449184,-0.6732518965684331,1.2287472503020866,0.7297459905252871,-0.8782832660695379,-1.0056312233805182,-1.62057851010853,-1.9448052679757044,1.6876092849541027,0.1823853628660299,-0.17439292933285616,-1.013582613148662,0.017810901469510955,-0.2756838232516217,-0.24336459215950879,-1.2360002731047521,-0.867325139569076,-0.059114876052081516,0.20306375537148347,0.21787573680091685,0.20590441845217716,-0.871332149846039,0.2919507902729246,0.447772277955445,-0.7694905499394753,0.006869528980129601,0.06962550989410081
-0.910042282197721,0.6918461182508789,-0.7537199537034451,-0.3396638176162287,2.3344051028996904,-1.12731520321182,0.346597579444253,-0.4136112929115165,-0.02904508607067645,0.23707013643506702,-0.051391514844852694,0.4872745309853657,-2.5775033427663088,-0.09575471884198009,-2.066583255293175,0.9014713609872371,-0.6602661811722413,0.6196290322625672,-0.4515396764222929,-0.9628069518015964,1.2075657456569067,0.2696610048143078,-0.8357069012674895,0.7495511542997565,-0.057201401669512854,0.23997949570680363,-0.17943604759303475,-0.2143649642543333,0.011276135068801022,-0.47223579922192693,-0.08983704428470647
1.3840102679442223,-1.583383636009389,0.12651040249067522,2.100538265817438,-1.3568566103713895,-0.1595044849560699,1.0189513414413094,1.2639480406898411,-0.6539581461931422,-1.9947768026454669,-0.2990909462110784,0.04977673546380888,-1.0916588427807874,-1.0119799036547548,0.48780603181494975,-2.6812864358167547,0.015288980746417883,-1.248928422982888,-0.46015816246684327,-1.201385328611116,0.006144920362201143,-0.894162903041198,-0.827305640641514,-0.33628503403511656,0.12872796005371592,-0.1611403927191063,-0.04531473016817871,0.2246549570593569,-0.3454748684439304,0.40605416630172697,0.24786782820315917
-1.2777984278322012,1.2694200850888857,2.67219931765612,-1.268828004025166,-0.029733058742412676,0.07061426110473125,-0.5113164823190602,-0.8694916251485344,-0.022073308572436418,1.0273199144620127,0.4153064413208177,1.7368102740332825,-0.5969938788402473,2.26372582977621,-0.10959876993647784,-0.007219139581319517,0.22270391345179005,-0.2038666468532195,0.9410447323022981,-0.8810909325924968,1.7038272739022395,-0.4478948709215959,0.23339813651301355,0.045276751955757644,0.02063417008140439,0.5426361930735746,-0.14019148140483548,0.7468630394663606,-0.04948322597365714,-0.3332591721473901,-0.11115808932984216
-0.5540309326778857,2.1942081985425568,-0.24153666089223813,0.19299252126946373,-0.6149384667432353,0.09616421875533666,0.17671020276643398,1.3271615629904383,2.2324201308344596,-0.3962905942225475,-1.0261516339954342,-0.09228050010967068,-1.2333182852040048,-0.9575493637700458,1.137440027701297,1.4363959969240199,0.16509861937294573,-0.0016150453162999642,0.026472177113444482,-0.015484285613607327,-0.7584486689872662,-0.20440058783901735,0.008218260884902679,0.10663205948180034,-1.3455081662837234,1.4966347540260596,-0.15738635798128117,-0.20349721391525913,-0.08622496523804365,-0.42027811385194047,0.2509025796839704
-1.4147656723708633,-1.9510677833444412,-1.663680326384635,-0.15208367506409778,0.5526597532909557,-0.1256840083188237,-0.12064045040304847,-0.08666511028536647,-0.20322173689626122,-1.5493501188832528,0.6937845006170472,-0.49424143506386214,0.8547735175474693,-1.2179129324118934,-0.21686095948489703,2.4752024796391714,0.5693625414792183,0.16939260769534797,0.3520472103501081,-0.2982860851070245,0.002383897096889952,-0.6665444395875005,-0.5619224603427377,0.9123971374372033,0.11119687379166301,0.37062508605579053,0.06873874536990604,0.5048266705208294,-0.0916052698665145,-0.01775982882380543,0.24706119967844406
2.1763696120991693,-0.9558996735658419,0.6111824771027098,1.357423443823295,0.6382350808217622,2.0416039192029856,0.5108454324936912,-0.5289002050724939,0.32310328028860086,0.9069066137951604,1.6933891565230497,0.27015652350272923,-3.1228312060456624,1.0966334844265062,-0.030103191667420925,1.3124712619805683,-1.3041984299890943,1.4342545716644728,0.19436216186188388,-0.4348595819436383,0.05187900485291015,-0.616704455739985,0.39490920277061964,1.710637876883461,0.5764452462527563,-0.856003829147539,0.5915066469385045,-0.18701553651005248,0.13365884037416775,0.2595195396403745,0.23732153458035565
-1.7227320981389065,0.40019510588634105,-0.2508909875188839,1.3551694806429717,-1.4224254769191205,-0.14249209254872658,0.24889203347974326,0.8700828999455835,-1.1284327251277257,1.0213632061114222,0.551584293436491,0.19528927942496535,1.8647217922078883,-0.6528360922649395,-1.408224684445718,-0.13897826742418004,1.6523621239542474,0.06037229324104528,0.0593575988099439,0.3721948202599286,-0.17165560994161377,0.05054990515678892,0.6002093019793379,0.3861879023736687,0.19210827534233405,0.4136568347390573,-0.07046083297142716,0.2491821603116249,0.01212729966321103,-0.013718933143545206,-0.015965924093842634
3.8462307184331204,0.7424969583262161,0.06337001022842956,0.9642639207601366,-0.01955428380044533,0.439291832196812,-1.8024633908427619,-0.7171237468133377,0.2852678195511058,-0.9240499236620907,-1.408061695068423,-1.4105802912682601,1.856275416471434,-1.0546174115211562,-0.2120794570908698,0.639203294503286,-1.181881055480222,0.03381278947926301,-1.6727781591302164,-1.242003441695699,-0.5560393322670341,-0.1491758082466639,-1.1086492883674532,-0.14726162100575121,-0.6148625597545059,-0.07528968067211775,0.3591003184731106,-0.10758439212707945,0.43291359611128427,-0.9232069098499184,0.04288840049149187
4.315964823861,2.2069523207892128,-1.5536946687669135,-0.13639408030237832,2.833726920944535,0.7695533462009311,1.4203614417062136,-0.32199663865986977,1.3436294794705665,1.123913357994224,1.1649734171569621,-0.15670610985822395,-0.10717590643490735,-0.9736919480878163,-2.2653000116009188,-1.1593420344953231,-0.7028595597834659,-1.2040598468176253,0.924717153045805,-0.6664038190400468,0.9072704370133958,0.46565024887968615,0.5447993920724048,-0.005832886628413775,1.8467384850070183,-0.42227362307858013,-0.04001691471156307,0.6704318897293459,0.08605529064599893,1.3354681280436769,0.1399205243400995
-0.6588113353147227,-2.1766114397722247,-1.6254356119804656,0.2906464350703885,0.5008577957355197,-1.9576164959273876,0.6854956091573661,1.9094693249902237,-0.2824153364104024,-0.9631172588086016,0.43587754929598976,-1.6074876322593952,-0.9778574088510332,0.9940068434914883,0.9155714833618623,0.43466925445646243,-0.1216765638392424,1.0836084344041121,0.39827576968115597,-0.1877768021097897,-0.28284031683295285,0.40614815315756087,0.22649900703113818,0.7187272089836125,0.06880824259801208,0.13335766512441813,-0.06527830907398267,0.4990224426250255,-0.406178769896265,0.003423880792673793,-0.08753665696099974
1.0493854629841197,-0.8036198783551624,-0.5355434803583914,0.3897114078600461,1.2842111576993058,-0.9400208946673314,0.8675729945263725,-0.01655851088969838,0.32776408603522955,0.605370819370558,0.24690689243304692,0.5905037663232372,1.6405735557683931,-0.05968220139398047,-0.21998075100505773,-1.6373501872670597,-1.6781122049917652,-0.0018447666915864002,-0.5150959856303217,0.11724683291248231,-0.9474212963946282,-0.329712454497864,-0.26735766986531756,-0.8651308531028785,0.378240340090817,0.3193060626309086,0.1667370429015333,-0.5088569670642542,-0.3060792845341005,-0.38284740632353426,0.2592566193749349
-0.3338319770083176,0.8062519606487023,0.17617308986770522,2.0702665664248934,-0.7907501507500012,0.346705450339754,0.5944710451510791,0.9396283615647804,1.0542191697390355,0.7076541077036389,-0.32152688459402573,-1.2334718705980219,1.025059154488494,0.9272949931655977,-0.5826216549314871,-0.1789452309692221,-0.12821692300290338,-1.141769484375347,-0.44764440533589434,0.763104272534466,-0.8684796748014914,0.11340663122315825,-0.36209999832964057,-0.25524299514670323,-0.6608911809461354,0.3737512649619927,-1.6566763565167197,0.31887176241423537,0.30258159171989063,-0.11056392685726589,0.23355297873006667
-2.2730995542188874,0.7700852774880618,-0.5528686855934408,0.3245030536460583,-0.9250294718690366,0.5746023396725263,2.353401820667438,1.5182697049505993,-1.3010372848824074,0.32451565195417076,-1.6462852080207586,-0.8962436003254767,0.5261897113433147,-0.5719123136932039,0.2488699606598453,-0.4710778544130841,-0.4057943634150012,1.0307055808888004,-0.3774088661741944,0.3639402693794854,0.8391953545635011,1.0032792234151102,-0.8846609244283419,-0.35344078614107743,0.03917965799007319,0.2557041532021766,0.08229551192831394,0.09735690480516983,0.11457543359003725,0.2454061567065494,-0.25214042625246796
1.3980247143831124,0.9867691442324746,-1.1526555652787103,-1.1165744941928748,-0.5343965099800579,-0.1727549275160777,-2.38362102571439,0.6207798924167078,-0.41558064764264935,0.2227039526272112,-0.2955726478173724,0.704982145251014,0.6492189392083313,-0.14547220545752743,1.2476958303448007,-0.7152552261154097,0.7753560900481504,1.0478324768524878,-0.10230309251433273,-0.09295537099025857,-0.7175110540604208,-1.5322765329349737,0.39429754236820347,-0.6485903729310895,-0.5415789371588383,-0.08160491394469985,0.015301434668347626,0.05158178111320761,0.2487549802450189,1.1532800500469274,0.3721930755985276
-1.5406854794478355,0.6954530752547757,2.777471603210791,-0.6934840154814342,0.9163416206352243,-0.3758214159007132,0.799118225530815,-1.6538015274971316,-0.4369072332267078,-0.18663554414012334,-0.2764757488807702,-0.5825824722611345,1.2855875250967999,-1.0467345884106711,1.4373715902335789,-1.1064740251499656,0.5292765297645283,-0.6539196033804214,1.2702703794874548,-0.04350812615569151,0.7947684623074354,-0.6493765782738896,0.6737847016840697,-0.5385137147634178,0.6682357525684411,-0.7619915934794991,0.195882730441109,0.5809232770001724,-0.2669276379081772,-0.06468562066618577,-0.05977893114857685
2.5294419999410636,2.1232862747887005,-1.2369996600096698,-1.2854363038605123,-0.3688714181031747,-0.9538331219244038,-1.8906410741883957,-1.083056848756631,1.647281114913434,-2.6720862123202926,0.06324182112271605,-0.7380815647341165,-0.25855033851713594,-0.8276985173442026,-0.40563915882368284,-1.150159352933581,0.36597238206858085,-1.9102453661540522,-0.4727422086728823,-0.3614180273083417,-0.846160033525913,0.9608647271557335,0.6215911783004361,-1.0513653155522384,-0.44868211834432603,-0.18994697235013044,-0.3192876006538755,0.2174415896795311,-0.035316253960617654,0.9948740041828609,-0.24697643616429688
-0.092956751759561,0.9684862781069775,-0.2869445174615376,1.102382003777409,0.850389763932833,0.4736130690102516,1.2899205539761869,-0.8121980439158171,-1.295085019089878,0.07215940753894702,1.3820534326617644,-1.6354322875419716,-0.24076405011612467,0.7392971322350325,0.6433413663738993,1.2740089086026132,-0.2229710088124475,-1.252562238339409,-0.12598937894181544,-1.4693426609647866,0.5685619347719618,-0.8616724936541256,0.6572572043944996,-0.4859715218952425,-1.2126863004228177,-0.5516075496136552,0.38321243025627577,0.6338177144680938,0.37252935835666756,0.6540659851490844,0.24182617534184225
-0.8128773874203835,-0.8563578384024695,1.6347040543479399,-2.5269868025146143,-0.7899743123739538,-1.0117992630231079,-1.966050244055944,-0.46282684478127334,-1.7591224063819066,-0.08191509064698019,1.2926126633698238,0.882374055410604,-0.0035350568817683076,-1.0061234232123932,-0.02972200874134673,0.400478630468712,0.2960132403137656,-0.9420812035805536,1.1075684586725332,1.2577416232327736,-0.7558969318172198,0.1203191877293695,-0.5591872158751112,-0.05907542617275094,0.0046570012453422014,-0.18360184413030556,0.3341022682677993,0.7587396072942587,0.13279657542405762,0.1750550394341921,0.05381907122818107
7.083079394097835,0.3869990566735686,-1.371536994572034,-0.6346331711832113,-1.2215988236056352,-0.02598992164826746,1.6128700460517167,0.09847394500257534,-0.8248661686066409,-1.301850283258247,-0.6672102374127745,-1.1653191205351243,-0.6171421824659434,-2.1919810942081255,0.9046256580187029,-2.7092427822563785,0.412439796646477,-1.3761242118779218,-0.6520743243616323,-0.8403160093105922,0.1744758437986034,0.03144041957717206,0.798876623070715,0.6114761233312405,-0.6063839867330345,-0.2410181468438234,-0.3649386225644576,0.4353926387168546,0.5962978356369725,-0.9762729562444752,-0.044617479854050415
1.2737069770125697,0.8943734695501072,0.2108011478697713,1.3087410324095397,0.29356999382735416,-0.40008206942479657,0.3974172824669059,1.1313950566689546,0.605826846758062,-1.1657911047019558,1.7886340744753595,-2.011958887126394,-1.3643245461648879,0.618396967952447,0.2034355994599584,-0.31343843611153693,0.49286288974878456,0.740239975351116,0.2867474676292891,0.9157731882303028,-0.04920131138009303,-0.5245671299245113,-0.09288361999304323,-1.500033510425319,-0.9724531265107739,-0.12794565138935562,-0.16053982838195988,-0.030685923584158774,0.03336115193096966,0.4430013428151026,0.1736781921372469
-0.13990103198752138,1.3995434807204674,0.45242833678064015,2.4701952133712077,-0.27664510358357464,-0.32431107589792707,-0.3744599781694303,1.1453722035817102,0.6186289537235128,1.2917470275436205,-0.6152172212216845,-1.2652143887712715,-2.5680076210318545,1.3401736214882036,1.5724318290913706,2.8858190182873953,1.5821512308527437,-0.5769527851267612,0.27605540404165224,0.026403164713721,-0.7627876786644918,0.7665638653403627,0.17850285013529113,-1.1518938732385864,1.6666245546320901,0.4821484419260214,0.17731887677069413,0.5107438180347719,-0.4437304361422082,-0.26658648480299507,0.13095065798156322
-2.3035482380563272,-2.9173317453268046,-1.2030220368581501,-0.85617939693472,0.6465810125206628,0.8155674038902384,-0.2705036444757827,2.631366602021281,0.42772134574886955,-1.6223581578730042,-0.5489731740365525,-1.58884913481511,0.017007057302863716,-0.3673714041953267,-0.14151778598798084,0.21463685087006476,-2.497765235843499,1.0580441720665261,0.08109393075911177,0.058997958734866685,0.19582293777941048,-0.1506606546923718,-0.14713883454265822,-0.35159306155047454,0.23852523529065653,-0.10729211625904886,-0.2652963235441001,-0.41976239923555725,0.29092601872010404,0.21962187468306255,-0.1705156629086065
-2.5180942942363234,-1.3902952853405306,-0.4538767142600701,0.3541747177984432,1.5016980157754745,1.341553442289492,-2.196995428794589,-0.09363133936132435,-1.544806459154795,0.3699899159458973,-0.5735494417142238,-0.09112943815565705,-1.0547813963264534,-1.5653174226002846,-0.21408318453815461,-1.2983292835299902,1.329500400592182,-1.4940852252210868,0.5040174743464769,-0.10905996876736518,-0.3903168816230372,1.255440665289439,0.9485948620764101,-1.5096157116276812,-0.9849880975180775,0.19796056110723595,0.41591813959544827,-0.5631988757340747,-0.038081126869923924,0.13018002436774856,-0.08373244052203938
-2.6019570106143783,0.6720068091839628,3.231358041205757,-0.8576212329069262,-0.09815296092590951,-0.3957896315082726,-2.3977679137368595,-0.8348269830813811,1.7542944428371814,-0.27043048772568246,-0.42986211407515307,0.028611449913747852,0.23031956719042668,-0.9790817969781151,-0.14334465039424052,0.41647752008776284,-0.09060590213872148,0.8951382969591141,-1.4454104015526028,-0.01788383266002428,0.0626282640838841,-0.2743946964232553,0.7393817501298904,0.038519290867222916,0.3618994243171096,0.5293869045838029,-0.1813765806556167,0.17786698602754153,-0.13966363357539735,-0.4599813366004779,0.04201248763643671
5.125479670890098,-1.0948509294850688,-0.8116820686133452,0.16235012785483668,0.12330178441823865,-1.138346302515888,0.47748562870576006,-0.27575301577954514,1.2226805867447907,-0.6298854724833441,0.5677264934135847,-0.3062744513431278,0.38316754117148466,-0.9429319457975008,-0.5945113253338786,1.2963417762699758,-0.13771238301159175,-0.47631094195866486,-0.4674982621200394,0.7663567648652977,-1.5838030191347374,1.0899601733489768,-1.707417963102466,-1.508270176463757,-0.4006325323807952,1.307535130804022,0.6792552875309636,-0.27088010540096785,-0.5095373207512658,-0.17674939897063463,0.04215526671506518
-2.186042496838507,0.353504279390502,3.8002453040686817,0.5831935881810473,1.6950869333719998,0.4236203889577248,2.0202158474992093,-1.128763468946987,0.4028566007847953,-2.8007095796467096,0.5216682203720395,-1.1330072748612514,-0.8686123428183277,-0.1415577266745618,0.5934797672800148,0.4209865525732716,0.8225861100021321,-1.2102288528766025,0.15322326060151972,-0.20908474151288747,-0.255295473528864,0.5340706052649975,-0.2827084560042364,0.36817403405105503,-0.5137587345287163,-0.6585410029188671,0.043070667047717406,0.4229543529435295,0.006534601784128494,-0.10118007062211609,-0.06344413388558444
-1.2769238414512716,0.8740436499378128,0.5432944898899434,0.986256052749445,-0.8712456319028319,-0.3417186713946014,-0.6485721540138204,-2.5862753745856915,0.8436745367915318,-0.7611356852024319,-0.19082187513013749,-0.8471636467515461,-1.781043972810007,-0.49165614170823246,-1.7343107777491948,-1.358903598825367,0.08709473697150222,0.8794828135197958,-0.08832093267177146,-0.13301694027599664,0.37162979501843224,0.13759457360986538,-0.5947492083629186,-0.0004776876496742912,0.24045206017348678,0.2844836026856989,-0.18576566244571377,-0.09691817671036038,0.4149847234757976,0.30153092928762615,-0.048184918809454955
0.5141362494369848,-0.0825161695141901,-0.04541688867868565,-0.4627095463595395,-0.3096708609244074,-0.7462838283352315,0.3627739146503025,-0.21051563718483687,-0.4766420689808805,-0.062264883305761395,-0.26863223488052146,-0.3187014049116308,0.957724741055597,0.6387640128237672,-0.5930993443892887,0.8770173065267803,-0.04153498004057667,0.7802622485809166,1.0337806806645102,1.2263402348177672,-1.9477350899242265,0.4496724167186485,-1.2529647078040251,0.0744443249573545,-0.8467186693877305,-0.5505235626003883,-0.905789113878854,-0.9012699718939382,-0.056869747478832215,-0.3690509136577918,-0.10612204176741163
-2.2003597783885054,-0.28369023539216776,-0.8063409584854523,-1.213238701274834,0.006674126828271589,1.341013537615644,0.9670815106709054,1.9621208918985729,-1.1345758263162522,1.6830599057239952,0.2905589835176487,1.3405444093910168,-1.8155731332348704,1.9727257849094497,1.0042816778659864,1.0312979298586429,-0.24668384548418235,-0.43976230938751487,0.8217728437068993,0.8254200610346385,-0.024101259148678802,1.0174050560689403,-0.26089277958103413,-0.3115984251099857,-1.2626486218433715,-0.5065053958639786,0.12376526449928885,-0.5016089166231291,0.1792674801754693,0.11619463394351233,-0.03305358919408099
-3.5135501703824006,-0.22463896435269037,-0.6807843300310694,-0.2597184380035964,-3.4222436742858804,0.08033046386023222,-0.9817611471465045,0.7232572366705072,-1.7858445211363259,0.20037146521916818,-1.7829687529514937,-0.401394858495465,0.6270476921823613,0.6322538313117803,1.290437207303918,0.8800980547308721,-1.9012854068922997,0.46347105087944146,1.321905028111484,0.8860910388778253,0.10750424576702552,1.2662375211957735,-0.3164076473361283,-0.38894681289173694,-0.014776554892880015,-0.7180972327066069,0.06495676038223903,0.2588527545396107,-0.029313319200397744,0.02456832894630991,0.0686876280257433
1.4997219245876523,-2.2645876210285896,-0.9430481256975685,1.2073422910311995,0.6901496729698269,-0.27185299228543724,1.2171916012691455,0.5532845507654868,1.2128312083658739,1.311748880953085,-0.7853798677130648,-0.9717541168429152,-2.538358202724969,0.8575048764822132,-0.8362858361695465,0.6419532878412599,-0.030955601871903483,-0.9351701520610254,-1.1978139809836026,-1.3590373670418388,-1.2972023889095552,0.6961985498493697,0.10534516269676078,0.8737663866810625,-0.7158650467750453,0.34637899668399974,0.0013624284369160408,0.37919937706651957,-0.7150839715848512,0.2645303623765517,0.22381360067153508
1.8002194553317337,2.681876325120194,-1.3621437728462433,-1.1515043665169704,1.8732517639070239,0.4707018075742594,-0.5710195196998482,-1.7248070387294185,-2.2299808473116935,-0.5167144018879117,0.2551793346365377,-1.663025599264866,0.5688450145198537,1.9207736209959168,2.0366327020863935,-0.9346875473952005,0.6002203758008144,-0.9660240172586505,0.7251477296494101,-0.03607311300969982,-0.7618831010307288,-0.47448716138762237,0.8901992966922329,-0.28180154597094126,-0.5062889473066505,1.2048514418180312,-0.12326875478102144,0.5234237134661363,0.2871268892510718,1.1554440035348845,-0.031460441188031416
6.07467832977228,-0.5975079219551549,0.40272027832794666,0.649253710961537,-0.7241923915959787,1.1838010813759543,1.2766800094556927,-1.0713800579451307,-0.5978069949227824,-0.34953017765224137,-0.12963893104743476,-0.4754306788801576,0.09163310500633984,1.7942332017325555,0.3195091089438155,1.5591216031059663,1.1013185446312213,-0.5392343546830047,-0.6939514129774088,1.1629101523447498,-0.28953491690452854,0.7802591706378295,1.961214412457503,1.5377754387103366,-0.0433364738195887,-0.43721546916446724,0.17757144150846244,-0.18851637474044644,0.867252498730985,-0.5784450480100416,-0.3145445858072646
0.23923905766144646,-1.6753557378483435,0.18815858118509377,0.8888791183245162,-2.336846514709576,-0.753317525575632,-0.4321279463265352,-1.3118235488402215,1.2794517401305465,-0.38805477180290354,-0.4192153228118811,0.022959175369377912,-2.4339978651011758,-0.7908548311347252,-1.033358278607234,0.19477542651372237,-0.5334429892935704,-0.23071113633181034,0.7030694149359764,-1.241902264872157,-0.23528662536772826,0.5411217918348351,0.4750720811022476,0.051919221380207575,0.3298398796003206,0.3103898883645702,-0.01955593915859657,-0.00376863075198306,0.41214135895169896,0.5180080442134513,-0.14345571580643215
5.028697113452863,-2.0711460107517943,0.16069658693927483,-0.16460080746643546,0.9963406582149388,-0.3306142967841246,1.3429725930501042,1.4289153149462257,0.635826459287442,1.8371400532687607,-0.6762157064370812,-1.8572737708696891,-2.1277199206869417,-0.10282904100146015,-0.1866007288562686,1.272459043940213,1.4413691195736735,-1.2196370697696408,-1.7676857438310578,0.7563978763943707,1.2805440475674832,-0.8339079846946164,2.014255350853989,0.3607109011891271,-0.6942718911285862,0.23176157181326407,0.150117948034729,-1.2260688231895882,-0.4932847995758517,0.026821600193006175,-0.07634698363850281
0.13100960949104415,2.729641901377777,0.1890208184633706,1.4609803335683713,1.3590836950717184,-0.33061580352542813,0.16883899514145095,0.16816002293983742,-0.28146170550607513,-1.0319229140006316,-0.8749233078067448,-0.19983853971600873,-0.10903270328947151,-1.042438292429401,0.6192577806622858,0.7929867891182737,-1.395099696752085,-1.1622799252739573,1.522231573667666,-0.2098400018361138,0.7143907109427265,-0.17629135346942895,0.633385672774443,-0.9489588404236977,0.7077712007236472,-0.4565200457133233,-0.8613626240630241,0.27946641276883716,0.4793155439239319,0.3998517795327342,0.1767840372980528
1.711777028621642,2.5818767985662983,-1.4751256180892272,-1.7755383917180962,0.35655704451218706,-0.6086604432977353,0.786861276281721,-1.9291240832204575,0.0760261270958605,-2.3179318943990497,-1.8564592747230388,-0.3183559584167513,0.7286145211370721,-0.5543327502914862,-0.2677882924700865,-1.3353864314738426,-0.15591294593415453,-1.1906068805595587,-0.24531053201862296,-0.5729851325920172,-0.5459503074585211,0.13169878628357845,-0.43746300379054837,0.43710801672739397,-0.6397092937784145,-0.5892222435028819,0.4015562655814972,0.21205012874181633,-0.06987720138707465,0.5188467436134515,-0.337339417762624
-0.9659170922492095,-0.939734795142387,-0.19657947366444847,-0.31195381282735063,-2.1705445336968294,0.22695479542620556,-1.315912719300597,-0.9620767978534641,-1.4460290488952559,1.0292034073228131,0.9262124951831334,0.8118517252138222,0.21125623307325916,1.1145040248356568,0.4874664190913754,-0.05210829873635829,1.8083018620988214,-1.3130837432998652,-0.01936230761307532,1.3478891987556905,-0.49921129618668303,-0.4444562105340551,0.7819415079478128,0.47064496903234376,0.29056066056298513,0.3906324942906666,0.12946850574845176,-0.29565513857316467,-0.14107593917234454,0.0932263423235432,-0.3864321477742962
-0.3888856970455778,2.3674318531438194,-1.9628025144875725,-2.033082786471209,-0.8648709764611037,-1.2954063252854133,-0.20351048795493223,-0.2706330138908578,-0.47622781358900185,0.33903046584008767,1.668776223996278,0.8505905794709141,-1.0889798631596739,-0.43961255684073786,0.6746178084740646,-0.502017492543524,-0.3770712955506032,-0.2995618090832387,-0.023365782480939037,0.5678341549736617,0.6777445398807384,-0.5141323537266429,0.8652532082405526,-0.44107090034343943,0.32754202060716514,0.3988947781851811,-0.10617803743497094,0.6603093946288824,0.30175681371380814,0.286904756809909,0.3135040915293742
0.008429688983485258,0.37437901918950156,-0.14277735350934223,1.8390883140614618,0.15127196624007283,-0.45055272686615255,-0.12396730252748811,-0.3328208261496847,0.34153304582751015,0.03898338011686466,-0.8380540711530582,1.229465669828925,-0.4661863187348707,-0.7232254533695321,-0.7375692374398224,0.23994283392685786,1.1950198052787109,0.16573150246947188,-0.6070090121782735,1.933012858264838,0.17707158781121293,0.10757738138343853,0.49279046064310206,0.13618862671574858,-1.1026113139606786,-0.5983095515008061,-0.9658151836441081,0.3743133450043185,0.14219079666563805,0.6855446842667424,-0.087866721030611
0.22734744084571343,0.30404363162459164,-0.44197760070148384,-1.0954166830283556,2.33150296007322,0.07396772854085477,-0.687896271659233,0.33902678498105676,0.5605167225486163,-0.8756688698710162,0.27251235379998195,-0.6375522329711464,0.18335115297573237,-0.7082992999860913,0.5031705452424555,2.0960683843596275,1.2589305061986509,0.14097458064684426,0.3478584884403878,-0.09288344721079622,-0.6301178423550007,-0.33598343235670775,0.462601868461998,0.13965603901666132,0.11299297432833653,0.18449177817044626,-0.1528833507877335,-0.9954521330619793,-0.06043184441559892,0.2356002894462486,0.20108702340076556
1.420317573892533,-0.6050746200536279,3.798768286581719,0.12630064431610616,0.3250265609957983,-1.7177830382067547,-1.4343913035738516,1.1591126690566151,-0.05673018695367017,0.5089359369091567,-0.5681777586129835,-1.6128621562908534,1.4670304924316182,-0.7073490933557175,0.8519824016655381,-0.728020967299636,-0.516566445799632,-0.4181803380009829,-2.7001484335637453,1.1065408072226315,0.509303486704037,0.09457172160952415,-1.1035477399279143,-0.964173454317877,-0.8485553285607972,-0.23476541720479582,-0.03736266485325234,-0.28430167352504077,-0.03239232656898667,-0.1432718466068278,0.0027147397392913598
1.5222605383232457,0.043781165775882,-1.3544436388356376,-0.8799782248413726,-0.9273092435259402,2.156380124702834,-1.3614742490458882,0.8645246289473877,0.9254294791432258,0.7269910003824628,-0.6859399891334595,-1.5992625226578825,1.2146696613955508,0.5582030458478873,0.3210879686163823,0.5966616680577429,-2.31556606919196,0.04355155212901831,-0.2543249264590678,1.5256065771625509,2.0288395126636405,0.7177678060587682,-0.5645951307930894,0.6272864352297124,-0.6087731392846287,-0.012415424904913996,-0.387160713195872,0.0579606522168677,-0.8298956073095936,0.2609422702229603,-0.4182079011694179
-1.5478434967766483,1.3319239821615907,0.577207574764798,1.5495488230418828,0.2441706750779717,2.3015887364745273,-1.0479189713637544,0.02764656498532418,-3.028214743468168,-1.2048712524578935,-2.591818796194781,0.6410215711335604,-0.12515643592717265,0.5111855820313891,0.20158612933104061,0.33873044390106505,-0.9359290500785977,-1.357071148821899,0.9205838634840245,0.8974505760247274,2.3435448069214018,-0.013343681762917694,-0.2122912694120074,-0.7001270432685366,0.6997961486546088,0.14704708716836307,-0.10747941160680334,0.08402539361912166,0.011339688678085408,0.019334536890509794,-0.22694094456674344
-2.314727103041485,-2.162538260847763,-1.0833350468789593,0.08119484676710026,0.3348719010497115,-1.275720471258513,-0.7128935840553443,0.47772573720038225,-0.5147956533587074,-0.2463016513720672,0.747155121933434,0.7462000526832828,1.7680994651968078,1.164787457019541,-0.8666043114657652,-0.8782230258323778,0.22256954965939366,-0.2077590801873232,-0.6471965600059647,-0.7418671274949319,0.48119852697633225,-0.5791805586385733,0.6952122137730198,0.07771471083448768,0.2402461659317783,0.02868238254331498,-0.05025813630615859,0.01113625693671889,0.13134721403246738,0.014234195273679195,-0.1930276544321265
0.20911467718767726,1.5288236650202325,-0.7228343523675393,-0.12064976969456168,-1.2315297884499923,0.6754177069418614,-0.7640653515261109,-0.36569194025443,1.6448930876992653,-0.1595160469213293,0.4973002732940401,0.02709658023832663,0.789158402336628,0.5863085599912066,0.02818594989858924,1.0921706932335942,0.4776843598817234,0.10327024363545907,-1.3171499185723656,0.5612126113669328,0.03022391082831777,-0.22982829616204875,-0.8811187537944758,0.6011923426464599,-0.43383391420965206,1.226191687224321,1.1748402249467398,0.30444602880148836,0.16406759696980966,-0.4860779773718337,0.42270857567152553
-1.0590620009501066,1.3461921463831996,-0.9579094651811599,-1.1405836860034344,-1.1446843149411239,1.4929337246691223,0.4104233283957447,-1.5377180456470114,-2.2392328149397582,-0.08532457127303476,0.4319004989357524,-0.6438575859652178,0.44975260857850713,1.8926204786502236,0.022898681002592007,0.3936517240232242,-1.6624869284406136,0.3672334541219387,-0.9465628541748194,-0.5869090028407064,0.22079141299576469,1.4834804284101848,-0.3461150360637932,-0.18429649628213476,-0.5674598639707046,0.8281929762630074,-0.062358237717822715,0.3048995354711192,-0.07621199244799097,0.23862100055244173,0.09304889903745749
-0.18045686629277127,3.7783122635131905,0.49781544389252563,0.12065613818403792,0.05595483839644454,3.7484275687159774,0.08231130691950804,0.24807127696852635,-0.538781917163631,0.8029498217182155,0.32317562984831366,-0.2797856327532787,-1.1320349364694813,-0.9957987087668864,0.412734652718824,0.20595589122662009,-1.5468583324134217,-1.4328686455041124,-2.249891676283441,-0.2703029428232554,1.0686551681470624,0.8204648761501215,-1.418291845137052,0.12787807798132575,0.6175316076762255,-0.9406245072625227,0.06293542679183303,-0.34029269847228216,-0.24768699235515898,-0.2602599222259646,0.17762902971803166
-1.6204336159714194,1.5039579144491784,0.5764280137983483,0.5410647175632045,-0.5012499647165537,-1.1266295667718211,0.6028510025644455,0.40635739238923124,1.0131344913497298,0.46107127608288984,-1.7208871194592714,-2.119854874925275,-0.30409943905530906,-0.029451339301715923,-0.5569262841164133,0.6414851460965014,0.013435101938396914,0.8118563926221486,0.6675001544024741,0.0609046589915042,0.6782431390199792,-0.1948121963783351,0.9425758181005891,0.027441790164469876,0.26220508281816524,0.34843570992608974,0.289955809845032,-0.5859291154560158,0.2235699309755758,0.02367466466572874,0.013641867453003028
1.3810338903855388,-2.2138074457169736,-1.141768526929354,-0.3776820126522638,0.18266942037108155,-0.8686030321843744,-0.5891476235575699,-2.5849176020369318,0.35199318665421836,0.9625808498188168,-0.996018977342664,-0.737534003072114,-1.5535865525648958,0.20554096095868662,0.4041144763622755,-1.5786543669758177,-0.413745716339158,0.4114945814848071,0.5012135851655048,-0.6675393901749833,-0.6976353222800957,0.896429551873981,0.5837497656982535,1.2808022357512532,0.32955761078448803,0.00822584821467787,-0.7789531172319214,-0.0855602209363439,-0.397048070304308,-0.18818800716872836,0.018428046158375934
-2.7002512078386376,-0.43884668364143353,-0.28196643981428493,-0.6347185694182823,-1.7960864388168933,0.4128553880720297,-0.22897178065239007,1.2731532544913005,0.3095942794371743,0.03369177734453431,-2.504712773591542,-1.6632866736219027,-0.11314693339622262,0.8017922068350095,-1.820477325737471,1.1333370220095749,0.1520107617641549,0.4533308430604828,0.9283977186130038,0.0034010490505227992,1.375763962454987,1.1819239392544456,-0.7138836622012562,-0.3807099999311052,0.2010955949375202,0.11884495788721595,-0.027491119673850952,-0.508406713490805,0.06375138130703481,0.15762247728379103,-0.21813583155368882
1.447197963161128,-1.2172470654208911,-0.7720406778131114,0.29152896041894943,1.3314392268049124,-0.7652141606927144,0.35610159266611763,-0.8232068989988456,-1.2241706086957886,-0.41199617292243873,1.2311611546980181,2.788244839921019,-1.1221748208405715,-0.30422473476719336,1.0051919624464758,-0.3187058599965489,-1.1410628258786848,0.44749916352390906,1.1075430178817012,0.22773678876772302,0.011318878795247957,-0.1407335270558419,1.213580424746921,-0.14641403943013573,0.06142486451396464,0.45297961922974816,-0.10647369183213443,-0.09488641860553382,-0.23468766097696628,0.22348883647170986,0.21086927769789376
4.880668255594822,-0.11944907929894565,1.563046863016293,-3.755599723478538,0.9391833532084958,-0.6292027090910998,2.4766464715567973,-0.4050206439098444,0.6450366548418054,0.2881764209796861,0.3357590428342607,-0.6975881354169318,-0.390705971907802,-0.3385549576851378,0.5984446213432105,0.92057252554523,-0.04100797118276001,-0.9640640155761969,-0.40371069271114657,0.7253183968986316,-1.0584550967878328,0.4885221079275846,0.788512078206158,0.182239682959885,0.5183984438717567,0.9725566463436657,0.23656647998402175,0.273117409650147,0.16561555775403058,1.406614867216843,-0.4240795084268888
1.0210344821638153,-1.257125966402574,-1.2581649094553595,-0.6922981322594893,0.2682758587785313,-1.1485092982350382,-0.9629229292237571,-2.1315926345333702,0.43842150017532555,2.1382750610728483,-0.1621199399154881,-0.2560084617736119,-0.27213862231859354,-0.2862545067753773,-0.6284662152831687,-0.6883794138937762,0.8060266131553087,-0.25731021195797504,0.22202979764118191,-1.1716559585750317,2.166774017475474,-0.8106829879336326,-0.863071960273073,-0.9078515875646878,0.16959010232830024,0.05501177838211528,-1.3615947512543218,0.034987751343123034,0.5050984767092656,-0.2843667868702377,-0.13904584969078224
1.5680217214266652,-0.9436393955901116,-1.53837444845008,0.1915781075930229,0.6830810881909667,-0.5512395553702256,1.3168041679377467,-0.4196988314399568,0.21347553252639487,0.6899306803071947,-0.14306172528973846,0.6160058707303955,0.6314113836405594,-0.32901040028456335,-1.0513128855362566,-0.36106792782304814,-0.4835378698789043,0.40483262367524037,1.5600617239083912,1.283142780095375,2.138336544931607,-0.6880257020586401,-0.8015809093071776,0.7033016371808739,-0.7830527493313286,0.543943497947401,-0.15968289304665698,0.43151931021438866,-0.09255639204852566,0.27331554095897587,0.17271722510642776
3.9935803347889807,-0.4210002398355453,-0.9544856228097021,-1.221047109998546,-1.123075768301393,-0.8055851288891572,0.8588388168481981,-0.069934799192529,-0.7687479322908616,0.10636288959686416,1.3661289595573365,0.004968751969067644,0.2977940532608223,-0.8650180609963909,0.11683557374952182,0.06439079091072288,-0.45102766286868823,-0.3607301712113053,0.7621544144372052,0.06664342030716564,1.2533212606210324,0.04312962510919238,-1.3651740358458748,0.11883505818525092,0.045883576459050675,-0.5525802836023439,-1.3554741386046554,-0.3391517953339703,0.1704983220051778,-0.47248113313212675,0.23941225334731397
-0.6625426197322962,-0.08552214084599881,-0.05501168474874757,1.528800297387755,-1.2148117460849879,-0.4857036595078008,-0.9884655491549916,-0.17806904229386245,-1.31716099743819,-0.5042079651227238,1.562438581901607,0.25203297281034004,-0.15136938334123948,-0.16791244911241673,-0.5134498947234891,0.07088410831044427,-0.8854236004687375,-0.6634496155443111,-0.45596536185524505,-1.5370978324680828,0.9433569863670809,-0.7530405607942123,0.43089748316079796,-1.0815571903580017,0.19878049884956892,0.37887995132083724,-0.7534329740843083,0.4523896261538985,-0.15197048878715888,-0.19776241460769645,-0.36806197316617273
-0.5906833568025334,-1.3894133667089645,-1.464112175731353,-0.4968471633330028,0.557935699267724,-0.5509684916100089,-0.506638834937456,-0.7043419017662924,0.9289262254127547,-0.11722254593121127,-0.7352048706965444,-0.04225570836532059,2.437161746865289,-0.8608852433540426,0.09462343775757456,1.8717441052009063,-0.6432905703752663,-0.15189835396727272,-0.132317890200071,-0.13264648318608163,1.3835684844649891,-1.277680434572383,-0.7778383601072681,0.3107102746444279,0.3073426109497416,0.3554712497437244,-0.10339243202487175,0.14347585547594793,-0.023870550054036557,0.1068752095989897,-0.08748617845909937
1.6968845106092572,-0.9277211689675073,2.70350187730328,-0.48880004198998556,-0.34705425220224445,1.0169689591596145,0.1662162739875031,1.296658176037547,1.1389226162388457,0.8629615782489655,-0.16412091031167442,-0.3694304954493945,0.3515796475825875,0.057703164180525755,2.0158820702529865,-2.0023375834560206,2.104855540808279,-0.06074162524223723,-1.1222541146873304,-0.6856697581799117,-0.40980230834355413,-0.7435676730671864,-0.23873378476696075,0.6090238110764733,0.1379893808861038,-0.08211622750836918,0.41925822169072957,0.3321299312801247,-1.0104179213401938,-0.1948664179519396,0.45546686437609385
0.5667304946464367,-1.5424899750559848,0.20642788125586606,0.6834475326022229,1.1421477536638032,-1.3811759272180446,-0.31545797787428825,1.4208435932783927,0.03509371825875129,1.1347674354766168,-0.3345834436858358,1.4791544150117375,0.92420086889897,0.9019437949373296,-0.03071285706718881,-0.25486087659086887,-0.11327966183536813,0.7911854384997051,0.08436805544789656,0.11286435511287576,-0.25663075064833973,-0.3731493694908125,0.9332839021614306,-0.8701382682532384,0.25377987719884465,0.3444222621040456,-0.016817006380823087,-1.1176969216657848,-0.3821127369774323,-0.004748161170027203,0.13589734405032533
-1.4269887784599173,0.788853365455741,0.14849837188012802,1.240752591374875,-1.9225858835946217,3.5299888383023315,-0.03284024207571253,-0.855724879625753,-0.8114811720874605,-0.4022715896261379,1.9317369753602942,0.31296279922462844,-1.2056889572212361,-0.5039391475760748,0.9183220990666817,0.0793770530112837,-1.1269830769880032,0.75127301797365,-0.27197802529646226,-0.5560758966092009,-0.6556558933292628,0.9166879465117738,-0.3539180815056065,-0.40474427900792975,-1.1399066053053943,-0.275697485427154,1.4307101604482817,0.48478932520433593,0.40468279374390004,0.23671608015967693,-0.03470689892865245
-1.1418649073298412,1.2417945513825719,-0.09867957845285824,1.7702087467283163,0.47346298414959775,-0.2237347503843311,-1.9359057234033448,0.6204237692129113,-0.5930979960544068,1.3831329666461025,0.2272699421519611,1.548926185413278,0.0930981286248305,2.6045092286763984,1.6585093571321081,-0.3115230160265838,-0.9432336689838163,-0.34465887751184626,1.0602649074132793,0.2279033660607016,0.6065947507834242,0.542550445803751,-0.41943126946496645,0.21409313787608678,-0.237067041652389,-0.11833248957926691,-0.17925501519860318,0.3680407943909788,0.09326377214928011,0.07486100479586968,0.2772424056258179
1.09202075774227,2.0201599950616473,0.0820175150911656,-0.444726669194694,1.4207593463149932,-0.9948731544237327,1.642843273551338,0.17838181751589263,0.10726189855863984,-0.19809479230036242,0.9563382607244715,-0.15453205003144263,0.35358829151057897,-0.2726720935216101,0.3957861782217519,0.62783024328949,-1.9203339135465602,0.8391023298718518,1.2116655461219972,-0.022637587848796867,-1.57600696812996,1.8251785218362744,-1.5020420037447515,0.3617322601009004,-1.0213504047910529,-0.5016500765547529,-0.6919756843158509,-1.1885468478122245,-0.4660801306752071,-0.530473192251237,-0.07618602669526472
0.14971895576549166,1.3913998034192214,1.9849009878342851,-1.8184492949467548,1.9729422098708633,-0.44522990308471,-1.6002308509317276,-0.9932010917939613,-1.0395265268148532,-0.3636460285853812,0.244631918604164,0.04487329328307244,0.3058078929651226,-0.054216855194360335,-0.2667102799904302,-1.6213312118784673,0.404376322469257,-0.16379797004472424,0.5721737905198061,1.5676456920168471,0.9273208205265079,0.6160022459694559,-1.8867308456638214,0.7676100428381725,-0.708610882606819,1.4775811121925282,0.33151822900478617,0.5058600155196069,0.012611888790645408,-0.4402536071994967,-0.20562941492380793
-3.769762500052851,-1.980569669814791,-1.5725106565722375,-0.7848538374562402,0.6461935298923316,1.1526164143837492,0.45331235924602753,-0.3444724959813285,1.2927774906012537,0.5801260143668681,-1.6443875454867607,-0.9415820865585691,0.27682823198667816,-1.0346397706734944,-0.2288454530275782,0.4279542850260062,-0.5379270710494163,0.8223638514932012,-1.378556614513685,0.08968245250582245,-0.5270015095761219,0.7861023746108065,-0.4527427805839334,0.2109191215945416,0.1970778506696431,-0.010919109937398832,-0.014745867093318979,0.026262225731816444,0.23574870374099785,0.16444997797395255,0.04149077048013662
0.0481288737350163,0.9464011274500597,-0.5537223741550945,-0.2571956936573382,2.435051972463895,0.7465403450343361,-0.9893298888306346,-0.05015335988447749,-1.019408963213386,1.9574024147426297,-1.772119226665129,-1.457654928224786,-1.327608162860754,2.264909830169503,-1.2027284763372585,0.09073467685669587,0.7961617222901302,-1.5899293250123714,-0.6693385782517408,-0.5372941373049436,-1.7837608271401844,-0.6543830078821045,0.19676157805701736,0.3125497971646135,-0.7395520779137988,0.13742206009229221,-0.2934177823981127,-0.10353340620408073,0.2721125465990588,0.7251791059257535,-0.12862051266740002
0.49440611802883005,-0.4878686634016919,0.29648259616869366,-0.7024360127647217,-1.854541559107651,0.18126197786724657,0.2148379816952558,-0.1008273378805307,-1.0338142056651303,-0.26372863658438367,-1.4262608782005928,0.7504372794127779,-2.2201544994421463,-0.7706100632219208,0.2657837159721583,1.8334818041727985,-0.8042595238577768,0.9178721075151272,0.361819756249796,-2.5047277848752216,-1.0585963424806863,-1.6662976460042647,-0.7038584946082267,0.15919407643969793,0.5675846281502579,1.0523862355281588,0.19256826417096645,-0.7760126689831893,-0.38668144590042197,-0.07991430034786154,-0.15683425068163015
-2.0375452411212627,0.5868104393395335,-0.349757635496707,1.6201783608082576,2.620747807144445,-0.3029737308169491,0.5803415711403168,0.10499351314888022,-1.4975188841176592,-0.8748713043898586,-1.2940328920759643,-0.7701827710534014,-0.17257102911202557,1.9835401724786557,1.9217803743079487,-0.3911634003107827,-0.3437668652304393,-1.1849553117918854,-1.2523018406686097,-0.5830467459168659,1.4222055089737393,-0.4510770217572599,-0.4515264960401645,1.1218295659273618,-0.20237765493028403,0.2448426822767252,-0.1959298091837495,0.5235268554495996,0.3208922887058351,0.21778656361875612,0.22940017114302338
-1.0799956537769897,-1.6156713974232266,-1.0838732125461839,-0.7419332525786881,0.497630981575825,-1.672596290182551,1.483781870620686,0.07812966367437309,-0.2515527462557813,0.17050266739440217,-0.3535209092370762,-0.20669159121434816,0.6025959105358588,-1.4331569666351707,1.1279605306290819,0.39509528363617546,-0.17403987226383158,-0.7522641039613674,1.4966610611047206,-0.8025769397612178,-0.6650630375434636,0.0025706296370825977,-0.0459801505363656,-0.25199655481712857,0.21176246434126952,0.4104057482637998,0.3482332740369993,-0.5120357964337646,-0.12295460500536445,-0.19723871826490263,0.19000103542888436
0.6884731932713654,-2.123139301357165,-1.4491988768630415,0.25693647974492184,0.05857736189073132,-1.0095063591527769,0.730510882876664,-1.5775538450844027,1.2900102712525272,1.4116233053376905,1.848350647521513,0.35730223602933253,0.7580977416775052,0.9425259387640768,1.457012651542357,-0.5318274183113507,1.1254967807073002,0.31784592335280953,0.08679133197297335,0.4542275267854824,0.6672526147258989,0.7248457824451116,0.011067069296181337,0.01264877388367566,0.06593327564931038,0.2642415594439233,-0.03634794648048825,0.35051765765180204,-0.1249214251487665,0.1375274154131096,0.0244361886593256
-3.364441619060059,-0.8081343850338417,-0.20900153340115285,-1.5925571771138507,-1.6766221995030484,2.9218854854941303,-1.3821741528460567,0.18490570590967184,-0.8176503262325114,-1.5250339319947512,-0.2142080377184337,-0.6579030427034804,-0.8576118815883457,2.1369251063771957,1.1107621659565061,-0.6959618940573455,1.6354001078148097,0.9284988084688047,1.5767291462459927,0.40960256697303926,-0.8284381230731171,0.12691406859055485,-0.5198090842027856,0.32013608529461846,0.21792334891480572,0.30929965772733564,0.06671643442334892,-0.8405354289499486,0.06914302924890686,-0.08961369002793566,-0.017475237695907475
0.16202971028311733,0.11057408565145024,-0.7809295508404417,-1.3734457526919588,-0.7211420298356036,-2.1340322879445437,-0.8355668611957688,1.185372750570923,0.23644871234103768,0.6130966987811852,0.11118057815688673,-0.4815871985617776,-0.2809953369923651,-0.017909806320414556,1.0955298937229359,0.824360144645416,-1.7829804267699523,0.18045872533581694,1.8222463526030714,0.6048447854911948,-0.10264284534898188,0.5180993520948078,-0.40036342560442484,-0.13370534355449673,0.15195169528209973,-0.22970855907542395,0.5446215837301668,-0.6552400398670246,0.07806646180294256,-0.10720795941286097,0.5136349732668514
1.0178269057899527,2.3981005759988947,-0.9979872413330475,-0.8217154571901819,-1.0433049246096715,-0.2204519212744501,0.5637580187859669,-0.1643851344654669,0.1998718104753182,-0.7494625743797991,-0.4500431599001907,-3.1936637399669747,-0.44551014270642597,0.05766499831484609,-0.04343314223942393,0.3737643801247856,-0.35941220445436634,-1.6437906485000164,0.8016374531939864,-1.6051390316141967,0.47652921918680846,-0.23713634972904715,0.3330014013890967,-0.11219578191319726,-0.41033053329639263,0.7855476684316632,-0.01729656421691781,0.6074712775612076,0.2714942039529934,1.2105667564482512,-0.03792895931879505
5.45716639709655,-0.26651861798854354,-0.2910394543985055,0.010774414338279905,0.8371728891751669,-0.09141020961886757,2.819742508768108,0.7594950849684727,0.21316292205391182,-0.26190062858310825,-0.18103168617539944,1.1389668022000334,-0.7466205201603706,-1.0518747642301187,-1.5642464500072997,0.9637065735335216,-0.3405569667845463,-0.23395420821731466,-0.594998590958771,0.83692675070074,0.43398202217764625,1.0173149172972618,-0.49316983284529203,1.5168613846205714,0.3065479987392992,1.212202960799357,1.313388904884098,-0.6078772755010603,-0.09500884323743188,-0.021076783933552407,-0.3281940031779561
1.4092537068591107,-1.1667997610406315,-0.5603589331139894,1.4545858038389115,1.44725998370224,-0.6727785009756895,0.5835857480704336,-0.5986018190586195,-1.8453570640849328,2.5725667067773346,-0.1539308283535483,-2.0060836187047055,-0.6497733046784796,-0.40776984150151574,0.8677922506436581,-1.6646655162427935,-0.44709835597678155,1.9954065773410519,0.22631768514873038,-0.6727724472838098,-0.6563924591700552,0.3461796178501844,0.17506660607061866,0.8503361164763258,-0.8309799820025281,0.30792758882228066,-0.3601098562606306,-0.023200986014840365,-0.6401838484507972,-0.05986442609885506,0.1896315643706277
2.1415336952784734,0.43790496822842845,-0.09616383420142885,2.063011661052802,0.6077214815518085,1.2739879478760896,-0.5756278709608099,2.709981781160641,1.0211849363019059,0.456584944851684,-0.028566059469297043,0.32309629156336284,0.6545463650096922,0.7905785352865939,-0.6279008850010548,-0.74805887369342,-0.24207295702879786,1.5156951044907652,0.569930954489136,0.08112658133226398,0.3580894392035712,-1.7264833432604676,0.9896778981528613,-0.08538625547560783,0.015684167921010395,-0.6470837905904279,0.006900021832175922,0.18530720944324358,-0.6315431188193346,0.3308835108447653,0.10329887237783394
-1.412924239500869,0.0488968821728605,-1.9308260402614397,-0.8671679574053911,1.3277038575428577,0.3492437453409657,-0.29293910097366516,-0.6052380816186836,2.1507727096742757,2.2183985413632454,-0.6730539917303198,-0.5921893535303235,-1.8290966730839164,1.2892037273960022,-1.372789537208681,-0.874131487856083,-1.371006255777362,1.3053668599395534,0.01696848273318101,0.3256272076197882,1.1694370780413224,1.862026917412316,-0.789842888360323,-0.7807680083285622,-0.80276915469936,0.33240642633133477,-0.11306950380206791,0.3229316897794025,0.010309688066019174,-0.3658395566586123,0.18387864114872712
-2.349212492603221,-1.2623270040357903,-0.23364589825962817,1.9703149077864288,1.6280675304434074,-0.45870851379510913,-0.9853610614828098,-1.1926305105384745,0.4393332442430457,1.0823377577335196,-0.633233466645001,0.4512216165692089,-0.6674417799959229,1.4502674360289585,1.4001840601513604,-0.36751293214917025,0.8955135967106498,-1.0396895246824347,-0.4191457454460191,-0.7729752677677644,0.1246799323868182,0.7260711730960441,0.24194020352713577,0.36414185424840717,0.6737295444665413,-0.1576550925328456,0.10877838219425609,0.32296093145774213,0.2675138608505122,0.24544560321205444,-0.15408692335621105
-0.5191962447013899,2.3863624823422778,0.4206839419786682,-0.6816872156616698,-0.2668529147085628,-1.278099787504972,-0.4251734411207365,1.2866213104042286,0.30342867136116863,-0.7377127033092686,0.9101790843222197,-1.4066873997040035,-0.6359807090607907,0.4195405120542943,0.13999309577506355,0.6828597320943018,-0.3424095265247113,0.2769726753429734,-0.17666287678105366,0.558334005076497,-0.46563100033874655,0.9629723703517693,0.15459753193373552,-0.11210955248816787,0.30585767897233496,0.568328864022074,-0.22955164311443857,-0.8444012268636525,0.6806109323231412,0.6779738090745446,-0.5366080881360645
0.14884866043027342,1.0324449781844864,-0.7856910578489763,0.18626188231218488,-0.20595621363618136,-0.04914976493716694,1.4175926569700756,-0.18021194409348787,-0.8279750964565747,-0.612447002377048,1.096919277228854,1.3957075305897433,-0.5599770403359876,-1.191720145175062,-0.5882055497450752,-0.8201819930120363,-0.4823735562226847,-0.41698790792339674,0.6435149477124568,0.060743723912109415,0.2463183933334915,0.23034747491577223,-0.15423522907511297,0.9196028132912663,-0.009335765309240407,-0.04260368374794377,0.4213496580610105,0.2135917634001822,-0.2766644418908312,-0.3321987355423359,0.01391777904632971
5.749056332811209,0.5361858638376302,0.26482390261043953,0.41761854287543165,0.6436634839783186,0.5421374472833219,-1.0098316530883593,0.031304057653304795,0.40659697993173627,-0.7581750739785275,-1.1794789934519048,-0.2686942335059998,0.264163615114487,-0.011371790233723623,1.5540135207571981,0.9660267317119198,2.1398284683126216,0.320047061602466,-2.6469661881447775,0.18802710399014047,-1.1364641978276344,-0.585636633881326,-1.3250612195825038,-1.0702927870034267,-1.0625691423811598,-0.7892976903307858,-0.07811220772125986,-0.4641996918542788,1.452089262760231,-1.1277737422644096,-0.030173740015395266
-1.4538236607820143,-0.28344005734603595,-0.15936848870124998,2.1346321404992907,0.3631806856275894,0.9797259752761737,0.5995048545572322,-0.332849549775648,0.914400731532858,-0.1695059233169952,1.3870655402890832,-0.36629351501275625,0.8269894030083593,1.5355915462758063,1.8133324319612807,0.7591897459652647,-0.6276268695860684,1.3867001774282504,0.4696906507596903,-0.19768402741342533,0.4089827465029,-0.560363743360303,-0.786448966961443,0.7192690858485998,0.5374024580810031,-0.783354124554719,0.18237122353512103,0.6578829715648847,0.1843352917682726,0.12965492531604594,-0.09959830405699185
-1.0542785382517856,-1.354005896648649,2.4615550545791307,0.11801300247833509,2.1135785810366694,-0.7856753344194528,1.1060390401807925,0.4184012694106099,-0.6100715002499153,1.3860312265133636,-0.7094126140948348,-1.9561500106956793,1.2347259216171673,0.5624657548095267,2.208574526452207,0.1453767096774625,0.07850172529663293,-1.2641330450811739,-1.3675520658600353,0.410412710840955,0.30637959202722825,-0.02256209561002032,-0.4670387858167264,0.3955011959405926,0.7347543859390605,-0.008644800939006317,-0.26366667907999186,0.826107608426046,-0.06974320755283347,-0.03996422659522498,-0.07213146051322307
-2.9878130347759684,0.2753359848858285,2.9431989590246057,-0.39650662518000346,-0.5879261998387355,-0.11732975493973423,-0.09940558258008929,1.2642528481477702,0.6866779786000724,1.1283310793175911,-0.7297121918172774,-0.6518702403702508,1.0985915515246292,1.053155356966685,-0.2971789267329961,0.45922756813488846,1.6794910064763722,-1.1504547667557274,0.8236057853850378,0.39507692047165505,-0.8237827484413275,0.5570408322936053,-0.12132216690516641,0.3858895223830729,0.07326294590656653,0.4066977249724728,-0.09193852564090858,0.5354802801978814,0.1055849342082787,-0.14314921294391506,0.014624153334378763
6.03316247893994,1.0868170385041178,-0.3025327878415272,0.7786494071159558,-1.7966297878923072,0.17148230283898208,1.3477874920770114,-0.24118612705651496,-0.007687042053968522,-0.0416916307818072,-1.7577655473102194,-1.4195767922296498,0.8154869731907575,0.1481771202229962,-1.0144031571297414,1.1147586244396996,-0.912590933883604,0.5403005550041973,0.21590899087213059,-0.6536136296819329,-1.0744388231345163,0.8432821104314926,1.120888254542964,0.5565300994716024,-0.15976805465138635,-1.879258315812127,-0.5489352797223314,0.659709428617228,1.5321961609706305,-1.312277611858823,0.3270753542321835
-1.5319389513934358,-2.1607337760091125,-1.1898870571658386,0.9443853288879889,0.47976662140814713,-0.3641088999365168,-0.9115246995565918,-0.5766399507939542,0.15546080138286555,0.26657714858690995,0.597354755774181,-0.29035030210339535,1.4057560431064848,1.2629679443732749,-0.14103697263206152,-1.0475281688009774,-1.7615659837021316,-1.1985125322588799,0.97422201679165,0.7781250755146168,0.11677102290855192,-0.9894242403195718,-0.28514216348101645,-0.3564764039770918,-0.6806112996936734,0.2799407214273879,-0.45020084552768436,0.5684841516238239,0.24174723170593307,0.19658290257327204,-0.0977521750685113
-1.9694286515623236,-0.2851931928542508,0.16681901999314266,0.24997033105650196,-0.8190299217067176,1.695604400483884,-0.038432587388043164,-0.22097366106380886,0.19737887457333306,-0.21084543809372822,-0.11378481095783191,-1.5432635673005148,-1.0505168039614785,-2.2217042323554477,0.9722547466548189,0.8480161677796222,-1.556718035713599,0.6815318423834036,-1.2649302612742634,0.34830248479104214,-0.0665974514852832,1.0099998077154886,-0.3964455573211488,-0.4293384207419525,0.12323634118976357,0.3038343211862697,0.09974398476387772,-0.3960720960792549,0.5840632810195188,0.17882455067994674,-0.12305593493817317
-3.0421959541090495,-1.1323056325608567,-0.4352382321606257,-0.5411303290859252,1.6131762994718726,1.206052775135727,1.1285120911704332,-0.44620308702959005,-1.7626840951852851,2.488183681859809,-0.6003062301291562,0.4067111262812609,0.41868403857078856,-0.017073350430611443,-0.4699805603173393,0.49368761157064556,-0.12447165965310762,-0.01137493355927991,-0.9779719723153744,0.6783333421454903,-0.764736371296742,0.8385435933186413,0.5072526718853351,-0.7293863718584385,-0.04695510755599022,-0.0011152735562194572,-0.03179868619141117,-0.8131960143183861,0.21993512308956606,-0.07635951541221257,-0.022955021250201886
-1.241719947645304,-0.41921889603935547,-0.48923091334482127,0.8073969810739748,-0.3186790927695368,0.5326250819559848,-1.0190273325614794,-0.8263767828192623,-0.6013543541560135,0.3553155056550193,0.6294451151247845,-0.5063745641472117,1.9371937634809984,-1.5812230149491417,0.7455420497158466,0.5330073203571865,0.4507460910489668,1.0000947908039137,1.3030487071269337,0.8373679819312289,-0.007911850994382142,-1.244325487423557,-0.09149785297250299,0.18889765522983723,-0.08561638681851222,-0.5420762439117571,0.4340741825636122,0.08560652844437057,-0.08008042197975922,-0.02938137142404264,-0.18101186871250932
-1.5675085128949224,-0.352383070727461,-0.5984768240942098,-0.5208091651573884,1.5066530124118294,1.6227862334504233,1.4230051376801547,-0.15666956827474351,0.7440421857194097,-1.137805390958208,-1.3997961287828067,-0.2138670724051312,-0.6445046780123644,0.7042896507543539,-0.5606377495287017,-2.515037114168565,-0.37979924873178356,-0.4493127507422408,-0.7460678812203972,0.936621211807071,-1.354080569159584,1.208887877907094,0.1163972799945085,-0.5218407248279706,-1.5100300912994062,0.5510134754544646,-0.17262641239226892,-0.6169540950493027,0.2345610044858674,0.2988410416669714,0.31188858263373753
-1.3281057747490674,0.26671253527623995,-0.6146036378163386,-0.828476986692236,-1.5567541220261285,-0.490938366073398,-0.26584187180147884,-0.5715068217123623,-0.6443686803815228,0.32142822286181993,-0.9794977722012275,-1.563926070397097,-0.025715661246828603,1.5488349790677827,1.9043774221006484,0.17268083197053585,-0.08238745871122642,-1.4167383661556963,1.2018808155278728,0.7055714402075726,0.3960126039979666,-0.9157731177949666,-0.2916522067173194,0.34818035501753813,0.2979961788613197,0.3631768317171788,0.013441709729010452,-0.016429598972510815,0.014317119718937324,0.019843518328658022,0.3653576046210876
0.7820614393349117,-0.8238359741220697,2.893715089485623,0.47123107385688273,2.567906123384863,-1.4265084088543547,1.45404798332932,-0.2547190742149414,0.4190019609161247,1.3538968887553566,-1.3916904216265253,0.36636384683771483,0.6633534334795577,-0.7581426001742358,2.3446527409074513,-0.037252440248421774,-0.965611297099602,0.6201030452991025,0.6807828329899503,0.5884405624290744,1.103623504555026,0.8346976204132667,-0.4343094841617274,0.3411003689328847,-0.2273597720236488,0.3308549872642162,-0.1624089868624345,0.37158550656220607,-0.05969590641889646,0.6388137926339669,0.06338408394812749
-1.6513312365828656,0.199819650208029,0.19313847985536825,2.4330702337530576,0.6699264431104267,-0.4094719432347405,1.1148243100762198,0.4254853082973619,-1.326803674457449,-1.3474359716312674,-0.7859317832819355,-0.44964950551790567,-1.4602228002484208,-1.406680614755123,1.3940108551443526,-0.08753567775734465,0.6060078518190517,-0.26302593118535483,0.6045971283974713,0.2692939592420478,-1.2802850100068723,0.08062603096093296,-0.3125726321112198,-0.011926599000042117,-0.43209110361223946,-0.6530170516571134,0.12053462228292054,0.38789269122684755,0.19161233996021507,0.2016568619150393,0.02653594772945107
-0.5939734450035221,0.8289663621053561,-1.8224343124024043,-0.17358557090096233,1.6559811547684933,0.1609864402453547,-0.33128785154178464,-0.21011934000535684,1.1008093764039497,-0.6193217979051402,-1.0157934397552622,0.8032598624994575,1.2008224502307432,-0.8197541506935553,0.2982250408734234,-0.4751392436094961,1.7527634169540527,0.3654156583428931,-0.046385268845443736,-1.186224304462633,-0.04788208936336505,-0.1070107675621684,-0.06855479537433208,0.804153176585545,0.11439131875908419,0.18730861744695407,-0.09916946227750904,0.701672589847226,0.5841748088545794,0.42126017789789444,-0.5064789356407225
-3.031670924894271,-0.4904092661977675,-1.138952724033493,-0.2751299708176225,-0.8717043861627757,-0.913288672803087,-0.09023716522933074,0.35325838841141516,0.6398228171173193,1.2185273187608152,0.7169473469297931,1.0759384709221393,0.8368199387195249,-1.1164185111776457,-1.535059178875659,2.114218370458849,0.29464763136150335,-1.8377979307293508,0.2125835280989203,0.9944685769057565,-1.2558451915722533,0.8372527512863989,-0.07806228124249216,0.3583558361038906,-0.04830307093045006,-0.6415774013453553,-0.08615105624003176,0.14240436444583346,0.23459490636401198,-0.02680352720651554,-0.030984291181684335
-0.054730768236007366,1.5139943556987876,0.2105970091256299,1.3771049483832187,-0.7052878353957595,-1.0248442360768493,0.6723811334251792,-0.11347671477641237,-0.7828701346255854,-0.9492384226637011,0.5569373091356242,0.9699911839833414,-0.4220789166222382,-1.1632968657603626,0.980471941136974,1.304565261722776,0.9018469064484799,0.4500197935089124,-0.08595563316144147,-0.5506802421702428,0.07956959819867133,1.0570309392423036,0.7432784369083523,-0.4651450800781327,0.9203610567353965,0.7059066614387609,-0.16382879640695422,0.2116068980175105,0.5718834579712018,-0.5285055208119489,0.2799527375287492
0.953124674784478,2.7411902566972874,-0.9122345639916759,-0.7815357947828331,1.2791865110707714,0.49374922181877057,-1.1631098400830073,-0.3893713306831178,-0.10407769428818758,-1.4067680154770705,-2.5765892004244333,0.200657599826801,0.08902582828671003,-0.05616915427258449,1.7343798540531785,-0.024207875809137892,0.595048589711944,0.12491808405057948,0.48846177331925095,-0.6640501065970332,-1.6035963333289052,-0.0007214050024655939,-0.5574815461678299,1.0193677906135874,-0.8556713316689666,-0.473971930286058,0.07045907048382767,-0.040763257800828914,-0.2439629142367646,0.4012625881978131,-0.15187658420509667
-2.3670592966334794,0.05497141333917793,-0.7130142418069118,-1.2177045579367898,-0.8061187644460708,-1.0858551008883526,-0.18504097808825068,0.6016505925261568,-0.02162961928292799,-0.08334262362460923,0.9141399839980936,-0.26691758525071524,0.7451351904165582,-1.8743981764006967,-0.4781384182671426,-2.060325216020391,0.02361745965767243,-1.882546023340266,-0.1436552228421463,-0.6412215303745671,0.13260456466039916,-0.5986313565643788,0.8151239660282626,-0.1423279572768161,0.2472460084541847,-0.6648554409178085,0.1575853974319635,-0.593893235012663,0.2543633280340915,0.19665410621504584,-0.024245752733429948
1.0947828058295648,1.0274232716964458,0.12024118732915813,1.399816382402327,-0.2593962872356329,0.8857323281893307,-0.444464459757733,-0.018680381422420147,0.931303824594796,0.8184559997202033,0.33718859067165224,1.1054603323664878,-1.1314168641374824,0.5765382475103807,0.07315210863822992,0.3769987439379095,0.1884373382147485,2.4406171437117523,-0.24964606159698766,0.15291351311822368,-0.41304286142301194,-0.4917061801319969,-0.1213447714042551,0.3840749515525442,-0.6954461464849948,0.7007135294456894,-0.08007604532832333,-0.02205345858571805,-0.6280227238417935,-0.04938612991595409,0.03334889630167506
1.656837162513608,3.119885187285664,-1.6005285384717438,-1.2836846953930328,0.43788215370321915,-0.22579643816364275,-0.542382300522388,0.696981668931138,-1.032104797165372,-2.2714034918189356,0.6752942912531043,1.0224976014037979,-1.4435024170354256,-0.2768534071523439,-1.9498362470448174,-1.7265139531274825,0.6441476464308962,-0.5939944759874718,-1.2171707388076363,0.09542331958139158,-0.966711219303029,0.2163393109504853,-0.5732781776807371,0.2931916618718622,0.2315796400086845,-0.19576160701369405,0.09352049577816582,0.5155362504652388,-0.426201903659963,0.008680739367922324,-0.053053576567948804
-0.6055602232396836,1.9666444465075728,-1.09006052341361,-1.2628021242690737,-2.3087628417029764,-0.8869861488018489,-0.16730660052384114,-0.3913106485334159,-1.458652746979251,-0.22142031248717584,1.222614950821072,0.9227094794744072,-0.6865702904752279,-0.3840545999991601,-0.4454852048795439,1.8255438019986405,-2.3755560785122,-0.27542490272109404,0.1715250897066666,1.8606984706483536,-0.7701611141195623,-0.613923719664726,0.40871219686424526,-0.03619557666707662,0.18566573097339906,-0.5538262410553944,0.0018769354104965692,0.44298505141355804,-0.5228626363829378,-0.22034680838640083,0.12576457961478918
-1.0218160346077685,-0.9928473048650012,0.3647995364045359,1.4719685580606467,2.199418011745291,0.5583848275836952,-0.8456777511201738,1.2746131183319809,1.017610621541868,0.6583178867547018,-0.8186176152740633,0.9842871205520857,-0.5959265096465866,-0.8272941586453729,2.9172903037902973,-0.6356070979195075,0.012916226630957178,-1.256150491837568,0.9144516100656201,-1.1126506303893797,-0.6601766853028466,-0.7660937244213764,-0.13818924162031923,-0.3729615238149693,-0.0852558427850403,0.18623687327850214,-0.7969615920078692,-0.7761937270845535,0.5435665581377129,0.0190919639265027,-0.1769028049880584
-2.3840404332777285,-1.0803117295533549,-0.9554277253318361,1.6480680115973674,1.5563303492720493,0.8537632241045322,0.4219926612051009,1.411137947979785,-0.08322930771004204,-0.594482550256345,-0.6176769771604409,-0.829716554021007,1.7399297595022027,0.19823630834090267,-1.9811793958619963,-0.26227233206052564,-0.6104923988259284,0.38801248706574865,-1.1851112870739327,0.6044210076796118,0.3290234227886883,0.9558715119615498,0.5098211067341497,-1.402132411779463,-0.9017184895569846,0.09771417684705462,0.10726702337891827,0.4932269109890134,0.09745759132561618,0.1600094246674364,-0.1518913933576873
-2.5814676012836455,-2.1476544261085144,-1.5186073002401834,0.38735270687947115,0.4114628940070971,-0.8520841429436563,-1.177855422782214,0.5695795389656596,1.3753522374534608,-0.05019738317265322,0.05464302209229858,-1.3712322094196445,0.4406880616041398,2.7774045903634574,-0.16958135716988337,-0.4700695793543279,-1.0665838362355462,-1.0309181612177634,0.5089430419221723,0.8790509814671622,0.005217433817516146,-0.25793831630515557,-0.07801441440950929,0.5191088913768289,0.18862306668615395,-0.057425259720064285,-0.14135953378444718,0.6509951282173317,0.1841883812260597,-0.007368690297849091,-0.264398838389211
2.1658667022687417,2.7997924372721394,-1.4751725357853298,-1.11332619642188,0.7145965501941669,-0.6095666986874787,-2.466710718276502,0.5558036645371046,0.7420496220341412,-0.9439194854739518,-1.6727915807781668,1.8544246188015734,0.4660966340179095,1.555237223181305,0.8647772837590032,1.5946779216015587,-1.103129553521047,0.8250741382004074,-1.2476163041573651,-0.663546431117418,-0.9711490150877068,0.637601473502144,-0.5952449361175955,0.5987241386797441,0.2598427745769875,-0.23345960008107758,0.05922583681444412,0.414307137302674,-0.2870348492141348,0.5301584280664438,-0.016373135160682707
-2.5117825667347256,-1.4051542797436383,2.4297862621955164,-0.48181746840757617,-0.42170746880176174,-1.1113583623658034,0.23718473990682742,-0.0026797946327857627,0.0710372319091887,0.155980902777117,-0.892098417435472,-1.3162945868832814,1.9314282477442648,-0.41572206911156034,0.6608200845795351,-0.3944495563773108,-0.801861254124566,-0.6611645661920943,0.8977863536459864,0.12612807513611363,-0.06554929769599936,0.0648100889186729,0.15568632773671268,0.612970857922622,-0.9080636013932055,-0.4578401117494263,0.01845566282904878,0.692310592433663,-0.13731349882584518,0.2282145392662318,-0.011853684877767038
-1.046859630320971,-0.17585776227818772,-1.2491327334510154,0.6622379558465259,1.4220168167851202,-1.1977077564549985,-0.7470882741069644,-0.7444681437243327,0.6725682089329439,0.36606621267746087,-0.06579527516130719,-0.1290154729213643,0.21448740064092,0.23507288605547774,0.5740924873210522,-0.8787063860449525,-0.4120632420188232,0.09476676592405135,-0.7536708061234596,1.5663347584385074,-1.5060307835686806,0.7509353161048457,0.36197004449826725,-0.022903459568696383,-1.5741470975932899,0.600057949549735,-0.5699468857508182,0.3392588655641312,0.03848426297552416,-0.28513528363317575,-0.1575174927119989
-0.5554675503998013,0.1347161228873981,-0.7936090858350626,0.4817958778929192,0.23091141229625248,0.9284187063122068,1.0014592457270808,-1.3019765589898051,0.6394475330450424,-0.8232261348642997,1.5716906342473618,-0.5751973884559457,0.24227070515218346,-1.6663295270415721,1.2441848097233652,0.8952206889007792,-0.1191781327634329,0.3035150878966604,1.3322484763453493,0.16651371183370986,-1.2650618191573082,-0.27341810558224533,-0.8969708810915448,0.3361298041146804,-0.16433736691209538,-0.5719282593125653,-0.005958849774613412,0.24237590504007822,-0.4390020124125355,-0.18596542714805586,0.05025105775220182
-2.6901999696788645,0.18032075128457212,2.54082182038608,-0.262694443913117,0.9157336467744663,-0.6217904378278124,-0.5669881066024588,0.23110266555010728,-0.5648861033936613,1.3030911953472117,1.3564168579792746,0.4890916670718415,0.027892957336910825,-0.6664241807740726,-0.04450904672201113,-0.302956184194736,-0.6099173713947547,0.07466323700846829,1.6667958225192792,-0.9687033875566776,-0.8283693855693147,0.7798002040187799,0.29575236526454846,-0.10236707454662161,-1.1830151563547913,-0.33581268666649966,-0.010618579989773275,0.649857672073778,-0.09699483456649281,-0.2588796289379046,0.0510530339992423
2.637960779893982,-2.060533011547067,1.0536191721047525,-2.3222950033589775,0.4773951544480594,-1.336587619600788,-0.478753180800712,2.151818147869551,0.8169342715434327,2.0077986815183992,-0.523619790778945,1.3506270126094255,0.6414476806439322,-1.4531134935817127,-0.39856683514603874,-1.1335633476538316,-0.47721621826208654,-2.279143054215269,0.4443346555752956,-0.37213214791116095,2.0805014174135303,-0.7901411406828022,1.213689605916028,-0.270160994593638,0.34545189642796453,0.259512806789991,-0.7157116811302628,0.5426112734339579,-0.2905113692970788,-0.29729874196845,-0.4190844898985013
0.8368927727687199,-1.0797221263395922,-0.08884449525162022,2.0018429223076835,-0.6129127633028716,-0.8916506843860466,0.9720251099132641,-1.7472470695730247,1.1581590989428778,-0.8947743640005138,-0.96988989372749,0.5643641375290258,-1.3914717337128795,-1.5018069440485005,0.8057852528548195,-0.9029079193218903,0.23204944912800787,0.8031551463461979,-0.3948570088379593,2.259832897088755,-0.06294627657918896,0.407394824983252,0.5398127881390623,0.4690219798190185,-0.1161361900566892,-0.6596738490316425,0.21604145653078435,0.3385232218186131,-0.31054778567860075,0.47665751703831927,-0.08070788793313231
-1.6498163149679537,0.24029037483159157,-0.9668549757771049,-0.23906766652697176,2.197931559236037,1.5356964143908884,3.1136591031741476,-0.052824687811016256,-1.3535062950246102,1.7866376816476033,0.18411578765270678,-1.5716999095452242,-0.6959081050190105,-0.6839329489618697,1.27590103032578,0.38612486195062085,0.800894287358574,-0.781560104186695,-0.8284208345923268,-1.0372204165380288,-0.1723811136277709,1.0590975128926852,0.869393732174072,-1.1910554012552488,0.7072994226968359,0.06803764431656899,0.3759047248758902,-0.1100690354958051,-0.36576181327748986,-0.28649470152105244,0.2277039234091646
-2.1249847102819475,0.5531414190992466,-0.18737896781778846,0.8973229527243523,-0.70948212304215,0.39257933866991956,-0.7833607177662901,-0.2912677761421196,0.9579005055599092,-0.698265646029483,1.5912726212595074,0.34888382286664776,0.1941160962506699,-1.2019433606285068,0.5694451636841956,1.5054541986621846,-0.3891708581614644,0.16525620871711313,0.10712276622460006,0.29538220382892644,-0.4170110334030346,0.1306517332103463,-0.402247924584647,0.4158521584814282,0.14046816590543693,0.54841331719958,-0.15072900730832536,0.13650935354566013,0.126759591994709,-0.005673686676008761,-0.10780817822322565
1.7520861158963368,-0.6711805996803896,0.10393032876977754,1.0918721276540206,-0.8906892409421499,-0.6068196763138712,-0.6187798405846263,0.1349817788553578,0.2361049689840281,0.28399707876856833,-1.250061478374341,1.2975318298775131,0.5016128883931464,0.37814994052364903,0.7242665913958013,-0.9048158472873644,-0.6659615041003529,-0.4397170826104648,0.6781575824247458,0.03607584316528055,-0.3445704593875058,0.6986589884901757,0.3409489301318713,0.45349059010037485,0.1895155332313382,-0.2251305336797824,-0.12328991284942935,-0.45438200716605676,-0.7615828799217463,-0.08959836909804596,0.18865775001938687
-1.4775870200239987,-0.8495564331856829,-0.5421260634877026,0.9014575632275638,1.515715704637264,-1.5044694872047286,0.43918810762793714,0.9182961220515782,-0.45952065302094786,-2.772668423967873,-0.7722122680348774,-0.4901281110975602,-0.4963375151353108,-0.36911224223698885,0.06982592344823453,-0.15908665377727385,0.048008033013754746,-0.29720398613360055,-0.5146816119749493,-1.2474766047104657,0.005424909983961849,0.39797993537222437,0.17333468421683657,0.39151293157350414,0.02415374327599238,0.14467010374069678,-0.4905263698024348,0.04514290411477961,0.39468525880471866,-0.3560442225340861,0.09734809518166307
2.5594428654965955,-2.416911381684132,-0.488629062527974,0.3977344102135931,-1.4082528163341905,-0.27162629426477136,0.30657163847505176,-1.0953993903771795,-1.305147185790658,-0.6118416698594679,-0.01748653774227358,0.30881316660765756,-0.33999862811295917,0.10454221043315876,-0.7367149791998806,1.362525460906493,0.9402891843530673,1.0106825797822747,0.6030771246984469,2.5507651512846645,0.1372503911883482,-0.2911828111204445,0.7513661885394641,1.2255981365158475,-0.14371314615437608,-0.8982335375799677,0.3775744299903424,0.15268494611267502,0.19917452116594125,0.2563604313976845,-0.0036804311489087083
1.7879863120414097,0.172402627769934,4.124321007817891,0.3145021987750912,-0.7334770582082284,0.15074643718699587,-0.6240677355637754,-2.1650826624715647,1.289759000543999,-1.4349719287331784,-1.0666897210039732,0.38463000454894797,-1.0197488629356872,-0.6402625710053148,-0.6916365626553873,-1.6353771009573077,0.079100101811695,-0.5555619702536421,-0.38705790257786665,0.2589329494875392,0.2618256224073923,0.592025991074031,-0.7528304698198318,-0.11753288440650714,-0.5717579799363957,1.0878790538879577,0.7375737802747323,0.1357071224488197,0.16721777063973398,0.2507062347338892,-0.2685524996701534
2.1530630529676573,2.0972937292762928,0.3374426305391066,0.1581678770398112,-1.852125024143653,0.3108563570918711,1.2548219826682743,0.2999678493984341,0.07672985258484867,1.807535822782331,-0.38782840358470066,1.037661533261817,0.8742833901786565,1.4448122863658774,0.8775576953628346,1.3024677804184441,0.34194714243844515,-0.613192246523634,0.2398023237128442,-0.12222697917279032,-0.4258759810458768,0.4917429380024822,1.7658735168726694,0.4917711665777814,0.010294408201232475,-0.6299306220577096,1.1700809064560738,-0.3948574662591386,-0.33503627342514153,-0.3295597086435961,0.08091123405050782
-0.5672919695948501,1.3384387561606743,-0.6576322210455394,0.8118193384622308,0.1573629585897338,1.1777358174296786,-1.3069779094027099,0.5346020476038016,-0.2097691270411039,-0.18052671010473947,-1.0831801734046687,-0.25456312190004166,1.0651929378975766,-0.003674729960813573,0.3853101812245072,0.07372925388741415,-0.7225189128851329,-0.567862569837934,-0.2209498521835117,0.3420236433205949,-1.1274060201073648,-1.25936701393982,-0.047719568787471335,0.5743147357831297,-0.6775492964561513,0.034740313504190636,-0.04112588501498941,0.49276962873765456,-0.10307950544496933,0.2629166875207448,-0.3463571037332869
-2.181631215614559,-0.7941549071263498,-0.8997144708256753,-0.22581143198031733,-0.977746486846404,-0.6983064017627478,0.08512160887253833,-1.7052797121766892,0.47674772869504295,-0.03513637520411431,-1.0960594193967115,0.500434093871275,0.09503220067463541,0.10597347052369395,0.08254474771094213,0.8809585131980769,-1.1343685840940256,-0.6232833714990629,1.5624859102697837,2.043364611399209,-1.849577906345577,-0.061270655207032204,0.26944122105221135,0.3832028504131248,0.07866706620497532,-0.6112333020986451,0.1904336445311796,0.25387614545969805,0.33437561232385155,0.029941475183587564,0.07606089282940355
-3.57843768058322,-1.4581788022609443,-1.6549389510937265,-0.18633769498108432,-1.2224671975696255,0.7773400025477888,-2.632314669686827,1.2049809686058097,1.2749660608406308,-0.17467608006275115,0.0125083058985627,-1.6285373820173188,0.4576171736181807,0.1034416403320735,0.801300627243264,-1.0293760476532388,-0.6876270514894621,1.0857922624276743,-1.4349547396339601,1.2747926067526438,0.8185513808098634,0.7202628610627475,-0.187937011486194,-0.19815775178816578,0.07261003539547206,-0.8429320052677807,-0.26106614553577184,0.5646931901133398,-0.03128848493263886,0.09430659101531806,0.21728290099885006
0.1408603458757986,-2.5174315300289845,-0.9358307336935943,0.3427073010487854,-1.490991227167751,2.1970362648259845,1.9451965723675149,-0.10357150855315041,-0.13073054047844704,-0.4242366468119934,-1.5525495056987668,0.5633714058585041,-0.08778723598995551,-0.9781154857134204,-0.9262012414409492,0.6346957138058537,-1.171642772717734,1.4071981994124199,-2.02080046813632,-0.4377384599771331,0.7674547936691009,-0.37600313859931983,1.0858809967316534,0.7366777059068924,0.12230390351914852,-0.7137344829298125,0.22098447860662934,0.4239532322864889,-0.3122470600893971,0.356961891653595,-0.15168021438305082
-2.5716173628758687,1.0018046472677664,1.1019964808121285,0.9690142314049173,-0.38660485067526157,-0.4946033532911038,-1.5987898941168217,-1.660138860007873,-1.2914697330043277,1.3784467250523431,-0.37120124356671275,-0.012020915215523823,-0.8755786566889664,-0.626963341287818,-0.7641346618823222,-0.2824183786456913,-0.04796411568123205,0.3786194523288506,-0.6112818473045021,-0.1348982420587577,-0.6211078523235716,0.011148619973343986,0.5587593616739295,-0.1496189135885266,1.1013657789834659,0.21735403212376023,-0.02384092312436553,-0.7497144835059599,0.1575936906932211,-0.2412135256047401,0.0757111844276267
-2.2591779065272886,-0.10758100431213381,0.28957358327784827,1.096678559101851,0.14087645755590647,-1.234178660675503,1.8166482195677316,0.9536138953794167,-0.412721804332128,0.15540172229500457,-0.9037241740886567,1.045684344813995,0.9732995789692541,0.6499509609819875,0.20421951526597382,0.10921488679509297,-2.3164194613058835,0.22484922697139983,-1.2533316185708496,-0.3335865684483753,-0.10134466688747377,-0.32245779135745595,-0.21849773096221425,0.6255242391076555,-0.043901925311521754,-0.6347023834454184,-0.01921540602174563,-0.3128072410486737,0.47785232252028376,0.12207040148427066,-0.04859426225506888
-1.6755487217074996,-1.195422778857861,2.272942376848253,-0.5447703651588864,1.7617070125529384,-1.624348478099724,0.09708071450475897,0.1322454633414437,0.8655290317127757,0.5772143407862605,0.7433725199264374,0.31829504511545276,1.4480035341636794,0.008081882484304338,0.30286772252643623,-1.3251045876778227,0.3384332435563088,0.34037377564243426,-1.6424641280005607,0.059543992673633486,-0.3110398184706541,1.20345962362446,-0.1926755375278415,0.1845594208804272,0.061134384859009,0.2557999393512318,-0.10514681048344546,0.44073232068156676,0.06320383090582722,0.005064859959134248,0.18039263238251435
-0.2774479569146494,-2.547372834635138,1.5276522916225106,-1.8255330408807398,0.8419910909170837,-1.3625581724505935,-0.5597323257866432,-0.2707947999750403,-0.6654924570779515,-0.6410576006618462,0.5732619795516817,2.8086975841126076,-0.5628796619916853,0.12475369964006472,0.46785573789604545,0.6974391401909852,1.0805385485346037,-0.7884627708006574,0.3487963258825674,-0.5071909391754555,-0.5819685576081364,-0.11064868747151453,0.03267325973563498,-0.7972612463963329,0.046464964304613415,0.4848745622196992,0.42426442940595116,0.6935817015338254,-0.3660397262249488,-0.08012268082420365,0.23198487355788094
-0.06318088080691384,-0.8813418204659446,1.0933223024157253,1.6826580774217983,0.03549636739798732,-0.6409070132979242,-0.4313383710264982,-1.2377163688989308,-1.69000577243646,0.8345188433687165,-0.520039831593808,-0.8354518847839059,-0.7781984418249206,-1.5390443832312877,-0.01446677226226118,0.4469399544625019,1.2104121908161636,1.4470299721887243,0.5237682826229166,1.998564870501968,-0.46447010202055744,-0.5010858912279332,-0.7369841268660391,-0.42364677441183096,-1.1894688863945577,-0.5966388202370883,-0.1815075122673898,-0.8256750064811811,0.2061209392822293,0.5229539399452552,-0.07553840330611288
-0.37147065358506653,0.1304335709967441,-1.6949249280393748,-0.34172170489988735,1.040678968488678,-1.498514097457931,0.03262127773605519,-0.0021662157018250785,0.7486306832009457,0.36632840693604174,-0.1837894120225701,-1.1419336248897238,2.0126984190222714,-0.376706525663829,-0.13387476598269885,-1.5112086454568066,-1.2980944015097844,-0.3653504162808849,-0.16761909957934343,-0.07338045600390859,0.628104377426781,-0.46206177837188933,1.3228100344349338,-0.32941372987955875,-0.40948134227912,0.44413817891719903,-0.014272812147940551,0.2690308834921121,-0.40691472996304745,0.06351198606346814,-0.3128770132515912
-1.0116633213960347,-0.9318363919395318,2.729307815395707,0.8586963739335215,2.7749014560596015,-0.2175754199329822,-1.895693998065272,0.9458817599253365,2.092058496230944,-0.8479752067241397,0.8229971609462862,-0.5401210773529403,0.37698467870603947,-0.5951573296413296,-0.5336619582163044,0.7940119901771904,-1.0488165995450673,0.8211686717154024,-0.0975138135214525,-1.567341771641955,0.5780597716503318,0.3981443673891865,-0.5835078014823822,-0.25863644426656646,-0.08085744391406871,0.3600164735221715,-0.010279704796518243,0.7459680191772985,-0.022661520956198625,-0.08179290327015798,0.18419241402862627
-2.3975569973192337,0.3758692737231654,-0.2722590818227393,-0.6727151443506664,-0.22204417165311638,-1.5208374307229944,0.04261911080281453,-0.8828363779662944,1.3735789197274257,-1.0931449455789124,0.9876945820065596,0.6963535442040268,1.1896543703143208,1.5111255566657424,-0.8702422108877946,0.775878804171572,-0.038440521800641926,0.37739400657902983,-0.7513696852016417,-0.315093529220247,1.3112534518677705,0.15938276603566676,0.714193829949974,-0.010154700052825235,0.032084234895581376,-0.7384073770155,-0.06985100914384405,-0.5456013790532497,0.04923381529648903,-0.36932361714366424,-0.332633765047981
1.8095811915001656,0.45309106795679593,0.6550409100402109,3.053168018845469,-0.5454858392018428,1.504618463743924,-0.037380989262354405,0.7226355889909949,2.688874848258031,-0.2079255340880704,-0.15090300533373124,-0.6836258851860828,0.6387876493297224,1.195759937141812,1.419261033381426,0.6227331777033466,0.7190407598330311,-0.43625103681837957,-0.866096447439537,-0.7286834440685839,1.5907141775223737,-1.4974695943570089,0.9955285698885887,-1.1987200825323312,1.804283444791949,-0.05092149810670201,-0.14032186255351672,0.7595015575557549,1.1003189425961752,-0.3613339493211087,-0.3173724488984888
1.389360269780165,-0.7898214019902625,-0.31650030111721283,0.0337717213761645,-2.1879804780130376,-1.0810395018115722,-1.1489165409222133,1.888672312090802,-0.1004662534766648,-0.08068412471707058,0.4321422370122937,0.41732381052476314,-1.063048436954294,0.6880011758819615,-0.660679058205884,1.3033827456706018,-0.5256057331512047,-0.617187872060573,-1.1418202820005394,1.2092290653786966,-0.46494947405424003,0.724764052407723,0.38576162603260805,0.736801894031197,0.5247347567225987,0.7634845168268168,-0.2071723123146928,-0.2635906018442786,-0.7907949741247547,-0.0064575881168444805,0.23650989227080127
-2.172076454275335,-0.9360982390703484,-1.9490921456780377,-2.015556645204952,1.0274772733824031,0.19381775294796055,0.7022373392992152,0.26812821297573364,-1.7872086072970566,-1.0439068504583149,0.8886915090792842,0.0007319417045035324,0.042020279307216704,-0.41381163950361227,-0.8652987331514252,-0.008147378934096212,-2.0259640926526328,0.08688460758557728,0.1505275552775749,0.4742684035960607,2.6349607501019845,1.0825457812535644,-0.8403866173784933,0.5112218862461443,-5.3729711066559597e-05,0.21086580551935938,0.1869516380986422,-0.08301987255515016,0.14738668683658251,-0.28923195876268804,0.26909680825358684
2.8332325056392853,-1.6198277699816694,-0.6580202176955251,0.7127369148914859,-2.916916208781397,-0.7278651956751261,-0.059386455288295066,2.1631803793053113,-1.075575636596434,-0.3648610500902474,0.8084722198068081,1.2902186848723078,-1.4799192273832484,0.6967477593310367,-0.13413951387886724,0.47832360170610105,0.774338469029255,1.5355080782796857,1.7341668643842387,0.08650330979522723,0.08632826607136511,0.40832590055727197,1.0102289765675547,0.633174653781107,0.24413976031082962,0.6815436636049211,-0.9057568605995802,0.5153825349098716,0.7147237135167522,0.08912237344443592,0.18016436382937207
0.17105102957518967,-1.9663166445200633,-1.447860062427382,0.14021566425181972,0.03928332438439162,-0.9754085065006302,-0.6878603760594353,-1.3879045374170154,1.6117667898716341,-0.24553085574198732,0.7772222735560287,0.021455235385562623,0.3921548952138085,0.6428145510979906,-0.18228086618274816,-1.0656017690112947,0.6814690608532743,-0.18023926674444396,0.6440119484288827,1.126710006760473,-0.32693296836752095,-0.023726185650642082,-0.893691043433884,-0.9382917043229149,0.24583264419921974,0.23764934502528656,-0.08907692427754031,0.37383375776117617,-0.10246745308043882,0.05622439191115388,0.02994688243250231
-0.22498552429633842,-0.5291402229920913,-1.3211169855746496,-0.8523911786577704,1.6560982492590517,1.5467246488543347,-1.2805578622818823,0.9482304740466515,-0.8900067308139421,-0.16709106293233197,-1.0032447107844746,-0.39200113909418116,-0.07602493383688264,1.243974537789057,0.6852144774028239,-0.7631552638588948,-1.5555004329483368,2.2464360916218675,0.23175495898786058,-1.2915584981567216,0.8399163880082811,-0.7332619175540945,0.8863308125277062,-1.1493089675132997,0.22201922959200407,0.13539500019975287,-0.016326674544157812,-0.007718302017005349,0.0042779544471932005,0.4429172002674848,-0.1574981188806566
0.8073866337259953,-0.3158652606965332,-0.5038166096180072,0.11443483766241219,-2.2621916296423317,-1.7220934892816888,0.259835730247324,-1.1062928822824851,0.4106628780317996,-1.6315013372426714,1.5404728743441642,0.2638173341633453,-0.91880348251706,-1.167774006696063,1.336562789318563,-1.0133242059254397,-1.1765934230983144,0.5155538751155221,-0.383576291283065,0.15362432816519048,-0.5101645369311205,0.5575174445594405,-0.44321961739327387,-0.8493462928401283,0.5228110507395418,0.9008297725436677,-0.016559432480050196,0.05657213645222112,-0.4708167958643869,0.018699448023127018,-0.2911141813972932
0.4587736765528122,-0.5617164549844228,-0.8848825584429824,0.9360065934142558,-1.2743398891564992,-0.9363237362474441,0.6645725680204804,0.9489203600882202,0.11061490298568939,0.23280558344902638,0.2617673053852508,-0.1317027870406774,1.100253676924891,-1.8481666857662908,-0.42538248200164136,-0.046420171047157996,0.06536681366252348,-1.6973749404384064,-0.8104485876236502,-0.5638853108102387,-0.6138774308476715,0.3450374815282908,-1.112843921318686,-0.47432725238127316,-0.7156609606715977,0.03322376086533957,0.20621729167058606,0.32356601638866495,-0.4435917516125734,0.021376305970603374,0.4973325563896703
1.3593558683558642,-1.229973253368106,-0.7212703152195328,-0.2673197493547798,-1.0890979201588915,-2.2255052858654607,-1.3139494658910658,0.2724407467129401,0.013412693613589205,-0.6726686726311678,0.8286211135781113,-1.298356311653502,-0.40514785004700377,-1.565649175742694,0.9412992629847429,-0.47135588284464963,-0.19363981710456657,-0.04986760244178661,-0.8266676888762081,0.8241470728557448,1.3077220439101362,1.065709080468979,-0.25947339702923833,0.7461255064534219,0.07013978777272961,-0.7087226909766791,-0.00042357129592082314,-0.4212585491684992,-0.9015195183158136,0.1803453823156861,-0.044185901332980594
1.0473221294631339,-1.0569120593419614,-1.7830023328632314,-0.6170134615890213,0.283490809424698,-0.7827657724635978,0.6203354645827835,-0.09497619336834762,1.2123847803188492,1.5381206538348147,-0.07795702770694883,1.1416014060394744,0.08994685753022416,0.5550137374199375,0.09192180910842895,-1.2999348851270807,0.6745525930672805,-1.021529494029062,-0.9528427908452973,0.7877155536539322,-0.7469914253033763,-0.9975179629337798,0.42651776853086215,-1.0563506043516646,0.41315506406666896,0.30026722971511666,0.11175857907522027,0.4393872506512011,0.009609926861861249,0.7854975041584884,0.05449668026272346
3.418010981602703,-1.6892065754436543,1.8829411296949006,-1.4121731543932696,1.6074503416962955,1.0069071033649282,-0.9675190083417241,0.006843809875153045,0.18990756114842638,1.9348128068437285,0.5484715715485285,1.3855026772980317,0.16560417718460585,-0.7675276574854066,-1.2151985547014352,-1.0134496421027248,0.2921493141729862,0.7883751148520523,-0.7364499805908995,0.8209493676140264,-0.5478794352291836,-1.7369666932462666,-2.0041581689948695,-0.4729125328731789,0.17485479501200435,0.28836528631988245,0.2412956998289497,0.5074239860445424,0.0009251857971336445,-0.09536216030236563,-0.11228378577150115
2.2687601252003033,2.086834577751333,-0.47413828118953383,-1.865750036989517,0.46738855192076273,-1.6028189248262172,-0.028485033009398888,-0.7693068515485879,0.7466122500122666,-0.3371280247793043,-0.058926126280742126,-0.1505373887929151,1.4656190211963922,0.44059466381712004,0.4692180297706895,-0.4421259001518304,-0.3530080542829784,0.1142432770966298,-1.2717200903560546,-0.4783390008909727,-0.12995881379920324,0.47201703574087267,0.7443590810638765,-0.6828487561163011,-0.6349132705625118,-0.7180149993388104,-0.41276144793487424,-0.8153470854806222,0.5166118579094768,1.0169872188581666,0.05816943575537182
5.130667702367949,2.028948230844997,1.051174747458285,1.6033916314198922,-0.34648932697864404,1.3474541749621374,0.21494556625056152,-1.8840295444038277,-1.9617562412601042,-1.1148891804828323,-0.3682443195664319,0.7237424237232549,0.7351872886400705,-0.20861654281068334,0.4014310752413371,0.18044164356254533,0.9585831691413647,-0.30564074842873523,0.35001675971983076,0.39402640373657355,-0.1069976482078597,1.899667296658365,0.3117737653326273,1.8314618639157947,0.329046715452509,-1.8874792294185723,-0.12194686911867156,-0.2842611339676908,0.2734338933309701,-0.7177370768361266,0.18541853283350518
-0.09701915348130885,1.0768846507956302,-1.8908027292721148,-2.208930383014163,1.393242790336212,-0.3672161080031697,2.789658833198632,-0.5449945811679208,1.064615090412166,1.2638921128495944,-0.7179208200602039,-0.31814677722645934,0.016348886392968314,0.5109743521477791,-0.6033785551758237,-0.08461386275926054,-0.323688994026165,-0.9029784333673391,0.19352440937143847,1.3874696278102985,0.1795282370562438,-1.563732669801112,1.2500739198835014,0.22877057802055056,0.4557779693176622,0.4329471144555547,0.02372629667137118,-0.116332491406759,-0.6133198312337446,-0.6336431277662404,0.07764994893951675
0.6935666011011166,-0.2528068759055022,3.508180876145004,0.9548329851356442,0.32563795862618283,-0.01433225051170447,-0.6520359380340622,-0.052813327568641155,-0.5298902850637445,0.6693966356597658,-0.5549259452433705,0.3009758617334834,0.6753522179906338,-0.6742993444315096,-0.07011089385194993,-2.5320932038934747,0.8964936032484624,-1.142273131249805,-1.8015533200600926,-1.4239927905748577,-0.3088910744612468,0.5244285686225786,-1.2625627878289514,-0.18752994576262497,-0.04790562436348349,-0.24435142787321573,0.2336010759958292,0.44281784154842163,-0.43786424166222865,-0.016407389259728677,0.2596072619854532
4.485644165696783,0.8663657765850099,-0.3803451201983601,0.5356917005978272,-1.8708026340925006,-0.40481293530044915,-1.4288693692310421,-0.6078073711076181,-1.899605602082043,-0.3538287545492221,0.6771983503690716,0.9639850053217319,1.7570773510808482,-0.08107802085293482,-0.3255139973923621,0.039350799654036386,0.788422798243289,0.24556309674003282,-0.8088947300926356,0.136221907232054,-0.7346968279862864,0.6307958512976438,-1.2424084767912027,-0.714977233594158,-0.21614094798657424,-1.6739832640992411,-0.3981725033406521,0.21994124637059884,-0.0759926077765916,-0.8871798255500964,0.11370452189435404
-1.089230779536174,0.6350940121131428,-1.147621939937187,-0.4345002684879658,1.7988970888926448,-0.6769582952378925,0.5853088469660955,-0.2603722160363133,0.7087320213266979,1.9758586640430094,-0.39554494382309896,1.8089394481165086,0.11096453011014115,-0.30524363428491713,0.23775724280218835,-1.4131848526794315,1.0287452965327668,-0.6915466331812365,0.38437154888222497,0.6435233404913981,0.7770607241447329,-0.5055645427024169,0.8069486374658145,-0.0784749385468109,0.09365005596004695,0.2517636214572486,0.012445286932932863,-0.34119609160242265,-0.44578158967120574,-0.5894747889564411,-0.33823844453733515
-0.8063859499937519,-1.6562574638867917,-1.3358933017276127,-1.0619989464430797,-1.2112262754266832,1.9158548053414026,0.6121659731884809,1.0507160260994934,-1.136612481033357,-0.18340562101074653,-1.5132536452438647,-0.4587942713218419,-0.4795740497403082,-3.314103568212881,0.14178753960275225,0.8964899770824831,0.30678057554918425,-0.768533265409607,-0.045676087469664055,1.1211242885688872,1.6919050445193624,-0.9873592698280199,-1.0521087672005305,0.0484431239609737,-0.08420014287899698,-0.6669046721628951,0.09938360077938939,-0.016282164902540374,-0.18342840987392334,0.4755456301162272,0.03403925217273061
1.0647670606444397,1.1787781942626847,-0.4758434285323564,-0.30672816598817493,0.5385296524453215,-0.12464074813003727,1.4781743266622502,-0.5506285453038096,-1.3272402217920718,1.080601338829149,1.3176009112343146,0.24148599172221138,-0.8780837575675452,-0.2076454572371682,-1.5532897539759098,-0.4375581150302671,-2.721227114802366,-0.23483580454352485,-0.5555691348973409,-2.0940244339011245,1.1067811838777903,-0.50348401940045,-1.69173903775104,0.5021129862583774,-0.032638809810363295,-0.4445794640686648,0.5802795583680108,-0.18663822996679993,-0.38302072470593096,-0.67503155556694,-0.16005388057041992
-0.8919301843792093,1.0124378460178354,-1.6406775421703712,-1.747768890960563,-0.5530453382655782,-0.9537277647257701,-0.5022217296280603,0.6828014803538682,-0.15948120271862554,1.0529647367337187,1.101740008465001,0.038873710010190674,1.2555001612846628,-2.0336892767029835,1.46712267457869,1.3513598437088763,0.315166219831813,0.4498304332707006,-0.15392017748480552,-0.8067722642116657,0.09009945202190973,0.031427295367513125,-0.3261084235584204,0.6555406235172081,0.15699908609870375,-0.14760031722335867,-0.02376557282417607,-0.11035254753402114,-0.16026396982370672,-0.0787880964788298,0.4656443490908821
-0.9892640090117775,-0.4185766248343011,-0.1279214962429504,-0.35177074960021026,-1.8116084566653294,-0.40128011195609675,0.050956737407336646,-1.3094345286466178,-2.2496741196671666,1.2597200089120655,-2.1712709038201865,-1.4698791880951816,-2.142010985297321,0.6713097433692172,1.2113639231921165,0.44095544032229456,1.170789084560666,-0.6176305394770262,-0.4335233251322566,-0.9232502382833255,-0.1280364777744191,-1.8482490905436384,0.5865925364170076,0.05073918301763866,0.3045650512037177,0.31114040536169835,-0.24590614031614974,-0.03791320142040722,-0.14160899136096797,-0.045570195901731,-0.34047451418824654
5.042139113857434,0.33769791416087075,-1.2255343985951477,0.5644739162674882,2.078526479713431,1.5186919059803663,-1.1527485896046032,0.20124297076169323,0.9995629982594527,0.8758133609801848,-0.37859348608041543,0.8760435040415582,-0.8741954462272753,-1.8974478740060243,0.08675188859178044,-1.5184592426031116,0.37953478012354314,-0.5129792894139488,1.5846393361188582,-1.4671668706141061,1.3143124606495433,0.2786486384995578,-0.1894639315509277,1.1709698334999739,-0.0460592842874668,-0.11635233023204379,-2.437211936574106,0.29991261935242325,0.6487840354630448,-0.3621204098932929,0.07426267587358304
0.9213885251322139,-0.6256731799572848,2.6449570685990196,-0.8379927619017574,2.3784545291979344,0.6819267457669552,1.5038883758487178,-1.30883247421283,0.9241216051990158,1.3847657606922044,1.5752419825148682,-0.05655460913747822,-0.31040493946255426,1.2091580178601078,0.6239635830617066,-0.9719944613851268,1.4848728474183528,0.42485506666448347,1.9982082672087687,1.8760017855056188,0.9469760222701366,0.8637532035911851,-1.0014556641208174,1.307311643126107,-1.1844323928036224,0.5007026894320782,-0.22256105824690753,0.09492662529211914,-0.19847660196693964,0.20477639486306937,0.0878841699941717
-2.9447411121387472,-1.0903308565529517,-1.6152786084221948,0.3389270473964316,0.835305256605062,-2.2306160379025854,1.4586985678195656,-0.13096684229610656,0.690331024484097,-0.6249173021156237,-0.7512180924094272,-1.261461339633946,0.4346103533009772,-0.15920797220995342,0.19343374391706183,0.9578635315127253,2.0401240289939353,0.7361443469317561,-1.7114278324824606,0.30914058839229963,0.395198301966323,0.19774511312043414,0.2721943870169282,0.3525559026896863,-0.005991622066683859,-0.039433655968281155,-0.06516616469799257,0.6487665035075932,0.005890382837810695,-0.20667245634154827,-0.10095390601985546
-1.626483957611894,0.9286521823860328,-1.1599605613535415,-0.25935877999285306,0.2966177848844464,2.346855662627866,-0.3063789743824795,-0.4001283454177213,1.9541107260159738,1.6028224769098398,-0.10038197219986325,-0.4294882781850482,-0.43939487254287407,0.5218387481664373,0.7846603137535866,-0.6661013939218959,-1.2900564729781157,0.9084178401381484,-0.16410009962977368,0.0679936553889991,1.3710152632941042,0.17024088607775686,0.46289144893501566,-0.5748171074660123,-1.796304364801044,-0.20391169378386195,-0.027335937922296796,0.183417794015456,-0.3963132578708016,-0.07430620293213559,-0.0838137645590693
-0.7423491179846945,-0.2234912281751011,-0.23921359288269067,-0.31140931352052337,1.762791199694621,-1.184342519258804,-1.9323889483604955,-1.1281605873429772,-0.9715127778467991,0.8826529206375441,0.5547262775864722,-0.7140042426683663,-0.6662302401877093,0.5394136786895096,0.30681548141836573,-0.6320920583506688,1.333667324877385,0.67848045440207,-0.819681915406396,0.7430908753226563,0.6011339948282485,-0.05578610365547729,0.5287388257838066,-0.04451079123324769,0.07598012311565845,0.13997916975934527,-0.1205142090536129,-0.8034818330850774,-0.3357763433264107,-0.10617882291310454,-0.16082131098287888
-0.517930479056387,0.6525204680026729,-1.0118052209733677,-0.2056352036496445,-2.0922664340565054,-0.8043976891598563,1.0405958862533382,0.5699681700012318,0.8262268773334901,-0.25896216280408213,-0.16432726052720256,-1.1584268756831673,0.321030960969359,-0.48985811220274394,-0.07418014612676417,1.4475221272867542,-0.13709894700666167,-1.2661774098042125,1.167113336464712,-0.3056019040402252,0.1889541815813012,0.7535501038075973,0.4642269935230866,0.6308731952340051,0.4226420000802285,0.8108092417924928,-0.5143456471553137,0.45243058939493075,-0.009082249721429634,0.0016507589999599393,0.014881510162759444
-2.129107133582802,-0.0353537925890674,0.2763154359202755,1.4919619093821725,-1.414182150156607,-0.5624146389402098,-0.10290320802483012,0.9064132078910573,0.04399902549435339,1.3148539526173348,-1.5534495450137766,-0.06575005703541091,1.5934252962053723,-0.10941037494815287,0.521992196674629,-0.267727679063554,-1.3980614164125726,-2.2348680373153567,-0.7590862067609094,0.08092922001016851,-0.17616879044398345,-0.32374918094416966,-0.07469140902438076,0.09168998161148746,0.3534232962615684,0.47419128311721986,0.1574658591806621,-0.022817756524128555,0.4418953415750154,0.19288923166046146,-0.0824223259760114
0.5897619388167475,2.526488059555918,0.0888208430443874,-0.14450787429184322,-1.9713267027596488,0.011013013206614191,0.8526447070631968,-0.4303106899431601,-0.10510710703685366,-0.6780069342655844,2.053787705295771,0.9947508091743157,-0.5106753996568193,-1.7988135506256666,-0.04288048404676715,-2.9818503240673913,-0.26986123812827334,-0.734915993409886,0.27832057406028715,-0.546010003863908,1.6139835243526188,0.21487899569210545,-0.8683089974837236,0.44246678545372087,0.0012408814135961282,-0.6289265795923321,-0.4033815702136384,-0.3439277465632987,-0.027341235846443324,-0.3084739732179127,0.06516432082730883
2.8346813343714587,3.0011203815378678,-1.3974527610770926,-1.3313374576671744,-0.95987371354373,-0.17812133984040074,-0.20996391017151952,-0.8591727097729237,0.6578021171594077,-0.6732224251674664,0.04142057378137701,-0.16011056625424963,0.5414876577857038,1.3755164065721643,-0.5059297794123642,-0.25092675940503295,0.09839312293516671,0.08292082853239767,1.698728376688566,0.20370931651792315,0.459241685512938,-0.1027090319917666,0.06093117272859936,-0.5944069514541945,-0.4280263516694623,0.9563673311626343,1.0640581767290063,0.6172940050553861,0.5692082136877037,0.27197213916200785,0.5332412945581468
-1.7429806719144292,-1.3025175495536643,1.6947426509614663,-1.9324395761783608,-0.5532677903503318,0.14586009387797622,-1.9621201849974785,0.7483651412795804,1.5366397852889893,-0.8245388267457592,1.3306938614840065,-0.8358448326272165,0.8204422613940779,-1.2681187703696102,-0.44832999696810044,0.387185984839199,1.1301498454483807,0.10708111231269997,2.197807961645294,0.005296208671675171,-0.4687873758910085,-0.738807336192556,0.8997925119191544,-0.07787015256667987,0.08301104716321278,-0.5912689766110026,-0.16800013152417562,0.6222572990009587,-0.44091559829692917,-0.2397223854578404,0.017978163053436334
-0.038682814141512506,0.45521380364179387,0.20043012918704717,-1.338937691089816,-1.8037534852776982,0.1328392682332628,-0.007381651722060938,1.4521231328689104,-0.27416622940839497,-1.6179690794973836,1.3138849877340475,0.9603152554861195,-1.6095042743259922,0.7213937360193414,-2.397925837447499,-1.693613490906776,0.31034390697747816,-0.761235210008914,0.5154651742696845,0.4215021787247462,0.0726358705637596,-0.5100846113078042,-2.1878356871384743,0.6181186785426206,0.5045706834196108,0.8431957147155877,-0.12478651710802677,-1.0948752503409338,0.03602512935152075,-0.10159778834125024,-0.1102203091300083
-2.0308419029171554,-0.06169171140542601,-0.16451367954307372,2.0806655426923135,2.2320199639441403,-0.1544414398609381,0.1951524644887581,0.1894635523227571,1.1040346447934455,1.1857067480805632,0.43852287632344705,-0.060939617825441945,1.0048677412257698,0.21204686368509107,-0.7341228096611739,-0.3796356386494691,0.6930164869393796,-0.22464176904607963,0.10157686840907539,1.2972686411191843,-0.558652522810887,0.6789837078357405,0.43147866548480324,0.05805717734130739,-0.10700088513793775,0.08373646023687877,-0.14351790685886387,-0.032755511846292606,-0.017913423846152757,0.0458993164920439,-0.07343171940088496
-0.18519491721067272,1.065278215886129,-0.40264916789520344,-1.1683514270380482,-1.4332262182864177,-1.6571598128707843,0.08376310865749742,-0.804444778475363,0.3616904312347028,0.6193682793822128,0.2650949172646006,0.036619389388901157,1.033773222908043,-0.4207592294401484,0.9336391213341507,0.17497842023819513,2.05833124904311,0.637656016184841,0.22664356530865423,-0.10050400035247506,0.7351314460264481,-0.038276491426740306,1.4998545386748197,-0.8887115874606271,0.3612939301123983,0.31696861002865206,-0.015556338754409017,-0.5276672780628268,0.2009829684153495,0.8557754830158656,0.5420796997708405
-0.8820005475852375,2.481785461055703,-0.13581093136475458,1.1924734525811567,-0.32463690892064073,-0.6001456649342465,-0.04732679041024924,0.3122389460023732,-0.5155810590661347,1.0749775269146171,-0.09298584898415858,1.4187043793767586,-1.463937392489316,-0.3982799065756383,-1.991461183365123,1.6669222803194896,-0.8062288905992943,-0.25621923545768893,-2.3762105253381334,-1.7548117439564868,-0.9869967568889942,0.7957835782720301,0.5980306138078566,-0.13776249030575524,-0.5871132508571025,1.0409518684070693,-0.25932553848933654,0.6434529771539329,0.5973027735872264,0.7347619608565783,0.10820618462687771
0.8562473440426862,-0.024127629338962772,0.8633390015496204,1.6381399940999992,-0.6776593643261697,0.672872639613205,1.0828290166471375,-2.492647514274391,-0.5449120032332517,1.5503443560321029,1.0875107595538076,-0.9712775994394521,-0.09179394162925746,0.6402255968684184,1.2335554382659841,0.5196633824246178,-0.3725058202532716,0.06890337212523746,0.7948554855863985,0.7726741984041845,-0.1561437855590909,0.2930211312060465,-0.4724065442872668,0.16000209848108063,0.8604953519906888,0.1601254430717541,0.2269561049890793,-0.23418434308230432,-0.06203282468792192,0.19777646611705338,0.07082905133336478
-1.9497538389849762,1.7925869455840033,-1.0702517111974337,-0.4369383231915483,0.46427454352972236,1.5207504065511606,0.5877253169320766,-0.7907583034566588,1.2389558474801536,-0.3786668409279987,0.9672214630523387,2.523038304444766,0.21290942061507273,0.28033897642432887,-0.7413205549803841,-1.1189955599215098,1.1477277282593976,1.4945386155129314,2.4044813322257346,-0.3156631116645167,-0.789868034370937,-0.6203152957445117,-0.49581313114131664,0.9282643364614552,-0.07977240000184137,-0.4437097462043169,-0.07967308210323323,0.15128162772307413,-0.007264920412687328,-0.2487482352328268,-0.07784270392031481
-1.436655443502845,1.7630638188475167,-0.35332791682625503,0.40898414453961485,0.41073239459396554,-0.44726320601294756,1.250420060388839,0.1311747595213195,-1.2990282893523997,0.7651528769077669,0.07118593818520078,1.8348113311101228,-0.7009169272702549,-1.449951394705556,1.5278569458348246,-0.9166238469708079,-0.36788572139065234,-1.5304266294559756,-1.1685277566640713,-0.39531129688219885,-1.2980987512027204,0.4909835275989723,0.035656515834574166,0.49351862981568284,-0.8952446172379993,0.19507773592700914,0.048757680095565636,-0.09240357028771558,-0.015930706557175475,0.09181227720833816,0.20017011690608336
6.102303934514942,-1.18669619690942,-1.318992244993416,0.10637557992896463,-0.3799674877766169,-0.8177256934852742,-0.13147669965124312,0.6892153963602886,-1.7223247341570342,0.15806158046363622,-1.1878608412751233,1.97659107986324,0.5502224976437292,0.6735130073791636,-0.1757439217133028,-0.043447924944802964,-0.32584299790090093,-0.09456869455452205,-1.8811846758921356,0.20214519221734042,-1.2560611446413106,-1.2609706731985795,-0.569347603829911,-1.9006508991242326,-0.3688010710874673,0.9882864497836131,-2.130929916044386,0.6706104624731309,1.5505894829675353,-0.942375314351553,-0.5026619003321139
0.13933907600199436,-2.464695617649523,-0.9819529724816681,0.09323793848877954,-1.7073617458751373,1.8259978432835797,0.07553663316591645,-0.08613666859631382,1.9160215728452104,-0.5295815446968372,-1.4076836371181534,2.0146242532775473,-0.28268902593847833,-0.43291980211484904,0.7852098058770375,-0.4077357354013774,0.8133130185038753,1.4585984379352226,1.1482481015359716,-0.010968240371321878,0.4515273214673499,0.8053311457314393,0.24127549667909284,-0.3513891850466574,-0.01385524983157727,-0.6326355732194114,0.35236029409432557,0.003768771430545065,-0.3682428962586238,0.5125709686348908,-0.057645206786478866
-1.0926036415637619,-2.915633960202944,2.1819991500047635,-1.7597094102216895,0.970185912353551,-1.399647399086877,-1.465661986028542,0.49605808457658507,0.08247330816904877,-1.6782125378420265,1.5984904375428148,-1.5741672761381382,-0.6366365931871082,1.4471677136646426,1.2577347243327122,-1.3149550426921741,0.00626152210508885,-1.0861891888048485,-0.35912104366668574,-0.32357962687799496,0.7969366681165168,0.0969263302863222,-0.6547181566634717,0.2171296141820878,0.06980488946344417,0.14770814461687878,0.12925747446288235,0.228086472301615,-0.027860061393350836,-0.07521651791897718,-0.06484258813551176
-0.10291953678142532,-2.1900865210427827,-1.3297689096297147,-0.3920808607786813,0.5351664250339738,-1.1961742567187539,-1.197857866044476,0.8147231948805599,-1.454525967202234,-1.3038704382857487,-2.1296233080053155,0.3442753667156797,-0.02623827540644225,1.3279875764223827,-0.548116264814411,0.2759306692306185,-0.06765748497736296,-0.053607708755496065,0.8113239801519843,0.5357541614303536,-0.7474336115200287,-1.384807555223173,1.3934045947849905,0.10587773197154876,0.28527406758117174,0.040441363063502475,1.12911868996522,0.1222679056193604,-0.17234138805322902,-0.45394808219959787,-0.06545517897245089
-2.7031909382404318,-1.1336460371690174,-0.014458001231204087,-0.16995313336000967,-1.0066096977842576,-1.3188927157464325,0.8311078323533221,-0.29486680174477514,0.3467698303026906,0.519826489999352,0.40718987429911346,-1.5699459003750627,2.2402127670596226,0.3313536889756049,0.9955605523677399,-0.6516536781228558,-1.241281873681005,-0.22674861304458316,1.1159102708893014,-0.4460925479563715,0.41848343468027693,-0.11613188792937204,-0.34264426888526145,0.33393506220576763,0.08820171058801489,-0.6983997398486763,0.1574622405717591,-0.8019011402398754,0.1312070151966882,0.0766640264602961,-0.13537678216445725
-0.6368415913192068,-1.0010323897974136,-2.0757721901117194,-1.6481289096165286,0.8830861518139773,2.0440356894860234,0.9429167632194655,-0.8467495119376229,1.6068461571918875,0.8073278917731056,0.8177856488013091,-1.4515865912320505,-0.08591334032740883,-0.327096988291682,1.101876336340184,0.8803537148559597,-0.598424715411782,-0.8959133451863145,-0.7266743536331997,-1.4448875973654731,1.486076313818224,0.03869157017747446,0.5432774197252789,-1.0350934579990863,0.20940084781375304,0.32724311243743204,0.28295131023190667,0.19912171056636496,-0.545211244577032,-0.42999448694918846,-0.11565997330138493
-0.7071085496252254,-2.2843214886794097,1.6086170798776962,-1.787183267122904,0.7651277037032457,-2.4952368335176396,-0.9797657268126455,0.600211575648127,0.16207553180150583,0.4052701515659239,-0.1492169898429891,0.37160521550895076,0.7587146621868442,0.4341628197751216,1.131612615749654,-1.0660324036921045,0.9893337261430556,1.4131435341466116,0.8234633714159879,-0.11739656461951006,0.1307914228279608,0.4613688469933535,-0.3617704287528545,-0.3410070324148804,0.11033275967074337,0.25978893524373675,0.22602275131927999,0.32930181478306436,-0.29873416412425785,-0.20110905997552966,-0.040711081493354416
2.656364006508405,2.6964731619012943,-1.9826712785645075,-2.1642665687647713,0.22421072973816603,1.9793596817432308,-0.8544447223565846,1.5742569675064961,0.547883872644609,0.9632645917641773,-0.6011859735629129,-0.2557439729066399,1.9310872536174395,-0.07648913616182446,-0.29272754908609583,-0.5636807476434704,-0.146376552267554,1.0134323270995478,-0.38615413554636413,-0.24198136013958432,-0.7630692352122405,1.2385375052480423,-0.2514396903439562,-1.012966499288787,0.3594323541580752,-0.35154335598555,-0.21519764149940537,-0.07672529099836288,-0.8849358773867939,0.016817362609526026,-0.043753450290085746
0.9448497412839109,-1.845776319118865,-0.709657942120287,-0.5061691526270942,0.6323649647076963,-0.20866444016300323,1.4473305790014839,-1.7673704521990066,-0.4745868908401197,0.8116432993178804,-0.7590126903417532,-0.4517905747529548,-0.6830771766782772,0.47627657483828284,-2.743688357578327,0.9959116232010059,-0.9529545358532141,0.061897827180179894,-1.1541653418899624,0.19281150838213726,-1.8958376797553038,-1.22589295849318,-0.7646259389946553,-0.24299789009234765,0.4384427024501084,0.1905100182721615,-0.21671587416171903,-0.2740936081878723,-0.45286146099253627,-0.20396670591109933,0.35680318658018906
-1.0055713744265076,0.1440280308187741,0.6274387331328963,0.31785901532166305,0.41581935772640927,-0.6210604575558676,-1.5497898895264999,-1.5252033196505619,-0.39672409247004786,1.1034266425870813,1.0822970364849267,0.6681263961707051,-1.8649945092206992,2.4089635350753635,0.10275290350821842,-0.421606916674394,-0.2612727155746829,1.594096285452046,-0.33444316267846813,-0.8237306707461886,-0.37061186557661213,-0.5668169421875426,1.551775198298549,-0.8654471435627376,-0.04203931754515767,-0.6766412646057409,0.27183203631168973,-0.8080795934829591,-0.37720445326502294,-0.5199621874765394,-0.3786464812441992
-1.947903604479137,0.7585773305352995,0.6087920882198735,1.2416087466530024,-0.33840227196373845,0.12053070348538121,-0.47278465516701523,-0.9075273712619837,-2.8875735613200884,-1.129633410009396,-0.7476460641815614,0.3710906046627011,-0.5526126579462726,-1.2470202552235181,-0.9729539284173622,2.0567698779167345,-0.28357563965733285,-1.185063314280424,0.8298474546467791,-0.6017471517780072,0.27670640219404824,-0.07158396753438329,0.15197612221463694,0.9481989232506873,-0.9106715936705181,0.6441851134215043,0.1836341666971336,-0.13232522273015035,0.18643250465276928,0.1701798528419994,-0.324066793727778
-0.30695071140980346,0.8792998615986499,-0.0772742726796066,0.7296012863117824,-1.0263635850915311,0.5034712646345999,0.5444909637764848,0.3815661352191475,-1.0280317725120558,-1.246979531277213,2.221603406947321,-0.4983726273633598,-1.2463231191227024,2.0071300039962705,0.665156311442146,-0.2906692682598814,-0.6016699542816613,-0.522226557490049,0.5838484775034004,-0.09354219488122946,0.41617669709684013,-0.03088791282215989,-0.8250862799055084,0.6027774068341424,0.10123974150352463,0.9601171505520942,1.0276938999888467,0.4268327554102829,0.6130729645497716,-0.0660090711243067,0.22200679725963457
-1.7112488120636402,-1.3610937746569913,-1.3072538079089782,-1.6508139762269327,0.4652270840208002,0.7751619260169417,0.0103634466418174,1.4955920829139586,0.8470058577200037,-0.1563422630485596,-2.9151599065296274,0.9024604251472892,-0.8507766777574868,0.9711387226161375,-1.1163563491709516,-1.693462431251772,0.5953877053930599,-1.2452065980670066,-0.22877750752519452,0.657208481550788,0.0582389538103196,1.0135091480485905,-0.8704468946395263,-0.1713278680976286,0.2608686104671523,0.14467981126690166,0.24152525730699592,-0.6347173575537791,0.1793957675619525,-0.11532854385826431,0.1537687562854058
-1.3427465291006713,-0.36851205639630313,-0.6672308508440128,-0.7328198804992704,-0.6423315611461587,-1.567108228810672,1.3840553296897014,-1.1791621843774096,0.3153968773782196,0.012684562422891867,1.4596942166446458,1.3820268188308213,0.35044461414077993,-1.229687898264844,1.053988915628665,0.3962603919149365,-0.6975928283636049,-0.018073335991166898,1.0036382004481696,-0.592964239193469,0.11920765213707997,0.483513653597681,0.2425016326842447,-0.2043914848785975,-0.07813089855664129,-0.6271069529845755,-0.12172234119390107,-0.35252917502210296,0.39763830878551026,0.349273150905059,-0.1477474265810474
0.3551792105212172,2.9178125694999077,-0.8805167692934103,0.5030248074921242,1.2447955766312822,1.4114107807639142,0.7907460637270611,2.4793924033583075,-0.18556662523868905,1.2113534331335658,2.0441618311819645,0.6326811389118338,-0.8892580377680315,0.21698858088411735,0.6083689157745904,-0.13593216412497458,0.9575345653519147,0.948107897361491,0.2663223025941973,-0.4394831593047432,1.0178673898445774,-1.4110166144741958,-0.18367057844707743,0.31454205962612736,-0.1833135880293478,0.0439498670796914,-0.20545926699788808,0.32847620991858817,-0.6699283428454696,-0.8189341667046133,0.08768011578694013
-1.8257804696957278,-1.1837344419203788,0.393631278920117,0.6093753001501715,1.4423511443828627,-1.0304410239448891,-1.1864802434034105,-0.823956738277294,-0.3576650758900284,-0.056151735242284326,0.7302986788940736,-1.268927128531696,1.4246690841012424,1.0065133130790684,-0.9916740189509574,0.3193651879363884,-0.1941415661458837,0.723541111642933,0.3636533817400435,-0.6325070721022247,0.4037050019558052,0.4362022582678366,0.19360657712366905,0.08338958727995849,0.09293282334654783,0.1475713681452136,0.017295988439028544,-0.9087294062317367,0.4299634352338632,0.00708423119863425,0.26631484605935757
-1.1308715512955565,0.2473960925165275,0.21293683305394606,2.147684599666806,0.5848096417600537,1.6927310933790374,-0.44895136612751446,1.5363722562378224,0.14418975551051533,-0.6742127994347448,2.341650529041835,-0.19317741261142599,1.1017724276355045,-1.0490660277877455,-0.6871042251256162,-0.7202006882220006,0.696926049391855,-0.20985807371948248,-0.3732807756546177,-1.0252753072200123,0.004366182022568389,-0.7526099931216792,1.1692865084661812,0.5244704519520065,-0.12568067947156758,-0.57980643906954,-0.03632489122017307,0.047002534432886614,-0.14029891468899539,-0.027302002431215614,-0.0791114053927011
2.0850350774131767,-0.607587653210563,-1.3285108357649023,-0.661229654422917,-1.4118004684839855,0.6995924422473533,1.8573377340753903,-0.20689550425280098,0.6108829896070748,1.8730021903616338,2.058842867677224,0.1374736300344535,-0.16136045400689317,-2.2075438370885005,-0.07722848316394046,-0.5220840644259491,-2.04378656450908,0.9115924815424247,0.568776296106912,-0.4083257038400469,0.16409599796589733,-1.4253613794722426,-1.1465234461479132,0.46352896420297396,0.2804664219214799,-0.11871676931829724,-0.8598691859498158,0.2609458658096977,0.14115824070231056,0.004991402638290804,0.0013868697018121795
-1.0929124006800386,-0.9793497050727961,-1.4105402004566836,-0.00925368042939872,-1.1848162896539378,-0.8428840826716946,1.5132080440733697,1.4418266297454285,-0.9013000168467203,0.8346335925259192,0.12981437003340252,1.179338879758175,-0.19850474570181081,-1.011815721846481,-0.09421969292414913,0.3600706777177712,1.2368020716829753,-0.5546650157409025,0.8024504533585416,-0.4267977167009348,-1.2769189032219146,-0.3610127920747733,0.0670500335315561,0.0018497382840126362,-0.08426321679872309,-0.5731208047559102,0.6132215109882505,0.42985900491061996,-0.14203864483636372,-0.12189460319504054,-0.3016658759496964
-1.9358796710472277,-0.7348459734008866,-0.4470780228188379,0.05233000959686455,1.8309711185281303,-0.23048474842694816,1.2527664242939278,-1.7928246360795006,-0.7186581191179029,-1.0744845075316058,1.8075708990301604,0.9007870909973031,-0.09624939553856818,-0.42079379627874447,0.34721837371847103,-0.005373286065295549,-0.6558248159928722,-0.3994397086199351,1.6301702786095387,0.10407179871861535,-0.8065579137794251,-0.037694659633757926,0.36878781840275865,-0.08472094938366118,-0.05333562998378374,0.2179175936475071,0.019862579692452108,-0.40884986544922336,0.0680651522526939,-0.19307505748235193,-0.12783894411324706
-1.7347084927572436,0.8256599087585803,2.912483538954982,-0.6579162475697418,-0.03821761916733268,-0.32575530015306053,-2.2912174520783624,-0.19905088035931115,-1.155355839101668,0.3985150099507681,0.20936321295276353,1.1006258551686565,0.24617946959638454,-0.4225978398224228,-0.9584879803891206,-0.41013406888097537,0.5761719400870353,-0.291713627418253,0.10796354570176615,2.500027523623176,-0.5523702917849982,0.09043647242804981,-0.35580604271830074,-0.05932754568055257,0.9506403735259019,0.17161212747305382,-0.16680851446082032,0.623142666565026,0.10591024629281892,0.1588399044442652,-0.28697223187148146
0.48821410920075375,-0.2622199888027655,3.672662293537282,-0.3990476460749583,-1.124568583102851,-0.9662181390996553,-0.3079272010906893,0.6505104797182248,1.4466979290244903,0.928443664228308,0.03885229103607705,0.15252670505998564,-0.2999916479709401,-1.2543196040406732,-0.013193960716198204,-0.9047794555556204,-1.591975174025976,-1.059363028222482,0.03451185321204449,-1.0949835597602213,-0.1415290063998048,0.580687051145054,0.41599653803418785,-0.836532184961092,0.5233419332314175,1.0382549517208512,0.0558859302386653,-0.21709948239330967,-0.45338865768366227,-0.07397938127227521,0.22735382416064923
-1.0895836858046988,0.2170863311038109,-0.4517512702097922,-0.2875119982253146,1.9265867822851328,-0.26099650880712755,1.201362718991513,0.90105539111101,0.3340904326864005,-0.14562488931384412,1.0395351004805782,0.22886735438531466,0.8633166011845022,-0.19883985827630365,-2.1098344357261416,0.6969394345424582,-0.2293000329711777,-1.513970124525097,-0.2799766766833389,-0.12230280038470766,0.3227400803334111,0.06777110998939928,0.033351460978780396,0.4062212828676603,0.1288834029270432,0.2879264962253392,-0.13883588933445032,-0.6730744589634604,0.021671461591093105,-0.30674377873567077,-0.04749109372430854
5.71222914224207,-0.16691824985660442,0.16562919110272814,1.4751719121946933,-0.5070290433464062,0.20639184153553602,-0.28616279238020037,-1.7042889350182762,-1.3182399429388612,-0.8602625476066856,-0.10060493648442566,-0.8874549393244575,0.34129541312364886,0.07868228751541895,0.1170639435189074,-0.7713013063149549,0.05398364857690723,1.0488921066050558,-0.14762139180759862,-0.7467974114192224,0.31971721454419616,1.721692095390061,0.8053372313250806,1.582321362933454,-0.8910500495497127,-0.30802313009399734,-0.6384807553713325,0.034704657192000686,0.20929965836650435,-0.5657104896201927,0.14513512647498344
-3.3016058003119646,0.5648938015599957,2.8081205161213645,-0.5223505693023863,0.03543197253756662,1.9905819576373784,0.9139499513294945,0.6755519388682513,1.7067620451226924,0.0924426202348878,-0.8925030968935632,0.797036600683254,1.3515335498109668,-1.044971327783238,0.18218036340551216,-0.06492007381940863,-0.7307204175036758,0.31556205192857445,-2.296544272057641,0.0017050518818768085,-0.26156430438171613,1.5592836577655202,-0.11702448195106055,-0.18238144141188453,1.031079978445789,0.2711793425701496,-0.057518210714853565,0.5849795653555876,0.11930895125434976,0.010867584577756731,0.09919458279503898
-2.649594739399156,1.6879626396760228,0.5584004063641863,2.893718284113669,0.29802037017072563,0.22735008946063573,-1.3553999787215827,-0.7655051786161231,-1.6686692501550375,1.5882658338857087,0.5403590569966906,-1.3506307346809145,-0.9180556647642261,-0.10301912042235999,-1.270774753532333,-0.3225868855985258,-0.14223896953082227,0.9098200730904399,-1.0758127181545385,0.5803268762103919,-0.8738744979652266,0.4757898929119266,-0.2597151304807483,0.33454772937976923,0.8145505453200232,0.0979028875033908,-0.11811057286138431,0.6338841289018443,0.1737252619326381,-0.08702419730527695,-0.13887391068745356
-0.051133856648243464,2.1482059725082454,2.1840292171578737,-1.8460064506943676,0.5433808029913542,-0.8490776404235454,0.48295340978501766,0.6523532746179488,0.5958663494852205,-0.10744096582729458,1.8794880074459828,0.682892898345245,-1.2500733205368582,0.015116725646758564,-0.7314628147487789,0.596807436726325,0.4764482764749055,0.476719252440597,-0.19577704985082664,1.1533765015297166,1.3032988916449904,-0.03996214710443152,0.2691868467909366,-0.4732907599671846,0.02866756227371655,0.45792418474833313,-0.5773127373730593,0.655181874639039,-0.4602774884468957,-0.7629827685277759,0.42355026852222927
2.351662931579597,2.1596929900041366,-1.145741666899062,-1.7910727787410188,0.2636361211896711,-1.5748164728218623,-0.30455473914485964,0.035182526621729535,0.389336108732575,0.19559202493295016,-1.677695381465862,-0.12036848632372078,1.2154225492423703,0.0038128954021910805,0.5449349147576971,-0.292932586821043,0.3441361157108209,-0.36871435427210975,0.14069488727413895,-0.5188331989284848,-0.311405800302244,0.36209145778350543,-0.21984111830568182,-0.5245771176281322,-0.7048186086890431,-0.6644095297777125,0.12720999121967258,-0.38491232252575547,0.026926588598384767,0.9215321277322376,-0.3387433132916832
-2.9955248467562425,0.3559081856510038,-1.0067241868101264,0.08410184124665326,-1.1496205397259553,2.557034037460854,-0.610280755989906,0.7727439677635329,-0.2662001388140887,-0.03933740246972437,-0.7940087653392046,0.4772361604395188,0.472723129128148,-2.5950848319033772,0.02748961873004107,0.2872214668720197,-1.1601949236243763,-1.8135923661261313,-0.9394446953719896,0.403889378037201,-0.9295243831025796,0.46930731573696943,0.42678528133444016,-0.4199206140045879,0.3454404614312418,0.5400815025816146,0.0030434318931857425,0.3734298946870752,-0.13298159944389382,-0.17032003320872519,-0.022637991089319527
1.918827247860891,-1.0797358087474136,-1.095612931035588,0.7452374014357381,-1.146816653695473,-1.1298067869745252,-1.065576910826338,0.14377248833750977,-0.4628531029688699,1.6962548648498093,0.5715986968531549,0.13014183619499337,1.4393191640480643,0.5317653321949808,1.2015723718713804,-0.42588916985976316,-0.8921675098707462,0.2823701838245157,0.4433574605581487,0.763018733058169,-0.6246878069805816,0.42550998826598324,-0.5968651152648548,-0.36539116120197446,-0.8457591853506033,-0.37688505485385165,0.4596940670310078,0.39152398225839624,-0.2784525130492321,-0.02369599121779628,-0.15306491375750564
-1.6476008249468648,-1.1828120688133732,-1.9090074955016758,-2.1765782672336003,0.7883070597482128,0.8438187382160369,1.684572038642169,0.8558721494440796,-1.6931539499483075,0.9855177342542241,1.4210522138184858,-0.6601324230085659,0.1831122774771648,0.01160966756150152,0.5036740848796784,-0.9679723974030418,-1.2271119071082193,-0.5403794149482737,0.23377718437509454,0.22563760329204466,0.49102869043397773,0.5927018641942,-0.4381163129670204,-0.5448204890977597,0.11337990012585672,0.2194729206893488,0.0786954847946588,-0.3193222510271072,-0.05489314566579644,-0.21066221911161417,0.10510102322003415
4.321767572139584,0.008302541071279533,-1.0172691482677976,0.3563805810566968,-0.8071070100484573,0.45426665089541474,-2.2362792120273083,0.6387885753293086,0.22638208553053166,-1.532620626532918,-0.06354124568404475,0.2741303731339966,0.3843496553901093,-0.8868758993255557,1.8026413169822926,-0.714641472025867,-0.46592861243437905,-0.2504563378179834,1.1388592605690222,-1.7103691667061327,-0.5119955930131076,-0.03417054817561424,-0.19331398026508578,-0.29580446264952515,0.07727937020723494,-0.003645576543930317,2.684592907348561,0.6183025525193286,1.4744478141102046,-1.0432860770520958,-0.24734283395234627
0.09874722127166453,-0.41418297293910605,0.06942004572315101,0.859605456384766,-0.516310294675723,-0.7543528410872898,-0.7561292931283978,1.461115666776205,-0.6354516090719872,-0.6840599274697122,1.0531902318032165,1.5982902674120347,-0.42004948338575104,0.5930195319963635,-0.23655057352972259,-0.596729857120142,-1.8418055946788547,-0.10718039467423493,0.42104816850712024,-0.2182295823544118,-1.128659125876968,-0.21725798871677282,-0.020475787503023885,-0.8128490080356994,0.13900519993264998,-0.08737895512146135,0.4611725911462084,-0.27862188447997166,0.06339426466879447,-0.10831198503375371,0.14457819018652027
-0.557464686259985,-1.1234072560070136,3.589175779739378,-0.08803775776994316,0.3783440411655689,-0.5702180951093988,0.6730128502390137,-0.3684110167981744,1.5561356413241487,0.22353995335085683,1.8508364025774877,-1.1034916538875958,1.1599250091412578,1.2522708257452082,0.12393090277409365,-0.17240958032866951,-0.26526093699736414,0.1569535957314891,-0.7634227371607353,1.0668919972680655,0.8147224837167037,-0.24047387554385963,-0.5858185725319288,-0.8420239976768131,-0.22177870751252263,-0.7617600320556531,-0.02335329873241895,0.10257164684635096,0.38989974396632837,0.1458046327621687,-0.10523991475829317
7.79509345535323,-0.7456442578586069,-2.358311691470707,-2.313072677836885,-1.2947874562829993,2.2933201497355977,-1.1450899653183702,0.01877982413815128,0.4378294277628928,1.393291116660874,0.19185361219433997,1.4627977906459129,0.707091287005681,-0.9649075427299115,0.3059217688704543,-1.7112509313054909,-0.5877959874739893,1.145895582732176,-0.5217118334245783,1.254345928313937,1.3271967867873857,0.854670244415463,0.45434880425444957,-0.09252185244716951,0.1290865193247416,-0.9342440270596648,1.1588616112374792,0.35232139567940296,1.1177021040500628,-0.3378691355407665,0.02334379379632087
-1.5822418438241213,0.14126443152486948,-1.1796200653182247,-0.5040225520844568,-0.5796732819595877,-1.304320679110956,0.14959580840095318,-0.7567273426587815,2.333238860573813,-0.12969288576497115,1.190592541124938,2.2749033422408624,-0.5983358991943355,-0.6520240382871344,-0.7308444617572276,0.17588841394037125,-1.2415299169534153,-1.0770903819804811,-0.3534694600978492,0.6034052310411484,-0.1834619518999889,0.7511544532693833,0.7192345120926119,-0.0710875056921916,0.10260850321562225,-0.5615400407689307,-0.049716579126314706,0.19693274911945705,0.03793638706874589,0.10613575380264018,-0.04371261715675481
-0.586224856337657,1.7635836145414339,-0.9530069040393363,-0.38808201842002843,0.12753848107418275,-0.25788540062653487,-2.005542466392892,0.4901182738730272,0.6683157516074386,-0.4490949962177703,-0.674861895909853,0.4457619401040287,-0.6448558613955769,-2.61234339956345,0.6950553954074302,0.6566620457395766,1.0468637369171134,-0.9649387576882392,-0.35621482400497917,0.27237367038793625,1.8962130182571475,-0.8433510956736086,-0.7189491354135937,0.2872228656532072,0.01697423668148103,-0.029990123224645265,0.11467080246871611,0.02760627823398485,-0.29289259924718203,-0.5215460088648268,0.058896095296655224
-2.2276454974488855,-0.2480140150203106,-1.00708825341503,-1.6317343046353143,-0.7341623084315698,0.19206507677656526,0.2885986948722908,-0.22569027755016582,0.7428155728125865,0.04173498951055808,-1.0789065993571145,0.5083155151414867,-0.7006004392010805,-0.30105763764429305,0.14330283009343542,-1.8155382503930708,-0.15367576287864393,0.6258825804746916,0.42813459495673417,1.441493383794226,0.689366111439031,1.5992325620683323,-0.5480615240636426,-0.20968426693144662,-0.04539360006759345,-0.8265481380749841,0.29924870050217706,-0.6207746746719659,0.11149986429486675,0.03774757883968055,-0.2434717508732537
-1.2270372145657282,1.9696765751197058,0.3024470562096611,0.7660510495039514,-2.064564446639847,0.032569491769166736,-0.3242479707973557,-0.7070234576130797,-0.37600222025007707,0.10702385549496943,1.5204320463443421,0.8888618641461409,0.07159127309119374,0.6732388871468952,-0.4636224455847414,-0.7436880932885713,-1.1017435560045195,-0.31504781585601677,-1.4415218087710868,1.6344984036705188,0.38335026815748297,-0.7272097771104578,-0.024004593443980635,-0.1730634140756431,0.07981401629701725,-0.5748541478260283,-0.40738725257551966,0.1915054879061618,0.09520641542781183,-0.15973208834760938,0.01630181627637892
1.9950903480687843,-1.1942460136147945,-0.0820224085725039,1.730700468916185,-0.9797940818908947,-0.1751355871380192,0.48250335039650993,0.444646833275833,-0.5371422884176981,-0.18711487766966117,1.4464202680771971,-0.17058190914942253,-0.017698523917904004,-1.1117614487357002,-0.8721886162367803,1.3044457700284768,0.7483950301743358,0.08686146144631864,0.7814677240006774,1.2561679297883552,0.16629819874458826,0.28377882352325573,-0.23819851106573836,-0.08890319038691588,-0.1565876749401515,-0.1906028927882234,0.9262194361952468,0.2122339850037016,-0.1206290400254873,0.38501988263472975,0.018139982228529472
-1.32526266334088,1.2901880036274094,-0.9534598035689164,-1.3925445409563981,-1.0951753069969867,-1.435502508348125,0.34920673294028076,-0.5761704004953573,-1.3803958450450473,1.040263529883327,-1.5471990668281679,-1.682552732148733,-1.718498491870666,0.16921021737512726,1.672610285856347,-0.3671211495786695,0.45784700909338816,0.4364703059655271,-0.4302456370664877,0.46017568229620787,0.1735958272865236,-0.7395747793332884,-0.3170222144981373,0.7037893095455697,0.2697322977053118,0.26778467978353104,0.02500834892559384,0.04704942950116752,0.07676680621122552,-0.06219820797328104,0.167946268754146
-1.6307133580102997,0.2599144732757405,1.9656503687458133,-3.4562349116251383,0.058054144953748284,-0.5687898935867159,-1.7725732058799402,0.8353780165302626,0.047104870041085614,-1.83561024954665,0.4644646126689606,0.11532742210396138,-0.8333861056432279,-0.7815590644915307,0.44909705326583677,-0.03691904903550323,0.3036239785585056,0.8290090958986756,0.5881854946466694,-0.008886135786286697,-0.2130403909967788,-0.2929831459751885,-0.9044290796171428,1.256669710571784,0.10483742811175076,-0.25143117208940063,-0.1233548029277765,0.08669615044282945,0.2961403510079437,0.3264965373319019,-0.008214945718239445
-2.3847746903678297,0.002429258872596872,-1.0557762571303684,-0.8340672226710535,-0.6891270111570718,-1.239433362209095,1.1691987168186133,-0.3070928792188091,-0.8313615309150398,0.28205796425140855,0.23472843520002282,-0.05044579804930193,0.48952329785036625,-1.9805448619366475,0.47521069672499694,1.2133577433099372,1.419639912910103,-0.8397510141041474,1.0446107814587189,-0.22590969554501342,-0.5430220785603094,-0.4030537357187536,1.2730063682652866,-0.36432964780822696,-0.016165983523251073,-0.5223778275411067,0.18472381026792714,-0.1888925460698199,-0.4789873712006352,-0.5564488830966583,0.03495065682075038
1.2175141975678987,-0.3344116077667869,0.19237399973335775,1.4592122701108925,-0.7845374306096962,0.8771159727122072,2.347017780040003,-0.8513490113620357,0.7374976345194401,0.2838435531552694,0.7090342543454519,-1.644966875011896,0.271868007660362,0.7564821614599612,0.42053896333505725,-0.3412251203330107,1.4041323919369935,-0.7276042865024289,-0.22933617410193657,0.9361596265043185,0.16904849252249685,-0.347211197153094,0.8157098222832203,0.42803065769521587,0.055357031936522264,-0.17277177700815816,0.10784395921877966,0.0005995231505275441,-0.7760528626666525,0.13060107891238745,0.25072090719260676
-0.27986136334914236,1.6710099739980564,0.6576761027808995,0.8478322659358526,-0.8732500011241925,0.6578760658116822,0.7669169508895323,-1.0748345490638531,-1.853108337569052,0.23654114206560062,-1.3652076337923957,-0.46291588267066797,-0.22752733381230142,-0.6038239896351529,0.010108448041721401,-1.269080083490898,0.15310954821902772,-1.2759097403581714,-1.0195768462372852,-0.5105645749069144,-1.1152723974762928,-0.6763345509279008,0.20379463895346933,0.35180193522097875,-0.42486045436371633,1.103822484396547,0.25460412482471223,-0.25426408772561393,0.1782768943140825,0.3861199291542571,-0.04128985856167108
-1.5920584893343206,-0.8008080969778402,-0.26357127766750865,-0.4251918964065187,-0.6137300063700527,-0.8016717168032514,0.9033596818050743,-1.151311956737782,-0.23474714535428687,0.45112873549881394,0.8534585230343258,-0.2038880629631843,-1.2400828736229055,-0.3383119962242656,0.05105312421023272,2.1461851173708517,1.822355317721572,-0.30563285441757043,0.37210924676121016,-0.33871399807764985,-0.3117278664046884,0.06419082667317688,0.25675309178009653,-0.0912488363241857,-0.23214049410430163,-0.7328681454616964,-0.15303780934076497,-0.3943351245404443,0.15605059942260943,-0.023802040453893402,-0.056257467582069044
1.575038359123532,-1.6115740840151964,0.15451582571218667,0.46420730164315344,1.9368068545733756,0.36777704227143904,-0.24346075180199925,0.5455414101162893,-0.36135033529047517,-0.9304201147826802,-0.5679189730838113,1.2826789083556491,-0.8706442779056888,0.253223856549359,0.8074866010340643,1.4125458487183293,-0.9045266700097813,-0.3172010015543814,-1.2297660579060412,0.25798243942869664,1.4651660415197656,1.7443192851891147,1.6583195617006272,-1.37560466544038,0.8238953163790644,-0.022675537165801934,0.07048593709801447,-1.0354540446805411,-0.975597741185099,-0.26265539772968227,0.34476611499161114
0.6114861764404207,-1.8321972641029114,-1.3844799509554555,-1.560255798662152,0.1498909356840214,0.29666325663744264,-1.2396039852934382,-0.32038241256289973,-0.017776069715783695,-0.6880803537551843,-0.6126893730194055,-0.10288597296886542,0.6007926016717601,0.10828502941963157,0.05682491728553691,-2.3156735732157316,-0.4031786198241901,0.3935279675066275,1.198725458068729,0.3640473101883626,2.319780412352293,0.47910108698731085,2.0398101586763575,-1.2047754890216011,0.36328661064131507,0.21250944296477345,0.7602947122207498,-0.574316145814987,-0.32217979131724084,-0.313985548855059,0.12406741909445491
1.2811739926196026,2.102195246925353,2.276529669721781,-2.8967647770584626,1.3273826158731896,-0.5289497768791869,1.379073213386278,0.4651371968411747,-0.6280798355602942,0.47699502418481693,-0.8206711154363147,-0.9823853758465972,2.3749251082252645,0.15850475863630467,-0.19440439157872796,-0.06964100936157995,0.7048343006793405,-1.1631458680919946,-0.9875796693112698,-0.9404448994790384,0.2211043379511395,0.38971899503692314,-0.28752637088979904,0.7590044532202336,-0.038027842029835404,-0.8328839726887207,0.21350527883910883,0.023925986292841584,0.14520818773522254,0.055821646510186125,-0.2220010451525571
0.8864572464392934,-0.7622007656124081,0.4925668687966125,1.4602889231108853,-0.08004861109942986,0.5185725233130754,-2.6635363807879098,0.9873533496257473,-0.5489062907643645,-0.8749469107519313,-1.7183795553182677,0.5063222338270471,1.4761519728538184,0.485616441567918,1.306415969402787,0.09097438468867815,-0.23372113884268556,-0.203456493427477,0.9362524773739431,-1.1640750059806904,-0.23724108232202296,-0.7703552192356696,-1.711534600446318,0.18306183373922383,-0.8688493190981963,-0.2746050020492219,0.17648672766678156,-0.697232715020604,-0.7526717924092096,-0.02333763371385066,-0.28358025137489457
0.9701214941007507,-0.5466701919465005,1.9021308967093071,-2.173542516953022,-0.49959359271692033,-1.8237587843856546,-0.5329561827561566,1.0035683020892674,0.17674122126071526,0.38899984945426846,-0.468559863689476,0.4840264573241792,0.7428872077031525,1.5462449939774308,0.24396742969078722,0.4945887671462104,-0.9261455195435431,0.6561153165861604,-0.07980894656459304,0.417972440107195,-0.03602437573547814,0.13789890509714037,-0.7330756278619089,-0.12705946524556241,0.1298736385729338,-0.39392230689230845,-0.2364689091023598,0.5867758167405729,-0.08108319013361588,0.173430065064922,0.07220631135458232
0.23279457633924805,-2.4696468031007894,1.8753466379309367,-0.9817974420623536,1.3125808102238388,0.32079215468044897,1.5160995905982737,0.828939522062426,0.5585543839488459,-0.8276782259446901,0.027685703313505394,1.8391029625473443,0.20163454592989397,-1.2218976499348675,-0.11656479022746968,1.2166506838220117,-0.3068016528040535,0.3739367714983451,-0.2294909772612037,-0.7727292135032968,-0.6262104712114858,-0.09366383400155888,0.2562907563743766,1.812569147715006,-0.7699987644124747,0.709213913428478,0.16429140725092833,0.6269225850882207,-0.18334222739350728,0.1586526742662757,0.21113986831143608
-1.9209525489222836,1.5983687248108618,1.621205051922909,0.8966634424502469,-2.2298426829152382,0.126170444266689,0.6564319816500181,-2.179555763986844,0.9549718384052825,-2.0384805649515725,-0.10388188624981905,0.27522226214789125,1.4305363004338392,-0.8217829565263467,-0.7846657408427555,-0.10449717905130655,1.4212609489828563,-0.8259681004862118,0.5791322419166338,-0.47805607834778024,-0.3086922490886009,0.49246100714168023,0.3413668738126321,-0.3348805525955,0.08448598345207356,-0.5702936453760301,0.23917430212618282,-1.063361203647037,-0.08251001752266904,-0.04084705129135452,-0.11935136583218471
-1.1300830174624696,-1.738523978764356,-0.14160418556189325,0.7735119878678154,-0.3128301995961138,2.52109237158798,-0.7863903857248256,1.1000492792325505,-0.5287210465360918,-0.5935506070410351,0.6389490846842811,0.17871516113349797,-0.4830925124439509,-0.22954882359079068,-1.2879740241821294,1.6767019411735684,-0.6934897272895854,1.1521219619653398,0.6557582616068098,-0.5348550338069332,0.3610728277803411,-0.04220994787170365,-0.6223719337020481,-1.0250624547060185,-0.2380307572993105,-0.724082402720524,0.04928726910650908,-0.15911395523786148,-0.07470109272998487,0.3898170438639615,-0.027992176608490717
-3.0020602989293113,0.5940384748146916,-0.04248124079578387,2.5960579877222654,0.5560143560882019,-1.1440683121585362,-1.6328588641780477,-0.9243540400932957,-0.7822087941435975,0.7188562787358983,-0.3124254857011216,-0.6241513829027148,-1.3576481059475118,-0.3236069683532582,0.45635493509516784,-1.7026084518576556,1.0263351605356457,1.7539723126041913,0.11194149261942288,-1.4868363718993869,0.1375997550286444,0.8696343658218048,-0.23655005536467227,0.01280874920054134,1.3686340510929111,-1.1478255866246727,0.17360857197254162,0.6757822784897781,-0.07081644046115097,-0.1011660877531076,0.06177660824682002
5.315952306116072,-0.3224780904318399,-0.3811891515259262,0.13605403233199628,0.7198413737363278,0.4165828782305304,1.976550159830922,-0.8728838645447803,0.7047908819314765,-1.522671466090401,-0.043225656066750974,-0.9613027428435488,-1.2032537654151505,0.6923448796210184,0.9122745339887276,0.4486118729375052,-0.1314121576625414,-1.7499492507285064,-0.21766792407058327,0.10988656971657357,-0.8407217085096341,-0.17707936205106783,-0.43581111248609583,-0.9507182119497777,0.4066188805113073,0.8621627704506427,-2.1108629302935524,-0.07488115052695264,-0.14307346560526427,0.1374881481844321,-0.42785298056096605
-0.17223356585966354,1.9469468905565557,-1.3050435203312571,-1.1134473386176815,-1.9995207364864898,-0.6791474594841579,0.28499117255184714,0.12616129656852335,1.254384067219483,0.4550998793426861,-1.3104964374163535,1.0440326808248173,-0.2127855662746006,-0.16953886428099801,-0.43163794016435797,-1.6914755117123808,0.8627332703997113,-1.074788077318504,0.5232886750134309,0.046188243028073644,1.0367544224274534,-0.17226534560221082,-0.29896743965401923,0.3994445288807458,0.5890378089337698,0.9643420154760639,-0.15633338348742534,0.24618981143691504,-0.1577502325242797,-0.4939006096332566,0.023887453809433273
-2.197315397052022,-0.0959351140666941,-1.1997961792663883,-0.5118634211913469,-0.9899713910537621,-0.81839951600874,1.383763500670289,0.4986561968498041,-0.2300492898508255,0.13358990763772824,0.22827313163958488,-0.6819995670678483,1.6583826432067985,-0.1410790812795789,-0.5040719509176537,-2.6376986017968913,-1.6090215305321893,-0.24949438140080116,1.0491922815705972,-0.623256998648405,1.3046683236694907,-0.9904850595444651,-1.0060905504834146,0.9393417973668406,0.1247397092238997,-0.6280098997690712,0.5559057177607766,0.20404273394605124,0.48657117731054705,-0.18644762212627397,-0.11412772417951692
0.17814334913952998,-1.6779592559950731,2.8318659717234675,0.27226821528739187,2.00257767558139,-1.3698761885056598,1.2730684818572786,1.2247621564363484,-1.0515504044742365,-0.21562574533066403,0.13443505391107194,0.4011433074568254,0.9617708085003362,0.1941221697460868,0.4647283582564225,-2.160645869050299,-1.9949801822570055,1.5811816004666122,-0.8333020484317469,-0.09539957700099616,-0.2063702752859089,-0.8368375128461605,-0.6651068965143899,-0.5400923844707904,-0.7552660827198314,0.6011422153012205,0.05722362181810104,0.31425888361717264,-0.20021703283613274,0.05894852727231808,0.2613504683796943
-1.5947098179612818,-0.9971813717131764,-1.0899670169388738,0.09324958207057799,-1.087948972650368,0.10155755967069792,-0.26099368266088724,1.2911607835215506,0.7296122274790001,-0.40611469829905467,0.8970020632790138,-2.2077626277821647,-0.9178003455392789,0.8013934828702832,-0.44340812920771067,-0.7678920503390336,0.5336658962472476,-2.5994386887726355,-0.3945025201508233,0.8352557927008325,-0.5207831007737852,-1.117141511325634,0.6625718401374601,-0.026922723298314855,0.08758137461087655,-0.6924193257496183,0.8631323712578222,0.5554701131507783,0.08048088458864251,-0.3034846968236238,-0.0625621916503107
2.5515093211493216,-2.396032271783797,-0.18367480738757616,1.5199709976414897,0.5189880168316721,0.93543436748468,-0.046488691659103,-1.7654524954421498,2.078309209984349,-1.1614171272352611,-1.1330617837151693,0.4811401266504447,1.3080261079745752,-1.7817928474721614,0.14071439678043088,-0.07919468802278341,-0.08505369626157493,-0.6025792012717354,0.5629763290021838,0.3810901861564797,0.3154670198511417,-1.291220458345669,-0.5706771489134269,-0.44896130305644366,0.2664777700933153,0.41670796231023627,0.6290238611868311,-0.048783300662240875,0.28097248156047044,0.4056296459304644,-0.07819261480148385
-0.9721972761185924,0.06502836894399286,-0.9440857289135424,1.2651871359358475,1.693242139543736,-0.21402788779465481,1.1088471751355098,-1.991577173473117,-0.7102344479858556,-0.2470745352912744,0.06675430990743125,0.49161202239900254,0.6914476708830756,-0.07420763726064313,1.3687942870089673,-0.7739271506825323,1.1448560535534347,-0.18237944202882808,0.6469197398222325,-0.21456869385137373,-0.21379440618797343,0.28267339277075293,-0.4212788636015028,0.026781993685070032,-1.0032945526816204,0.5646954672299972,-0.1813142355636451,0.5600648172620951,0.09362661870025342,0.04516815289502189,0.2214847498445647
-1.0388582330546785,1.540278285504794,-0.2199196700300013,1.0459892707653622,0.7834905286422527,-0.06973947414200755,0.9535382796823879,-1.864064020618134,-0.6349056006408438,-0.6667555253269387,-1.626768923601207,0.711438530894158,-1.4499580379536678,-0.6393543284186928,-0.9585517641409177,0.3022330018783642,0.9355061082190507,0.13137163945489772,0.3233524632850393,0.3851995189591172,1.3839035021151567,-0.6223525541248927,-1.353067833930223,0.5947344256418358,-1.274405538516287,-0.45182231822803964,0.17713506845963517,0.3985998765205368,0.302008254981252,0.08534834247861524,-0.20529983201886964
1.8768135543512976,1.2999906502079743,-1.1309412679839508,-2.2767349369966254,2.483135037725212,0.2324071587151359,-0.8324302673377069,0.0792963996206484,-0.4834818264683394,-0.37354852480835904,0.24105504030122674,-1.5206279968166314,0.5667096791849724,-1.4456355457056045,0.94238717691303,0.9160213755354164,-0.2683414216196075,-0.22344874762750683,1.551587462219574,0.19874253330485167,0.6104925530363062,-1.6958559669602606,-0.0027581245596167542,-0.30190608178040246,0.16230151854906003,-0.012192719498670504,-0.583754250871065,-0.5640305184029338,0.9813127416799297,1.391846782802842,-0.11373709462226146
0.8471955006627184,1.2967146572452164,-1.5014154153630868,-0.0025950575238654575,2.338056501018829,0.8544391260796212,-0.5066409665819707,0.8838583232330337,1.0063662372415478,0.779897786887616,0.33678379201532127,0.31394391838192676,1.5068654415047522,0.23325295869215734,-0.606542747394405,-0.415250107946588,0.28515088448763115,0.35475168005030927,-0.8190824424335108,0.09868065956133593,-0.7588968979897095,-0.8351988316854992,-0.0998242252927338,0.11924385638469696,-0.6443305360294119,0.46029582842547184,0.27708064458957155,0.34495310110548205,0.03388945795759211,0.1605840489433099,-0.07092656582542634
-0.8128116099698321,0.7638168328373689,-0.8686276730517682,0.5954084308785542,0.2246493542032064,-0.6594037821923593,0.6735507186678007,0.7467953038363048,0.7822150277997503,-0.5632984586549554,1.7447347027599478,-0.7515213167884065,0.32084825024727825,-0.026431864337655493,-0.20653718511057678,-0.7935596180042243,-0.28331115838820153,-0.06923966353647944,1.5283414695686837,-0.7635690901210668,0.9561792864120452,0.5446132698514429,-0.5742659767108115,0.07536688625612828,-0.2273856269711613,-0.7401168228427628,0.07005825783632313,0.3185430298043977,0.019167608858128772,-0.114513000577056,0.2288728802257214
2.729424235355662,1.1244219755553062,1.982470706692381,-3.1470946037413983,0.7563174302725877,-0.6047425050190268,-0.6213031933208262,-0.1822244502288027,-0.36128193024841687,0.4434243194739685,0.7938599501967417,-1.2227627890678379,-1.3598018858131153,1.4053149028642273,0.6622771274502027,1.4110311593302103,0.9055353763968669,-0.2975963537901934,0.5179224245786923,-0.37076149693201826,-0.8797534692795014,0.23226512829537127,0.03547585508856247,-0.7682926439441197,-1.0037098989969506,-0.2791990336218977,1.4837057669986893,0.5157646039098256,0.5825396145939817,0.5984770341125066,0.15816338989677597
-1.234043235485895,1.2347180026891238,0.01938618021232717,0.023102933239058408,2.726079874759926,0.05992283102588264,-0.9235134020878756,-0.4891203032643779,-0.6475001083577822,1.8100885961372568,0.7927663859427134,0.4988666139509986,0.5558065987433456,0.7478196707730372,0.4759587396717543,-0.7508210824254841,1.3135678423160029,-0.3927037695161759,0.9209426865678574,1.4147228639475513,-0.6442273351255653,0.49334869640269846,-0.08477611603740982,0.04112286367795301,-0.10751126126376823,0.23422510337701433,-0.16739274075233682,-0.9253933983778491,0.34762941483669946,0.08455626154762629,-0.05077484301098803
-1.5741846643260546,1.4755859233501933,0.7104358395473053,2.0223940350486527,-1.9310987918066191,-0.9888367762184747,-1.365678359774458,0.48316398774941083,-1.0434761123792462,-0.41601508988123187,-0.3040774594948206,-2.3498321550208185,0.02759113297120691,-0.08825366979287368,1.1894767830382378,-0.08704036395932488,0.016180501232476604,0.9864337334649876,0.21589027177351233,1.7871728576913528,-0.06522573984004298,0.013643593873203961,-0.4617240968985915,-0.20040771298377094,-1.0332772279731837,-0.6215041653254676,-0.5949934633222226,0.10115786205873595,-0.06140487624582069,0.015547315068454734,-0.3336904715053864
-1.6775066639342056,0.6806286110634783,3.1153884305195185,-0.6389612778261553,0.6334614577950488,-0.11488584554306043,-2.0341165511457646,-0.9567324655780417,-0.2657232091646058,-2.4894772772602045,0.052899277486493916,1.160928758419427,-0.11339094062077963,0.19176265151284105,-1.8108703364288958,-1.74548050256632,0.43716032661322024,-0.35263389922239174,0.14067978779453477,1.1291301221300523,0.9002891651941791,0.6858784203623883,-1.1161022087350392,1.1621423166175637,0.7930617684053233,-0.41857042156980956,-0.12312204825273823,0.418814832757,-0.11073433469875935,-0.16737595033952257,0.2914450538854593
-1.239600989064386,1.1819043062044154,3.260106641316769,-1.4796332653796167,0.15067447790992217,0.3447623147852552,1.2397208716802373,-1.8715630575808428,1.8191684525378526,-1.2321406352120814,-0.4472020472278696,0.6145971145260449,0.5002795813377535,-0.9950083716132394,1.6790229570008028,-0.06676889786577452,-0.5305523928194843,0.755096633990006,-0.19503240768264782,-0.14014163077023595,-0.39232583978718033,-0.7327580330074018,0.48980831561154314,0.1226725460631687,0.3159573903168416,0.6152463184523927,-0.0019994453723941943,0.06891990859451323,0.16574981980310488,0.06306583051991613,-0.126267596974613
-1.7373156338931062,0.03528606113092845,-0.9196306825610113,-0.7864258462115082,-0.6506235320986883,-0.31599005144935205,-1.7022580479142502,-0.9592051273978071,1.967855413673849,-0.00485878153960559,-1.838265322166118,-0.6408183502568751,0.03343721186767511,-0.884259589567047,0.06568253454252937,0.1482427059089124,-1.4244545488553553,-0.2420736385026935,0.2496642808002962,-0.21967953913949173,1.1087736330453313,-1.6770136176216708,0.8002318788605186,0.528803900719814,0.3379699360755168,-0.5908637249702413,-0.21897134581892183,-0.021727497785139785,-0.1036041875575057,-0.08004578601846717,-0.029245977117395627
-1.4149060760332786,0.5945638456166689,3.3354639034681046,-0.7915434332688372,-2.192592679410059,-0.3735729160789182,1.5784076713806834,0.17681538469740407,-0.5432000287681096,-0.1677098214617504,-0.8007519530723134,-0.6410985567339772,0.6143002175812,-0.5825238953704341,-0.48352235937821114,0.5823131768354104,-0.04087897412991844,-0.33901879782552874,-1.165066240842789,1.4103611261642413,-1.3288479895310223,-0.9736392294805378,0.4118888437695334,-0.09130442384930984,-0.7309604293248987,-0.3174416142228207,0.30583062729989585,0.4694627205621499,-0.2449581664881251,-0.1366388109231267,0.06690282042732464
-1.6800633894234331,-1.56574199661102,-0.5008354436694515,-0.03973925372869653,0.6379974340839217,0.15455236826417984,0.024124258548062258,1.7959060964822169,0.7262372169144599,1.198100379261852,-0.36952893411424065,-0.8400121224791067,2.9248713953129095,-0.5113800120340084,-0.011242242825022264,-0.5455849353421325,0.53671604094804,0.289498668835027,0.939874424327585,-1.2120935160148136,-0.6157585092285964,-0.8767393899221274,-0.7158540801443393,0.6305237302642024,-0.5272602090891418,0.5761833774888082,0.01960931697945109,-0.8963287740243062,0.27480950528249853,0.04744878175616314,0.32833940697000913
3.726653716800478,-2.054604317551049,2.7377920217971177,-0.27410395570638413,-0.4302027294710569,1.1703870628289799,-1.2375668261556514,0.6753513935747352,0.05153591595722518,-0.24451743485097996,2.156627269441042,1.2013316328545143,0.2950346134736612,-0.7553942711481811,-0.21309360529893367,0.843252528696954,0.3467136229374704,0.2315366535170039,0.1471597567532556,0.6262710647559958,-0.21355250938889817,-0.66049941248396,-1.3492913534660083,-0.18648539056171107,-0.03369993059893855,-0.18816813285945946,-0.14777381424877029,0.47768052834304026,-0.8992136303216769,0.258664229251546,-0.07519604736861471
-0.24949991859137696,-1.0387948148990485,0.8563224740933797,0.6083704909536152,0.29516037240559717,3.697212477710565,1.1714656149942992,0.25464503259973864,-0.4568984482847769,0.3583942186035752,2.2777958313818467,0.8150867098809725,-1.0621816223365443,0.14149144239356218,0.2528640373547915,-0.08047579455215736,1.4379201343396826,1.1299826285254366,-0.4849003310031225,-1.558715075805747,0.5417520233052849,0.7498701676171244,0.7827325022328917,-0.018411712312010796,-1.2603408450018807,-0.627256636371684,-1.23429507090472,-1.1200150575508614,0.22286266763435367,0.2695122197622552,0.0002245017540486004
-2.0833097733530006,0.9492161340472018,0.33197388303441,2.0567223771284127,-0.7255330978955323,-0.49429296224673464,-1.1323473208641328,-2.1294609151794353,-0.6252520738737526,1.041259858658067,-0.16101602141687724,1.2581941583626908,0.019252288441694423,-0.2569222499786303,-0.7378549161829291,0.31206971829175334,0.2775996669127236,0.5533509022512445,-0.15136795902749983,-1.8715784614943525,-0.18312963565606288,0.6457441237303009,0.44317821982017486,-0.4907914359818414,-0.7750870316299406,0.6489588863898825,-0.4300491825145577,0.3111139676232968,0.08949156713249223,0.017429895680536156,-0.09211615512884536
-1.6947190171585444,-1.4244160865542956,-1.1558161019520645,0.5112108098146134,0.6463279404901825,-0.42842697045273925,-0.1478027687458111,0.992972783735785,-1.384321425260873,0.5311458090041256,0.14463769999876197,0.6388270815307342,2.6469592880519173,1.0782056220689797,-2.223937139471037,0.9884151677826516,-0.39015966239463584,-0.7882590128506216,-0.13099981181093268,-0.0272399507244737,-0.32469178426420975,-0.6973602837756523,-0.05173996549788219,0.2850450746373768,-0.6426669266104194,0.4983455688209624,-0.3638798638481061,0.2830879448950371,0.11664218842740945,-0.13770746218812752,0.2796459759304167
-1.203213752961716,0.7168068298011478,-0.12081303505684893,0.2222401158764816,0.38255565329102503,-1.0314286884387553,-0.00584360409796858,2.2215753046722053,0.9118252620636322,-0.559222193346524,-0.7978238623919863,1.163517986816519,-1.2738466548299219,0.2001961194507072,-0.6083728375686352,-0.48749423328875935,-1.483370489906517,-0.8194001191216483,-0.05931184314976762,0.028555543663814957,-1.10605927917318,-0.7527734487193867,1.4576470414109772,-0.8174253951620198,0.14473688241408847,-0.585175584088452,0.07119697290639979,-0.46623984385481176,-0.10973094793053759,-0.5058926965208107,-0.1962168292657134
-1.6865835376865432,-0.7531735963300717,0.953945967864354,0.8230877852945383,-1.7315821402248204,-0.2315964680364631,-1.2164936904412802,-2.805340943893211,-0.11098038071464533,-0.40673652089256457,-1.4496952037423325,-2.105691546741027,-0.3677345279426276,-1.031439887523593,-1.368996498999661,-0.07361659534102857,-0.8719029071894661,-0.897727483572322,0.10638870375331663,-0.039622560470185156,-0.3392485610090562,-0.1569381104813406,0.2320628589490556,0.47828269113771477,-0.4256488548753057,0.4404570994051669,-0.4420298804673869,-0.6094209087951917,0.2806392285884285,0.3988581499618204,-0.16876489681694848
0.3978290550683647,-1.688746702361388,-0.438442944207181,1.1592684602466818,0.728917240188283,-0.5759798765901026,0.09275866892238091,-1.0777237607287171,-0.41014665065323297,1.3320019753831895,-0.8011864909524369,-0.39146654082805654,0.9741067089091276,-1.1220909671192358,-0.06781581783732046,-1.0677299826568925,-0.32625834655212693,-0.8333112454145557,-0.5376643879928331,-0.4082749437811908,0.1922879750888262,0.03572168753832425,0.42479447902608003,0.4194749080884369,0.18307812158796033,0.29221912351942503,0.9333760951673307,-0.03236800510400981,0.31725402178028345,0.06620717729806848,-0.08808401193998049
-1.9377765048711382,-0.948237227375846,0.05795778543252099,0.18604002429890554,1.5114885695692557,-0.5100743418855049,1.2530689243148199,-0.1174284705028912,-0.7280560507697645,1.1406192673371593,-0.3653408535615397,-0.5759635980884269,1.3678859076545034,-0.40961770593463415,0.16038963302811143,0.09806770834344537,1.440108091870697,-0.1893773995970017,0.820684083295302,0.6555752726131112,-0.9701857577369043,-0.5281273532319525,0.8287044176491816,-0.09563222229623733,0.06519693300828537,0.09795508664390348,0.05466174804069631,-1.0471526312254402,-0.1098401220456813,-0.012231238956587231,-0.14398240163130588
0.014977482859294374,1.7077472715493136,-0.46024632262845144,0.13363679752816138,-0.23053554484873687,0.6702713283012206,0.05415337396399516,-0.5637468812212109,1.8865739842961267,-1.9252095948901253,2.437023287085551,0.18442084783298401,0.5077080163758528,-0.5699985610275915,-0.6104601896500114,1.0405658879289679,-0.7632499548891478,1.1400004072079097,0.695255912065435,-0.3907374797876132,-0.24263154764236342,-0.005359754205990111,0.36276303516328284,-0.1380118844109506,0.26215789816465895,0.4009616325901019,-0.13631190583081046,0.23408990317870965,0.3342536221032194,0.4524131601059276,0.14353378084274052
-1.4365208432639134,0.24050016245657851,0.5528742146258261,0.19534023401071757,0.46213691463569223,0.3368368015653149,-1.0126851907966872,-0.9815360329801253,1.5452229548300442,-0.4740632410844033,0.5116540183582292,1.755408670088385,-0.10534899066609338,0.28157369018585426,0.4994461981776066,0.6447696729162715,0.13947087192468965,0.7705608033269365,-1.0419902493840985,1.0281435383197848,0.11017140370040783,-0.6400700898432518,-0.4355157464175249,0.3596424416045823,-0.10177376260035484,-0.5712225445678752,0.2283582629597699,-0.8267666005306294,0.7083635881090342,0.008238758104383737,-0.014853603091922319
-2.163833971715189,-0.03727297862180643,0.018734239456806433,0.23889377437737364,3.088741065866227,2.324733999188115,-1.1544065319522674,1.2994561020275033,-1.422451347330465,0.2993487224749114,0.06584831479256195,0.6912513338573395,-0.4097370281097754,-1.788568602229869,0.981883495771131,-0.5327632074599483,-1.049883852097737,0.5344201473161906,1.3111699592539434,0.8971970340471396,0.7457882646814024,0.4127967079620662,-0.8256375609628612,-0.47317645148234866,0.5617920195388132,-0.11118185891346546,-0.1274150205641383,-1.012536858740455,0.43056208867924883,0.022932542867238014,-0.1333806485615612
1.5754713004770227,1.6770973666304327,-1.619944477905924,-1.5008298500042798,2.4238856501591615,-1.13671871045788,0.06165030325277799,-1.0848402112178819,-0.7291581325576663,-0.34911428849676956,-0.2034559546831619,-1.139105866075337,1.0681963662933383,0.6400653352007067,0.588511415115596,-0.03999993778448074,-0.7767121892455219,0.5360400625146714,0.7024159224669763,0.5523896214959579,0.22300538915702176,-0.0669907660187285,0.7944326525887012,-0.023397932031356483,0.18819044947468577,-0.07506396474130646,-0.548984668910643,0.14777396507766405,0.18466003502803321,0.866572363889352,0.413163585032138
2.2559443220979674,-0.8098237508354948,0.1816335907724205,0.30311551910213147,-0.9055687635070018,0.37039032339542544,0.2832861862361936,1.3881859926016729,-0.1733304258471081,0.12167749869913735,-0.7235825190446259,0.8400287209089211,-0.09700317901730539,3.2045916829873238,-0.29978954745606484,0.5170827635694818,1.1129979293808243,-0.7741131115027486,0.3205321509932853,-0.2643272328817327,-0.09155550479411385,-0.4415380644431878,-0.7367301749456382,0.4170320401038804,-0.8461580472923079,-0.130011972177512,0.41673048880347985,-0.567132229084473,-0.21167560635777916,0.03561285642650295,-0.04816289262947627
-1.4367520532646771,-0.376721351825339,-0.5338747165589971,0.1607121796185259,2.092481706968589,-0.7662604828437797,-0.9537615897365452,-0.09638003291212999,0.3913368440439787,-0.13850443274987775,1.032342041596773,-0.837422439515234,-1.6774920061327745,1.2767771345154437,-0.1913303999134436,0.3867007279254259,-0.7263215008946218,-0.6662053725854319,0.2353101551914513,-0.1836045501893999,1.3743944979947327,-0.5078824941464547,0.2747216660004961,-0.2757433808345558,-0.13074901070961764,0.016444412360412084,0.5392570104675681,-0.04345006212899559,0.7446750975170107,-0.09024099968377304,-0.2319276172625415
4.218782807363584,0.626119751818329,-0.8180314273569627,-2.4928626376566454,-0.2655628159129694,-0.018033954441713733,0.1117399738113967,-1.1894580702113966,0.40791985826180666,0.8410625856857799,2.391042374512304,1.4020208228166804,0.050216924242059466,1.1332999347731538,0.5525355788222497,0.7044590153250521,0.5998685207878595,-1.5486290069427011,1.1583417135895921,-0.2040948450853344,0.6271481495003512,0.08427168937116597,-0.3631400553208185,-0.7736718104301968,-0.013137063709258552,-0.7116596388553507,0.24895338855337726,-0.768179361462824,0.2418716308116442,0.8423832968835009,0.04729448316120264
-0.1469627422193076,1.7219601738823975,-0.3249678799459192,0.08341248287633336,-1.0752533137970024,-0.4912253320051132,-1.7338767184991062,-1.1963669202993186,-0.5905201412635626,-0.5246956890563595,1.6187514873946545,1.2777930528965065,-1.156944610730969,-0.6555400407130081,-0.5169770363091982,-1.0167736231774596,-0.40435507884161154,-0.19661821911119062,0.48980471420676147,-0.8836792026307072,0.43480186963190504,0.6387182499217344,0.4756614707811992,-0.283443993356253,0.35300236473099683,0.9136974772440214,-0.10397954188684269,0.13681695359317692,0.1489524413512714,-0.06833646211099227,0.02918920725182114
0.7005344957777618,-2.300212026457723,2.352363196492626,-0.9623576995232936,1.6077095965275063,0.17193762237010973,-1.7048101758959333,0.21214724245636396,-0.0404115923170273,-0.9368856560991276,1.2334163493776085,1.9592376278356185,0.604479948389356,-0.922735982831969,0.8765477954482489,-0.14351314634925766,-0.9183068211704382,0.21035029874167224,0.6122524294876793,-0.9217625694372803,0.5021068038310033,-0.7024293344239039,1.6534424088419086,0.36569175542206167,0.22823595935333443,0.5322977624920279,-0.3534859397434814,0.14610257015835468,-0.8877813977365212,-0.09611298333846918,0.16472348756056773
0.17636889284560198,-1.7031114404221217,-1.255436910574893,-0.514554112707798,0.5061249675604966,0.44553865017338246,-0.47420836903551083,-1.4260028142404684,1.4758113253863951,0.9709886914385214,-2.0311462429786724,-1.7333341791489365,-0.45760084773507875,0.24665436586252287,0.3027368972755337,0.06548995517772706,-1.5160121870088428,-1.074466468913047,-1.4250191074054814,-1.4441198996055824,-1.1873560548578035,-1.7281446791000037,-0.41335593678528043,0.18794192789062822,0.5884067184242225,0.13122247898126035,-1.640755770813101,0.17454429474124078,-0.17775743519259538,-0.5204491176717734,0.32416446266739996
6.22076503442164,0.46044346127754976,-0.23686188376608036,1.5064809458424786,-0.6084351780714963,0.4976977227662941,2.0517448231470152,-1.1268840516517362,-0.5579228189873059,1.7160465087582706,-1.7020756913609338,-1.4723479355699285,0.17189197393515093,-1.4643933097880437,-1.1880269259344685,0.3199574394188978,-0.15977015857359192,0.8145307230357755,-0.6686089652048443,-0.9231249424867879,-0.9615063345923519,1.1451961187559787,1.775247262671965,1.1709417992543005,-0.8393643700893622,-0.34999606235243763,-0.5233966846448127,0.6012794670820806,1.5674871207390726,-0.874791272892606,-0.40604352371858476
0.034479893219156274,3.0436613197409517,-0.11898555500033425,0.8248174584767308,-1.3176548430769988,-0.4933906768716031,-1.3038636281982412,-0.030559121849884335,0.27358745439922894,-0.8211051532782301,-0.23991768329997676,1.2970662285104324,-1.4862635003898734,-1.2316205492307728,-0.5524212185290923,1.073424645110839,0.1310787955892228,-1.4957505769854926,-0.10792048351563302,1.3302800126054415,1.2641397786832202,0.18663901127544008,-0.7314765007607488,-0.46379400246349844,0.680631809238776,-0.816031303975184,-0.025887222554425732,0.5207749271551553,-0.15162052721837307,-0.03753191039430333,0.21999496800373647
-1.441458807161415,2.1174746525923407,0.1296148203835864,1.819552987475173,-1.7859988382169378,0.28555668353131625,-1.5607093657003914,0.808156587973878,0.2886555656397364,0.7518342436872195,1.1003994407376956,0.18683652807404252,1.3290343632933086,-1.1176655242246558,0.02918818115338899,0.41739118112072104,-0.46894590280755605,1.088207768573118,-2.0300436798303667,1.1540992741122158,0.6900628103340262,-0.9392647910406586,-0.18779685750127295,0.056452870798498755,-0.8391033161878944,-0.2861277171939876,-0.1310246648277011,0.46377821752211773,-0.06690807849364853,0.047381509522742324,0.030875570923842622
-2.9354891967235703,-0.46678901315060206,2.44160878222896,-3.200179317395693,-0.9481917270547948,2.8062592480168638,1.5465061157764548,-2.111363857126952,0.3155167218772035,-1.1034350598723348,0.9444971306966579,-0.6784570868699104,0.48099767941001853,0.4316866996899785,1.7990792120728318,-0.5265528379740736,0.7599754983621839,0.9411727320959148,0.6237259544332966,0.1205967195499813,-0.5049571288000064,0.5890535921375791,-0.2567916552554154,0.07455014085513653,0.19612019403286066,0.44849985143986976,-0.04487232611523986,-0.07493457568686619,-0.2489918220655456,-0.25370301603977546,-0.0911467926865639
-1.4882018839369766,1.6894133349276599,0.9857313289594973,2.433703925958017,0.5255960918599197,-0.4976942672145291,-0.39819218426711045,1.0937160291567172,-1.368306812660912,-1.2961259097106645,-1.2347334631983722,-1.5042933909227076,-0.8344648837767624,-1.2891678148266392,0.9375377708958271,0.7985017603413964,-0.4036817160132645,-1.1680104719677202,0.7857908028124048,0.47244778358463485,1.8079795302426291,-0.31157757933540703,-0.6832600169506431,-0.009702409480731424,0.6664930053725345,0.16769867293232116,-0.14469113564045297,-3.895271575168593e-05,0.34431534418450177,0.15494579779480375,-0.09259744850519294
-0.2440545731954779,-0.6190557977456035,-0.5839723411816389,0.3846687851927068,-0.8427180679207137,1.5342248494057902,0.6584758963444607,-0.4707123212032496,1.4701302688417655,0.9698029993090878,-0.35415604042315757,0.6321742407534463,1.768877420814345,-1.1109670807715846,-0.20643018898527313,-0.09125398687747657,-0.6114862165223701,-1.2660776628269876,-0.27789394773147463,0.33354753805391396,-0.34430140590639124,-1.52016391620749,2.046370684486573,1.1202809160417202,-0.5783868370202794,-0.15637622493154973,1.1002695718626196,0.02396437127567444,-0.003853590986353785,-0.2107430510138647,-0.015957930111414526
-1.6802611812354007,-1.265006312671755,-1.3036081136515496,-0.5452516123499129,0.8027715674224222,-1.5529349718382859,1.2441542114451942,-0.8308579661735852,-0.5025221566605876,-0.5244106491223187,0.40919732777814355,-0.41629947398384987,0.7927064370027849,1.0925007572609107,0.18335078143137665,0.8303145928075681,-0.5836368273880882,1.7444352687518927,1.252834717912957,0.6931891328165769,-0.793583075212817,0.1826756731313045,-0.4664691667157477,0.47972443867865755,0.12108732294688675,0.26048222714139385,-0.046963239837193735,0.02655808933192703,0.06564169085507156,-0.2420954684558274,0.197976652287994
-1.9635348082308914,2.7566014307469704,-0.5431711214717253,-0.6354235339643962,-0.05626726497320223,2.360845468513271,-2.283560666781248,-0.7288193314501824,0.2780001953077381,0.10863406493220915,-1.1767247525015616,-0.5287543932090099,-0.1199008416484636,-1.7759426636849172,-0.5904609602046137,-0.8329056428782491,1.0387825165881064,0.5287825932757625,0.3290290278238848,0.06988779320164094,2.6484647408208626,-0.5542805706517263,0.9540963805929558,-1.3541588303673746,-0.6131289620278892,0.7318175826520599,-0.0112703284153745,-0.345856698279902,-0.7495651200552162,-0.9454173084720484,-0.05560088672664067
-1.4238849527323914,1.5308792026141314,2.390444937475359,-1.4682872129562958,1.071947166870288,-0.55010915186271,0.35175521519894876,0.31461403034366475,-1.6968001263545733,1.402667632428563,1.55619190117356,0.4592427456915156,0.8672394000666321,-1.0052468516999393,0.9354381111766444,-0.0007782967480906944,-1.8870129543569034,-0.9119180930111501,0.35457151697916456,0.37464756466080856,-0.1925568288545786,-0.08082374294287875,0.6476249088323637,0.016214396387534497,-0.9086556879521048,0.2523233775718203,-0.09243276410564842,0.3736014360850109,-0.4439378959353382,-0.6478007461017935,0.25848588238400527
-3.0308486672011625,-2.513332601683675,-1.939904346360487,-0.8980367507952678,0.22763651838786558,0.30447456073511614,-0.6360057080586776,0.43257805772067454,-0.5701304305832984,-0.29401057140451753,0.3286821340467296,-0.11302662730181942,-0.6217788086152971,-0.9893304946068414,0.060807597295921285,-1.2490599176025425,0.15920956706196082,-0.38477671026294996,1.2054859770674218,0.9111775707288079,-0.5621818583581671,1.5756306239700042,-0.5708322589328827,-0.8950478838390963,-0.0033821502769711175,-0.05162679014955856,0.09206623513584819,0.12359820762364492,0.0793114955499056,0.276993899137291,-0.01482913859634072
-3.6428411875533357,-1.4178155292219918,0.08601708978527486,-0.7513945180733367,-0.6163545913928873,0.3379183101761265,-0.6540880726773195,1.1319489550294606,0.9495361814100247,-2.6503628668200463,-0.11920299121431463,-0.5575277398931644,-0.7982123992450357,1.7242948458994227,-0.32829279500472125,0.5077344994789202,0.17871130885431408,-0.8665281689966776,-0.23915372105751467,-0.8644629840716166,1.0626712437770118,1.8013687176288824,0.09900646958493754,-0.675386771838336,-0.16165795004541456,-0.9302722867631666,-0.002391151136835014,-0.973690999795946,0.2498314109591457,-0.02731301151420377,-0.006341554952506371
1.8588206756806633,-0.5852228386758602,1.4353518902446853,1.594294286638251,-1.6283787675784687,1.3157902866753677,-0.5612395744320577,-0.8333763257414005,1.4535042552753499,-2.804717550056626,-0.22097535672847946,-0.04110042364854023,0.9644373723027516,0.5444804043214421,-0.3353204586678111,0.9847690889534274,0.272164972736339,-0.11556089976989296,-1.0311265151707418,-0.4592573409637088,0.812957767761171,-1.0717223030045344,-0.08971683595070133,-0.060537802191341666,0.4822521454997976,0.7879218471809477,-0.7206136987339605,-0.6075854563499582,0.34721761857451644,0.226643049840332,-0.12954575962823794
-1.6019948422481132,-1.1410053518988317,-0.7862696026616796,-1.343388049406994,1.3805963913299326,-0.40656389279488797,-0.7926309580862866,-0.3363562476459642,0.9922936928855747,-2.4449026281697632,0.8834278765790391,1.3498274637699674,-1.2929219851378622,-0.8189520307424417,-0.6121659714483195,1.0866792849895461,1.409789503654008,1.0385884758566026,-0.5572329773044483,0.36629357639882515,-0.6884054878200445,-1.0575998501612287,1.122153107906115,0.10202707207918964,0.23986898941526016,0.17700689808383172,-0.08634214465485454,-0.8295650782838431,-0.3168211836640338,-0.5200938102564001,-0.22790461017343086
-2.29313131433175,-0.9834465121781832,0.4850150178894377,-0.032278125714948695,-0.32823912935397764,1.2944841808048628,-1.4020485477348732,0.9289955221537101,-1.1883581337831806,-1.2017158971627004,-0.0008611918405964867,0.8094681986473257,1.1999237094138178,-1.2198073114586305,1.0473310943629899,1.2563250208251282,-2.135678943255611,-0.39323149291530596,-1.784306655979551,-0.9922447302686842,0.7629788601259477,0.8492435456209562,-0.19291404606988163,-0.45297966818236557,0.06370161958088105,-0.17991535627576227,-0.08977536234959137,-1.0821462513550548,0.13822827108629995,0.17247309942375022,0.3681533072980408
-0.7994076475137073,1.1347180927810283,-0.42648888089352865,-0.11193284861759178,-0.24252639580731944,3.1646322853322255,-0.9159874577751811,-0.6348471942562933,-0.6493966052735102,-1.4433233101692764,-0.02478947290070984,0.8150166054132739,-1.384316168961386,-1.9676080161245988,-0.18198303249047867,0.9441724795915777,-0.12667291487795257,0.12337283113344422,1.0036907594590458,2.045277969352876,-0.32767576298898676,0.0982468123031036,0.19758795334310475,-0.8697810740729862,-0.8428263179621284,0.78427326322896,1.2259831745593834,0.03570915509755441,0.26537908289351037,-0.06685004186433656,-0.09993158042755854
-1.7977248076369454,0.8055862985640049,0.6757858231060572,0.8729623514014879,0.8774978039506506,-0.3976704675559252,0.6019163437432022,0.8661657634952378,0.4351991053828831,-0.3828008978365022,0.2510834618345208,0.8729199554815533,-0.6185853149546676,0.059630567373266934,-0.32698145027695413,0.7459852607185069,-0.30066635092365457,-0.8043180023769468,0.738781549055906,0.026467557414309735,0.6517905607869121,0.4234429872581145,-0.06935461488295483,0.5657802469850096,-1.1769126955535587,-0.4269450658875781,-0.1563930717370011,-0.8385255722146837,0.2623219790750686,0.2136705010629249,0.020145723402794486
-1.731879110430595,0.9682684951054341,1.861012247028933,-2.5531758021687776,-0.7219218300622158,2.5115994206133947,0.7938696161148023,1.0684066828218977,2.521919000918037,-0.37005542446814993,-1.6244855333838353,0.39366007170614203,-0.11858714036235082,-0.9567455049404243,-0.8085793857628157,-1.9942885458070176,1.2120626741724796,0.18476849161356929,-0.11997798001932758,0.20385306386517266,0.5413315243168514,0.3586825565062552,-0.09998461079798968,-0.10547190776771656,-0.5111493817178846,0.6737049845702037,0.052156198683999754,0.41094313277967964,-0.20989583618595523,-0.00715286159528003,-0.009720934200430473
-2.843716218218139,-0.6149620325238954,-0.0741453964274171,-0.8817726847843814,-0.5304303597595543,-1.2403823916553438,0.7325861376586202,-0.44967593464899325,-0.13432827132532646,-0.14671135215115272,1.4735774768900243,0.25045440042629913,0.5133853870585692,-0.9172415950126149,-0.023154358126840257,0.6906352738515764,-0.526133135768895,-0.5670420980643376,0.5200438489565774,0.19017723499706027,-0.5571216653424098,0.3477500298333865,0.14583698393108083,0.31412479051520636,-0.006343965883123239,-0.6100938552742616,0.2277967915655484,-0.9903759772653157,0.2264655459045688,-0.09835815541722569,0.04480472686732035
-2.3772404996838707,1.7073740211162987,0.7380293558772338,2.066368457991034,0.03483049503244103,0.0400651617945646,1.4094424851635663,-0.24239943551685875,-1.1021780940859696,0.04873220684435166,-0.1443912032784836,0.4382099545403855,1.111230310238022,-0.048492327937021185,0.3491782666735054,0.23161770673239493,0.35333146106038954,-0.1469880190441218,-0.6227107061176895,-0.1947142278765955,-0.1928859993491284,0.17741391972893822,0.7813851219601377,0.3765810517603082,0.04061926170521291,0.5280527675578403,-0.06418585119684976,-0.08399384212399173,-0.04813993317273233,-0.2640149261156131,0.007205838925391265
-0.5164586308569068,-0.876838201801013,-0.9955181232548462,-1.4493732140279902,1.0826567518245223,-1.744354421771723,0.10181172900928563,1.5927120595240378,-1.599561511193005,-0.8964407577687383,-0.17134313130869283,-0.11592733653247428,-0.9584103389077182,0.4200318353812868,0.5880812893917508,0.2796486851847741,1.4509366410463727,-0.47569348934693845,-0.19776688145942917,-0.9473697912543634,2.018868602329057,-1.18023951974773,-0.36178927762209945,0.09295254450326812,0.0385891249828669,0.2297989547689791,0.1588771123598608,-0.6360751458738798,-0.016156272742853757,-0.2962698178144258,-0.058519227498568055
-1.9633580749236685,0.031561340017605057,-1.4554577708388374,-0.36941892979914887,-0.6666747580070346,0.5630673167550072,1.291065392527808,1.2661988919709217,1.2607815905661506,-0.03254637069083146,-1.656614483362302,1.4652749590709402,0.35228165202861583,0.18939198233784882,-1.3875983270092547,1.5907296223849923,0.7254080507530521,0.5837383467310043,0.3041080383725332,0.146007679857293,-1.4953542261714645,-1.4868159422006413,-0.15534808154377872,0.9668984788638475,0.13486563239157276,-0.5138935756274262,0.06233739882830682,0.5351945435157707,-0.02408580509280174,-0.1452971336952129,-0.02564052160060091
1.5377445610509466,2.8595038600335387,-0.5904413394388046,-0.1902319631680759,-0.21530749811191033,0.43822287855994435,-1.8170120241375471,2.1995478205667185,0.7384557720396083,-0.4040213904470397,-1.4712055776938988,-0.37925856530668745,-0.9599370150590182,-0.7663023196547639,1.1607094474553963,0.2540385741735814,-0.37320692220023877,-0.6220453905778953,0.022962050837351852,-0.1029900042704566,-1.9460870627050892,-0.9128449743309351,1.0098576488058597,-0.7788206217061228,-0.29241986975062473,0.9592379487913563,-0.8770239617513754,0.10596070523483386,0.05216993535004506,0.2827498451345948,-0.05374513677272867
-0.4036148184886094,-1.8521854206479609,-0.7514783061794728,0.024521444391184064,0.8626046070416291,-0.6866987924323334,0.23233457056969686,-1.0549706558537026,-1.6024348588062582,1.138898787399692,-0.4463217852495247,2.2839007879694444,0.3830827805275842,-0.07166834543590078,0.5618264614064288,0.28590708321540537,-0.27513258662396395,-0.5112008779949936,-0.08033036076177542,1.2035389852234768,0.4412029502939899,-0.6625240518042383,0.6042364432417939,0.8546972082078809,-0.8763629412632197,0.37670417070817935,0.6889513701629343,-0.12098782921140924,0.7698266064999302,0.672396527557653,-0.10094760976831557
0.068687512342597,-0.13440572440147427,3.8115289041700615,-0.9350834532366252,-0.8651907303925023,1.333949573709378,-1.8227973434376723,-0.4778722773804077,2.33834157247986,-1.7762153113555539,2.108966861496272,-1.2701876612872183,0.06782047195837869,-0.6079216584231156,0.5192874861579875,-0.8421532832526066,0.77885328194736,-1.336289686607975,0.13596707275002307,-0.0033798186723207327,0.042162356169016355,-0.39558691478883495,-0.7396944387604378,-0.5892067583901713,0.41389321015174374,0.9601334261412292,-0.21631151396872317,-0.25762569097062726,0.07709162441555863,-0.1075955938038809,0.2570211982628086
3.56860635730265,0.4509723719905755,-0.6784911410462238,0.500641079490338,-1.1163669275134251,0.06650652961543642,0.40815414365050784,1.0594073187640394,-0.7280903242465826,-0.8627936357655338,0.5337589780401732,-0.9726544358423052,-0.42068908667974975,-0.12856526707054758,0.4549793345844435,-1.5028787934164334,-1.51891565221119,-0.6927573277248525,1.5257124560480468,-0.22211384048070998,0.030233991806904174,-1.25874651645848,-0.267720302667098,-1.341237923824472,0.17590690359462297,0.1820006112123935,0.35127285616037995,0.7346537091934969,1.8142460501302422,-0.6219014650370182,0.41580480264847686
-1.5716762861877078,2.0360392814714574,0.41988983973770555,0.28399303654663033,1.2459298145222926,-0.09270575419005726,0.3604212966196032,-0.33735281782236415,1.1923183374212933,-1.2942220186102522,-0.6781632785262155,1.4871215445805182,-1.4000724346414903,2.1608067756165816,-0.07624247938602546,-0.40565494700577476,0.8861409263513736,-0.4320739102178941,-0.7361368935806539,0.25015784979143585,0.07659571468728611,-0.4921812903672467,1.2194212585633035,-0.27493626156648293,0.7433546261937725,-0.9009352228374097,-0.030037436652776302,-0.36278797952825664,0.3745665013002372,0.23397590957536926,-0.027323048431358212
-0.395922410668237,-1.0167863246071094,-0.6788796004768629,0.7910914758263151,1.313982483026303,-0.08300924321446694,-1.758955098065372,-1.150272357172683,1.1520287196721803,0.7607359118031337,1.5963927390928798,-1.7362872366665285,-1.578318719762139,0.47105272514306323,-1.186106875802239,-0.817499535925533,-0.28699869441003867,-1.2734310124946993,-0.1574717275513676,-0.6740885138787763,-0.5528696716450178,0.4761375572376329,-0.3012292090996278,-0.5494319822890655,0.061876122433938766,0.226172099432838,1.5166306763901216,0.2704996028780453,0.5928430643384013,-0.25226895252890486,-0.19373196444823101
-1.5509124615838983,-0.5503727593369242,-0.4090295783524932,-0.8714859702829805,-0.6260987071006254,-2.1608808684742464,0.18375635550477334,0.13150720168189386,-0.998602775909806,0.39351574529025685,0.15596454885777497,-0.3590207200899072,-0.11259963174028222,0.5893588207697508,2.257014298709718,-0.8842771538653731,0.3015605159467603,2.0649242854020997,0.9971247858979415,0.2989175458343439,-0.004067459443690357,-0.2644840561339944,-0.090896524492158,-0.01624809007611777,-0.11905303794114415,-0.7916913739681689,0.27186585607533076,-0.675461185960537,0.5941348881280043,-0.21171654555333128,-0.3332733509199582
3.2335206139721615,-0.9236892148392103,-0.26293500539804604,1.4616787820739474,-0.46089721173528064,-0.7330839065210188,0.3548151898161389,2.991421250589499,0.8796487102973474,-0.4389855136801612,0.15054214991693485,0.2948938589970844,-0.45356884988021234,0.49432205174513205,-1.3728975726694697,0.18339869528010996,-0.4738637150326646,0.32157814836058546,0.2708331847001643,-0.023764536975195812,-0.8763473948494372,0.47587702993066566,-0.4844331139726597,-0.4101723530290696,0.008483947563426594,-0.6540505505784643,0.34541781496246804,-0.10576779417198161,-0.7858817582725258,-0.12256298722939317,-0.4248548296548352
-2.011433032969555,0.7565221362949516,2.4223335639655366,-1.511949412448002,-0.4952469024616191,-0.9569746953868726,0.10626796874920404,-0.16031639423198452,-0.16209108613178977,0.9576241575437354,-0.7971258571805914,-0.1570704420840111,-1.8464903430302397,-1.8671427150052988,-2.010636628773795,0.9172364861219802,0.3816257700582824,-0.6343210663622737,-0.7391906773226853,-0.7306210153479489,0.2795178464490905,-0.06254424258424085,-0.3512295472803468,0.26844179802522,-0.7239833827006892,0.6048556014995946,-0.511024970616467,0.69836653942284,0.13310514643954235,-0.29522756940182343,-0.05176648708360036
-3.2788189978532443,-0.8961559190667473,0.050504775003852385,0.48536898663416,2.3619575495936362,2.9065685277450695,-1.5638393982523693,0.38842949375817015,-0.3383540564464951,0.42485996504048357,-0.33439014164025666,0.0006681205549618422,0.7351419207489102,0.3742487853079034,0.6458410274442479,-0.5494602302305561,-0.2812605925803677,-0.6412051870976142,-1.025864492921697,1.1753348745360461,-0.20689036547644127,0.36499005114704913,0.04894854058066312,-0.2401140253104659,1.6744596659498852,-0.4068516712752403,-0.11341108267512993,-0.6869944986669556,0.38170984223981347,-0.062140995883985126,-0.09424651394981279
-0.5403701553379023,1.1250878903038657,-1.2738807713494011,-0.05842289542144775,2.35247604981219,0.24943118374008155,0.669904916913934,-0.8767986920609313,-1.8304415442556423,-0.6478083866826967,-0.1369077860667273,-0.08706558487447068,0.5998601460304022,0.7890058527546313,-0.2643206670037386,-0.9087575437380806,-0.154322198013698,-0.12372045989477398,0.4168706978172262,0.6174489829931912,-1.9509364935669686,-0.1972157786151198,0.23894346549145742,0.5915464697248909,-0.7476745788187946,0.41633602159843985,-0.011134715476053764,0.33507279140215535,-0.254850998070195,-0.05425363662330387,0.12133863362471989
-0.5643104255891964,-2.317838326927393,-1.1952471402514044,0.3887293876562375,0.06880017590638944,-0.9237362280654081,-0.010308438530145745,0.2237900954354693,0.07733103927021938,0.3142509133583451,-1.3607612222491814,0.6149307153478543,-0.36054421506857354,0.5065207992001443,-2.2320246342807746,-0.06030745144211497,-0.3902528086698279,-0.2517368938756848,-0.8534352731745642,0.33258975814396985,-1.2548205271369965,-0.858897408423933,-0.8724935927032981,-0.10333501901610251,0.39146964422534875,0.2952570180365567,0.0978897327841495,0.3354540018343452,-0.245958250742824,0.16599678060197617,0.22170576726335042
2.7010242469829295,-1.9706738499632392,-0.24847016145118478,0.9328893628850453,-2.7972856097569587,0.5572060033648222,0.7700357094230887,1.2424825935772945,1.3807502210763811,0.8883591913365799,-0.6676552811991534,1.8253305289583408,0.5236027306891249,-0.5886808947343595,0.5169586478072802,-0.5700658871372516,0.8890959697934132,0.2541191459278037,-0.478956030020687,-0.5641639423123704,0.2917598853976656,-2.482558124402724,-1.1078212267957648,-1.1332357575060994,0.4937200751032373,0.48398195324160076,-0.4952805174602918,0.03178930205607521,-0.11562806482186652,0.6510458343132882,-0.5453512871170173
0.6949424584400862,-1.031870852245531,2.4997897888988656,-1.122149675818868,-1.5367697939282559,-2.04200815867701,1.175565838086657,0.9458283373374096,0.5022073279422228,0.16227495771446548,-0.6208352362586619,0.06827342179368559,-0.5676214358653279,-0.3840140771032445,0.6169008113817894,-0.358580793043104,1.0243444018031787,2.029832252740394,-0.07539923258957955,1.0237962893634778,1.0295921861184418,-0.4172916171730799,-0.6639348556894705,-0.360524230455717,0.14080722100911736,0.3053647313414866,-0.22096162372022846,0.622762641125059,0.2601179761988606,0.5305443197582334,-0.12023256175660149
-3.610057793779929,-2.5293904796701003,-1.8341597925484276,-0.870823224592128,0.4681395553040821,1.5705809098384618,-1.220471487337698,1.4055676278880835,-0.32701852663731534,1.1261356211729598,-1.159410279020727,1.2988760919922253,0.22498745514642832,1.5561162430167,1.4575716260864098,0.3879168320342252,0.3720004466324568,-0.2295309576727073,-1.3355163860691404,-0.004015809837701499,-0.1350282813380337,0.267815980908289,-0.33503835597287485,0.2630259072862984,0.0376026444216267,0.03411677185472069,-0.12527477338453133,0.2072113866640748,0.3005220678966709,0.06788942269596678,-0.05307320274395238
-3.4302012746063713,-0.754590503011291,-0.027849869677940432,-1.1209589500919857,-1.8488656119084121,0.7801405024267002,1.9634442681869542,1.3845060425848814,-1.300900207058847,0.46145765038674624,-1.3086455994983308,0.41508546514922656,1.2377226540645958,0.9886244835715249,0.15341523266257354,-0.40106508024338455,-1.2743891737683661,0.519459277925093,1.0404623347538062,-0.6615570109609006,-0.8193578856408957,1.236436942995475,-0.327587914203368,-0.014255283462575343,0.3040476548709207,0.3280750895447116,0.12177009988031091,-1.0558819911810038,0.3899855615301227,0.058414203336580886,-0.06153608165181904
0.8416821927398846,0.0208816652113578,0.04615678888985833,1.9453218978849076,-1.4295126838634298,1.726362348738377,-1.576842478919691,-0.11757694510228783,1.2729663456235059,-1.6056031108363966,1.4124069829509875,0.6002344406817088,-0.9962388608834731,-0.4429634780366816,1.0991342470525058,-1.1630209089351844,0.4273882350065467,-0.27894787488366224,1.1628166155794366,-0.4064175285619047,-0.5426237182182336,0.8559808999981969,0.2805358491365512,1.2613101204929398,1.1569659778205883,0.7855513529982688,0.2837719410097973,0.4625488497336961,-0.14675949248549683,0.24952376353227557,-0.0035820611426825074
-1.8776046856801996,2.270682210939076,-0.6073959707665495,0.11100063630169753,1.1551527855792225,0.7161557441705294,-1.5986902940705865,0.12258049940152799,2.008225987351089,1.7681780819932695,-0.050844694911998174,0.4383232278240717,-1.3575567914938766,-0.0017172549839785131,-0.5082036649121513,-1.027157039891728,-0.9851803106223318,0.8154415149360602,-0.5077821015165683,1.3894410838437778,-0.04987269519758818,-0.9981629478426474,-0.30753650557197976,0.7138831567553766,-0.8501329567363345,-0.29707641383439687,0.07295162444842336,-0.083329917444858,-0.15067663834113365,-0.6531966012555694,-0.19547284560075212
0.4333389667400688,-0.18777817475908054,-0.5502561197519859,1.1836070456123606,-0.6390891026830011,-0.4768906795806118,1.4436250764873437,1.7953770784643648,-0.20039499768757119,1.5492830210264117,0.7326638980694122,1.0525923469575142,0.366972957848561,-0.5554447673270433,-0.28084725390931103,1.1032792664847164,-0.3490898783155257,-0.1900615515357748,0.5461363800816126,0.06307169589660006,-0.9007828344655913,1.021265928599237,0.5232564817124785,0.7268159132654977,-0.05811853926877341,-0.09557524868319886,0.7033313593605495,0.185268262709692,-0.14676032061579378,-0.048086577308627046,-0.021282059845326103
1.4670852491678787,-2.2806267135890432,-1.3149986823334698,0.6707700162327339,0.8187742980146885,1.1963760016230927,-1.6837156540248484,0.3732552814726383,-1.7256451641854234,-1.9000621345406377,-1.5592502488007554,-0.0451047582615181,1.341945734167102,-0.8501914067637892,1.015224102371761,0.3175475205973043,0.9344633016692876,1.1629191982325795,-1.7419860175028286,-0.7489864366287661,1.8232453622049591,0.10918726955844314,-0.27702519477445237,-0.9454418606426311,-0.04075657365821962,-0.020102947215832622,-0.08827171158995036,0.4929635614608575,0.17768283894262718,-0.21860490173040623,-0.01629603604563166
-0.9636532056411613,-0.0008477799678341685,-0.32775967207837853,-0.38853817103240285,-1.918613498896071,-1.4189791883283847,-0.7840832200119087,-0.5129563340684062,-1.4376827724241266,-2.1877144440108256,0.26809159316273734,0.7204525735602705,-0.6172788433509949,-0.45589205812960243,0.04999315092652428,1.3631750428234457,-0.6681064229606313,-0.44999025343856386,-0.7158771972118733,0.2436773997762134,-0.7035225098955443,0.34210636079316253,0.2545793393097063,0.1532781405643256,0.4678506126871295,0.7946407262550508,-0.8914737770104179,-0.09353522294456915,-0.16909896255783238,-0.2819830396490593,-0.1347507583598978
1.9330497835082785,-1.260313169220667,-2.0807044814680578,-1.0545745887786575,0.5404684199359672,1.770219487854065,0.8799440234502193,-1.8109811613944244,-1.2550469229064365,-1.325045041547209,-1.3860463710682662,0.33231855026115126,-0.26948871327576773,-0.9942858172659697,-0.5411889138589575,-2.2232207476721007,-0.08200128720830889,0.03923514714118328,0.7676876975641157,1.45419778063577,0.3132606269183031,1.6666728053541775,0.715590073870637,0.9657601243487149,-0.7483679350493108,0.05623810843366091,-1.348822981492962,0.4532260387127184,0.17754627519782654,-0.19468221944379469,0.007380247105313038
0.4500375856914951,-0.18506835247600287,-0.14586751929614467,1.015955896863801,-1.6275517781927342,-0.802435336710778,-0.5502415637857323,-0.9566100050015767,-0.8488695363962717,0.13573190188879752,0.6871773944263251,-1.260895878029446,-0.6251754723633968,-0.1062457521037233,-1.5029278584320798,-1.6012398112259325,-0.06761206804098355,1.536326748234799,-1.2505405876336777,-1.1332679593922743,0.17194717580970656,-1.2175613815601372,-0.025897029751478645,-1.175829476323514,-0.41172392471732444,0.5435431771835795,0.05186990015642679,0.18475664034823902,-0.700075178302149,-0.2137294135322218,0.1871743914892366
-2.3832520894300955,-1.127761238650491,-0.3000245321308823,1.0110923300171875,1.9330676237379312,-1.3946800265187749,-0.11798867695158755,0.9862395741359876,0.5164054318477577,-0.3534270022541254,0.48585560841727954,-1.644344054397694,-2.059723008324593,1.6324636199686053,0.43981835688833426,1.0090824090296644,0.17024107211468023,0.8081797795326726,0.45497451055465193,-0.565228629519969,0.004587946044542422,0.30855011617608014,0.06500248352451622,-0.08776787640479941,-0.21518681167061612,-0.0786104545012878,-0.33917290842927483,-0.11780290032852761,0.2435031101453027,-0.1182635054846736,-0.08607650972991376
-1.4061588342421725,-0.751162183651049,-0.5739615985626993,-0.081104143874827,1.4294163474153376,-1.0748213398006803,0.9080570035084377,0.6878554333646177,0.754750549958735,-0.8529340250287775,0.19330863994820766,-0.3089129708082899,-0.4588296157302436,0.9473595509674358,0.1880499732731209,1.3618781257210395,0.6262039649671612,-0.8654866520958958,-0.28902900528229053,-0.5362354849887327,-0.33404241911643806,0.4418958257793703,0.6617676553902085,0.1721919825029126,-0.8330231727767493,0.4924113599368377,0.20884350788844716,-0.41399234861008294,0.266071128900356,-0.44936815522092,0.22692490565655407
3.9723801259694596,0.9970882011342718,-0.11646984260582044,0.09704417133693852,-0.4107657230402428,-0.49312815570081353,-0.977267737397071,-0.9536930835773931,0.5021725697254596,-1.7557798179026054,-0.009156971001335576,0.28789697620113053,1.348900506452983,0.3307845091406476,-1.1424925967158894,-0.25171925414585555,0.6076162681010193,0.17380361435399816,-0.000663343246394691,-0.17083679564039012,0.49141657444987075,0.8439156414890411,0.8443866932797836,-0.20096030050297195,0.29327215485135727,-0.30613303728203456,0.031141803560634573,-0.37016550417240673,-0.8145735315704823,0.7167470009750436,-0.32491049695563085
-2.0753543045622105,-0.09762567295602047,1.6430997026408394,-3.696517816011024,0.07465949167008391,-0.5509836655215834,-0.8587729916441178,1.6714628839622776,-0.7735106425986393,0.20297837349200973,-0.17171136228938097,1.4563221647183364,-0.03199321558942223,1.5309192291767346,0.4697290649549185,-1.6598176187608935,-0.21331228568451918,2.2696982500947382,0.8620784674762626,-0.15892031423606767,1.1143457591695698,0.19173745525118643,1.7622202381782783,-1.9040570590552937,0.019399702073403812,-0.7021628841916195,0.11006614758206619,-0.11417742062815328,-0.45541994047218287,-0.6087273873442768,-0.01679067332775832
4.96924375058056,0.290024196043092,-0.5647455283997629,0.9007845211072929,0.9317473986211005,-0.7568894210739076,-1.2102388747916026,0.8950610532874136,0.4595588898686824,0.4095778382609241,-1.5833514929852714,-0.08990485444185654,0.46534944668744704,0.17120849432920285,-0.4385515313316774,-0.014639988653460284,-1.2306125700432717,0.02487409684801595,-0.31945010131013407,1.4244052466744346,1.9773975156045336,1.046746088898154,2.078224534405365,1.5342477168878712,-0.44847395926655764,1.3821112914951021,1.5232305928756869,-0.016793025580121013,0.06318956417011522,-0.3945818311657135,-0.05585876098836437
0.9007966487108728,-0.8357529161783834,-0.8639483219712206,1.6180762376385895,1.4841772802412698,-0.4067803993308077,-0.27670315945912966,0.8510351550824159,-0.881072472161132,0.6584302716128309,-1.0175518223540436,1.6069975466025903,1.265961307936486,1.4176210011973145,0.052341367361002186,0.18898108713384695,-0.7790131799350556,-0.47474515741835155,0.7925279557509993,-0.68026993621205,1.5640548753477141,0.3660617690691174,0.009415421909120281,1.2155202561211957,-0.913273899785879,0.45337494458382177,-0.8584463391726822,0.3569185187505716,-0.41268633678817174,-0.004415563780181918,0.44153878936966034
-0.93202932500153,-1.6493240582060926,-1.5157274796686386,-0.777585883766274,0.6901205736451972,0.31672983768582075,-0.9465651846767498,-0.359735662342401,0.5744862129725228,1.1005408029542854,0.8645716285807858,0.25840879596467314,-0.7633662116681036,0.778147604699783,-0.0917887388535345,1.3115715443249345,-0.5972114237034613,0.9147111503392292,2.2785769205027933,-2.925826358772805,-0.828294443786506,-0.6311696195281807,0.10468118922372323,0.31126199566607227,0.23165272086635386,0.4170828503909063,0.03998650958997196,0.06968454247602886,-0.23523669994844906,-0.32602615659068046,0.00759352039024534
1.4266946341013385,0.16571085393130636,-0.6156639874616926,1.205680547200213,1.978474229259539,-0.7202327644453829,0.7577725126557822,-0.9209519151157315,0.631404493518354,-0.20582318512392697,-0.33356385216773166,1.763365086521816,0.6874098659310244,0.09262488154785094,-0.8494441533867312,0.9053394426302583,1.126498464813619,0.38733799076992703,0.19082180979960037,0.42856412240867636,1.0539057394222204,0.31391089225366214,-1.6091594599486767,-0.62492416405762,-1.0158838733799962,0.5397544563829867,0.16649818690474052,0.03010090758465578,-0.3758532802357243,-0.06599726273938548,0.34638129693387515
0.7731464586993331,-1.540291644581892,-0.6284254681982789,-0.6940625461613515,0.6613776561125416,-2.0861872341906755,1.870604001751003,-1.8942024872626817,1.1183845583918322,-0.02780034640285927,-1.2021269097116376,0.8108248530535586,0.4170439390796777,-1.0066155176371137,1.5761306629798377,-0.44695063439996324,-0.8705342622517092,-0.0007099391821329575,-1.2118989700615792,0.44840895709364303,-1.26634026133675,0.1740013033476337,-0.454683060776273,-0.6592925540629285,0.4141752472424469,0.34069923650220213,0.24251594377217126,-0.8368699361247914,-0.445127984459484,-0.08582756321354537,0.3427117016260933
0.1418740021153716,0.5156697497116269,-1.9867059325772372,-3.196136511552449,1.8640356052342688,2.094628756402797,1.0664820572208118,-1.0838816561401947,1.9428944614053887,0.3285133658293852,0.8441937327047802,-3.0911244155766324,-0.6298963624859331,0.049673457503949775,-0.8315961731867955,0.7242405335073179,-0.5968205195354555,0.152799606610341,-1.351890244231841,-1.927351070978111,-0.4712513980672726,1.3404174871468502,-0.30372489729223456,-0.25221231795231447,0.28079576553544955,-0.18951791470967386,0.030792440858726965,-0.28081208552590603,0.2783747466768387,0.6691715645371692,0.22860992501539457
2.2729713001347713,-0.1779873013565361,1.0398512584467008,0.9157001279575588,-0.21028168944437592,0.17076998117099595,0.2849389601665226,-0.13234055894281183,2.508978169455121,1.0780423648939197,-0.7718429904006542,0.2340404006948676,-0.5021187939765343,0.5446501660109707,1.1645279382416056,1.3134641598028487,-0.78415084686514,1.3061812201373413,-1.4754489847823211,-0.3375874030803179,-0.1385352199306337,-1.1926715811609205,0.29740771142817796,-0.8887015862282039,-1.6045905681557946,0.27207730038545247,0.41791365029540395,-0.9219585555468657,1.0414841557898442,-0.1523592314116291,0.1461157746867085
0.385067136932033,0.08670812307830708,-0.19277003799831216,1.7910296492359223,2.3539691076418316,-0.4680800314745595,0.2325992039990053,-0.9990979921409748,0.34950480435118686,1.6205921014099736,-0.8412612551807648,-1.873145789421536,-1.5406711701400169,0.7532499564756404,-0.329465432527037,0.10683137397396276,-1.5082233405707257,1.8640267264176587,2.0595660099527837,0.507086837906636,-0.39118291768945684,-0.29422881746542606,-1.0540689555150857,-0.7023662018365532,-0.08111676981707643,0.2412939529605998,0.03529289599072585,0.18247866086396664,-0.14722232537922297,0.29902511685115685,0.0787724418308738
-2.6075464708726255,-2.184666141032329,2.171051539474674,-2.453590799092763,-0.7100080257787712,2.697027289934421,-1.001735252775449,-0.08760867818474884,-0.5440639222584149,1.2679400293186822,-1.2445675134197536,1.4230202786240513,0.23517347507999053,0.5758419292639683,-1.5468064334924692,0.020395202327614444,-0.9155007143499058,-0.03969320848882211,-0.6303615656614843,-1.9827565814476158,-0.8038606335437225,-0.5157217478774173,0.5551145181495751,-0.24817692927415938,0.17739606574323427,-0.6220479512116684,0.14018966062594276,0.2843314962760828,-0.14591163894049533,-0.05199789681623593,-0.0017627651638744788
1.8834690003109682,-0.9152468780235462,-1.6388612693433349,-0.5408486136370799,-0.39926948689322456,-0.620494221027084,-1.8758572822817585,-2.1851171981843462,0.29396152182856355,1.9507796710159404,0.43286267786414834,-0.9177956206900253,-0.08115774828702073,0.9776003865957102,-0.6103473949353856,-0.4876589775543841,-0.13916814352124138,-0.5905580743634525,-1.2751776899415683,-0.6991594528639687,-0.703097209991823,1.7486626189371581,-0.11173690266397808,1.1459859918277278,0.5593343488274792,1.0860926633559824,1.4305005147177987,0.4574800937546837,-0.2631695491116682,-0.6145592884420773,-0.48879570723206306
-3.086007926118469,-0.41346710704038553,1.0378790089127778,-3.1495082036803446,0.05075414992680753,1.2840389236732566,0.5451873029423909,2.335200898361244,0.008069488107229204,0.37760841296007086,0.4118040258053221,-0.2622139321990423,-0.3154551973337039,-1.6582425324000667,-0.23721931990573003,0.6360993430549567,1.806273955830917,0.5640351280406374,-1.5085300405383386,0.35553917219874875,0.9775041835937646,0.407738714662697,-0.613622530125002,0.15613934685416828,-0.2344209977173825,-0.7209623326192608,-0.0231716990859742,0.6723859008459623,-0.14658292179673849,-0.20468241632682052,0.042476157003894406
-2.1110361937690305,-0.8734753249087557,-0.0033484488554952944,-0.7291899628195838,-0.5195021976809887,-1.4249555200751398,-0.3911270934025514,-0.1919198480804882,-1.2645548061586152,-1.4177832436886957,1.5301705162684012,-0.15947489684980815,0.25062717219689584,0.15767288287264444,0.6982789052070211,0.339367633436455,-0.6174537851730046,-0.803942254768388,-0.2538962363123018,-0.7811420999706167,1.7158000847861108,-0.7349621073581212,0.222652826647731,0.059759674637489546,-0.061013599517791235,-0.7020330567258972,-0.0008403475673564947,-0.787835223361452,0.13120237372407068,-0.13404256041686388,-0.1822806566697202
-0.8743332781681571,2.2963286972335317,0.32045616290035206,1.6012721096718716,0.25978189934799684,-0.6426548844688578,0.18463251714459786,0.4783776449220598,1.2083794660120455,0.28279052584860104,0.375969472540035,0.7965739754464568,-0.663500739137624,-1.004873761220339,0.21259138134317934,1.102103942382094,0.7339797291621194,0.07529041776343288,1.6889611315767115,0.5015735696361017,-0.1866785615107289,0.847963753444701,0.6135469195205183,-1.2275775952435735,-0.07500186741653171,0.5338671192547476,0.10887103449278149,-0.09810243550671045,0.12615270064156509,-0.20446567082405037,-0.060756552671295
2.7532371566174008,3.0334601515446655,2.112401009135716,-2.3960937892323066,1.7384889951490052,-0.6439713668786871,-1.124940576501978,-0.1922888707331104,1.4409709709122924,-1.067684293722433,-1.7219425535784951,0.5159667055560794,1.1146613219545807,0.3345716024082207,-1.0652582486225686,-0.6504503819322767,0.41362315709795555,-0.8740036196909106,1.098879746978754,-0.3952020267421553,1.0259207085604376,0.6719752025389554,-0.5290734060778101,-0.34977812326391555,-0.9315404300440656,-0.6227842856903433,0.14863315859691192,0.4090508799193817,0.09074871606727011,0.7765427756616005,-0.28848972138004403
-0.5796015903841244,0.9311419748311132,-0.1164941937208703,0.8601626817226052,-0.9557034155677486,0.4160777395005181,0.2978670261674854,1.2569237410126002,0.8111807694188512,-0.07635535621414911,1.309425987952503,0.9969603788495003,-0.5633245397183676,0.15102966064441317,-0.42864565072077554,0.9360826142833575,-1.6092232798078985,1.9058088027123903,0.29211818900560926,-1.853021654127075,-1.2487607816499475,0.2020380654552799,-0.32313875477281573,0.5542724577200092,0.39368221673124654,1.09846539605867,0.5225984311530214,0.06911822132585393,0.026006895999838114,-0.3102086284792771,0.0860724105761543
4.939555579813691,-0.17270452240963283,0.7712171309641682,1.1113004068797558,0.48576418468568006,-0.48479309250108116,0.4884206305433284,-0.5993868966693496,-0.6396807522546408,0.3386584132293389,-1.9341432251013502,0.0839318186918479,0.7898213503701371,0.8579385106419003,0.23530579744704797,1.4873941322193924,-1.722142767316498,-0.3916996429908859,-0.50465077974702,-0.9545332070094439,-0.5147702075550272,-0.23778884288727742,-1.8962212020142772,-1.0824526380069284,-0.9055058512503525,-0.4388053252870024,1.2767674077880686,-0.8743150452458353,-0.7610817216591255,-0.20169666047598783,-0.023886297682789673
-1.7116892697645463,1.4770680985229738,-0.23698421027909589,0.2124922798687158,-0.3562656742772211,-0.2750886513474096,0.40643398644815265,1.7159831335461462,0.638541428562068,0.1643662644282704,-0.29516677684108933,1.3986545801290473,-2.481070066588585,1.1957431352643688,0.2079212912883372,-0.3267142521381176,-1.2445728610605957,-1.2913885286369333,0.43053770935052976,0.6165040421255182,0.7696722635551453,0.1486563326726535,-0.8872398669129533,1.2555120063290084,0.07300364502842559,0.5093313431337282,-0.1899397209493395,-0.055942930798877646,0.16026267212882764,-0.24433703935373016,-0.13932175532083513
0.5463836446677364,-0.1689436267596313,0.5236305859484164,0.9691544470970878,-1.21179346483773,1.7158729181441064,-1.0608438155106998,-0.847267014413984,0.41239134577507663,2.3939472729263205,0.7963089404278827,0.13106868912995018,0.02437593161713746,0.3582785942564241,-0.09819664503916094,-0.738326386447313,0.1474126701923732,-0.5602877045193144,-1.7276798625449563,-1.8339872084068032,-0.16157992726896706,-2.054453535589388,-0.11456276435934781,-0.7346724487362665,0.4876912285071836,0.5819388922524888,0.22312292093459676,-0.38321528989682085,-0.5327028044507368,-0.14793804802953153,0.2556614606900828
-0.3757491944992156,-1.1112801905974259,-0.9427098992663695,-1.168825327019132,0.7842364414801782,0.0005585187370609252,-0.6264558484808245,-0.6135431347521567,2.3027972033926924,-0.729712554062122,0.9179090908707843,0.9833489841935847,1.1863231791185924,-1.0491776396968377,-0.5333559830271501,1.9016804116962105,0.525428417523447,-0.8526735249129366,0.5625792655007698,-0.7699807349241555,-0.16856362889405777,-0.8425988589741584,0.7921394193351888,-0.8974812149763669,0.3896630610541499,0.34893168149718523,-1.4428453089543656,-0.6711034660799478,0.031075267301882935,-0.5786109215252415,0.23940073719473393
-2.1937949106918393,-0.46557650142537355,-1.4415885059863895,-0.7262435359999002,-0.2882335194508401,2.615240409644331,0.7510781601181424,-0.4630310448379151,-0.899978158719949,-0.2917447422349072,0.7684007546502158,0.7815752329414345,-0.20049497601286287,-0.42743025149805997,2.0449318838009343,0.5233507814640452,-1.2242229132994942,-0.9668791955776684,-0.4660966847833595,-0.572525257047194,0.9738992773956177,-0.22643082798196304,-0.20652397934364228,-0.12735914861122224,-1.101467792783133,-0.3437067461655697,0.18634358733166506,0.5057837484519546,0.3572928211684197,-0.10965598923774177,0.011574851831757285
3.1804188037114502,1.1252669078151414,0.18787909298821967,-0.4366516781325624,0.23249811103366386,1.0805826677135526,0.2028618867847663,-0.5021875441094108,2.003602638477578,0.46783722938709354,-0.01613285307717164,-0.38791959639439444,1.3961819406751383,0.4895242028331132,0.8780555993893201,1.4560370263472167,1.8589111703757424,-0.5680747327243918,-0.9526375025216984,-0.27144885792976564,-0.021024779232377038,-0.5523527639383113,-0.5905862311041495,-0.4168643864466548,0.09999723036115273,-0.2618473494715366,1.2747782938152135,-0.8678378245467144,-0.1614279357954325,0.03497110257203891,0.1404875529333361
-2.2794839633931168,0.14139511480346148,0.6868809192758212,0.8625533354995549,0.06982746909305854,0.10000822105550451,-0.6047913994876088,-1.0372962586404781,1.3544683956340304,-0.9274621214438356,-0.5287661194048836,-0.32844128179593385,0.46236675838930935,1.3575794071335636,-1.9606525031058764,-0.066933475669277,-0.6561649957017561,-0.9696595984831727,0.5069559189901354,-0.7327325232041981,-0.4957250839121944,-0.48820835118627515,1.1314964049170038,-0.4725204448546342,0.1527668654365669,-0.6706634014582104,-0.09311670126927993,-0.6292196725558604,-0.20193243454034002,-0.2652669559109459,-0.05234272351793569
1.5454967324120936,1.5634957622250882,-0.3584061346201618,0.79159799385476,0.2777422093011372,-0.49319974984726317,-0.8712323504924636,0.7751293764843512,-0.3753801203781798,0.20150150763884064,0.611524351394358,0.2812368333249495,1.095702158921649,1.1925675344694417,-0.5271257390725737,-0.6198703179602676,0.024293050728504687,0.5907984599771252,0.7217961838040752,0.0458675759670327,1.1920692453245445,-0.38916838223449657,-0.8054753061997815,-0.8457129908346905,-0.8755107532402919,-0.035799941918201565,0.09734947691809806,-0.09734181431169167,-0.854705661778503,-0.3488693363952821,-0.04274590692588481
-1.3830719150810733,0.19791711368252424,0.7573037271978835,2.215256956952895,0.41103868060448034,-0.6525366042200468,-2.5308784622476796,2.117101988956446,-1.2936302839113865,-0.9834596934022941,1.1098588269230878,-1.5419439443979013,-0.8580876242742309,0.6599556139008409,0.5021566191190309,-0.3524498717856911,0.2406577556323169,-0.516193066989702,-0.9418546528196283,0.6571440532788945,0.5730007444842001,0.6980387018554,0.04885386565118075,0.5280868863285519,-0.22675741620883338,-0.37079133699445216,-0.2559365832689754,-0.23141743451217137,0.0742916260652144,0.046596438840479926,0.3000547625994128
-1.9014709348589311,0.3443520579636936,3.1207414071063955,-1.4153711021858326,-0.1287292468496523,3.2205793872202957,-0.47481351536239197,0.37711747182164673,0.7118204101794923,-0.3290314718865674,-1.4841976424818595,0.5097868508820096,-0.564623883264921,-0.25606441374052047,1.2616251358558022,-2.2370458986972612,0.9165321192554317,-0.010917235987959552,0.4802035450250745,0.5718428128644597,-1.7613984818744115,0.5428624730488192,-0.1612346799055554,-0.638550204310326,-0.6823494706564023,0.6687106024650523,0.12731271827236215,-0.14897029855144814,-0.06802979832877018,-0.12344395934356477,-0.23377597718614873
-1.3824387499661883,0.34949416562672275,-0.30813321593331416,1.195619212556665,-0.5715169773353572,-0.15576704037861402,0.5342867080341702,0.4637199596131403,0.15799192172305251,0.5147569856320654,0.8106312050207419,-0.5611635217860305,1.1747783430698135,-1.1928423807147446,-2.395830353536127,0.9010676746706925,-0.44411550222884894,-1.4235758290464413,-0.0329564637924125,-1.3358679186414586,-0.4309101968936572,0.19116334403004448,0.1271644972673248,-0.3392670847157986,0.14540017803431313,-0.106868135700369,0.10056753402997833,0.19168065849212035,-0.3158265284511799,-0.21991160052975134,0.3516886835510909
-3.537667533110242,-1.0120695707395135,-0.33264010707395253,0.06421601180037294,-1.085438406243642,-1.049048678750925,-0.33183151747748796,-2.6773662915634637,-0.20217147168973593,1.6219529421714953,-0.11808752799079843,-0.8471486995111435,0.6925609040478921,-0.6653874117505449,-0.498278839172597,0.38666463910099896,-0.34982638170282454,-0.16161389301375292,0.6399468855122674,-1.2799342892285603,0.050826260114387276,0.38262930943241263,-0.4095692100331364,0.5963810490913587,-0.004751991507515635,-0.674439991897543,0.09721718708094636,-0.16025494984563382,0.2715095039594051,0.18351506370589085,0.2101764144698856
2.5424132575058818,1.8433632215909526,-1.1167300936001219,-0.22269954431686756,0.28622696745306947,-0.475974644320984,-0.04068045253057499,1.3957471853851007,1.3809887500475433,-0.31493899314887847,-0.3655024975121431,-0.15740457760075088,-1.7076896433202065,1.3190355284948492,0.16657207719143463,0.38886755241065435,-0.8970716062771876,-1.2218392898618864,0.9062109575817494,0.4482020099257246,0.7647600747086826,-0.7610550369747916,-0.5084531015454566,-1.1486893508716391,0.04407086931543531,-0.2966243109295676,-0.12264255893136998,0.46257756247294635,-0.41838494097205314,-0.13628021414977431,-0.07622527461650244
2.6449926195371187,0.45411939804939233,-0.05300673377115141,1.6155712479346829,-1.0304744104762227,1.942974359768828,-0.0027157805969907946,0.42570944459878646,0.7423208860333252,-0.6398073980845156,0.5531846471003257,0.08542910469570775,-1.1420124708316435,0.10330888354115393,2.1937782597618996,0.030859638761021622,0.716195927755533,-0.6743051752924899,-0.07622175955680716,-0.6843683575502262,-0.5780738017910596,0.9417179829311272,0.5484755209184995,2.023671965688943,-0.7561047104148102,1.1334552218247949,1.4371378479138581,0.4702378383030027,0.6038418994063307,-0.25118847958280943,0.004339143101534582
0.8922078317437274,0.16557145781480267,-0.1684422121410596,1.975481606577639,0.4478877111688979,1.1081169679778842,0.7026194881457024,0.9435001249429947,-0.29417662445388054,-0.505854759128115,2.0273705093212517,-0.7152067575175352,1.5549553964130598,-1.7064074759007348,1.0976914957570283,-1.2164522767595134,-0.4891040887230867,-0.023730845471598896,-0.5604408656740146,-1.7370560827420354,-0.7022222746874004,-0.03809825921413476,-1.255103357518881,0.3207559009848775,1.6610994578734428,-0.8575766573040943,0.3490546371177057,0.22315840535297746,-0.6568555591169298,-0.07453115257197054,-0.1091359375151383
-3.4958668681815936,-1.1179526048344781,-1.0588179472981387,-1.1263269680002588,-0.5920388858743852,2.1451688622990646,0.21084515566158793,2.394352707468711,0.04665242460839399,-0.5614025264061339,0.9262554928069129,0.5550546544991373,-0.04860067509405936,0.559235833834479,-1.3461091148919526,1.621245387654792,0.4052833990189093,0.5841581094061963,-0.6011747372993167,-0.06670842572280974,-0.8552967444483005,0.6931627300494296,-0.32172701155327527,0.26546929358587,-0.10505961562564757,-0.7591807707852679,-0.04372340510390775,-0.2700981145602022,0.17982738049714211,-0.052240628343870985,0.021217885537556148
-2.3694138245523493,-1.1682860217510627,-0.24792950326345345,-0.9967030847722799,-1.8233684051971653,0.5736167178767442,0.31758513336205413,0.7277794129911476,-2.103436690057083,0.2596463729576734,1.2682736238707197,0.4517030341371454,-0.6257934350553359,0.31779165026792483,-0.13565214797304598,-0.35081664801362217,-1.6568888062519649,0.9834560891337966,0.26561340560417884,-1.2005383399117393,-0.21778479217332972,1.1182300329158437,0.4129788096782679,-0.899921338324777,0.25084759202391876,0.31599835885544497,0.08195390839745473,-0.7016862937573289,0.10947867395023048,0.11593020969626562,-0.07416727042911354
-0.5624241430539866,-0.5517688135343367,-0.35503391074026075,1.3974356498233131,-1.195389164453608,-1.5460129526734248,-1.0250873395350255,-0.36423589844210136,1.7036228242491531,-1.1065536856793916,-1.127816790344073,1.5312647511269268,0.7505818065517104,0.7159760668870555,0.1714031932119102,-0.17233081622559573,-0.9373829183078304,-0.6185421848943341,-0.6764661613986469,-0.6353148718394813,0.5559741705965224,0.7416424320667875,-0.3459641161307622,-0.24912451999608912,-0.7194802615433797,0.10070638152670375,0.7523634722782813,0.3370571275584452,0.14737339725963186,0.006066790746226606,0.14650836899353326
-2.3110756536917667,-0.189702780037031,0.6459994449199917,1.2050255797168112,-1.3492170607111311,0.719139781135265,0.8219779713831677,0.40372970957378557,-2.868897851559065,-1.0598843161192537,-0.476037584803196,-0.1780510304866001,1.6704692687550926,-0.03699595467578058,-1.5174716251610127,-0.019588391474519816,1.7269368688164943,-1.0818277552246804,0.005830211856160708,-0.47194589654125063,-0.19891240559705536,-0.9190962143668876,-0.211930284843483,1.0120923780035254,0.15446985887122716,0.40615670395483844,0.3962408593482632,-0.2503145081180278,0.39643988473344927,0.13384823652846545,-0.02501593657376123
-0.11728713171098315,1.3537424150566657,-0.8908763627119934,-1.272597538629773,-2.005917455391132,0.04139450457206045,1.2599278238293714,-1.6772287917012767,-0.7998777824399037,0.6964636924401802,-0.18568157051693968,-0.03570403457524244,1.721548418664054,-0.3432871285082184,-0.23667398736550843,1.17116018752448,0.25555101556846566,-0.8620514877380154,1.719631184122159,0.6371342922878456,-0.7733523986964018,-0.6710211217368411,1.2382841383379612,-0.1469570004599227,0.60299086272819,0.9417110467717026,-0.013650550796834394,0.1741493542327085,0.13185744877978675,0.8375753666915474,0.2702362666097945
3.6800749777379416,0.9217558506945961,-0.6730465594753263,-1.1222359327789706,-1.7405269084328614,-0.7442048675675068,0.27142167800008005,-0.27206036947320167,-0.3465536345759221,-0.5000352343895167,0.22445547699070995,0.33886078374903983,-0.42519544744032783,0.500947725931692,-1.4128719332055235,0.750667009169565,0.3573158221792498,1.1677414815418061,-0.30913170542181373,2.140942467651223,0.8981624004841926,-0.6919760678249302,-0.6483354568102965,-0.1758351106823802,0.4333174403465452,0.6507452860638568,0.420414337209155,0.007629648229176373,0.3479539726393578,0.34271162595011434,-0.12717354147170296
-1.0283484795842666,0.4449034663928107,-1.1752070105239525,-1.0501591479559287,-0.8315370583378321,-2.0947468751767784,-1.3503295492290581,1.738952783702035,-0.7962631530822114,-0.34566168846778206,1.2509773107225672,-0.13838652293419554,-0.8969162224351195,0.11953119971117855,0.7202087938308358,-1.0617447905495458,0.09594436565704421,0.37260580939009547,-0.2962627236498208,-0.35218498605903076,1.7550482388196487,-0.11405537889461977,0.24972824498930615,0.30646387309062045,0.11141547155172436,-0.21981159173865414,0.13668338467349073,-0.09080706548083674,-0.2504407567031459,-0.24726529476343873,0.2024293345889967
3.8613685727485363,-1.0273060923120216,0.22542769731911746,0.8065658560199919,-0.917371794245858,-0.5234954993460792,-1.6173466830297198,0.2773085507163724,-0.7449297290253806,-0.7809522924457422,0.029226091572144675,0.06861109248792921,1.0309713594003278,-1.464989110972875,-0.2096656491213255,0.7493542196765777,1.1303220210621892,-1.3853612400860733,0.44144641783130034,-0.5078383814665672,0.9943066759867886,1.4222455865866086,1.0237145299710662,0.5495525908866832,-0.0629999708830831,-0.6196288373060642,-0.6706133335137358,-0.5238604043821034,0.5427593491460145,-0.33359435258085,0.3652977052506656
-1.4098565350001395,0.048053146272657006,0.6825032096410663,0.543945341943903,-0.06393504025954927,-1.0562625235468959,0.6842986594163746,-1.1596142941013197,-0.359632756266383,-1.5552622710065906,-0.2109676415399238,1.132668563580746,-0.52470416881057,-1.111722035684756,0.815643152643189,1.2396967345482552,-1.337319229023323,-0.8228683362327257,-0.36546038575963624,0.20364530368693537,-0.9281631586789663,1.012921127313931,0.2102547524761914,0.5528517519492868,0.021853001942245435,-0.09800179932796742,-0.06307675245621078,-0.8109042694319355,0.02545223340813944,0.045949404716111475,0.3616404832593559
-1.741380516841137,0.5099618925644753,3.2731340447670756,0.30703100259300065,0.03317866464288363,-0.7276752140429779,-0.1473657746639934,-0.03267550900651348,-0.5059828322739379,-1.791255467034494,-1.0279176893051276,0.5150391157089113,-0.412160377786878,1.1144627522301138,1.264868212952635,-1.02893814368435,-0.22248816271641417,0.5966575059567258,0.3317711969060279,-0.3588940249353455,-0.10916637335917476,0.1039737847442046,0.37417216611346554,0.19221756853965022,-0.8146753726615332,0.6852419540459226,-0.03530922183350208,0.6747929737267893,-0.35261183621661807,-0.3133787959444206,-0.2866155803067981
1.3323026918791523,2.056296037052714,-1.9302554743515885,-1.7120351231402344,1.0882461808885868,-1.7003562468996145,-0.6195677448311655,0.4993022634327895,-0.9494846732621642,0.5070504214331154,-0.7764188053223311,0.3229286851289388,2.65639337313195,0.9847140917801709,-0.13927625350201472,1.0741227076098339,0.8641757851560378,-0.3303054555606472,-0.46807449424401837,-1.7063008490891456,0.7736544375996891,1.1840195692407185,-0.5437678585180518,0.415019447388992,-0.44296749126092644,1.1847058950836646,-0.17698992615907463,0.07874183793386867,-0.24977697503425653,0.2500183212443708,0.08516079395261064
-1.7200465933052007,1.6104650623395445,0.21604136473968688,-0.8431468350442729,-0.5346144009600678,-1.5019537712312068,0.49234860951479775,-0.9888366676487759,-1.2519997604622564,-0.7622333892774735,0.3356982852248333,-0.6746022804301682,0.09204115243851864,0.1713689752723752,1.1919466391544984,-0.08550986376688938,-0.4082287534352475,1.2912273564544965,-0.39562175978718517,0.7625934677848963,1.0517401732083076,-1.0233019186934473,1.176220181957512,-0.2008622124137924,-0.5679226765508636,0.6288092364080112,-0.11069032827867757,-0.7879820958966903,0.06827716794655254,-0.2009463849454642,-0.06353235532310118
2.660274096415252,1.2216915607476966,-1.7772254588228293,-2.3601577609786655,-0.22059289921165712,-0.39591817341684893,-1.5975674409203413,0.28078402740470976,-1.2191519732056804,-1.7124236395930532,1.246965188860912,0.26740541277545404,0.1254227188005171,-0.5670863651091566,0.3769063523011961,1.4166627827142633,0.4227946748683249,1.3142077826190852,-0.3238387497029584,-0.5816100981536058,0.01462416414778381,-0.8266829124513455,1.2154498208071032,0.33139554037857827,0.25920641861999066,-0.4741291938068792,-0.1206931085524085,0.1913319669629085,-0.1921334749805004,0.7765670902180443,0.18432180074076648
-1.5322413112138182,1.4090185963211792,-0.5110791289089451,-1.7165606242416478,-1.186123859165438,2.1192939013199363,0.29487104477010595,0.7599100725478771,-2.13794545770011,-2.96798265388028,-0.836577429210859,-0.8534357770501053,-1.3820331847367242,0.4539099113874393,-1.402750315846277,-0.43083343716058703,-0.315249860971424,-1.2980321206159062,0.6371801366944567,0.35264835309414455,-0.17950584421772345,0.21112025520239172,0.2117806417801586,-0.3761158487038242,-0.46606049510994046,0.904294299763069,-0.05297237435985662,-0.25358886605210923,0.3393693216085215,0.47485695577030596,0.24291288224946495
2.015189133641241,1.2948814830659598,0.22211298566304444,0.8126678898303741,-0.9716522932880892,1.5300384456212093,0.1146608027421794,-0.07463715903846413,0.38194211328477834,2.297722057841244,-0.0899791998324284,0.2725366019964662,-0.4907924312019864,-0.0457593916629822,1.6614376050851962,-0.5964445109247782,0.5833835602668799,0.7327035767459819,0.19431161741481895,-0.6687900018088385,-0.08118935299755549,-1.100036288660693,0.9141023438683801,0.24800736127082793,1.310645973784466,0.8167483578203195,0.04803593832562883,-0.14839867663456224,-0.46876701327068654,0.32183800392182804,-0.14544234988740645
5.442121414893747,-1.328006203810314,3.5592752597285697,0.08158907989649421,0.8425342471717876,0.5228421094754537,-2.2568992875531406,-0.4064211424440524,-3.2541745408555123,0.4104388882146816,0.40588737271594666,-1.1930407577244824,0.0770487056445801,-0.9527396667811555,-1.2071153218322848,0.45459287654790365,-0.4230795473331907,-0.935684158656237,0.30844962170503615,-1.2579259964658582,-0.18293978073167655,0.04716557788359993,-1.0574939986841467,-0.45823717002470366,-0.2591046256921313,-0.7838156811217283,1.3162951950968778,0.05802991074451438,-0.7210276258939986,-0.43630068661418925,-0.11507715917235814
-0.8165898335737243,0.8758366421000897,-2.367491867774625,-2.1180971728467997,1.372770648585592,-0.2869691597948768,-0.12481854006360192,-1.8257454358038105,1.4045066641187862,-0.4416116754710668,-1.3968254697654765,1.616874788718429,0.25817741951820017,-0.7606620368109438,0.5196738748967316,0.6324422461285761,-0.6228736396528419,-0.3150974103270656,-0.353561972475619,0.4898510575150746,0.5604139098672636,-0.9668677705190183,-0.40420352646881996,1.0724226548178384,0.3150763987028712,0.32285274073253345,-0.22370830984993176,0.613942868228658,0.7458446698554967,0.5766733603141876,-0.12080198577067672
-1.8440927123031652,-1.6047812037255915,-1.076060732954411,-2.1540677722586765,0.6485381219888341,1.249674684893523,0.1610712699260132,0.5901807463324329,-2.6822627846811757,3.000899491977008,-0.939347646647748,-3.262990041469977,-1.3006740124145035,0.9969229536968746,-0.34054266938817135,-1.010533683324455,1.3680043036714193,0.005738843632178658,-0.39678085766200716,0.0485975744100305,1.654685207511624,-0.07027865815503,-1.223079197371347,0.5006337860660327,0.007744169830288121,-0.05930071672321527,0.011339767751867536,-0.8275633576525235,0.10551496389872758,0.18614616726090447,0.15424785865784313
6.579488983892878,-1.8933984914198596,-0.8939756825274026,-0.7807744618387549,-0.04316596755872792,1.3247459582455552,-1.7839038865129164,0.24214770581779116,-2.9276000863897935,-0.6652965350958022,-0.19862209562274702,-1.921916678783604,1.1065195264434733,-1.314765333601832,0.41600183578692257,0.23792859649860457,-0.7396399702663244,-0.7018610990579822,1.6809291216625692,0.9813760554182163,0.31422734804709634,1.0614863903358873,0.05661549745917325,-2.263722449414937,0.24491679186299067,0.7250807987065284,0.8076712069966268,-0.3258880100999311,1.1100842919588745,-0.6772873398680365,-0.2007996455925128
4.423500637621608,-1.4537225957705269,-0.08268699135323651,0.10161334805926597,1.743945980172663,0.7886434494011897,-0.6455397828499109,0.33868178356863643,3.2057512916314916,-0.4730455745867876,0.9131298367588953,-0.0859485333119247,-0.8374130191366308,1.1095106001520856,1.3463503209190695,0.7669634720989306,-0.3393351042791919,-0.7887259509957799,-0.580365635281923,-0.09962921481390187,0.9675224127478234,0.5301010497660855,0.4644716095310614,1.0468613282389796,0.16731488080313234,0.07026651362111327,-0.243819408675382,-0.9202386040115615,-0.6438563859650692,0.7515502622092016,0.11648999943434771
2.3316004977672145,-1.6693599015454696,-0.7065602809702339,1.1861125682623284,0.9521363179508155,-0.6743553916136242,-0.0398347123895563,-0.654047950077312,-1.1943470086918135,0.8982960631879005,2.4158962630423355,0.6311873081876447,-0.39361547463328816,-0.36033915082578,-1.7378508230743483,0.48433725149858053,0.4047697394096341,1.5862460194872852,0.6059198894613462,-2.1760101945388954,0.0997620752067122,-0.8719776271258038,0.08783823656119248,-2.42614118496476,-0.0034140960580789333,0.1248371544229909,-1.056882715170359,0.32412087041000487,0.19938587505341157,-0.1281775670992537,-0.20095346480324947
2.995939024801761,-3.0793874306820603,0.2752886126461862,0.5031061847005901,-2.8505480369973206,1.8321673972810122,2.379112111190255,0.3539723858961036,1.551027505621468,0.6973367115089435,0.8394851037527122,1.7517879700366366,-1.2766618950731032,-0.5191964132245659,-0.029423039467412277,-0.5976455322752656,-1.2422158455743233,-1.1309941235406986,-1.2083487477663284,1.0371140832963912,1.2521882364209989,1.5415532860643513,1.6109740346009185,-0.2046909846601214,0.325279325288236,0.28372898746215314,-0.3168170284145628,-0.5996524580190542,-0.06308137429568389,1.0407543013925673,-0.2093240720763227
2.567374587800691,-0.8764436497883054,-0.8445505291467955,-0.3104858918872168,-1.2766003050303636,1.0285115406864094,0.47239764587189026,1.1227523895521128,1.796284632253563,0.7480391730692952,0.3833330436255169,-0.29964878688224733,-0.5339297589703169,0.4229740378198608,-0.16824870821547894,1.2926983270691088,0.7355022500492152,-0.9096657348776259,-1.0571054916272815,-1.8561595713530343,-1.1123850833061386,-0.772668550782475,-0.531061032346082,-0.10388718362569874,0.16226317293953582,-0.4258474595547964,-0.38495916782528705,0.23813225331815902,1.0151222445170633,-0.5891675229111918,-0.07383339109508608
-2.2677163053254707,-2.134586539047828,-0.1272193218225215,-0.7251505359921148,0.732946754081799,-0.637371938180666,-0.758237841431829,-1.9611021152009507,0.10816921232079228,0.044788560683408994,1.038936284305271,-2.626478171531029,-0.5536458074054887,-1.0321672509854338,-1.971325025325838,0.6602916201218146,0.24916802888871153,-0.6919977522157001,1.3334332560083253,-0.5997530588794849,-0.2434783110879363,-0.24651334436831518,0.8592797987553,-0.04198467304511905,0.22096332886875175,-0.0519599076462512,0.001300474063390142,-1.0039413411998368,-0.0036228921618355523,0.11964248787958455,-0.0826772484301535
2.2781773600006483,1.4320002074824472,-1.1570739439121898,-0.4299330152166487,1.4406450340008023,-1.7347401534849292,-0.665119748332739,0.6636784585369185,-0.07830056363197727,-0.9749203697725425,0.1573898503872802,-0.7184286246114272,0.8874215362141341,0.27765513134307623,0.11919272236189975,2.580047070745036,0.9102600952061425,-0.6843420764235737,-1.39331476311158,-1.02222606844748,0.8253746597349048,1.39719325879789,0.2478010664904323,-0.5167703556129495,0.18422273317055712,0.8591374866674633,0.034626345328760376,0.28552146211765234,0.6664151839637318,0.20777137244539085,-0.5089651458094261
0.4860911415946617,-0.18886802842559303,-0.49061765187386497,-0.019003031268536082,-1.5386870408273747,0.20425737221679524,0.7399875955305752,-0.399328188567641,1.1854462409575686,1.5339011754493475,0.7351280576423517,0.3464887429537202,-3.7111232903664972,1.6574015980989296,-1.0190337851093445,1.0203706808655093,0.1711149392666451,-0.7627601691626626,-0.04888651277634026,-0.6510499581963768,2.1110223845371157,-0.028718951481836872,-0.558010977931489,1.324335692279563,0.05452165235315224,0.3538994097773621,-0.17837282348016298,0.2923149018044094,-0.10433738287494435,0.08489190953637356,-0.4076485964640442
0.9772993197936447,-0.3561665771187106,-1.0039167726540001,1.5782850211739228,1.330676480181735,-0.6225192484177674,1.1661115445427201,-1.851734820402468,0.6277549161704697,-0.1436401248977793,-0.06358832816606476,0.5104295552885678,1.512914298765041,-0.6669320339230944,1.1056611670639545,-1.204689232158714,-0.006284739266913755,0.4109387284967656,1.4769750348287252,-0.5001567053742341,-1.073414404009785,0.7784839429168168,-0.6349331741727979,-1.046441353961874,-0.9153580668609577,0.27133829809396076,-1.4996614334684912,0.6154395644215731,0.7235960536320835,-0.14415691068936742,-0.5803453960560535
1.2121187371546498,1.3105990681471766,-0.945260459546427,-0.624226062509653,0.9862926989962217,0.7186325462039812,-0.8008962592916775,-0.42360642193848486,1.869970779457774,-2.2974605682685763,-1.6744251725569212,-0.47387427489736184,0.7341577100841629,0.31950993378121156,0.04235153380632434,-0.8643102506894352,-0.28160343015417444,0.37395363046482305,2.1452858496902336,-0.9101700450217186,-0.8955510823560413,-1.159947502509515,0.541000043747132,-0.482292099757584,0.7867110562093633,1.4074893111059965,0.13766372886298642,-0.19985748806399103,-0.7466985443304607,-0.5453887911194506,-0.28393518831771375
-1.0921567652335147,0.6497915821195299,0.5465100871958752,-0.19941799335011423,-2.8369139970371893,-0.4311702290036355,1.1599106188677215,-0.11160550685198299,-0.37591036496318464,-0.364307150600773,-0.2832211164686979,1.178009986478845,-1.0465187358602561,2.1816083861264586,1.4613437340532824,-0.17043047552708818,-0.4816885915128429,-0.418400798872693,-1.3879875271316466,0.028731163520297663,-0.5157355819998749,-1.3958950749665089,0.7848310528138361,-0.2554453905143836,0.22462044520194635,-0.49238102891324853,0.0001204998578292036,-0.4349953324396169,-0.20660126672607126,-0.5020486222753247,0.00019731890882780748
3.740396571118201,-1.4279444122816765,-1.1312009935027958,0.21385386122770342,0.9973598864581404,-0.05790703601428676,-0.9020977368611863,0.1422823426062268,-2.097794827861481,0.4558323032578852,1.0929646983264538,1.601345856792412,-0.7944812904737208,-0.21104059668657169,-1.0681392907991574,-0.786974551221345,-0.7195298617925275,-0.23349709959486026,0.5702361712752674,-0.7111841380714713,-0.12032218025892015,-1.1522747485179392,1.1107205910358604,-0.9077905659103842,0.20013778273770105,0.06783435803018219,-1.063324950824768,0.3844970427824655,0.27376533730259295,0.8894977001541005,0.2804519123941965
-1.7315025091772593,2.2492279592446254,-0.2920253394808737,-0.15162903857987808,0.10159091407515654,1.6050340367596254,1.6526203753542643,0.2243571195753314,-0.950239875799848,-0.9498456465714131,-1.7726795163321225,-0.46564718583031367,-0.17258072166388255,1.1538468481349515,0.7392493559574645,-0.6120626422727717,-0.3845889198538705,0.1634908604721287,0.887737487189103,-0.29018334149212416,1.1860595261092413,1.0325896682599771,-0.3293430731786143,-0.3237312319730845,-0.8967442755485259,0.4938839613549139,0.011003330332032,-0.12218968199669492,0.007851815960151678,-0.047868287136746,0.2659486564731927
-2.3104411114912766,0.04501508722256411,-0.7306712841409426,-0.36044581693036354,0.027244935249084733,2.557952356674902,0.9138280734704255,-0.3222309155792628,-1.1210903000614867,0.9777080789360186,-0.6543514109958104,0.90460945004685,0.5361871780078888,-1.218314546115476,-0.48759105119948315,-0.6376022455406094,-1.8350931978657037,0.8804735769621729,-0.7754947206978225,-0.3769843175940425,0.8320170682999194,-0.3579192652951459,-0.7106348601113526,0.4035182215021138,-0.05917653458437266,-0.60638574683009,0.051683826588472113,-0.05414310531463282,0.2886697197322132,0.1096155100365352,0.06921711330830728
-2.4886847329744475,-0.2854859040442384,-0.24280424822578567,-0.30732922635352683,2.231970863966164,0.192064661208122,0.25303699850845335,-0.1417320881250755,1.8947252058308672,0.15587995571130553,1.5697283034368872,-0.17841400354476872,-0.023106423246035238,-1.238160393364993,0.2631217865049161,1.3289764306082152,0.29750021484757266,0.27237218510130695,-0.10058634159333402,0.990686211824669,-1.1847069190954813,-0.08411747619148308,0.35795989408555373,0.3628535149246175,0.05193745530882858,0.20924604458875318,0.028386457925486278,-0.9640973206399401,0.1824025462765595,-0.23260020082109975,-0.04340668645020139
-3.2148547882085112,-1.6046115402840913,2.079687873898634,-1.029822742429327,1.6227546243786264,-1.7768676027304093,-0.7974362419722755,1.6560421051377077,0.3081350265299789,-0.1329917513476326,0.5602671061818096,-1.1655203355764536,1.268663766972634,1.154050208746221,-0.7703705716058764,-0.9534805663783951,0.5462555875982035,0.7640721560688362,-0.7896727872142236,0.2720900015097246,0.4686064960005025,-0.16004351618255624,0.45829094521603453,0.15929107792924954,-0.8072546577733422,0.19101786630753678,-0.21150634729157117,0.4212444056949356,0.15327517488935455,-0.22455940258415844,0.14024507471405537
-1.4749156531240413,0.46864347949481633,0.2543926003349642,0.6506512361789121,0.3086409008793719,-0.9473885998906274,0.09095461842658237,-0.32174668981376836,0.5303115033698738,-0.21397827654490556,-1.957588758617514,1.9317027083118647,-1.3839780627170215,0.9940700333825716,-0.5646716423968898,0.16192801734998144,-0.7073249062010668,0.3905400935628288,-0.26055246537580523,-0.5745766259100055,-0.18363570611988023,-0.20802011487281874,0.7875384869489503,0.23709031072553932,-0.02199465202901462,-0.6389321233342667,-0.010124800354632126,-0.349036432206467,0.057681613058911604,0.14634054952371717,-0.08290352967755561
3.867269989599919,1.8114745617125236,-1.6222232998024795,-0.7258129297126285,0.48107687278418354,0.5720622542358895,-0.4354616271337611,-0.5106659086039881,1.623816209740965,-1.1727278615843537,-1.4266246513238579,-0.6982784991783688,0.6072007294497881,-0.3919813312661619,0.41653059218650723,-0.2212383231438258,-0.4685471503255358,0.7535418158160604,0.048532392229250404,0.31819429816497474,-1.9550940122671412,0.5793846244854489,0.5227119562593374,1.1652675776668513,0.2806015342149739,-0.9511430316463356,-1.1576862866299442,0.519701549220332,-0.5756455806840514,0.5586167663720405,0.06956321687386101
-1.0924136464839198,0.5107359267483222,-0.5334862906912179,-0.8050742408033659,-2.0355867556177643,-1.0555237618518754,-0.5274985214797906,1.3983973316622298,-0.7116673533030322,-0.9868606263077108,0.6546632653501098,1.9143521798429877,-0.8214496315566647,0.49883807012130577,0.1818483933530297,-1.553163652142338,-0.02016859490821875,-0.4885107056521209,0.4277276210487137,-1.6129074712542237,-0.311308590240468,0.07068744801078908,-0.04171034009129852,0.03700481700951952,0.5214227763491414,1.0248278233993335,0.4522782372678449,-0.2716734580515258,0.17346843705872086,-0.193895245524586,0.2828790193045801
0.7989988734832012,-1.342593811065916,-0.5425051729517182,0.7468311611591724,1.0684884422114656,0.6807982483760427,1.216386808496007,0.08716814045860449,-0.6108798838831211,0.5033647285026726,1.5162213743756108,-0.20954037258298783,0.6168714506830627,1.8423324290375265,0.01602682542826651,-1.860314944166805,0.967592232454519,-0.2798367862572402,-0.24876350450810997,0.03408889811883303,-0.15353080519497878,-0.24294910680128295,0.8927845348836001,0.9896267055308641,0.13647435193795426,0.25396397809673965,0.4085925957953164,-0.16964543293160778,-0.6322665722462617,-0.07541879678779384,-0.3967217942753107
-1.8414706331805373,-0.187063671271504,0.42212326498546887,2.4390335838315544,0.5802166370247025,-0.6404718141819135,-1.0827929378335022,0.909478438243226,-1.962198471284267,-0.2298203733377447,0.3515821732008362,-2.2970375944617305,-0.5344396288600028,-1.2727677009797396,-0.305933114395192,0.043060179590057396,-1.2894955097024674,0.2880233931393229,0.9548002985887366,0.21211508307570223,0.08681693831007693,-0.3509455368265579,-0.032014493687811355,-0.07828487896490419,-0.308873311798119,-0.7623792635752802,-0.04192269029094343,0.14691223487553254,0.18248109368192397,0.10701968346791176,0.04935185041275837
2.584101691676982,3.84257803344882,-0.6674904240194311,-1.1921168480305866,1.8621359225957634,-0.376440246838725,-1.9801487190012035,-0.7909820481675419,0.25452820885074096,1.144342657154976,-0.47566850258849647,1.672569450412057,0.9781944222152757,0.4873392416561843,0.2004625472444661,-1.0191465035686267,-0.7658164816752197,-0.6493928407275743,1.606654957653328,0.5511590599363112,-0.10995145877911285,1.7329706871072823,-0.9619726005985274,0.3696676559441291,-0.06920953049349661,-0.7591103066208419,-0.0071980122999439145,-0.7043667848374486,-0.4867328374261327,0.24519112798463732,0.017319568578087086
1.6437465143444159,0.6106003584946151,-1.8073078702839118,-0.49895032852771976,1.9562231527318568,-1.1796465921813233,-0.37446992402262536,0.19927640343348507,-0.980947401547263,-0.8100140683211158,-0.49233799516202104,1.0752323181213286,-1.471429547176805,-1.1653597316381112,-0.053209147413223024,0.17356049561351672,0.5291460913550949,-0.46745164090983926,-0.8606187169978564,0.7754029207324572,0.7044711989181291,0.34880771909703406,1.583551312018167,0.855871741279723,0.025468528852973734,0.21392897845978281,0.4809823096617093,0.4747877814290888,-0.15689347566150225,-0.8951485075349378,-0.046815964622617154
-0.1697845910347342,0.6824861882069326,0.6235732055498925,-0.17256293277004442,0.7125851170320004,-1.139618112763857,0.7971065448115304,0.1388941164317772,-0.287902688554219,-0.6223638253898126,-0.21870825435412017,-0.8090722405620374,-1.7671231520552273,-0.19576733439056737,0.33022391150435415,0.6226786206510362,-1.1122891275804623,0.3307217037593428,-0.04178849193763731,-0.565555628079237,0.03626881510651246,-1.426635959155234,1.6395963374899938,-1.295197742239819,-0.009807302693671052,-0.7268945207010106,0.2553443173598654,-0.8654811821644323,0.3873059026997578,0.4181810502959275,-0.14568662394538165
2.335328736907022,-1.4336745095569732,-1.080542509399494,0.08637515592912756,-1.562391734483804,-0.3031960531050654,-0.42190028110272015,-0.37499457304222067,0.12261513273373156,-1.1742156992561925,0.9072530204434398,1.5345211763247355,-1.9100747431552871,0.7830713701245647,0.26485972513340617,0.23555312657156863,0.9860765833868333,-0.2919998005893527,0.8352114905707442,0.5873810864144072,-1.2583198044371318,0.929109124520154,0.10047816855545402,0.44500832245472227,0.019798637397061086,-0.3202777034979779,-0.003216769397644692,0.46297180612742883,-0.24970263397663958,-0.010560656707848884,0.23881110032649125
3.4818230058087516,0.9658598169804231,-1.0985841586559932,-2.0877377802060466,-1.0001596529199794,-0.9204215731414652,-1.9442628544069804,0.6829043347527838,-1.9150591284424359,2.0199849109983714,-1.488971641880552,-0.43018513759200544,0.23302009623208117,0.6122206008818551,-1.8830154870662104,-0.40835363133937064,-1.1119178735000164,-0.26945649719381515,-0.7456767478887414,-1.5619469326488866,1.0931086331439968,-0.942772279340585,0.9217125369324595,0.5644578430918143,0.5059111217520127,-0.33362753046109545,0.8811125517712621,-0.215303226010693,0.25468057090840235,0.4998862428643652,-0.27926063131389006
-0.03952508746457803,1.4416026224504448,-1.148369307056011,-0.10766844279090765,2.523800683267229,-0.6825453864923565,-0.1956275921816587,-0.06927114302884416,-1.1861323104327313,0.2585532627844017,-1.2232178090222958,-0.9372474102003945,0.2222494290767426,1.4180110262644288,1.903954808640876,0.31307030020668664,2.3317532138432857,-0.6242718581690004,0.08343984936797426,-0.4170410529656812,0.6534871318728466,0.05745106184330312,-0.011311834226706358,0.2116977435519538,-1.0614016457444508,0.2383088559457545,-0.12739476728894908,0.2281165109742733,0.07439524465936183,0.4242593124811756,-0.07955109020758581
-3.040825193931013,-2.5738998026980737,-1.5493137187084096,-0.8042933212249596,0.683677382003058,1.0387377598938041,-1.3415286669357087,-0.12430631288143741,0.6061905419552582,-0.20391960224824895,0.8509068565412996,0.6123707016096005,-0.8764539445137215,-0.36498213348997466,0.2808231142223795,0.796650171119508,-0.26352584922230105,0.8700804808864142,-0.6555830280676176,-0.9066258408646527,0.4559178781749419,1.1458709610929758,-0.6038381291256157,-0.4413879207451453,-0.02688450990937678,0.004198690877310106,-0.07182632367316885,-0.01542377281775158,0.15612057456337683,0.24265967008704462,-0.09554449020896594
-3.3287847429982294,-0.7720836519861727,-0.8534910949319442,-0.5070534131543906,-1.7575325416915812,0.3489474305727942,0.012829434942536116,1.5261466639930252,-1.77901582874998,-2.0270274517116262,0.5501371805953484,-0.4532746326643489,-1.8304682397839416,-0.269062599173058,-0.46225879789895824,-1.0175618204760504,0.2208944781928459,0.16398117343001048,-2.8247650125192054,0.8400277710361979,-0.08920640571621632,1.257047968298145,-0.011424175839464696,-0.022001267359087383,0.19449233685516162,0.1894712514180699,-0.05679001454592374,0.17872131818313536,0.15774677610779134,0.0268728767051359,0.10462416756521732
2.3859440209926963,0.94696036697932,3.434910292066202,-0.21928411341662196,2.226112002387846,1.8338027396192422,0.08547298223392504,1.8758071766084226,-0.11716587743473478,0.20516290295596726,1.6885769781409046,2.1740768396959083,-0.8538483275024419,-0.899036545761583,-1.3217501780636214,0.4267051865631398,0.341054095428334,0.47682330006618856,-0.36482499467629437,1.2022687772243803,0.7140130608688839,-1.8502283200156557,-1.1198706707265864,-0.39681932834640843,0.4300004703241014,-0.681826394053548,1.0495705470701575,0.20822240776647585,0.5320520270909305,-0.3258386507604407,0.24085634183270593
0.14767782022835352,1.8546163243099356,-0.8316680612200968,0.09821020014342446,1.28487645582572,2.1855554956288623,0.47243043654441064,-0.4684416833164831,0.30526719211350195,0.4650283689911663,-1.7480733862633537,1.420919090272293,-0.6233603744286211,-1.4069217416458537,1.0359939465425168,0.573643636238442,-2.154811746556655,0.6754793755684567,-0.9874597242488273,2.1035542635206355,2.010184691479179,-0.8146569283513362,0.46812834248481827,-1.1270883756236982,1.5231091217947197,-1.165793671499136,-1.5229114483371473,0.5188898637002591,0.5943767028420998,-0.22759250006040296,-0.08351096690750925
0.5028776957333947,-1.2704203892808832,-0.326269700010691,-0.01536583258326229,-2.484398578713008,2.205984769643917,0.5379542628211528,0.4298878940633802,-0.6544635695587604,-0.3960568455131398,-1.7293937563737773,-1.8052556276034657,-1.5397110809810768,3.033708578697803,-2.1049066408279784,0.11086181320625652,-0.7650119755828735,-0.20170703123590242,-0.6967883796511567,-1.2214277055403824,-0.7287247562522116,0.3306443170873717,-1.186075270919676,-0.7885031075066737,0.522828295994572,0.5617842330072577,-0.131565119911393,0.16869556944068043,-0.6557332210087652,-0.04678912973163203,0.2044686267203884
-1.603319181444578,0.11070445339207821,0.8804524999688575,1.471676583217454,-0.8389643258085262,0.24166406750141628,0.6197490953806651,0.7894462982003034,-2.5357071020263557,-0.23685987689944765,-1.006531439059941,1.0457754542062874,1.3259103073033585,0.1831778816726827,-0.47940237468383573,-0.40006930938666313,-1.0009177792374953,-0.6167764356577374,0.47003892228672006,-0.29050285268721826,-0.7106161696210985,-0.7690407551375146,-0.10096802705686264,0.592832381491214,1.0889355467441217,0.23410824743922187,0.025086268039285677,-0.40591526637272907,0.39479714043939573,0.10554672679818362,-0.2806109490443508
-0.8444277882695674,0.6864080263201464,0.07062623530052503,0.6892281342098326,-0.2893309497381792,0.47295479774763705,1.2293530937323356,0.5494490603369426,1.2458634648158404,-0.21775201796542196,-0.5529257592388788,-0.5296883030264062,0.6859954036392554,1.9534180037241127,-0.6481218315627788,-0.3504267502494412,0.46821580573768634,-1.199945777720676,0.03726910174273917,-0.19957833451720536,-2.0297017186268818,0.4703948777224564,-0.25522863953701563,0.3173509353430297,0.12307078533303162,-0.3247440652203517,0.1316348641406175,-0.22943857052943237,0.10545329891115918,-0.38341471614406464,-0.48721223875317166
-0.13095054712760082,-1.083594726036372,-0.5221979247351793,0.8632662839699666,-0.7823457736575803,-1.2991793089674677,0.06763951409613063,1.1673253141817164,0.7293905883933947,-0.14458818314109592,0.5886592706370781,0.033749766167105295,-0.26779518129356084,0.2296755597957492,1.32150538962205,-0.9594648535143436,-2.000755123937459,-0.40912822722339187,1.379126846592165,-0.7183040266606637,0.15274812053222508,-0.8661226739364942,0.2654421797092738,-1.3957040983641502,-0.8319480463556541,-0.40018956972204867,-0.19504528602747565,0.04165928475885204,-0.14092881444244404,-0.1109287768714458,-0.223153781065025
2.5022253976174516,-0.5864139573783428,1.1373607818016394,0.733462814303906,-1.556725454816663,0.25842354300559667,-0.9862351360994839,0.43565543655687244,-2.207674809671465,-1.8093839317089602,2.368205122265137,-0.8548316350136481,0.3989724163184594,0.5929981857804505,-0.04949161340930795,-0.34438258802860533,0.6801084717096584,-0.6876353142678115,-0.031914819237756506,-0.5795156362539338,0.3150871533338996,-0.6041335004450954,-0.6464748013051466,-1.08132917709263,0.24394525149604107,0.630645724148105,-0.0273552435708006,-0.7981608120167173,0.7675488884906957,-0.08891257076071406,0.16402576632894195
2.3504236135056567,0.35269764914605,2.696360109255151,-0.788607660369766,-0.5543986958935664,-0.9946140853706836,0.051294922101627345,0.8198512667597233,0.2571780935461581,0.13061399001530308,-0.5525150920884174,-2.587994537530147,-1.425779440252343,1.405340157723561,2.1450337814177978,-0.5256154216373327,-0.8383940211494965,1.789023779785102,0.5657304213626231,2.3874535388654095,0.5550471119833242,1.2168781812354434,0.6331639349676825,1.907095817858165,0.15470544240450182,0.7252075133739768,1.3812410282829943,0.7125016076376725,-0.1316309181915405,-0.2744324280211633,0.045809834707907865
-1.7185962981133058,1.0522641698495763,1.7177813104820465,1.573291646137178,0.21715210432258633,-0.004626421363849104,0.8269609505068309,-1.8518479722716539,-1.5837510561967807,1.2747067167645325,-1.8094991758409307,-1.3725197970709275,-1.8615231824666452,-1.2242674975367593,-0.3924021958253236,1.6686374558401378,1.138127078080946,0.7478795343716861,-0.4444358847501512,1.0830759154998042,-1.6226566280740438,0.39013434039368783,-0.5213061055562982,0.5792399137692379,1.6695773613474858,-0.1530562228799613,0.014775204736190171,-0.881636552717857,0.2362543175889245,0.05847988643688425,-0.38911390888864994
0.9873816517129261,1.9222396449893127,0.11902048157283883,-0.6181904471584074,0.28940185958507214,-1.2574890116949524,-1.2881626018694896,0.2107012613921026,-0.3452629926131108,-0.08440625357418259,-0.18577850380982225,-0.8386645014535894,1.0805266859006195,0.15248498552755688,-1.5569191656900787,-0.4422680951068797,0.24012226552487134,0.433718823804589,-1.616103125732135,-1.0750012819408357,0.6853857510046281,-0.39127072866223434,1.2991700092656997,-0.8636795271205013,0.3095076432925351,-0.5236222716697365,-0.0060326287056558315,-0.7349643814205952,0.044363415779616173,0.5596655626273886,-0.04348221200393936
-0.1364866755085228,-1.378994438376201,-0.9179573710467434,0.25929206742381644,-1.0126732477795477,-1.8584141383813333,0.2429016406868778,1.4417857353387067,0.8700042617645118,0.8326567652811734,-0.3771182163825313,-0.03354364053062475,-0.7774241757319469,-0.2684686065618045,1.2628125017876068,0.9504200261674652,-0.2578268390482198,-0.8561123886700605,0.18388417820529587,0.2496009120815576,0.43679921847021663,0.021022528451667657,-0.9486493086117466,-0.3651285428864286,-0.11319889607995144,-0.7016441080152106,0.08742200785446322,0.11491611411425869,-0.10295496594864012,0.2678433757527327,0.40443918578353033
2.5990162516064657,2.185541668030144,-0.2295314746297774,-0.5613346307503029,-2.109220374899733,1.8939306112401744,1.3781768300394586,1.328455027004167,0.274057547916831,0.2325785117155135,-3.0090111974738787,-0.49111250578581206,0.6483760516079055,-0.642171328965134,-1.8859487935061314,0.6683125825128448,-0.3802536309693692,-1.0194249548973635,0.4159932230272512,1.2734157747164665,1.2273219292397657,0.5125985416795367,-0.5678605443950862,-1.1391536720899103,-0.04952937523225638,-1.021623697007756,-0.009833393526237964,-0.07962195720259635,1.002100157779954,-0.6812390129909623,0.17457265634443508
-0.30188167646396236,2.0793681357200264,0.1834119820768499,0.4961106962514955,-0.6065060754199963,-0.359805598464747,-2.3660615629334116,-0.9635122166176553,-0.9263260861436559,0.14923076972512464,0.2515344040787472,1.0117316574996162,0.534301716527991,0.1379583857266967,0.05180687808541247,-0.4110552220818584,0.12050238009236319,-0.5078163060650868,-0.04819225190057147,1.3379459608231403,-0.027905396898762338,0.8768678264506523,-0.5337174102894787,0.18644481664189677,-0.5690234630003415,1.074523911738765,-0.20418806437359302,-0.33381013977609963,-0.17483961925138206,0.020658014534527203,0.4907231051785199
0.5557136568678375,-2.870707257083422,1.4236936650032905,-2.377756436377414,0.8873603353293341,1.4111716099998313,0.39006301711918656,2.5029186262717085,1.5361068415997905,-0.475589167787067,-1.4126106848385347,1.0436506085895352,1.1086200808935325,1.2809357871311455,-1.1206023407595913,0.361168124191626,-0.0535493925692107,1.6242437476392368,-0.6201115202046807,-0.6003383210697204,-0.8075462869893945,0.8231701286032804,-0.046406478406542086,-0.28787988950497767,0.3227005834746197,0.16006528493315356,0.04903118959509093,0.14609663061073694,-0.8713540870232555,-0.11796491510605757,0.14680125354796908
0.5150767089825469,-2.838293010913194,2.433296571422328,-2.0827484319905407,-0.5051328676849175,1.0371922548692556,1.476968007689759,0.00401867031923071,-1.1060388171193059,-0.10839737232867579,-0.9938144818615239,-0.5371289163021067,-2.5460637926062253,0.7723028714989323,1.5381734030796033,0.9960523829692941,-0.015695747058715643,-0.7820848915648416,-0.8360399826815633,-0.25481321506816934,0.1532135579872204,0.48686695317935974,-0.2359389155528168,-0.9841754634184707,-0.3209304686451424,-0.9256625551061299,-0.08070656451992318,0.3729749662107791,0.12600201978472636,0.11740888467398305,0.25652521313449617
-1.853310287058721,0.6276892323455067,0.8829929555337331,1.6091763120044296,-0.6202363681091193,-0.2740173110355904,0.03480812699542013,-0.8789801306388132,-0.7094226504600686,-0.5827178274031342,0.5654881804759454,-2.2216475219694987,0.391125711960385,-0.38212403333068024,1.247256364266663,-1.7318657197160536,-0.4102549140263792,-0.008038828211819882,-0.47471119634738757,1.3031872094971912,0.12122981015676683,-0.03907372657910846,0.12920385543339094,0.46394802336027247,-0.7023168302233092,0.5542186183263049,-0.08945394688367583,-0.4129864720532945,0.2455689176543857,0.08038679179980768,-0.027649142339279453
-0.8529496363269756,-0.07677350085386807,0.28340086296358835,-0.5658426078242165,-2.2593567135447308,-0.532740197672396,-1.050171800450771,-2.6056043148290096,-0.4962438038281873,-0.8803613484970263,0.3357720532113232,-1.0808651657327457,1.293967868270391,-0.048677895259978066,-0.6306369016064761,-0.7222575197917688,-1.7352674005339899,-0.5547021509973964,0.6984973240731264,-0.5355443444289798,-0.4808795169544641,-0.17422596847721641,-0.009097882058367575,-0.24411487486810438,0.7352543182885062,0.8016957730172901,-0.28602476515196346,-0.6639374004889621,-0.03164612643131275,-0.23216256633475035,-0.2510416527747625
-1.2496753924823294,1.1825094930242224,-0.5742984386899457,1.0812945529142517,3.2209100119078196,0.4627849524812455,-1.365077926032731,0.48578056730281494,-1.2253956616447836,0.2929214542546526,2.111686830462102,-0.03348043794398905,0.043037219528920694,-1.2484018230565066,1.5811760155210621,0.7852518334163822,2.021126469009578,1.3493530866393877,0.3941701292494184,0.1723862589024737,-0.43575961939075575,0.3648415262427433,-0.15553371997266302,0.2971643928966149,0.5217416055390507,0.07818661155500915,-0.1903123231175046,0.02023661200024678,0.0790528523400746,0.048088444119347935,-0.11755424130973857
-0.9137359702716457,-1.4933216268045384,0.40077836837334935,1.4668889012842823,-1.5360393631849907,1.279884507364941,-2.338058217945995,1.784067776976807,1.3437694548139054,-0.6388001216474637,-2.412382168978412,0.9218832750965132,0.3713592926058711,0.5124238132437857,0.940574416763643,0.9154886606324711,-1.2850174695423435,0.5411955384437401,-0.6379621129305051,0.02104308088079782,1.6723391011185889,0.9135669221697186,0.1678188620563193,-0.45975868270935527,0.22154205087738096,0.34095014391519773,0.00890166037257928,-0.3682053289052501,-0.15501118723027457,0.49374257441381886,-0.26451756817012395
-2.953909498461841,0.47915861278382377,2.8711766789346376,-0.6836290694622866,0.02998618488422856,2.2064510168548974,0.2082202145995283,-0.979580379049058,0.4711744593132684,-0.776584267821893,-0.5623462855190312,-0.3682860911357439,-0.13052175222320947,1.4861729763172682,0.3868635157824283,-1.016193979572549,-2.1163962486175416,-1.0582547028442935,0.25165223805078574,1.6501674257718868,-0.8716143766900818,1.5218443499472458,0.1548911711576703,-0.6099098406545556,-0.7653817898786929,0.6318401534102713,0.12994334408376604,0.6861588341369825,-0.1278134224327761,-0.17252015805160825,-0.03556614029010704
-2.306103641917519,-1.1713664052076669,1.6344561869198673,-2.895097280584334,-0.19126933215149716,2.999884726755729,1.0522699942655283,-0.07906938839231593,0.5008916853878818,-0.13863271511591094,-1.884307217868257,0.7939399139705792,-0.039061109956903574,1.155388365777573,0.520925148245594,1.001134048539134,-0.7959937885995527,-1.2871934388569473,-0.43390167411402475,0.6684860018231933,0.0835982031757079,-0.745457408991219,0.2862789640491466,0.5152426169503722,0.021956320921260982,-0.5607533367682074,0.01320396149590255,0.6866311574524667,-0.3336972422254257,-0.142413537995534,0.01748719739667249
4.643865065887553,-0.6382187766728374,0.1577453569703707,0.5808150508888096,-1.2811344399287863,-0.3750880037383438,-1.2315442222796156,1.2196935160678297,0.049459553378415066,1.0088246885855654,-0.786424643275764,0.09729220529925904,1.5532037773959928,-0.2403405548809719,0.0403354479800893,-2.0027684137726474,-0.13083028276697184,-0.6364351097529272,-0.5252044752223619,-0.02369062270712917,-0.578866270281343,1.5440566013614798,1.426031668571368,1.1154696861166902,0.3136967949561349,-0.461515260636091,-0.41880570759368024,-0.6828087134006345,0.6719460645317002,-0.4584876558498551,-0.36499038448593685
-2.955898338824043,0.8877568653396923,0.7349543640035425,1.3906993147043671,-0.06438104132805587,1.5722858639186197,0.11138804843277746,-0.04779598577201707,-2.1200906973814257,-0.49356064280735024,-2.452830427341015,0.7012526023173995,-0.5327308526834569,0.1452859962800986,-0.7558972706342728,0.17637813202744138,-1.7318083343531194,0.16869394149401643,-0.619315077965714,0.014922681528765082,-0.6675461061263274,1.0291460924900202,0.4276352969333622,-0.5955256058559132,0.08737667527101473,0.36306240791929634,-0.02394402874728167,-0.2936673339040028,0.03545086970043848,-0.13493847174310936,-0.05820635915396175
-1.8663801106486393,-0.23001517084222667,-2.251667937080897,-2.0600927625111147,1.0092254368635947,0.4894581948095498,-0.5905291123719234,0.527809644394453,1.4306247030009729,1.2136576324933714,-1.1352147044167067,-0.3931064620111688,-0.3636913673888955,-0.2932274434241417,0.253970740251821,-0.018888801824425615,0.7100794956761478,2.7090521059324773,0.07429981499634088,-0.28895021005914184,-0.21131831226283507,0.5940020176563477,0.8071340695735685,-1.1124147632344639,0.32008446669912277,0.2679674662035184,0.0769324110358925,-0.14796979212414327,-0.6223773986452382,-0.43285956625376476,0.21063234119596236
-1.485609471915578,-0.8276088395611012,-0.23359667753196645,0.3866750526117612,1.4909941385273768,-1.2006859138183599,-1.0505033736869778,-0.16792587383395305,0.24758310217229487,0.5441985615335007,0.7556020038937092,0.4554775394401061,-0.8343626212007446,-0.7946186073356684,-0.4086756721745869,-0.5893526382998734,-0.2212343969019329,-1.070280552525924,-1.6102132520770884,-0.4962816989618814,-0.9201737701792678,0.5715088461263934,0.3588120799045128,-0.4381420489704919,0.19730685938361595,0.29821796939461026,-0.04229255303684275,-0.5956782392875548,0.024239928075688182,-0.11611594529873964,0.21637237319598096
-2.202423311354746,1.3658589803663195,0.5909943602824614,0.898550600690375,1.1138195719223634,-0.2881543770469861,-1.8242473404888644,-2.4808335592669186,-0.8763916422923347,2.024241566084867,-0.05785417263837984,0.3208015790945809,-1.181770650083158,-0.7840301738794507,-0.4825358464059047,-0.32935357116359626,-0.21345955800258523,0.4431590801950469,0.4768150670553302,0.7271698912071572,-0.5918284669176677,0.3495865544306321,0.08911715198756252,-0.13573195561047033,1.5025960254036683,-1.134980637389377,0.014567961428029134,-0.42139861518697475,0.32969083883709405,0.15671138923471692,-0.1300445687633575
2.1532568832518675,1.045023337287106,1.8424870930843653,-3.3370916286067764,-0.06128897575875124,-1.8787540281205175,-0.4687128669550235,-2.277487941987828,0.7552963899453705,-0.507893322889221,-1.3375137618143405,-1.1389538228792755,-0.9451947786322313,0.3239938797672708,0.09551611485778963,-1.100551104537715,-2.0687749066009986,1.3747038628551416,-0.3391135973418379,-1.4087389997040736,-1.3334201775768861,0.947151435009007,0.23799358303735188,0.0654259339101449,0.43709602158708966,-0.32878402733013173,0.6960281716924726,0.5518804075710239,0.10865525656458214,0.607211823180889,-0.2688363586246848
2.4041805054353786,-1.940087990795569,-0.4352454729566818,1.0630735151377646,0.9597721064421049,-0.03763916566694589,0.22263244576780303,-1.6550418212509737,-0.11503367012818608,1.4481132319727303,0.5715861103881672,-0.6563753550935635,-2.1021799011831415,-1.2540312847147705,-1.104142726449264,0.7851703418141056,-0.30927726511926956,-0.27126809693887555,0.40242160224500184,0.548136279657407,-0.7355604417593484,-0.7271832273785954,0.18121250236557457,-1.1562922435635399,0.10266471601434904,0.238099400112679,-0.33656420166118545,0.060311811812909434,-0.3165963230535173,0.11477942634966477,-0.06378581999412804
1.6652020623899053,2.0804539926157783,-0.2927744039016501,-2.160731910267189,-1.2325110544968094,-1.1940891748492042,1.5597866192083727,-0.15996430936527645,0.09304184971625777,0.6908540862399767,-0.2082200762911895,-0.8617483496224676,0.30387311098564296,-0.4175000817417351,0.045453410535981065,-0.03295753866077734,0.49949372739602677,0.7489181276362367,-0.5651759723286071,1.2016263410311512,0.5864836331893614,0.036551562850401065,0.39280130441905375,0.604483535048533,0.5288249272940642,0.7665616171061014,1.0470473541498528,-0.9880959137644967,0.3565102221304923,-0.2778700270594047,0.03892981720581701
1.0951798364495582,-0.5034231015069693,-0.11125063114208267,1.657271486737572,2.223647398396046,1.2062632177569537,-0.19566719105971495,-0.31749650709703314,-0.004950952002594121,-0.30411487142475346,-0.8499557999113809,1.334962246399077,0.7486663405738008,0.023886930950039124,0.550647980893184,1.119897728811096,1.0326674640730495,0.2911862083395833,-0.32825394650509326,0.1335236042825583,-1.2981155371962458,-0.5707076333674329,-0.3641058116068138,0.2405384057007242,0.02451863861012948,0.3919895054641637,0.007709245113233042,-0.18968463455649573,-0.7331071199172456,-0.07509825490608446,0.2063561591913763
-0.47775296525070865,-0.03683977345147729,3.302259408698232,-0.31840294143550113,1.3843808996083853,0.5280641234866544,0.9413476888641564,-0.5049375694155301,0.3178495843828602,-0.32018260347644306,3.145680693802106,0.7074578911875182,-0.7964352327625323,1.7291285659836058,-0.2859092541622283,1.4647360620748369,-0.20929693445876094,-0.2440152351911845,0.5800840265800115,1.2337184639440057,0.6372786313435799,0.04538173326682604,-0.739495766444569,-0.14443699913685706,-1.4176808885335195,-0.4738312569965045,-0.5994688005144605,0.40114867491640005,0.17348501524140908,0.3223185006728806,-0.09222306773149956
0.7821604700131685,0.6560335770642215,1.349845994395415,2.7103633783322687,0.7985689410950492,0.02460817054473497,0.62738937444001,1.5727939545999339,0.21327838137420013,-1.2338815784126276,0.4395194974681835,0.4253609346759171,0.07971077041644749,-0.3826329178396745,-0.7731930836561915,0.06898761476557315,0.936855570184262,-0.2011141620166907,0.3465974317340721,-0.874884206374856,-1.022547782276433,1.3143295615388804,-1.0067444339389298,-0.5163354165055536,0.6325595897302247,-0.4758465470084589,0.14920298094602252,-0.6966244158536717,-0.16671949015911228,0.14438080147970894,0.46790965174904126
3.77110442153903,-0.16817630772559927,-1.0608581356174003,0.23943963490226194,0.2695338938303561,-0.7624919608305306,-0.447875556708697,-0.4845175144036858,-0.8709148189624215,-0.03776094327967746,-0.8976165779182347,-1.334353639328403,2.1712617691744196,-0.5284822784319818,0.5917633508139923,-0.8999374745662875,-1.1671849483774863,-0.8331200728010549,0.5183030363084576,-0.07480715908321256,0.5547476660062337,-0.1249157372349765,-0.292844924145469,-0.3918286002280197,0.5849548255423933,1.059164843134806,0.050680367747988286,0.1774935752905673,-0.5828766607756154,0.3116546792943386,-0.510818346368548
-1.0400986443447213,0.2115803931167601,-1.8145551466857104,-2.1462266879578134,0.9416917030731772,-1.4336540675209652,-1.345095379908835,0.017639300589218625,-0.31162916481883646,1.0824970206720688,0.1435027751870353,1.2391253722403865,1.4925119076064608,0.27033900081962126,-0.46036238273798447,-1.9943375462979969,-0.26324688498019155,-0.9382571788823174,0.04807923441130378,-0.20014274749485603,0.7826197430001353,-0.1299480079756625,-0.28123372218446996,0.4252381270114167,0.4022318069894326,0.2542194565110843,-0.0543714645880799,-0.39830360044758834,0.10397052261182134,-0.2158457751718635,0.4578211902590789
1.3068981113342102,2.1842549241471665,-1.0412405567101137,-0.4078977999860643,0.4256951727921144,0.7025851701617589,1.2821357480686308,0.0004628320030886,0.4911880214191434,1.2168739509766182,1.0494738734073354,-0.5818169951855638,-0.896614135674975,0.7970338084218251,-1.2384574189354165,0.8833204009802254,-0.04182353275692414,-2.235054209753909,-0.8790789012812731,-0.5148621230340937,0.5647253521444306,-0.29690228013836045,-0.6794752946974218,0.07738852395954998,-0.06403170675355536,-0.23682761978409583,1.1629869280711347,0.558708661946309,0.24125770749467557,-0.2852532713716148,-0.049076290907264966
3.6127655606727878,1.6877307853858283,-0.09943052328680943,1.5612708180767414,-0.2993535359092043,1.7870539453767829,0.6517320124209369,-1.1099578545307236,-2.037307480334106,1.0831418708891516,-1.2533363035534766,-1.0890995036026552,0.4623386246406533,-1.599028802500888,0.733578416958672,-0.21055901427518275,-0.5291342831770767,1.2121693541056577,0.881780669887983,0.1487867979315464,2.460809164862253,2.808147648084961,0.004967398744916257,0.32931601250992193,0.7031575509498134,0.28927636412177044,0.12608157403657386,0.44659509737721514,0.4801041222625265,-0.28776668041688036,0.40692555152725934
4.211729539588695,-0.9569707283392529,-0.9014675786521735,-0.7972643585780114,-0.7494374080759355,-0.8966752215892492,-1.3368154664304985,0.22268337751770306,-0.671802561181374,-0.6338222768084975,-0.6652584659178434,0.44808734092851993,0.5375355286755822,2.483036856572765,-0.3322706572782534,1.3985574020651559,-0.8921906397102057,-0.3784336402685768,-1.210469404776191,0.7786769180100874,-0.9293226382733217,0.23091450000668645,-0.5740217186102466,0.13605534889051107,0.12809328247422974,-0.9934155831550259,-0.4615314306398074,-0.08341656413302252,-0.0625077908586981,-0.8620251375792177,-0.03711005998433765
-2.671949910705476,-1.624010456569719,-1.425618243394958,0.4181737937846562,-1.1234085187972618,-1.0795518734413534,-2.252599836991317,3.7865522214551497,-0.004760687122920611,0.3112918896902061,0.5538128371546175,-1.3217929082435274,0.10187416680274596,-0.5784551041973383,0.21648402942518732,0.813735830975151,-0.02065527820853547,1.1580117577116151,0.0777164038925152,0.18542203176258404,0.03939724104891924,-0.7164820287287536,-0.25659047860573186,1.0377744720059436,0.0022354282319973174,-0.714701958448459,-0.12534247361106512,0.48106295388027687,-0.1119542196786151,0.11529784734321659,0.06563128924803001
-0.37401700615558703,1.3227955083699812,-0.5808295128531379,-1.2704510699712013,-1.3212079574475764,-0.22922525009050765,0.8085279609526098,-1.790075064468408,0.07840137858419788,1.3882532834414305,-0.46637386766943,0.11398495035843781,-0.7764193285809858,-0.15322876621603082,-1.6976007269802647,-0.9505194889392576,0.528651229581066,-0.3878681406335972,-0.12011486416930439,-1.4994813907012006,1.1922920568686417,-0.6478607941921848,-1.1210993982218291,0.4124682091353151,0.369635533601545,0.3853341532824674,0.37146397392286457,-0.2866837449075786,-0.0712601545238845,-0.41067941976495737,-0.09627581197801151
1.3207789055287924,-1.3348923831959991,2.435033640565017,-1.8187702494799256,-0.7711071809381461,0.17240303907616084,1.0029657760433275,-3.2149006956616533,-1.0006965491307507,1.0855742797753276,1.3051611529995408,0.7242452104544894,-0.12496793832500126,1.6811488959646177,-0.7044695183697661,0.9792212709588148,-1.3613978568916285,0.6292984042403739,0.8859549747869783,-1.0163731968603382,-0.24581181200999402,-0.9583268636798409,-1.061957131842168,-0.5563354967515503,0.04378708262455841,-0.20160892556302704,0.1742501913994092,0.8029952753084629,-0.018011770296059527,0.4297474389256567,-0.2995133945911387
-2.056457720137071,-1.1501357756146697,-0.6363529059117157,1.4295977308344505,1.6006151471709942,-0.9885197877387096,0.1091649320611409,-1.611200996423828,-0.13552459998303515,0.03555420045064501,1.6120808592574185,-0.1961432506133261,-0.008991608943625573,1.742128532326709,0.39278281798335724,-0.10161480787197931,-0.22393800196584643,1.2154530822238905,-1.119674821701568,-0.6922702836130782,0.7821462003292146,0.2585525236921413,0.662519130466119,0.22913537216183325,-0.10232540133253658,0.019394007508153257,-0.12630719151357075,0.45308439318527505,-0.09331911741325152,0.04871250618514761,-0.21246241517046016
-1.8882871534178642,-0.8237837171871322,0.4906245425089863,0.43247178110441237,-0.5458097744488765,0.09568637788128266,0.32873703057546255,-0.8195053616737318,-0.7443927301228007,-3.0756836500338482,0.03628914518539659,-0.9868735984947448,0.9539690155982639,0.18442213365636823,-2.4570868941567108,-1.0179969630011905,-0.6225098308211615,-0.31403862966724116,-0.10854476250326928,0.8359905614883236,-0.8371804559044421,-1.3369237582395694,0.10028292290314063,0.22499108193583436,-0.6669764210859536,-0.5661034940262337,-0.09288917776176771,-0.598960458942459,0.1261700110793578,0.09740381697019074,-0.0824490685778453
-1.216700056658285,-0.05470565880761524,-0.8345623688356999,1.646229423889568,1.6835134352949115,-0.9146710637047047,-1.8197102199627273,-1.0910526047569162,0.9352100447545345,0.7331852076747596,-0.05071949649462266,-1.0653078798703657,0.25835665558046,0.42139800657526877,-0.2533972573230373,-0.3029563272183999,0.1734604919663087,-0.14252017515826507,-0.29659433475784686,0.2846624591311673,0.0352795493468631,0.5114605549347913,0.2794634635870257,-0.6899822326739116,-0.8239890362514337,0.44160564873346136,-0.13689160160254563,0.5267436584071457,-0.10105901620536692,-0.34586558036126064,0.12224734760898912
2.5587629581166333,0.34974573406063647,-0.9851614079924829,-1.0995028679490373,1.8770173000138266,-0.7183174138393743,-0.46858665495123597,1.370539835983155,-0.9937393599709903,0.8757064526782219,-1.389704404477504,1.6242000683966884,0.0021702772872358184,1.5207246267016865,0.2576543145256903,-0.9944042670964325,1.1012008877050863,-0.0012103219649876142,0.8585880992529727,-0.34471709286529334,-0.24149369049761493,-0.2717720468802193,-0.40723945484584895,-0.006237765368673265,0.10128178898981,0.14408731595637092,0.9884908134231861,-0.6220354429885807,0.08967403561311799,0.06849455076455001,0.2191344394357386
-1.590353212827771,0.3131758699580914,-1.1806603587579199,0.038009447086137765,-1.3583128140050773,-1.0999335698807347,-0.1299921206169997,-1.1121987925543229,1.0825682689910685,0.1622475091432946,0.34999288681071367,-1.2501143570105722,0.7946222115649083,-0.4811035170116275,-1.670432614612354,-0.24197804833056333,1.3441373330154678,0.47908273554367087,0.09430061402080558,-0.3922962063898038,0.025231564366755044,0.3512487745344666,-0.12502717757604664,-0.23303547910475095,0.22611839905578884,-0.22626052709083475,0.14756274188815785,0.4972638004126908,-0.335976562760969,-0.20353732929295215,0.3766714066250077
-1.1683594807238602,0.3593574300613755,0.40244661823156286,2.1279423079171393,0.5219319050803537,0.4478411638556178,-0.3380159495331636,-0.47417066801477853,0.2278341522273021,0.9437955408728926,1.7610813678621056,0.07161960662204335,-0.47274118280944594,-1.1287116310425274,-0.5296916031383762,-1.1294467416582563,0.5189881710315968,-1.0702155114700242,0.2341577142853208,-0.49797090790380866,-0.9852689387623598,0.7623082452102742,0.12872468011078464,-0.4457758610233754,-0.31346270165296297,-0.6480827114339395,0.8322563832858801,0.030275567754210204,0.6548673145586144,0.14540093949694388,-0.16829345140638363
-1.1774683268449906,0.7429379979902618,0.11465492600409109,-1.9399768959105825,-1.0108150366481887,-0.15293191237520917,-0.3717954751743423,-0.6875514871993142,-2.4381758026650746,-0.4207586069293518,-0.7166575082838739,0.3872160475779667,-0.49935531843231956,2.5833420331937798,1.549123351504997,0.8855739895650523,1.3867749861609697,-1.1443542322914864,0.38245245114228676,-0.03908121193678247,0.328895201501877,-1.3240855061087715,0.4366028587701953,0.5383518475828862,0.21746380777279337,0.27598471506185257,-0.10573673741025628,-0.8334965995659015,0.5449173773923726,0.4989393121554534,0.2688860073322533
-0.4777962049010007,-0.4008100192495978,0.19285870248708276,0.8121739192966341,-0.6566604309817377,1.2187498349160462,-1.2901097206828476,-0.35640234650916447,0.18092725340101518,-1.3043950489916205,-0.26094806661301867,-1.0601074089523495,1.5290680945055493,-8.19480304697851e-05,0.12163782487892193,0.34895550736401376,0.20428039451530347,0.11190476678190998,1.575507195871391,0.09889851423415352,-0.23648886573050978,-1.0666058343246627,-0.5870473399037104,0.5347796792967158,0.09844081079302788,-0.10571097731743855,0.9500897760636885,-0.20463394910996627,0.5322451770711805,-0.1093944177509039,0.24603254718655732
-0.6097735734117992,1.205278994720295,0.4098849257034251,1.5402338683151977,-2.609554566638132,-0.9712781994995467,0.04493409475966909,-1.13147604224794,0.6058958661340528,1.3385213523255433,-0.09516938845108429,1.7131716668696206,1.3057832080027896,-1.393365692389315,1.2231292944626941,-0.003232451623857544,-0.9651033177600383,-0.6441511720974366,-1.0529784522494812,0.4200117234896752,0.6887453956051485,0.75699398342978,1.4315878203104109,0.08028981082955053,0.054911115789395185,-0.39556587152207584,1.1097266129227241,0.11264935997004638,0.21616131899370467,-0.130185575574193,-0.03848889110187666
-2.2035471013472208,0.3058645535565234,-0.048159530824238836,1.146113771725826,0.3265328013958462,0.9874795294033681,-2.144003445576291,-1.2602549454278846,0.057663576505006316,1.201010322157428,0.2280836285243889,0.1314599863533294,0.2321825522794758,-1.0892447225996005,0.08500260325250122,-0.22967133716574217,-0.3432200709547315,0.2585962644561966,-0.3291705858265766,0.8848947286971937,-1.1616493415557279,-0.8074455833942245,-0.23342478300097036,0.46867376497711,-0.9005495093801917,-0.36746159741939144,-0.2540672458784956,-0.05885790035087084,0.0710265793521034,-0.04131955120656121,-0.06277014847487396
-3.746741670702892,-0.7886428280271903,-0.8645392828570196,-0.1627953346307175,-2.3307271314505735,1.2667108134706366,-0.5770947152861656,-1.2629481922913153,0.14927373926708512,2.0195247653650874,-0.782387342096351,-0.7889272672950042,1.044180629990598,0.45544163121982517,-1.3643480575437574,0.32791124355036927,-0.8076749291643399,-0.7057768923622582,1.2048282505650134,-1.7090519512983344,0.2935861218399501,1.7977264524335432,-0.23481670171398947,-0.6756723501209508,0.28278344857507787,0.312342824936258,0.1062979316383846,0.25764886125122516,0.06339024287730538,0.1734385476134721,0.03059078819185682
-1.2990420686750859,-1.872547032497987,-1.3568835198440408,-1.9286547964269227,0.9494821391167264,1.5976220836946715,1.666824241034917,1.118654114361496,-1.0402760502198232,-0.7362553304894033,0.8440251479171661,0.36711300809001945,0.2899744141624748,-0.27546419280554096,0.4993444215308259,0.6021238994169317,-1.2262391752867423,1.0815497029693701,-1.0519891817368678,-0.6569290984057224,-1.2734669337160114,0.2522948865066614,-0.12396420303222047,-0.21446738148847425,0.23420194146890908,0.20846596946084592,-0.12397726534590923,-0.6913914320251523,-0.06452791839215102,-0.2556645759713553,-0.30422443541440164
-1.8139655620776869,1.5246393755370513,-0.7030889050931588,0.3245639020777628,-0.4578686818832242,0.2665626621513917,-0.12429758749133278,-1.1318526191429503,-1.1519046768712682,-0.6949898245254497,0.0507958723359422,1.6325279650028817,0.16628392496726965,0.0036544597928470763,2.4386861245531706,0.3011443579515182,0.1525283770817438,1.0568476348166806,-0.9434371824124521,-0.7573195650694651,0.4139703006992669,-1.051733080319067,0.3425648582741028,0.8054283323557881,0.1523277641905324,0.5879100965396525,-0.05934070814345843,0.5583555473156419,-0.10611619006313654,-0.24195443550729848,-0.44973978809830306
-2.3184985662532496,0.06655228583330404,-0.2323027324343748,1.099848731782279,-1.1993034692696998,0.9014896108555337,0.6390376313838925,-0.15617606265928044,-0.13441649486527885,-0.16395159497105122,-1.3177665121548956,-1.1373538486398451,-1.041179273550065,0.4607700862190338,0.6021707871920619,-0.7353913576633829,1.0286540991173776,0.8659569910746572,-0.6978075881444263,-0.6252372310016173,0.5823553769890306,1.6455450681163404,0.2953269601487822,-0.7789370329285276,0.037902579063345564,0.2576671345055443,0.1271414519064296,0.24833930916660762,-0.4108501072950843,0.03407158638138707,-0.09963002231674227
-0.31127472550644003,2.2882086018115086,0.26758130623183013,1.0592275655596342,-0.1512924436528467,0.743064148894097,-1.2567124393188447,0.3479421959691771,-1.118707920049232,0.3256845468300828,0.8303673992882102,-0.1133525220316368,-0.8236958143981834,0.8884425204677006,1.1890794781976053,0.3253003705199985,0.12367335057285155,-2.231509666230419,1.4328696616128915,0.29380160684617296,1.3289647258345831,0.059082449718709906,-0.51124286860968,0.10434925486268956,-0.007676714752151742,0.929968232555516,-0.40444171254414785,0.05693171273201973,0.08961616943506612,-0.41263685782715326,-0.0015648826494370008
-1.9163302691893738,-0.2760435675558957,-0.3159390683431035,1.0461170842219438,-0.4830107105778743,0.15253983723684017,-0.5970911291721379,-1.217805988971026,-0.2999192360005894,0.8362311595834118,-0.15682066113842758,2.2943873039338643,1.2141466960134795,-0.1579521726036912,-0.4064710892524652,0.1295354185779113,0.9407662441470689,-1.613543347452814,0.5828259506011388,0.4529701313715664,-0.5208223438791076,0.2788723950079281,0.30086359841786625,0.296746500173038,-0.1357978055607049,-0.5666099612180554,-0.009426738621996535,0.13820157783033493,0.14078608031710202,0.038028688129257165,-0.030976853026265516
-0.8565418232474702,-1.6883509285503304,2.096448806078014,-0.9782067889589203,1.5374483661385354,-1.0368050421747634,0.5497842922672468,0.05381688868974993,0.33353119801862274,-2.7916094919794427,0.21182185863743896,-0.6456140063425777,0.407564950342448,-0.2835646217322547,-1.0279248149083429,0.36167133801856927,-0.1209535231289904,-1.2611928006112516,-0.8189859824211723,-0.7567277685999686,0.4710103558626042,-0.1714989838081788,0.3723594811436791,-0.029105884413384298,-0.7408748468528515,0.5191326946660463,0.30903898423263687,0.6773960141553328,-0.29670944298462554,-0.3365834071930638,0.057749627977675244
-1.189864843889876,0.6315200559926947,0.6112347950323392,-0.03996681018537077,-3.102834927746781,-0.17994129766791134,1.819383928190374,0.00680500310769881,0.9004025605753064,-1.3431582576550238,-0.5846354959095456,0.7831766146063004,-0.2616092694623386,1.4207011145225845,-0.09022169299465811,-0.5868353224650118,1.4219156893742344,0.7643791558959352,2.0815247019724747,-0.9722015926695629,-1.1394377954293253,0.031156429190109965,-0.206467734028421,0.15908600108227475,0.11768105413949542,-0.5764313514348517,0.36424510940512017,-0.7013900383410695,-0.22613405440530693,-0.06445387383984866,-0.22137116396395295
0.9029387627084101,-2.671689761829124,-0.7328752411732326,0.6491789953837312,0.6083591735661371,2.430562160118403,-0.09720678829140615,0.8478204654204367,-1.4575924882847053,-1.837722838651661,0.9357617136378575,0.04344387718048548,-0.18354456447754539,0.6011976239701888,-0.9486694158495981,-2.0200111431608123,1.3390634971733564,-2.328348966674855,-1.2506435990521192,-0.9385753513046554,0.686329203447909,0.6818947297625074,-0.6559038597134157,-1.0924917983863265,0.024075982619979962,0.05539122892692348,-0.19234110030010465,-0.04378026557768065,-0.5831661966012791,0.21115040249452027,0.37700361452309605
3.2794148650881336,-0.1432318551192999,-0.5637048061057163,-1.4173410920855174,-0.6281557652952513,-0.5837118579659006,1.7197301164527705,-0.2490743078523714,0.22242917837430412,0.0789561444096413,0.26102939218891413,-0.3092711221347048,-1.6342050404619686,-0.32087857210225523,-0.4836348279581216,-0.1756592405220407,0.1245656247324646,0.0854884723976894,1.5164292114981592,-0.8167449276070354,0.9102404584401477,-0.40437541121279624,-2.23150390431221,-0.1402527504841514,-0.07125435212970353,-0.7833369660964847,-0.9367932825458448,-0.7037662713977094,0.10733214975353436,-0.4795850086083194,-0.43156541984121244
4.664236547663235,-3.672673797416818,-1.5841157088141768,-0.4333516723908434,-0.4270993677298906,2.923635528399898,0.6270418281017219,-0.7172766958665792,0.4091359682793576,-0.06911713975891463,-1.2259459836806772,0.908504187061789,0.33105672676440623,-0.3429042423777539,-0.4454726031306275,-1.246493158812049,0.22513839301599914,-0.01998906891037292,-1.9261357580909537,-1.4317889830948165,0.10267767530924901,0.6396997413390032,0.845348715277378,0.49547369470173197,0.41396758777986764,-0.11952497888460588,-0.9336287749610594,0.1495812798236932,-0.45018768669033066,0.08390013593284763,0.07599164620197822
-0.0915348127441854,-0.44931169970229745,-1.8360243722313005,-1.0477753749602754,0.6457327895607207,-1.6148047994949133,1.61369056062151,0.22239946655631548,0.28218521261249185,1.9005736624932592,-1.8231395308579548,1.2210515539327667,0.17931562410002072,-0.8279692390170267,0.48067896375358726,-0.4471147825954675,-0.3640662750884032,-0.9203841101971626,-0.98331380750003,0.7955144726321688,0.5332606855237905,-1.0022574359719114,-0.2817548235983076,0.106739051154871,0.33727242670538143,0.41318939302617713,-0.15937537588304418,0.10923301366470983,-0.202412819018794,-0.35385947586772976,0.09987367060079966
-0.7315293744239223,1.2065017983242283,-0.44870003368843603,0.6975138607267775,-0.9027624757892303,-0.4781413987572643,-0.4760483574947147,0.2822792009933201,-0.13091346762532402,0.11805009316621061,-0.5601106707390394,1.900050296364158,-0.715502667100562,0.5343250971035992,-0.9367200721795442,-0.004289100305156981,0.37459224418520853,0.46598163350833477,0.6598370689675663,1.4756351235142222,0.3042328304420756,-0.3720518758723835,-0.49695537293603737,-0.12462626673319602,0.1260652616978326,0.32860655584569975,-1.5331254290184775,0.3846339908486316,0.36410540253402773,-0.20180443608019222,-0.08071686876467521
-1.750349864954617,0.12162395098603099,2.2876136935565543,-2.2004389402378117,-1.1927952607832435,-0.4594598181915718,0.42340430445800525,0.37096137669335294,1.2932987447576811,1.8080360817831922,-0.5244282930164983,0.842174400780091,-0.08430242549930231,1.1257157331332395,0.7195985018193315,-0.9596553981052566,0.8778796615582924,-1.925275508458889,-0.10942962691233804,0.42352965298072365,1.2367343967761493,0.06574184307415065,-1.3413139696768224,1.0079345137400122,0.15046569234561089,0.45441502051869725,0.10362743577205694,0.41267318079652276,0.4221277328563069,-0.1389393265493759,-0.25183919708036284
-3.084189720709784,0.15038544173538673,-1.0623233263121552,0.021821707060148358,-1.2420972257194074,1.6936144733623557,-1.178287873869921,0.29872543332604956,1.2523681558689217,-1.7637191273304778,1.4012892034692672,-2.5822435591241315,0.17232166904586188,-1.170534690812155,0.307731970729191,0.5203876442746307,-0.008894459376437644,0.4696976792417452,-0.49345338859429116,0.6083365259173186,0.765570093609877,1.129342702293226,0.0784597335570792,-0.6859252412719612,-0.6870924211575641,0.5324958131924149,0.10686396180408649,0.3997210709872557,-0.26208178593497344,-0.09810617613620769,-0.0482610074250936
-0.5469003430515488,-0.37190150562561725,3.5035896554193573,0.10414744728158822,-0.3871503563180844,-1.1393314840917061,1.7203406199896272,-0.652536444007633,1.2299692619777387,-1.0019270999626546,-0.38657201009203573,0.45595266532611634,0.3920920693448746,0.539631074202527,0.2423457256700215,0.8682606249236218,-1.7220471583322503,1.3285087978688628,0.6001360187290697,0.8308318746973751,-0.3684144245305744,0.42053051190028085,-1.0062595037020758,-0.36940407480579196,0.08688359189493633,0.43643660993921135,-0.007820224003198897,0.3995531337157557,0.06785749766764305,0.1974357254661298,-0.3688724556108641
-0.40118840979239134,-1.2067984166791017,0.2306616746830428,0.5748327883838715,1.3994874783818392,-0.6958398020802647,0.3130780778048017,-0.17426021017872348,-0.8332308427047547,-0.9189400248908381,-1.1795627302693033,0.9721452514218855,0.5677508199616288,0.8701886647287681,-0.27780526121242677,0.8463637227228583,1.2164997621808855,-0.36718050255919027,-0.6626448444053556,-0.08668560775404185,-0.231338826252303,-0.10609327932299692,-0.17733608675929693,0.1422431872548934,-0.010104167764680302,0.13553883816820347,-0.34804449554132855,-0.683539416511053,0.7256315584299016,-0.18876338420052763,-0.0785074844520508
-1.161027844253298,1.1629222118503382,-0.7704281830460447,-0.37390712408961224,0.6055665389201272,1.6348884145057743,-1.0884682038827338,-0.4884194459824507,0.8521951775288985,-0.7751529477220622,1.3502853568934787,-2.6699813960818526,-1.2010747354076243,0.26370713728220135,0.34462267506184935,0.09984131186870847,1.7110316823695773,-0.37771521738253916,1.5910335310906403,-0.883575705527496,-0.44340374975697594,-0.9322758749879823,0.07050673742036871,0.39821593913678355,-0.15507760968883091,-0.7963723496293005,0.2443052948474291,0.2844379799616973,0.267973935956649,0.5903925230727534,0.31191719041747873
1.5111306309393162,0.4149816040517805,0.6670265684133463,0.6868324510888149,0.114568562358995,-0.30108809120178937,-1.134680607415959,0.19358482383691103,-1.441942675490155,0.6696052463552118,-0.1117720419360461,1.2461660587764223,1.0945950563925813,0.059394467248599585,-0.7388221432564046,0.2319182205316761,-0.8570551745958552,-0.2268018947289373,-0.9561857294017378,1.4873071475692372,-0.3635180448882272,0.4138929169127213,0.43584214788938097,0.7430050250848268,-0.7715097947706306,-0.09749557434641049,0.3648247706332604,-0.9228321459029802,-0.14491544840600484,0.4692626808375869,0.09299566524469376
1.3376517441749474,-1.4950962755226773,2.540348113276756,-0.9479828196258404,-2.3978634952210496,-0.569205126829363,0.023508143650466252,1.1499632681910827,-0.31768255655233335,1.6487984688052901,0.617553806334983,-0.34199015606245614,0.5282311094469191,0.2639046318225597,-2.0609563434095812,-0.19882896481686657,0.8855561957176635,1.5177314777728623,0.5574371799271746,0.46041552638581645,-1.051100777329038,-0.15944111846074285,-0.364956751670534,-0.31685382150493124,0.47257785906396527,0.7842686915146205,0.0073759296316467425,0.6533039526484509,-0.05037298462616389,0.2488435370513482,0.0798848933485807
-1.7890485529553515,0.39308640482696316,-0.10738653267874618,0.9856948245548505,-0.9573431749246915,-0.8358473851263567,-2.1183503506155867,-0.21954891702195697,-0.8985273366273289,1.5392936123068235,0.14170752710700346,1.4831221131028431,-0.8455592514667546,1.3933501267972477,-0.1532699056357588,0.646843297889758,-0.5859394961108882,1.264512345851899,0.9777172142902029,0.8187806739536441,-0.6841013516475952,0.28858927422967345,0.594745268594541,-0.017328428532440487,0.16690596735923946,0.4764596521158226,-0.15102073595076745,0.07919361621173653,-0.32405769014082564,-0.1590421777033969,-0.10172733132842789
-0.9600127250666407,-0.5115240374089166,-2.002869638581991,-2.2605443111812242,1.1007937111963848,1.197921430328081,1.3850102247218712,0.016387942690961343,-1.1087280499480483,-1.8731002013237692,-1.1952040106857538,-0.5180408080711584,-1.5476860306641234,-0.3737152009593973,-1.5072847341363442,1.1000000764864057,0.3736593821483787,-0.9712787687315013,0.8759873817344636,1.3857673447611418,1.0449916368228374,-0.06931643635222885,-0.07281573013289311,-0.5407271111600007,0.07899455454274773,0.21658529712343375,0.011674700593934996,-0.006220191421833427,-0.5503034326798099,-0.5446437920661936,0.12829065728846928
-2.6276970753254103,0.30473148835165514,-0.11316995338369135,2.6018351750599678,2.7244143134486487,-0.183818053842842,-0.3988735640934568,0.30060657168851157,-0.6941137033122552,1.2967405499500564,0.6561105522123198,-1.2565228225256515,0.04653654220894645,-1.6033890044386996,-2.0948867425095217,-0.19343623725029363,-0.5019409993287959,-0.7335173687625112,-0.6097319989393234,-1.7064109012042923,-0.12057501852542851,0.2351543550844981,0.7846755960150852,-0.3274547330059533,0.7460620492799526,-0.1554142370670235,-0.04236380237814158,0.3643500360868239,0.07407196311279458,-0.2660378285368328,-0.17763522823709335
3.4778980805665003,3.4391643484890047,-1.353705572871764,-0.9170680353558638,0.8252830248740223,-0.43217124441616245,0.04910497178498794,2.4826790370020424,0.35962970524029736,1.0861739514086184,0.10344440379301875,-0.2502830401461298,0.3645273942430905,0.37268822168232596,-0.3294521967967587,-0.1741880777897095,0.16538950300993016,-0.2225905970447982,1.2483959127494826,-0.7255033500227819,-1.9082354409770057,1.6458408965943307,0.6969573245582666,0.016242605287720424,-0.7142231274026649,-0.13296440134757212,-0.005095934105340962,-0.013934121863260391,-0.4404899944158075,0.34083478872104295,-0.052635137896895945
-0.2945327936245315,-0.8241360131487884,0.46617839261724076,1.9807290617796853,-1.1304607482658824,-1.3195431275291987,-1.0197561713135717,1.208216747838007,-0.6454154488279341,-2.2351302525006527,1.2895968265361526,-1.1983870941852615,-0.6502855405116921,0.41211361409954206,0.012602364345635655,0.4443093260433782,-1.7307444965467742,0.6705471424290468,-0.03175628967293079,0.5605637912722613,1.138029403990883,-0.6510303054111325,-0.6042483113638494,-0.9563108654457302,0.10775671622575486,0.3048102126522316,-0.08194910780973462,0.16135858245297985,0.1322567784730957,0.24817943511333157,-0.23928592564208095
-3.215363545909843,-1.3871841125368616,2.8101194944784225,-1.701757786605519,-0.4862490937894602,-1.487426588722806,0.5181585783656574,0.5077612661227815,0.01490260604185976,0.5007993985416042,-0.306785637925717,0.06461101826364345,1.4474051430192418,-0.40987105936208607,0.05231890302480591,-0.9980638360258561,0.5554534403514969,-0.8680904477160031,-1.7966460793169805,-0.0846827973136885,-0.16204708315705765,0.11095916972282766,-0.3618427571509345,0.8189718271302471,0.028004762344084094,-0.6926833672948919,0.23365558151390772,-0.12516413201435644,0.33141255398099956,0.017710413637585694,0.019547498799669098
-1.3265508377529764,1.1152585656162106,0.213790207598659,-0.6837110637590138,0.9073819852338354,0.684867427914306,0.6657196269308416,0.3283151074811063,1.3997889190533883,-1.4762148186678927,0.6753749438466149,-0.9303976446170995,-0.6150837518092325,-0.8205037465866772,0.018695878898595347,0.5204913068564931,-1.0919399138724315,0.5026167599199172,1.2009843047140938,0.5244904189226037,-0.582061909156199,-1.3635394260778289,0.38522210917055144,0.274407208889408,0.0594825572488436,-0.5726584067668047,0.0411190731624166,-1.0290960815733545,-0.05767426940000466,-0.3661044569083474,-0.28912250132237044
1.6961942054396362,-0.7819439530633354,0.0694084341466384,1.4197132556418897,-0.8852548258070707,-0.26995839023170415,-0.6998651165708365,-0.5181940089260182,0.059516886694451925,-1.8421408379096271,0.5869006113263285,1.4046461415923035,-0.781491403145105,-0.9585288072008895,-0.8686695485454989,0.38566834036271425,0.9255604174631468,-0.7920699880887409,0.4110452111206403,0.4594955514126909,-0.0678138177180025,0.09142168891271768,-0.29509657998163163,-0.945722043444345,-0.0264114432313364,-0.251712704741242,-0.5206292049916933,0.046149945447507196,-0.21747627040986361,0.09621451962865872,-0.06554487325599259
-2.510878217707238,-0.42817963336831033,-0.475047478205219,0.26244435562944446,-1.8771330305856224,-0.28587722139534194,1.3220204962654332,-1.2953144910309162,-1.421824907371019,-1.8602505094563722,-0.11319843073115003,0.30184676488686957,0.7317260336715057,0.23055238296224725,-1.1395104729047034,0.6798490773875886,0.1024650522584799,0.196417107416383,0.38620714990564153,0.4585325051598286,-0.6708465903039301,-0.2212575993550597,-0.5116479899145562,1.2006735819766798,0.2728687119381662,0.4206447930123096,0.014263622298747856,0.3513856038432629,-0.011561417199698906,0.11544684127016085,-0.11454112332241172
-1.5537285304649497,-0.48723688379108004,-1.6637620641877504,-0.7106743234939873,-0.7316395444984377,1.26920101508963,1.1609140178640438,-0.18193038494466238,1.0119783931709356,-0.2075076382075713,-0.17737205053298272,-0.08470084070277602,0.36095441455118016,-0.47536116730537664,0.7585507729224699,1.2104868264844093,1.1141478081288532,2.037057494665847,-1.2541036500786766,0.6309285976839215,0.24843897346384544,-0.0037519882468172424,0.6098215279285165,-1.233859152466406,-0.06154817646290521,-0.6538136875552875,0.5237575473172171,0.48436037014945854,-0.28406938801632026,-0.40449843418727555,-0.08812456705255753
4.007581197629314,1.7005790578832145,0.25008087149754027,-0.08699596121244862,0.6799390352078846,-1.5959480973956117,-1.7925603857803032,2.0444317514307904,-0.5173473555353706,-1.35151948518337,0.37086357439940837,-1.1219266662839398,-0.3176993039549552,0.3083218452856639,0.5042145491628185,-0.36480764938621174,-0.03690395551334632,0.3545797748089516,-1.2206182419898517,-0.5362120923367311,0.4255250321438949,0.9046679143139061,0.21213942057169552,-0.5653898913184388,-0.7150829243244178,-0.1994910996716279,-0.010318712562473045,-1.0078256807346013,-0.9308014811805408,0.5916531519580815,0.08611637178169092
-1.7739591565624124,-1.041055653657345,0.7238612673630459,0.35491223928336224,0.12291426068273759,1.6358180453342945,-1.8273302805128173,-0.29884822386798265,-1.2808625354101923,-2.3993689599517753,2.0147330370745364,-0.7342306157246287,0.12559706130716314,-0.04151178963690395,-0.5528400724984772,1.1687657029026446,0.11570667592434766,-0.4785496917167711,0.7737707138799829,0.6569968321848639,-0.29978168146116335,-1.6973936165952739,0.09953500766518604,0.6296862904505447,-0.09480643828537963,-0.63657989982483,0.0935040924475336,-0.7963717893825705,0.20432350353939682,0.14317155698223827,0.02134433297297602
-3.337039574396735,-0.4718078914301909,-0.8656086369755024,0.783789649219448,-0.007472314171022804,1.1369387648312632,-1.1318513984942509,-0.8478880706508349,-0.5321925361656448,-0.8290441073531969,-1.8200216820419004,0.41417923626202663,-1.0170634815887118,-1.087569678848437,0.7364519160914673,1.1169842089444662,0.6039245522629222,1.8191208936934642,-2.2548584107903777,0.1837574036625269,-0.22341310076176427,1.0723477253368265,-0.27039975143338973,-0.07598790263366265,-0.2591472848489914,-0.7688216596850699,-0.006731621179814675,0.5733766498189792,-0.14060424339244942,0.16286917108700438,-0.051514542558663924
6.619178724775771,-1.4070679794627745,2.2332145353860855,-2.1049486847427628,0.6853184059747879,-0.23867964257857094,0.6535693076029518,1.9118039750351181,0.2779816665716154,-0.4785602236755944,0.976248914925244,0.6938467058213132,-0.40081938037073545,0.009982856912350393,-2.5689610644786014,-0.34342589084495523,-1.363175835495232,0.23595569773498412,-0.21578942664954237,1.1916486654613672,1.5303276750851285,0.6930130075012623,0.45829238750136647,1.7201604430014652,-0.47666391477481507,1.2095476620447778,0.5743749978083933,0.044454744547168336,0.6340348208315448,-0.5169584480378651,-0.3948609896929853
-2.243764564572563,-0.023856730794412584,-0.9583448990760153,-0.7264111115050652,-0.8790427630824643,-0.3852186336713836,-0.7036020548970642,-1.8679159597205823,-1.145869359362603,2.457370105976386,-0.8431200822879813,-0.238344180061535,-0.7541658766938121,-0.1373615856209712,-0.3555960159898613,0.6750895911525159,2.945992924400497,-0.9140118670198899,-0.07541332307246719,-1.0157615803883921,-0.24384005403131703,-0.9625998935831145,0.9816595960322031,-0.23731121406302466,-0.021257279239841914,-0.6736544691896189,0.17883359789989337,0.14469411118500994,-0.2608461723303546,-0.011939647576154533,-0.04076570544495152
-1.1620916403081378,1.3085380390626615,0.44550723297119094,1.404961077389914,-2.568960827448792,-0.2119546249606526,1.5489822349491487,-1.325263394161275,-0.45815688933824045,0.7624417347267378,0.31218507856103844,0.4067149730016734,1.9399256571574426,-1.4376768870099004,0.3681067290592701,0.6920483196278278,0.6311280415347098,-0.13552724296123114,0.6877657158447633,0.14616104692989879,-0.0712990249995487,0.1997639061457312,-0.0376067976767789,-0.23881703274988883,-0.05782215709626839,-0.48291794305313596,0.2146246610493081,0.0075274586206888015,-0.3036592005676282,0.016881215871907045,-0.1363003017014246
-2.538876826943773,1.3681116880415323,0.28302577607929946,-0.36173504478591806,0.8610891531484519,2.5894968623855763,1.3493513210428014,-1.0973365987440538,-2.0862076194079537,-0.5247979601920938,-0.5204062622131503,-1.2408943391286518,-0.5665071708158603,-0.09159287973812663,-3.4437206860036333,-1.3261831289981898,-0.38088258064546915,0.8905150162289047,0.24443944244590993,-0.7253164705557787,0.5923229758156706,-0.3759101237931661,0.5230426792516831,-0.5525756944544886,-0.9584997872668753,-0.5766549578949376,0.15421189269199617,-0.7151417198274993,-0.057320822744612414,-0.31418983754203506,0.08492797373514291
-0.8222742440548064,1.475083676762646,0.7389263521464398,1.0960006016775172,3.3613677450622053,0.5503557782223271,1.3612751100135607,0.1394148222140785,0.38692158734712767,1.1831373074075204,0.20565556497695156,-0.03528892362165946,-0.6131957294639605,1.1996949456841692,0.03854031980309051,-0.7563522073599768,0.4767102949219689,-1.1966062901526613,-1.7914848032617219,1.7359329309321745,0.7882038626846062,-0.1564661900264406,-1.222897196076683,0.6050403037379408,0.6734047255964067,0.06581189841202939,-0.1957326895317872,-0.8230341411589711,0.5056671281091606,-0.10690818389681835,0.24501026244141635
-1.5909246732525215,1.6003606627503504,-1.049970101129267,0.7515126599448272,2.694997009395283,-0.49954013275091347,0.0760731650257366,-0.45099018162105214,0.16613260969506569,1.6304555399219487,-0.32997950017459593,-0.42651633097966346,-0.444519751558589,-0.05351822783969823,-0.8704659602758974,-0.8663277410016449,-1.2770144846122338,0.7097610747486659,0.6942820784231818,1.1797609066039043,-0.7995025498900662,0.18165550950266462,0.12332303585393603,0.10396013305953636,1.821378511414697,-0.0763895763044858,-0.04073945665899653,0.45732935176914485,-0.12143493181171328,-0.41027446297195563,0.24060038936213837
2.4137066687708852,1.9961093594160044,2.047373391816348,-2.564131025734128,0.7898246974137502,-1.4305775599455575,-1.4170917431273529,1.499637219800453,0.6037357979546678,0.10450435494641773,-0.8595523410818714,-0.1056661634388346,-0.7651295640307718,-0.37648840384644383,-0.7989795585630436,-0.6189423238963648,-0.7336765316090713,-0.9295013466097826,-1.765960973069812,-1.156901318245493,-1.6517131704747765,1.1262422227737248,0.8050855287575613,-0.41878154851484894,0.3319786397037753,-0.4189583930957839,-0.029740171835438735,0.4879542642176881,0.05602261577556726,1.225064915672352,-0.43434803926312
-0.9338556442572495,0.8424897591578463,0.4925431501186494,2.535743750358891,-0.3528043520127248,0.8527988652166049,0.6342199340254093,1.0236474078185283,0.19785580961120242,1.0444786179703727,-0.14959602179427572,0.48609158282480963,-0.43924512087524376,1.2927664047142733,-0.5647456707762187,0.3137706044677199,1.2196386474708314,-0.6049925548132677,-0.39064176896436087,1.5841346668812593,-1.148051251998629,0.3896224693057984,-0.005965491056940234,0.4515661693345681,1.7060489607590417,-0.01643393104011062,0.3036707249711073,0.43410098129274644,0.2177874597485753,0.053713785930869694,-0.2176771673806794
2.3323028144379956,2.5735094064985473,-1.4155384491544354,-0.7533752028424394,0.8958504373286712,-0.5515802286155186,-0.9214790610216179,0.04369834994134021,0.046622629934245347,-1.195839156882245,-0.36269469533284954,0.2038965466070398,1.1870245636923333,1.9348237825505272,-1.2000600932232726,0.26838985239730184,-0.15201328658112623,-1.2599667921172895,-2.3975328702669154,-0.46545633075390985,0.11287559996638351,0.38830678319448714,-0.3187687992277916,0.03029271068094591,0.11200368809632784,-0.9256293210034654,-0.1867883665723867,0.571951669033589,-0.48775941940974843,0.20635122011168477,0.05264081443019753
0.9044314937055958,0.32536301188561384,-0.2562432747579545,1.09359547417021,2.495610341998684,1.4869031323775497,1.0340968363255527,0.24546529680751628,1.5623126745187101,1.1627462861079343,0.9794654668339866,-0.5190886010321228,0.8739053317842275,-0.024760480743329198,-0.3936281268472629,0.3471876781818581,0.4372597006939084,0.5235190706336552,-0.8844176569765233,1.6333521799968123,-0.9145720154604785,-0.7148791462420028,-1.0302997575657384,0.18953731495043327,1.7812850073773154,-0.1868431735348611,-0.017466558692166758,-0.1055520453948427,0.052278701604119474,0.4700298609448476,-0.49099061218133516
-3.249050522802878,0.4337129261619158,-0.09893647431986033,0.7622368180152697,-0.9019699421016667,1.7795674638720511,1.4623276149683486,0.6359483779671387,-0.052405060008791034,-2.4867806200214235,0.7575408970594912,-0.2042941295133586,-0.25772153788505153,0.3106611648024761,-1.106510057780327,-0.09351980436068308,1.7744998518827861,-0.9141051235505292,-1.0000578352377707,-1.3592460687312742,0.5230910552603972,1.9942227912715411,0.07452710071665854,-0.6108260593100536,-0.04470872608965703,0.2753239197553446,0.05963007231434376,0.09397405020583084,0.04685553405405857,-0.050859402849274746,-0.0031375742488007146
-0.4292752372012244,-1.0306082395709915,-0.5190742524707844,1.1383093453199054,1.5632953467983377,-0.01850175479600876,1.4038742076402926,-0.3411248835161305,0.10480156715260469,-1.4111221521355766,0.17256891512365796,-0.783524086915749,-1.6422216023924812,1.458983077375238,-0.14140964299846487,0.8688437182166111,0.36242071923988217,-0.8883089847049704,-0.25233214067037657,-1.5953889299554083,-0.25111749045390974,-0.2303896324795328,-0.07713927025363002,-0.06413683969280234,-0.11791360838022123,0.30973261810449304,1.1271203175263271,0.4987108567224136,0.6666485233099745,-0.3150431410865707,0.17917514870489562
-0.2467900677331123,0.23860951493120613,0.6896730395783273,1.962222612834307,-0.8406028229779962,-0.2559354539027247,-0.14412210398954245,-0.37455564705481514,-1.2853216798304745,-0.04260418050475404,-1.0532889676062007,0.7173666793458869,-0.5859647772570209,-0.7971853110071169,0.20090815791697794,0.5545021676072075,1.722922088705615,-0.025567570839305862,-0.6017257947027741,1.9369414131846838,-0.5685193077028343,-0.6798816391980784,-0.2011347847183892,-0.6090037684334507,-0.8008093078488114,0.6826821153849946,0.01324083253747058,-0.18754261282614693,-0.42988381732733244,0.24913064353758274,-0.1581103091206215
1.175736986599947,0.2664172682525036,1.2550210143413087,3.5706982863252974,-0.17176580212099804,0.36240002194555465,0.472487589618905,-0.5655123892800493,-0.8454605475129489,-1.3087378442721878,0.13243057231614538,1.4190435508248123,-0.6014772309343899,0.010487334006713046,0.27014294086319396,-1.137562003750908,0.3903155265162783,0.8348995166043239,-0.8921429082633479,0.6930850366965369,0.4193320161609504,0.8098510406817346,0.1566447032936259,0.7861656497366452,0.7977885721795439,0.14008101273446724,-0.49900365233115507,0.12861880455769317,-0.26145302849056895,0.4053880433596598,0.3608068125004637
3.960259144151024,-3.865183856931274,3.44697624019667,-0.8548962515282958,-1.301593768474197,-0.2649406682939655,0.22847002692388269,-0.22504849263641505,0.9230472844480824,0.789612086113881,-0.14529856808764927,2.037214386567002,-1.1840509441575804,2.215774146133113,2.2617851202480033,-0.9726441826646848,1.0442712720733591,-0.34513865340184036,0.3696944606037041,0.2576570312608224,1.31896547046156,-0.3746341904952054,1.0248385742611679,0.33087907337304806,-0.09672704797850998,-0.8428858434085787,-1.2119425004479196,-0.299576731861385,-0.332803576947469,0.45572990721591733,0.1751512827279912
-2.613321204571096,-2.025460802963004,-0.5729519723211816,-0.10261812721147043,0.5583181111501968,-1.2908978854037507,0.39780935384530774,-1.6573251103892679,1.8938165237275282,0.6003355670043234,-0.24939906322268007,0.45359082180722965,0.6089883836347566,0.8950599520231035,1.7056035465679904,-0.41216933697087693,0.06110484488969067,-1.513645341058938,-0.41264743267551796,-0.030534430801975897,0.32973264482225606,0.8319576327829498,-0.10440819503248167,0.7136309738736664,0.10175716123280537,0.04980717815597926,-0.2756796839333048,-0.477012790414044,0.385364659497285,0.22900815619232584,-0.1447106549717222
0.24459823614298162,1.4041664453589533,-0.7145696636850274,1.1759057864566198,-0.10777802235215805,-0.650674739284204,-0.7721717499308388,0.12029430412047368,0.058514417727299525,0.012493938342485127,-0.3874240519350043,1.2142674960847384,-0.018797654538733496,0.7552802329639567,1.1022639819692228,-1.6346951172919753,0.7992047052289419,1.080325680571401,2.1701254802975805,-0.4269639439403476,-0.7022750306869677,0.42707864559861647,0.2857671877810895,-0.7681162744043514,-0.9068175809644351,0.043034081132161756,-0.05190781057623281,0.41581620959380083,-0.3818569230764217,-0.0901304019032159,-0.1554022786359015
-0.21017913233633045,2.800542905766727,0.43153071829733414,0.09365753986090684,-1.5404070516728932,-0.9132650848498537,1.1786845259527647,0.4589089099224769,-0.6184936220768299,2.9008159032373104,-0.03624582288528023,2.2583427611107925,-0.8336101815830015,0.8008604398338763,-0.8985807756626435,0.03019269443280301,-0.6262180691578962,2.0016884786985463,-0.7346983890968903,-2.2034518121909206,0.48885820037611305,0.053855774793182876,-0.6096387277908605,0.03248642562062473,-0.031986876877889786,-0.5785599388526533,0.16211679988787678,-0.4967829955834101,-0.12563177156397845,-0.28089831226458273,0.06632363769325342
1.5292405376201363,-0.47809649513742813,0.30159069594253457,0.8036719826139964,2.0133731930952177,0.01722716409044584,0.369304054973845,-1.0471900217918932,1.135074482102889,-0.5933792537622278,-0.10331134514034761,1.3608612522091383,0.5469728395764567,-0.21648251027282972,2.0144985652488403,-0.11754496119251834,-0.6838102274465324,1.5991952019129874,-0.3686320641601934,-0.3982128411772286,-0.1893526265591185,-1.6581449992018407,1.1039435472267074,-1.3673254725210073,-0.587164175283042,0.7333285274312579,-0.32321482942069385,-0.9438280380230764,-0.5620447961304084,-0.3658078938192035,0.032163143786321235
-1.9203902048754757,-0.205867908558023,2.8029904614628225,-0.521361563398469,-0.6329317436193351,0.010409353295070206,0.2625486046474935,0.9784826694473595,-0.798423943030958,1.4718569327723439,-0.116119790489829,0.4282559961896178,-0.7180326457890222,-0.10055328167277777,0.13726636728767702,0.45477587202766057,0.7612349572160677,-1.2221193475581822,1.3766216921247214,-1.3287655078086025,-0.9519765970284929,0.31976427341599684,0.3808842716646229,0.33493617616733723,0.044736723789555115,0.5361937675652331,0.032479393400463755,0.5868106019718902,-0.36829370054358557,-0.13635357539997478,-0.1298907947063126
-0.04488735668005642,-0.9066654873792634,-0.7827824945961278,-0.23545134055509076,-0.8413004172429236,-0.2899914245214015,-1.3431036232808655,-0.3305417284559577,2.4814040787666554,-0.012881501179992256,-0.422069326027938,0.48868200707571047,-0.7019408540272364,-2.133048857050237,-0.5587815268902382,0.8458970790269681,-0.2851148005876348,-1.2638090127395962,-1.2121931649907753,-0.6564230214949226,0.510662958301618,-0.8718005438896901,-1.042968823234577,-0.2427851016473078,0.17623011016945167,-0.608753306580892,0.11874721014208416,-0.09719379710544554,-0.19052549762979293,0.07033650360211248,0.2015112309812723
1.9358827047070082,-0.3736997706170231,2.641104486251694,-0.6989873190603629,0.28904345919817637,1.3746192570101432,-0.5092594963004665,2.943575700918323,-0.544625095949875,0.5006517941573569,-1.4925439530645088,0.9782855416088545,0.17695306769128516,-1.3566124293467658,-0.062186493650200514,0.6469056832382513,0.8633598896341735,-0.7372908645669578,1.5006659620333775,-0.5187375222529006,-1.6247434396436407,-0.324822612629644,0.007309142548297643,1.3586241793718858,-0.8445727795129092,0.040353730232132345,-0.035911758978408787,0.2557514739965479,-0.7046280125709967,0.6819341406569788,0.11362773315317069
1.0070593010690991,-2.0353972995670335,0.32640338251691914,2.246315108432562,-0.8724854049921927,-0.8728486650043338,1.1826540219033543,-0.4319527624873772,-1.2346430591431323,-0.47021909471038614,-0.8983007727906905,0.453779732538057,0.16491089190268235,0.02024495076091488,2.1723814291451244,-0.2483242059614512,-0.045379230880390344,0.6932962107070835,0.6020427365131382,-0.27578218954893025,0.8974159490274802,-0.9518227579066254,-0.08996649962285837,-0.4197521319555967,-0.26008732172355187,-0.683996046029826,0.13523069334119298,0.18970791990057953,0.2483871634048475,0.6109927607991317,-0.137560688789873
-0.5441361999326036,0.5894022841010609,-1.2594580997854607,0.25485929368121113,2.1630964382770177,-0.22667347472948945,0.7317946908869916,2.0417733389943082,-1.687965221774113,1.2636771256945694,-0.5731894423441297,0.9381093849381535,-0.0945775226970736,0.5309777047645358,0.254369726441619,0.9522882774268043,-0.3509154388874075,-1.1224299347959583,2.0554006789317154,-0.5487379790932567,0.3862775018033858,-0.5618302102859528,-0.10028152623423908,0.38376270963755293,-1.0052163868853743,0.5852083680089252,-0.5342911560923116,0.15102923592847217,-0.19628602103189483,-0.6388964129636558,-0.12700490966994585
-1.597363769656708,-1.516076833542759,-1.1507029767746442,-0.19473179327403695,0.7317498468852945,-1.8784198321125283,-0.241123178476335,-1.1759649607048492,0.2510695546092378,-0.8857761912324458,0.6673339707508883,0.028188513214289734,0.0015595939678701481,0.9691963602974462,0.22580325212119334,0.3451346545359785,0.11959273334434133,1.0495474389217936,-1.3436385198429048,1.332659879858437,-0.4816324993814095,0.6986109218807385,-0.22991219265561383,0.4971896011605268,0.13367234994103758,0.19056294294413448,0.2120561837712095,0.12924637194579155,0.2556905819247013,-0.007050768949142827,0.16208245892584378
0.3296714962078968,-1.7261229788670636,3.071340733080626,0.31809504765278657,0.06470386088090614,0.422121018049728,-0.3065217653394792,1.251410324999392,1.9042817209230583,-0.858132643861825,-0.6061232427492398,1.8515447324593235,0.4924022101389278,0.14310188958362052,-0.999518530528378,0.46898899022894086,-0.24266477428552033,1.194955216281292,-0.904217450516682,0.3867064375016559,-0.3932243178962515,-0.7316214013068353,0.19813288157994666,0.5766926416369323,-0.02970231871291302,-0.6035223895191827,0.2559892468303342,0.5932618565224818,0.1799083862472437,0.35568911005565756,-0.19220004123025278
0.2771784654240561,1.4594855012683052,-0.917154323563276,-2.0522228535943228,0.692288377400138,0.21036962101746143,0.7145077737922588,0.9697038683557347,-1.2140521936356141,1.1598005177348685,1.2088641456851696,-1.7655251507608607,-1.572633180518331,0.31896064133255037,2.5290891319967312,-0.40283137762099286,-0.47427989630304684,1.0490192027169043,-1.4258694907263483,-1.1982681614871136,-1.7999792735858926,-0.7924211761931219,-0.3631670238230168,1.220733830567047,-0.8172840327154206,-0.5007991462602155,0.060022618807749346,-0.5107206101621545,0.24749264086831696,0.542503467673153,-0.35624155934705815
1.800764406946945,-1.2618221161319574,-1.0791491713445531,0.7838145545543961,1.4168472513435884,0.1951091498821153,-1.400114139972636,-0.14221654837183348,-0.305904866628903,-1.148804689805462,-0.07416790140697026,-2.1143239023201996,-1.9117271616264349,-1.1284877048997903,-0.737748748904872,0.6460042577484145,1.1130192347122465,1.3593131000174197,-0.43530112050272574,-1.6828021093175334,0.8730914044392966,-0.7342096355918257,-1.0560811325208455,0.5668623382936725,-0.0068839485251323594,-0.14544237255418854,-2.0342543246169673,0.5043380198646364,-0.226812612453704,-0.0706590277274047,-0.07599973636140547
-0.011156228232076936,-1.0200866086631832,0.4089229594557828,1.9874836789385613,-0.18137391901364422,1.7058261205682483,0.9488380728017599,-0.4078586954428317,0.8910554857792374,-0.09818274800232757,-0.03090746617277671,-0.615519957256905,0.10625733816140838,-1.214591235721509,0.7222417338315839,-1.5343349547680685,-0.7741509655249975,-0.27831538643089926,-1.112756061660748,1.4532184227207932,-0.5934545943713984,-1.30314798138393,-0.1248597288921855,1.32875718261366,0.9169080592221253,-0.8109085089637497,-0.13764923857131292,0.013069203764306465,0.03741553332492436,0.46032906731403894,-0.020058590706517658
2.3250733481230377,3.0142915200421565,0.02064998369191679,-0.7748396091283746,1.0615841614136685,-0.09856865251505804,-0.12203384031461616,-0.9064546621251653,0.08439566672549911,-1.8145128862391042,0.37656038355364485,1.568986174053989,-1.8294074675526228,-0.5319293213622717,-1.6365054508873225,-1.1614982174429513,0.5406617085522637,-0.1790402806964605,-0.12183617698711724,-1.4405878004470678,0.2511121774512793,0.010893515585184642,0.21271151646787795,-0.7210809694734563,-0.827188073246103,-0.22380663958646732,0.005937117764533866,-0.4545673793940861,0.6018227320286232,1.277353999619108,0.0013969337143269133
0.29621064325006763,-0.8244756627873648,-0.06989542016905231,1.6463274695086498,-0.3670624945212509,-1.4814234277585905,0.5315453218681199,-0.0542372297715103,0.5254874446828117,-0.852675764991405,1.1983336232604764,-2.101817325385805,0.3735017246414681,-2.002285829176834,0.8304432095806715,-0.05737855167654453,-1.369993929348202,0.3803328491248567,0.37950597113633555,0.5846785734803341,1.7901035331519453,-0.1147653786681726,1.7957790738698158,-0.3833416088498046,-0.07922348638186913,-0.7479523236611324,-0.4733239481835615,0.07718356766495699,-0.18571852279380682,-0.003958128507055779,0.017953762840956095
-3.5376386506997735,-2.1043400866801814,2.5676823325738543,-2.774366514757933,-0.12102624462612813,1.8076669482316494,0.848808272233414,0.5726763059451093,-0.9999762367359497,1.4827406683135111,-0.9565498801835678,-0.28633159691007937,-0.5346596081891397,-0.8415533924987416,-0.3077686122507989,2.7312258840415415,-0.9060812265811545,0.4551744490571762,-0.014318234843688481,-1.8947788742505953,-0.6445918243646068,0.4353905583317251,-0.4712240840195359,0.361791571223969,-0.17557850667197816,-0.6673048535268202,0.22468289452467546,-0.2586827310968545,0.22409917085730627,0.08317485101057713,0.12507861069173312
-1.8681296338628262,0.886432528763655,1.0533469081383102,2.763097821977742,1.5965685067256148,-0.9406523884237453,1.4773708084873611,0.14611961782181498,-1.5116237789968432,-1.978144531224081,0.13854676543062078,-0.15298646689186576,-0.09022116046351003,-1.3875244059065748,0.6185795732413546,1.7184249719625908,-0.07967814288989677,0.753362319629373,-0.12200295279365506,-0.3877718701326069,0.5364211168530597,0.6501326833771648,0.17016158561785266,0.1578207355158949,0.3034758053456157,-0.893814060929336,-0.03831685574620362,-0.2043878344119214,0.004110020948218199,-0.0638420621383798,-0.18680330207908763
4.232818758206678,1.130860114973573,-0.9888343912059105,-1.0245289842695302,0.028326750699943882,-1.024103355077341,-0.6515215837028109,-0.7788916796670572,-0.3882167317151625,-0.9111264397044395,1.1335524696711305,0.978695319301106,1.6866863297669525,1.313382611534715,-0.9735208855500175,0.6516576205626442,0.27194196219594147,1.1333266430769289,0.08889433618518036,-0.2618847365874489,0.23906313857849995,-0.2762109824438929,-0.3932145569759045,-1.6170211964854766,-0.7963695219272987,-0.6785412208186814,0.1192955486410155,-0.017392983452654023,-0.19172899526620904,1.2593576246408091,-0.44479280412548117
-0.9050263608549252,0.8992566569779484,-0.5573348895966981,0.41547394282420785,-1.7431253495420853,1.0908617428469825,-0.09361151564699435,0.867636370158028,1.9327061295869343,-0.33924983465976716,0.010079418510988878,-1.4229565282045689,1.2060192151960931,0.2116094519007584,-0.6672973231611143,-0.4251039371127174,0.018850878157528207,-0.010950959545619306,-0.39131537304331954,0.28010226858485576,-1.4900460980104655,-0.5936275904996169,-0.5270104400900277,0.669232106968323,-0.21648179638813037,1.1994702483350255,0.778335893858059,0.2440953327505116,-0.008734760207858119,-0.34842225086642864,-0.06962407517764851
0.6747570821892949,-0.8655839081410577,0.7669720747916116,-0.31716268098438843,-2.0670415991281272,0.2434982115272311,1.2931925406956626,1.6275779566757003,-0.12309695164578338,-0.01867535007245768,1.4118964697485248,-0.5304954542611942,-0.5606796805077139,1.6098526819105117,-0.9070418537684294,1.4100369472167202,0.5627413082908855,-1.139225867178108,-0.11038857786461623,0.48869933113448244,-0.9974209612714835,-0.5099289413536814,-0.9076246148521856,-0.1479045830210637,0.4228835009204127,0.8376115749013462,0.24170445120567988,-1.1256371129853349,-0.09974263625847037,0.10213301748735515,-0.14931941256477949
0.1847850508142291,-0.14951436994573133,-1.4400059141173909,-2.259614128614684,0.9660126907608213,-1.3874678409921055,-0.7922053299212555,-0.9140015357377298,-0.3662877270327377,0.4174391787127886,0.6600983597197561,0.8379799436458314,-0.23331226928255405,-1.3933424247057742,0.41744471749891576,-0.04308547756047229,0.6204277766533247,-1.2186341201872608,1.2351468613809433,0.6024644668140512,0.460769589819118,-1.0159113901819259,1.056153732808482,-1.341099114963088,0.313883388915453,0.3222899781932655,-0.7653755652881207,-0.6831801804548457,-0.19120958927929566,-0.4126959712211119,0.06624976712273492
3.3661655534031003,1.2894615147787039,-0.7925601507613692,-0.7191511175533992,0.5149462974297059,-0.42035778085973596,-1.050051973157765,-0.7887014100346018,-1.7290135687800219,-0.9611523572897076,-0.26804545808328906,-0.14530851501083264,1.5367117964985253,0.61584070212866,-1.291376464409601,1.802359896265997,1.1989792793053562,0.19083710772297927,0.5059833279211754,0.879658507191222,-0.8697196924929427,0.2719914450568312,-1.2793754025331825,-0.4658013874109844,-0.06880494963485034,-0.9163070619226265,0.13821874284117702,-0.15038267544311268,-0.774643832816234,0.46992208824886184,-0.02230102267369601
1.6076374321627214,2.744640816685544,-1.1386637966805842,-1.157362919288153,0.4740108087449334,-1.0204513959562904,-0.5551299442572829,0.17804763157341216,-1.3208704653932841,-0.2790360680169132,-1.8148902164631753,-1.46017600064514,2.1599566169317854,0.7576195014475758,-0.059612902265784154,2.003385808680826,-0.8916897695401229,-0.5642466224384494,0.21092172951519225,0.01706954030005666,-1.3654070146285888,0.48856277794967445,0.49026165665216825,0.03646169857352935,0.2909883340308888,-0.34432958068177416,-0.004238861752438755,0.107803818663568,-0.5374346001044195,0.28854190945844216,0.15056062621228164
0.18863970521305207,-1.2792137659818301,-0.4385233046911914,1.2546664070684164,-1.187039367768496,-0.4101876105640141,0.17476916800270395,0.018219133260112336,0.7770518903745693,0.5038845142436097,-1.3531563550434005,0.8924934388268474,-0.5970120058883498,0.47646671763056514,-0.4344000105981204,-1.7346496870308596,-0.33412410027826656,-0.10348401373088705,1.1602306296430012,-0.9597642406399743,-0.8513788946849874,-1.10847905095672,-0.42107394948827387,-1.023983376960972,-0.7780437440232998,-0.3610044762371696,0.9228974619482929,0.292569421940019,0.044428296027027976,0.22833438034190365,-0.2539271464188719
-1.9616109012415772,1.616119349919761,-1.4174335403523166,-0.4581975500933881,-1.5047243519673659,-1.6318918156711637,0.32519843295179635,1.554844695757532,1.6809611686428558,-0.3267050050962031,-0.3865120409989289,-0.4835281601735129,0.20142392810923626,0.9280922287950402,-0.476544253135005,-1.791488466183468,0.29637508415094016,1.0262906343634013,0.7720744334753283,-0.6835573809050418,0.7674259363990962,-0.4153046929385535,0.906180966383584,-0.3549523639756481,0.48241023341511174,0.42463434676946554,0.0796860886691549,0.5252268898934994,-0.138027630912952,-0.42879498476098676,-0.07838993881259451
-1.7685630600169377,0.8538891758996062,0.5745629155756328,3.3281814090993094,1.0595798682263224,0.06013156638026096,1.109690814670119,-0.8185067954636267,-0.4235450882300774,-1.1075883881483177,-1.109619332466283,0.15090457209382224,1.2673822282191247,-0.5254579061215865,-0.30793005919973526,0.9270209116757104,-0.8532998390101698,-0.6940727628037463,-0.3018275169183755,0.34025172100812395,0.18824754966671123,-0.11519570296805368,0.03898916239775692,-0.11047549035520457,0.5310199695205053,-0.8191141613182661,0.0031984475360622164,0.6196912432425405,0.16852525036816948,-0.0220507087446485,-0.024171916743635734
-1.2170963887551862,2.225915750291445,0.23052550030008567,2.1179362337793566,-0.15285435131163747,0.9039797397345123,-0.45654902116375756,-0.7394378836498849,0.8678304572577243,-1.3208747129493124,-0.6097406259058993,0.482721551150911,1.1274148123448418,-0.22210510472647615,0.33331592586090236,1.9816141242932188,0.27318289000597007,0.49960923928484413,-0.9365015109879631,-0.11133921179336827,-0.42214084036973765,0.6493461644261953,-0.0760483722676404,0.880521982140024,0.15977999777903903,0.931907059544871,-0.3060095136206393,0.5830208159425051,0.42668766642001416,-0.470710265849293,-0.04518996399644118
1.6662258091396407,2.4171890139074366,-2.322912048797613,-2.5489082800046448,0.15309397541973446,-2.0443348958322973,-1.3524255339938949,-0.4821161527253735,-0.8009182914597786,0.2841265460629152,-1.113244914468247,0.40487963538204497,1.6311454425560745,0.13977074496749112,-0.106668059308292,1.7043073153116461,1.2770356732354833,-0.23547185639120896,-0.5879204981615027,-0.0915517667237592,0.2665773282182335,0.8706134685098644,-0.2546088499348554,0.11258111293488601,0.07096708095984755,-0.9025327220050369,-0.018766239085022448,0.36726492293655133,-0.37833285666697775,0.36922115374583314,0.22525224529704774
1.6745247980698532,1.027951756674483,0.1624543504345173,1.4753901934399813,0.924140716644024,-0.0524445711633619,-0.4143911614642964,-0.2839801801852302,-0.6529581402478825,-1.7540126865482915,0.03904978119778573,1.024807432580129,0.4247251162403531,-0.975472401366316,-0.8541536710920926,1.0715171752100097,1.6261571042952303,-1.1328276936021968,0.6256848889482407,-0.7479120513861482,-0.3673738232122867,1.661399397009363,-1.805043306425647,0.033355891337586124,-0.3470108281377199,-0.6229587178073714,0.21203922693502802,-0.3511417267722651,-1.1773761526328292,-0.192582651387193,-0.11117852893960467
-2.655577909764138,0.13762349330321064,-0.09403301095009817,0.1780312279286581,0.04201814666999119,-1.4009998765747709,0.7994902606482102,1.43650051549266,1.9512403408008585,-0.5819294707146657,1.326227743794284,-2.3838252515491365,-1.0609089357081183,1.0601388297874121,1.23168630412371,-0.6454048316945942,0.31438514285579133,0.5575939686075326,0.7477735756029606,-0.16569701277153184,-0.7979676735977422,0.6936205336240819,0.5553106595669325,-0.14566329011448106,-0.9746288422036891,-0.5572556921326587,0.06643082697704801,-0.611714207142019,0.007363976620351445,-0.2219457144796562,-0.011157362844934803
5.089628527541036,0.5937886477925325,-1.365633596884257,0.16491416124342537,0.7541017588456902,-1.0597958996263173,1.3180840033848376,0.6825811500357796,-0.35756078699985916,-0.3228846981587116,-1.3561485962255995,-1.2219894805007203,0.8238207250742308,-0.13872723558564873,-0.23834114756883504,0.004934107559544053,0.39831345522852735,0.5343387769979071,-0.8482988918857142,0.22988204870885914,0.901131339090168,0.14071404158107875,-1.7019939356042584,-0.13081900149405193,0.3008963751590635,0.8796288262468849,-0.2941695198794119,0.5167222313722972,0.35421506417683557,-0.6950125319830048,0.044145363965997636
1.1519014287522544,-0.27824461085344554,-0.4123608581771096,1.7992646992476902,2.193145892844996,0.4583841038848958,0.1609027817263321,-0.2772480616102607,1.6508411283510447,1.2778011677028962,1.3813824775469936,0.7149640336634329,1.1791980655431342,-0.14321936088937057,1.5133575595138997,-0.32982506882165685,0.5486892847202626,1.841030859832273,-0.0728765041088361,0.27808596016472786,-1.3147139662110856,0.4544349722222771,-1.4372897821962527,-0.47249701376017805,-0.041709986439276155,0.36823042469115613,0.08730617071900838,-0.11120561068028795,-0.4253665558078509,0.12427077208297276,0.23799848094727985
-3.0013766683203835,-0.8158154310277248,-1.2725814954818626,-0.32510458230412054,-0.7126066576222028,0.39629622233853135,0.00791272758716298,-1.2375218923646245,1.1703331071906713,0.485372125487172,2.6835933593124723,-0.3278988193269879,0.5002903678225756,-0.18555804513806726,2.6045857000145274,0.4986867302471784,-0.8989396139498482,-0.904924996076421,0.12017376724394453,-0.46641866354997336,-0.18260609981048054,0.034386347425023,-0.7266755079520343,1.1568267038071822,-0.0936917332727625,-0.5428729776056201,-0.189240159062127,0.4020133915792684,0.1501201658198268,0.012894592220303543,-0.12176802906545647
-3.0382579361323203,-0.45436847519290924,2.671843143683088,-0.5728918044813073,0.12784449600301956,-1.0871070982115596,-1.2525521856705748,-0.523899806589074,0.3947357192764142,1.0001834479007758,0.4644357867741934,0.9189876166254874,1.8768859849435893,-0.9000321277833593,0.042239089730741704,-1.1475987301446546,0.21274856415626314,-0.6885507793227938,0.1588356765098872,0.5146954268958445,-0.09653031087462832,0.7610516013043108,-0.10629795694624171,-0.0012787474948900426,-0.11636334384538018,-0.6026923392161319,-0.21571918206687835,0.3884216056763846,0.12139660510475225,-0.0033496976427632654,0.19116231283100554
-3.566596802193943,-2.5402139073367187,-1.3708382143456581,-0.9215580254231441,0.40751946464641525,2.0098361668512634,-1.5598252301609021,-1.0281764596942473,-0.6321912255285621,0.6538491284824802,-1.0903037557917528,-1.9833408405897504,0.43430229796413383,-0.2163693315937532,0.7582794496532268,1.2174724322698578,2.158410262663307,-0.5518880835401986,-0.7514795134782422,-0.00940794944110651,1.0169719086786024,-0.10260678623858101,0.1698421979197399,0.0035950236168404747,-0.00078967795775559,-0.06853130509099688,-0.08485206939715943,-0.03239879891726556,0.06205647976343043,0.09266599605879224,0.10371914628877682
-1.489243678733346,-1.7563426352133964,2.096416922918739,-1.3634424864828045,-0.7132000072013289,0.16961360739778092,-0.8140010380161099,-1.188428943081463,1.0779063581342267,-1.425853330691754,0.10538632193976043,1.151399574432759,1.3742776201004598,-0.6603734129512638,0.28195771560708643,-0.30196740878954226,0.3278921665476719,0.2369539909061618,-0.028998819836223027,-0.4898966101848118,0.32331145463556604,-0.7285478476322534,-0.2225183620233222,0.8690682334895441,0.012024918428192363,-0.5517976317427322,0.5461447275099849,0.8652235584384856,0.5374355611657278,-0.018793021599750936,-0.05874501390524729
4.748739665943142,-1.6030160565174822,-1.1814386308657572,-2.100822233511124,0.051236385353943495,2.0852957843756275,0.8450953723853084,1.1624461007977849,-1.0967884733827173,-2.4854317521892946,-1.8666515710314817,-0.28986167745781793,0.24336790247243495,-0.7697006830977312,-1.23226558197046,3.0300376060194427,-0.13002398840617233,-0.006748888662984432,-0.8395708030598408,-0.06714681087928961,-1.0907881180062489,-0.15168501431769169,-1.2926338793322654,-1.2986722556651076,0.5066036714239754,0.8692558751322008,-0.20774647000958776,-0.558894448065618,0.3172344268443366,-0.6727940155079557,-0.018482628070661894
5.86164054979054,0.19131326067242316,0.3326537268239135,0.7368102656615916,-1.5212111534244628,1.9331552317998364,-3.7032909817671835,0.2721007330196299,-0.789578340325987,2.2634849779916055,-0.24982251893465102,-1.3420275446101069,0.4660156111089484,-0.4206058701656265,-0.30443727779908186,-1.3622584952441636,-0.10945982419026086,0.6471572183084536,0.20244940705191872,-1.1503706566286034,0.04957330410041065,-0.03737516710202435,2.6614244403606,1.363381009723338,-0.45541511056386663,0.6548371649640367,1.0674403107297845,-0.05033122210140793,2.7025918077044557,-0.9399898935354551,0.17899095067528487
-2.7504952437966086,-1.6676498369489454,2.0261186840761423,-2.3357094670076526,-1.7263681941570037,1.6853820433974727,-0.2771749268414455,-1.3392725065755913,-1.8334698725957315,-0.887736123459113,1.1901298745023319,-1.0765034847903723,-0.7148210384975063,-1.0162851669167308,-0.43814633169021755,-1.6975302503677303,-0.8141384925437475,-0.8533650544903978,1.0460607394628831,-0.09524699803860942,-0.2645531745232525,1.3124382347996653,-0.3227910530369504,-0.1427947312982775,0.19535132442884892,0.31367483774079147,0.13109281125037472,0.6418553543998925,-0.19194574480295276,0.1719895987793206,-0.08132222045113592
3.5151734553277127,0.48505500321142697,-1.2250947944051829,-0.7961374894097754,0.694491443570846,-0.6655009001693623,-1.8479819825625077,0.7816865149328429,-1.3131354816199907,-0.04304991828875198,-0.1391569560279166,0.799812997660372,1.0474206477945742,-0.4974286023144765,0.054718458539799585,-0.5119945620110825,0.37012866942038075,-2.37995444159314,-0.27149537631895676,-1.2104285279613918,-1.091262479905914,0.5286096870213366,-0.6257926185762421,-1.0623855582219242,0.5278612225706584,0.9462522069643502,-0.733441983067393,-0.13903596148186814,-0.1545949486763611,0.25235394866369726,-0.08413954550201992
-1.5832109884242023,-1.3341209961111942,-1.9892884125381403,-0.5959468494668304,0.39993595817484356,-0.2321661500039599,0.9220232921085306,1.1604796155940527,0.621950659839864,0.8353322038919357,0.44440387163758643,0.37389619174071004,1.2885430905506579,-2.0362362197017716,0.6578044221691167,0.3206225864826979,0.9661272710276229,-0.41671414974868126,-0.04926992389462283,-1.4986838185853704,-1.3872698391070633,-0.5158980091707089,0.048331974279161034,0.40131915833633186,0.3264790502018035,0.49501269602410713,0.12460332480670862,0.23860713220861185,-0.24667828364239483,-0.17791506495713494,0.23222156395019633
6.869943022032229,-0.7028128580292742,2.8620505186143737,-1.2317218808912092,1.4340462436781525,1.1442782764202015,-0.49228179525382026,0.36262527029638464,-0.7883705821869913,-0.06322340432956121,0.751651351097578,-0.07097907060639554,0.9667806223488805,-0.09531310305586856,-0.4109274238154206,-1.3916512208036136,1.5485753502206694,2.356756159702171,-0.9903103668859204,-1.7480466088030981,0.7794859190654928,0.14795975287706714,-0.10469292592685077,1.1828989247141533,-0.6215878643590252,1.0354809666469051,-0.37691599167791096,-0.05905070781772709,0.9150909320344657,-0.7747870563101056,-0.19914749966834827
2.7093641106384276,1.2764635312782704,-1.5589913649217169,-1.2508247752375237,-0.6456292928051113,-1.5033385607908165,-0.17393723946951645,-0.039031961497511966,1.4029057930591875,-0.4670724154507506,0.018596415466259238,-1.569841194375093,-1.5552869557377003,1.1663505134087933,1.0010276312029591,-1.0546377315406004,1.8091641886341958,1.4007562444605852,-0.2866851303486751,1.3757556833671705,1.1185375810124714,-0.12282423053598972,0.7107444622768622,-0.22809071834673175,0.12750087480010516,-0.49064159730551393,0.5726028922474468,0.4296610737128647,-0.17181497703222992,0.23938071517873605,-0.00452517108493023
1.671709866168464,0.2156593747066248,0.5616182238663158,2.1946593983392155,-0.43093687420911014,0.634035578439481,-0.3797631486180005,0.7764859084959403,-0.9276316614580766,2.5428451804152554,1.485493307905443,0.6504270353813025,-1.018771144611085,0.41106305794821796,0.6197159956829394,-0.16949992498379407,-1.39983987110198,-1.074937794056054,0.5966130948763523,-0.20326610030093312,0.7102304943717196,-0.035414128084724744,-0.38809203023078215,-0.16941792141595133,-0.03607050090442495,0.39302556196621335,-0.49694294053412463,0.0345181014778815,-0.0393419864158248,0.5014928709777207,0.1478046027438217
-2.0858201734241293,-0.2257724013759177,-0.951442380612969,0.28911159249991836,-2.021536692473499,0.12985234802781986,-0.9014909112615799,-0.9277496015236978,1.7317945781982846,-0.11276225983164719,-0.8650252168026759,1.392445577149686,-0.6061081798818297,-0.41343221459210394,0.09142925351555407,-0.45160494259378925,0.4436319023084531,0.8067416629932573,-0.2577403139235812,-1.0053740334295167,-1.5281330776801005,-0.2957845893672926,-0.3339130850534561,0.5039677719919878,0.4662230135342074,0.5420335197492846,0.07727434511160239,0.6066575702981476,0.2424099619322965,0.057504770550336946,-0.04156989445734608
6.553438640009721,0.2697770098017733,0.4692495209121462,2.279216899630197,-0.2972514510233987,0.297926127427827,1.0383812448121994,0.6428794682292078,0.8992073065648063,-0.2913284092114449,0.3264148514728724,-1.9215221618727865,1.90591398907189,-0.7469333133054237,-1.0195236584071927,-1.650278851636239,0.17721423649498252,0.6265817574856247,-0.8486483966962539,0.2925682125685105,0.14166335800591462,1.8141060124710329,0.646147381058524,0.8498204697855054,0.12190940972300125,-0.572971400009732,-0.9057900098533641,-0.21395849479728776,-0.08107342788325031,-0.3440061990710375,0.037069129914249044
0.9968268507669142,1.1547754453570225,0.3576503078496737,1.9853904575543706,-2.1583876421899344,-0.33567327424452587,-0.6883838980922207,0.17066711203738846,-1.5380012475252371,2.3247936560114497,0.3253150182488251,-0.7459694127771824,-0.46400993549390546,-0.5256545477476758,0.2770205302186459,0.05011469243945106,0.1535210590907182,0.4619736256584659,-1.0607018601845382,1.3752536176616228,0.6961786639749576,-0.7230942133079001,-1.2061295527493436,-0.633820726553238,0.7034562110519316,-0.895504385737666,0.3268086515390404,0.5152666412183012,-0.18043251961000503,0.332384095434544,0.2705880373869577
-1.9109587203382263,-0.5098851127981449,-0.4238311427260038,0.5876925697228427,-0.6765048605356733,0.06706136090558203,-0.7864408938178112,-0.3538482039212687,1.2756720187970032,-0.05889961560647755,-0.49287386370682695,-0.4775718382836293,2.0423883726089738,-1.320556671801392,0.6857232768020036,0.3028412639423054,0.5451285218683644,-0.3865614281900968,-0.6903894609638168,-0.3853156558128537,0.24542116862356558,-0.9181353049434355,0.8639829162909299,0.4150259971044137,-0.7139315305855707,-0.3671071107261664,0.014847437783800231,-0.14417477764489411,-0.2589770953849865,-0.02539509356009921,-0.15238532907304905
-1.032881644407857,1.7278866545041829,-1.0335342852936862,-1.4604636107321962,0.5051676463129248,0.041011702003853234,1.5856434048946966,0.726483263508333,1.8698612632727594,0.6545573395402684,-0.04869140145154103,0.6445399173779895,-0.016866743750469374,-1.349107288239834,1.3143941134883261,0.3696852834036797,-0.6124550134498072,-0.2884291867143697,0.5240124686468576,-1.0601655842580613,-0.2143085828903602,-0.7365075250221566,0.19879218399776055,0.5370242899403601,-0.8207831857746638,-0.34120201994469307,-0.03614760138771106,-0.2985283153929165,0.7374470599015378,0.6390823945448074,0.659246662326888
4.949468188012919,-3.2860322861551925,-1.3097404104836756,-0.21407606159705417,-0.23024625025770887,-1.125827199528416,-0.7718817183746136,0.25559361121399904,0.03376200978682225,1.4074055151980895,0.8143629546321843,1.0361906117912798,-0.8270822732952936,-1.0172131532090354,0.3750241049710444,0.6147677730938728,0.6031621002886084,-0.028830580587233406,1.1125101800045034,1.7590564501251358,0.9718420334209429,0.8000913465225602,0.9726124860658109,0.6380689901997219,0.09401142069881908,-0.13963322323697605,-2.301186150020396,-0.1919403786513332,-0.1733727653931675,0.33942032058889604,-0.07557874662692395
2.8852043030659082,-0.9252344660967121,-1.3193904325991053,-0.1962913010508716,-1.6638722886749642,0.5572229547001747,1.1660580205898243,0.29832133340315325,1.5066373285067909,0.8492970341939826,-0.047424594821694484,2.157784139091908,-0.8177424374956132,-2.6617570399382484,0.37768744923073944,0.15864566268397023,0.05442042325522722,-0.9024646205722162,0.05018933743658638,0.31449847116280794,1.6074448119698486,-1.431389371229648,-1.7596592640304485,0.5265146685824662,0.14064325448011722,0.08521402839997651,0.48108277323116483,0.3820378178007153,-0.10333632379068956,0.26878165166901696,0.08434809019257843
0.8112233114066528,0.5637561267564168,-0.7371622984603332,0.18495144895453103,-1.3149821446405316,1.227184059022474,0.7653431109278439,-0.17087395815490172,-0.45055075874854345,-0.27295067234546677,0.010438979043348763,-1.0138646433048109,-0.15445680503278322,-0.07843874055551055,1.7136500730044215,1.0035636542446371,-1.156577270315908,-0.7395468640677091,1.1717831497954743,0.18786421044221294,-0.10763115721791641,1.524606718833407,-0.06293808755532199,-2.148443663267393,0.19941716722571948,0.8706474662482799,0.5538658957425836,0.2790331355011803,-0.6221158051300043,-0.4818105436499011,0.3288223809834121
-1.965895905481764,0.1807449418473359,-0.23003122451228936,1.0634042616461594,-1.1556321313888094,0.7506165222335326,-2.13028418892714,-1.3433444029697796,-0.6988691945415149,0.4830820427751243,0.191543900688541,1.7113936094736506,0.4620932230439752,-0.6554056947847301,0.05384688335212554,0.6114879272659256,0.6621956105754353,0.76683718703584,0.008695588220784216,-0.6664289918407987,-0.24237799188782624,-0.28272969182120916,-0.10620676278877939,0.9257854658325245,0.20570527172441627,0.5530902237848667,-0.08306593813384996,0.2571038955067015,-0.25456366767168426,0.026252567174049363,-0.30219020510404576
-0.22458833120785504,-0.9408048789270068,-0.0983270781829308,0.18874798903756612,-2.0292968618339877,-1.2795904049674274,-0.30298446683358515,0.4091650090431994,-1.0348279271446346,-1.6056359777852154,-1.0703298610307876,-1.0701493937114637,-2.3615971843664094,-0.9316787803454897,0.42521861741682254,-0.545762245823731,0.6276660267572435,-0.08293447194719208,-0.49468184101037593,-1.0780152829532592,0.31054537945936245,-0.8493874973262725,2.387080075614785,0.1542439071309368,0.4562856527605371,0.2310009976317624,-1.347604547379115,-0.1692535073873714,-0.5606097451629162,-0.23711548181129938,-0.18421264300909157
-0.288400806960198,-0.4332534365757398,-0.058642139334843274,-0.9521761057808047,-0.88631145126444,0.09931417872019117,-0.7093803039884515,0.18980425102090723,1.1688111573155717,0.9086435663380172,0.11062146772546712,-0.8083950267659276,-1.425304917825103,-0.7814386278331895,-0.7179875155340605,0.9365352232733959,-0.5574863137869029,0.23850745071590254,0.2383095378318873,-1.8387649575877616,1.2258325882874452,-1.0683737611465494,-1.520860169677731,0.6498207039897084,0.18990151824839807,-0.20887918115015747,-0.5733205252971735,-0.8419626713254595,0.2077590935600263,-0.07408694073414321,0.2304666779098991
-0.04895500523189287,-0.3728446284388567,0.32829589865728104,1.7999249810986218,-0.3875602739964446,2.882285000460885,-0.5744749850471895,1.9104446684193908,-0.22546731601548634,-0.9716875584030592,-0.31806079218093747,1.4240517252508398,-1.3033432002824024,0.09513973120317111,0.9654451043179029,0.08500793984309457,-2.4844744147446773,0.6928727444921643,0.8621107718535587,0.1208781620799171,0.832264303932824,0.7853541388249096,0.20093001107723116,0.18097095260767523,-2.8443501146964637e-05,0.4477228556692611,-0.18232213899627692,-0.024793861029946584,-0.22236671026536212,0.6160250371793248,-0.23407210437396664
-2.2222183774280215,-0.5237796775231078,-1.2407206856947945,0.3644420164629178,-1.2097184034235564,-0.7476225896239077,1.2530656860970442,1.4268277342810252,1.00378141223441,-0.2344484454522521,-1.215705890796197,1.3497793157693159,0.4554345067520866,0.9424406925204724,-1.2748784485697304,-0.9426567850461519,0.9759319091444426,-0.02137967418440583,0.8927756572082796,-1.0211726886331318,-0.8152640093980416,-0.14322877425742953,-0.008870268104557327,0.5074843533333403,0.07661740028270973,-0.622701914952885,0.1850104882349684,0.5468984190907822,0.06251500027499036,0.01819696426448375,0.07474594508030821
-2.448815935372244,-1.1146519480340717,-0.37717707747461826,-0.5519577662981724,-1.1019525555504799,-1.2541883735242774,-0.5770979699200854,0.7874644404425281,0.47122523677006745,0.31749372103998935,1.1225175360604291,0.758911757744174,-0.32047955237085696,-1.0632817721420136,0.2672752898353693,-2.0372743934442425,0.2857406695207847,-0.7636739279607997,0.8117232041371423,-0.1721190523650365,-0.8933369851106704,0.7054596740264804,0.025403489177058633,0.45473595889594504,0.07799103754238979,-0.6306979480009962,0.3207492573427987,-0.8225741925077042,0.20843606001287657,0.10078597664780582,0.06515369278252055
0.36395843350146034,-1.2499515762775342,-0.05050147646959528,1.8667268658184502,1.5019262429959805,-1.7219801459397313,-0.02399197190467705,-0.02495845392712472,0.5557962105485678,0.7292759939243392,-0.3282532050882263,0.5855757276254732,0.9243148652465654,0.49404314574032576,1.7393736141910168,0.09112973925178454,-0.5506857879092361,0.5450901348507852,-0.16579847803553682,-0.03224828336102131,0.7192212865022551,0.35965821831068906,-0.7780231633303963,-1.0990852315009385,0.8056395581571971,0.04962072319231746,-0.18022357135402087,-0.16959495762187093,0.07426565541807627,0.08715516118101138,-0.1013999447973468
1.3005103148782007,1.4677613496140145,1.4242928747456967,-4.072126195134608,0.31260383966902316,-1.1018779340237586,0.5377727313990683,0.590667605113881,-1.0018331801709306,0.7882732392749898,0.5056526235345243,-1.980131294694082,0.04014551362866347,1.1535047636715656,1.1656830024986518,0.4494099167986023,0.3590383767248092,-0.9228533288378123,-0.47123081608992434,-2.4046843738822408,-1.0949801758307718,0.9392754607684407,-0.2824244710334932,0.5303744549568397,0.17465393408276048,-0.35033249119375587,0.14549539138551668,0.3504826915881041,-0.506788923061939,0.32275299538333285,0.19864814118169916
4.600531331509824,1.0950574940159794,-0.408381280559687,0.8191320403405442,0.3836695760674449,1.8251825343011747,-0.052831278988246834,1.948325151405668,-0.6120293117782378,1.1576580253351014,0.4922448693314682,-0.6418885605839671,-0.35823266104087365,-1.1668642032899978,1.004813669900336,0.48763600049712635,1.1620056351909236,0.46221107107413817,0.9874885422707783,0.46459476767141483,0.2513797933951542,1.3268638205274652,0.3830048362255176,3.1562471355504647,-0.26809300686223625,-0.19456374280978586,0.9111810071572827,0.013771285307827423,0.555646169413669,-0.5614576520247614,-0.24617412403675015
-1.0372171282759342,1.7865237846146818,-0.11731029416672617,1.4558356919792845,1.2125453746769617,0.3587079930144901,1.5152017697744846,-1.3022432722782162,-0.40119911141990255,1.068299124519968,1.4392637711493041,-1.3090503528205704,0.20567857714076315,0.5420695520234382,1.37282062456628,-0.010114611700708867,-0.012408900723765829,0.5636627520885287,0.43927696579128667,1.8586585437422736,-0.44562544643145574,-0.8385877422879069,2.06156504277081,-0.6399887050815561,-0.1883773559721132,-0.4911770581671907,0.09288217414122021,0.18605091703152454,-1.0639663585576442,-0.7522747262528336,-0.05731128666652857
-0.8994128367028297,0.13803434496744996,0.5120309974167742,0.14414301846376903,-0.7891625858247864,0.789845912503026,-0.5418576505222165,0.3306474250469445,-0.6272055433904643,-0.9531874695817286,0.7759801362950569,0.11791831356635969,1.2180737370770398,1.0829563182657695,-1.0859226245134939,0.3196743335794354,-0.0871838901643227,1.2318043963683134,-1.1378908340552394,0.5907612127516089,0.9594894479766958,1.702192599634188,0.25291284085308496,-1.3525054973741297,0.05868851977920995,0.11549470217615697,0.38707302355968176,-0.7432736650766563,0.8491997334243546,-0.2670635280643304,0.2385333048451632
-1.8790383952680456,-1.022342284540628,-1.1574436853796743,-0.7814057173815346,-0.9513672576643402,1.4865085275612642,1.6705495341512582,0.8692691531263269,-0.8874080207103933,0.5798626659452127,1.0449148207107204,0.3748191395304995,0.93290910938785,2.6589519166311475,-0.2889952554964094,-0.12007964814461265,0.12372011325735287,0.5113154704337999,-0.2821846603240154,-0.28124611115213183,-0.20674508849452392,0.19376174746760808,0.8041888576967532,-1.293337817712247,-0.05540998688755189,-0.8000234403713704,0.0016281891044152585,0.08817587884052637,-0.1889927902541159,-0.2783887071885414,-0.2572662121419956
0.12323230398305593,-0.7500093513356642,-0.029447878715979318,1.5123322717997731,-1.0351766967131717,-1.2390540737156872,-0.7885729269648676,1.6133788570208472,-2.049906770500531,-1.9591533894380875,-0.04919226316080553,-1.021377178033442,-1.8832475869646348,0.6018478724122417,1.2591658043801583,0.3779573636569729,-1.2939540293750342,1.2904321151191767,0.6983791604337343,0.7577089247305575,-0.2958342259718647,0.23425943062797355,0.4274455459468515,0.8155460211029079,0.0587613479172807,0.13177450830568807,-1.2010838840736133,0.3289166747647114,-0.02510702114453682,0.10035556803671235,0.2253154237812397
0.9252696872282247,0.49199408191560046,-0.4951677565113173,0.348004003008515,-1.6621478566993795,-0.19518166843321302,0.29093855530935103,0.9804368660747788,0.3610956743928412,-0.28727653273339926,0.016454938729252765,2.838814838829234,-0.7064488483254474,1.602517867746537,0.0860250598849236,0.9125630063064765,-0.32847629079750695,-1.1955334578812369,1.441169534731647,-1.437909095658579,-0.6335201551779812,0.5331540388987775,-0.7624375155424842,-0.26731256081383065,-0.5177416340088785,1.282077435675724,0.07892204920609283,0.07054743945956411,-0.7214425820652896,-0.036780126353694126,0.4450816180437233
0.4163775974778845,0.8379829344725558,-0.5949192788537419,-0.1290285485142207,-3.1661135559150617,-1.1115629763083787,-0.4647940512608281,1.7485360943845918,0.22199263795865995,1.0861369093025208,1.5888391780607436,0.81338268942977,-0.4014926764157262,-1.1132675225910231,-1.0943320906692489,-0.13677592113954062,-1.147963760096509,-0.5882588546618273,-1.000539507116039,1.2327081417885744,1.6258267707669738,-0.8049803256944703,0.8562276394390916,-0.19872086139566927,0.25757792337590507,-0.5514200565557592,-0.21506513239607605,0.1286693163059731,-0.6237768301284153,-0.13706978249826768,-0.18074709981903206
0.8018861699120228,-0.41480449485934784,0.7207276953787494,3.00535536185736,-0.3322123718468083,-0.5935392430743097,-1.9808712489628761,-0.1995916384245539,-2.5268131261448126,-0.955539564101327,-0.014483867427263366,-0.9080695126053923,-2.8798345370315355,-1.1037953726685146,-1.263231142800301,1.5300649382209721,0.44686811213967864,1.2913220578190872,-1.2076444070549002,0.26468684461325415,0.19474169278691136,0.8452731503279788,0.18263045576643758,0.7014663467449703,1.5680248604587343,-0.2855347901054642,0.37984094875723046,0.5747897627675685,-0.15250302704570065,0.3335653197240848,-0.1118856858471517
1.9557824568619242,2.102649008468522,-1.9447818455806327,-1.7887014783500197,0.6469864292228811,1.0218995657195784,-1.136275084566162,0.9149391112744778,0.8290684472168912,-0.3158889514485594,2.033257620517323,-0.22704702005936628,-0.18598185827855884,1.3423257230758925,0.10126827526426903,0.2667349656441297,-0.44968579825224214,-1.2976151440256052,-2.567070426507107,-0.24647411379645778,-0.9241368849700308,-0.6683569651013443,0.2582597521673037,0.5843737933785301,-0.6475870480613393,-0.5339206518599221,-0.07737047671440903,0.5442191152115933,-0.35729950346235984,0.3697853399764851,-0.2999302128412826
-0.4630381407146533,-1.101282324410184,-2.4782439511000103,-2.079841424760898,0.7295665703035334,2.4081154386076027,-0.6072878078043871,-0.017270026146292517,-0.20447912730052267,1.1655512119023068,0.187177639896055,0.7227208153292249,0.5294101160172222,1.3101869376606112,1.0992926537698813,-0.07096008994674419,1.2861677959584388,-0.11851451528838022,-0.9883158050898803,0.34118588201439837,-0.7095326882916254,0.4071542058757999,-0.001907337237689483,-0.22207702225930528,0.18409795240426655,0.24572853600504177,0.8034302772317362,0.2698260973571893,-0.29929053151594065,-0.3848079482491641,0.17154705410175636
1.5603515055950934,-0.8204763218359774,-1.3239691317661206,-2.845109653271518,1.0071339533633863,2.1422790750333713,0.751395225688,-0.3520225759053864,0.9376955554554736,-0.30397197622414596,-0.2292229137602896,0.0797595150257787,0.32968562397553186,-0.7798154700148693,-0.8965064083875723,-1.3475028835749496,-0.6507211702844314,1.060265184851895,-0.17332264130307617,1.3471797362448912,1.838362387919125,-0.3643904765559746,0.22219935184969183,0.32633800240148503,0.47193266664627864,0.26253333358587927,0.012729887959737321,-1.292168928485955,-1.0114416521002263,-0.5821966291095031,0.3030551200135969
0.5960917210249902,0.49886164621509194,2.8017806343148686,-1.235218174987934,0.6927674070829729,1.287429041571776,0.8501560090882813,1.5500007998138974,0.4590664278951777,1.1649332046344785,1.9289111777142167,-0.8813118426535472,0.7843855510759788,-0.29573565195659374,0.9253041277473354,0.4150391830569761,-0.4918632937201752,0.17770169955060774,0.6101039191764068,0.0845813413413264,-2.4081120750445124,0.2823844353977671,-1.5640575451887027,0.504430219927453,0.8878062326890676,-0.2663055833406299,-1.279465793981204,0.06934122596362671,-0.27241080909244764,-0.5234224239894679,-0.18598784063213641
0.06232047215869532,-1.4501101210505434,-0.6374852371461643,0.6397168708603006,-1.6013538161537837,-1.3361243684268964,0.3538469934979268,-0.6240877276792968,-1.8766318093339474,-1.2489102146281656,0.17410657979700994,-0.5336743793181379,0.19893538999102786,0.8718577131604126,1.847345151878269,-0.6583622591424428,-0.5499145106011644,0.11130467707032336,-2.008528941113769,-0.2136025343587781,0.9014788511321404,-1.5303798580273484,0.13651221335379124,-0.32435511227275593,0.21475453456243615,-0.15663506485518858,0.18691387716900382,0.496467966562176,-0.6125039845358794,-0.03502496973358274,0.20035169849848847
1.7633804413165237,-1.7094455377963762,0.6223844817770067,1.1575105992864236,1.820687061727329,0.37882471171866794,-0.861222394747943,-0.4588622584981671,-0.2682383460996821,-0.4286841197932018,0.5314449869332123,0.8069258864457783,-1.7286898030973248,-1.6276892987337968,-0.3723614770952417,-0.402249038479617,0.8687123900656926,1.7340842627414725,-1.3564430095579652,-2.4370851391048265,-0.060988525611142305,0.8004059974569885,-0.009780986067426122,1.7328407280081248,-0.8628598831295671,0.3995504143767661,0.23675524130064834,-1.1483339848171357,-0.24765933195003845,0.2074200092039447,0.06315363373548083
2.0199713236096235,-3.2864568693009923,-0.9846666713588537,-0.0003459019399857185,-0.37341259665800763,-0.16500818002351117,-1.660209535366759,-0.22791122566905783,-2.703103450404992,1.207822042303772,-0.5550683212651908,-0.19234287040258521,-1.1060520781866636,1.0501949777860438,-1.4311712209897676,-0.9842224220888647,0.44337848886356646,0.5661654628793662,-0.04287934600229264,-0.7209995632479328,0.31358157212450416,-1.1597009449117748,1.7430050395436067,1.101722120077683,0.25545457295465746,-0.15843482208595294,-1.6912196578849883,0.272499151504306,0.9384340067703766,-0.19873843574150185,-0.0970243070825431
-2.3722625037537743,-2.2186423700197078,-2.0337124950859304,-0.6159640824390247,0.6680858521002054,1.0405004058331115,-0.5053137393897867,0.6296328575539063,0.502777745326457,0.1916559957643031,0.05646199415609246,1.856198754906003,-0.447230811421921,-0.976848421673157,-1.0570181448662068,1.670742288830342,-0.884837366774216,0.48891356508417533,-2.112275719286232,-0.9968436574244633,0.39248507583182923,0.6043869311301273,0.7891167403321141,-0.4703245965594611,0.13733720705785057,0.0960392739130028,-0.14467275384459619,0.4828561744572366,-0.11307675425839281,-0.06480894955900175,-0.09706251737343091
-1.4608060804502925,0.9869408759156004,-1.0579010030811669,-0.5081979159620642,-1.1538193764661153,0.36899164343427115,2.172922402312562,0.7998078913829134,-1.1634672158337247,0.9148246206115364,-0.7706446105008198,-0.6501018333165557,0.9418434098410923,-0.7453304944885066,-0.19798224321447572,0.5234003996475631,-0.9792851718692903,1.070657851363879,-1.2359967647433407,1.215839528874262,0.9634865008923358,0.1826463794103623,0.9843846024388647,-1.223027012154675,-0.6111859934618041,0.5402121842330494,-0.04377318280222545,0.2388718795218412,-0.08283086970020678,0.12271145279885726,-0.04324694051736879
3.7651384936237173,-0.6254699380210776,-0.6177155087606427,0.092349652168831,-1.4521330521066211,0.62127124072349,-2.898113532528419,-1.702359334497535,0.1869855569859456,0.4088656833027928,0.5473400331001214,-1.777677131838145,1.1433157523775859,-1.0277754312900709,-0.5778645429134045,-1.5586592953641014,-0.879635904214351,0.7908364086509456,-0.540090204084717,-1.660799130858613,-0.7921711239678786,-0.7008402692877451,-0.9977918592636431,-0.5598652402009363,-0.38062726663035135,-0.09959806392149023,-0.1995659410902949,0.021683523746344465,-0.01505569526605348,-0.5028511327306588,-0.47485892944891306
5.68575781894882,0.027916817601068532,-0.6012429838304921,-0.027536972367891554,-0.8289790266078196,-0.7519234663229162,-1.7261071878635046,1.7062419187295501,-1.6161925614415453,0.10178047693966917,-1.109412910775452,-0.4514815804441986,-0.1642470842445962,-1.474104808728245,0.5756127690025221,-0.014027791156783502,2.017907053106882,-1.09030132394837,0.7332783023516154,-0.16654361947041524,0.5303346305083554,0.5454638029534454,0.2537348448187127,-0.05630586005430813,0.08226293785244232,-0.3626709125760592,-0.34154846162072583,-0.41736429387647833,-0.9274045884822851,-0.5538212134510816,0.0008929149840591851
4.5616106692881,2.51068641458073,-1.1555269931402885,-2.078443578131249,-1.6684280473371136,-0.9520754386215682,1.3880344717873916,0.33033318758082036,-1.1111411166322869,-0.0913420352444319,-0.28543931294378044,1.2603766700067662,1.1479495421535137,0.8074221413372176,-0.09500708543962683,0.4723450089307889,1.9939046501770716,0.7362323633740635,-1.1202690901430599,-1.6633721019994563,0.7914512353313636,0.5684128151318666,0.45213651670251004,0.8213585381045093,-0.05087345240211862,-1.7783206676242218,-0.6357016381224941,-0.07307287035205327,-0.5033730446949795,1.041216834129086,0.05164702173537321
-1.5859017162505418,1.8840928969137107,0.3792187420667705,0.35763634915468834,0.9615446344687282,0.6911422047571343,0.1345911070728411,-2.0495611210070224,-0.07628008095001093,1.771738170433745,-0.29205295202151793,0.7880612210040893,-0.13393364062339566,0.7086518033680878,-1.7451100038282505,0.33502515653801385,-0.2838234576277048,-1.21974299813447,0.4193713250978861,-1.4880950578409702,2.0107962284890744,-0.8683038624237498,-0.0038660620144789384,0.23101394514036291,-1.0831766565938237,-0.345358745614184,0.3277105711770332,-0.4560210676671962,0.3195855189709586,-0.6197453351977269,-0.19956805404561165
1.0119692415009065,1.3135198167961801,0.13337736043408713,2.0150910935637034,-1.176653870624132,0.45763961293376443,0.05383542235282333,-1.7748704689097201,1.5940552238221517,-0.5573365325059205,-0.10390233390298236,0.4480671817981109,1.3622254254713873,0.07391106713564095,-0.5331266500652537,0.5750567983660101,1.1892103278582453,-1.1610253240202226,0.6298322281946049,0.20766848304848945,-0.9213145814784922,1.3099203886297006,-0.5652574157400082,-0.7436340565273523,-0.5852931777531841,1.1322163541294665,0.2601185785277323,0.3370942166470135,-0.5245202261685049,-0.02601760716361391,0.2716525640522265
1.036761743091102,-1.6359623521647562,-0.7388928011433263,0.4526290099286111,-1.3100344590103565,-1.2887040255452575,0.602806577038278,-0.7493224593116208,-0.06551704024374781,0.2137732271447499,1.1663328219816378,-0.1454104885765574,1.0999222172714205,-0.3509348802957018,-0.058914232571728314,0.26669462169306285,0.8908110726633669,1.7483365935211777,0.7965854178825229,0.8970832664348433,1.013096109330971,0.18628661124005758,0.8292449741142965,0.3369026312975704,-0.028305147850718512,-0.7432883985810578,0.04459463357398075,-0.029767205795870583,-0.851490128888512,0.14481893713356356,0.28171465950561264
0.13301758092070995,-0.5918721600881574,0.1639983465938549,1.1811330235924449,1.6481193294312084,-0.5849731458785072,0.7319998878529337,0.4445033627384819,0.8633169739774085,0.9971424469400292,-0.5111027044976516,0.0910193417245289,-0.2966444894494899,-1.6945064946772823,-1.0397959806177055,-0.07485398369613232,-0.14526920829019374,-1.2076236325172798,-0.4341342006071258,-0.7201854808800386,-1.369580156969905,0.028766926284832597,0.6747876602016749,-1.1318346797463354,-0.6632943301232597,0.4895979154332446,-0.7630727171074868,-0.7029569621365916,0.10042410896003462,-0.05574874586095807,0.24966058166297925
-0.5602988035911554,-0.6688096070804577,-1.223687059623334,0.030563612277554515,-0.8340157724640735,-0.021852577533592953,0.7317016790834029,-1.1698662500624357,0.4626864421485817,0.2778198395842097,-0.4622574585460839,1.1607337709743875,0.48890575618586574,-0.6929598939253803,0.178326282113927,1.3460608068016349,1.0430471733337487,1.3593289427503703,-0.8491642239462864,-1.517235502866348,-0.3971359594870348,-0.7794229801892066,-0.1358995425067182,0.5880144905211603,-0.019991162644131893,-0.5369902722050285,1.0576580851932902,0.6018617849347164,0.3278472545484531,-0.3216294177477057,0.36138478799148466
5.344862308965338,1.4209446335520857,-0.11262308577518965,1.2745543721642625,-1.4059376815290665,1.4283303412014758,-0.05271132179401725,0.13665656841405094,0.15527384663437266,-0.4777496932672464,0.63058422628929,0.5421095850596295,1.9249915187307571,-0.15388827789479056,-0.19546951009730834,0.7269928331694626,-0.18402320727881527,1.1207221041355488,-0.72820653359319,-0.28935412192127674,-0.947288380279615,-1.3822752920202046,-0.7272747740692017,-1.5096647486596428,-1.077894038405185,-1.3040535627161765,-0.19931312717242877,0.6751777711786462,1.7233653151059918,-1.0695828402774772,0.21671940973851428
0.578265805795105,-0.5131520391478059,-0.4044825982374639,0.9244478955889738,1.676873119228255,-0.7076515117666041,-0.18272001568202506,0.7548047267630978,-0.10120709499313701,0.28285478045464485,0.6363926604750334,-0.40353792957249857,0.2021377380889158,-1.8118278361689033,-0.3939605037863791,-1.441390022130168,-1.5922348430095297,-1.5071653555677085,-0.8052772283435589,1.0411433237038288,-0.15472104934624725,-0.5592118599769694,-0.14406180672595617,-0.740113377517154,-0.6290789033741476,0.5253205219719386,0.0052265292544850005,-0.37082082892437984,-0.32022469671281234,0.20190555258266504,-0.17350967078435234
0.9949218775085602,-2.9533549113410755,-1.5187287074841314,0.3735122999628199,-0.108898684429485,-1.5076688688266997,0.26230378098436513,2.4618581032066444,-0.44728468054308196,1.763372208182868,1.3995187846185584,-1.5944196857442543,0.03592756515352914,-0.2612438825910061,0.9134920710764202,-0.5761437748002841,0.03761477675405051,-0.1521260167171256,-0.5642965518739541,0.4849774470464839,0.7568311768557558,0.12257262092834137,0.9333476423005613,0.8773640598144445,0.16132544976898594,0.1616717998253337,0.21808409301675563,0.23161841337848568,-0.23949326911788185,0.16706084315943576,-0.058012919064842274
-1.911196224048373,1.1314663070297373,0.3659331360472168,2.792750273537932,-0.33132899072448274,-0.5259872288413597,-0.9013545211962724,0.5501342786768081,0.0856871787093667,-1.0302867872909225,-0.37173288205015176,-1.5961384315011637,0.04104567918212134,0.8492678737908347,1.2121814759295855,-0.9185286495450871,1.80943662551904,-0.19603232335417675,-0.2250903676318307,-0.32605002122144094,1.7813707048579865,0.6118982955689553,-0.5596884636004085,0.1928502118174277,1.5744686550108558,-0.19314990789013345,-0.044325160010320205,0.7055047235917447,0.29860094688054833,0.2652050007146004,-0.2858842679275984
3.5120654548034542,0.7661144662039103,-1.5378458073262078,-2.2258859597272043,-0.6123634132213921,3.324847447230015,0.37274928171270083,1.0503275175428053,0.8423929242345358,0.3798699843463675,-0.5939164414385232,1.3423075547321275,-0.9956779835502462,-1.250008366190522,-0.39982584100455304,-0.804738464734521,-0.1301775331577725,-1.0009573002857957,0.9814789512283625,0.5244563152148571,-0.2302811340866924,-0.5373773155871214,0.3447430814246268,-1.0984824095646495,-0.5631478232291566,-0.05990079172621667,0.14826660676411693,-0.2386181488852063,-0.32057257424294133,1.0394848232936131,0.0714820624900415
-1.3265001052685292,0.9240848156290055,2.8920743380733334,-1.026815352358193,-0.3090694122666033,-0.8496626421865517,2.0117666986458156,-0.2591674976056541,-0.5072165057597269,0.7795390616906199,-0.3818967248043698,1.0465338588523074,1.094849254273052,-1.1441405797756494,0.31874900954420704,-0.11587524688608392,0.7037009444602398,0.5126121348357995,0.10134690052092242,0.13152652780588273,-0.18842607495077815,-0.1921787013834338,0.1728650470310711,-0.25264818890523344,0.13369983992924875,0.5401797756629249,-0.15227283612831674,0.3334793835687565,0.016319905556340143,-0.14432174758671967,-0.05355267275088278
2.057236942923737,-1.9479915771146235,0.05767993831328748,1.1935281551726977,0.7701841833875207,0.07944499725297889,3.142058279717395,-0.33863403375339063,1.11281245226136,0.5524765024560715,-0.19350106889972918,-0.503626769447647,-0.35321099788270677,-1.7120221184689206,-0.5241107024014435,-0.9284926214233652,-0.6196875148910723,-1.1773356387629614,0.583615616155418,-1.400254576996608,-0.1326420856266069,-0.22385294239679399,0.025829866528784252,-0.17423780729710783,0.1899037313722053,0.20344010339793872,-1.0488850587731722,-0.45834303757224254,0.2723048283353537,0.47811836069545305,0.14166000294544231
1.5083403287270234,-0.3656513450721441,-1.1897336376685825,-0.02644696050937929,-1.414783868403811,-1.299288765127919,-0.8854793115141004,-1.2604356743547032,0.7812424934672394,-0.19324701058947816,0.6876975306462719,0.9058507547451103,0.8383164428895133,0.3390193169883696,-0.15523002677767633,0.12365224126942811,0.18322372234405265,0.18763245445311863,-0.20444451512730916,0.7668496273213343,-0.024272126648349972,-0.30140144022970083,-0.11572534267496165,-1.5336612027550305,0.2933690626003965,-0.12783926445538588,0.42828392570304075,0.35588276952555986,-1.0279579602159417,-0.38252695186806035,0.35823584143457843
-2.5416919781492426,0.5328721796925144,-0.9441720770916552,0.29312559053708176,2.3618697027629403,-1.6737364386081166,1.4786987824553166,0.7687063793424785,1.3734786418890612,-0.8589989457953628,0.14510103654130685,-0.10611699270834773,-0.8295636355567186,0.24908744483009748,0.11718483053180369,1.1231001083577181,0.23131009404015435,0.07093463187809364,0.3810530576979644,-0.5163032330963604,2.152304636427643,0.6822903948906135,-0.6641791365928643,0.6345697053621798,-0.3091400099453875,0.03075691831684154,-0.25249607368877763,0.10203762961609429,0.5592531263733064,-0.13253098205249933,-0.08789607533765678
1.777874907161093,1.452158435556247,-1.1580617583527686,-2.359910155226417,-0.27119686629013584,-0.38790218386620906,-1.0509697082851477,1.8396484651291183,0.5927939971544225,-1.4498279298128487,0.6302637427716811,-0.8768826335557862,-0.2441048148077088,2.0607745353154705,-1.9655457140465158,0.26014440381495363,0.17272593020385088,-0.8784813093149335,1.2992698700622236,-0.2886546022967139,-1.4779748840458589,-0.19540231428233867,0.45332352597655323,-0.6410955721554948,0.3512356369035473,-0.6304297377698781,-0.16811990670327134,-0.31890408970578443,0.25510668874720976,0.6815259487960843,0.2945969751705329
-3.2779276245878304,-0.262334322325478,-0.1604422607286485,0.26782885897662423,-1.4686507011466454,-2.3659824634366164,-0.7509961901443054,-0.3064237797428177,-0.03272540075233968,1.2136596718475907,1.3642921240907036,-1.2363089186550509,-1.0485363723315264,-0.9674599995465798,-1.0088801202900863,2.286626157191908,0.3290416785629073,1.6086600618268307,-0.7668067655792364,-0.8463595739455735,0.30657956780591006,1.4702320628179641,-0.5373419329603394,0.2889333056781806,0.06940210762742784,0.26043586967811055,-0.17759105234825426,-0.17029005085123913,0.31977472807736684,0.17491217516279264,0.06143059384835782
-0.30143926518985337,0.4321596958844094,-0.2879554580837085,0.94855492534865,-0.9386981917342868,-0.33717102120698605,-1.3320475543030956,0.08610972614888235,0.033050130067368504,-0.9016603059884667,0.1925516328949261,1.88054554528798,-0.142899899333878,0.12387646979604039,-0.6748577608554601,1.573377094842625,-0.024184281706047268,-1.224706410324903,1.3144797825560484,0.018671142899667863,-1.1038105146359058,0.678621961481393,0.2765658901114566,-0.7242196296002003,0.09817276233007058,0.509432443745597,1.2588882015414924,0.33842646667468645,0.4763431855866259,-0.25490089844816,0.13500404165160845
-1.7092834580524197,-1.8977626538559322,1.406857398491303,-2.1750310896205964,0.8695314815438835,-1.4289647398255787,-3.0829682879383853,-0.9058821643241102,-1.3771070743674145,-0.09205392016308948,-0.33296101147802093,-0.07499623542926816,0.6243813906386962,0.07982917234196855,-1.710073569859602,0.03502481294217657,0.8688880407097204,-0.34752699837976503,-0.19634785110209416,0.433758481268424,0.6033609529466636,-0.2931590053713653,-0.3521715837972853,0.25401585356706596,0.12339595310527994,0.144577896127741,0.13364183330120002,0.8959139972332674,0.593362020517246,-0.28009549823162394,0.15176540665022023
3.5428355205029405,-0.7787595265189766,-1.7006042994417248,-2.7641593611915947,1.001837946031622,2.0771295077873435,2.333931032990266,-1.1348208619564475,0.894371035523545,-0.38297076194728535,-0.713523267153636,0.18619892083311826,1.0776216095398312,-0.05233766694461941,1.3942162189584602,-0.6147524443421845,-0.2511258761508291,1.0281519329466062,0.4538024465600404,-0.9599610645146041,0.8732608854265672,-0.043538296000708604,-0.4398784401542745,-0.9187022437081841,0.24363233441113205,0.039373855517877934,-0.05190415414538595,-0.648900701608252,0.38622104681050073,-0.6815172882782584,0.13655047977707654
6.449706221135485,-0.12694264534636,-0.38887308633055195,0.490055104558765,-0.3726138579905118,2.45218787485255,-0.14302848566538623,-0.10921008270681967,1.6126062715248946,-0.2581190594067829,1.0435189821017914,1.2221536515759797,0.3920899807875916,1.81613094097151,-1.216271981566677,0.8039435157815625,-0.2614982399706993,-0.0378650892034565,-1.1495037229050111,0.9281574027613707,1.0787738161092704,-0.7987097229735707,1.7111970969221604,1.5503131963154557,0.2162466671139042,-0.32686509659337426,1.0182182362081456,0.28450864235084267,-0.15463581912167826,0.6412336003759528,0.1791698588067971
-1.8874439104075336,0.19519205043977586,3.7460585814162335,1.1505140606642752,1.8221186345470606,0.9606205121645505,-0.24427763854423007,0.5084789508329937,-0.6995516744946432,1.0315567505400587,-0.19328406312440272,-2.7623934489468924,-1.2596378693888757,1.0819343841022069,-0.3699736029626467,1.3613225302145857,-0.8037544426404576,-1.2780228794192412,1.9366125529502258,-1.1762664338680051,-0.3484812569331703,-0.5115662800168534,0.5070896138517441,-0.2870014556987583,0.3726138149912796,-0.8466282140630358,0.7675486474515818,0.7948061750849372,0.20650961513838528,-0.3605852605402611,0.014182766802849552
2.5786527454592276,0.7477034794667244,4.022469515857371,1.5441636808372572,0.15098736324138765,0.67127927153779,0.823746505241357,1.1501288639080354,1.2228265083681495,-0.7226335783161474,0.5086360985070031,0.3128277856660536,0.7267893358307969,-0.45776967977353306,-1.430205233895224,0.7266827666812767,-2.231835261535407,-0.7918332046410759,1.901465245821917,0.03911686596604584,2.063758020556529,1.0008925214757127,1.0392561202831783,0.635214596833415,0.9826277461163777,0.782745560386564,0.25760925917032507,0.5438532581210137,-0.34314238925009105,0.18453951691178663,-0.05616587686786695
0.916185561839369,0.2531702429013867,0.502732663442387,1.621123427123871,-0.5964185510229125,1.309046506002661,1.392703697407744,-0.3670109915704538,-0.8385126552711555,0.41387347560347304,0.9303186132721669,0.6945465953977236,0.36045442423693425,2.7407120794612867,0.5077225632748561,0.48286211877988916,-0.2803420446448136,-0.5578425530797539,1.151090297315546,0.059297713508436156,1.1375923135910995,-0.11744927356645438,0.08186391573964627,1.1984388382413027,0.8479796778376454,0.20919630395968147,-0.09860639286738246,0.058839229985948094,-0.40024488793889035,0.11082711903689561,0.06291250213186007
-2.8876653897460103,-0.9349504977407938,-1.9410234762051684,-1.7909572506629612,1.1277815943352274,-0.2801514001366969,0.11874343144066965,-0.252582912900573,-0.9463607677860877,1.0921697928084122,-0.2827267341661528,0.16138492336784627,-0.7191883644185929,-1.2957929460761932,-0.8598916863726853,2.0643313351473926,0.4150399470278371,0.12273029677685685,0.3798683331265967,0.21511858957328533,1.9851204012428,1.2657393043509773,-0.21299091670051193,-0.7756430909138122,-0.1990423441778279,-0.05697730035968635,-0.15072453339688965,-0.08212878705265923,0.13610456051341918,-0.22847939807000453,-0.12493832878620224
-1.3048758209384521,-1.1406576230333332,-0.5602559594673451,-0.874633311868218,1.5811048958275853,3.044181364030375,-0.6429165279885166,-0.7835818176402835,1.210320090472567,0.48382774319889954,1.7932129757466,0.6042673130003784,-0.7617058885720165,0.20072858559277282,-0.18015355188597093,-0.07688152277605612,-0.02667441235875719,0.12141018140922913,0.4935520388986932,-0.5488613719657579,-1.1513661407821962,1.550431827655951,0.5842872557930817,-0.45298814928350706,0.09460059230850132,0.2870410037084258,-0.05418545528346394,-0.8892963671544353,-0.058791397101115854,-0.07644966658068893,0.1940893372222868
-1.495523917598675,1.4517486858331812,0.16014645281086107,2.961611884345719,1.0275565611076471,-0.20357310222686248,-0.4359679639243874,-1.3185515500967246,1.0048402100889193,1.628433417796484,0.6653373220329764,0.5443115261777094,0.5256595942092307,-0.45558924861002426,0.054759213348264564,-0.841534029205607,-0.22635911424247443,0.023621165433692196,-0.2693878030467015,-0.22076510910504846,0.020519874000155678,0.6360308288336249,0.5254336231779198,-1.0493133835332642,0.5978018686075077,-0.7953944604832234,-0.09730441292046471,0.5614605992307157,-0.16798959469008848,-0.2550515144124257,-0.10425235724859826
2.043655212418893,-1.225463566161781,-0.6585565235832613,0.9119563181178382,-2.7937576044809482,-1.2937469084191928,1.0886143986053414,1.0824676600211662,1.0020564951770836,1.0147108722152944,-0.36632814940031555,0.9186992532002972,-0.2469132403534482,-0.32352282578485186,1.0294344511514681,2.217205279079871,0.08310687226559907,0.036427309290916775,2.4155733132873167,-0.22158914713173475,-0.21543546045622397,0.7235901801957642,-0.6994213978243691,-0.7595684606974739,0.26642141850565415,0.9496185962700057,0.0673007524354774,0.3223525799532163,-0.3227146910035059,0.33845118340352764,-0.14378297171340518
-1.1354373659807364,-0.8645604186018073,-1.1558444180952794,0.6486543662754138,1.1250794057204065,0.9606623452752753,-0.13979213976751612,-0.7552847339175007,-0.45796771051314217,1.2959739723816013,1.270785682263876,0.37995883664106045,0.834735393150402,1.7392425052961937,-0.7311716405682345,-0.5777484989125523,-0.12129366401383136,-2.1451678830357315,-0.6442491333609595,1.6162959602853126,-1.418200940566593,-0.5783346889332103,-0.33864201884139267,0.20859913819625744,0.17040087854835234,0.33675554458742946,-0.2477845768851665,0.5491863084836679,-0.10908422697354522,-0.1740505795773625,0.13140058585056508
0.10030706654967565,-0.27498649483151816,-0.1275354803957388,0.6854640032672665,-0.3527784878144589,3.2282519010648216,0.39060623678352374,0.27146954398444334,0.8143903906667396,0.8353504605827115,0.8630977899616754,-0.41713058774801126,0.45863506157840855,0.6444541923862703,1.4722975151916835,-0.632187638063072,1.7097792599774546,1.5216629370487953,0.8551183668932875,0.3226730051452294,-0.11030646744412012,1.712786292461727,-0.20725459785443553,0.006467098345011446,0.6557305952385526,-0.6270917236736706,-0.9591501677482597,-0.28863861913605104,0.03764067571666002,0.046901086496566304,0.034481375022064414
-0.26044491499695177,0.02148543681489918,-0.8192766629714398,0.7216238570212903,2.1846534239229998,0.7453405221914498,-0.15664453835028874,-1.5850305139662693,0.7775125817857117,0.3324677195462057,-1.5963276312740795,-0.06608593622249127,-0.3085829806260721,-0.2937616448466832,1.9135188273198604,2.1166654583883293,-0.35976101281455125,-1.01196852805427,-1.2002249500951674,2.0433388578353573,-0.36032707515448176,-1.1892010128453971,-0.08262496810617058,0.4994151684641697,0.9367514938740414,0.2174879847755645,-0.158122752549863,0.40235652285192436,-0.3092057745142339,-0.20026798750159783,-0.07155986177265027
0.6584468193301062,-0.041070884647561534,-1.8457052558379943,-0.4765465668963111,1.233448951313717,-1.6194885955078175,-0.010287290593799514,-0.3065975434168754,-1.4477088976767731,0.3499028864171701,-0.7195760538842797,-0.4150572876294374,0.2588541000784446,-0.022710557253100998,0.024635628197379168,-1.110971031430211,-0.31570066149071935,1.075331553220693,-1.0883254956387747,-1.0548110799451824,-0.22495260481898033,-0.40764362789556147,1.2582277681687004,0.14209670468813107,-0.5406159721055694,0.33142883562869446,0.01138735867599907,0.47034370381813023,-0.5338460549127176,-0.11826968417274654,-0.054578501342550254
-0.10549614534282584,1.2546718976282176,0.3285097638043767,1.3974649361798324,1.520836277814608,1.24480828214564,-0.8141969074952367,-0.38952893478541156,0.558576179030603,-1.4063671209484707,1.6178162562533016,-0.30250544522543044,-1.5987138631159044,0.2558476192177904,0.2663606204918048,0.7932636004475924,1.1070060812479572,0.667094368519599,-1.0412207135303888,-1.2651804219955105,0.7386187931531326,-0.27867117297177463,0.4406220443347003,0.5753519129748031,-0.37020129250814915,-0.776756752546908,-0.3464581964039549,0.02256389822018082,0.08311248840601491,-0.06692693369241637,0.1260599191547371
-1.1714440338023635,0.49654533873439316,-0.4612241389578805,-0.13688953601243245,-0.22191465623139786,0.15098093243548238,-0.7839760539989564,-0.30253400961410554,2.3575001102902577,-0.29634074692181506,-1.209738941119226,-0.10440759214890613,1.0083561642096768,-1.3848611187025055,-0.4957183629876277,0.3330605276677168,-0.2913030783685363,-0.8643802197930448,-0.7550608342491003,0.7741525483052271,1.7622183886582379,-1.6219552053437487,-0.1578398090222725,0.42368127502472713,-0.7118168550122687,-0.3400112774129133,0.0874084165392022,-0.26509498589380975,0.17946569009041494,-0.27151462610188126,-0.07885638763821003
-0.5750408955131725,-0.41525068783521635,-1.0992383042169773,-0.21305724043530777,1.3731576765814493,-1.3032307494552529,-1.042190846215275,-1.2162892719557654,-0.6634935373313433,-0.1088248822098408,-0.19045445628162938,-0.20123997200063823,1.0791313505214353,0.8629484890515602,-1.544408090141813,1.1961317139470824,-1.8664243851439388,-0.026518652039540246,-0.5314258256473571,-0.1545718855487983,1.9634492241418444,-0.44606816485389117,-0.29836528340277596,0.43981799208161343,-0.7125086256909012,0.38938541830693846,0.14133993315400054,0.11334737024177938,-0.07623203456294617,-0.37215014444886285,-0.5927070035907293
-1.647534081031361,-0.5031635944368349,-0.34895578024042684,1.7619558623844598,1.9397643576753054,0.8659349583029902,-1.7392744794368544,0.3942683607598614,-0.64153321370229,-1.3719764779926922,0.47224945697220516,0.6334207187202348,1.706896980734965,-0.11243769964174125,-0.10843767260718244,-1.8266579202526823,-0.6001927013417476,0.412283833847223,-0.5602739997864579,-0.9128889002550732,-0.2497941706507687,-0.8931344421358774,0.25965979252785526,0.6134680324435902,1.9614863158300024,-0.000756618956595215,-0.011731913498343051,0.22744028753191536,-0.08362762239439717,-0.19619724653727222,0.2709061110717384
0.6967371802670458,1.158146044645893,3.3256912802143543,-0.8700952766575564,-0.28726555888080296,-0.05309059071792088,-0.151383061317957,-1.5527212386672262,0.6685412352667416,0.3265144217269204,-0.7985967028388702,-1.2277776488230303,-0.41409562471342537,1.5664778894759692,-1.1415411938104063,1.314721282897218,0.10625975702326987,-0.9946414773487324,-1.951172588285872,-1.4096309899752006,0.36853379965323735,0.20469501055075867,-0.46638812317837197,-0.25655231508136017,0.33119901994103346,0.6833223410877539,-0.2168905257775337,0.5247260402042242,-0.44154593575536616,-0.14470929232241125,-0.1352948869441589
-1.6311107177891677,-0.7064302066002983,-1.1078161802512805,0.7121287273106348,1.087203454416869,-0.6105927045040921,1.6547016258777414,-1.117724975205068,0.7833877243343155,-1.9181097602737889,0.27720279529238895,-2.142561177282271,1.6364218070101333,1.1182565615601754,-0.5908016273537346,-0.0162215060456774,-0.5722930193147234,-0.5306198051102846,-0.7334905529329031,-0.400799336817041,0.8025479471472278,0.017235620461234166,-0.20396487243716377,0.8080573369221651,-0.7065575733316269,0.3831223455016524,-0.08284998911832839,0.581091951173526,-0.037260242110540145,0.015879562580338707,-0.005532167223929472
1.6730964205645893,1.767533900324919,-1.1775625539491852,-0.4083676356430897,0.351726586323288,0.9732079258093548,-0.9767166749889866,0.10859466308620447,0.9397496713276731,-0.5212105220654238,1.2232723984296852,-0.5770347341068273,-0.22412540814696943,1.2874462724191102,1.5777174773534,-0.2962275765525377,0.49856840032672695,-0.8097171841689055,-0.6560225772484194,-3.7510258841566224,-0.09102804558944284,-0.34190282895834423,0.33684567637080953,-0.23110611111208676,0.11676475812944503,-0.3455066311642826,0.3485597298342054,0.5750436039870973,-0.16182732202769737,0.32706157340698405,0.19701552733135388
1.5501145209287008,-1.5014970854203475,-0.670453545987174,-0.5394107275804867,-0.8864007372302266,0.9813241573759192,0.5268329196902968,0.1630542327747051,-0.302847931786672,-3.0799197439295427,0.8351152670556732,-0.28503523842141026,-0.9899528377691198,-0.37806181904500613,-0.17421423619788406,-0.09741648588852031,-0.1010531445184966,0.9132799475790816,1.2245151151744649,-0.24700030504233095,-1.033713686940371,-2.400153697450587,-0.23282115647318263,-0.24444288559280633,0.06046499516975045,-0.7618147958194214,-0.10454347212949265,0.11978502191893281,1.0928214223611399,-0.4189372716138153,0.35495478111040074
-0.777763068212659,-1.555709370961934,-1.641076379594956,0.3347294867087834,0.6734209061236763,0.31854404409325454,-0.5178161623824168,0.24562466273865036,0.4899386713095915,0.4147429581694208,0.5505048200802051,0.1497583515172922,0.6455268496965206,-1.3826608544787686,1.0610454295840632,1.6223120944855256,2.3450623565417144,-0.37386053915787765,1.1270402760431453,-0.6809410347390499,-0.28563727389268223,0.37052611050064105,-0.20735725472820646,1.069882716773752,-0.9189160049143472,0.5280281095251345,-0.5528294563918469,0.39662421744175436,-0.14357199730974649,0.051341558510648484,0.04591500402553245
-0.8652435841278803,-2.1390857143264985,-1.4225140284595303,-0.7544979854984698,-1.3956659626378571,2.3201422941610956,-0.5011416381497599,-0.09060014579485239,0.6130937252234321,1.320979144431364,2.415592135567104,1.0585374925861335,-0.335373917560218,-0.8352887977594092,1.523423713685916,-0.30493740923565116,0.06404691337004219,0.17159309256515176,0.05320481581914994,0.7684419450085673,0.2670078600085672,1.3008173251727007,0.3470048063165388,0.12565057324797443,-0.1339897961188251,-0.7823975961900655,-1.0502748933650823,0.0710423679411618,0.04997315745707187,0.36485700328427234,-0.05396712354141495
-2.2078908293110877,-1.4127516578376187,-0.8499518551600643,0.33692770474967,-1.4175150928526334,-1.171174742434732,-0.9335689555216559,-0.9979946328950792,-0.28134218031803787,-0.5977386936523571,-2.226935907322353,-0.41931806929912335,1.1308999603501404,-0.6046956300394722,0.7370276611772244,0.2012254086240632,-0.7890140942454967,-1.8016912124804862,0.9208085169192849,0.41052201923654913,-0.2553809191437503,-0.5107760294626935,0.33913252905721136,0.276238386498351,0.12078816038182817,-0.6590152560602093,0.4741605375151899,0.3711550578666704,0.13933553539626653,0.0826971484915051,-0.20182536386470246
3.584224372208825,0.8667400274496498,0.05946113929927361,0.5975095516558588,-1.5914042623367983,-0.9138673099184161,-0.38696255136973084,0.8585965900578462,-0.710925757506827,-0.6446373627559174,1.1945653825569003,-0.6382421146142347,-0.1365022076847324,-0.9351183574502911,0.574538359142197,-0.6125319022075805,-0.5255852575717993,-0.8303069354064453,-2.9901891355221304,0.28727188805164194,-1.1977286474237054,0.23373804282108446,-0.8666242778835331,-1.2049765651217914,-0.11212680881058977,-1.634220441537865,-0.16750621541296654,-0.06339228696753875,0.20626311605971562,-0.727504718854913,-0.20487622500186856
-0.19414556487819842,2.0031914452703807,-1.0437124606125177,-1.0236166575177073,-0.9712519193334337,0.21579250285425539,1.3818421963266194,1.0310623759689395,0.3055524608320171,-0.02865244476873234,0.7456548022873842,1.2152321340236707,-1.8319843516757643,-0.19797343414535692,-0.32921143777473744,-2.791688874219721,0.23453736952509502,-0.8131043036563304,1.857032315104683,-0.30351861795841967,0.22015099067631713,-1.3159539122947186,-0.0965670767867876,-0.35869223303386544,-0.5228518421846666,0.8185257265817801,0.1951076734228018,0.01460782633036121,-0.1201725521974745,-0.2877326704864269,-0.18750824375384645
-1.6122150141728404,0.4767487380163519,0.1506775257886007,-0.8583056216207556,-0.8522708337249226,-1.8465758540980457,1.5806386094005573,1.395111353294198,-0.7295303094860396,-1.7756407182175094,0.7621461335090072,-1.6157633447601232,-1.3112740604823514,0.5778365018127604,0.2837015371404184,1.250562045922844,-0.5470921933854422,1.4089593624718868,-0.36838490366674215,0.2929072492563046,0.77479037723749,-0.6275516139022397,0.026077351762006963,0.26732100094924915,0.18930464390147614,0.26844354962805866,-0.10586854115406938,-0.7355728179412636,0.27107814201916774,-0.05482913349500598,-0.2356634151481148
-0.39817980809660575,0.13840465758645817,-1.33584055260502,-0.6260792656769009,-1.1521357267184336,-0.5938633199442825,-1.0411269263842393,-2.035890542779511,-0.5803401392103511,0.9181633453599951,0.9486474848921613,-0.5208631796421054,1.0484378818172966,1.1705107326528241,0.3306900691055867,0.04092120268495556,0.015514206235098166,-0.6645519749437782,0.03826323575738696,-0.9610835987719422,0.3726443873358137,0.4240487204224375,0.03195576358937593,0.4539377575414253,0.1762484419588046,-0.30968382650008275,0.07690845924019288,0.48137344097305573,-0.5661576666634451,0.09358720337964432,0.17912130676110796
-1.9834897619513492,1.021011570909037,-0.30633009700832975,1.2437849955867255,-0.8786777245075691,-0.5425194855543609,1.2027578210922734,-0.22859568173276154,0.26077978623114706,-1.6793128569341524,-2.0291514538173376,0.25590070446438645,-0.055536078399795644,0.6741061699009974,0.06068470969427601,0.22334613750983576,-0.7059529575690461,0.2676300510029281,2.0858029725162157,-0.27578613613525577,-0.008601871870783496,0.09642052016718294,-0.7574241645383869,0.6067498091951565,0.10976711091369062,0.4404412149929102,0.00952376019679154,0.595134576536334,0.2993344644196734,0.16732682116011427,-0.14731318069349147
-0.8036554527136076,-0.8051250578320267,-0.6605013006226468,0.8267689346804319,-2.317526456666742,-0.7527447384160133,1.6965751906670332,1.0855392507438109,1.4911004097166947,1.438432521383862,1.0116612040329949,-0.4319846260426041,1.454813400334186,0.9141573373117668,-0.515557607266499,-0.548066983350174,-0.5569729578490945,0.7306163063273696,0.9798892054722919,0.2592473444938995,-1.0180881015232246,-0.017429461983076742,-0.8660661262258513,-0.5307816609358712,0.38959684902917674,0.4161995929412532,0.1943269235805865,0.29932269530969374,-0.027274765983367963,0.4186300583684626,-0.264770156719479
0.9290977335913592,-0.4998916495469292,0.08705535746022357,0.3725816415278635,-3.443443262970848,0.2597448286579833,0.875281599598992,0.7783906484947294,-1.5498674239076735,-0.8999346001832554,-0.6935323306074495,0.6075541093328305,-0.13556223093449987,1.8862351424173283,0.23185040293205322,-0.9636741870750182,0.1629257370471731,-0.7809776441288596,-0.24777964837402933,-0.6012393838876067,-1.2207692987192336,-1.1459815658500225,-1.6329335947442385,0.21798397233468933,0.2005698958571399,-0.64945861130157,0.4605339761682798,-0.02659560602104063,-0.7574171601046059,-0.05006838046042045,0.4484039208263368
-0.3008670440791369,0.17869093068459532,1.970496630227462,-3.178815099931479,-0.6849715208201768,1.9488852448823584,1.5655536416430693,-0.11102271597024561,-1.3025661008292069,-0.03145637743146037,0.27890373378899785,-2.041035546903277,-0.00906456089401982,2.2599368918845375,-1.904502329612542,1.0896116874230175,-0.6115619459170087,0.12850026017532537,-1.4657340916104828,0.7188580210932084,0.47241579100105524,-0.7012936385661802,1.183303344414332,-1.1674734313873498,0.3168853917840691,0.09498234574338894,-0.0652315374523384,0.8290481607366392,0.029522273587270748,0.5172632169833045,0.25582366826572894
0.5956548923323538,-1.8069845066740455,-0.7219610755390276,-0.23257411492396435,-2.5571159825168595,2.599642102571374,-1.3048411211790933,0.6663269206284018,-0.19303550732380906,-0.5444576552515423,1.2334475379514513,-0.3134472573524167,0.40385736489558954,1.2277424321681838,-0.21727706789400153,1.5977416614589608,-1.3832778493178515,0.6019650846249254,1.335780363556857,-2.071208921540843,0.85999920289618,1.332867115889109,0.1088092079403245,0.17444657255475146,0.41465126820857523,0.7932736405447616,-0.056396119281217766,0.021164366974794322,-0.8296225148529724,0.24895688449289222,0.4014399887534263
5.180825665317184,-0.07040234769504843,-0.5411350196454416,-1.78728054423649,-0.723838439011816,-1.2422117258338328,-0.53588577011009,0.2579919688843596,1.6109321000020314,-0.9726347799010057,-0.8073571881653492,0.2148448181533981,-0.8953952578472769,-1.0510713070970712,0.09769506954297325,-0.6252834592931311,0.8791761319148581,-0.7310777960813628,0.9787854932917699,-0.20853968863464284,1.1026725253905643,1.3544522888887849,1.1174821145297162,0.7513157055458933,0.09581103409108216,-0.9738413759076379,-0.16479404378263873,-1.0274312231124945,0.5580504935992955,-0.27366424032047804,-0.2876429841608398
4.25951833387032,1.5885207797556407,1.4083683982731172,-2.8901408094274648,1.3111794445028722,-0.06384615152328153,-1.0211741930012317,2.5154006159034266,0.9463353736975897,-0.03731604359383363,0.9034257989028875,-0.24081481129412682,0.9680410017422078,-0.6664430660202783,-0.4160227064181471,0.027888160059206597,-0.16845428617737793,0.7698216389373815,-0.47499582843958355,-0.6700873212585052,-1.497990194103538,-0.21517309003215315,-0.161672621286691,-0.619262254543788,0.16517828448705163,-0.7647170773973145,0.6916787072642295,0.48607574538554016,-0.4653918387809943,0.44214663619892036,-0.02918002333115363
2.7912615334845317,2.9864684185798707,-0.599644683746404,0.6158901019599959,1.5930378833952272,-1.8067294596565513,0.2795066518500764,-0.024732999285338935,0.5777150789749881,0.38383913849337525,-1.099411382195412,-0.68157513866144,1.142852982424814,-0.03197641026219776,1.632341714408846,0.9789778696714594,-0.8511351923784027,1.3956713863767412,-0.04070633483610844,0.1996290168870892,-0.4953441071522128,0.9631835924240665,0.5913814719299787,-1.3310609172929477,-0.1642627387718107,-0.7213348596252478,1.3469850490005848,0.33513214369024247,0.4289465611868493,0.7990452652421905,0.07462644509312866
-0.2630511581024135,-0.37488634107896435,-1.6019173523767367,-1.848279815088455,1.3071820583962108,-0.35959561956102803,1.3742043535839097,0.5790791269711981,0.9515634971132149,-0.051957923101505724,0.8543117315723364,-1.2079864726558474,0.32936834968861284,-1.5020427973400166,0.1436429084758477,1.1678541471482933,-0.6472330060797343,0.9416855302215598,0.32597059271974227,0.5923237259554633,-1.3480134716667664,-0.6508781973184544,-0.4885892773035426,0.6651045162366346,0.2705154015344879,0.23145223079743343,0.50615588579111,-0.30237479202662065,0.5855954238465778,0.2634962212586466,-0.44300018237272815
-3.1531528334375234,-1.9846868525848669,-1.9987469957841013,-1.2828518722577331,0.6834282646370623,0.32967001270711105,-0.33487945535931013,-0.6987890937444956,-2.4765675093180763,-0.08934515331205452,-0.258594866489901,0.6447748115866015,-1.614510832661645,-1.1836729985241352,-0.6977660421186446,0.7408482514921318,0.01304421998015918,0.07400597439576476,-0.2538399560667543,0.6458518183294254,-0.6772181299429302,0.7706524973522624,0.5477162417722169,-0.8044293381871909,-0.017089553546547506,0.003839254136039446,-0.012216821122618507,0.319950701260146,-0.0725456595567087,-0.1546041116755073,0.06688375566156488
-1.030344296799078,1.2108809612123794,-0.626914149202963,0.9331144682443164,2.7469454525314143,-0.4200234930283314,0.9206236860777138,1.6152968641269145,-0.17156282097486736,0.512560311790431,0.733485842954845,1.3621513400951806,-0.657491727134061,-0.34804314666975905,-0.862109907109264,-0.34206732968172887,0.4074199943368921,-0.5645856697620342,-0.5143930759504769,0.1022380262121915,0.3202200130399472,0.5192373510110897,-0.9001686549084436,0.3867723778707798,-0.19261603813786898,0.3306256009400057,-0.1747564395470825,-0.0038631595779039193,0.3162904221616582,-0.06557718422713368,0.17934810097911863
0.3865156637371677,0.8509010889353092,-2.0738607320067897,-1.502117180603173,-0.20733628265915852,-1.389626379065527,2.213094551292609,-0.04692786248537464,-1.5932700831659357,0.9311951152333304,0.506940972505176,0.32480212932971486,0.81130715502664,-0.7298237388480009,1.2077822194918157,1.8222736355048237,-0.3027092078913993,-0.5130305618398618,-0.4236116192881584,-0.7313599547377584,-1.3628877504461467,1.4136799789863108,-0.9675877465994429,1.2905518551126147,-0.09864415660443653,-0.601715908896614,0.5296008229758647,0.3917947702495193,-0.6107174968706239,-0.44558251053788406,-0.12318765529471223
-1.0575021687793495,1.51630763408794,0.04566102935357844,1.591493883691512,0.8831933430582344,0.03703762985376563,0.6454947200627524,1.0421276616280017,0.17353203631229833,2.2952172745075496,-0.04252289625077208,0.9766232316536485,-0.08713985368953069,0.32724241353363054,-1.523069557418873,-0.8525679559986976,0.14306869542317166,1.1236576251608505,1.2126089790747347,-0.057501201381146824,-0.40000407582526204,0.03039022871120883,-0.3097037215447597,-0.048676321884359386,-0.2599214452230356,-0.6637603875720675,0.02645284320891866,-0.010168097566999958,0.32532940148335293,0.23866422610062799,-0.10198809319667265
-3.1468363782242617,-1.1628269910911953,-1.6679114127693826,-1.1955121484827373,-0.9744073934453962,0.4002389629223462,0.0031081411126474947,0.2713035576294692,-2.6322200126063335,0.9088826896618604,0.7171583209806804,0.3330379725176576,-0.0642263995185968,-1.0247159901181897,1.1264021338740835,0.16858740295059893,-1.6419513878759362,-0.8581210997213481,-0.5439108566874423,1.074357350434393,-0.1938502383003913,0.5445563854536706,0.6744751234562131,-0.8221424029961886,-0.06579608088568313,-0.6552768405245974,0.06372475983154254,0.25770773774711137,-0.15243040338147085,-0.2120614607907991,0.15826171652151486
-2.011061752639821,-0.07745810765221105,0.2695779864839178,1.16991635928317,-1.445347931232219,-0.7543724602512252,1.24862620778363,0.8148865729884455,-0.062054404401616706,-0.08914504521666951,-0.38674343326863675,-1.02610895443637,1.886233582354919,0.4651220951311732,-1.1066955970429062,1.5020339532922848,-0.5309201454660276,-0.6686866904951858,-1.9339539900402172,0.23079430997918066,0.17242367068484057,-0.5341089541034948,0.5923921199145742,0.1909300664375467,-0.5213211912396356,0.4837414624100817,-0.9718219467619394,-0.028924456436355286,0.3543441821361645,0.08891452269061509,-0.009800417289571992
0.2952892112169303,-0.6878849094505305,-0.20840601368092282,-0.7066320823438783,-1.9849910944703055,-0.428952551893353,-0.10338600432094226,-2.3721433256853928,-1.559674870813159,-0.6118168879364752,0.4299761253864464,0.7660694030406685,0.19160820532292638,-0.346168352283737,0.8665393572385368,-1.089887366576427,-0.4123232740362419,0.05100295805841674,1.089483836102095,1.2401867007279455,-1.0761079899093493,-0.6319174804985791,-0.5783701558408088,-0.21717759363131792,0.4063061195947661,0.3450998109085842,-0.6175519750347345,-0.463188566419463,-0.05933297264373439,-0.11611337996628911,0.03364739096860172
-0.8115335124238361,0.47832575678259825,-0.9153303591697585,0.29196917525899313,2.202262392506656,0.44344951099756424,1.7905363733954334,1.0390360466851636,-1.7570585349312533,-0.3846093868155152,1.2500568371244472,0.7432183468181601,-0.5493191495329453,0.5115230610629519,-0.6993239759854862,-0.15311301283948917,1.782212262386323,-0.5996391715692475,0.3742504185074003,-0.6604056321423267,-0.6159917721728768,-0.28397226854996754,-0.31808985954123487,0.3989021283791361,0.7029168983125524,0.06822047669991282,0.015056734310470686,0.23333499305565902,0.19900460586315888,0.10496714208454325,0.03206352079830545
-0.258918484429657,1.2768559461266027,-0.8595615215967648,0.1371380593400333,0.16578651042153963,-0.4880653523123882,1.1042780497868085,-0.37787982027903494,0.2014571696005116,-0.570959817455979,-1.703415141917214,0.4364845478635304,-0.12340674579943854,0.1934796997313735,0.520167568369259,-0.8401556596705813,-0.5414261691592293,0.28316425845615467,3.0622264029304866,-0.05368340632403828,0.9473590975870764,-1.156584108239983,0.2912364678006353,-0.2552916129089244,-0.11965302786361641,-0.5784498852031064,0.6951581544743146,0.43373199685107583,0.4328332453643288,0.21405680104901748,-0.15597013461140938
-2.246531106534767,-1.763146530650958,-1.5267932494471292,-0.40847059803625807,0.8251290447595971,1.5212512667644427,1.2863035068421986,0.05338388944554038,-2.522790567047032,-0.1608612707689623,-0.5894937380700428,0.43313725221705657,1.403004840473577,0.3757023173700865,-1.1140295605732944,-0.37204990637153795,-0.8070480899903285,-0.5803156480752787,-0.6080032908707461,0.46368775463638195,0.6189525335146497,0.09338825448265885,0.1703307691461403,0.060464404274239915,-0.847701916001322,0.14488184539697546,-0.06708197496451654,0.2849405882439397,0.11099047875299772,0.2353175447718205,-0.35762326024940083
-1.2459465222373238,-0.34479974574363315,0.04797040337968191,0.4949618874301475,-1.791772528374619,-0.5582991962724695,0.00020973389933999495,-0.6775151087938278,1.5978193661120978,-1.2994039971833078,0.4200451241345878,-1.2519715743025408,-1.0048269074066272,2.240139268018331,-2.562620671541442,-1.1283103600344064,-1.1139901801859045,2.0280486458576275,1.1731712414334174,-1.8668692828634397,-0.5795226970030134,-0.26847896908481517,0.46095199635400813,-0.33038106865947314,0.5159291473752086,0.3192764172376733,0.5400768778983434,0.0047307522276275205,0.05341382763376657,-0.13288280439506417,-0.2455045030577078
-1.4000856250730254,0.7674751528349856,2.5028665842192024,-1.4177195679885863,0.9676310772669287,-1.3068306950180206,1.6980598200810326,1.2708429575870799,0.2238292345106444,0.754807624380798,0.06929985803196298,-1.056974050837701,0.8985718914332107,-2.153599212394365,-0.4128488191483916,1.132279503298376,-0.8920900581544767,-0.6930747662232438,-0.42474595216505345,0.6976156090453354,-0.10055219910939396,-0.8894113712152739,2.2926796793801754,-0.8482332105429844,0.026369640624627922,-0.4953725215528063,0.3828933684110275,0.23706563020506144,-0.4176536646311502,-0.7637752124267753,0.0640431460153233
5.176615199367086,-0.05248603290417332,0.5211784587968397,0.09511619543827461,0.6505995656215966,-0.4564077328491091,0.7459821285582193,0.7627376547385881,-1.531195167987306,0.46983007409979727,1.260293741963289,0.6484118731162047,0.505431691921539,-0.025535896290151912,0.47456035940027674,1.2065196632317075,-2.0554434575878178,0.7683622057698631,1.6210580259121288,0.42202739992345617,-0.2578555507753515,0.3305321392619999,-0.49731945869822397,-0.40761390512086804,0.6483398234833456,-0.8064460622664281,2.160369867082159,-1.0514963407083775,0.39831498622000955,-0.09677164651346504,-0.3023637712844435
-1.4554293831041683,-0.9543145536749965,-0.764070734185932,1.653693547242788,1.67202646514876,-0.0829062405490233,-2.3378266011875444,1.5006663542219487,1.666200552736057,-1.0824985238104101,0.2887443822750531,-0.36475615480571116,0.25205921951298904,-0.8146109720304294,-0.0639992148317218,0.33866789288288474,-0.7479326986134631,-0.646749067220075,-0.5847979255555711,-0.04640538095790879,-0.045434489832490994,-0.05531491145060585,-0.5847205288312232,0.13910881460232222,0.9848156273537048,0.1426324816085335,0.026839967859885235,0.40283649224004897,0.1312473276123286,-0.04456138302122074,0.2585413072051986
-0.5969497102465253,0.3633375359413464,-1.4689377305012061,0.18213460890361416,1.6701182529445795,-0.829340484103317,0.5514376842746667,-1.0229935866621236,0.35771101690117574,0.08941112307317566,1.1247927329061918,0.5752081654566048,0.23823112002861666,0.6535546882784278,-0.11047731046584502,-0.5466757106355841,1.6758071729939081,1.535112100428427,1.2261555913668283,0.7448618794788613,-0.3909935391018916,1.0379374434588484,-1.1646147034383196,0.14299571217366125,-0.1290397157101194,0.20127575259507377,0.023266361504843788,0.3463278047426383,-0.22178852593905704,-0.1783190310704969,-0.4692680033688264
-1.2817806206619518,1.0502246627090739,0.478293298101529,0.24207767655126006,-0.6854986457663828,-0.006125963670081719,0.8622624036160814,0.5957814137026755,-0.9664268018472764,-1.0923237726418134,0.4837539709909932,2.048659131828549,-0.23911982666629839,-0.9382352405951575,-1.5368977589424226,0.32794722523298747,1.7382398838437767,-0.9716673245922621,0.39641200766588625,-0.8208323831321173,0.4331071526881015,-0.16871794028991002,-0.3623757973066477,0.06580307507227678,0.0630207938788636,0.513514091872508,0.38970130341377646,-0.6719789256862987,0.3590204870847469,-0.11809731608377563,-0.18320974207698343
-1.4818592017091947,0.5501221010605817,-0.8200642792818175,0.4666944171655503,0.09012860409603682,-0.4485552480039043,2.175231957279161,0.06089301076228032,1.4720951454555697,-1.9265678922728304,-0.6425133188652848,0.630354153970184,-0.6525059966692974,0.13239312648025625,1.007276597854442,0.21130742429361427,0.42841101403472115,2.8954537456920035,-0.8456338435439192,-0.7019190674736596,-0.43095610575887583,-1.1282521411805424,0.18920952157165624,0.4608577704503278,-0.8874613047922573,-0.3332993709122744,-0.09561912581865561,0.3858733310758998,-0.1334354216640585,-0.1842344316663695,0.042230954546897057
0.5709795439578907,1.3024876080004453,0.23064373521385512,2.311378221830886,-0.09404223475047935,-0.04354362030847958,-0.26094811976408117,-0.39100085927823613,-0.25724616511903614,2.8144580043055347,0.009376747447172132,0.08057214329349553,-0.8777318102470404,1.097485821515025,-0.533740916289032,0.7926902370205025,-1.0294961062526664,1.4357233191987053,1.0793013869864345,-0.3074276311264349,-0.28763477825141776,-0.16468374560756177,-0.5743190085955799,-1.09099750424253,0.011806629256955562,0.4443806832709424,0.042439615921236934,0.4495225565594243,-0.3198424274327968,0.05793061862386791,0.24676350242999096
2.211187281453273,-2.1694718160956006,0.7058395232678591,1.5951746161384732,1.3772177296433077,-0.8646532015861983,-0.2246884713121054,-0.9792092142680245,-2.049716351733134,-1.2972321896669412,-0.8403511060018867,0.3108578510476739,0.9441378769225325,-0.13883297808846945,1.554502687009981,-0.8889325094273224,-0.7802847723879182,-0.012587748407211236,-0.9804832433936282,-0.33549736374415334,1.3706503033305804,0.32056852187895674,0.32017644538734646,1.1765477048124584,-0.8531240900256646,0.25880241669483983,-0.5917727155631585,-0.9173063919780603,-0.15627888398574855,0.1934603497767838,-0.08348645346195806
1.8867404392489433,0.06162081257996501,-1.5058065468775712,-0.20518220199470905,2.0256470083063443,1.1960149624556395,0.15900915106248228,-0.9252295601299911,-1.8388555683010621,-0.04861219215795395,-0.905094134460635,1.3696865519217807,1.1656549235181444,1.1437548127442945,0.6861340447180351,0.6694173367572116,-2.1841634614626133,0.06793946488579139,0.32156728095780635,0.28863932787172025,1.3684080083879684,0.8344843203873176,0.9763414550320385,-1.1399005183593736,-0.9409245520097527,0.29410828983737136,0.5476005072281513,0.591516971626661,0.33917287174152205,1.1600654262351706,0.0008112559648436485
-2.178585881697541,-0.380436368187605,2.042959625991221,-3.6357928905729824,-0.8015628994037112,1.7319435939328038,-0.2517137769106967,0.2460493673623379,-1.746397608371948,1.51743430969129,-0.12579283179760295,0.127554439835518,-0.6866565636583751,-1.746633962583045,-0.7823746173852588,1.319212392182598,-2.0513633976477075,0.6237979658649977,-1.2557149001375718,-1.0404701121036166,-0.6948446604254673,-0.3644848714478481,0.7909617173342472,-0.49345979386268857,0.39631621175028187,0.3631956440332025,-0.0695429824179024,0.17531660359686102,0.33006339898631465,0.3051200537983773,-0.25260236193169194
0.9266408717348137,-1.0382133926688222,-1.2113841606250995,-0.08814053219021506,-1.1802810059696363,0.38552780672662157,2.5677849900211513,-0.03487848529016554,0.8210701179055679,-0.6321778635392972,0.5251080605178432,1.076536668362408,-1.0505991048518264,-0.24012000218975924,-1.821392677482586,1.7380169825035512,-0.895010904318363,1.3952950300670128,-1.4773476749581487,-0.6991363182441794,-0.2244323326408563,2.4443036322080873,-0.3263886268207356,-0.8525146934768331,0.006140628944915165,-0.3338883297919085,0.3097955448383012,0.3773651728948325,-0.5645557523559945,-0.009153091256710544,0.4945508066764264
2.060533556124304,1.6923962385789155,0.8391466003908353,-0.04911250699951309,-0.2899562885544659,2.195511690059001,-0.016521764851284017,1.2664998210768244,-1.0701150865373874,-0.027948141155899456,-0.16032560228938378,-0.8621080976952439,0.7238573834792805,1.3643120936848963,-0.48837574316134663,1.303656662066581,0.5677804403731028,0.216938506399132,-0.11698415266863915,0.9179866069409105,-1.758027094704392,-2.022840120669554,-0.5568037605060103,0.03232641270100403,-0.4032100614441675,0.9643423491024063,-0.04334210378099754,-0.876820292181543,-0.06751474017067255,0.9151699554052908,-0.09491659584491956
-1.7941877437022093,2.137081247968425,0.12128812287520774,-1.0441320488469232,-2.341239883430896,-1.284836304124033,0.6586030922313665,1.9349392370836256,2.2124423988664303,0.5823842420222578,1.763215531771489,-1.0913493734087447,-0.3541445540540805,-0.026549501371264654,-1.1669582683703543,0.12371426355279731,-0.554149964869795,-0.0007982396559406931,0.5986313206489279,0.6865832013520655,1.781749151505121,0.24119135130805114,-0.9340294636920903,0.16723628030427026,0.05725138468123981,-0.6691886332374419,-0.05446300115711332,-0.7927700127024158,0.46857763046852197,-0.10059958014814374,0.1051699371393959
-1.8893491325452905,1.1471511866973692,-0.6541887231701848,-0.3637598493286828,-0.7799092663282617,2.8747906391796896,0.37723676955945495,-1.8415643537461186,0.1315284556980645,-0.7267470437616245,0.2619424792898786,-0.47583473793674363,0.18191309230755792,-1.1644598161888788,-0.6988825330752406,-0.7738701171921873,0.12515419023091756,1.9703238965985233,1.4137266464967955,-0.29949606288664254,1.145438002113256,0.7374555266569924,-0.7177240447487754,0.1538678168094598,0.11925650282971165,0.37389194964417943,0.05517287083448371,0.07596985239018732,-0.04693517718785497,0.2215987335698186,-0.22308775481580811
-0.04228790174450059,1.8136449321483736,0.2970221034125016,-0.16010729498386428,1.0664743186639323,0.20848217395084068,-1.0952348186465275,0.7781551392106052,1.3920356465801405,0.626641687754423,-1.1279265929189053,-1.7519766375914463,-0.3934410652732873,1.8400690237449742,2.970716230517641,1.2350563775702281,-0.6663603931050607,0.2380831724906831,-0.35667512186841765,0.8228487562110126,0.03159395345575615,-0.5415172671826752,0.016141366829303748,0.5983518129910048,0.9242019798320698,-0.4848219919365525,-0.2996945206699657,-0.7875855761983119,-0.3653446001767011,-0.44068110261533056,0.1906008339351233
-0.1123630359561465,1.8536236743869496,-0.7014801194616598,1.6496670329224514,3.136070307216984,0.047637498464455696,0.9164973512795783,1.1444624291243777,-0.7324129912317262,-0.002086951278076587,0.7792841123773452,0.04897116792450349,0.8038148101594437,1.0995936522834315,-1.684088725085095,-0.3042180265453874,-0.08644136694567618,1.1952335896316473,-0.3967764145809002,0.7491087972641254,0.17195779413932996,-0.4313921829653262,1.1130646884693016,-0.13039851102977998,0.82453252342086,0.01402435877427415,-0.18840191883188392,0.6467364216731509,-0.03782423198643743,0.2533408741729758,0.05014473404496725
-2.0921984658532984,0.755060873630667,0.09594184499117384,-0.2273927328765981,-2.5859736866249947,1.2188748512269765,1.2646368377883241,0.4276611857289195,1.0482889674850455,-0.18079424512283657,-1.7457296765078465,0.6034809303758426,-1.3485456610275366,-0.11751487622601266,1.108966598582231,0.9600434299108026,-2.1058047535111903,-1.4453781758370503,1.3172343793198167,0.5546356466992264,-1.156643802472601,1.7071335379167254,0.7917746859620336,-0.8794174147265834,-0.8031450786597054,-0.3093824924852373,0.1695819037981679,-0.4921349874109466,-0.5402845772919521,-0.12970976089503403,0.02008251962286948
2.1861689396828603,-0.15648892019666866,-0.3635778724034883,1.67057966114976,-0.27522891469604777,-0.2597341686904507,-2.4408364407436363,0.4921723475022488,-1.9193119191996606,1.8945668701763252,-0.023496679563529584,-1.5915298741983763,0.1731883674022404,0.38159223440228707,-0.9438779647048701,-1.4416089349558332,0.3929221486010021,0.5977120733999037,-0.11141448131971399,-1.2974320343707253,0.37080241078591447,-0.3090148202315713,-0.2963440958728377,-0.2824254314946418,-0.8927020945354329,-0.5642052163641071,0.16954639785292994,0.28504771860468336,-0.9317718418120605,0.303005565999534,-0.49164190138999325
-0.9194014004071269,-1.632963936243371,-0.821505290473221,-0.6107268798075656,0.4459700689668011,-1.637785119664013,0.2261829598906337,1.269965231271587,0.7071219067858036,1.1859583277541075,0.5457455477555939,-0.8532867979801968,1.3282441168425345,0.43876409476166617,-0.6723409624096297,-0.9668890405422123,0.8285223736650318,0.7971229353090676,-0.3495044156969647,0.6843131388900199,-1.2769913722787916,0.5404277826485832,-0.43666630218859465,0.13527085405950523,0.3095241668339642,0.10013678387202389,0.23217647236082556,-0.8049444259628978,0.05971773882062558,0.00202576662211101,-0.3306147934807693
-1.257728370374634,0.46926788972818,-0.3771704637591826,-0.26151520278654283,-1.636859712821534,-1.4017555914674107,0.1846135511273529,-1.2295004397420908,-0.30841866548015856,1.390904217184598,-1.0251547774979592,-1.5792610462274688,-1.0083094088040228,-0.9989481664884059,-0.9222460735642676,0.8532911299682471,1.759235589419868,1.0359028457191852,-0.6890379936636849,-0.39564472025113984,0.33471199650137157,-0.7300711823350087,0.3647750460000825,-0.5722397639473147,0.3085561152269611,0.2957300550449668,-0.11084845577696839,-0.04887601210897075,-0.06331705936441144,-0.27441327352320566,-0.20892563108306833
4.478833050281216,0.40306638746397266,-1.7272454002447697,-1.2951862351460237,-0.9311298683957789,-0.8374138495685801,-0.3249961840839073,0.10318327267747493,0.7364354557594097,-0.40501044178217,0.26870361893081096,1.3820160204106229,0.8023755571387667,1.0759880689241708,-0.4951160235918578,-2.465185492574388,-0.6258351144243774,0.2947997502661436,0.08748795959273546,-0.8636385381895338,0.27485216821652303,0.29689587092617403,0.8147227598030612,0.23271930454078263,0.364569560097185,-0.8509756472457792,0.1171540555661419,0.36918374146807936,-0.2929893249542361,1.3253536894206572,-0.253973285859867
0.21584305632971632,2.5187117119303077,-0.1329418426104934,-0.2051511980143555,-0.6076933765403039,0.14763801633373808,1.342805465210705,-0.21404161843936312,0.7773448784710763,-1.3847541086093236,-0.5648062010143589,-0.26655314065745445,-0.041842652780230284,1.9111898133392742,-1.0473926031866183,0.468908923474578,-1.412992837405225,0.986045310568784,2.2182085202899033,0.7808189278560232,-1.780966245934109,-0.2012290647784216,0.9991289129530094,-0.2722373876446758,0.5280492946704709,0.8200377681293581,-0.060305092876574914,0.06891231933324184,0.2708110514919302,0.5741678232803187,-0.06937242288866656
-1.5196999553371826,0.9703386398524962,-0.01806296036327325,1.4076537181097255,0.5168765346813273,-1.2204098367145264,0.034693164736481694,0.495286324653611,0.2639174091315307,0.780256691253169,-1.168857518370409,0.7991486735033143,0.7106424948618415,-0.07525188959140795,0.460445629752918,0.6490960937391423,-0.20332521558002767,0.2523578952953428,0.03010558620083929,0.47102229388784905,0.13639882696103034,-0.08972157451825469,1.0290753879800196,-0.4802419541923729,-1.0213958618149863,-0.42878564746589737,-0.29023288938978276,-0.0564609888466841,0.06339014184032761,0.07039463711631852,0.002074067534336514
-1.2999131934839514,-0.13374537177251902,-0.8960337339487753,-0.2697457230702166,-0.7535581326895379,-0.5802316018178455,-0.03790845113655908,-0.6335658688826297,1.3733134526715978,-0.4499380425365781,1.1701545456973323,-0.4407744735945297,-0.4067934996896127,1.239892915545542,-0.5094929523623748,-1.2662622280577052,0.7790022585485165,-0.32613663392002756,-1.5506662589549094,1.3665551067909532,-0.4143689224911966,-0.7290893391895807,1.0432155452599388,-0.3997487843313047,0.17370783635540943,-0.7446323224150069,-0.1114290174262681,0.20605921905409094,-0.21864985481753965,-0.4513295603981848,-0.20785754714689755
-1.2409460992620178,-0.6828829951987309,-0.32314928811686544,1.3666416820464047,1.5938567994107542,-0.2874697357732805,-0.351667691013274,0.3889336285509626,-0.750979563207799,1.030666269871393,0.24003431457016688,1.4681057367616874,0.4600146572569604,1.3501395160140215,-1.176070549941314,-1.0395117513851553,-0.23115330599766679,0.19513137583201381,-0.5692820237602776,-1.1915459947136855,-1.0415684551207316,-0.07127344246485479,0.1582831246744917,-0.22664427079683494,1.014217407139057,0.13307745263781434,0.04813949813179141,0.00404151097136171,-0.04769491927228326,-0.14482130634011642,0.196796689836155
1.4400445917806082,-2.5272833080426746,-0.45106826355261853,-0.3671411053409379,-0.009283512455787672,-0.548936888323316,0.03924491554621055,1.540274806043144,0.8217474972397159,1.0060798515041491,-1.2432067119605803,0.0057074231777414185,-0.02647862430558173,0.3012013067996665,-2.2308725472369035,0.024002151110307176,1.3594013575034944,-0.3500011042295922,0.8323349903647176,2.3024470531884265,-0.875116540518215,-1.1649992930504214,-0.8208095334458508,-0.4864439035663275,0.3555185317700597,0.1321824410570931,-0.572417881161038,-0.8559710244740747,0.04212819889214138,0.42367783177712937,0.15711825389053674
-1.5250138715917594,0.8696347842605188,-0.3013315165878325,0.7352875696965588,2.15322633470071,0.00892409962354041,0.5614224284484332,-0.4430793288163592,1.56987704091314,-0.7348784074748433,-0.6275931798308578,-0.7149448566019968,1.0117386511609847,0.4632507218601766,-1.6169664374732347,0.04223785092692972,1.7408618202341168,-1.6454161358141488,-0.13688881200919653,0.10147494477435576,2.234006740716087,0.39869649414485425,-0.5451695964278883,0.8716258228249293,0.8249799930638659,0.013510764664018274,-0.3443418106356929,-0.21175771528301748,-0.08835529283385271,-0.3754464323634221,0.13249411941501163
0.8915884795587737,-1.473814558167539,-0.12301916550617492,0.5813385591379359,-2.1676324558141493,-0.7993756184587837,0.5546529118307316,-0.45980654920860725,-0.06583593699756272,-0.14966318307769982,0.5201980599318954,-1.217509942118359,-0.9681914071201944,-0.3625969911689316,0.27926721543133004,0.9469980465219973,-1.2004902292159987,-0.009247215305571332,1.4025265952778256,-0.4594187167402629,0.7718197444165467,-0.736082727046523,0.8057036857309917,-0.47400453839343015,0.2970597604054893,0.3981375082238554,0.22375283674432325,0.04648589045412409,-0.1271413382455452,0.10799709634183839,-0.325162341950228
-1.0275964953130705,1.3182686673517547,-1.689829119230791,-0.7372981188129291,2.127795682541598,-1.0779045418181255,1.9759871664487634,-0.9131041766862362,-0.9843971635251374,0.08330404340690324,-0.25049499725371993,0.11634673285112182,-1.7033125078183589,-1.646323907232996,0.412670636635786,-0.5405544367741747,0.25359167270322386,0.5388574513495488,1.0928810094389936,-1.0184469294427636,0.021389034241526387,-0.04078750379716678,-0.06259991925344673,0.3422704543932124,-0.03781884255284399,0.3586886932094376,0.042735219124803214,0.4107189090091565,0.13276500789446186,-0.0765925062086197,0.18713783785943186
-2.8211704534996205,0.9077047217052976,0.5139886927515801,2.4031942193513025,0.8187548779733876,0.03008469577809409,-0.3465427954714348,-0.6392574881862033,0.4595026099361946,0.24186765836199453,-1.6843892341048428,0.07823920930666514,-1.3533023919694775,1.0929113747195476,-0.9968149965864334,-0.5539409791076866,-0.28297099510656976,0.3914529357778586,0.9029774107686215,-1.797699318604539,-0.9573171914410127,0.3032579600391537,0.3530450595119219,0.1347734105362617,-0.2007038983433958,-0.6232281422429641,0.1010031397692835,0.19479693054675287,0.02882322197914451,-0.2290349712343915,0.15960494282145885
1.4555530147372535,-0.7012867630504585,3.508879342259832,-0.5128471440899969,0.3323452667620526,-0.6027835194172968,2.0881965068167005,-0.921826150280844,0.42274707068400896,-1.5105153501302395,-0.0958790586900201,1.1805429047084255,2.0506431023037073,-0.33463924058033523,-0.36909016452219323,-0.40229498678704545,0.30500768503108344,0.44267848927258224,0.41482003441069176,-1.6447241974839788,0.6628101464380731,-0.9902647819202476,1.3383713178887477,-1.5251368429868972,0.02260434895911643,-0.5366085535094197,0.49366893020681435,-0.17265202644798486,-0.6039901489604385,-0.3856565404485078,0.23212345890385908
2.6991819532183903,2.7350339251476408,0.38430140500106946,1.0320555714673625,0.07461830436217153,-0.3158614600515458,-0.4681402134980573,-0.07691981607673841,-0.26124521060742023,-0.5494469562063663,0.20908384309766595,0.6191863111541783,-0.2731322516457346,0.5948745049668067,-0.285123112972877,-0.6539357943561247,-1.019440627602459,0.46354000032765463,-1.8819358792582483,1.5427317696974636,-0.5974940911445888,-0.2746196828993184,-0.12203265541492488,-1.2669125469862017,0.3837062704466242,0.6647657177711513,-0.09370646118971768,0.11189223017363982,0.28951531143767856,1.0924263291681588,-0.09497743714179445
3.4597567341609263,1.1398220276154916,0.11899682191301675,1.3154697241355238,0.7216994208635856,0.824188418776327,1.0498977558150482,0.10336871312395027,0.019549767939246447,1.0601404050067347,-1.101067744073476,-1.3618865894498773,-0.1942901015414342,0.21796580674167865,-0.6102722521795695,-1.663361689470199,-0.135363978085989,-0.6699271192284054,0.08389698953870564,-0.2055510924202463,0.14684160639244148,0.5516721872484068,-1.61303814132006,1.1570350070430373,-0.14181806420075602,-0.7969476120273351,-0.03951250873623219,-0.2315857893156875,-0.5172482003152834,-0.4139526808972496,-0.265199130543999
-2.346274578688415,-1.0645344365678948,-0.8435508368256927,0.20786906508888076,1.6296136851197132,-0.042643620060359946,0.9267339378095436,0.653026770264138,0.5249207352061565,1.2777637394566188,-2.3378073273186657,-1.6075893090904083,-0.17101827803138292,0.1680437726025549,-0.4963711229548439,1.098775028619667,-1.7827509356610312,1.492148000442486,0.9655475488948774,1.035206604636176,0.2705157766312522,1.2874641492496226,0.03726115189768874,-0.9364871025203535,-0.07160859296491304,-0.13613041954431798,-0.09750636516660581,-0.21047226148223133,0.22064366628025536,0.13636935107269516,-0.12096802543931069
-1.7608111571546938,-1.494672388262117,-2.2393273176931916,-1.4487200495261072,0.5699059396629156,0.9613507976595855,1.163050412687212,0.6358060624657573,-1.816975193319649,-1.2117860048709592,-0.27659593335822347,-0.5031021239883141,-1.9221008519497347,0.9424854693694485,0.2426345406681665,-2.335514131982522,-0.9513815004113216,0.16228347158009274,1.1072843499438658,-2.108534879016094,0.3679948588290827,0.66397384897643,-0.8066645983709511,-0.08110417624116875,0.04041090911284307,0.19116113776314894,0.7777480358379361,0.5492821328911773,0.27279485629654704,-0.34641173655879215,0.04949224507610732
1.7901076713391324,-4.485480257598763,1.940992642837652,-2.340866969789692,0.45824705391134496,2.382115835102018,0.8518408209390801,0.9936556932734655,0.09172557305537311,0.82804307929434,-0.7551487237955411,0.5801540707833119,-1.0995090003472674,-0.24655600306622777,1.9440071581464136,1.2111229950284574,-1.0810507247619934,-0.9311705835927405,-0.6862661669812088,1.167500069534216,-0.25879371308462457,0.10470582947940353,0.8628826954530516,0.36017253706351715,0.12213621684914733,0.22049860961198345,-0.4354667870561995,0.10089432636900607,0.11392508713401611,0.47688151268469503,0.15488133237605722
-2.8050759642454697,-0.6120747168155316,-0.7670542364147067,0.958736241130868,1.5245909504172592,-1.0162721754112432,-0.6428756696447384,-0.10496380032296836,-0.4825954769878425,-0.6226449931189024,0.7805539409344507,0.4523821656597975,1.8817783710088412,0.8058175686620018,-0.9511427482162526,-0.04003630982430135,0.6948434089515105,0.005149040040285605,-0.5479008399937925,-0.5569114219438973,0.9740208474108217,-0.2619515805720128,1.01060311174158,-0.16849984250892888,0.02693752275899672,0.08271174746061707,-0.1257457034010541,0.17157425307662988,-0.05642650201556163,-0.3664182180867688,-0.09481142962888986
-3.150169270183165,-0.047124797291241784,-1.4871740233850066,-0.9064580983907047,-1.8777441269775654,2.585474073153592,1.0783987893232134,0.13370619926963626,0.015775518391538755,0.6861189474350589,-0.286503404452947,-0.5816245205751567,0.5954870554140034,0.015891389611901445,-0.4648547901495345,-0.6168865306624713,-0.30349348091624756,1.1356035232658703,0.20711036772266395,-1.1339553514174134,-0.7975939085839984,0.4222917641930602,-0.5294035628651449,0.3513521167020506,0.3639535358173751,0.37796293819525406,0.15419670636594315,0.5005875840184674,0.08770547309749982,0.21429000325799674,-0.1383504072125587
-3.012873892620685,-0.9127476033784444,-0.6269203226889447,1.0997295102796512,1.5142430920203875,-0.45408966670450684,-0.07608933020784764,-0.6305786156111216,0.4874054043583728,1.390625728511219,0.6452668297863247,-0.4673136751519501,-0.5589086299673094,-0.4965622221515269,-1.6529121944213196,0.7304505317765152,0.5584996260493763,-1.450515115571729,-0.7934369205993667,-1.9606400864256806,-0.16396389720025967,0.5865602540248543,0.23199812306838308,0.13366159805696562,-0.0620258452954491,0.04201787272176524,-0.07522925672265883,0.2175268547446378,0.3178444736275758,-0.03157953412761463,-0.06235309354407009
0.09651418937788636,1.0086368851631153,-0.46587062533027235,-1.931962993258484,-0.41055470196034893,0.2881308761108389,-0.7943925308011192,-0.30427938073559346,0.926010851750032,-1.207865908195027,-0.4521711832775398,-1.44162438820449,1.0353777144703111,0.3628462712332553,-1.5872649531864471,0.15931162868573134,-0.8386002682838802,1.1196693301236869,0.6407004665189758,-1.2705013152666222,0.33834846437718114,-1.1680797530463474,0.11590850622132345,1.00823550943919,0.5014339124578272,-0.34554682681467624,0.032466861144197404,-0.8230272979167813,-0.21992781680861248,0.19461721981903074,0.13528195518342687
0.19767663239903197,-0.3582444616836858,0.013980374428062855,1.8559096983023562,2.2042560377305316,0.15065178274257668,-0.4248639380371916,-0.5054861279674652,-0.4982122823087583,0.11036187944658793,0.8440930734779764,-0.9776263671234395,0.5946601552002869,0.9940733961080923,-0.33378557544119236,0.40889157943306526,0.7212408385346811,-0.15086253139481806,-0.506382212467167,2.003310778214781,-0.5406982005231629,0.09326354356456823,-0.8152997402275887,-0.351373559492527,-0.18705840548951674,0.13477604480814964,0.42849609576698244,0.042431113009247595,0.3527411086971535,-0.10625649903947913,-0.4163887678374904
-1.4907895997024458,0.7988716191603145,3.8324082725839026,0.5669736138211738,-1.5338542747999082,-0.9109120530963846,-0.6306906344930521,0.04638826975528362,-1.4793160827931975,0.307249872675566,0.46009248000205605,2.1387538919003566,1.2694530622656215,-0.08718993153408579,0.6412212210046395,0.21545935756193535,-0.8729345496656492,0.6606758363111517,-0.8870915133455309,0.17140061348998076,0.07211666608592583,0.2527847893430288,0.3169003577192735,-0.19700491578742405,-1.029244209800044,-0.27931428586373197,-0.09255946300437101,0.49813361088066854,0.0413225770237303,0.06616879107876149,0.07300827290854545
-0.6358644101068129,1.439092602508327,-0.053686629674811595,-0.475924765697689,-1.2184160330538552,0.013064365644128112,-1.51287500926066,-0.683358069220625,1.2082227847580134,-0.6298604838381013,0.35480401793843847,1.79878423909609,0.05988577828642492,-0.01591674582849109,0.44264211447308155,0.09781070534369463,-0.31111034740764665,1.0154948601765215,-1.753520076989934,0.6612465432091394,-1.1762284775925276,-0.8429579985154847,1.5810701008550294,-0.29797878105710557,-0.08231722098319928,1.3800834047900798,-0.0871273959024493,-0.6048425595030535,-0.7730352926713144,-0.6976931660064962,0.2755233978169972
-1.0957900392291589,1.3513289454854955,-1.076179657347509,-0.1092181191697966,-0.9184358019101428,-1.1405377818274944,1.8075429137833394,1.3624029717557413,-0.6482157043175264,0.09804726683347366,-1.018935606532927,-0.9522002717480901,-1.720349164881323,-1.598820681328272,0.35433349968879635,0.632700855476174,0.18965535295574484,-0.18825372477286123,0.4896763802494781,1.2763979768583837,0.4327587552617346,-0.6099359547901075,-1.0367322180697847,0.5371104917209357,-0.8110948349597726,0.6544480137338141,0.33529294089899664,0.4748560375872158,0.19958393131248697,-0.1902534612023505,-0.25197323527131904
-0.32016542004289184,-0.08355649417657697,-0.7010835628795765,-0.606747001442511,1.901656313902968,0.42223502944006064,-0.2784660876817953,0.8418770520765883,0.5841687591972707,-0.47403534706318085,1.7688935190833959,-0.7164866262140863,-0.343044524501452,-0.28803647559005663,1.094577029689397,-0.6390250203636406,0.7192895299724968,0.8388574740328637,0.9416890413993343,-0.44139573277956845,-0.1215446509268745,-1.008326493585487,0.3790833302859132,0.05101424873602267,0.1318586839805381,0.39380117517103,0.3488758062247652,-0.6104539442532623,0.08347625431120309,-0.12184378578297878,0.18869342401108766
-2.810297844318875,0.4857744721033541,-1.5823132638693498,-1.2479523500880063,-2.032992586901225,1.2421680593414313,-0.14595579734217792,0.22231197988643264,-1.0355866244225878,0.6771686058828521,-2.280781176308611,0.7035672309477381,-0.4156412385870039,-0.3869815383767073,-1.30153095416394,-1.897148824469557,0.04908929389617359,-1.1668370008927302,0.02727427570570791,-0.7344892104494195,0.8838959519730802,0.44013339817140257,-0.48002524681118247,-0.22526068974340255,0.3561654203025462,0.31819402370394345,0.12592939062685712,0.5229572506596357,0.27776702163178685,0.2958370995457759,-0.06500471905703323
-2.8362708454954673,0.970019706534686,0.13880767358480758,1.2930391751183712,0.44371223817516725,0.18206818847390166,0.693274182556878,-1.7157419112433285,0.14969861828407546,-1.7322201469883243,-0.8782469477957353,-1.0847591253513478,0.2463342561747154,-1.27286758410267,-0.9646118571639087,-0.8817036598417216,0.3250529233506279,-0.4814722038815813,0.7208030919005083,1.7136582193774264,-1.541652507458131,-0.011891969123050463,0.16121422066304855,0.45810041570918053,-0.9315148926113271,-0.42290094985411847,0.06887339508737285,-0.04069441447736559,0.001271464668955185,-0.136454412251472,0.19197193117522912
-1.4632944074994139,-1.7723047298515335,-1.2382511243738432,-0.11243121634817951,0.17666204086426326,-1.6206625276146125,0.41282918279221836,-0.3419206346735505,-0.38772266169975905,1.6370502393862012,-0.22572436916424649,-0.7377722336832357,0.5410142141143114,-0.7544671092457753,0.07331806370481372,-1.325992689180654,0.7764789309710075,0.06333730741184138,-1.7670248555377774,-0.5462475485321776,-0.7696191389248219,0.07220112559860231,-0.16138228565813484,0.2792342971368488,0.3145485600956289,0.19622648479679183,-0.10362301391195777,0.006357783281087626,0.029078393612685223,0.05907996356666468,0.15146082130856486
-0.5423859584057446,0.8713714053957015,3.0208643952642467,-2.191279219919061,0.046005837269526895,-0.6019385281033863,-0.931273610631436,2.222627277746883,-2.1053412282934136,-0.012029077030243267,0.952462541927237,1.090466776644589,0.008472912160672644,-0.06334652783872721,-0.5409260034046228,-1.1202751546647425,-0.5803607498908245,-0.5325409830213175,0.3171308775602942,-0.3436091022200207,-0.05380210811419414,-0.8613987199502091,0.9264931179851355,-0.22507265831193465,0.30403256526871525,0.45151687091256504,-0.054462479315022946,-0.33931276799745586,-0.23974455786198592,-0.31758893850098247,0.21149059457758565
-2.02691326870464,0.883590191961182,0.6727183885944649,2.6095192052559524,-0.4020750677816611,-0.29543090480367756,0.059599190048346774,0.680663480992869,-0.46156433813007186,0.5827411471850418,0.665575786840562,-0.3042619454573148,0.9514969592761857,-1.6022841487950783,-1.0072091112134127,0.8490997434874131,1.0475440593978036,-0.9862573650905015,-0.05074718207210048,-2.0644260663081813,0.3047968255496979,0.8367940589520905,0.23606543425410872,-0.6004796934052264,1.7068524822842481,-0.017483211600366682,0.06470254807000933,0.14946363751776612,0.14198331670118902,0.08459670037543562,-0.20320182193372224
-0.1725710966426006,-0.2602152650295229,0.8328474418564613,1.9170491971255463,-0.33709347182376687,1.5110975728116498,0.5318738722581807,-0.22498523785797786,-0.8307568993015843,-1.1279033122648063,-0.4293955723290003,-1.1786601413303956,0.8199426581854434,1.4706565437596044,-1.2353501355974286,1.023156672290096,2.4604284037320996,-2.411856866025079,-0.576020652708337,0.41497264770300823,-0.012033090786870674,-0.8426865480871546,-0.692170902189619,0.14737317515724077,0.7680258652034525,-0.5124967759386079,-0.07583649454336219,-0.09078036681217415,-0.34002955649607686,0.030126673597479336,-0.046604475017411134
-1.2741184069646214,1.2180830786418664,-0.461776008371522,-1.402139251401277,-1.3523328268492922,-0.817823710072637,-0.44277637583981955,0.2200641487931102,-0.7701070929955017,-0.40541471479087055,1.4154531560755377,0.9680693413631546,0.08505153366545593,0.4508114020431025,1.4315948212140195,0.14651240867391643,1.2923201634550676,3.04532377550779,-1.9131135017398508,-0.22658039758906506,-0.46232703751362886,-0.06545275809781204,-0.5139333206213412,1.059304108061341,0.411916794495823,0.7920190614897265,-0.16894734920303592,-0.41904910066486056,0.5482230910143163,0.7096115380332777,-0.042536274751252684
-0.5165389729853804,-0.12832684215945905,2.4512663685423925,-2.755576433678846,-0.36619025866805394,-2.3982409563159726,-0.9927111577330388,0.5307711378504546,-0.9627997392095846,0.3463570079590275,0.22727391761241642,-0.1738630586017824,1.1474375757347897,1.3488935318130595,1.5414113483776006,0.4884412693618302,-0.022468576736615443,1.2826079553879777,-0.4269970297575793,-0.11492684207538113,0.12712604250563092,0.9353482218167039,-0.6178643568658304,0.3808309599118333,0.06606213449921756,-0.1474908102648752,0.2763118856647518,-0.15602754238206845,0.19116619832681214,-0.34923414097586314,-0.04217632890431354
4.4266945329773755,0.9739656978255393,2.695272954129894,-1.0219945417452776,0.9965670932321781,-0.29351401938082916,0.21974197753233868,-0.1430477087783826,-0.49773235840783375,-0.611629643126623,1.2338564232037579,-0.09143566003488868,-0.9236759994902763,1.113002694499678,-0.45881117731000265,1.3175917979870198,-1.2442843862866924,1.0581651699481838,1.0166428061267392,-0.5888884734471174,-0.5229932242454731,0.023911869498278556,-0.6526623354277696,-1.4732563846875257,-0.9324116776692052,0.007746172296737706,-0.5027971297741753,0.5643947817217859,-0.8028854555329195,0.08799808522163163,-0.23871005046181545
-0.8521018939724881,-1.1224444404562228,-1.2743527086205844,-0.8755409450686341,-1.3755245204586597,1.7495342870988055,3.2689025233000617,0.7711338130030627,-0.6745045814653721,-0.3404874954514626,-2.132859920129514,0.47409744142977917,-0.347692146055295,-0.14330412217297583,-0.9347797030662376,-1.6098735617930033,0.6888854893298856,0.42797158780417227,2.6113991861020396,0.21086442463086386,-0.19663391258537347,-0.3063717449427192,-1.578987967834459,-0.7569550165343718,-0.08927956481560131,-0.7012976635928913,0.4485624172514875,0.07260915907799241,0.14083469520230485,0.24495909804959898,0.03672674653855963
5.688673110123406,-1.1183215205771315,-0.4330907029580265,0.7064894894079232,-0.8347264417470429,1.0622630895174359,-0.3265449778688691,-0.03515995999728645,-0.41171871035077184,2.611215730595548,1.3796468487170461,1.257778214321573,1.0349526794044976,1.6794243039048329,0.5021591052313236,-1.1310320241445995,-0.45888911380469505,-1.7918671987392976,-1.1332389972368757,0.8395673295729231,0.6349040078812758,0.3851557012263695,0.7376603405479426,1.0883843883021107,0.06743090956183047,-0.9386014331428547,-2.289696644204574,-0.07371933489334505,-0.6668246810928247,0.04171059543179734,-0.29215891780117237
-0.43137508035138417,0.7516641140651392,-0.6006767224496352,-1.759001662885963,-0.5704645097851013,-1.5093370605994327,0.11405285997521077,-0.009269445016287528,0.29668177200318074,-0.17307975423049216,-0.14974801669466448,-0.2089999796132701,-0.40195276278066033,-1.342624081394286,0.5005813554526094,-0.3276352652779259,-0.8871287554455096,-1.7437862049650157,-1.2535311875352977,0.40586783648109753,-0.3814795386471602,0.44711300556883143,0.27329320907377264,0.5506025547323768,0.3533678231713064,-0.28527342827294677,-0.3684144523983385,-0.865937564791765,-0.28757394712287865,-0.20736390779590166,0.38177697200499106
3.7560784722559606,1.0008321524766903,-1.6463058872405192,-0.7304372607390328,0.8563839655702782,-0.7915352906646544,-0.12617464287977384,0.564377305189055,-0.573710094902026,1.6156399950718787,0.2054950093800941,0.9819525024323925,0.7083369732903313,-1.4354577628130334,0.2307362773983821,0.1427278270964193,-0.6235454267006261,-1.7259389933314166,-0.05141833940834481,0.03510640394048721,1.160964375080982,0.8117057735616658,-0.350170773431697,0.3597469157887758,0.31169915212034427,1.3022122509923704,1.909222970342427,0.25403842341888583,0.3534393981142174,-0.1740878695292308,-0.3532587506471551
1.042902545761928,-0.019358399609912133,0.3111897558914687,-0.9463867054441051,-2.008081368160622,0.13023282865016372,0.27428412311516637,0.1448339887210419,0.4717846903377178,-0.9864725545406479,2.049203401477264,-1.5689351876934654,-0.4727590655908301,-0.20872455519945593,-1.0581278105627907,-0.5826379085821811,2.246583065222256,-0.8267455229016548,0.19218178869888863,0.7353294630384114,-1.2181705322259422,0.7758679041697191,-0.4708398402423393,0.22392646495815413,0.4446019124794112,0.7368252904489341,1.0135593800384046,-1.073575866603813,0.20814757084427885,-0.26885841400213945,0.2926784068878486
-1.8956503106000913,-0.7040566108980837,-0.14537500021607858,0.13496277398725928,-1.8344638058334404,-0.11432583367987999,0.8406230400028298,-0.9691162165985252,-1.0618522266891735,-0.3545671441619217,1.6811536627969477,-1.581615983529767,2.2717826459246337,1.5544530688987126,-0.14702401548309255,0.8364577771241534,-0.7157860480488464,-0.40870400951931113,0.3370309053748547,0.04360222959794714,0.2685333426013759,-0.3096963641533943,-0.1802006124242378,0.6912076780166484,0.2982415760583539,0.3668154319313212,0.1361802297566889,-0.013352396278480633,0.17703402932557,0.11386597542042097,0.6038764920353107
-1.301240328494493,0.5557250677438904,-1.0388788039531138,-1.3398101168068883,-1.711314991173245,1.4119177950290747,1.6525626801850732,0.02621357745101292,-0.13531575927655934,-0.6834265593047669,1.1347228847819164,0.4851806371900791,-0.07059772401193677,0.5889877059331302,-1.3754318944941757,-2.041450070127019,1.4901659214176517,1.3104373727289382,-0.5600090714414414,0.4725800747666158,0.04446161613982311,0.8150084759171738,0.49307912315432245,-1.0712731732957201,0.26520043204050325,0.2592227310098006,0.8612889172473717,0.09498368853486035,0.7564656455827324,0.47286521577845075,0.0032691096533837834
1.4321986787165806,-2.2008055552259917,-1.0436674159272614,0.4728698709037079,0.46497693422568004,0.049812663618799435,-1.51934211253679,1.2726831934597256,1.554920830747904,0.4318193799968289,-1.609023658562693,0.20157410748706683,0.37219744487068934,-0.2241851054357724,0.20660786084776459,0.053848780833763904,0.8439405974433597,0.8558401696091709,0.9741497523020636,0.7807053505568994,-0.7526582034420627,-0.10981587751580858,0.19825385303212403,1.2529515574858012,-0.5634579470296969,0.5257840030024301,0.42687676357657195,-0.23962222437672415,-0.514376527562149,0.1145010404487178,0.5102159176385064
-0.8675715990896975,-2.057029254104524,-0.9913772171779263,-0.07177621676444368,-1.5297919114570162,1.1710795657899093,0.06584669878859756,-1.0742785358414724,-0.041161162865337365,-1.8075283387284309,0.015429151373757756,1.941608802276022,-1.718631579143549,-0.8200697754998604,-1.1118773017146197,-1.4966267143874752,0.34358337948030837,-0.6321792054686697,-0.5793601706904976,-1.5876929490056524,0.7208488746286859,1.7414636349848314,0.9734034749376107,-0.321423228125987,-0.036940952921251345,-0.8808468117102577,-0.822078911141532,0.22207024079579057,-0.3683365828855823,0.199579851174389,-0.2883102203442414
5.929021573731879,-1.5400750456206043,-1.2084734067104945,-1.0677626841470658,-1.349483105803422,1.8275946430736316,-0.8938608318219496,-1.2378546280332101,-0.3487681255335122,1.7901573708262424,0.3069751712414502,-0.5318875084819025,-0.6098869166620198,0.9493427229819784,0.8970564533153011,1.2586796011041639,1.8019262924850432,1.3173426421743888,1.6479567157613346,0.8780822617690862,-1.2923607991767865,-0.33481755809476316,0.9930706938585212,1.439705844524406,-0.0894238656543966,-1.0192461715015106,-0.9570917280245402,0.32112646391700067,1.6546968298215787,-0.8025626598363608,0.08240368113567477
0.27669557871972117,-3.0970154510248715,3.3563234903723522,-0.0236038142076968,1.6548743658562894,-0.21637572213967152,-0.1795949852254969,1.4570825257829596,1.783739360816319,-1.1115005760865229,-2.052485988185054,-0.09281837823487994,0.12351368747649596,0.20459691526176438,0.8106877817382813,0.1130394000648672,-0.5816213500831949,0.9924570909324552,-0.13244641203958324,0.17017385117988987,0.25011131992863217,-1.4270544851704936,0.4754763195758676,0.41211287541490604,0.12574213186695943,0.13532874651423185,0.41907844862790467,-0.14008642957532463,0.2915130588286781,0.4254399714029115,-0.08951230535873285
-1.9223645042469624,1.857087993743956,-0.30977407476217594,0.07912896402757007,-0.42717562427654215,-0.7048160572314472,-0.5221336261447072,0.9319063552912543,-0.7777346147020103,-0.12837347293569112,-0.11788497841213157,0.11290353350092522,-0.00811872450953694,0.7197420370916232,-1.1586099198797688,-0.14465854320886545,-0.15402789060221656,0.8420849468531969,0.14443611280960308,1.4571756524282085,-0.3886708238148588,-0.5252237074782585,0.5929556022195815,0.11266255525691529,0.28700625956201653,0.3820115077720378,-0.10570343839939493,-0.0858648437319675,-0.17709455904717808,-0.5300822395625492,-0.4062692398719091
0.5095084529451555,-1.3751491579802049,0.5428974506757844,0.6399906077835255,-0.537020958409288,-0.5877610433731904,0.8922413500133228,-1.0947981283317207,-0.299263409290763,-1.1925985002381605,-1.3047168662626636,1.2582754110600116,0.09457260629135335,1.2247040426911735,1.1005070494803273,0.4906417821924675,-1.0378496046589851,-0.5591722840469633,0.16743742259032124,-0.25966180632281277,0.30657566364103306,-0.8760924190488957,0.2679018676879967,-0.005429242848839055,-0.8671557058014138,-0.3918993233865939,0.2831388465968,-0.6969756391961445,-0.22575961839351225,0.015073731936072643,0.32293382047508534
0.2721355020332167,-0.01259021877607565,0.018854247513762332,0.9640747840584444,-1.7825038660511785,0.002958175235251775,-1.2683529851221376,2.4049508741094376,-1.7295372796762536,0.01800344220619636,-1.054740712948946,-0.0812869602636568,-0.20244586836469194,-0.4106018745901817,-0.2516808435588135,-0.2388203668063497,0.22154150037397452,-2.6837571018316444,0.31472348398773653,-0.18640030120204684,-0.41134886371853735,-0.6640990390300667,-1.2123051120729817,-0.17085372421335668,0.3873988017447787,0.8604046591062846,0.13137933247559302,-0.09853914673740947,-0.51443532720032,0.09251279766767465,-0.5713901651895577
-1.2664022469093377,-0.32129159831762366,-0.9636317000492098,-0.5211933869656875,-1.3987628900189402,-0.07685482308573242,-0.953037900003545,-0.6936023535765156,-0.1876876949855728,1.4507797140726522,1.4095057963938336,-0.11074318622123867,0.4459964261851322,1.3322571692241247,0.33942714092994336,-0.6610475789098581,0.946159608018944,-1.470420854041245,-0.8151291886822584,1.5119962782399265,-0.9082155888168217,-0.3390785379648162,-0.11544810199601402,0.0009006080936758696,0.20821138514543155,-0.15952949726357946,0.23769148804960727,0.15163459716208222,-0.09617755103958711,-0.34260444374380095,0.274880505563073
-1.0937856850048866,0.38168878859162797,2.4870903202520265,-0.6425818271740309,0.6792541520832411,-0.586683202139039,0.73727961697579,0.614910441307576,2.1288519306516847,0.9890749542815113,-0.8998143617390576,-0.5378679475324315,-0.3064321596271485,1.9885538584835984,1.3958993723185973,0.6709174701318796,2.0206563081291806,-0.4596290048594669,1.311367076971899,0.1683018673940003,0.8704582561721443,-0.32496435801706336,0.34032349561388864,-0.794241319943216,-0.3429849674073442,-0.6020171776604716,0.2486442284313495,0.7428858541801241,-0.24833273167964212,-0.3324136534668055,-0.008115212803201226
4.128929256379434,-0.3214857653697886,0.20073681650489886,0.9296967522674675,-2.01518234457004,1.4491810132263256,-1.7790215335801032,-1.7529230149998478,0.543713449023787,-0.6332755359698103,0.5470013231496207,0.5725305754173249,-0.19865442847967568,-1.16936531297452,0.15277660093885842,-2.1546166344697584,0.8302704762419024,1.3907590011856,0.4127480601424182,-0.7253859287444687,0.5468150813353365,0.4350614597093139,0.7365072019834407,1.4747461993200035,0.45405514402465286,0.6505124011061343,-0.430500334698797,-0.039698797704432125,0.6304935789370442,0.2480633055545176,0.005204785102994127
-0.04864782795977833,-1.4531621217031478,-1.2681183564358307,0.5610558301031799,0.6898620651038041,-1.501956639017517,0.24773801549434105,1.2102733492547628,-0.15214926138951518,0.9271312204093608,-0.9407793135480031,-2.051503802100877,0.6909987936799571,0.02473812830934023,0.5645040759841778,-0.6728664303695104,-1.5282741033998888,0.10614712702918581,-1.3669625807483319,1.5404963762210642,-0.3188777326973718,-0.351010574181733,1.9662330139424238,0.87120516421872,-0.5094914643755263,0.39617652434320305,0.29446077264949944,0.3426963813260992,0.13984428442530117,-0.26139079776128166,0.09922865767054183
2.0219346690205655,-0.8597504774942386,0.15091749668460377,1.556173925151643,-1.1751081183047674,1.7722296945820335,0.8792274882502037,-0.7611812574451612,-0.04198620953286962,0.23967926442663592,1.8938048362198066,0.005458174813089709,0.23424247117854957,1.2224321194557433,1.5096359012386569,0.7466654991365015,0.06101567540234869,1.0688603314794325,-0.6125322211850259,0.9339337426142917,0.1905902028623008,-1.158032696230715,-0.669774553224087,0.7755066125208531,0.06403932740098667,0.5225298389237354,1.264063396258369,0.35375561104786973,0.21435458944776953,0.28234817551812935,0.07843144820128799
3.6941017087588497,-0.6383880457961583,2.2620578929291466,-2.0723237392632234,-2.2617399131492024,0.08191771880090322,-2.2399579539505066,-0.1575153735161007,1.6263363484509648,-0.26833578624037624,-0.5172613093785813,-0.2428571263620079,1.4633149932595717,-0.15023650943076924,1.1749842643343782,-0.03891349786158156,-0.8939570269908751,0.19201548239601943,0.18081160125066104,0.24988913832108034,-0.44994969384170747,0.2908688719763974,-0.1280558203251616,0.7846661606886022,0.07451327105810326,-1.523127114539898,-0.04510755589134105,0.5091823306806326,0.27243516747472124,-0.8139845587339178,-0.07431222708380811
-2.700477049631208,1.0633660403556704,1.0962568064668794,2.874378562633999,0.05096834537266396,0.8150034135844969,-0.34614253592902655,1.9134258854534638,-1.5776700005917719,0.684241995511646,-0.910242075607236,0.11848999505408722,0.4300745215178446,1.8958580599823955,0.7727073220885672,-0.6920532301871236,0.445795493229077,-1.2935386841650507,0.19348323384936203,-0.39882576042824197,-0.9806639827063403,-0.060546357792884004,0.04196609896993945,0.4977604225747581,0.8329961214983818,0.24321148177671426,0.16700702338702086,-0.0015318811481004045,0.25206158849664795,0.058106900299392285,-0.06062979200800303
-0.8974157795395061,1.5919721051592552,0.9214410109193291,0.32087547850629616,-0.8425777611925986,0.5948388845500798,-1.7558691836437617,-1.615733285901069,1.4857108918010484,0.7009097988815275,-0.4825199052315553,-0.4481354983135795,0.010219782220746048,-0.43021337598581505,-0.9118829559799911,1.228131042322235,0.2558988813996676,0.6919311007823986,-0.8528835759325343,-1.400851282980933,0.535117171314232,-0.29474401762240526,0.4614932229369734,0.3763241762351839,-1.2018588309901768,1.3910834142188893,-0.20608018482870602,-0.9463900872695488,-0.18550972127914242,0.15456121186630756,0.293308251810555
2.112749845615491,1.2038731634763675,0.7301799012451397,2.850729122600639,-0.25971945165940175,0.040635308369032286,0.8771770325434366,1.428596740840663,-1.9683352890968955,-0.26928581299628357,-0.6291748211102899,0.5647394831446249,-0.10271387388114825,0.8974297710305766,0.7786732317001027,-0.800652852794524,-1.5334509844086919,1.981214376276061,1.012235101797937,0.2616520986382217,-0.6572108689797539,0.23681265441757,0.7022470412992501,0.48292223667242967,1.0933430749500006,0.7496743772187298,0.18502266856645194,0.12937354044098756,-0.8477352182006649,-0.3013296474751121,0.417087926192567
-1.2488383670818968,-1.3993886765707773,2.9769440224493393,-0.4699871811108553,2.955473763719311,-0.297549143632567,1.1528739020174292,0.5269770128203383,-1.2811349237213967,-0.7875750845005518,2.4205548989909875,-1.2974113170361874,-1.298492229285053,1.1528747245603321,0.3180630483876986,1.3456690317426632,1.0415754718220191,0.808956154417322,-0.7408740865409673,1.6565256427880632,-0.22392290124716074,0.031181214607146648,1.0102216706074658,0.6220565678474422,0.46972056591007233,-0.2701373527116917,-0.13187691143314498,0.3330871892427487,0.21399579057916704,-0.09299276512179475,-0.12779714270098527
-0.39341902661042494,0.14953844509369987,-0.6666299982876981,0.6358143420637583,0.05143807272203557,-0.23330289286332154,-0.6170861625581208,0.9068271736424556,-1.0586944921760626,-0.7747720666702816,1.1258409744194495,1.12283766205758,0.2516995122749428,-0.12798801173766486,-1.645308580515637,0.6378914958873382,0.32947039179647436,-1.1490322303984501,-0.39495864127693786,-0.05960636375951031,0.22067994595866666,-0.057715254030248825,0.10487521533618027,0.13029216515263561,-0.17777093091261909,-0.8632120275983162,-0.8920462640108816,0.3495657544485756,0.19666527590479255,0.022100125423702023,0.09773067257284958
-1.7639009161521209,-1.1878252646002894,1.1932389425778394,-2.497508337725126,1.4584677918718463,-0.5711271186918361,-0.10673225671919769,-1.2952818926116365,2.1632883953965023,-0.4904227599848293,0.21573488571843832,0.1734778781815182,0.37934098243938336,-1.3028942142670006,0.3184992427677897,-0.44434308215052776,0.965951648692749,1.477964008457144,0.17624843010355698,1.1944278972248012,-0.3037801310415966,-0.5667210261182885,-0.06858047766817126,0.546390612334612,0.17319086448716625,0.14991442404416552,-0.09323972344407389,0.6770117256305264,0.115992901256815,-0.012125587772694846,-0.10787211109396158
2.019329153802322,0.48881506198357305,-0.7207206975927203,0.30967418439149663,2.1390352069910135,0.23797909710070392,1.7352096761787839,-0.14279478943387794,0.16934196436553842,0.9337111507126838,1.3470996824441166,0.8101223790991221,-0.5588550178114993,-0.41833656239641254,-0.05611776680191978,0.4725976157792401,0.8577189678667844,-0.6920688873066758,1.092391253344345,0.5336651579026306,1.7857196532280177,-0.016080957084881862,0.5365060894332033,0.36150417362921516,-1.0375752375151233,0.5242210424016078,-0.2265708367951077,-0.16935559897026828,-0.20616571367710881,0.4284212631473687,-0.11880879737834463
-2.499062384427945,1.592309282936067,0.5032606271107427,0.44334375988659935,1.0288507214788012,-0.14886879904236913,1.2166418531503902,-0.82557549253205,0.03840409552882423,-0.6468102923234452,1.7068447308444994,0.9551742482281348,1.001801722912499,0.9580970772949685,-0.8430929767573743,-0.8669068023098162,-0.06700623137207767,0.8378532858448227,0.5223776211137141,-0.21317948540047416,1.2499110279653747,0.2869035746835291,-0.4614052057015642,0.6666855695630868,0.5918786965440173,-0.8739838409907928,-0.04026278846803982,-0.6409329117139893,0.5689852885484891,-0.12360793780393893,0.010480496033877962
-0.9799408553908366,-0.06540043504316158,-1.0317236059916965,0.4359296828444504,1.448444953781121,-0.8934225950886694,1.7403928053967728,-0.5663148271376471,-0.1521937170257166,-1.1461540751286445,-0.8934496523687767,-1.633342123309387,-0.6176479314653721,-1.1739026840181637,0.5657850438402311,-2.8958219160126046,0.6401406800535047,0.18227829582699379,-1.70529251467129,1.0172213313655967,-1.1469773701791548,-0.03386795690641736,-0.08637732800634104,0.8833673663176862,0.23441518009639173,0.17703267047407686,0.11290695537886958,0.24801841385403595,-0.12934147396446624,0.19976527202072847,-0.03405922920896943
0.8108184336900944,-2.1588210823878238,-1.3376819945257428,0.8797964014252637,0.4938757021774928,0.9214439271605891,1.1572476878849467,0.4427473039054079,-1.1458090934176006,0.568508462486576,-1.9204937195810978,-0.2812216309017681,0.8518373094118844,-1.6466087559579166,-0.2721599110410534,-0.673055555745523,0.5219783601782126,-0.2321030936095763,-1.1805768829463859,1.3017979623266311,0.02732980226230761,1.3103715443867971,0.03332541631389387,-0.4662627974105732,0.04678288911132767,0.05889290276372765,0.261259649926649,0.34921232192109075,-0.4857896503121613,0.2614821104742913,-0.535254956689975
-0.33905967029740425,2.0181728289047225,-0.36787597095881946,0.29723335798828193,-2.3607598631688815,-0.3385289531592159,0.36481475033773486,-1.865917845049715,0.057498322893185655,0.8155213627712796,0.5440386186792016,0.3448821802039264,-0.1063713360573883,0.054986874503749235,-0.5140559673048991,0.6202361956429463,0.05150660520284757,0.24805619798939435,-0.90038382016517,0.2579239369389754,-0.2490745015845862,0.2539300657434381,0.004323284428268815,0.03845439512063509,-0.8399419148244862,-0.4390192564649547,0.24296470890524255,0.49338134849588683,-0.08324904489572652,-0.23192176013022836,0.11240564370371732
-2.1623504690817192,-0.005153350645382583,0.20021222601442473,-0.7091820696032064,-1.6391578185773181,-1.0696064132899266,-0.36381245164256015,1.3918596137006003,-0.4075869716539119,0.2612669844732796,0.1365184227273081,0.6100084468433705,0.3701260395697416,0.7373259556280514,-1.4698742840555503,-0.421074433129101,0.5309811590082046,0.7381920816251235,-0.37908439628574886,0.9874003839848996,-1.111946264680935,-0.3812530052212318,0.6096800296937065,0.2007664221888343,0.4916768817804107,0.33459090932507884,-0.4544711454480158,-1.0140508584637025,0.16010429042860116,-0.2889625295234452,-0.044226302909387574
-0.3105810578502069,-0.17906256033029636,-1.2390081392825087,0.30297063309507904,1.7985917198695252,-0.43163956922295565,-0.21434632968901474,0.7895664572740471,0.46314545959780895,0.1870055676489425,-0.5182128803888348,-0.05737613111001818,-1.0567103508802789,3.3459575678360367,0.9803019711353611,-0.8756907706224294,-0.6421785315379246,-0.6839676357462119,-0.9673255971102005,0.7096344675553412,-0.9568670559342416,0.2573735038687818,-0.6557785581895614,0.8021234260872344,0.08775043026434551,0.11697328458113966,-0.2963373986975215,0.42961542904353883,-0.16288649103302263,-0.18635858608441475,0.1215311216532082
-2.6860200656664937,1.086321716539166,-0.8364491268895405,0.19469117705006728,-0.5010921651861735,2.7058111301370515,0.5466838749514851,0.7556149302637356,-1.2269399466534774,0.9773594568918291,1.5549610427602736,-0.18343507380751642,1.14202971845292,-2.365969328451286,0.857527646301254,-0.5008057795907631,-1.768605495040018,0.3890151559728875,0.3350044197039947,0.2763218648937881,-0.9829633794858831,0.5387203467071329,0.5287264775046181,-0.6144498835508911,-0.6639493045712968,0.8004243847949075,0.0251541899015852,0.09878269627383553,-0.24106904928174733,-0.2529057385848627,0.013825504398300076
4.330668535926157,-0.6897144350187293,-0.30912358405142076,-0.27327789759508514,-0.5637697127088429,0.4995973231758577,0.21541553484304332,1.4831003186686262,-1.199542777311755,-0.8618189438814772,-0.733090085709997,0.8313084571583929,-1.4441450819725434,0.21419969356934324,1.1993592822058474,0.9382085172371876,0.5361896036401181,1.7583755696487482,1.4679016967434484,0.121602113395509,-0.861366363983589,1.0594232744862837,0.16966425223254047,-3.382698297366808,-0.3532513419328877,-0.7512338775556463,-0.4904644245533518,-0.15822421842701637,2.4499705720728135,-0.7103713342733545,0.0515039123213079
-0.9851723066936753,0.9899630602241798,-0.7032706142713118,0.8396829331269613,0.01390716192738207,1.1601445369615586,1.1001429323868117,0.941893254151346,-0.5426118439470743,-0.5233937843227381,-1.358789066769944,1.377675876489789,0.5417971408519673,0.7037998980674177,-0.9474019964238272,0.280043519259717,-0.3765569247759063,0.6029472139292781,-0.18394289142110531,-0.12041669935875587,0.8026870731351747,1.1884498312578216,0.1522414937888709,-1.1278689245358773,0.7721493874001537,-0.4488384703336153,-0.3046462486610075,0.42947438075064176,-0.41548002001643186,-0.36344457086168797,0.24853589458455388
-0.7068906690273418,0.46362149300413097,-0.3262592468266758,0.6808002593310702,0.15614719822101256,-0.4965453774618038,-0.37455403927138364,0.6891696206777513,0.5187296497914257,1.0643275610353893,-0.3461254345005198,0.07271917833550727,-1.8652303905541838,1.2237394567195612,-2.4246739954645804,-1.801517232740881,-0.5723793462039826,1.866303288664654,0.278976989862144,-0.5792261028039728,-1.0637753445957823,-0.03599150533158188,-0.6333816734350827,0.28835181908858326,-0.007123375689259457,-0.7636043751519551,0.6873018422758305,0.04222907176211075,0.26764099113331097,-0.12589868773433852,0.3823705600261497
0.2947532772675714,0.9839628902403451,-0.9432300684889148,0.23233630145811282,0.14944309266248837,0.1698287593778378,1.5806565876954157,1.5970286173123218,1.2909483099022507,0.6944359521927465,0.39501893490966306,-0.10395641011395751,-2.3097141042072638,-0.17422262217778545,-0.204455944853278,-1.633865967534725,0.24278322911846706,-0.6999296827171194,1.0004472888601266,1.134388422399516,0.6708423315739416,-0.5069457196268772,0.9850448044097497,0.7384171096424804,-0.10680968932862654,-0.682853389779499,-0.8275086171608659,0.2580090483465471,-0.1742629152161497,-0.48216797394247074,-0.03802847199993828
-2.6972377401220333,-0.2755949078297418,-1.1062904202309296,-0.5470969924508744,-0.8087857827099498,-1.132509818364702,0.24555556415680718,-1.7073864787958808,-0.5023215107632182,-1.46213315895426,0.11058969827062497,-0.2607679376800062,-0.6986799600816401,0.26841079898639814,1.5886166159956034,-2.4830594515894204,-0.30645238242270323,0.8131094714162781,1.090094528035414,0.47783438163196895,-1.0637754074893724,-0.2797933417435783,0.1738807470776928,0.5119154793371369,0.08395048037415208,-0.6222577202663361,0.24694924738307542,0.20641115186202674,-0.19379975177138253,-0.39415299545197524,-0.075025058196383
6.861174314168191,-0.6623809829968388,2.0023039603236312,-1.9147599025892184,1.1098839564786676,-0.08793218502797291,-0.4688236301115294,-1.05130102274483,-0.7312075524810516,0.33105302477244947,0.5725463866936262,-0.252532097472529,0.048222915259502314,1.9619280101852323,1.6081238003848914,0.12431037496471754,1.217645750826634,0.312155646392513,-0.08402655612119231,1.241749308820138,-1.4078414219882613,0.16080573325033332,-0.8326017839497314,-1.6882543529008123,0.10362780760010658,0.6234753781079303,-1.6509315636278918,0.8222728750128631,1.8185760877425958,-1.3482726513019911,-0.25400191484252094
-0.9391537689451567,1.7363984870550289,-0.16302155723614814,-0.5607815215620575,0.874134511098813,-1.0096673076073457,0.3218059116732058,-1.4595662692731672,0.2091178773909271,-1.5145733646618853,-0.7709111890685914,0.9424184778173988,-0.8671935433074082,-0.3389816915880549,-0.3872608745341799,-0.8331167603985254,-0.52674746228173,0.4354597971221496,-0.2348016956272091,1.4071300830680515,1.3115172119487872,0.12945704157164678,-0.6820817128606211,1.1283629159030362,-0.12468826356253017,-0.7254937231045152,0.1028915472692232,-0.5247019939123809,0.12492219071933264,-0.1126887211801185,0.2195586376474604
-2.9832222699948145,-0.7063919025856221,2.440695365085309,-1.1077357986068155,0.38437758948835743,-1.8507909890350907,1.3010550150480034,-0.05261260925675578,-1.6384592776144995,-1.4715925850422793,0.8539060158583781,0.03257993957528514,0.356444637466484,-1.0546673291398379,0.9613506741670665,1.107299389998078,-0.03560839616785242,0.7975545818723552,0.07128300233303181,-0.8040431871104646,0.3481029932901044,0.35827237944788975,0.06652194455761708,0.5754500414958356,-1.211874636577584,-0.4100876753315074,-0.05242690321409965,0.5383173689142217,-0.006937143353674053,-0.1775205583290441,0.09249747370025586
1.3981736275102685,-1.3895228707993317,-0.925570747173008,1.5047828230540008,0.9148915725204613,-0.37059637536842716,0.9678490493642856,-0.32899806154523686,1.0145651291090474,0.5702940731788176,0.039963113932456294,-0.8263131578907983,0.8341370869766127,0.045942192968894846,-0.3238469480051802,0.011059040353223451,0.7451905890625992,-0.3518774300928849,-0.9386264395688667,1.2880047569451265,-0.23333486549849564,0.44274823820833115,0.8021907122153008,0.340402523667527,0.13749938163302214,0.1582463436852804,0.14120381014847389,0.4090353604867376,-0.7136198911853993,0.10371918650232707,-0.6137408156806331
-1.140043248960299,-1.0771225813913128,-1.7502190649208427,-0.6524940708611144,0.8523482409241904,-1.6234519096615971,1.5346689923113366,0.829664233342644,-1.4042601382834663,0.5768585282345597,1.5988527320603974,-0.5793708098292795,0.358198421296522,0.046462269254515375,0.8437729569648369,1.1583648102650819,0.3304166884923473,-0.021672624827825646,-0.9755319150035672,-0.42917217419191367,0.4887599589694439,-0.39933738460831425,0.5278774728226213,0.16635563247401258,0.06626903825579038,0.28401712683093366,-0.09037739540534165,0.359258682966062,-0.08976398233668467,-0.03421598893718952,0.23532048090734028
-1.102264849280086,0.26050407117213564,-2.060429800639798,-1.7160953134602455,1.4568659887850848,-2.1781748061258255,0.8627738830243001,0.28827636825416564,-1.3304746553024707,-1.1269465638603755,1.241570807424766,0.27411508980536003,-0.6686129582943001,-0.43803289085304,-0.15276006772409279,0.32030450940015165,-0.3085647148376941,1.1661812531525158,-0.5787770695111892,0.11941631676982631,0.6894633433319234,-0.01891496940965021,-0.2249171157780075,0.5859186014733319,0.05492981725088772,0.12644745710472632,-0.19726506374081368,0.3604543597926973,0.560038020832277,0.36660727353745054,-0.10977694563110563
-0.4268225798737766,-1.0705714875089731,0.38494849805708026,0.10221281570209326,-2.0123612468764103,0.17823786549156412,0.33845950722364243,1.4796146843437739,1.7448397694389979,-0.029046919507550492,-0.45383170467507294,-1.7230372722885234,1.7021396468134673,-0.6723040438508151,-0.7856130730486702,0.33711434911676175,-0.7211474417389665,0.5406616661963114,-0.3229199375895699,0.6338849993230046,-0.3488247797537888,-1.573557552131745,-0.6052296065433831,0.24024490279057908,0.5877912024949233,0.41133598436542196,0.7972404530393906,-0.8082496567698975,0.4939548061566503,0.19198235170768468,-0.38134931155229823
-0.5781719022918692,0.4915349377223025,-0.3803072768675122,-1.0767016101256341,-1.6417160880530373,-0.30394611919805986,0.7242768602794253,0.45829997720364324,0.2019687788304095,-0.7064834928492858,-0.5513494956632128,0.12273679549760669,-0.952424706690913,-1.0550771298671218,2.4488960762020615,0.8676352624605814,-0.6372969744744797,-0.06079036368191082,-0.36822836331497805,-0.7162131613884318,-0.6394578749117036,-0.724791677024931,-0.7101510506124868,0.7241827992984647,0.5063717400289186,0.9828008362701725,-0.37695711806909254,-0.4384951513286687,0.12226795045709477,0.0018703484984459982,-0.01849559320752837
1.2682229921785009,-0.894132706129247,-0.9944480952418142,1.3919189074356804,1.2980367022976278,-1.362713685819816,-0.17775167847039755,0.24671862738164207,1.5117874217041467,-1.1691987942398034,-1.1590720130411745,1.4692253176534602,-0.09701790891882373,1.2635698652368026,-0.25135176412538757,-0.4480221468244306,-0.5936526481918186,0.1310865893634829,-1.5232255148080216,-0.24314630385074096,0.7485239984837089,0.8406395322807981,0.9228147855002591,0.5745911034961393,0.20695585648625756,0.20829835639242975,-0.1602670652776084,0.47463334048367056,-0.6943826580514371,0.026891251261618197,0.27856560045649875
-0.5344865157697819,1.0984252161275148,1.4282340810231753,1.0616550871975947,-0.743767922935538,-0.17472943148163414,-0.8188825799069834,-1.7056455403425572,-0.17465101206315414,1.0442479061094108,0.30264498563116465,-1.5554882344144918,2.356561440958175,-0.3002877942807901,-1.142236008929864,1.7182788736182832,-2.385465705442696,-0.29843062486672595,1.0854310549129762,0.6359070621879469,-0.15763925548242508,0.6848613526700521,-0.18313101765378026,-0.17571487865779914,-0.46845989478285716,1.033619703194294,0.012847532612362628,-1.1559936794751358,0.049134650451289306,-0.11910328843232754,-0.3745860653454248
2.017589925248726,2.4971793237168036,-1.514281916676964,-2.287953998163951,1.739607404054123,0.25845574465853616,-1.5708966845911345,-0.3858616223992812,-0.2964859963496296,0.25491974008708024,0.10082508971491866,0.10201891709519098,2.182750704899586,0.5103969038100891,1.1315519178498261,-0.21262369765899125,-0.06166789083854319,0.21079535939800562,-0.1524113844078337,-1.0811488018024284,-1.000560759249423,0.2252063547532963,-0.19899091794683388,0.5572645980611155,0.6189959664440036,1.02697062856396,-0.11741454928035437,-0.358650979692759,0.025707827504980532,0.613349899232803,-0.09677834824200506
-2.2363141978171766,-0.10112504125754425,0.11226596100236781,1.1721378925619956,-0.16017448037386667,-1.0530470850719194,-0.44676579931691973,0.5782135090018755,2.3137665026462075,0.8774764012341295,-0.6719250325645291,0.6509425802801213,0.10329493134452992,1.1348706345132502,0.7786129568272044,-1.0672368282396736,-0.7030186950602219,-0.401157253527614,0.6438602304973439,0.3293409948816758,-0.16841705540058882,0.9913111525605697,-0.12852187675412818,0.35360469557353424,-0.06962626438524076,-0.663698748796916,-0.023906481007926007,-0.35208488087948114,0.26181254934964787,0.2690871190400493,0.04941155988533543
-0.870690027784206,1.8240122029400614,-0.49008904083707516,0.22929643696747007,-0.31032664546479727,0.46750161066614015,1.4273317531393417,-0.5629820311309904,1.1848476605889502,1.094601950391327,0.3103208270459242,-1.259577326592019,0.40919427012481313,-1.0413939793075508,-0.07261377113664547,0.007701959725626321,-1.5779848543611144,1.5647607632219094,-1.3845778258604031,0.20701766742316866,-1.1379503195536274,-0.6413679106440946,-0.4110136942794558,0.723814827226638,0.4237445839949352,0.435286632704756,0.00823682132251654,0.1930926113119472,0.03562505882100312,-0.02712927390217898,0.11285366196669358
1.5679359495109533,2.348977099693268,1.0086924912498028,-4.546150042850356,0.33330446195364977,-1.3638479448540926,-1.9528665899951636,0.6332755367861916,0.4526146854885345,0.34798816944181266,-0.33084228574006,-1.580763469849972,1.5246678423040356,1.6644808598655496,-0.8714624253192855,0.5684909397287973,0.7696410112899419,-0.04013314746560875,1.6703758070663828,0.6574543447028722,0.06734336568369075,1.1594439258045577,-1.2691440783002423,0.4852412843803172,0.19703489108895386,-0.4796700791132212,-0.26841382958907384,0.3518229995033888,-0.3936706826345501,0.2387381381421385,0.02931390228040968
1.0897598989831405,-0.23805281394127076,1.2155595783293156,1.7625534412519146,-0.8240189494042517,0.6004381307026354,0.7022482350598098,-1.4643632823115103,0.7554368165390817,0.3093196388589835,1.898888767473547,-1.0874746396650055,0.0038974844659467565,0.978323854340517,1.5895484375824636,-1.9483292078966539,-0.5888410843314381,-0.4137395113571891,-0.3266457571775682,1.322350741037479,0.5001675257293076,0.21597686834141167,0.0930952070787466,0.18322437019179763,1.0548997938252076,0.1814995387100938,0.22094462120419803,-0.6174833571035129,-0.1838602812159153,0.2718120034625161,0.3418388891521821
0.29712780523080623,0.1830919957101935,0.42092847505256825,1.315212712653003,-1.6587484139606028,0.2268982500022128,-0.015987904669659152,0.37805423523631876,-0.3352093912213111,0.253407543227363,-0.5540505729013157,0.15016751096611583,-1.1682885133861574,1.592796988417671,-0.736264756398488,-0.18759955402937936,1.6242968078105666,1.3509903456685506,1.5917685771624783,-0.446780730136488,-0.8621674160762168,0.8135186499256616,0.37242669538441825,0.9321067538435118,0.26890288670466533,0.7339739801617681,-1.056186960790613,-0.1647701608411171,-0.2944008576183633,-0.009863954944003469,0.13987700122663316
-0.8460007431499702,-0.6669219904075403,-0.6616031635430794,0.3777106611901859,1.2792985762068811,-0.1928203942340833,0.7627613646899458,0.8320482358349964,-0.2092724773673375,1.0329221335388121,1.636997953505631,0.48553194116079484,1.304157814384145,-0.38459879985704837,-0.3661010034486212,-0.16660779701771963,1.1653245469866196,-1.8297391102399374,-0.1498922706906675,-1.1099934111987175,-0.1464075231154672,0.02068273887056701,0.7478326659302511,-0.4297107020246652,0.10114633311420168,0.42560608665122834,0.4199943999643716,-0.3549108263866529,-0.1698660897417744,-0.3628615548824772,0.17844830181679192
-0.7026509145915355,2.1961735993024054,-0.011267851257745506,1.3963023965083667,-0.1982799482761944,0.6583949393721577,1.3729859917796314,0.7942125288235358,2.489263163350225,1.130898107467413,-0.4683063018856153,0.6746101621548737,0.17507106504378173,2.768609471453898,0.07211136055427775,0.22510618771299787,0.07255663231835417,-1.3881053174820963,0.8128167165581434,-0.4375438912935114,0.3475453905767327,-0.120710347892718,0.3110560538411996,-0.45208768400954347,-0.7644983036473001,0.7465365377355092,0.34481300019235517,0.26288602738881817,0.05899122600403191,-0.5124919742478057,-0.4697240670465411
-2.5101832656063334,0.8890135468389535,0.8401650976807306,0.7117290091035766,-0.763211772625465,-1.1367141121042537,-0.7820535585807684,-0.7759666244845199,0.14931570373418684,-1.3362957383946152,-0.9448913649743249,-1.5168666502523083,0.036817965337351245,-0.8634863632216042,0.3536129032045491,-0.23101561904928183,1.7846834665698459,-0.17175520253134144,-0.6580157655300856,1.144101286825968,0.08718152613628931,0.15054202208937967,0.43067823991607584,-0.17192462490883695,0.2342805123739198,0.3204927240279187,-0.20667850948843425,-0.8238887892901787,-0.14933048805331234,-0.21901009548677353,-0.07906462144983632
3.965986223948306,-0.3752409508469106,-1.2051619186416067,-0.9116517577268213,-0.43782785747284964,-1.4644941890286964,1.463461680889949,-0.2050897768291962,0.4233844026491481,-1.6775290549986284,-0.44542886333084797,0.6795462652660812,0.8123028385531121,-0.26237380206849437,-0.056883359618557276,-2.757268353533867,1.7734952447611065,0.6421901631740492,-2.1404357608492512,-1.9447304684555358,-1.20129381437845,0.4288058576537161,-0.9480029401732148,-1.151708053425385,0.6029910496282741,0.6640107380477751,-2.2334719454239,-0.014396490468300448,1.4466454202978385,-0.9993964656296936,-0.5277396004839441
-2.9127734312118676,0.7099955100846815,0.7281976229725575,1.0148944624195788,-0.08077915501675349,2.922004422633051,-0.054293549405567486,0.7651487626383643,-0.12817914689590196,0.8095326997157879,-0.6729913042507241,0.45514695181359943,0.4163101259642813,0.6352786720216334,2.3679318484204046,-0.3702759537942028,0.2750041047494285,-0.22030917840845168,-0.9937734121433298,-0.38662037589872544,0.01466368822700634,0.8797762117420284,-0.11979280466354628,-0.2748749507364928,1.740822570900753,0.049300714509673924,0.24445410336204706,-0.5910502772992627,0.15064308891467892,-0.08085797855012032,-0.07877432200101613
-2.253448558066041,-1.2586807712589672,-0.045823602979467304,0.5016434026157891,-0.46020444089454027,1.8159912223260957,-0.23651380665673188,-0.3758220377561273,-0.13976652359296407,0.09888459627342,0.28893204218715585,-1.2868780648790037,-1.472296836292191,0.7949354604434988,-0.08681014363409405,1.1008322876463887,0.38508243927759955,-0.7577236920485259,1.1334336095397461,-2.612105430381287,-0.7369799450687472,-1.2269853545732876,-0.5958481654923614,1.2962552714818583,-0.9993379654256844,-0.4394008395084317,-0.11496956925003443,-0.0784303815224951,0.1326972748518805,0.11966069799693856,-0.09230669047907458
6.272324834465962,-0.23939172897947963,0.3665908000983168,0.560272973269192,-1.4334928852457853,1.488445785343751,-0.29316427961567293,-0.7243723053027955,0.8975458396536897,0.644670233126062,-0.19500012645220932,-0.3234044949337743,-1.673596359296974,0.8930024990873505,1.3105474957337921,-0.038199215724438934,-1.0408250017916385,1.57246129564906,-0.7325904601540969,0.8997261767974899,-0.5969527128700438,-0.4247607546473153,0.6174496104642081,0.92418308252409,0.4137204241154895,0.46425244293228146,-1.3905109232196708,-0.07025950129797096,1.3427001865913708,-0.3497254173337238,0.42428072040907927
-1.7000622483842533,0.661324160431916,0.19417383362179594,0.7545365565528028,0.7190925836774102,-1.3709754602729565,-0.07933727719460452,0.1388391733896378,0.7393893037824619,0.3307276577318674,0.5395007944187207,0.5894353672156669,-1.050437818712022,-0.5989039184992497,2.1459063145092476,-0.8539204876211918,-1.768280794718539,-0.11276319960993635,1.351404357252336,0.325778971420151,-0.18760118058933836,0.7909439217236672,-0.21696027645315702,-0.32125261525540805,0.630011636436279,-0.8204588453111873,0.054616283137539266,-0.517222433380381,0.33416492632006306,0.012447299830857878,-0.16208718686105766
4.525274788267378,0.32732676867403177,-0.27857067122803914,0.7628763243692737,0.5056794204061194,0.1631993307373339,-1.322563132477983,0.051550620458292756,1.289421924223696,-2.2641883233598517,-1.236327548759994,-1.0145252908118638,-0.44250045678868455,-1.4260472582926627,2.166245976046815,-0.042245032949874216,-0.48738038545682033,-0.6128638301099837,-0.6713822246024382,-0.7122215580444551,-1.635655765082581,0.1971104439416524,-1.1566418056501437,-0.7050407781747094,-0.863702478125192,-0.6307714471954753,-0.4477389365301792,-0.1314942612003655,0.09064470248439234,-0.799403084446547,0.05534106896308226
-1.7098590542915806,-0.455127262446118,-0.35554581605648744,1.2396565957965888,-0.47604609433601186,-0.04417852088095689,0.527549494655793,-0.08967669511467784,-1.3996647556753805,-0.5943132952142863,-1.2600220081349207,1.0442164587367915,0.09978461686380706,0.10129688203853265,0.42194280708784276,-1.2488085590348486,0.6288087347713588,-0.7493739710421752,0.3890694234681766,-0.24398595730061226,-0.746356419948333,-0.7605646208298613,0.1576699917156533,0.439904553205303,-0.11628302783338203,-0.5619941897434447,0.7209360612825167,0.3997596323398537,0.35635835163723123,-0.09110950123709245,0.03870897456257377
0.55385905977642,-0.3117126495042145,-0.8405650015840904,-1.039291003905214,-1.395835667299502,0.5717335294369763,-0.6134424593436648,1.8029661676696491,-1.1306426919209145,-0.5734638094366612,0.8913506315699941,1.4988486871912925,-1.7501886809044698,-0.05709175779176245,-0.36154924110824255,0.8027656999250405,0.05950486475032747,1.0128120001741514,-0.6276519562661188,1.1469498122338546,-2.318859590666457,-1.798292198314919,0.09425939745444885,0.2876462205395061,0.4394195529842806,0.5186901712106979,0.5671921104879832,-0.12309629226569277,-0.09955064437032081,-0.5417300442160686,0.04478100165896051
0.647940522974723,-1.631874083484393,-0.06694849369507656,0.478450754884468,1.2055495124204305,1.0161761447317574,0.5055119680409608,-1.2610177087418484,-2.411032207085695,1.7434312916007952,0.5943839038658935,-0.4284221756391541,-0.9030698108950393,1.9831678234669754,-0.8610207694634541,-0.6644372135631342,-0.9646539851618616,-0.25970709111846735,-0.49155519403596015,-0.603054048954191,-0.6129506223991118,-1.8816000281733762,1.0332492601889245,0.29282023105632865,0.22382222490542159,0.33360981303851467,0.38276579520646276,-0.24219015220004264,-0.05980753140273543,-0.30779261186345563,0.1425293264309546
-0.9144926490442907,-0.32752392589663226,-2.0141524563739424,-1.1362721714661945,0.6466773971172474,-1.4376511923114033,-0.08223864900894752,0.7173852439660336,0.7576950754025228,2.374561537112498,-0.4969831379428933,0.4110094014240641,-0.6364579340158296,0.3409736897410692,-1.1111867197384893,-1.746083282410279,-0.1005657310305197,0.5684680830147832,0.25014804840805743,0.31065834915059914,-0.23347976154364058,-0.13174444619141668,-1.164550276735744,0.35097072834276605,0.27714918653484855,0.20983218371923348,-0.21123213214260747,0.25448233207251836,0.4339037682205814,-0.10870095711916641,0.09203133494059171
-0.9102508816439556,2.2920541084291433,-0.8265448374102499,0.024453644795797442,0.834800568342114,1.0557834767758667,0.4840707959646555,0.15085147108906838,0.15238172262633784,0.0714873607843443,1.2319472183251348,1.5800152223082122,-0.5566604421771757,-0.8053410260219556,0.5701371938669558,1.055669422879532,0.1315154963218328,-0.1805285391728062,0.14147179074502178,-0.22084155180519377,1.2215446410886126,-0.4122696625769332,-0.9148368549579241,1.2671053180780583,0.6761938911574906,-0.1436247952787992,0.06544792835110344,0.3317561516692874,0.0009863164517845504,-0.48865825214323044,0.25752456918786953
0.4554875794928225,0.03095861087051286,0.37053368036509077,2.024043528845881,-0.17912608023326246,-0.4250592159345572,-0.21380803063794662,-1.793463777718748,-0.531800723531785,0.25844923053570096,0.8654800288635117,1.5815719441457874,-0.3289887300275746,0.7487289165516848,0.6767526838046406,-0.6009824502657746,-0.9408097352633285,1.148391858694476,-0.8042832674082475,-0.6694933639337012,0.7013165558767083,0.993658826747542,0.8999110935616748,0.8218312592434072,-0.9833848788064684,0.11394954852289729,0.774803346531175,0.14063513554240495,0.15611237249030746,-0.017185008247729686,0.22709573622383655
0.10041766350751619,0.8855511151935859,-0.009518202112580065,0.5579854598018713,-0.8174651964188123,0.5743820417844734,1.8087243561851771,0.2789853307766535,0.341609499240455,0.676436457815615,2.659721202673681,-0.8440299794518628,-0.8797299612991452,0.03715328966080348,0.4064003295418283,-0.8103120262594102,1.1354613570770322,-0.7341649479684872,-0.19614073322088754,0.7604709556030876,-0.9526695777934912,-0.5747924294589556,0.807854130516601,-0.9309091467525037,0.16806735171379605,0.47612913996253575,0.4937865978322842,-0.0800215947838912,0.07506037924716927,-0.31452241496671646,-0.2608407827281629
1.1266312103535416,0.7491017272505511,0.3944072177510267,2.3054323524980207,0.24518203597950158,0.10769774399206479,2.3784764275801416,0.6212709124339417,0.9348399631087843,0.911081645398335,-1.4948799032539624,0.19369260594758206,-0.7596252636638118,-0.24375230844151305,0.3145443627913412,-0.046542987771198946,0.18454562141308106,0.0679405464661988,-0.5073834287361167,1.5856304481608765,-0.9200696801326805,0.4869678664426326,0.5446073864347284,0.6491173855468687,1.7102412808622705,-0.5675784366638079,0.06894970727580843,0.11250173917897142,-0.6041675908468475,0.21051476091917193,0.13649430922222883
-0.5722304390762084,0.4119248686756606,0.6252536854258909,3.085789416059515,-0.40908259330488705,0.6173527664807497,-0.04649008568869127,1.90369416771874,-0.4586167289503649,-0.12028748907238947,-0.1151453155373436,0.4739339216879372,-0.5607097674549973,2.326408663749262,-0.9156189929722028,0.05424151990000606,0.44172396759974375,-0.11746880198484269,-0.8266511087134292,1.0349769009746943,-0.7196282243972383,-0.6033462258132245,-0.790782104397734,-0.29820345135352316,0.006061159842122671,0.3806945980296768,-0.018821276788850396,0.49085525343456254,-0.21872053504000283,0.20264492720430993,-0.37937560645393065
2.235529177577334,-1.2923462636839116,-0.7458346643709413,1.1448727813756625,-0.9322523158524381,-0.06509730260251949,1.9318026834455766,-0.8680433839564563,1.0679044294748337,1.578886172921028,1.7507586083804105,0.5048340517682486,0.04108341041996609,0.5810396990363693,0.5878634422548266,-1.422492368123549,-1.426925317852246,0.08409220240174183,-1.0121552916071803,1.9443182155426757,-1.0340586250293737,-0.8965390823269389,-1.1344821551322244,-1.0112436965772558,-0.8484117574714807,-0.3603312139686175,1.211441076757063,0.5249795930893055,0.014324104039045342,0.2759706755148432,0.11282731325850709
-1.4117507278179735,-0.20016792748784556,3.0011671955822927,-0.5008209300793517,0.5502729290471146,0.4804792786681511,-0.5001833591475096,1.6388904061448266,-2.6746222883085573,-0.584989322349969,0.8597888849139057,-1.1051826244873146,-1.3791296360894274,0.7978964685456017,1.0833943232287213,-1.3519877194752405,0.8309252774382153,-1.4086681576213604,-0.6705625737753389,0.5626494780800285,-1.8157969202454753,-0.4144301630110748,-0.27543130370832447,0.6552355033682196,-1.056547349070894,0.013985939010492424,0.5510465779855651,0.5503284105948734,0.1724752204503897,-0.24454640871597902,0.23560767787247136
-2.5759732540469096,-1.2703007251917653,0.010620898448759826,-0.1319963625018638,-1.028719887181058,-1.1166117538761668,-0.5613367851397532,-0.13943114737080523,0.3294011199605572,0.1091500018975894,0.9919842346738916,-0.7788877899080308,2.1511791418161126,0.8829168653845478,-0.6481763600403861,0.36231775698400764,-0.13778049765004086,0.44020145625136775,1.8888435226836102,0.22153863413161168,0.5393816570423222,0.38276030659849786,-0.1275538071485281,0.5491032744060635,-0.006717138867739875,-0.7768549148072982,-0.027917826549730386,-0.8034587407003461,0.17311193856408105,0.268158634549036,-0.06372231324550442
-3.813995203626784,-2.42507733105872,-2.006863804647608,-0.8094296760164809,0.6178818711667248,0.9101040815272484,-0.9844432982797052,0.13111293950756103,0.09221305441945267,0.7086044907762084,0.13971098639056648,-0.26049132554776055,0.3946585835421116,-0.9141012624256957,0.47306700469571766,1.7808689404791789,-1.7860712627816435,0.5692432788270333,0.7239100523969143,-0.9456420520568672,0.3691432426820049,1.043314065632032,-0.2753685057806588,-0.1587932975430736,0.014444835926724695,0.06867154613856995,-0.11888047084909951,0.3258022875958573,0.16859786744714098,0.15807104327329602,0.05664115143630298
2.5901764351466476,3.721516631658055,-1.0771828808286157,-0.8474715921259163,-0.38205058167265876,-0.13058654437260697,0.6063333987403229,-0.0991930127395558,0.6262619337331782,-0.411147499395979,0.8566961363154225,-0.5260976223990897,0.07139577339867158,1.1723631859840802,0.5123225831355305,2.2146559166662483,1.4536135353995516,-1.6231319997408162,-1.1691231689502897,-0.8354158375769503,-0.9955510434488702,1.7893488877515442,-0.019320692547638206,0.0778920166638278,-0.34394681560933205,-1.6620834653952687,0.46274375048683286,0.5760111227599749,-0.17989230945227996,0.26498561827470535,0.06964013367861605
0.4288855833935049,0.06280016131501537,0.6956946096939365,1.8984741956309596,-1.1029660085865884,-0.2789920275351285,-0.43410397275046975,0.31841282178167807,-0.7575935339376104,0.7063497665924525,-0.814344004928192,-0.00928701202311759,1.3881282761074145,-0.5561441367376393,0.5299302485717804,-0.1397373974755376,1.0413685141263092,-0.3477743605830189,1.3319044907214028,0.16868616506311834,-0.36504044443841915,-0.5520748878638572,-0.159555676749101,-1.3713282643259632,-0.7018688700993126,0.6872909669674919,0.325556015651434,-0.4107130857307068,-0.15742098773969193,0.20652785461127512,0.4476527287250913
4.703694369489501,-1.5433666702348612,0.37624624535898027,1.9179867177310332,-0.6726775469422056,1.035982705159125,0.7238731049355959,-0.3203940491851803,-0.8042391606827565,0.3328960063982825,1.6543917520230162,-1.2156830299915429,-0.32437426632332195,-0.8196314472878087,0.01143230248506054,0.7794426808912625,-0.6715345510312257,-0.7335886735730205,1.2935923011091546,2.3108891669889684,0.2075941559723026,0.43633004419853066,0.8107126583186736,0.9782462057999134,0.7727840658706134,-0.5288724923548827,0.47273764396183066,-0.09037789408926607,-0.7323441006761294,0.3388997470249949,-0.004117057945865439
1.7162395587173405,-0.5131625130366095,0.23732077765543513,1.8186370672183223,-1.9295778000265367,-0.7650248391354761,0.011427422256523233,-0.9254262642337853,-0.8121384547271718,1.7746054802847913,0.8482438714758846,-0.2957804298090325,-2.0001657948809566,-1.7355199759278501,0.8627919181550788,-0.22282454676541247,0.326455459696917,0.36992472887285066,-0.5544438389195032,-1.1732279701946875,0.07041563777570896,0.18960732960547955,-0.8888202285932311,-1.0953394614462904,0.1836595850349234,0.9234058797753218,0.5119230003118643,0.3023525303034382,0.18582900641510028,0.43273050475515096,0.16499655766911
-0.7632873742793496,1.6834982788188253,0.8424408365891405,0.9986345554081824,0.9209988725386942,0.6828644937162193,0.40051197968811864,-0.8640165778638135,-0.8792756240923613,-0.7470497845250357,2.0283601461237977,0.248455701518057,0.7276700471282567,1.804470263627926,-0.4569471706102179,-0.4773232836320199,0.4348636142892584,0.4000865262921507,0.26787315921431,0.3327052909015385,0.20487923665178917,0.052442778744945684,-0.2266240407821919,0.015459171098443912,1.5773836182525396,-0.6307219580791786,0.22089857967954601,-0.48537416118771237,0.15341849011712533,-0.1495707753511486,0.07684007774811837
0.1189258664189595,-0.7802076499347065,-0.6033506544991326,0.007628244824105615,-1.586977714785212,-0.3400887844791253,1.7839083633018127,-1.2005305264078643,0.7997162485281434,-1.1266932562225438,-0.6360999455421845,-1.060224415365232,-0.9719194361176122,-1.3325044216600148,-0.2149982128005252,-0.4527570436297009,0.1803511566627469,-0.8929620134800715,1.71528917622996,-1.5477219618619353,-1.3109784260566402,0.01042627669976323,0.3842801144849732,-0.17393864568719794,0.2754141869835656,-0.2513173690071786,-0.8538535101952788,0.051963858511054103,-0.30871035469857866,-0.09750499950878248,0.19937948642207093
1.1170843417022205,0.044158239966835953,1.654236045741358,2.052625865891226,0.43229033430270236,-0.6448442010780263,-1.3235812653938308,1.5406064372143207,-0.007572107468777699,-1.8633462693363956,-0.849688577924355,1.023157548471891,-0.9985908132566308,0.12361321393709383,-0.4631612042134984,1.208946738711198,0.3134573886899513,-0.4304054791136961,0.5445655817603858,-0.07850787458322767,0.3793947153222313,-0.07023834004491933,0.6834342445390305,-1.1420857869340593,-0.0723151794317677,-0.20423774130744593,-0.4162211021365122,-1.2043378881981746,-0.5820412535207973,-0.13532946903950172,0.06248177567816883
-0.12920346427434323,0.47397745402364144,0.02493981290138745,-0.41796625802162995,0.00790531914302376,-0.9206701479308185,-2.433934083926533,2.3293215658582525,-0.604914523259662,0.7590137227301168,-0.020046670405562787,-0.46466462653169294,0.34801357151823803,-1.80328244061456,1.8706389887400678,0.6518262196523954,0.8798513082717384,0.344765012354324,-0.3573579314778668,-0.38462072662348923,0.20272203708530037,-0.3320388051116861,-0.5687339536016477,0.030374053010861157,0.05112721954195026,-0.1947489136083209,0.35509287044381616,-1.1123365936122636,-0.08590144763100713,-0.11105423926950378,0.4657244137276141
1.607970917232469,-1.0014814813215014,-1.3054759027314489,-1.6215201620882573,1.0290349327683792,1.1432516950652925,-0.3127945289445265,1.6003728273109734,-0.6093377406276033,1.3141933295209922,-0.8074464924487151,0.3988097402943525,-0.07110007177027873,0.7427231170813862,-1.2030573393740678,-1.5096736227256569,0.28296373183956314,-0.028626051223020622,-0.2801050353453056,1.7513069340091874,1.677022385381064,1.0779739249905504,-0.6315549922520489,0.24724450765446757,-0.8497478443314107,0.3200451297096063,2.104015884301243,-0.7005944729883488,0.6009301754808122,-0.3579691243203968,0.062293006155422576
-0.01037334883248922,-0.6154183784952496,-0.24012183789840658,1.6234145481262678,-0.24721204746445583,0.4691986810392351,1.702812395650168,0.39848706775931275,0.7375467625013374,-2.6914916360190313,0.32800958843917744,0.18088724659285366,-1.5048678689224158,0.32245532638898744,-1.2719234833768978,-0.6562973871517307,-0.27875614219876665,-0.6032349620598174,0.4502485451197865,-0.07525829212692002,-0.4638015122910537,-0.15343218882709628,1.2262043869116486,0.7994841127580906,-0.05540419581649147,-0.7293521853510063,-0.5422020502720534,0.4556372974792223,-0.42118428094289995,-0.05469408144757776,-0.25278821565854465
0.5129697667692229,1.0155338347977516,-1.2898359244551676,-2.049540343279453,-0.533390167993326,0.7189608386276355,-0.18053008548609714,-0.8092529993805959,1.1028948046662395,-0.2907483299588803,1.9714197616452034,-0.5106755279147664,0.20342428937222928,-0.7378753214213633,0.8764024693706993,0.3361422288470636,0.8418224778724573,-0.38668830591000425,1.115649977634516,-0.3526936626427222,0.547286071176251,-0.18531160552014714,-0.42480362288099544,1.0392339920144598,0.1418633505844207,-0.2497068949556377,-0.23839096390566464,-0.2134093011233866,0.09486046575149483,0.42064226203637906,0.42022959614902794
0.6050405470899595,1.844381679317836,-0.5386251951060833,-0.10347351976848843,-2.2787294403013485,0.19340458200353206,-0.00622518619390415,-2.535345871002895,-0.24784212069264178,0.16945004447885442,-0.5266664554966155,1.167563447925562,-0.7042098525920014,-1.7346440078094365,1.5332107347049488,0.4918313018858731,-1.1113291529543756,1.3846123920864173,-0.9280348370478864,0.1092117900714698,-0.27222164363904416,-1.2686058775720064,-0.45345018733617803,0.17230947705195362,-0.7538901611166073,-0.19294216485261498,1.07161659496121,0.5428956894378872,0.2293160995244521,-0.3065518940420497,0.15178654044457565
1.6976663595807695,1.635046642022632,2.7707388893253464,-2.6290556782778243,0.8052806318379193,-1.0975639217554902,-0.02333890487837717,-0.7651503957344342,-1.2477607507964217,0.43156251554171315,-1.4940569773974175,0.8953965953381604,0.07641034396428453,0.5561527535873789,0.41791564757797256,1.0903562039928132,1.5628474789209055,1.2024409027426157,0.6743564613661309,-1.2477723317791989,-1.40040871360731,1.1608925494695281,0.17839188109771337,0.1405498082677715,0.013001545819969824,-0.23462485027786162,0.05164008780760694,-0.2062465390242584,-0.3410717556645264,0.6953442991126892,-0.001732818058756768
-1.3459337613683924,0.253939861653365,-0.869831712362001,-0.13641234722970358,2.3659474370429137,3.421598677884508,-1.3845046508303958,-0.5284361007841126,-1.056975899348435,-0.4296976136156461,-1.2866807232029545,-1.4152546109538153,0.18178313766401766,-0.2416827033926355,0.6985271217024797,-0.4916797703325239,-0.09037340638798912,-0.22343389669214278,1.7924076738055343,1.8715235682863105,0.6213548946110827,-0.16439127897359387,-0.3902549430911993,0.1427638727493767,-0.05440748879722445,0.2602541378466084,-0.10126145733352464,-0.15995809176103593,-0.35860971526896984,-0.016682159728175685,0.11347434648511563
-1.9115017238993541,-1.7768867498309038,-0.8446354735372658,0.0032034613107883077,-1.1265660739122667,-0.1622939194347632,-1.8381206115392696,0.20178801425212506,0.4862446171236972,-0.42596825758300383,-0.41759280398161436,-0.5495649881670043,-0.29130652484951985,-0.6927866942968982,0.9507105408861533,0.279054024690876,-2.7203017557179847,-0.39415080459080143,1.6683452898810205,-1.4757259345073925,-0.2455684387899445,-1.0671018302923412,-0.3174689406255089,0.6991162441528396,0.14808778432934008,-0.6080677708558407,0.038329268116413705,0.17276270731231647,0.34905169764187044,0.008600662807687409,-0.21445643063336747
-1.9774759124744503,0.5439269665570099,-0.24944888988798725,-0.6237259306297883,0.21950800229160383,-0.40993732326419596,1.4224506437358033,0.188496686840761,0.3057486471598771,-0.19238016302429028,1.8420931847912652,1.5042045835113556,0.29466290072974266,0.9389760360082529,-0.7729343935931896,0.500689731956458,-2.031055190394492,-0.38113244203590185,1.868523172885898,-0.5986356632992528,0.9734624757895992,-0.00504218040273727,-0.7683064049405716,0.6465911153358418,-1.0340239512795775,-0.34919027365661204,-0.0712838384795885,-0.6527499394670043,0.35597996958083616,-0.20608546573360137,-0.1497495683347099
-2.070933992460069,-0.5273403017194459,-0.77776979141633,0.09805047928931448,-1.1036682191489242,-0.5441964784361533,0.17884979892088723,-1.665815190639074,1.5733958272490218,0.16590832095142302,-0.6571336636829292,1.1827788262102992,0.35379266245495233,0.41790929807123195,-1.4044039557569865,0.27862324558429247,0.9152723889950879,-0.2582737186349878,1.820930558607321,-1.1162520814229147,-0.30755750684084643,0.5149996366434748,-0.13498662683268842,0.16209653519458794,-0.016705432324809043,-0.6583748655713372,0.11769695804769471,0.2100608215126699,0.2936702543043301,0.10865687959085055,-0.01693751283488936
-1.7353838540906192,0.34118734766484193,-0.79269972757889,-1.2188406517163377,-1.5552983053936382,2.39238775948501,2.3000471970971246,-0.2635330337582452,0.6841593498910785,-2.349890351972768,-1.351475550328009,-0.3933979072239703,-0.011720099745911993,-0.8647076975256858,-0.5250248203362389,-0.8467832515116398,0.04184594715251914,0.6826834662995277,-1.5759411929820675,-0.07206848568029547,-0.09378838987357699,-0.7906766513835252,0.2506297660452198,-0.40201547232261836,0.5237084090174821,0.3873514698247055,-0.014733623214246759,-0.022860192647706123,0.10333291229061226,0.11040567052389622,-0.0029721242996031175
-0.8826907181176803,-0.5424469565856913,-2.260685257237822,-1.2459971206133456,0.6125886062013648,-0.7638946346071166,-0.8388764037307155,-0.24202964439649713,-0.5756574163663324,0.9493898648880466,-0.16419079424683503,0.811802867289989,-0.09585482589388956,0.9553503915422723,-0.32044765773541445,-1.0102217460038354,-0.16525209259669393,-0.7243772791939068,1.0962125643660765,1.4007388495927622,1.0894519471021455,-0.6638740955694383,-1.3816483049789612,0.9141799263158942,0.15020218575006244,0.26195291812804083,-0.5137034589326757,0.5578293360627854,0.07256342759019677,-0.30912192184117493,0.002501734157077426
-0.15403519652617806,2.2656088688610128,-0.5609130927619805,0.5197421332999385,-0.36649443071215343,-1.1313102465865783,0.3128553474110987,1.2771254019275315,-1.9105422821513267,0.16631798691778607,1.2716232819625521,-0.5288720106893041,-0.8181981013202059,-1.2961413505060535,1.0629197167188091,-1.1974258675842446,-0.7054766580756189,0.32343680970875405,-1.650577881454915,0.5865960902441039,-0.517172586001655,0.5973250551184449,-0.735466519267765,0.2752457811977917,1.1271157338232558,0.6252673390742114,0.0025382034322174096,0.3231817287316003,-0.2372176165180709,-0.2102117243913959,0.33738797734275355
-0.3952351851741387,0.023863510335714336,1.477232450390578,3.062337572721868,0.01969329773593209,-1.4423788802087354,-0.2978747897749232,0.13481037049301745,0.32760445577647296,0.18555863981172396,-0.3958798973081931,-0.9911454092451079,1.2293027267377439,-1.026172370165672,-0.013896769181296896,-0.45788927454267475,0.7519812925800299,0.7429597598674997,-1.560650880223999,-1.5573877493154622,1.5197205244668754,0.7043737724620431,-1.1060185181974558,-0.8477590214739759,-0.12927954538552122,-0.27278086220925946,0.13411131159849204,-0.6791686115783574,-0.17603195981843414,0.3696043162504779,0.16347361772006588
-0.8684268953119257,0.41272846858844553,2.183663561205198,-1.6205722064933348,-0.20539676649908187,-0.9656609327148034,0.2561212476603553,0.789912691928877,0.5500947961634709,0.9702529836597755,-0.5745657171142086,0.8169145075693048,0.6989080342778317,0.644768734777991,0.3612863614999687,-0.6992951726426228,1.0571887371197377,-0.440487691832499,-0.19781518537334883,-0.28156640368376207,0.22482281208480162,0.12866470216866638,0.12637710017899356,0.1753595256824743,-0.8256878795601286,0.14760657905469587,0.7662072716209712,0.47677758714472507,-0.07538546592915406,-0.5152270151449522,0.19788057754219815
2.0986931546693084,2.2201963371794546,-0.37071864829837947,-0.8423825369199242,1.3321483862303856,0.0815564721330826,1.6758561804249221,0.7024736553968246,-1.1929545145126883,-0.15625392940539298,-0.5382509436993844,0.23013882711924336,-0.16982462643514962,1.251018699699892,1.7936022799232367,0.6844344539540235,-0.4568458669959286,-1.6922902390480228,0.48248876739901286,-1.7745767556612715,-1.2954675010869812,0.3403361564476531,0.29058662815961006,0.15396310404590172,0.7369168812887728,-0.9623121096483955,0.1472730388715983,-0.3198826470762794,0.1327050115905616,0.6276112671008822,-0.1979996912292451
3.7273913318652308,1.510597765567239,0.36381960928232465,1.333325830672539,1.400536635190277,0.6906044574326005,0.13328624278193485,1.0065400587386868,-0.9293609463376615,1.0960745145155983,1.678530531828785,1.1100394540965992,-1.5032431514346118,-0.2131267399195755,0.03659109263500879,-0.5840510250189029,0.6748298249140595,-0.7958142254870345,-0.8612052895355174,1.6678380442238838,-0.6396567493865671,-0.3831491638689883,-1.1078749722177295,-1.2647812744073001,0.567750011067955,-0.7700849540680986,0.18453076665343748,-0.37330408992084,-0.6037242065053663,-0.19823974643600006,-0.4721020060606448
-2.5277523224524887,-2.3880976289881293,-0.3056364840093436,-0.4124527071050533,0.8441449752800964,-1.9411011682447032,-0.5281832336397754,0.6733911556519269,0.20142370434084586,-1.371302842415116,0.18267442484040947,1.380259086167009,-0.9026664227654643,0.1879867506492729,-0.2345467915937145,-0.056423717573599486,-1.1223657003320036,-0.43342423790936985,-0.5781074433952186,0.03288585731708685,-0.2433142667418272,0.4694020933561193,0.0005306673112423726,0.7955942209077668,0.1508291348276712,0.026382026080104,-0.17167349403895224,-0.8997563567819299,0.388522632133123,0.19712418376657392,-0.13176207312452978
1.4450237053480175,-0.6057401526420744,-0.081165490152214,2.1816659501748186,-0.03884152463958549,-0.11617035025821233,-0.0299601175685742,0.6821314765931359,0.7097901164722886,0.12015919722480528,1.5517907974577718,0.7491161961846512,-0.07047390275905505,-1.0121974421744504,-1.1791724686390324,-0.006999282854822709,-0.310992589769976,-0.48932173021109715,-0.23529981062600092,1.0868324620580314,-0.09385505233320601,0.6997181455858071,0.5278935631315709,-0.031002211104024596,-1.034365019809918,-0.5266509548572464,-0.2875724839223433,0.14388901727951758,-0.47398000612211705,0.2403698925036568,0.14629626305793908
-1.0547558300429256,0.17145672022204422,-0.9876431666366587,-0.05386086054035042,-1.9216568700782168,-0.9842605169741477,1.8855331717161017,-0.5203945600618083,-1.101220961537433,0.2930370956105836,-0.10560410367159702,-0.285495833181472,0.9804874206868992,-0.5352692612884765,0.7592959422410878,-0.18620589549306477,0.06306702745406122,0.19485582020216544,-0.34018523995137284,0.04828442073468585,0.19175475323055954,-0.9214985419107183,0.35097921194866694,0.06307074042637406,0.32494402084357527,0.3924080260656357,0.0392256250361162,0.6698949466983946,0.48434123275050156,0.7717461559974897,-0.03249238479349593
4.441291975194151,0.14189067636599875,0.781851832701778,-0.2754715273737147,-1.1810714742815602,0.7262313252497096,-2.035283441873499,0.7141366518136947,-0.9042227736160636,-1.307070747037187,0.4498286933938029,0.27715969231643306,0.8664935528093957,-1.1924495344600379,0.5697564057169392,0.6320459676680842,-0.12164341899267132,-0.9976174712594854,-0.6842376874027225,-0.9345058959974016,0.3793766115851201,-1.425286567155763,-0.6281828338782134,-0.9566854298666747,0.5493359441272391,0.6822710782308259,-0.16110306122940335,-1.1172012222683279,-0.06119420343257229,0.8528854817855371,0.02698805161494935
-1.2629954031400208,-0.2619446058235778,-0.2503351107654038,0.26862843776401124,-0.7275163260751678,-1.9633372454856022,-1.9436681464432202,0.2911270990824167,-0.9630708120259848,0.8177430624099559,-0.23754716216328614,-0.3701244326452405,-2.8555583970177865,-0.9825779381290376,0.10286065393277417,-0.2911156909677918,0.500290116378483,1.011816775651834,-1.0027902188443787,-0.8426634757860457,-1.1945509395714387,0.5199425997306952,0.2953711248965531,-0.24326556554004916,-0.7687507592901346,-0.037366276163916995,0.054635633518737035,-0.32572464054871786,-0.37673270068027964,-0.14551859384924704,0.28446048747532643
-0.05139604889598433,2.0923271723795795,2.858696399770106,-0.4388923326822321,-0.021459692217280373,-0.6277811446601685,0.2305872060959423,1.3171277469977611,0.10258668278331973,-0.0016278109266185804,1.560154854083837,0.5059073624837725,1.6213364699796837,0.6776835323871655,-1.8673487237902808,-1.0598316804898684,-0.8167746529118569,1.0693688395325067,-1.2179234183128458,0.1614628712698256,1.2001019432890356,0.13548551220642796,-0.6550437252162888,-0.18380016018406833,-0.5776956665646479,1.065634775061632,-0.19772592770099792,0.7015092427619569,0.03640000960437387,0.048282059610203154,-0.11606741190981593
4.503990300743656,1.0836709632581865,2.7145333043965243,-2.6106948440831665,0.860065458735213,-1.0968424414478397,1.3896378846518214,1.165359370246027,-0.8815655204457898,0.1964812555430033,1.0786391854698472,-1.3109802656859189,-0.9268449643760261,0.6082855393281736,2.3661970357544373,0.2846370386132261,0.9655177187718599,1.0727729827734012,0.029394735657052046,-0.14650186867318,-0.4493575625684897,0.6135144959403429,-0.09412905878632072,-0.3916321888676729,-0.131432212482985,-0.41673207138884133,0.20596206423545554,-0.11603643305025244,0.12700455301132374,1.2354576882892383,-0.40775573993979175
3.6882895997056995,-1.1509504262295431,3.48056793941602,-0.7615681279703334,0.3734959697946738,-0.3623810314673112,-0.25907366162855966,-0.09650608135451821,-0.43731184197351447,-1.4503973400353403,-1.0217928314163471,0.10847511294205317,0.9370676019863536,0.9675295375099643,-0.5794067011378649,0.9904651574624835,0.8465284084437115,-0.8052911045501508,-1.6265126678479283,0.24636613776833233,0.2727945011337323,0.16813258829592986,-0.13318581985218636,0.18320788937011387,-0.021590983277221892,-0.7756915224497757,-0.11386178104758438,-0.3132949021189528,-1.3636244839933365,-0.4978060786927718,-0.3734421193631781
0.7367649650655217,-3.384933694668073,2.0134070383371894,-2.4649866901391455,0.8627276463977044,1.1651992981003456,-1.166140957486231,0.15248868933617807,1.2173141488924384,0.8121004323440199,-1.3638687429499614,2.33851607998634,-0.9886186195658421,1.345020368916559,0.6119408176413788,0.8436065273658632,-0.8382979932359299,1.5601204042595795,-0.7170758759798566,-0.21391304632763442,1.2133719885443424,0.5581421719596026,0.0654458747436377,-0.2820981344165786,0.11510633909914506,0.2758274321771425,0.16524672083648842,-0.03441657921181749,0.03945037293729908,0.24243137105702667,0.16272044528992596
1.8610716534278415,0.36251248819840937,0.3167150984264413,1.5596496635343724,0.4048358497629111,-1.3023154305147795,0.029248497051594678,-0.4864220678397642,1.0177650184940452,1.589606730362471,-0.6495999635019953,-0.026700036306470012,-0.14816754331013418,-1.065721175839941,-0.7423341413192266,1.3041103181786249,0.7798470698764783,1.0252846350516678,-0.17710317843856319,0.9373786030266662,2.3703800758191678,-0.15558638638439062,-1.1708258622644934,-1.0899212824669091,0.5095203448693407,-1.012208131501369,0.36643575579828686,-0.14639380277193875,0.3328474511959039,0.46220450897905957,0.22162822526196224
-0.46508345212107804,-0.9417959050909473,-0.41221193988601534,1.4011982266499516,1.5121260297783952,1.012263673612395,0.17435110352953814,0.005469898259012054,-0.286525677392699,-1.6056563336229341,-2.1281508667038294,0.35113801636866654,0.15635637851603584,-0.6184680098383504,0.48639372116410357,-0.6644812814358447,-0.25321872564764536,-0.17705624583528637,-0.4551609362921401,-0.014429627933424059,-1.4663833000242246,-1.6817283170905852,-0.7646987868711643,0.49822342674768444,-0.6522584801391506,0.46958263562766084,-1.781861818657032,0.18442536674026144,0.289953680028151,-0.07286242750366928,0.2563369479563135
-0.829186404100582,0.07492883706478758,-0.2026379587935473,2.091935969890505,2.110178429355151,-1.4493651542570969,0.42209022101011634,0.20899378804222152,-0.12887942656963605,0.27237434731170096,-0.9761005527362112,0.7080778646878277,0.709342798113673,-0.29853708951717983,1.224574273153237,0.16522785616753563,2.1600177266664247,1.2549220872930567,0.5311836595080023,-0.5537614177830028,-0.08403589582107403,1.0764238521812572,-0.40093512278592414,-0.5575365710504607,-0.2628750175333593,0.2473658773551188,-0.3994698781094893,-0.04606430240310115,0.006415133852581283,-0.1481171593969971,0.07642199714278622
0.02840768867673585,0.2575208828204605,0.15074427747523914,2.4094532203155827,0.4448704343415795,-0.45586248129626317,-1.0387170409739332,0.7384016767989922,0.13722786244057347,-0.3133797782101173,0.5088116907888273,0.045984992548788454,0.20725393995369754,0.18564707624292667,-0.27214815324755,-2.3193840160408747,0.019683801289761743,0.8970844229754351,-0.15058383002241968,0.9462199529286414,-1.0259253526442953,0.3190579186738501,-0.3693449186867184,-0.6547515332773771,-0.1514277809598865,-0.818907761361192,-0.09221489394820293,0.1720879051367354,0.023833788103357373,0.03494994290042801,0.1535380202262032
-0.7873573050937144,-0.07507883590681887,-1.0045906096610198,0.9687469978979706,2.169470722641045,-0.6956159515258628,0.5760409115671226,-1.0031466244371905,-1.094976637276528,-1.5840452237117821,1.4411556636749776,0.5379268691487338,-0.27406507541253133,-0.019085632705398946,0.008096148063290147,1.1799032779343837,-1.5979919953400425,0.28815358674973424,0.26662037990163995,0.6466670282834045,-0.7716502202251737,0.5378827421704476,0.05030052228758836,-0.038449445326224796,0.7008085997441993,-0.02070800476709025,-0.6614687901958691,0.791588373175482,1.014598747189273,-0.5533368022565751,0.06387765896729239
-0.5017308502679144,2.130580101941052,0.11711838497081625,0.0008581875932122588,0.06205733093640676,1.8160736664119468,-0.11795613397983855,1.7481591948038333,0.4578629288146824,0.08485120174760831,2.2849382179254616,0.6615760321764312,-0.381835290907954,0.32133318831460816,-0.0935469071126755,-1.0368305784092964,0.33549661021710864,0.1563770057789911,0.6003549693789623,-0.667953518165442,-0.3453167653545265,-1.3286777332211384,1.0555355416338679,0.21341510020708668,-0.5980233640097786,0.7219837316993265,-0.1313312746209627,-0.4267683580564617,0.36617964864843666,0.6503465577035193,-0.13540136889050722
-1.364836385219978,-1.1237428266692149,2.41431402753503,-1.9366134496680936,-1.4889055377481353,-1.0583792368039706,-1.3899618954649209,1.0259464856197162,-1.2998377542365722,1.0885204969463649,1.2698577738579635,1.208930485530119,-1.017444309196661,-0.3368789790391931,-0.5701367509246649,-0.813587166810907,0.0362038080954263,0.15238158771599633,0.5872268125556106,-0.5771992910657195,-0.6259702495147138,-0.10891872746098794,0.8014030661274298,0.053665968332400754,0.31903681079153884,0.48230896028955395,-0.019776902268640095,0.23397298861376833,-0.29559705197988645,-0.21501009025990117,-0.10445121342169271
2.3830957608362033,3.5591153716241597,-0.7527023412978947,-0.008148257673590517,2.995280479081398,-0.5901799240242672,0.21567653051532373,0.1334848086856939,-0.028861980305024834,-0.26406116693285997,0.869187207581103,0.20560861334399919,0.05564755264370575,-0.7771914614483264,-0.05697240869373648,-0.6036161868971478,-2.111929696181531,-0.4964743979738013,-0.7266774056798788,0.3689493388155865,-0.49588105944315436,1.3487014274843938,-0.10686254837074438,-0.234186769671867,1.1659841335331873,0.8194336581175403,-0.23476890990257468,0.15774760649566916,0.4855386529098502,0.896269384069338,-0.27761449295849794
2.100155412748006,1.4120844304994424,-1.3231046160076314,-1.9140761305171663,-0.6636563056227768,-1.3596324508456208,-1.1773403019854927,-0.7948838541363209,-0.8458723360362748,-1.0060774150067766,0.4189398111109919,1.2526465942957679,1.0423968219426605,1.0076381537575896,-0.6132802028328318,-0.3546900567446958,-1.1597249229516229,0.27441616726933477,-1.021739331319172,0.09527586587220951,-0.11075020202164683,-0.06680723051519782,-0.019282767771947783,-0.2737262025261041,0.3991956415670947,-0.11181185415973414,1.3608505703926603,0.04419683828759847,0.20493539981479963,-0.06790498197050969,-0.05195205406659882
-0.26327107833932745,0.1183745155306031,-1.4574917813253796,-1.859811215882889,1.2514806611030904,0.2162935400115119,-0.6399401235604647,-0.6209939186054031,2.271441554422532,0.2542859757493901,0.2896483848453084,-1.038603798577387,1.5257987353547502,0.7970536520014362,0.28709275126788314,0.9083580053694479,1.3340636172119356,-0.7987863849156261,-1.150838414468949,-0.007342523677627814,0.07334711480769017,-0.7777042653169585,0.21127990647214723,0.23315384812123674,0.3745961139436771,0.08399924227843837,-0.5660067094149381,-0.18735261604760106,0.5367559972881721,0.8147718835500348,0.4598743111641919
-2.83917484786313,-2.0974005541288308,-1.54221878859009,0.4293569867082385,0.29079059284355835,-1.051596394438158,-0.48372501445270694,0.5851610887689402,-0.47624895895297686,-0.17973264648302167,1.1624609618621877,0.46753255562359775,1.7073429826507056,1.1064433189165226,-1.5862316821513103,-1.00685276985884,-0.08235978020553049,-0.5337032053780664,-1.6459222897977313,-0.1380273403037162,0.4335025784021326,-0.5337098958540464,-0.19465132527188528,0.5058500481731798,0.2147868500997187,0.018499072941151298,-0.0753014396831764,0.6194300683175487,0.14797699225510286,0.07126764943058536,-0.15434825769242252
-0.6638509564610205,-1.2214278586139728,3.123915178448728,-0.9560268255348905,2.5537724683631176,0.6623196831263177,-1.9355494854242525,-1.5892723348687707,0.5119419592374153,1.1684286434372746,1.124602508672389,0.16862040823038463,-0.9358128097716896,-0.9511292121289526,0.7538884307021618,0.2577572509802372,-0.6743657082846494,-0.3292706044645594,-0.4632125554541875,-1.5349773019067618,-0.4413068185890161,-0.106141805440197,-0.16629943466665803,0.2169550531347908,-0.8694424932957353,0.6496019603341977,0.41518283183284327,-0.22183012067448968,0.19454191573774735,-0.09140779446176062,0.046306660521000215
-0.7246270525940858,2.7173808157231796,0.4280339938240925,0.5643560565333953,-0.0934403060384027,0.7096118016159759,2.2153639425836564,-1.5446170012113056,0.045007787775073804,-1.206826029533831,-0.22681468555610718,-0.44087854992831516,-0.6727213227652338,1.416530463806511,0.31917942939746097,0.5205294213374971,0.11743714625656569,-0.8077753819582547,-0.6092013354089931,0.83618838635073,0.3451150291006294,-0.14356074563095256,-0.6337687588298556,0.6920754349921762,1.0543859332910603,0.700661797028867,-0.0662264315141515,0.0810055982779153,0.14816911510325526,-0.10196687476594485,0.09020321351325208
-0.9927692557310508,2.986889288902074,1.7629944222150615,1.569928295050498,-0.3799970133038341,1.0079267800168428,-0.9228445666940541,-0.008001746351546036,-0.31454470453555516,-1.27188087162642,0.31959898011975973,2.6328396304291792,-0.3504045691739771,-1.6530596331404244,1.1683247374538308,1.0104354769102026,-0.5634387069958002,-0.1668504365337323,-0.13641486126054345,-0.9422368337204381,0.8889729559873825,-0.42049393551831854,0.7804538605093644,0.26551153028638885,0.7028418390503997,-0.5551411571483847,-0.05447289858085379,-0.874922041161287,-0.1090881839208068,-0.006879276130735455,-0.10778855140820891
-2.292996309201169,-1.0493166051152565,-1.0436914177010075,-0.0951990886207813,-1.9996325375706856,2.0802221421717437,-1.3272122972144262,1.2723470218415576,0.3291995765000968,-1.3381607686039514,-0.06392855955083906,-0.2950714791175837,1.2332296965621556,1.3201864940187011,-1.567804756532903,1.6929213509165972,0.11806220470492922,1.2177680570529745,-0.2280436399765806,0.44744713956590537,0.6439309338904818,0.3332824091857303,-0.3077398134533134,-0.23545250261706066,0.25211775186950136,0.26831294226745805,0.24742940727440377,0.4770502657251351,0.07116428796574867,0.053019701183920666,-0.26691094130768234
-2.0638910381746123,2.240490913261629,0.30559916865271636,-0.44059451578085856,-0.07920188688387901,-1.3668706012207275,-0.5688998484721185,1.6798091924043037,1.1038530915456313,-0.6981030354563438,1.2610284692322529,-1.9532913258423432,-0.9368006768621213,-0.6478895507178913,-0.8007571561079749,-0.7613312786155073,0.7134967445607868,0.6682147000661102,0.8277981752710261,0.9835833657451526,1.1588385369864715,0.4340304491704286,-0.13206789081677248,-0.07965529750370956,0.14623590442920023,0.2557767675053075,-0.14469321463774512,-0.975690822148968,0.2967837790842798,-0.057984641741269126,-0.16035334816506328
0.4458596989642021,2.108655440070951,-0.10386475183726124,-0.4979617477552217,-0.8734974290217391,-0.8420935601836875,0.8856227533431934,-1.2509780454515858,1.809699998044753,-0.5277716850900658,-1.0637830620175588,-0.008486203302942865,-0.6481208956000835,1.9209330165166352,1.8374228181397014,0.5532908457471803,-0.7486404508638959,-0.7713094832489534,-0.8498749519555094,0.13997916167483826,-0.08809488904040014,0.17053616217583345,0.9446771367335265,-0.35471449425805723,-0.325540448350277,1.1739230776078418,0.15990601312683378,-0.31237850671420675,-0.537546334760297,-0.4303763456435266,0.4702568862253866
0.7908156204612037,-1.5380045659387596,-1.1619056776868417,1.053079986031773,1.507957670525665,2.2784120748876506,-0.1586084204343627,1.2164511781374638,1.0062124141241757,0.6218944181011411,0.11157737398234815,-0.1963701583343413,-0.4712051653488708,-1.1367089534525787,-0.28751601185051906,0.8228689703805943,0.6196758241413345,1.0331877070288085,0.7702877486105609,-1.1252455385610889,1.644802887884152,0.3204347522574124,1.6876968573644975,-1.3275485719866822,0.7280703036889284,-0.25850732674617727,-0.10552998591857028,0.5098329948822078,0.04207185668914304,0.8691244906830682,-0.2041675187908059
-3.0324967594129695,0.3210661815065632,-1.2032553099440155,-0.6706060936601093,-1.5534166265863647,0.48971733553660324,0.8791609090600768,0.21397579968285527,-0.11118342464057966,-0.41273072148251005,1.0962889165396275,1.051114818203798,0.5708005839556601,1.0240927307376955,-1.9242720669247235,0.6936766574625107,-0.013587268794884996,1.97019917325491,-1.0242123630289786,1.1834504628006597,-0.25754895039791154,1.5956791323744748,0.5583120440713755,-0.9273117573821424,0.24106174094237423,0.3250688537567645,-0.06910053102462159,0.30808857165752346,-0.11113371497231388,-0.28887851788236735,0.11803758334715748
-0.5433665988627145,-1.9705862189262289,2.8282601929214333,-0.2733835069259825,-1.8716495179547497,-1.6438654285304293,-0.4920477527060297,-0.5828862129558259,0.6431673422806272,1.2996052196593302,-0.4812298924837711,-0.6288890150098433,-1.1319489751301195,0.1576995503823332,-0.3029600600594935,0.16824814680766678,1.009372908144083,1.774181026066067,-0.04853785783011906,-0.9340913372381541,0.8353350479322592,0.6219830403922852,-0.3491625705376196,0.28627727128033004,0.1345344572777925,0.29772017703299286,-0.014837457970922976,0.7145872681534223,-0.27512074661816244,0.4828111718632959,-0.1376161606052301
-0.776442336080326,1.981012010494611,-0.5529448610399188,0.45853301377137323,0.9516110119776201,0.7977292836218258,1.1035128176203972,0.6329653275756093,0.4972942612397089,0.9742240384098046,-0.5983866915570797,-1.6878387054165034,-0.3929398785562763,1.8680598819161485,-0.3952197468030932,0.42243684664467296,-0.6624402402679268,-0.47422359459493507,2.0345284813628637,2.20902446944736,-0.6264877320603487,-1.702441492640221,1.3610478788436595,-0.33525903729449746,-0.9262022283323315,-0.39195481490409995,-0.011314271871273464,0.21960852148074236,-0.4714815708857383,-0.6761290587971337,-0.18831610838916343
1.9044056361198076,-1.3110387102353331,0.6821734719219998,2.0288807951285595,-1.6001538173944587,-0.7556189302195087,-0.6599938887939292,0.12621479005129488,-0.24815515647442044,-0.08888123314585665,-1.309789411102604,-0.15712082570246064,0.3061615113652418,0.13136974414571215,0.28663717207392947,1.3312144236196082,-0.7317895450809102,-0.10982573844792552,0.4004452862742908,1.6751210271985941,0.6649424945067659,-0.7474325298409161,-0.3719810527496093,-0.8336843311883804,0.20519256540839015,0.28901784972269595,-0.6597867661075367,-0.1333518312957188,-0.16476440945669554,0.42837461796167625,0.266221122249236
0.7357317703931715,3.1905169358208125,2.1347267116308553,-2.1391609660350963,0.45012827560863117,-0.6921598426246873,-1.249222883563717,0.20449426548109928,-1.9929582055723887,1.1683991470256057,-0.6223274599833737,0.6397118667022526,1.1240142005129772,0.34019695984720266,0.2854809985940728,1.6130002880190377,1.0765331868137136,0.9068740050458918,1.8667138428322552,1.0355403518752235,-1.1921517413687928,0.15412879376273886,1.225006818160982,-0.8247200032345066,-0.6473938992832442,1.0185980937480366,-0.17172419093391658,0.6107983002238999,-0.4970990085400607,0.08424710239270615,-0.05568052760579199
1.2978376457504701,-0.7013519541103056,1.8664519352570437,3.0362092554078237,-0.7979987346828346,-0.2688192103373132,2.085082557293761,0.8731747795517246,-0.0072874216134146755,1.3250521118482643,0.5146322322489847,-1.1030420609136493,0.25694679336179566,0.24661746091818246,2.4566269422650695,-1.2707227149004268,0.45576505946381163,0.728498944689937,-0.09028078529656242,0.15199678375723147,0.9909297021799096,-0.6172988551096559,-1.0802070636025154,-1.1668305629175293,1.6858686300767423,-0.060591349322681946,-0.16632041565899255,-0.7393876345077519,0.26736817380100714,0.6635718722157122,-0.13195841501337593
-0.29162225677874243,0.08080605361446766,-0.13329864779801764,1.4242076180350316,2.1998171343327817,-0.1675757565949845,-1.8577486608454221,-1.487589523951367,-0.5152169221965213,-0.666094600550558,-2.362333989925144,0.6392129576785442,-1.4478673998243012,-0.20796123870331334,-0.69901041580546,-0.38090017235334817,0.7154430778854944,-0.43484437865279413,0.4818280868459985,0.9737783277187307,-1.8075206240777055,0.31763801914044626,0.030367135471541802,-0.142742970630632,0.02352013575788473,0.19789940025987948,-0.010567358620320433,-0.07388952791360046,-0.289238693331667,-0.4173262628547146,-0.5256391832932292
0.6418939737047672,-2.0499774546327036,-0.2989817050031094,1.0766871087783068,-0.9357358610334895,-0.06161215739447978,-0.4632968515544636,-0.7585102626438518,-1.1574687140012156,-0.6016271429445759,1.5243105307665046,0.4523350917858791,-1.3684189418465451,0.0876005643144851,0.930437268381887,0.30621197706460157,-0.47006210721819236,-1.0269140187520893,0.049084510781289364,1.4188370335053921,0.7448593286135485,-0.5373294765412084,0.9634188847702015,0.6583126195210667,-1.0481396670397214,-0.43134672636846977,0.24405352786831572,0.2365058112668035,-0.2860814448734354,0.3714357033452967,-0.1621304162653213
-2.7134302736085867,-1.4357373837662568,2.0213027774812335,-0.8596561918977776,2.3985992649722894,2.0812661492396716,-0.19946723354933868,-0.4577323926084124,-0.09903269256406728,0.09004465225466513,1.1816343916594185,0.6299269900383972,2.092367548307772,-0.16816198936001847,0.19505552597424483,0.5815235957548643,0.10891597025608733,2.0362218507156307,0.5846269555435016,0.4300151484358998,0.4106493580992498,1.1299418351727946,-0.5108436709330259,-0.5393106945449574,-1.1673605742969375,0.29269904629616467,-0.18394630185346425,0.5110746243201955,0.11409779843619094,0.14530951057675395,-0.03664494204885877
1.6013707708593443,0.5899013367268281,0.9311813097363395,0.380546832536624,-0.8724780185081176,0.2892638113527678,0.2840150987024215,-0.03153871410308165,1.4118869454567389,-1.123015344253153,1.7288320512896451,0.6069727096881826,0.8570431764376066,-1.0647592142984426,0.27707580422142974,1.763953214116693,-0.5172728874359317,1.1942633251716346,0.1872956585063751,-0.804333329798985,0.31010500381535405,0.6068904179543099,0.5596070761753976,0.4296202961774433,0.44820438168295884,1.0040416043731113,-0.11004648254672064,-1.2793495575469698,-0.8020979229133993,-0.1363167804356929,0.3738778087834933
-1.1948794517473407,-1.2769251034753408,-0.7833070702647077,-0.4065895669537896,-0.9286261145920075,0.006065989654871656,-0.0792720028629932,-1.198023962316369,-0.7465476089023098,1.4072785304983546,-0.802804827983634,0.6955860448930514,0.5417292067933706,-0.5766922447845392,1.1327736078678035,1.9953812909643915,-0.528337175804518,1.4488096359904035,1.3799232286525198,-0.3195277578245206,-1.1795008573087253,-1.4003827260493986,-0.004154531324639381,0.4800520140663795,0.05419840895341245,-0.5370985234621315,0.12859214148944367,-0.10726306457872531,-0.2531845892095215,0.022532452797752824,-0.3945290069156114
1.6054581021931214,-1.8088481687725608,0.11927960560390567,1.0408361399127126,1.2420942679479292,-0.01456027535631368,-0.571599945398606,0.3386943352022188,1.5206169450589773,-1.2537054237765168,-0.9244673495691742,1.515546265049115,0.4026741194423113,0.25457374846162345,-0.05915818442861303,0.9810872185225216,0.6548461988256096,1.6181451574913215,-0.22264538281895419,-0.21044036327740612,0.6855354961276757,-0.4047036300510424,0.9418306336032404,0.7347119024401509,0.2019353428880779,0.3322042910500893,0.027693009327292583,-0.7740747036671891,-0.6617857988760061,0.02178315073491289,-0.2895719598753674
-1.6788026640503977,-0.23926619100969537,0.13594996563582593,1.0577119880044534,-0.22620055030649375,-0.6118130041223984,0.29042840545495713,-0.5637163572688432,1.4709609744499645,1.0198700930367683,0.4452338911120139,0.6130305516959613,1.263362409479308,0.579094285209139,0.5455088336101565,-0.689496949661961,-0.9327532638408227,-0.4306793404081492,0.9081522058624472,0.2931633675905893,-0.516226629993498,0.6406311118719069,-0.5782185056085528,-0.21569155418789152,-0.0849128667990987,-0.6712376543437347,-0.10140898638400102,-0.38738951981115055,0.26565676046261855,0.10880935781806916,-0.3099064975709234
1.8040976190354607,-2.2494558199659695,-1.4757718931116837,0.08076628378370608,0.13229846479883411,-1.3406050039564221,-0.8600056641880492,-0.3033980410871054,0.4653873154940181,-0.27500294112998525,-0.048112910617466455,1.142821441786948,0.258683412256102,0.7937030489180174,-0.22377898369046115,-0.8104737447594159,0.00854643316254702,0.13851215875640652,-0.9095957175253451,0.607735776361592,0.33472353936587806,0.3675735436603283,0.9206049193929359,0.5619813882975792,0.35055601605135206,0.1975883914787759,0.10892103876479334,0.2015005366251115,-0.8278658152067411,-0.20706839745261146,0.121996109779489
-1.154452631453065,1.652915951893925,0.02986900373731959,-0.3057234948972514,-0.28751171624072436,-0.6285065750946183,-0.676233637038035,0.8437331048254405,0.7892159105876905,0.5482565960844137,1.3410285968219666,1.2082088488316407,-1.8113310802562805,0.24612331725105857,-0.26060009102573606,-0.48170074451824885,-0.8834640391754374,-0.4217705296788178,0.7241268209432631,1.5873023482882036,1.0099481798652565,0.46020338325945204,-1.0868535813377767,0.4408027729779462,0.03837888905329323,0.4138611072875918,-0.08023418613914327,-0.5249434033991187,0.7994621850193465,-0.0633357425382085,-0.16518075275793487
1.3366395790736507,-2.189971336253654,-1.1257065665632684,-0.5068133510084389,0.4404448079797655,-1.0199032607454388,0.6718811492551615,-1.3097542175016457,0.7428476451028163,-0.8769458431251966,0.453274936081986,1.6575822212063118,-0.7904527884054044,-1.3780894810596027,0.17244639496608904,-0.485659623218927,0.5710608576278139,-0.8246206272294543,0.7994198415420882,0.08913565363387525,0.43614717140816717,0.3716475401555834,0.2592800556489538,0.16635750161272936,0.05344023472849692,-0.011385496614204673,-0.09205766901828452,-0.13407342345110623,0.6487993916685167,0.36636519808838963,0.20434963799180178
4.6406154248846825,-0.8553433262849239,3.8803412826643084,-0.20053270714157506,-1.5092744198721715,0.21132108644304742,-0.8076082120723029,-1.1108478906293537,0.49365182987114575,0.2521871455675809,-1.9309142648502404,-1.747741504911187,-0.24907473754520643,-1.6055962459204027,-2.2948946402403783,-0.19845944802746004,1.0546870209023067,-0.2018442384028306,-0.019870868066962945,-0.30623749437495734,1.389948356255575,0.684102760664846,1.474076589454916,1.0227937977887132,0.3420181824452965,0.6196702192983167,1.796751405995323,0.1709821049739273,0.9473994320354203,-0.056409153617943665,-0.02240227829257847
-3.3172595386993033,0.7110347726634128,-0.08945709673357752,0.802397686605576,-2.7694946690495836,2.259360513971095,-1.5035641353363942,-0.571839946725142,-2.089944718158359,0.41146772073450794,0.04973964925899019,-0.005366440834829295,1.1903471364049232,0.4928118021837218,0.12701471111824347,0.5077814569792053,1.6400519164031526,-2.051428133986614,-0.7465018826213939,0.7945229327970679,0.8317295101668749,1.049116712522355,0.14077399134920054,-0.7668742394352575,-0.21125192413246896,-0.6862011324880796,0.05095716327730732,0.4118894034057526,-0.1960202790406875,-0.01265220561437884,0.15613237276485106
4.600326825684171,-1.4365925637242716,-1.9753328069037963,-1.0905694682280873,0.5699699156126858,2.3361253970529403,-0.2187401680792286,-1.1854794689562942,-1.1227502625290902,-0.58681646218918,-0.6218361701822351,-1.4875878426482434,-1.0715157554504982,-0.0819462621494304,-2.526988885285155,-1.4233971722090164,1.6744652601385883,0.8511582859757668,0.7800468248583171,1.6587465505860062,1.4334700391058623,1.2870631718905352,0.8001799966015072,0.6283496885966772,-0.8585669118570523,-0.21919547658261576,-1.2954220800164982,0.43378467686131,0.33782025679490746,-0.5334120976079499,0.26928985350672924
-2.0575150187635804,0.7490163072697745,0.8468198294725034,2.0186274536760673,-0.24996692919133232,0.04694305709300134,-0.7857337371011028,0.5133507958772837,-1.5657586124153342,1.577537910592078,-0.9895113413559566,1.3289015145723706,-0.2722873003106291,0.8189927029676523,1.2471189480599416,1.2900852822441857,1.9471930597014828,-0.8476880356652766,0.09561316156916644,1.1415607252717797,-0.7374372545648199,0.33077959599282264,-0.41931418106333485,0.08729199849238022,1.5650107204289079,0.02134515658785603,-0.0810784232603046,-0.15154541123780638,0.24013653451484346,0.05031603059745224,-0.08959843926775365
3.833158271141897,-1.108967314250499,-1.4565690712711223,-0.5574327166892892,-1.1585582311850162,0.12283319129986771,-1.3122980193295397,1.7995313725314523,0.3995808045833865,0.06870108337084098,0.28930376683240167,-0.9202398367860436,-0.740414264148424,2.329854638094536,0.2411887845710219,0.2075729338521156,0.25018595168167973,-2.248521370880121,0.2280016171450922,-0.0219531736904984,-0.8114354176876496,0.42233183394466073,0.8928362588958658,0.5290267779299179,0.05533522346575921,-0.9394368825114696,-0.1379409425231378,0.4858205549754114,0.3330006184983834,-1.0024621894364387,-0.2571773999358224
-1.3047564395212925,0.5975493763888441,-0.28864186583056084,0.46980428531180823,0.22019943431755573,-0.06185686294620393,0.9016346407804771,-1.765941534320051,-1.4001781779827915,-0.6253780713365895,0.1688631358265811,0.2451717100450254,-0.568831067108764,0.38617516197875346,-0.5062078056432986,-1.0456145635716998,-0.879057370966728,0.3996414472474824,-0.03925539174085417,-0.3710183787109204,1.0935195962314115,-1.003635177074677,-0.44185480838753816,0.7193144735039237,-0.1632642818301781,-0.7160322936298902,-0.17161030371116212,0.2917188731416746,0.43904625095681105,0.028104202345576465,-0.1859757374023671
-1.4581875289849202,0.7796095119441584,-0.04531286776155402,0.8800041294660071,-0.9238779028845704,-0.9598569551878963,0.5211387581677761,-0.8932759196171465,-0.1414034241576654,1.3340941947129645,0.2543906213253185,0.5665451393345431,1.0667618349671428,-0.6641503062586814,0.539061778703962,0.8068626266657914,-0.8287496821648382,0.34531054811074435,0.0313575209871667,1.5637752154932012,-0.7637871091674014,0.3643906592659841,-0.04765969091213672,-0.31798816685791187,0.17905848811210795,0.4363272053603268,-0.28426465072038376,-0.010748975269746167,0.30402912159043105,0.0016830616633152315,-0.2320026302260579
-0.5449165127356865,2.2738902691974565,1.0535009055723643,-0.5245005968424925,-1.6541575097700585,-0.12415003005888527,-1.230407742274176,-0.9694003087236969,-2.896035768885362,1.4094439718465666,-0.02560408853188901,-0.1770946590642056,-0.993272494332359,-0.5829336751267363,-1.7597690374797506,-0.050856104249020886,0.7409946149395022,0.7390835373295405,-0.96908570373873,0.084526397630857,0.3499003268007452,-0.8645475407460885,-0.2503092294827856,0.42191801016933916,0.03588058638770576,-0.7674930013503845,0.06252095579236452,-1.0600959508827446,-0.12267675135541958,-0.1026983455722843,0.06808115638641021
-0.9179963456802962,1.4360902756633844,-0.2647529665356206,-0.48938845277357973,0.21196788911305472,0.6625166686287693,1.0700510136103438,1.1972752609743953,-0.5672520662703491,-0.4393380177979567,0.5611686194675257,-0.004570492559134477,1.455836398896644,-1.3368102334731398,0.3691151643976412,0.9944656195291858,0.2687157739389139,-0.6018721381581202,-0.8137291979797266,-1.9798417736117913,-0.39767407188230736,-0.981268126190836,0.6213149650376466,0.5564813870090366,0.14188682012436934,-0.18409778559355508,-0.02686998795658951,-0.3239391515182504,0.5903517551228983,0.742716789861295,0.011974589667382374
-1.701692340441191,1.0466114146851988,1.200284650541591,3.2392248011995486,0.10159029687957606,1.1063931029130265,1.348305889019646,1.2618316742953064,-0.9195621827309398,1.1163225829349142,-0.4752039312021582,-0.5743375966398533,1.8215651334081981,1.908454940566479,0.586417631794266,1.1395940665673516,-0.16666613348291018,-2.023020112076275,-0.5430404878850126,-0.8151019154866215,0.4259104307498969,-0.1480891758356441,0.08837958136569929,0.44649625124875675,0.7364792065615737,0.16737667431911377,-0.14871750883112753,0.225900609773771,0.6276322990179138,-0.0528623971466805,-0.3156305999215057
1.520650289318671,0.8369730452798071,-0.6064534203246523,-0.7767697119442608,-2.1271629127302023,-0.8205607720770528,0.7122694554852268,-0.6575611202588584,0.5606277561623171,0.9914903744188286,-0.32035750207985997,0.8885947934876902,-0.5120890910460772,-0.1395446810293243,0.8009899502288865,-0.9962950853224964,0.2180392871386662,-0.8424702708459874,-1.1886831142507566,1.1397121393433438,0.6023053352039321,-1.1010945523996387,-0.7697488212925755,-0.9425007276340542,0.5753926187955166,0.9068279810955728,-0.289517628410252,-0.01991652317965349,0.07553979526224498,0.32242889897308047,-0.02248045221076873
0.7090585675084115,0.3363735619007459,0.5161154427359673,0.8452689437617111,-0.14765124699172447,-0.3404247414140775,0.39180262758129725,-0.7586111890710552,0.9729396950138511,-0.3888694820651906,-0.014676706435586209,0.8124452988382007,-0.7307214235498044,1.784064384433006,0.6935329126176671,0.49920763647145044,0.971681349290646,-0.8842439406494045,-2.295502619008793,0.7896316376241438,0.12585394415296092,-0.16603765416716815,-0.6349184601860157,-0.6144543144491403,-0.0260926045011163,-0.30056642427097213,0.018563758081718316,-0.2917135321067641,0.10040235965449729,0.7360086246997734,-0.15155558973133806
-1.1263895230421739,-0.6657954281748609,0.022298753333499993,1.6437314915629857,-0.5186897150371275,-0.04505235710989783,-0.27295340361181103,-1.827198802979475,0.08513391093410091,-1.83035492813485,-0.6348757199524938,0.21088964200572075,0.7244613267693351,0.49281126860031105,0.5595754566864607,-0.7039086992837176,-0.26137496066101523,-1.9610772516058874,-0.47666452516304714,-0.3950481708898418,0.815787883106008,-0.8716754631625362,-0.0017021838849566595,-0.5302968638296728,-0.07460534991377253,-0.8162114166608188,-1.4985312985462624,0.47224249051795153,0.4580174235328385,-0.07312357162979523,-0.1425152519183926
-1.3989939567358707,1.4711129386084245,-1.6272808974787147,-0.2091263629962291,1.7262987940703491,-0.37167020636087994,1.4506498165953456,-1.7377609712718092,0.5501278655575217,1.052135556639925,-1.4157149544524725,-0.35353803932763217,-1.115947818719606,-1.100408057331736,-1.4925770957184612,-1.8311702567854904,1.8201847480054738,0.3780386506867989,0.716459908125535,-1.764984641524469,-0.05656561578028445,-0.1361677852950657,0.04649556986470627,0.21805894104974952,0.16067888417746337,0.38860103268269347,0.22833223381401277,0.4699150595538571,-0.4697933300105697,-0.7519042917531599,0.1624743623120086
1.104555318971618,0.7305436321195345,-1.0240092224183976,0.7512039740135825,2.305938749313047,-0.19164454743756817,-0.31858179721822405,-0.5408874743176744,0.7757407239268204,-2.1401376672078802,-0.9651507485891666,-0.15956162912689953,0.5040643421937071,-0.9407611874083289,0.40473360761426724,0.08768361484916103,1.250940487320759,1.5201230950547928,-1.1400939557404661,-0.32390920507686466,0.5810904190157302,-0.7209499963753644,-0.4319906015072234,-0.046995493382174625,-0.823825080744328,0.4772675549736714,0.5211855303613877,0.3134060841234166,-0.1181775726378386,-0.6056773044814641,0.007093857775922971
-0.5540449149834988,1.3293173572196477,-0.7715502912239879,0.6188089717006557,3.2705639118827903,3.067880376627772,1.7531398005944028,1.04866336611634,-0.4160721046241117,0.012881271827165459,-1.5126553122259407,0.27037111965792027,-0.3844324242646498,-0.015572554939802537,-0.28676731060266186,1.0150050429439914,0.5773146537649168,1.2876884273772484,-1.2826918871461495,1.438585859418387,-0.39154772381003516,0.42173613301402285,-0.16108558763203656,0.16191529976089256,0.6561056871196277,-0.05903566687995265,-0.18862793373600448,0.2849413186802354,0.2802132653546678,0.6913752415781647,-0.0022904584326720145
-2.034616528854027,-0.7082493363374242,-1.805258384736662,-2.4256957356776425,0.8327205922894759,0.6351576153105745,-0.42080769540032553,-0.39033700778580643,-2.311014265657001,-0.7777103824060385,-2.1685582725147237,0.2778661253276864,0.5047418698261633,-0.3973333075383393,-1.2553610994833408,-0.20959681206154882,-0.9198883632484768,-1.1835913000205702,-0.8227814372348972,1.5747039592341088,0.5926826209591535,-0.004604471281999171,-0.07815526419370614,-0.12163509344861159,0.2988656066671658,0.09113013412084882,-0.0856611998022873,-0.1998260375307333,0.13352277154291686,0.20502595102514243,-0.055149162359549496
-2.3731582446934945,-0.7237326020836357,-0.5968609727989515,0.2127010757790504,-2.297706515936297,-0.5406160630865143,-0.1812271156355137,0.6745021766430194,-0.15095430441908064,-1.389789400242694,0.757378260801771,-0.3034648384489976,0.3071272883082148,-0.7572016494807848,-0.16188090631856109,-2.180050938822496,0.3234558815099525,-1.5574504365013164,1.0613930075420497,-1.529773624422632,-0.2472785174120312,0.22891455715703934,-0.29548256125377464,0.4834821288691762,0.3807969644865336,0.417326438899581,0.17528245887285288,0.09103147338823658,0.10911849225970732,0.07217699023291488,-0.17898546673496463
-0.8921004057437266,-1.428970871436061,2.1307793928787495,-1.5307605255896979,-1.1552342751850873,-0.8148445204933318,-1.730731132406178,0.24970268920206268,1.0340454560825856,0.3525425425842175,-0.180289884339343,-0.7510952674398124,-1.0684783184199735,0.8691436406580946,1.5943189030592992,-1.3248193713383951,0.6526826635564639,-2.4265179105263286,1.2324881694413532,-2.285552407667841,0.5422394051029585,0.31390572790462307,-0.40054722630535194,-0.22563096710788558,0.06729917300683651,-0.19760656007600302,0.17641173733158488,0.7007343895568008,-0.2248398324062697,0.10511825341124287,0.12371767515562505
1.0863556123018099,-0.20905510250705367,0.4962462614515122,1.2998461350822479,-1.2020518143797894,0.5946316744601966,-1.1515995429665367,-1.843127532636995,1.6119374112472995,1.4339905555146706,-0.37848331351986714,0.15507143057329817,0.040748181573474665,-1.454505919675454,-0.6172755926553295,1.0389675773031664,0.5789203742381395,1.2529924727298298,-0.06293573331365258,-1.0266825899693643,0.08814958644538613,-0.04645924070388405,0.01966647191471102,0.0792999077739154,0.3289849958198166,0.4359882015092633,0.043391476237383604,-0.4282546401427547,-0.6534299541783953,0.13885395965723693,-0.07785537376282668
-0.33592942797212727,-0.01886994919041743,-1.0767884416444558,-0.08553231569558722,1.4149322099325585,0.6916441392580385,-0.0859295705909013,-1.4010240832241982,-0.8222901230722246,-0.8457993527431141,-0.576016648307706,0.1535100545886597,0.5211606384875648,0.5796312422410009,-0.5817921621899499,-0.6622190164238518,3.6613950613931228,-1.913912384690064,0.49535155530631336,-0.08141959360395132,-0.7929745709994858,0.15324291406886675,-0.8945875812268413,0.49006978293212666,-0.02099497858533974,0.16439775240336824,0.30942105496965633,0.1398730847822198,-0.20155107364737287,5.095829888662699e-05,0.11747639141345906
5.106830703052108,-1.54444263457342,-1.0962016042455622,-0.5488909313331298,-0.540901918808364,-0.4243144911676066,1.9144164566446706,-0.08617946964175024,-0.23102881175626983,-0.9750314474322387,-1.2850479396247245,0.014206074117097895,0.8473919356008468,0.7550868058724509,-0.1625144634828326,-0.38334845865398903,0.8331198562378596,0.37465700994969253,0.06417321216213355,-0.862094048501747,-0.9138093258763609,1.5179162876552366,0.30585798097988154,1.8952366746842304,0.5236754947357345,0.8614147700950127,-0.13054149516191468,-0.1584926311235004,0.052622021148775726,-0.6142829503814463,-0.1378708207901732
0.1487645226604641,2.342436127875777,2.9072056788906413,-1.496622324739919,-0.8203258312844134,-0.39015711678989295,-1.1410624773236406,0.5023857667063285,-2.307402723893596,0.8201845239014286,-0.27986108408108734,1.4388166643849731,0.3587689965931431,-1.4787647680535871,0.6393057343869172,1.5971978331902397,0.7603335934574318,-1.8534709539327388,0.3421508882214287,0.19690218122968398,-0.40438225086409,0.3426592922896808,0.011421505628663972,-0.3126146963258942,0.6584252954293947,-0.8652747771726352,-0.5189325055821573,0.3544375502964855,-0.6562882524634647,-0.7780994624632799,0.22087279049832215
-0.34962385304420696,-1.5254774589336864,-0.43649566929704897,-0.09206285311728363,-1.0699155391084265,-0.870359223767301,-0.21117400178633913,1.8295003818632938,1.0761914319693773,1.4522151369961394,0.682537894994849,-0.31383440302528026,-1.6130236671737102,0.12399013859674317,-1.9121308873063452,0.2329298410749296,-0.17907757989285197,0.40418123061324135,1.1491830258893154,0.9669281944182366,-2.394021881642746,-0.23775691580705843,-0.6559255476611736,-0.837239924995663,0.07143747650821536,-0.8102547847126608,0.17172664899554174,-0.43375337026154515,0.1764584027483468,0.2557637641972641,-0.41732035540472934
-2.2802528840008223,0.93073055452291,0.9235907876767384,1.6528360216196931,-2.411951428273704,-0.38642158136023036,0.4215554346638453,-1.6065297666800795,0.3881916037058328,0.378111397135257,-1.7584255773656305,-0.5499184714566416,-0.28976286611151497,-0.12458522668624873,1.064517888160874,0.8655839447555523,-0.9353542091434519,-0.6711229452810353,0.5022157739417414,-0.23298319877472087,-0.6746994969687505,0.6243865684783599,0.1558610881585701,0.6182036591768849,-0.010753502804156184,-0.5468056475287099,0.28324940920387315,-0.037417729012972085,0.029037171196107558,0.21637933529946363,0.0886468443469683
-1.8263325571347881,2.107794053528028,-0.03339946481059342,0.6788981316302614,-1.813337394445121,2.524086736540101,-0.16841765575547843,-1.7343964564732692,-0.7549200291181596,-0.22590799388012708,0.27977022862148243,0.9723795652940027,-1.2190641178281976,-1.345191486503344,-1.1050849098407252,0.6423644307482839,0.05712562818598702,-1.4985838599963361,0.9170082759209529,0.13217194584378544,1.1060663687130639,1.59631771568209,-0.36217063560782653,-0.8976867382864203,-1.2025319137808936,-0.3784406399752552,0.03854543972355048,0.3542816127119269,-0.05219280113862634,-0.04034967412797909,0.06637121057587982
-1.1218328741245833,-0.71169688759715,-0.05502673361276729,-0.018697776560355508,1.6470337620100484,-1.3178864167112951,-0.15000905004795592,0.35602932939698784,-0.1098725476805405,-0.217316242988451,-1.0788010612082561,-0.7070179692663671,0.4701253748583374,1.012123371795313,0.7599280627348612,-0.7260729222321897,-1.6902606146985235,0.46678671554541473,0.9834681855714154,0.7079847817369296,-1.247087254630249,0.1277472547523178,-0.23751132395193514,0.19141585421969043,0.2088157948975194,0.17079294671516723,-0.039090228503449155,-0.9432685161994134,0.2638153348663808,-0.2948775382480982,-0.30928747168805637
-1.6772921683664044,-1.057934468387818,-1.0812369668252217,0.5571423148147249,-1.0206947260606452,-1.715593219722737,0.42560984392114426,0.28018832294899904,0.7956123495359544,-1.6779904160414645,-0.048563402123118944,-0.5532711866549563,-1.2416814318755713,-0.5163516385282833,0.9139369190837062,0.06879079860207461,1.0151072028072448,-0.1507584966956441,0.18211482699275114,-0.37940248130743465,0.08034952948776704,0.4352181156083767,-0.26657619044966213,0.024423183423362693,-0.17112621518915133,-0.7968719322302571,-0.29144018717963655,0.5962825402294464,0.12301411421803705,-0.013567597264119857,-0.17004800048066665
-2.5101885568495494,-2.5656376207832534,-1.8280991749400224,-1.1377662289537378,0.35419964297041096,0.7976556971234501,0.08026147697642227,0.6452891158576958,-2.135293247574981,0.16825246742182765,-0.28888709092165193,0.13960621996925113,-0.6428484670791896,-0.8266643329910323,0.09975066713297806,0.09480816721670135,0.3594549605223891,-1.177257197327667,0.14599333413518617,1.0811096942948968,-0.42411281401507644,0.6259959841465209,0.4927538039236363,-0.5092463840916246,0.015357638918679356,-0.013293934969972134,0.02711796820500964,0.03520028009646411,-0.2808061383310853,0.06175863826094607,-0.13764238466513862
-0.9992814613121641,1.5314026985867304,-1.4088707271502205,-0.8871892995044688,-1.7248363336397365,-1.1151385327737156,-0.9841191662270586,0.024282410492979686,0.8029831494817433,2.2161803454545193,0.9222642954573659,-0.23872631985708373,0.7429880403447475,-1.117569403390482,0.6152384282202061,0.0657841367952611,-0.2565533374048687,2.183839804223367,-1.042958220378971,-0.4927795096317215,1.7989036541125354,-0.04121824713890096,-1.6854348505415115,0.8936284784983509,0.427725263186245,0.893397324133413,-0.15827072429159314,0.3795989442231548,0.2827303409231058,0.07844950296262135,-0.040578970286431426
0.6060281806307533,-0.6819277128892125,-0.557371272949824,1.8082603711051952,1.605868188143292,0.4325029444598423,1.1259382603660075,0.799831875862813,-0.7258166001367904,-0.4463270349890668,-0.9533762451341108,0.3049730570488678,1.3191988766833151,1.2883253831343535,-1.6513623770826529,0.8729359874284209,1.0251549647202947,-1.2670079721066119,-0.887937188143825,-0.25602876461694624,-0.19969152726070086,-0.6402588091027791,-0.665597285008812,0.09835288309914457,-0.8437715646044652,0.4510406664021723,-0.01515620867825226,0.42158654979059573,-0.4571459545913561,0.34785849259216345,0.45253867693393357
-1.780972629119768,0.7742160104657362,0.26096405337602585,2.0946069125233406,0.9124321365627662,0.2102218672501759,0.505137891605282,0.12266215668778652,0.6897385892079636,-0.32762180364310123,0.12350842752063068,2.3657382544629333,1.2861989188526037,0.12372319448365873,1.4288130160403711,0.9013242589912686,1.021763653844944,2.2118699543529825,0.5887349931797303,-1.9167867267280478,-0.045667149284169206,0.33452403698677896,0.33564341692291894,0.26064417925468014,1.363806472350909,-0.9888065631769342,-0.3806489313084943,0.1112980482768993,0.43895922987954944,-0.1790068838256253,-0.09251048049207147
0.562325527293183,-1.0272680531537544,-1.1481390052402036,-0.8028806296580949,0.5975677302370244,-0.9096684864237194,0.1682546277151817,-0.5366466979108575,1.9040009410855514,0.9507014496437891,-0.16650674033903948,-0.22455163866961517,-2.1791969687212975,-1.2607304597652478,-2.6523309481117194,-0.7126283762322349,0.15294849421089712,-0.8044802641178417,0.13270744892123149,-0.6898747732502278,0.7941548460808193,-0.24105022773677237,-1.4165138104238764,-0.2743933053659786,0.23411689875969227,0.2089947455696477,0.03380624847164185,-0.18156905443075652,0.473055751972613,-0.09952361836403342,0.08377802997393102
-0.5386130736972935,-0.20810391966915615,-1.868311429527007,-0.942690449315096,1.0952881615375771,-1.6006372934748911,0.3910012824586559,-0.2775922698474469,1.7700358570628258,0.3354839073624545,0.45044163809490073,1.1688374226727836,-0.5574254405448728,0.3678812899544625,-0.12917870033177656,2.433537489506128,0.40501044243357265,-0.8904357822707529,0.12533785231653663,0.4822173926050967,0.001686943911774168,0.15785926084756235,0.9433188947775645,-1.023947867666322,0.15697127749418702,0.3464585364542645,-0.7106374073936433,0.30758698450744193,-0.34448658043778374,-0.5624037648410863,0.1688395974087375
-1.4622972533971672,-1.13128693837408,0.4314008813284793,-3.9785196277072767,1.4626667276020215,2.20670569142774,1.639278320546773,0.2188180015290468,-0.4036253015990449,-0.3840161634205163,0.4539264572522836,-0.4110138691397488,1.1068813118695942,-1.082797391830746,0.9030971238847297,-0.48773247207428366,-0.16396953274510043,-0.9647663477705589,-0.5984231870688744,-1.3496740881782474,-0.9802406944245049,0.7169374959457836,-0.22436561703288369,0.23616871405821113,0.2099349317321649,0.2255155211793525,0.1207888645140673,0.7085007936974111,-0.20730308479275036,0.2201389405051034,0.30610698462854863
-1.1694046243038392,0.7580850185520284,0.03980406848080905,0.6337494952557315,-0.9139692290620189,-0.3631363045052437,-0.17474355140287703,1.069951972630251,-1.3049180408531669,-0.44518252284835613,0.3230282217311258,-0.4731040522148627,-1.1843117796988165,-0.7163553683444477,-1.2583126663545086,-0.5817769180519514,0.6160908350325837,0.02350499106847537,0.8715171437756881,-1.038538519437691,0.24904471797790093,-0.7767009544800018,-0.06939862851155627,-0.40397009247026616,0.16633132294337669,0.31801704219632626,-0.7351122912807508,-0.07620930122807691,0.21512617732315947,-0.10449071086004509,-0.10495258287973701
-1.3086480381752512,0.6333467180290462,-0.905475729549643,0.2634394460603025,2.845346714639512,1.4077899491814352,1.0478350753635368,-0.673975333424307,-1.4848735013295382,-0.8384723344294606,-0.3295359892348509,0.0868714707307119,0.417449106379931,1.7368348081183018,0.34809982832405345,0.4690995991773823,-1.3634693885433156,0.5480558041642515,-0.602698133909492,0.7550472725726514,-0.36401796233626144,1.8734223961510292,-0.10759474580440812,-0.44415737178632597,1.5509872712160206,-0.3715388883391391,-0.0774196313730015,0.3199802268949092,0.08092994361655298,0.09654165269374858,0.3328969728494637
-2.720623797803292,0.6343662999534182,-0.3114656494232348,1.4231595602113767,0.3550900496426032,-0.17106964073094472,0.2736023678121831,2.5931295385863438,-0.15005730231448255,0.7830262021929553,-0.24424401742595414,0.6993807760784805,-0.05450699420259082,-0.067525997230607,-0.7656877361083757,0.3742339840736069,0.8994076215667125,-0.9339088895040905,1.4638246786749924,-0.4191002419024113,-1.6182382707706695,0.39634679937667444,0.359473749316073,0.11535965204145934,-1.1065850011170795,-0.3701206470412482,0.020450314960652253,0.014319341293841924,-0.04611728914694244,-0.2035552633134932,0.07956696917912927
-0.419521974949739,1.0245265619800434,0.5065817845579146,0.7854701299916967,-1.3347254678437108,-0.568832774781652,0.7448187210801296,-0.8691775010942089,0.19822724655990392,0.5308565858319202,0.4585816660912693,0.5834247041845677,1.0088288957546045,0.4317740652176758,1.4122043627894796,-0.6046060822030447,0.09508911152068983,-0.5689597547615242,-0.793887306351298,-0.5492525015404326,0.7278201480647744,0.6243819250167547,-0.6847055149941906,-0.01978174335795152,0.30018849263384345,0.7961951233816035,-1.412867940570183,-0.39916394336691247,0.3008759262926238,0.08477220623122068,0.07047470770832019
-0.5485483706281504,-1.329391883184975,-0.392540103626176,0.27886292419008313,-1.0142640756007475,-1.0629420894707982,0.7448050108814793,-0.1106762012977551,0.16717058997178452,1.2506507484319924,-0.9700976976148914,0.00495096754877939,-1.7198047365366542,1.224116314757097,-1.061569425195286,-0.22248454137170762,-1.2822694346688674,1.5954748668438756,0.476893665813729,-0.7573112216187614,-0.8061643226876062,-1.1606017676932379,-0.6782291645003888,-0.3857955669575034,0.09250679782826234,-0.7228559265180869,0.23410416148346563,0.0509852161016153,0.12589671172479855,0.5320021759848899,-0.11678116068715005
-0.9630391720469287,1.819777582290113,-0.00030124182658365406,-0.7773353336618176,-0.679588794706407,1.33948775187911,-1.960192359379621,-0.38067158415786995,-0.9513128029884215,-0.10871349202766625,-0.0787680073226071,-0.6566881395277967,0.08173981031742811,1.0166537836994078,1.0388578698704563,1.0758256103481456,0.18932124755355992,0.16885459764118593,0.9528555758221628,1.5072150830824536,-0.9304644920825687,-1.0789235371457861,0.12804851810177972,1.0099380119284007,0.40487756086888316,0.8522955689540931,-0.27483436668949374,-0.3155703825362926,0.4349570129735252,0.5307115938421593,0.04172183258899267
-2.335930749211017,1.1515552704034102,-0.8341312950252454,-1.3503786846644084,0.5564705879402125,1.97955906978678,-1.5226581562049446,0.8821324497405715,0.24087662014778974,1.5604632219118582,-2.0269083150324003,-0.5502607335533423,-1.8441873255870358,0.3916514884539809,1.2934262659057765,-0.8270841465647759,-0.029812032500393455,0.7054703252531489,0.34743176162143147,0.5324236064974989,1.4905788410343528,-0.6125093092726933,-0.16978286730661526,-0.32308165495756314,-0.12580989322453567,-0.6907344498273602,0.010423851976676233,-0.46349026677781774,-0.034087762103790324,-0.4207173631980999,-0.017702227291887515
-0.8836077733374784,2.221024110709815,3.7621444843245526,0.44182240245599463,1.213426909493062,-0.3379209533195865,1.105435753542825,1.1721170333757982,-0.8167533389584508,-0.5789447039241683,-1.0639534414977703,-0.22968048142267347,-0.9404236867923029,-0.025927600648656374,0.9484251010031768,-2.022874091166656,0.5682201179525627,0.6149184095710066,-0.4074507144377431,0.3266359823865424,1.6568658565998007,-0.8094989493983552,-0.6045251402559059,0.00704032629807308,0.7435984436340294,0.2546897012216462,-0.18528783022996728,0.3849348949133695,-0.05914523971171847,-0.5089603756504676,-0.1447194159670982
2.601676292337619,4.3683871759216375,-1.5708603988881995,-1.306246940849904,1.9322067064388364,-0.0707313828846091,-0.8637331010179664,1.148479661028335,-2.092825927067298,0.45962297313062384,-0.8594010565706238,0.6594751732268573,1.227034489402205,0.8728377283531908,-0.888250219757487,-0.8753368226736479,-0.1667420516599714,-0.42087804525951594,0.24956740615937123,-0.2285434385546434,-0.5749379497847921,0.013932610190966836,-0.0958071886778757,0.14358612854499556,1.7260104803588159,-1.33762983967155,0.050492405232878734,0.5363218226686107,0.1301900282912085,0.7533926191367478,0.08030935332525023
0.3313793371719772,0.6132508816236726,0.6988594816140886,2.25667428173153,0.5416540042519522,0.3070319974214063,0.44339704935239754,0.16374235165261591,1.4401713986336078,1.80411185489224,-1.7057768933090223,-0.17029372793588143,-1.0073768350391297,0.06385152868537985,-1.7178019932994801,-0.9632054159958635,0.7853284211708937,0.26832295174998616,1.6883952563490134,-1.3838947798043195,0.0035176962241370725,-0.03782429328725087,-1.1687991766176329,-0.5701032206012875,-0.22538412445548098,-0.6671539413337992,0.4413941995772961,-0.2920257834866155,-0.007871090529166949,0.18203790768481015,0.5088306425922245
-1.0617319561935943,1.3096264036423195,3.2721240250342243,0.4615936548958541,0.4362571095534709,0.3240260969619402,1.5505307007077294,0.3435801731581588,-0.64175434312286,1.0322938173215923,1.3621484882127999,1.091319589549576,1.1843651461913296,0.27274953281529896,-0.6398585623188124,-0.3129957463900524,0.4042684670328779,0.7709893003210738,-0.17854369581079288,0.6649188690663016,-0.9197200623055037,-0.17224930510548062,0.43410886761631773,-0.5965132307573212,0.023892826313260423,0.5611633811364265,-0.20096288078042104,0.6644170428580872,-0.2615820733314623,-0.34254936408577724,-0.07702502026954432
1.3948620512885825,-1.4242967397098645,0.19816039606414484,2.1633400137760948,1.5151339399332768,0.7472793130822966,-0.5335535283639331,-1.1197031023913644,1.7887487849773434,1.005514446106314,0.021414101669837225,-0.589142751506416,-0.3365891244812549,-0.41865744201067273,-1.327792254072244,1.121016265839601,0.6623192986823931,1.4797715571371477,-1.227936752684721,-0.5440312736506291,0.031513598917437574,-1.1610260890784765,-1.0677588562643778,-0.9227704698164685,-0.8370966239779523,0.6015769235786889,1.305757910218901,0.020178395921050977,0.5058165750531135,0.3061673606463612,0.2214760520420557
1.848566100102085,2.627803050848713,1.9984693148178572,-2.2222230271167005,1.94003505790237,1.1224215571082856,-1.2619193770042045,-0.7669691802370127,-0.7607269795117622,0.6117146565522159,-0.17316123594503247,-1.114608672435898,-1.3461152140653594,-1.777260724407104,0.08004374046383803,-0.1619571665065702,-0.961910154578058,0.7405754780886065,1.609409392175983,-1.1808878142098085,-2.1021124352057856,-0.411033747314333,-0.1941622120454825,-0.01435120081178243,1.7815160249433364,-0.7763410966090735,0.1474835005771519,0.887648851262029,-0.0459229850809181,0.6085255318776723,0.29245761183160773
0.07589969259967373,-0.08331909154079951,0.2305969282082271,0.8475309633518117,-3.454153491333528,-1.481576236389795,1.6237857175898154,-0.7482378442120249,-0.9621366717202366,-0.7509720418268039,-0.11877094462593325,0.35535625848057945,0.9312479762297121,-0.6451735882413809,1.1165931043662234,1.0322076702974787,1.1849699789910306,1.4199775783566995,0.045448919617819404,-0.6217386586686855,0.8173294164484728,-0.8318241544485531,0.23380838918156618,-0.992274971423317,0.02712058010965098,-0.5662779933867946,0.1201971720842472,0.021078236850685883,-0.5289705663030467,0.10933916824434425,-0.17898703766117482
-1.2131702421338006,-1.1735281651803726,-1.9317977166150233,-1.196645466214593,0.6831772925750818,-1.2452439943303149,-2.6795852458580454,0.00683891429523306,-2.200170069892158,-0.9630902349356275,1.3010143857641405,1.2465776343057704,-0.5336446498886184,-0.09153800463355588,-0.914467824562165,0.105822819025864,0.45280787637137965,-0.8521196853694262,0.2746945930612083,0.8172669994203714,1.0030393936027677,-0.378945721791031,0.017067392749587205,0.5720134289306692,0.1302446607006769,0.2593734150778161,-0.20533823206762145,0.2809891969649379,-0.355171995833066,-0.1746671619064572,-0.025999545650645738
-3.537349889364299,-2.506746104718256,-1.5622197992583642,-0.4727876457809193,0.16144903214576228,0.18886502950242767,0.0469909848496099,0.04600833090833948,-1.0673717169229415,-0.4027840989565111,-1.6027231133603512,0.4935625377516698,1.4416814778540297,0.08445911879030911,0.37948997532190615,-1.1461348143700572,-0.8759587540788534,-1.2617410236905395,-1.211404168918021,-0.7210059007025647,0.9764466323363167,0.8730136201348514,0.3935959864736823,-0.23643172145562022,0.16074007047999714,-0.034516548469532615,0.013632959111743623,0.1701174250778086,0.1965813450784529,0.060191781905057154,-0.10191067949174526
-1.172013546571195,0.2372435485384816,-0.327414430077772,1.3528627564561917,-1.0634748155740257,-0.8152056441194977,-1.7894147758148369,1.6122350349701597,-0.18833183644515444,-0.9438285457696197,0.1561392252867559,0.4578482095828887,-1.114513983057172,0.42323186418540376,-0.26657502641998265,0.2770773734085442,-0.21668573656016035,-0.8039162291088903,0.2799581556267459,0.42760986971281173,-0.2734617779760733,-0.310031731830497,0.44523236827877777,-0.8360654253179816,0.2064710216413095,0.44046518561999104,-0.03043277635650613,0.42167772880741605,-0.37870005202673884,-0.2586625348869301,-0.30956318062818405
-3.419029317409829,-0.3342148738409478,-0.11164093433401132,-0.21261168472182146,-1.180729087022166,1.0766039821530982,-0.30498231202919324,3.223353195296275,0.29991894806820407,-0.7501849689386149,0.1513389840534373,-2.201370609883694,0.2792310199691974,-1.0331539245163548,0.2797439250143241,0.20077246202438556,-0.24486539345030106,0.8541229583380299,-1.7236643270252134,-0.34164452672241297,0.37199649789202577,0.8394888179042884,-0.17703356063457618,-0.15324292360740058,-0.6220466727008803,0.4531750988063788,-0.10697163614383447,-0.7198397603351004,0.2196236304146483,0.04359378861822895,0.005208935605755728
0.9941910804624964,-1.7929539894517668,0.015435748749190114,1.3984669521125543,1.6753436393513257,0.6266853573849065,1.6998348220171011,-0.5743316198427866,-2.202513040729923,-0.4826909332285528,1.3302925377755885,0.1700101950969097,-0.8082303509619932,1.2413074509330195,1.5859950351690435,1.6170565875125662,0.736187342581195,-0.6963513698251477,1.068954920880889,-0.009361142458350276,0.20145873862960997,-0.1355037788710109,-0.09892498737942021,0.628534732705821,0.4966221784940514,0.024640225281026086,-0.15184361970938953,0.04071885222212929,0.37218349307292625,0.21778512665125055,0.005873343856226078
0.8327278879582771,1.568344550101094,-1.590778383818645,-0.927349509345899,-0.4604184139144259,-1.1322633453595452,-0.39254286861987686,0.8071407545094635,0.06436414423610454,-0.22287644301373563,-0.16022066822808687,-1.0410732810640262,-0.24341219111882595,0.07627798718965959,0.8201701713217854,-0.08660356336247561,-2.1946139313308524,-0.4424921236234685,1.7612904072730677,0.21626564747100027,-1.5345010396871013,0.32012146335401487,1.0079653149991745,-0.19607182944982635,-0.48709317354453646,0.17464198443404072,0.08262580804634659,0.3350144883477504,-0.8644443610445367,-0.016109616140771596,-0.3477824069283319
-1.2217178514660192,-0.5816655541520229,-0.27104142191314856,1.0749857033141683,1.6762595539762015,-0.1072070533598475,-0.14694642078905418,-0.13567383255432489,-1.6860156168252942,-0.5922448293852175,-0.9130223916800948,1.0124305804642495,0.9763242236931419,0.72822355310146,-0.327174695625031,-0.20766431390560364,-0.22734357490200666,-1.2041569716428555,-0.46344193363958963,-0.08643230757455873,-0.3768035972751718,-0.9316133386221886,0.5091647922065372,-0.08154471272901667,1.0128090476882596,0.1580008951394005,-0.20892232193011553,-0.014472725935715133,-0.0754114964328068,-0.43191489470860783,0.2436939014928053
2.369939106684817,3.1812303709714373,-0.8029342239045645,-1.4896634911023923,1.6378019312690615,-0.12787019640812758,-1.7636690605053793,-0.13130961158789714,0.2958185464049661,-0.24602260188102867,-1.2014375599433469,0.714895932411454,0.7469944484144571,-0.1000266179794739,1.4438152692736779,-0.1799941807873447,-0.4283989462666516,0.9373778140420986,-0.025448327007911286,-0.31743558558954665,-0.3315783170980499,0.5966130843113381,-0.8435170102634655,1.112992425772453,-0.8218027675524883,-0.5635580482107211,-0.24899811769397404,-0.6808137408803197,-0.44322391080971824,0.3889018420234057,0.07975367394681464
2.1064247240724994,1.5600332843698097,-0.4294997424073258,0.2363310533420757,-1.106659493285888,1.596118332003201,0.0255721536296529,0.6619660237908663,1.964489874270481,1.1922842978674715,1.2383539934572139,-0.23664797697803777,1.0432730103406551,-0.1321716787164164,-1.6738045368897936,0.21610509814997936,-0.107396774764267,0.45780342771068894,-0.4746123424527815,1.8293966904210428,0.3660660277252675,-0.3803106468551532,-1.0750249550534439,1.0601040226725815,0.4796606771861456,0.8798399892902165,-0.03654726424790469,0.043617466284046835,0.00632183424179412,-0.18354912494126407,0.30331013891110264
-1.4017118190685522,0.8007421169079256,-0.018164199383715086,2.0478337512978824,0.8621104282199693,3.242215893554267,0.28966799803220844,0.39147711336968544,0.2531482668206285,0.43474657478024686,-0.8715020657715994,-0.08585145012295935,1.046542440419665,-1.041626102458659,-0.6379445380025318,-0.5386674811537466,0.414156660247031,1.4042502965437023,1.0626718463112477,-1.3818288510721428,0.13695438395634849,0.2703024347716169,1.0391251102351797,-1.254329967163479,0.6455459281474475,-0.8144426265822535,0.21692411610304,0.19811762192376203,-0.3788185737168972,-0.18466556026016318,0.0038097283614198572
0.4518388319985955,1.6574950623043958,0.4114879398638136,1.3676730604539789,-2.367823999155351,-0.224256832467985,0.5781268004601178,1.2815448257483977,0.7277786348559766,-0.8854833943809126,-0.7657432952595605,-1.395237053863009,0.3238806954627817,0.6674279913765833,-0.516820726984574,-0.7645914424374174,0.5337591506110643,0.5311376703780933,0.33892943994067104,0.03411219023304103,-0.12176866183734907,-0.04853253045470471,0.532428089046033,0.05239422757514767,-1.680536923678992,-0.5352091173927934,-1.423546765386448,0.15715631363320284,0.4966992936476648,0.4484617702930583,0.44278678900503193
0.4906362405666986,-2.949241733763269,-0.72722957864869,-1.1374573970279371,0.16480449855406154,2.4395892600330815,0.509206962387874,-1.2757685574044468,1.11146970960938,0.9665329294132115,0.5660772853867432,-0.2516603001440971,1.1726359054237705,0.4685699877306364,1.733077736298772,0.6546893748481941,1.1478237674956095,0.13052246605122075,0.009391539451832338,0.4284369167509078,1.1221767414434431,0.7529643163827513,0.38603915305653547,-0.06359672747068115,0.11535404033904875,0.1995692816127785,-0.07031029556478216,-0.9248609822050528,-0.18922981775249084,0.2529545539067013,-0.0004941515435467782
0.7004689164637691,-0.018863415129949004,0.7664726077432297,0.7426277066934601,-0.01832282878063624,0.05785706293609927,2.5564803798712794,0.1480436242972315,1.6553991620539266,0.9950532869309009,0.2987475887402387,2.3161886904553115,0.5556901784231024,0.22061603989512246,-1.4964194146564593,-0.20296474462246905,0.3613005241511119,-0.08312537217170769,-0.598793985707439,0.3677931781376295,1.3154113278107682,0.16132117740626167,0.19397439179845935,0.8653105182558497,-0.13547566214940948,-0.6510531636466763,0.25857656662237144,-0.9432694084242252,0.6393916609657616,0.44508171253158946,-0.12181584162448823
-1.8461249492439635,-0.15054825299826322,-0.4522917168326812,1.9435275818902062,-0.14288402680698734,-2.2623445022492903,0.3270055407762468,-0.017991802972000523,-0.004318466243847581,-0.11352503752653215,-0.8195318410789888,-0.2882148584190462,0.5872949313791325,-0.9202204926156514,0.8536070688218171,1.4533812559046533,0.8952338250240998,1.239456362915067,-1.3434773666703181,0.7668204897946507,0.8904373859972134,0.31932783664533,-0.1455414902549572,-0.39089332048767866,-0.3150162905290748,-0.7301895643502165,-0.05686390065095571,0.6124344752541441,0.10642343976988582,0.05442449638235034,0.043289221536687184
0.12709887487162594,0.4676309978584499,1.6641464516148061,-2.724524233442402,0.036929101742954815,-1.5373743686355688,-0.49520592248439665,0.6073035225211514,1.0620717408524458,-0.4340846115761772,-1.4249059785674163,-0.9009954031534874,1.1208022898640395,0.7639018098982258,-0.4657596022151587,0.0024366277950863308,-0.01513568847989952,-0.9705599719594701,-0.2886730155809253,-0.0688870922988511,1.4540212873670644,0.21455371693059822,-0.43533520135121584,0.7418454571452697,0.11853700442336366,-0.6483996579624642,0.21042142040729653,0.4185942754847395,-0.7498972407227775,-0.7147836669054067,-0.33128129191782607
-0.7016432264478354,0.014554327195927091,-1.3016280288980324,-1.8226464903778048,1.2398541424129845,-0.026284059741160402,0.5185287045381775,-1.3156518789473872,-0.9604634604638036,2.1133668769665737,0.696688146477323,-2.5287008147499175,-0.49668427203073057,1.3744322920778504,-1.8320837466354487,0.33230466879455145,0.6231604461321615,-0.12447576618327881,-0.1335437751469214,-0.07162923581322024,1.3784555335607112,-1.4473454113149387,0.12123454371008183,0.8292523930057512,0.23682875030930708,0.1598874831490057,-0.029461565272726566,-0.32100264016689434,-0.6090438120596697,-0.6483606124403244,-0.32853137829978096
-1.3049730800684167,1.3526243136389935,0.16114044155435087,0.1244459057947824,-0.6796701234993798,-0.7322348195219063,0.9509966966642726,1.4735199756512363,-0.464920155249747,0.146366126303713,2.1458468506106247,-1.6626840211419616,0.4559171259056755,-1.7848683404632226,-0.7897706724003538,-1.3175521692812986,0.9198063004875094,0.4318656085573548,0.3596595659325131,0.24247925464169878,0.3751574681415934,-0.22907837150808408,0.04139979784832388,-0.4330291663916376,0.2017296450599208,0.3748115566802195,0.2574845405376001,-0.6871366321387078,0.16043699335297748,-0.14311139670099252,-0.19320944406179918
-1.196948422474948,3.1838968700604644,0.7446531107143253,0.15713130333919245,-0.09972394055353333,0.07963020688322305,2.470902786470098,0.4570394314887317,1.191095446710751,-0.25066818365128946,-0.7345451209514752,-0.5846420106224596,0.6460487903092196,0.7748426281380553,-0.38722641127791,-0.6694298661703695,-0.028460813591156323,-0.446696929999117,-0.04517892890878819,-0.5630428988336096,-0.201895656529339,0.2435581370283137,0.2523584310422167,0.327216570697729,1.302021247468749,0.6991414881681891,0.037385144195118014,-0.7447419440657324,0.18199661486470636,-0.031062997891235754,0.11504894438951904
0.4748286689630081,0.2832310274189402,0.5338992434366437,1.9664813809067807,-0.03133991605328168,-1.3114807920874836,-0.6771831934992357,-0.40017455697649396,-0.5896929069135156,0.4760611023360126,-0.2864001734341405,-2.7440692215720546,-0.5545976885980418,-0.07983365326256132,-0.6618775532758517,0.17587858969710574,-0.5483408869798118,2.6116024402711138,0.30236639344438215,-0.44694601751753554,0.7329200246670099,-0.24863729402626872,-0.6004595362593482,-0.7840935721906436,-0.9286765390158155,-0.19394706231673528,0.043525775349916335,-0.058640194654358366,-0.16054870360719628,0.7189082755429823,0.06726154235114884
1.00477648543487,2.171807427413856,1.7283817040387723,3.348817535153333,-1.1846679087613343,0.6030323186873373,1.9879922071805682,-1.4179756850060954,-0.0029339784531871994,1.431031764430179,-0.9388860104392602,-1.318697747155559,-0.6953280937486744,-2.0079971440932813,-1.6582552540245707,0.8964596988710224,-0.5884703165740398,0.6979829316890876,-0.41439886466598863,0.41680109112841346,1.0174395873567879,-0.638205918394781,-0.4623407435539399,-0.5025580898694787,0.6514239246785606,-0.7759908837670414,0.5320333808218712,0.12158326518055582,-0.007102139629670498,0.27265255534086413,-0.04807892951169282
-0.5420725099771406,0.8034365649359194,0.09534249579405094,-0.22464109567668683,-0.9543398363400721,1.565627387030494,1.858013847097111,-0.23595019173284484,-0.4544937635452027,1.2063385452561903,-0.42257892658035456,0.6165758576217527,0.11452583525533465,-0.36219136136943975,-0.8595742773784223,-1.1092720730701175,1.7841656093558442,0.5083803940635151,-0.7527229246921591,-1.067814025841435,0.22564361686745096,1.4310490016716964,-0.8975390008150642,-1.3352611927107207,0.08512208851817493,0.12893418941119858,-0.943728293411087,-0.6950907849058933,0.1047601389033943,0.140384902964255,0.1254896337846749
-0.3981111299543466,-1.0321754950451667,-0.7265054201669426,-0.6377726212095202,-1.7391457949732374,0.964346902999755,1.5837594864668032,0.5987991159448205,-0.05129331112206482,-0.9198556088710351,-0.8778765750436618,1.128879839901865,-0.4753414085654568,0.6209444066115618,0.13172430712109276,-2.5562726109589526,1.7643772863875054,0.44730862982397757,-0.8671924532215565,-0.8907990507645013,-0.521080182423869,0.7437144743736177,-0.4522131220073457,-1.5933078697732355,0.1723112148933679,-0.35484963361323524,-0.5732398144704028,-0.2952847454210113,-0.09117951862921748,-0.14894137229681934,0.3120126703160107
-1.1136514736944725,0.11974136533027009,0.21918103911983972,0.7272743514110922,2.1664686840182763,-1.1215712557384085,-0.1871401037240227,-1.1269423518581343,-0.31920143119760047,1.2015066884427412,0.6172432048036803,-2.1409645062900395,-0.08050783660033259,0.21767182619693945,1.1629284834148927,-0.2827002163661204,1.50640394540485,1.07240641955541,-0.6726617612529643,0.1731668487835305,0.7309090687014165,0.38815955842026223,0.5111281239656301,-0.04575282074556064,-0.9505227929210033,0.3565658364675383,-0.3436048591329184,-0.7913335951785364,-0.08642320793692973,0.13985317223039956,0.2563322930949906
-1.5390667885481857,0.007927791738403361,-0.9658262773483326,-0.8629533817309504,-0.7415565464402638,-0.28885154512550987,0.3049161974106004,-2.889999874647961,-0.8130071266356135,1.0825221162379957,0.6853599871407446,-0.6176309980000805,-0.7414485911433321,-0.05660110167385914,-0.7371896394344547,-1.4288133365351097,-1.1195956414915378,0.4413643658134391,0.7011834421229288,-0.63053141872257,0.16084567466114327,-1.2968618036360062,0.5547876250089219,0.12454436912466023,0.16839773977047034,-0.6170878111678644,0.20430511092861497,0.18511469530288535,-0.123570162772804,-0.21066161779463682,-0.05978948259806924
-0.6141650835367338,1.3783038417827955,-0.878631115005064,-0.6095918679914846,-1.8905396569741135,-0.5030018403454378,2.0669197660220027,-0.938667579610905,-0.3506223316061812,-1.8766604669777254,0.9887283533499672,0.23234023485187913,1.0038143003760585,0.5390590954686939,-0.649416496985344,-1.6486221155885523,0.2082695255180995,0.8762941202659902,-0.1363426466815667,-1.3282815160670705,0.05978613856163563,-0.12317912224367006,0.1764370889173443,0.4424004600870226,0.5809055641267217,0.8911117536520702,0.15251328608584308,0.34043239377626006,-0.1436901360826929,-0.011762789188775963,-0.10503092621613434
4.225378501710425,-2.2071499742614535,-0.5530461678966891,1.721600431630171,1.1596433877140824,0.6822587578681819,-1.5093991560277749,1.4552963103246654,0.7066917548031592,0.742739219785443,1.5410303004278116,-1.2270605056186055,1.638960702066384,-1.5133451522400894,0.1583431964808021,0.9804238801725584,-0.8900574759658828,0.4656135318654193,0.6962656821111953,0.6063645544607803,0.8425043268804508,0.22626860567731005,1.628625385721628,0.9278002927659648,-0.8506537544768741,0.3646601006683951,1.2096703701906435,0.08338125431483946,0.8588142894776647,0.1136352570394498,-0.015134963391588976
0.19886265723529953,0.624046623662972,-0.9745271324659628,-1.1650719494555908,-0.46927030793944374,-1.2401499997331435,1.4291158166817644,0.5037708388229275,-0.034316246217205235,-1.1634080625076526,-1.0316670345625907,0.05241165654870277,-1.010687336925663,0.01444148138277711,0.26851203752050157,1.0773059764531419,-1.0943340471061522,-1.3185843551002683,0.03131845444135032,-0.28729769591158455,1.2794746797677812,-0.12591868699466735,-1.7947958241497173,0.9708849915364837,0.0175244840697911,-0.15252924618813088,1.018286891072505,-0.10529885525181744,-0.07405095537851555,-0.5971987393866763,0.20142796059226334
-2.152586723127651,0.1307395474633832,-0.42529669917868856,0.6288547648930041,-2.9360259148126633,2.3486076682905304,-0.2421679372964108,1.9063340042828925,1.1287939380925722,-0.28954877477161994,0.25424799127876135,-0.28116587889468786,-0.21617107979734215,-0.014996601283183999,1.0418576686018293,0.9841179395155409,0.24306901954224097,-0.6550675927939648,-1.1368290974482582,-0.7746760375890365,0.08048525947592514,0.8627235690411215,0.021953603042335085,-0.6725939820076258,-0.9160679038067666,-0.4730592083291717,-0.5358820178012869,0.39154520021567835,-0.05307620691663245,0.17418678662795142,0.0582926893795109
1.1356284137206567,0.06515321332199799,2.6467191119250546,-1.6764263321429536,-0.976518535760259,1.269658616346685,0.04797806160640888,1.9397136045595176,0.15541888654781824,1.9720632067846033,0.32882144623965376,0.23164852900012625,0.35405307541534903,0.20172902799548872,1.0569332417390438,0.3414292875813364,0.04258937604853034,-1.697463404307771,0.15346616535975716,-0.19906682307859996,1.4326333148226376,1.4518174265646777,0.30542381907302735,-1.917436786893088,0.16165359813500976,0.8103246702357417,0.008209412546374232,0.05587858249851408,-0.6074149561202743,-0.09894076623814298,-0.4825176603667023
-0.07198169532137641,2.240444641833722,0.6262244583924037,0.5785572223557814,-0.3761331114938514,-1.1403453551131404,-0.6233149014339879,-0.24996554689401163,0.5946351502294146,-0.6034863050788261,0.011424521475772229,0.06749942724941196,-0.46242074080566126,-1.710628339844846,0.5081248575701889,0.5522479049297045,-0.2632412652542151,-0.84337629818498,-0.19928121188572973,0.6752467076114149,0.32220017613852864,0.840222550468951,-0.0702834818118762,-0.7689113576114505,-0.6036179664385534,1.090753029221517,-0.1561568115107971,-0.6825484693622731,0.1705611178021145,0.11097066940655996,-0.06635999209677239
0.7600322736764847,-1.8680279785269587,2.6582504101440336,0.5297450684321198,1.8691372920915732,-1.3715100172333876,0.8035776565451415,1.5083424701109787,0.634705007118661,0.22871978602956533,-0.02930569297270514,-1.5443287111153914,1.1853041759410736,0.8765345978212842,0.8231172440343086,-0.9126206784442883,-0.5637828080962501,1.7173239723436908,1.2703378742397964,0.006128541767450133,0.6614281659974175,0.3257804067257107,-0.23191815525128912,-0.2311009590031081,0.803558410005304,-0.024013947567582242,-0.0025919939683529567,0.5300903182444717,-0.3243828287364253,0.026365818090102723,-0.13681642051609422
6.576291052783612,-0.3896397770247912,2.595988979187116,-1.290623631497327,1.0078264979671983,0.9590408296448801,-0.3107755672903013,-1.4029376239368947,0.1577770612049921,1.991713563207,-0.6447647804651785,-0.18978449149061286,0.011401679228699986,-0.3291720757267467,-1.6743036095410675,-2.397397657640331,-1.3646802988920803,0.08492905422133239,1.963030789611619,-0.6706561332716199,-0.2954383302905638,0.33905671491379746,1.4547768357550803,0.44109476047789026,-0.23455095669903409,1.1253190116355507,-1.1410177193055349,0.21260620106238384,-0.3084377778883643,1.2678182385818375,-0.3767427598753761
-1.3192695822817362,0.025179791603656805,0.6455630083897166,0.7399048622852131,-0.9152773270908238,0.38344031672508594,0.8162532523641818,-0.10343491191113392,-2.165224498231548,1.1882226655187444,-0.4295173517611147,0.7857346130962687,0.2561738261690662,1.7173249197782499,1.1051328134027572,2.1812425432151525,1.3122217669055296,-0.5716213508858786,0.8615822192158897,0.757081167987181,-1.0354793419473771,-0.8675077992664472,0.19556626224741333,-0.0731930868653273,0.007269521736785698,0.4975238715533659,0.16642992335310475,-0.4627834851868056,0.06482164836533966,0.03726323003572403,-0.14638119900345078
5.257506806421415,0.3188559287554369,-0.4744137436553928,0.9037768987206053,-0.0882673777927758,1.482931293026624,0.1642775882651594,1.608007707452566,-0.1101304162334272,0.1282947730409611,0.850497227028281,-0.28337677315359494,-0.5432229267142269,-2.061871604712064,-0.7740917268126397,0.6519821663063851,0.646402405498783,0.8846720510093422,0.24504529647548887,1.343095361621522,1.8682632631117988,-0.6455015697251388,0.5330490266345526,1.7540889938463844,-1.0071244086068647,-0.1943988784454759,-0.26214953010864456,0.21890937340741415,0.5089553899689311,0.11721383995794275,0.057631637047888304
1.105999336344339,0.9158102723709517,0.25013753160195984,1.624147714096089,-1.0595276073358975,0.28793724851895297,1.0135004093370819,0.7895905594329665,-0.9892100001259096,-0.19824759869405226,0.7217733813574307,0.5308318172257531,-0.5543190758849466,-0.6377890801047743,0.21366219906947698,-0.3887299025212036,-0.8755468190747336,-1.237929816347373,-1.2245624647716837,0.08092270137015024,0.07422191123990739,0.028714961629413307,1.1960502436685352,0.5723601998586835,-0.5136801934227683,1.1061756395923574,-0.7856495186035065,0.21307689481539702,-0.1934851665685905,0.5816394643412024,0.18631398570909297
0.663766766176218,1.1377777763666703,-0.5413098368153885,-0.3264116929676794,0.47802074284472773,-0.558494923655763,0.03339206555490908,-0.10602015415145226,0.3000617740796879,-0.782200467209702,1.1214938900448181,1.6463710429269285,-0.9641550791834053,0.25179164243220137,0.3204724595188596,-0.4312250702271097,0.8121372744170887,-0.010050234899638775,1.6628538114090137,-0.6640920669168932,0.053201747608409664,-0.07328865861523645,0.6239672243869021,-1.0774409728219276,-0.14834727673837184,-0.761450223185527,-1.017933735250687,-0.319826240594096,-0.39712058116699367,-0.2939199969105966,-0.08747827838632098
-0.21316481806811982,0.2212445524409366,-0.7576761947149157,0.501827897618554,2.2271527700664913,-0.6266181281038712,1.5189703202862737,0.11689450004520027,-0.21681929990441812,0.8374388084341888,-0.5673846038791279,-1.0502468391539839,-0.7721149922242603,-1.2908433659932523,-0.17874806409362676,0.17211261482840332,-0.9097414351992713,-0.935400606204058,-0.700880423552344,-0.30462466339821337,-1.6375850642758825,0.9367863988643691,-0.2331906565620563,0.7229558927740807,0.9371625439818977,-0.05467136774739715,0.01811521872374979,-0.006617026528056393,-0.10365349984630215,0.03329653003568092,0.11556000883813676
-2.0477427030064073,-0.4725713914730769,3.1812013979466665,-0.8872484806199313,0.6424091732632063,-1.2164287276052776,0.6140284904912592,1.9720434794315143,0.7317258440523862,0.069015058481805,0.18102406074229893,0.24485182599315355,-0.09755254878406944,-0.9590527507413958,-0.6608985448546014,-0.23375752052592846,-0.44803665501619255,-0.4191807919656723,-0.2961053953517882,0.3569862953563972,-1.1081780735308748,0.5732403723300695,0.14986798818530625,0.15839748135806503,-0.10532505597654364,-0.676413895330843,-0.010356441388756778,-0.23156633738434532,0.08036984670369025,-0.13992851167607534,-0.140520989747998
-0.30825669061127464,-0.46239109405483614,1.8608656988507843,-1.3446051021702654,2.952457393854871,0.3611888485089091,-0.21114960153632015,0.23090252804544292,-1.406615473644184,-2.3217330550289024,-0.724266809896983,0.9365524403457595,-0.8174936900674061,-1.5129399768946195,0.6329312111806283,1.2241798058839035,1.8181575341577174,0.6276983040079507,0.6320013559880615,-0.4191827930440911,-0.9231883256939384,-0.994493481242078,-0.17292498767923067,0.3563285122304869,0.6227669365706292,-0.22447085158290245,-0.3077227419486087,0.986689367810393,0.5384462773133524,0.8461699503909825,0.09702464149574998
-1.5308297608639179,-1.9104738560999825,-1.2170408572978657,0.060004339540626166,0.413119604014377,-1.7934847095633972,-0.3361360454080427,-0.40408591815672484,-0.4686865477739571,-0.9502907578368346,-0.6196974633661466,1.0370650172097047,0.2274955276470909,1.409831753554513,0.9770799350769309,-0.09451937449079016,0.23426030232680978,0.2539897980279977,-0.5023155141522696,-0.5788985241752495,0.32019432960910504,0.19073802812636576,-0.2749113720129678,0.5239182378475747,0.11804164859090815,0.2740168490952759,0.11692118004962189,0.24902340154332797,0.1745255520885061,-0.125103212244895,0.18816119067660866
1.9450851618461746,2.03981648434898,-1.1841891125718136,-1.7952326575585882,0.7698631628114924,0.4138059104893196,0.30867610820703,-1.428261519396656,-0.15761340226664672,-0.304324515363797,0.3867981343397009,-1.390836998436962,0.4226685833074075,0.7633394616902993,0.2978601875601704,1.3157174464074093,-0.7093752508260387,1.819076700435038,-1.1662676557664393,-0.49569441209590354,-1.262535478601609,-0.9536977012279376,0.9364770811915138,0.5906764836710875,-0.5991535117454956,-0.505166929528802,0.040375031833744204,-0.07159548210977819,-0.7399122270668708,0.3431639007642675,-0.09185031346140765
-3.45410518324728,-0.9928808553912433,-0.05569947997881371,-0.025675139061417173,-0.6839934982566939,-0.9667266968822102,-0.11619498498952105,-1.24556689459389,0.8626350774420879,-1.2026458349388927,-0.4830265961190001,-1.6084249730305356,-3.167780764073786,-0.19869495117588454,-0.35648656880871643,-1.1814905019262845,-0.39393602237649805,-0.7979599712981835,-0.6969392663845098,-1.386651178200113,-1.0174587958138623,0.4057196887218602,-0.5347603386373457,0.9436538694505197,0.03916735517140575,-0.7701657902440111,0.1623206331877531,-0.274965160733195,0.2842717243754062,0.06771846845020622,0.13094796043465934
-2.718337803124853,1.3379413470231396,0.20895861019403536,-0.38257564963601703,-2.4360256410681247,0.8860985724106596,2.0090756947102246,0.08041270788552786,-0.27434271368520946,1.5450895691835282,2.040929884057771,0.48398640051897557,0.730740979453203,0.5681996647292153,0.8793176867228115,-0.7559508965990982,0.8656415319783923,1.514109940581865,-2.070987485913151,0.3957693398633929,-0.4997442379579026,2.11824295058998,0.24039419508259016,-0.9054451784005858,-0.9673386240233545,-0.49587023404862424,0.15170868797938894,-0.7049112212901384,-0.03629688681858683,-0.04222327934282148,-0.02900103715111909
-2.2033491354459533,2.313886658089285,0.9964148318069828,1.4141674231752832,-1.030836146937009,3.670986280236566,0.8804752472146995,0.041987908890976096,-1.620341071234199,0.9574086478296042,-1.3639036099787187,0.12249216676206033,0.7440460964753036,-2.1096121051348318,1.539667420153674,-0.144645456814364,-0.0034617710813106732,-0.7412216810419131,-1.3837962570389803,0.8920757945423005,0.3400439335854624,0.2784346063301542,-0.15516995855026688,0.38574735857033016,0.6386012045264062,-0.6936243387172591,0.46293154270687686,-0.31658970080812937,0.06224560504242238,0.04142366962041412,0.07656885744946258
1.07933221512753,-1.078563597366866,2.6049887802134766,-0.6238485985342352,2.4202822767029715,-1.048361882888789,-0.04580369050856069,-0.49174190219791636,-0.7846395311053249,2.0910838166603045,1.1162025147571772,0.9827657120347372,-1.3867662070797817,-1.128940894816518,-0.9118799876249452,0.7136435470775099,-0.7331160029029068,1.0430230262571496,-0.03243251283669159,-0.6378493448269853,0.8465930678638548,0.23031513906532158,0.5247738977026397,-0.2985876517299819,0.765981114058882,0.1410621632373074,-0.1307448850569828,0.2819467304582802,-0.48660654547485027,-0.12970285974296322,0.041781844693698625
-1.032705878004771,1.1410522174162658,1.7003647048967816,-2.3875465754268705,1.1420359574174872,0.06041134954994948,-0.6610761063890425,1.8570386452939767,1.2533268048310886,1.241207782166524,0.8159371440869173,1.0138018750209319,0.3037941631857522,-1.0486624433409302,0.6732983047892456,-0.21264518172812163,0.14528232297351573,0.42783607904849713,1.306741658709364,-0.42590251066749424,-1.3203859351880893,0.2448786187028857,-0.3337696090478357,0.5121373418229885,-0.13268435764600708,-0.6824003227182599,-0.049502416040357045,0.43910752804008535,0.40518780800993326,0.40067747359035194,-0.010218375370856372
0.8407510881959461,-1.607603812415903,2.307670949951295,-0.30610135570220914,1.8284984522771273,-1.5303170779731072,1.1890060685661594,-1.3363013631110345,0.0008440194206992063,0.037454436073602146,-0.1838504547334806,-1.4520995825994079,-0.37239036694711525,-0.8683415858696022,-0.233100984223721,0.5109134255625671,-0.13560805597565648,2.4980856830841724,-0.13852835594063875,1.2718730727801255,0.2646856305455345,0.28355395712534087,0.9219875066331699,0.3453075302211581,0.0340218281937892,0.2448826717418206,-0.10250226364731271,0.6244474527021271,-1.0149016864686817,-0.08028445455322664,0.03594492320984511
-1.8877231683155309,-0.6024992403349262,-0.3335512490604788,0.09110254662694513,-1.7458800354985688,-0.08188110146337078,-1.9758496484715933,-0.7178026396623405,1.6548785737812346,-1.2679980834233422,1.6130390820696439,-0.6562740120447239,-0.7927369408425013,-1.1417450469562338,-0.49579170721353294,0.4069111295567952,-0.007170817236611264,0.4356065093547859,-0.6021034784007773,-0.5467453237047148,-0.294194430711575,-0.21733650948171926,-0.3127261588867255,0.10543132242770885,0.3862612673673329,0.43043615592221784,0.32334090833130136,0.03608388760728279,0.3921626862176614,0.1546990246451072,-0.08417393500869626
0.28831297386741084,-1.6696378539163368,0.4996394409232571,1.949327629521285,-2.124127412932951,-0.7020140595568558,-1.4631000519879287,-0.2954745033054044,0.24077235007581274,0.8632873097861243,-0.5613510246386951,0.3699432381271039,0.02537296629529922,1.6518855275279958,0.5981891398446204,0.6816884356219325,-0.23233129976541758,-0.9516280755226378,-0.6842113915798439,-0.9528514966723275,1.7541301695371847,-0.5805096517470854,-0.20727432946767343,-0.6216859444990258,-0.6720127578062541,0.5323024217017046,-0.4621789459808266,0.06928640908157865,-0.05359383560425272,0.4814304409141552,-0.39149161662238957
-1.9833243420769588,0.4275458777575886,-1.9263900140464534,-1.4125476589691368,1.3649999774979753,-1.6721784111900067,-0.6013964979230423,-1.0197777679031608,1.0431777585179802,1.7702957723204373,0.6075858434151854,0.1773398326743647,-0.5157861505996343,1.3296848609924055,-1.2233344160050796,1.1892827050248382,-0.23949462871179464,0.9840459445121758,0.10114645796134104,1.2493860739588807,1.0561821765466586,0.4524664038074833,-0.7263871087883926,0.6287014979954199,0.0919210672945615,0.2527951549151188,-0.26981354026795384,0.23132422653006293,-0.011495885311953597,-0.416122836528011,0.19976170293688372
-0.7136971458077176,0.017619841729450948,3.201127656925838,-0.411972158186317,0.8033162501519757,0.17628433649690461,-0.16374335787120642,-1.0731554974106394,0.3898591321540242,1.1723021673250205,-1.6216628429691218,1.7357930826001315,-1.8201596924397776,1.0608517678094909,-0.16362574771022836,-1.5202381750220042,-0.2987707327656931,-0.008718016330279316,1.4315553012262956,-1.831591124299552,-0.4981944218752879,-0.1872295791189626,0.7413546226492527,0.048563476128800215,0.7087515037787278,-0.8071792919102438,0.12520441879450966,0.46156309337224516,0.19241009413471155,-0.13053896802152662,-0.13924967839753308
-1.3470039929798943,0.9727519120659773,-1.1451207325340225,-0.9059894767032031,-1.4303555816137699,-0.8099582520548693,1.5175561962934376,-0.7723262119023291,-0.3643459510620934,0.298023188402805,0.5532027153772529,1.3804010741141401,-0.5490549640265638,-1.0117527648563793,1.0692684625558178,0.578631126163368,0.18851099600997073,-1.1664132218592733,0.4393464582255341,-0.38563549185159846,0.337380969425066,-0.2726519194864935,1.2310393834084998,0.11535338471547721,0.2694517045703367,0.6423960107081816,0.3984791013330414,0.28003527363246006,-0.11813624415878976,-0.22854000845987213,-0.04698528550536249
1.7738976066562744,0.8295226329075277,0.11075759837057664,1.3750052945605866,-0.09510541004312974,-0.5959766969717436,-0.7156709337061639,-0.538269258946542,0.07334316993885517,-0.7814853935960585,0.7476468782469394,-0.43410122517774974,1.1592260498716085,-0.4031730801823169,-0.42356606390438534,-0.9540362326140693,1.2372192815727945,0.9606890090213694,0.5073852630141578,0.3324543931997773,1.1295921384581813,0.3566037828655601,0.13028686363246142,-0.575009162207514,-0.8629491090222686,-0.043225969073877775,0.27096169285244087,-0.2960468445008429,-0.9154589896618275,-0.11003062668960811,0.31780822587995977
-1.9209970096691533,1.2031473374490238,1.3957835942668197,2.0825968681059708,-2.0980274299193864,-0.23723912156693547,-1.5123472446690425,-2.1092371123593368,-1.030554356113752,0.7837201774352253,-0.3456753980700719,0.8892537890513393,0.06628149008559928,-0.49291594077044876,-0.5262207291511541,-0.04586261603558881,-0.8723523448076428,0.06150258476477335,-0.1442403808656634,-1.6861198798696717,0.46248372082464106,0.4580288155115128,0.31276162517838435,0.16488021331107733,-0.9060354273511941,-0.3373205028342088,0.03568251768803683,-0.3374804358741114,-0.07752976608675347,0.07595792047743699,-0.027978887731136208
-0.3436104414852292,2.248889319206847,1.0317988436192747,0.9407966406426307,-0.24300534300862855,1.1741697719232487,-1.176367373170559,0.23296614366158647,-1.1995735987577931,1.161340326696963,0.7213016480097104,-1.867018103206921,0.7931667471642533,1.0820632511105335,-0.4721917577647464,0.4985776386169971,2.289755726909501,-1.6912351583799048,0.4603347822380547,1.7365548728732139,1.787758423510846,-0.23669141237970798,-1.399521157244494,0.40029005980230464,-0.013636269097291504,0.6149921786892888,-1.456163024975589,-0.642673534599251,0.3944006316321614,-0.0782145694774534,-0.07108970531604951
-1.9098574307686929,1.5363407137454204,-1.0306980525252014,-0.7793405019746062,-1.3252646180121568,-1.371633060609537,0.18342006979919878,-0.47800727567932233,1.212896370297741,0.4782989205933378,0.21726010264071782,-0.25903750502006734,0.5271891413556903,-0.01604470395996337,-0.34934344155001823,0.3478310209899112,1.1871773732174038,0.07646038449987726,-0.5093938578436938,0.9534888126020002,0.47252830794784895,0.08624225453816364,0.6249860068258795,-0.22388654554732199,0.344918353935227,0.3545953255007824,-0.06190506259908107,0.19531621848450204,-0.004185495865349482,0.0008790749541777768,-0.2972671992041395
-1.1322434647556805,-0.52323052264386,-2.749759430434762,-2.364525376161716,0.7854426523413182,1.9251996378764313,0.09465295400361129,0.3009828319444541,-0.606670164987295,0.2656443883071295,0.10735019613703137,0.30046237429780337,0.5298700608483891,-0.5483641653373964,-0.6041469686781179,-1.0893366262830961,0.8297767045182549,1.80757474271297,0.599574337883598,0.9761265289476525,0.22688070036195415,0.4777097891821221,-1.1499266897392213,0.678857899797397,0.16249409786794042,0.1589611908351223,0.040140859388546356,0.21070682651936307,-0.450462099645239,-0.15523677488357276,-0.5218499875345686
4.559541609019082,-0.9239030187323484,-0.8369332902973227,1.5525492889066526,1.6809573158151703,-1.4203877802849423,1.2878261473955135,2.3133156879550025,0.9820213194606465,-0.36184224231536655,-1.4502930961453855,-1.2784948468123254,-0.6718618806856513,-0.8543739876923313,1.069220659048652,-1.1335381397399245,-2.001221418268732,-0.36125783638029707,-0.4754679573523044,-0.16242984073192998,-0.6500490027444397,-0.29231858686608064,-0.664479940943342,-1.295823176470426,-0.7248759798011198,0.40694744165784613,1.8907292225084424,0.2743566833406763,0.0994785158564707,0.1179672055974303,0.1725073990351801
0.2365048164401786,-3.278154283408313,2.575090070127484,0.01760762277978749,1.3712647528365034,-0.7283265508735624,-0.6398585714294796,1.067628143049145,-0.38226528883528227,-0.01858294808555285,-0.5102905269942862,-1.6177982553080967,-0.5636114103189083,-0.45604836103627266,1.7464325332857114,-0.5110235091376744,0.45703326269129535,-2.3640410066345474,-0.14959854963765506,0.42204757571354357,0.8527495162684796,-0.32366173908942675,-0.12919370476607414,0.2638501309399324,-0.12411928740900204,-0.01394623637385081,-0.07759604643478578,0.49090472904028526,-0.3042696725341276,0.38207234146572977,0.3229337671022192
-2.834244865923658,1.202709200900806,-0.34260261738283443,0.9287182685043576,-3.065740352421222,-0.45549679992253916,-0.8665970327126363,1.1165330318321958,-0.49013777575823797,0.9479432646294645,-0.0901423560781441,-0.7633403599857255,1.7605306609929632,0.07003859508570867,-0.43739454594162397,-0.06055802235544834,1.2939175889118109,-0.6210676965906727,0.8208756604372894,-0.01235143991660812,-0.2782468150870623,-0.0005460440712241355,0.23696233375499068,0.12517035153449516,-0.7977201916667281,-0.38261014432454576,0.10206897067237415,0.35817238348104274,-0.2926398497353651,-0.22685885153634414,0.015655999850070438
5.436358423740792,0.114469855205946,-1.0010973323982562,-0.7258437357372339,-0.8013213782048539,-0.16008975947532547,0.40924244477093913,0.48483776326171835,-0.6826851087813414,0.044208562392295564,0.1701080138225352,-1.1610812150128953,-0.09014574334315088,-0.5219374490771044,-0.3600289289215558,0.707456112939076,-1.0947418040312002,-0.7635422980575346,1.9056431719587696,1.214922424632526,0.13582898026542622,0.09742724084719478,-1.7616143195864293,0.31079346725689033,-0.6904855142668573,-0.021881669012529806,-0.24362499585933242,-0.29949317849323565,-1.411973262682365,-0.19510947491597366,-0.024558354488782543
6.174366131306505,-0.05013153779074213,-1.167996899214446,-0.21237129164853785,-0.6657281916690964,-0.10134156748557387,0.04424937158891914,0.25317262405568075,0.4048826046584439,0.5292384042893592,-0.4425772485852918,-0.9210722822035027,0.9416282519650331,0.03925276567899337,-1.2759267747782084,0.43376608529568333,1.6477346092852934,-0.2351940418699176,-0.6559954691617016,1.4109045972987888,0.22524543082808865,0.9397672805253529,0.48154125399451786,0.9978570341329183,-0.8599180661859809,-0.8432841940983538,-0.0035662518963200333,0.19647222200672948,-0.05688821465109121,-0.23569749736960427,-0.0018943269946343109
-3.302365297137138,-1.650009990112576,2.3875342634958576,-2.7850450733285013,-0.3054044715768134,2.298645463620866,-1.2739264029956714,-1.1404172920666502,-0.09108018233791772,-0.22246752388110982,0.43671872178402543,-0.39417855162226195,0.26656829172076163,0.7794177098105499,0.3263508854090011,0.15273868629285878,1.9316602034844021,0.5755049338169397,-0.629351671023947,-0.8513924501507332,0.7330446798177586,0.4452172987933794,0.15576164527128214,0.007026934434593212,-0.15143189812006724,-0.7647873737534925,0.037186897888792765,-0.04503792205710951,-0.15493260273889475,-0.18645129676487798,0.0012666167256865427
1.0694693252299217,-0.06791424819902074,2.0370522943573173,-1.2271630814426067,3.025688445840352,1.123419228411291,0.6766228522611037,0.8152536874263262,0.3017662000106097,0.002569147593672465,0.30209383081489954,0.2943632712288855,-0.2280944695534141,-0.7723376512291915,-0.5714503302408239,-0.01799973019363512,-0.48363307010471435,-0.8616497283136207,-0.6954142883837547,0.990592426986946,0.8991482590018337,1.2571203802115447,-0.3268563329351283,-2.2869138415560712,1.5820456429851455,-0.2249406968552446,0.05997114797620932,0.4940987425982927,-0.5305080832721828,-0.16527578634223475,0.3918428457192673
-0.43738071883395746,-1.0202793025973536,0.825847575173376,0.7491659540274326,-0.24694221108216904,0.701022175390382,-0.06683165473878588,0.16640404237489434,0.42486442638006117,0.9589540161651661,1.9605085055080997,-0.9959109883013718,-1.0524832151132635,-0.5562603580572444,-1.9501005664531235,-0.5600274555935533,0.9849816987715416,-0.9471877557084628,-0.10379081459284467,0.9733479588883786,-1.2106615294960403,0.6755676754891617,0.697096184371829,0.940139598293838,-0.1048214398993537,-0.8435437948073161,0.5010499375857568,-1.0002410431444835,0.3541276767184069,0.4094675425640868,-0.35632351732924294
-0.7828534915552632,2.3899946125767513,0.29874538450917243,1.637278926505036,1.8364867283052007,0.09172856680510362,-0.4325166915706994,-0.05993307539806061,0.5684802691422727,0.3355988598673309,-1.2242374835140164,2.062387909287102,-1.2226620806211552,1.7372180991806359,1.1419760320272634,-0.3038037668776668,0.3271713282811867,-0.8224001621755199,0.46563241349533896,0.37974801081835624,1.3967928355853396,0.36887141408430696,-0.1940625015328477,0.45498079450067447,0.42428477090090433,-0.79098447754235,-0.0835616664304967,-0.016141544816228166,-0.25349151463235275,-0.30957037846337165,0.37184667860543724
-0.14529155601373614,1.4798409417703686,1.9854126079794563,-1.890987659673973,1.1560200428439293,-1.1185182434018452,1.007575722456673,0.7912977849391776,-0.1674857586224989,0.6586265547894193,-2.079043126604121,1.4124679157925841,-0.2794170834017061,0.7471486244128974,0.040711413171735364,1.7900985191581342,0.20324489908073934,0.9753732405126468,2.4120337566241874,0.8293161180247114,1.0312042891127626,-1.4373003305793703,0.6419977244156138,-0.7820690388130943,-0.2764329795931119,-0.6350646259236137,-0.4876522830173163,0.8275141266540554,0.2080551626801736,0.1211578754562724,-0.06433607961125547
-2.803776131606062,-0.6548521465714306,-0.01604288219019723,0.2781434103552163,1.85066108254846,-1.3854409137611774,1.2622073334352737,0.9401587182797979,0.8939733735997726,-0.05292716305671982,-0.79694219234482,-0.4823363903021112,-0.03883172265639873,-1.29255773498878,0.0927317616977372,0.4979860663868349,-0.047447559920351635,-1.0431086003794086,0.19911455036294526,0.05072847239995622,-1.0133268159126234,0.5750487560555435,0.3485875465601911,0.18029097668787072,0.03129994472553674,0.07159844276723834,-0.056864157324766185,-0.9604520000536463,0.3611483811391523,-0.1204687305311334,-0.10401990240663045
-3.3794671577961988,-1.5956127077323559,-1.7191645353583098,-0.8310383973936749,0.6621863387946437,0.24329464394496214,1.0632611070441447,-0.7708359205266431,0.37437922590488093,-0.9870443113731256,-0.5926342924796923,-0.8742013095151066,0.3737412764629958,0.7000074913038775,0.15606295185060362,-0.23345356291654923,0.3562817478695921,0.9689331227911012,0.9478126467254017,0.549705921186899,0.1967295400271021,1.2875951747635868,0.4001955492250698,-0.8601868372387783,0.013223289437598327,-0.04340295086365697,0.05359871242680043,0.1834230223336578,-0.004338086058435705,-0.14346561542207797,0.14917051273948698
-3.637429683561744,-1.6584131879791908,1.9793467964343225,-2.5965447005862754,-0.44709211418442113,1.7109305451728887,-1.0763402293467186,0.7990283759341238,-0.23033042820916416,-0.13666524357248805,1.4587552238188473,0.7226345693249667,2.639559112204791,0.4412855913618951,-0.8804966493131994,-0.22264746739315194,-0.27308456029449685,1.098647142044039,-0.8330199323079833,-0.479018470633611,0.7279475120197726,0.5235816807580179,-0.11671039378634954,-0.036657221346990586,-0.007657604555811094,-0.7188906574818344,-0.04672360042392658,0.14429578667634496,0.11004971503825373,-0.11725104188696277,0.035532997994286115
0.6045600859189139,-1.732386031769264,-0.640683050065042,0.9855241734720417,1.4640497960579495,0.15657462677708417,0.15867339085800758,1.742007193096688,0.1490566169038893,-1.6211140613689317,-1.048672113012014,0.6206261108997358,-1.7414688752627943,0.2782194390650014,0.9924026021351026,1.5291328459795503,-0.0759646963597306,0.646256876713102,0.07131565459515937,-0.1254227672981881,-0.9666132227975195,-1.4047075056697844,-0.5903733046538623,0.1468084086945501,0.04596497296577911,0.4253491662780005,0.37243048100801035,0.10305200488749776,-0.24371541786494214,-0.052853665278594086,0.005923610609811974
-0.12620858102224577,0.6456148238460436,0.17189490539850005,1.9480006459929262,-0.5535341333858571,0.5933153222134506,1.079765282641683,-0.9030284081635372,-1.4355148813298861,-0.17686526521924886,1.4078150049258271,0.45853499061546454,1.280529849845839,1.608182496477904,0.3215415671877722,0.6948590127578349,-0.09408060826800708,0.029112326862035926,0.019726898161210003,-0.08140357916640176,0.09057660277457945,-0.2595577729143436,-0.4234326945914131,-0.11239465961557168,-0.9333818734844761,0.7169278132954416,1.0847940001147702,0.5403889420804212,0.4351415638453587,-0.1283299538202271,0.27981389337033025
-0.2639376263808117,0.8485014850988611,-0.8747318465509546,0.9243206036905247,2.7197583567534274,0.11272622883743257,-1.6981371866011803,-0.7468470370856278,1.1607854073197834,-0.2943612652678606,0.4546414196431634,-0.8724313055986761,1.1648477456269748,-0.7088487441286647,0.41039713394146965,0.4276018015684304,-0.2857724737505208,1.165139070013427,-0.4977535243225969,1.5069667685688612,-0.5426765047268881,0.5697462581102611,-0.3928530381914743,0.5369435754357545,1.7602717869320326,-0.2146086878787308,0.3827315331013297,0.31022776858478307,0.15219378110362913,-0.3465320166384215,0.1102832010947109
-1.674782826988588,0.28276543013372923,-0.6217996394101756,-0.38430346377997915,-1.79981175329918,-0.6179861161285244,0.2960220379675465,0.22006732777022464,-0.1295613961083605,0.6835994765725839,1.0521630062755787,1.3780529601006648,0.876738103251047,0.6234625035629591,-1.1180128404657137,-0.7828407822870045,0.09786710731342342,-0.18787313919055584,-1.0047727785791076,0.4372608919468045,-0.01929215542481646,-0.27255137527191964,0.0010034760966105508,0.3735002114728465,0.3901460272041761,0.37869479838385683,-0.10150782887234619,0.0981752203950001,0.654582580319049,0.5302004833197519,-0.031786040325066614
-0.3045273402933351,0.7494869580664877,2.1750334708601478,-1.740009430397291,0.8996718404138946,0.564096632385654,0.4095033310642494,1.3458944735487963,1.5347590561707167,1.2132465783105928,-0.14968542081329592,1.375865709336596,0.7707089164714058,-0.06340377236450942,-0.20589736428285987,-0.3559105400216294,0.6009584727382317,0.7697720736424786,-0.17237036454656934,0.18141056739066627,-0.6335001865929729,-0.913693790732805,-0.713678879252148,0.3702707583987764,-0.05089204278132268,-0.6334305287507555,-0.20908645426588182,0.4637503302606078,0.3516140724397225,0.3503461819743178,0.3548841474929079
-1.4598892264917849,-0.19094435082167893,-1.312068710870625,-0.046905504877000494,-1.0122970270452027,0.922457284351253,-2.343103203212282,1.5804133473652837,0.1314630048589129,1.0265726835910018,1.4878740202756553,-0.12458603635454867,0.30227224179175916,0.12001178943625714,1.0993868398409359,-0.36857880259421844,0.05293782297191093,-1.1467158646028401,0.8721034528279389,-0.24430766836221543,-1.564793613844055,-0.8266671716704286,0.10191119484980284,0.21819061813722118,-0.626036664396319,0.20636333616071822,0.05009953673825697,0.332872826312171,-0.510004363555895,-0.28640968844027165,0.22234639316303592
1.0604673224424952,-0.13306435990770207,0.253770756877891,1.427037474261873,-0.25813824322257745,1.0375271623444668,0.2393713051318157,-1.004449965582595,-0.5928873067695429,-0.39373104935957115,2.370321090197141,-1.7967429356714997,0.07322797865917549,0.06655184184460186,0.5743601426692253,0.5453120157052883,1.0149459649088735,-1.3986917455415988,1.7816865042690224,0.8620340336105519,-0.09077806767164931,-0.40251138278344084,0.462898017324796,-0.8712276755123025,0.7539384334372179,-0.36842071162753903,0.17896080174030662,-0.026197022041889416,-0.841439172309781,-0.036184476683320886,-0.00022653817375711658
-0.47209565927006214,0.13040631551353327,3.170454138951309,-1.268224302103657,-2.8359632730697713,-0.5809885971529486,0.09703863895221021,-2.0639783502824343,0.5488704877998127,-0.9573760932662505,-1.0348341137683656,-1.677503614156424,1.1030817349913968,-1.4066513953557744,-1.5260397957952063,1.0848775980960712,1.0729364700983237,-0.6797608755996868,0.336814449943076,-0.09129333732524228,0.029049990283065253,-0.4022194063288157,-0.2114371846712237,-0.7671660162379654,0.16314290405965431,-0.8111741286941874,-1.173534186844364,0.5012739068414684,-0.15734196560614333,-0.32252901711443627,0.46155910538867656
5.249992064576923,0.04841488205923598,-0.13327866698086002,1.8081845310070201,-0.43751191926302907,0.3083395177792686,2.3356109320643004,0.3188487947037273,-1.277710795810751,-0.6635333653084878,0.11683126496067597,0.020342489422355066,1.0430288748861765,0.07073998593597812,-1.4570545240975699,0.2674606157958176,-1.064209020540414,1.5144172304633752,-0.7530865348886288,0.8973186513297122,-0.4922408341649289,0.4636067758014009,-0.017537354496638992,1.107089316394572,-0.7537058031048295,-0.1895836133771913,-1.845561071510216,0.2648861767854395,-0.7977391170888296,0.015402977821149806,-0.2827928590249249
-2.8257417893294043,0.008615160989590418,-0.5696036590362392,0.5734424779407667,0.016926831644955388,0.7776273991843062,-0.21311935324483117,0.07826303809830258,-0.6180927350305037,-1.1870642344809237,0.9806871987236169,-0.5291587630478943,0.8595939899761765,-2.1992577166110236,0.01670607968472829,0.6045461009582035,0.7703956374147318,-0.03856787779622786,0.9603498369248478,-0.42153375800773285,-0.6437295075658179,-0.48189701932871726,-0.023008550154771174,1.1593689937026292,-0.13353580878136315,-0.5645411025249851,0.020457904724986268,0.08863065205474377,-0.034522987063246954,-0.11854109562675376,-0.030041347487647512
-0.29289451526853116,-2.4617158086796262,-1.0733496918078052,0.14658834499602866,0.3066097871523567,-1.7921895753908832,1.3223556654557884,0.6226616290064092,-0.477114925657441,-1.6287910101891958,1.8995294153960431,-1.5615741069679046,0.7021972322543802,-0.22899216365401107,0.2876719031953292,-0.8986263814565819,-1.0830923734786737,1.2622427429544067,1.1196451616029919,-0.997670438811769,-0.003307269524933666,-0.09802615019287295,-0.9978985010402246,-0.3538068706862463,0.17141013624761559,0.19640901189392265,0.1808619601556231,-0.054816835739866565,-0.08208950102709672,0.24853249273440137,-0.08362535814153768
5.264505308083068,0.06615959167103841,-0.114514288928772,1.6171175715789476,-0.34585325690747604,0.13770295396102977,-0.5189444274964252,-0.09187855607112311,-0.42326306248461043,0.28853298288072277,0.08890910426254686,0.7551835989186557,-1.016459065851186,0.911360903247745,1.2728560565359344,0.6929244642812075,0.7846386606411353,-1.2656157523300697,0.15677932822922755,-2.266807394421604,0.9125357470025036,0.47369943254434826,-0.6611031092132091,-0.9250827968398563,-1.0989371470002953,0.17949465334763895,2.0370262710106326,0.3440011943925239,-0.03422437518227965,-0.42306471610879676,-0.4145859209451612
-0.6416271946616394,2.0203857357490382,-0.12892441015551245,0.27796081660247624,-1.1352330232831334,-1.2844520289802097,2.1346298322646784,0.20384167387367058,-0.5688768351971861,1.2497477064301539,-0.06453998365922552,-0.03098042101834131,1.2539713814711795,-1.4141460272427095,1.3256116165419,-1.2896375096801298,0.37539214992895614,0.9330396167311407,-0.9509726027633442,-0.5123096185599298,-0.38792156838508024,0.47704478132515676,0.7657100159614878,0.0744591163692664,0.4582862675159176,0.9187636161012727,-0.3253651750303357,-0.27405705618401155,-0.07681335749793136,0.1318869419287149,0.1663793127422526
-2.1022169328911007,-0.9991428649882559,2.687206261134138,-1.6853622937987536,0.5052762126525753,3.0579987010495766,-0.6919686751904024,1.3823435419272179,-0.2306343550867862,2.000373307131265,-1.5623628116896588,0.1687076876965622,-1.5371672120844342,1.2245304729975757,-1.4128330461232939,0.7707294555959303,1.0875241310669563,1.5269383390734668,-0.00208958384840212,-0.3636325182634005,-1.4887837684931338,0.17038199485496505,0.6539667158315428,0.12745314499421065,-0.19829773292097794,-0.7529326109317458,0.3301141842164895,0.14866159663031187,0.2027059708939524,-0.28325507217661705,0.031229627577900373
-1.7037785035290554,0.43612521837260954,-0.3494963755535121,-1.3017293068996438,-1.3761166425265947,0.7994306152877519,1.6266664693787243,-1.324144736574282,0.3854827914357781,-0.3089334185166671,-0.43295910728616205,-2.299755309688701,0.6822229550935875,0.6537197324139782,1.160573822171768,1.3492298895029244,0.34946316146165046,-0.14995020362145392,-0.29743907805900127,0.9191114155415592,1.158767667384384,0.26300849932589526,2.200051817822386,-1.844616201419159,0.30787658983987176,0.3478220356345057,0.44662448679118766,-0.5359668510017722,-0.37991738133329206,-0.6654239857301079,-0.09590759133943969
-0.7328814862348025,-0.21276779245185395,-0.2328867955900929,0.3340517822085931,1.5781065802157108,0.9880413307499097,-0.7840314213881178,-1.0361455725165587,-0.6031736159955564,-0.5293413303292269,0.11608248676011206,0.29089533251911226,0.5722911725096886,0.7976781610360284,-0.3406789833993809,-2.734649693134115,0.8366783203024035,-2.1449891765369395,0.7060885338903686,0.2037919912661146,-0.8222182676220192,-0.5700320157321721,0.17811127875070512,0.0880385674271851,1.0739487511096932,0.030480863247647507,-0.12127421225593471,-0.2967060252142399,0.3007278105717069,0.2950980557114754,0.04018186909231981
-0.07327280196095555,-0.45393343589838986,1.6019168022305585,-1.8520789826166693,2.0742882969850216,-0.9186543766035937,-0.11024615035647878,0.9430728120415292,-0.5133072716140905,0.9552778527782153,1.824202129231245,0.4890029545891232,0.0540825699471587,-0.507760547841122,0.15725424391472378,-1.3175514579691958,-0.43494294828662516,-0.37158968586321833,0.6359815310666813,0.4132724234103739,0.40473694621725903,-0.26189911349729333,-0.040748655540593835,-0.38631452836480706,0.022819047474420116,0.33470723455511486,-0.10928343063484378,0.5881411649356719,0.1309332071960707,0.20088258160285416,0.195062059372289
2.6832589470219856,1.2289497369050137,-0.7603422523741824,0.1057048939748106,0.29017641978638287,-0.6964443768831932,0.9918015064460112,1.804479209179402,0.26957484344126814,0.8073568973503936,-0.8709560177145762,0.2709230683643162,0.3529186788333384,0.8932653653867795,-1.462109914507794,0.5448744834065037,-0.7256573351817203,0.39902848230089616,-0.7306125789421233,1.0713707152703482,1.420034939616479,-0.2719333801137664,-0.6377566426680324,0.7077627680038846,-0.050219716394940765,-0.7108295771355074,-0.14286865361884254,0.06957623505242272,-0.08112990788740623,-0.4931418448527121,-0.36057426089942174
-0.7573419687502337,-0.11084607734045383,-1.1753383668473365,1.1167722277903434,1.9451286779089894,0.5390727519441645,-1.0796107894537934,0.5409606022792526,1.5799900282600015,-0.23527738101318937,0.9946803817948665,-1.056654144830875,0.6870031493629724,-0.6100926615567654,0.45773413470673224,1.1798098964402555,-0.29977766962460917,-0.17437417755665702,1.2731755136856096,0.0928335486180898,-0.2568355161568047,0.06216845901673751,-0.33101899730132844,0.22176516561011397,-0.8757576011166875,0.508107596153291,-0.5913726914525768,0.4503526609704757,-0.11643082383079537,-0.005116588022490797,-0.08856387435418661
-1.139251954719598,-0.5438986415091797,-1.7299787000749065,-0.46278512058826377,1.1102386710801955,0.06101748885923758,-2.186910739772801,0.8116351946264629,0.608252445506061,-1.477641211001933,0.45840572972779975,-0.6792572882060801,0.6306131746083548,-0.8815887855137047,-0.29217397145873775,0.2877886237596567,1.1712258772377413,-0.31436881556437474,1.32015545106037,-0.8210849496684216,0.10901252967698268,-0.5061523518359482,-0.2957434827627594,0.3824007288623661,-0.7131519228728092,0.4658205718314483,0.08448377448658337,0.2741365019322422,0.02545150184734758,-0.12384824521531147,-0.28085772788969987
-1.4981433697112474,2.0955755395458495,-0.2711801757798254,0.8193941438539338,-0.1124749333638719,0.3718471740106689,1.4199861339810373,-0.33662838118828037,0.16559631427383184,-0.7944815905599156,0.737579070583109,1.2778846304467653,-0.32618570715799544,-0.28124517854719444,-0.2403368867531337,-0.8245654564184299,-2.3789016408725336,-1.0792796690786437,2.203119463542851,-0.5108043257759503,0.9283276128898369,0.2844426281550034,-0.4538944652155287,0.9531619228083812,-0.7755392863220149,0.8399474144634422,-0.06949389463409808,0.18640068180791552,-0.11132584854086106,-0.2752584185299861,-0.28105425824427827
-0.23028391025601014,-1.1089905370087176,1.5601703323600198,2.1436581970751325,-1.2761103101011544,-0.9645057207139538,0.24630011180562789,-0.30949191823499356,1.0446918674941899,-0.5373866045252438,-0.898997686946225,0.8898461754839678,-0.7092793994107555,1.2477146825597276,-0.03246283947438633,0.32337348880265887,-0.9951141158118555,1.2210885192183143,-0.03685095220215151,-0.9567955756131253,0.7381004186413918,0.8332479480872753,0.4760218466339459,0.6347456704977125,0.19026407504760207,0.3522274790722085,-0.13112005623653997,-0.8115269485541995,0.037947772175782664,0.700849477577712,-0.11538464810318735
-0.36330470488976,1.4269314508134319,-0.9697377927811608,-0.7439659291532278,-1.7389052755266599,-1.532489460918208,-0.04851212912425371,-0.8027113390671596,0.3777668356699633,0.18940424703786488,-1.2288168227682288,-0.005521167756150592,-1.2116516306319935,0.22075667497360787,-0.21644571266870363,-0.09690095796728702,-1.183963422723352,0.8578520806416883,-0.3696841958360861,0.421488510466677,-0.4537065467667523,-0.370434229530092,0.19042235560434687,-0.31164493907993873,0.6367179766209871,0.8768949748308617,-0.19007628340101027,0.3807519837546693,-0.09496051435814383,-0.09538346804962099,0.07213707212103349
0.05748220144448894,-2.0625195818850095,-1.080510961063541,-0.27361023349675245,0.15024565212412283,-0.6831887424320354,1.033073079910867,-1.5955098576539717,-0.30669526156753135,-0.6180256501029187,-0.16147914224736618,1.553956572373285,0.25791972718021916,0.6360580080442892,0.7200266687445618,-1.313056952508,0.0788384484615022,-0.45162813962268006,0.24848301075041576,-0.28813074900853336,-0.765122895697781,-0.674975457985495,-0.7555900132216157,-0.34210220634904764,0.2711290594344493,0.2850359471703286,-0.7827408735480249,-0.0026891255122115346,0.017095140559057607,-0.04754198740089449,0.015728098590612697
-0.24949076152615257,-1.6761089673770013,-0.8576578033337118,1.0357855703567989,0.9553801116273278,0.40913523617882586,-2.4660057884673647,-1.510123539920445,0.029979963785622576,0.12967536823548692,-0.12947235727489065,0.24595023273522332,0.7796950486444804,-0.9245430802102411,-0.47137110011453265,0.32311227847783947,-0.3955196336731595,0.3303821434875079,-0.1131281178901401,0.2759343518689156,-0.2934521708789124,-1.0452759864260912,-1.117265754407363,-0.04668034417241043,0.2292183507934363,0.3622212025465936,0.010664321923458706,0.27217435508203974,-0.43398062963867445,0.1468837035620976,-0.17295102695994038
-3.37987006003778,-1.9348688759249775,-1.0553119908965989,-0.9854881758978254,0.600733112077555,0.39993397474544035,0.9105302765058159,0.6875316687311975,1.3944144048398504,2.047142929912465,-1.2191155028116387,-0.7379132881363953,-0.587924337812948,1.8278238759546421,0.9221976824958403,-1.6800125876270777,-0.706171532618664,-0.4923744523302203,-0.8914232249556897,-0.826244005107748,-0.26110366625719944,1.1221878724391268,0.4736470011635902,-0.8324895757685942,0.19844129444725914,-0.03991159119007968,0.10676562188454115,-0.5485614914255561,0.27881698588275033,-0.11335930531235604,0.09397678610355047
-0.635854982014574,0.07580846595753418,0.07139953671061051,-1.07839855473888,2.1911465501152327,0.3268257450732859,-0.16202105453886376,-2.1673474188255692,-1.0352959530009442,0.8234000063889085,-1.291067922852664,-0.1559662193185431,-3.121148910446262,-0.35991746463593927,-0.6855464836827706,1.2547893612579557,-0.4405147241853073,-2.604368517994732,-0.55880592966841,0.3688341947999156,-0.48722782305085105,-0.8609902802177496,0.02026650198273034,0.5640050698010843,0.0993658926844902,0.2684780511072075,-0.13268923576499345,-0.9262759506126402,0.21287768171285623,-0.03183760696452656,-0.007759642733056508
-1.7890065380710376,-0.0643054615302703,-0.5801581343511496,1.5467353496386007,-0.2716383164217001,-0.8201676844051393,0.7604755437715425,0.5378588805613207,1.031790014286666,-0.9051725539272054,-2.1334702103702705,0.48951101357497956,-1.0062973438291871,0.3101036554698061,0.23326889989349858,-1.3235084829838695,-0.6852310769685713,0.04292127491861936,0.21004958455149317,0.6756449106509208,-1.51361970139082,0.014051745369234257,-0.06411100006990667,0.3753022275461373,-0.02410095475100158,-0.6410467287942471,0.29460975167738473,0.6506234562896738,0.3020197672758552,0.019669817098246722,0.04003387327540816
2.026934885326187,-2.034099871520628,0.07579050521797849,0.7215456383714904,-0.6981199875123294,1.266458774174185,-0.627331592793506,-0.2976364493125374,0.22975976724928507,0.728594424202867,0.7957604630019269,-0.27949827808258004,-0.956386369371526,1.848786542444132,0.48574968792229384,1.0620115868246984,0.5292213533522369,2.056145589228363,1.0728488780068712,0.4830424487956276,-0.3091061168877934,-1.3333311204428135,-0.5823527190001178,0.6673283533595653,-1.0111770517001457,-0.5937849179239347,-0.24833481490478682,-0.28921713227702983,-0.05200155201355915,0.3954276222649068,0.06206954572953105
-1.6050588547234956,-0.941916336055753,-2.5687047730889097,-1.638124447960622,0.8347952075436387,1.9655545399148233,-0.9696965326244505,0.5001551150304172,2.3556682206973107,-0.0757226685561164,1.2085797954671047,-0.7900390501473772,0.7738422496602086,0.015104113357267333,-1.0507751650224253,1.3933034304388356,-0.6067396298823873,-0.6479405544065684,0.17790071734195234,0.7290648044389568,0.003977166494101654,1.6704677052715158,-0.15819665257735038,-0.09626914961213554,0.1962681334306471,0.07064131581548395,-0.5554194438493567,0.4251885725267629,-0.3388159370767228,-0.12661169507841674,-0.54088286022883
1.0654856767387035,0.7749575000382425,0.4001467332765317,0.10790472210544662,0.5610599245370287,-1.0761717180988974,0.7686174008720155,0.6709991401284768,0.8542367716375865,2.5098749179032875,-2.535879686998909,0.0058177254225410735,-2.354392655369731,1.0339718727617182,-0.17900655228755294,0.4898568688231582,-0.19820408990760435,0.5333913648923078,-0.5064800060421253,-0.7625495377200692,1.1122809751697433,-1.1467414384548666,-0.533448708689636,-0.5258615300225744,-0.09669814210367741,-0.7653114546716162,0.11136185646540589,-0.7976971861093629,-0.05536424383525467,0.08482554554305016,0.10518144009851559
-0.9531188017497716,1.4604167694780827,-1.1355686097336173,-1.1379491302684828,2.4457767473588787,-0.7545266291300813,0.8639880954979362,1.3498702166698402,0.23939620576070728,0.6650278143910467,1.1086538774860897,0.15679922563552245,-1.3774356885781611,0.06328551829391481,-1.113307024497259,0.510382178006082,1.3988232120853945,0.11968936664044884,-0.47022638864009714,1.4965961131601393,-1.3613500524822133,-0.2318201110724235,1.301126590897364,-0.4418601793847786,0.14294874093878415,0.33026792678196626,-0.08174486534840168,-0.4999067545137391,-0.5437181543816543,-0.6640194681685936,0.08619427477642648
0.47056118400995905,-0.6669883537910484,3.4988831752246754,-0.7646147075688886,-0.22776272858825805,-0.2957902173347315,1.7176004663231823,0.9602228854753129,0.22275965912662407,0.8220826771279992,-0.8600218270447225,-1.4366904639291047,1.4720839830719932,-0.3454406244575538,0.010995423587414297,-0.6430169924787643,-0.4135644076476215,-0.23765136493045694,0.41791321042792995,0.5455922826527922,-0.4051124233834461,-0.10155795308654957,1.0949110587723552,0.6280410450420031,0.18810041478525721,-0.3766045267873777,-1.8098407353397015,-0.3209331789847415,-0.17133065523152816,-0.23938779202615507,0.21783541367652243
1.7093483756100463,-0.7282473675998483,0.5815332171420122,1.5317382390404621,0.2672440153526192,0.9662497305963135,-1.4557867145036982,1.340139411134634,1.0372903750571554,0.2792629540573108,0.4755763561879024,-0.10999191611185315,-1.4966136090404656,-0.7919119854940189,-0.7235923082466769,0.7033118075307343,0.013193161302629056,0.3851808063303835,-0.4424847012975708,0.3711252467491513,-0.9652199485466623,-1.5925078513974584,-0.5643528124436448,-1.1668633931252907,-1.0226762223751642,-0.4754290513692588,0.6643359875575167,-0.28970786222110084,1.3474116027033,-0.016689262945331323,0.6090469490258822
1.9584779157184748,2.7992759411171315,-1.8065440181295012,-2.019372983279849,1.847261009096704,0.7693796910562393,-1.1232743556091582,-0.71399640509636,0.8246681796382377,-1.0908651536365117,1.2681303555601728,-0.27770468641122653,0.46043199418843506,0.2241466479112827,1.2350852251021325,0.5564728833174529,1.5244974640996967,-0.9989253585055716,-0.18158443145067849,-1.6453508305965245,-0.410172457248287,0.2088582235772411,0.5688836326333095,-0.06955367593294634,0.44378379432117465,1.0583708030982664,-0.12050078753443975,0.24436139787490166,0.02511259184703203,0.697038696032279,-0.5755354917811967
-2.235042985427859,-1.069548785427147,-1.1215979178171853,-1.2472472703725768,-0.706158060681998,1.5650583529816195,0.32552818045003207,-0.6860505700099182,-0.5654607053291579,-0.5930730276561001,0.8444063873664374,0.8310127572445165,0.16396312686379422,-1.040647417105885,0.5556854601887852,0.23874350123919333,-2.6591308946217533,0.4165343699855082,-0.5656443555012154,-2.118727641641695,1.2815882697158651,-0.17247956512191256,0.09411848512440761,-0.5592969965520369,0.038539183275173756,-0.6502107490598232,-0.29607171643468677,-0.0367746125945941,0.269997504805451,0.09618654673066826,-0.035373449223544115
-1.0686294682898625,1.225279788865559,1.1685607777760576,1.2529556210100865,1.1530234879495111,-0.16598995381686749,-0.28339100237483356,-1.354224710272453,0.8654463635776494,0.7259756569667237,-0.20053064383562214,-0.011793565610755603,1.6992610587273362,-0.07882481189931108,-0.07814128949260289,1.470114657523443,-1.2378323009798815,-1.1817916311954055,0.5327218100376574,1.523013761724528,0.20628504151210156,-0.03848543796950904,0.6753780767383822,-0.8591999018653838,-0.16540286772928073,-0.7146646155937257,-0.3305743532382841,-0.9371199869699572,0.4217710256993914,0.0964748984433939,-0.3666943162390851
3.0387816722387466,1.3416578670227868,-0.9496411777097928,-1.3295771160789498,0.07398225867789988,-1.4682483945442664,-1.9503740556900167,-1.6270743399770022,-0.09081652285193259,-0.30180648089634843,-1.2508467548876576,-1.8650221301324705,1.418454346595017,-0.46378502024245377,-0.19961169171922305,-0.1890720331125829,-1.0977034914607426,-0.6645485678625734,-0.7524068259276967,-0.6466342260346212,0.270597783123197,0.6744941073899301,0.5860663047765327,0.04471089898948746,-0.5609513737309723,-0.7718197059882367,0.21814918322602214,-0.2714416883392682,-0.44953455594514025,0.7528595080213119,0.07381865125244198
-1.0643801405415176,1.4101153445627819,-0.9407831926950242,0.8688972114634275,2.758041733894532,0.3315939800395208,0.4496190538560373,-0.7437236648430413,-0.029291194117681066,0.01330307018704371,-1.0416815181403505,0.37445253541245205,0.6664563055795951,-0.5480479223987323,2.4296283720361833,0.6206772535916403,1.0727067476296748,0.7643433921305797,-0.0366781700514351,-0.669064506385352,-0.015737423304655825,-0.5375072125927296,0.342034687482613,0.4406002881460509,-0.09911371787097241,0.3880646103870625,-0.11918117480920436,0.48406300023693355,0.21421822454876732,0.5219077992283899,0.124059696919214
-2.995579627928192,0.8122281068795569,-0.0996926128007343,-0.14865358372913018,-2.287983218838061,1.9401803524826382,0.6076254963480833,-0.6785849726784838,-2.0053653730596515,-0.7806281008195837,1.0765593969514866,-0.7713922221352593,-1.5417668054370286,0.6076186324933239,-0.8359104864223528,1.4777145952872501,-1.6307945749623256,-0.8347462196768215,-1.9088727752274144,0.6325956458518026,-0.3898014574649103,0.8020813405403207,0.3724696652180042,-0.32752072217021033,-0.9457506882538579,-0.5032981841644931,0.0014552776414371118,0.23366539582582124,-0.2445638186222997,-0.24380473607590217,-0.037769805578049605
-0.8551505910227026,-0.558381376546463,-0.4353348705265878,0.28074709765064926,1.2812022152444988,0.43302589521438495,1.823763154308144,-0.5710971793271284,0.6744379667594332,0.0006244595557099723,0.15582571149940913,-0.6754194259421101,0.22990437594181654,0.796246844839579,0.12268090291957116,-2.3634670509840054,0.7859880964831821,-0.6929767142749689,0.5910261519374642,0.33655778664334773,-2.2815586810890918,-0.18699698507708234,-0.20710849804170137,0.007270438866929296,0.253034638033132,0.30139935764207915,0.04265544300556619,-0.41733902894602,-0.12131961633216878,-0.14749210912148716,0.062097202442015595
-1.8225061311457236,-1.2360952116019417,-0.18674921331759403,0.5240752674281591,-1.106806881371252,-0.7147452388509015,0.15283381664858778,-1.6495042185143751,1.2129068821793398,0.3370240093748657,-1.4488982673392121,-0.534572098146111,-1.757801409125298,0.7832472404265264,-0.45934865790747886,-0.5153475688650007,0.45745951883459657,-0.4333533319800049,-0.7130479523354915,-1.3572201785614753,-0.33678383552180624,-0.30316507278468524,-0.15093793339065012,0.16780160538852618,0.06473696339250437,-0.7454983775537254,0.0024846988535617573,0.054861249304834055,0.08335840075617254,0.06628558380872993,-0.013494586873392386
-1.7008903164148517,-0.011612172359556321,0.08093129322278349,1.969797926850842,0.11596457558410257,0.39761604382269233,-1.0541794590595472,0.485300758683625,1.0390396233873083,2.4669966175488196,-1.9615919503902086,-0.3432859002118001,0.06402416123221234,-1.2744577190507305,-0.37518152589196035,0.2416296925223726,-0.9704374115532941,0.11930146004835522,-1.461050688166519,-1.3252640976550165,-0.596592548451706,-0.9320977145993041,0.42806695785258486,0.5254043000400228,-0.7842952597170542,-0.383247530904253,-0.20832204223331466,0.06904120712731622,-0.07814833921019469,-0.02071625126689181,-0.12117499741924374
-1.4519473528464821,0.09007599763251808,3.2416266015831168,-0.857310748762452,-0.5140283753416983,-1.0460208239602986,1.8101274624051973,-1.6663140042865558,0.5559659287847378,0.6486509299565578,-0.4914239110317742,-0.43108475529376833,-0.8807963550174126,0.027933798889616345,-0.7331870313925614,0.22602904374448066,-1.5549532685395921,1.0986805892574572,-1.8466916256618204,-0.8556991342204475,-0.6254890510899237,-0.24511151301517264,0.3045609149660202,-0.0688064884534961,-0.5519558662244152,0.686673535469496,0.39553101240770766,0.39906004981715265,0.08468636078100678,-0.27319018753084984,-0.14400632262410584
0.9132537146534797,-2.1747286448130376,1.701719890958544,-2.0169765978308174,1.0330296403993748,-1.6350727145626758,0.11953619760246749,-1.4189675486508513,-0.3553504225198103,-2.4883596918987334,-1.4327630324967897,0.7849785903108413,0.47140811423814816,0.20623800199971265,0.3748858425598672,-0.7799687500519308,-0.8831274121109224,0.0604386747776676,-0.44042443070755904,-0.2351417429804666,-0.32813839083300717,0.07041643020265786,-0.1630833118066772,0.408098581193292,0.19308934425543106,0.21416610001435862,1.2810526580331958,0.7368281521388131,0.765530065118003,-0.5899439414523326,0.10358933356759416
0.33666865095432613,-0.1243845472331896,0.04906355181517787,0.5745764772428921,2.082654683988744,-0.3550148900681038,-1.0906258790862031,-0.49966782720337866,1.0971315985736163,-0.37655119536907083,0.350545350976269,0.40422442069551373,-0.20278632162761376,1.4608751762435896,-0.08232373121663121,-1.593100067675107,-0.0008011213378808672,-0.0325257493804077,-0.15349308063847972,1.2430173743913855,-1.4469480878782435,0.8875446799473247,-0.3350551353816905,-0.0933614541783043,-0.7642601792168502,0.45267959008998554,1.0699358247881319,-0.7772528128486696,0.23480291150649762,-0.29446725362154397,0.2643732620584592
-0.36166727804899385,-1.5473202681160418,-0.4510822005853359,0.9752827102958916,-2.709430350408133,-1.0231466361763333,1.4867261566748438,1.3440253340687267,-0.4333307693565627,0.7666074866263315,0.5462941359133203,-1.0466768856953568,0.7697027190172528,-0.7820856320208734,0.14180297284526877,-2.0323390738283953,1.5424559466148833,1.702920582081045,0.6110419777745559,0.17223347220477592,-0.21575168282038237,0.3033539255706578,0.0436017706883899,0.9885890813721839,0.306416716377525,0.3146760026969512,0.3057999458074689,0.06548544274172129,-0.10734423486995379,0.6840341883785426,-0.1178357756288169
-1.173234882938487,0.7552938513264978,0.011075905883111194,1.3500482608889326,-1.519142574729422,-0.5121761653407778,2.358685051151337,0.15354177802103214,-2.4243090434280363,-1.244316223997487,-0.2862766786070676,0.029118881133913463,1.423073604907339,-0.5943930972944319,0.15576539040509507,-0.8103899456962897,0.5849640472064421,0.8316222501977494,-0.9096134538352244,-1.3828467960100579,-0.7402188320404777,-0.08885638010047375,-0.39576672929582013,0.5556928756918238,0.33230039568901576,0.9414626715233086,0.342866438969622,0.30821478065150193,0.047477043983260615,-0.07897274606094262,0.1394215780358997
-0.6256825852309799,1.765239985144874,1.0474629549401906,0.6786714941945142,-0.1036287688169528,-1.237510710745548,-1.325567249430685,-0.11548653153713917,-0.82779818280453,0.2587206632642607,0.12788587195310663,-0.8700120137368459,-3.4771474348112066,0.33008513743159945,0.8977669546132615,-0.04652917038785632,-0.6301274497223002,0.917297131508289,-1.1859797502286675,-0.9481788039042259,0.5730437159129255,0.8997989959087392,-0.7022697548461753,0.3599264302621466,-0.7828139088901603,0.9072526120931008,-0.4326603251708617,-0.7600411294844147,0.46322282316349006,-0.12458207468754054,-0.12575050043324268
0.8505761415975007,-2.261456047384303,2.8071451359533306,-0.29080850653017026,-0.5776518833017861,-1.094729698948062,-0.6795126928204821,0.9397490399497723,-1.3438013943950016,0.39171745265337066,-1.5516872023983106,0.2532566936079914,-0.9088165448924186,-1.1024664300098612,-1.4637156743452557,-0.5534973028076452,1.8891644086247348,0.5730984005392167,-2.399869862216213,0.818853198640785,-0.04128147844729275,-0.2905060605171336,0.4256713254553777,1.0355133350500516,-0.9331712034703982,-0.6492530990782572,0.11009006965557891,0.4356688670826061,-0.43734328634348,0.2584004663251005,0.2474758467479375
-2.137477152475196,0.9573859720502518,-0.16921563504648313,0.8548619734862721,-0.3986083433861726,1.804219526513255,-1.270691660204248,0.35420625399618927,-0.39551437932214145,-1.7379931727809135,-1.354523807418902,0.569950235553529,-1.785336180660115,2.5529740846620133,-0.10407617545063104,-0.7586397750865514,-0.8628584342840255,0.015202951133831542,0.5750152456926084,1.4762095001939488,0.6792302800042744,0.8867112791091872,-0.5213193052338222,-0.7518582413215861,-0.8922284953834944,0.467551845353488,-0.5384923446643264,0.3212907386740118,0.12413282941245826,-0.07930731865995123,-0.06993312594213973
-1.6421090581067503,-0.19952844129597064,-1.4972074840906238,-1.4186753014916498,1.1982216678341324,-0.8944843403610725,1.4004871825371803,-0.3293683657399346,-0.9857136273033922,-1.8113072682733926,-1.1017656550743677,0.14134279592361337,-0.036182152219219395,-0.04489227890389799,-1.860590732570086,-0.7143192990007335,-0.1999186219505466,-0.09215648523031646,-1.162849262504506,0.9114950922133156,-0.4661532458891245,-1.727060482442465,0.7747523059787121,0.531025915327986,0.3217418756531504,-0.11641436562135755,-0.13467635959013693,0.344071902987262,1.1354381032957657,0.9898121251927771,-0.14102498425594678
0.6402520602062244,-1.5684047921156643,-1.452506543195657,0.49747584556806956,0.8452573150970724,-0.04066084561719896,-0.3957723248678669,-0.7978160789782001,2.0544226083600123,-0.4101403090048727,0.9068160163827825,0.5859903704165702,-0.46350465826334736,-1.5096984311708246,0.811534093849236,1.1286147827486916,-0.2310108574500314,-0.16014534389083432,-0.2558684437966099,0.9266970208605347,-0.7430395941484249,-0.6452407759542396,-0.8625671293353271,-0.6752829380409834,-0.6848602806203143,0.6618108995061408,-0.2011136276451925,0.4378776861025981,-0.3844786674846186,0.09227890960372914,0.0479985314584534
-0.5782314164504844,-2.4558197005775395,-0.7670608661828012,0.5722527677038076,0.25395973794719,-2.139961812666631,-0.38969519683930953,-0.29834078252911406,0.1999604314471526,-1.2817386783897453,-0.640574769761181,1.1497698171143587,-0.1747425488783497,0.9704805747835678,0.6086285227459748,0.05008981497635473,0.9578817123510759,0.42751195719116275,-1.6155167297831485,-0.1926502457424821,0.8441971296603255,-0.16349974762614056,-0.9174783872427003,-0.36928634513678826,0.13159570771556198,0.26915497444160114,0.02742405672088236,0.008296838530637785,-0.21176322063425992,0.22281657141538824,0.22669069518417587
-1.3197825406163022,1.1990005883730073,2.0825941837478554,-3.4828832586300966,0.21393893105323417,-1.2710791660884388,-0.7586878688573615,-1.0443351786129906,0.6579659297300892,-0.49067768500834547,-0.7767470612662971,1.8396266245979427,-0.1505979157860551,0.5427496463509692,-1.2175618052375161,0.9437904950905155,0.6643480324144271,-0.49330335156013416,-0.395984747673574,1.4906579286941306,0.479104136266045,0.6301334574177883,-0.936362066971834,0.9428144181830841,0.04636312438577085,-0.28556710576046174,-0.18255890448899972,0.03285679514320704,0.02557341411703691,-0.38419112733085414,-0.4221072121989025
-0.046734350135412,-2.263607967749164,-1.4805638351492052,0.010655443180566831,0.7696635630838403,2.0689586107413804,0.4177355249825159,-1.5128914203433586,-0.13517535409226664,0.48597426652525966,0.11701839922208337,-1.3182160094535758,-0.6632310053989929,0.85773989909662,2.0150058686987253,0.4166840845693731,-0.7316314360898749,1.5845994839864082,-0.7675207089623208,0.3506513230889779,0.15774443320696788,-0.21328673231202702,-1.1651208147228054,-0.9853137133858809,-0.8638544773596888,0.4138272999704066,-0.12237424407094742,0.4892156039600034,-0.2507783288326299,0.14565065059673923,-0.020654200889324417
0.28283896131520964,0.3810846311372065,-2.3433072674151973,-2.8835949693981826,1.4776442809716714,2.614431109179672,2.2973732542987797,-0.6513528970390803,0.4986527589902626,-0.8806912214928512,-1.0855951119825527,-0.15385883189083246,-0.10421333440745482,0.7617492646599978,0.31305363896820826,-0.31973089100492014,-0.10171620953911782,-0.251230862660966,-1.9779883218467673,0.05051876686517816,0.12436643542305106,-0.6463468005001433,0.6051082573403399,0.2089496297995734,0.4031804368396325,0.18981633303192227,0.09927894260530193,0.0969024535756245,-0.6615916985029091,-0.14979604856387804,-0.01923259252895487
-0.29074405683038934,0.9908031155068899,-0.7586740700366256,0.831838424453276,0.5690922656401916,-0.6909435070616738,0.6485968435114811,0.04934445762929396,-2.0196401902761214,-0.7788710254557951,1.6764028509050013,-1.5320887942575387,-0.1387184144538714,-1.4576550871696488,1.560031791396193,-1.4804262739140632,0.17365878696173614,0.2636295946249754,0.6101737461805233,-0.37511677583668346,1.0633402366767688,-0.9259446147732614,1.2527126721236483,-0.5551001998582025,0.6876152232399215,-0.8223769396166274,0.20783665189077163,0.44893457656847047,-0.6906589787706744,-0.35126705902898503,0.5099845011511713
0.659319563405111,0.7523671138368743,4.073982438915294,1.7450380681486066,0.0166519365529456,0.054339868269082825,-1.8420988744083417,-0.6526906510420443,0.5537235599139767,0.4969280400276518,0.19375298863215673,0.155550670465491,0.19019402004835412,-0.0869920586284282,-0.9178605874597157,-0.5737215758857733,-0.7551271183891163,-0.3067692577593214,-1.0205703853804953,0.7481679369381151,0.14433025062522503,0.7069177876036026,-0.393645790628895,-0.8713084465830119,1.0698538523427794,0.6695115144542043,-0.2888354399364778,0.6902472712901478,-0.3776419629305266,0.012318478376606112,-0.06068069342774947
1.5558126234770326,0.30074507612622664,0.8644188107616572,0.5537535483560743,-1.3233946256069504,0.005826155278835237,0.1255061724341189,-1.596833447954012,-0.9200339637003411,-0.4492085265470028,0.24794272521946223,0.9961305959689097,0.7820699872348327,0.6168976586639096,0.6973639668950492,-0.3347672731012797,-1.9045322651434562,-0.8672382060991242,-0.4021992258057256,0.6349395645196102,-0.5162411636565165,-0.7964946570377855,-0.460494331402348,-0.9225084297160806,0.577600507723647,1.0375728839248992,0.17053887893389194,-0.8087557688006303,-0.7395687693216493,-0.247133570222215,0.35557587233540033
-1.3005893065330094,1.7183457772135518,0.1087649067790035,1.541978954568386,-2.128031643246075,0.5915179077119076,0.08600671249772482,0.7918681120834785,1.8580896002684446,0.07708321679663666,-1.2101746301228926,0.9910445374677743,-0.49355926660834154,0.2511340275539537,-0.8940594775553564,1.4943133164545108,0.22359405668060267,1.7346863905589527,-0.4850452677550273,-0.8385582910061269,-1.5564400098537694,-0.44188961352351197,0.5814139823956245,0.22339439861049432,0.11165718483695987,-0.5119976085799746,0.03558204050974208,0.5342078795094035,0.08167519672897339,-0.30676001187370805,-0.04848987756127485
4.506749482530428,3.0221078986406797,0.028661774494961243,-1.81215502677337,-0.41964347322374995,1.9063593083721542,0.287876284218338,-1.1345316021920475,0.0002361705867867453,0.3774754113731438,2.659208109974629,1.4453773497414746,2.0355567068716685,2.1417074526539976,0.7566179532674916,0.24663233125141448,-0.8743306458491935,0.19191193926461605,-1.1875974054429506,-1.078013904865552,-0.5897795871330949,-0.7104481105977237,-0.5025394802106365,0.09967354501193512,0.003773326277993232,-1.4163175072100191,1.1362179223900708,-0.7363601908865385,0.13182457529829603,0.668745341517727,0.015228272490297146
-2.7220943762271332,1.5120464792182768,0.2776310583527357,2.624829823177991,0.35498932457964844,0.7160090983458541,-3.4349726994973473,1.7354236139455426,-0.5234991468954779,-1.1885697334229184,0.023057225227387443,-0.7964875674870401,-0.3486432248575709,-1.3665314352042193,0.14254287634174959,1.333972423763478,0.7826007664995566,-0.09704651018605222,0.5508480257103189,0.824086793794332,-0.16465268549553352,-0.31445731312916697,0.32042977468358236,0.14344813406235998,0.8289359304780035,0.28370440848244755,-0.2477313729121571,0.495994124998368,-0.08444068825246408,-0.23740823886996879,0.12604595213931533
4.18471579018096,-2.790958759787571,-1.5554805348748304,-0.21598680908862378,0.040038162563219584,-0.08605468539312804,1.6429835006731928,0.14251862422176625,-1.6173466998117871,0.5634372462154948,1.2950586268949453,0.5476913341954869,1.1406843929023558,1.6726669644334535,-0.09547108975557408,-0.8585247713745482,-0.18923180115596225,0.8885897948696386,-0.32278510709099384,-0.04235712296619062,-0.6590675470291937,0.14261906377486538,0.6287851713535452,1.409998277513142,0.21035688476948303,-0.08402896741722961,-0.5277950742904514,0.31989562292698404,0.16482510907069442,-0.19188339828673426,0.15818150018584018
1.8593682563610776,-1.945490976216355,-0.6447362021265528,0.31808120722023386,-1.6453800557970333,0.1833489604242856,-1.544716256325941,-2.111906096040053,-0.0970272455770198,2.283841681200845,0.2312699218517255,-0.41151692762012737,-0.6620378037893585,0.6729137086775502,-0.3577417769656291,-0.42084888195033004,0.9099326073166417,-1.4138332476229247,-0.5036602039048683,-0.49684646349085554,0.3836706197007578,-1.2641315933601782,0.34951268647527184,-1.0404960040643285,0.0039643261623599395,-0.8565425695901097,0.4307283524314063,0.5102367077333871,1.0425598950797597,-0.18197633156780402,0.21895228803134084
1.743388654751493,-0.8178033456373244,2.393848291739815,-0.89324986135318,0.3211053391876217,-0.7110850355350151,-1.6004234609987649,-0.01389704247234324,-0.264105869281729,2.2832716267968816,1.0380723159395726,-0.056831760509892075,-1.2926115721909806,0.1651714474433918,-0.5138915955422463,0.22213587524924644,-2.123657292346326,-0.1743485353878471,0.33982676530624806,-0.5197322010341298,0.12525874189818723,0.7656215376375932,-0.9881059261132022,0.14062430089811342,-0.14786137152522882,-0.6292166341125629,-0.24776744502876433,0.6321661952827754,-0.3623771419374165,-0.14945768693648365,-0.08860184323412884
-0.18137707484175816,0.8381172304624699,-0.7435896403267546,-2.305462955132876,-0.6222786127514405,0.30130171745442325,0.31593243096143203,1.7715175015856106,0.4971980935027006,1.5898010223837262,1.7812902386072076,-0.07368270094807533,0.17806259029526242,-0.8797844819738199,0.73628152475978,-0.6667766856855454,0.07568929424039923,0.2916899699110172,0.912937883903788,-0.33828507662769186,0.032956075261837345,-1.7262264968888539,0.3713154615366558,0.09296440020614825,0.37923395234947116,-0.001284893356890337,-0.2761210150469496,-1.1782946101431846,-0.33304772625601947,-0.6259952357128743,0.2832743729346038
-1.586918396186072,-0.16017319960150328,-0.5335678614054072,0.09433020662338018,-2.4672108011124427,-0.5120678055456793,-0.6309851872052636,-1.181936116675593,-1.105301077992331,-1.6327622049560384,-0.3480504393998836,0.2868426739926031,0.8448983877830952,-0.11221667754635342,-0.8254770185322927,-0.45831053516042103,-0.2653555689040275,-0.7429553205568279,-0.1581884631701669,0.5108776325577142,-0.5700184753342586,-0.0007980903837624143,-0.4594084650297249,0.7566709255420182,0.5782630776823039,0.9330207361941221,0.19032186867506598,0.30931200540345843,-0.06831627007645105,-0.08087825398060745,0.245754482355782
-1.987362411703597,-0.9294350997184264,-0.4218638261230909,0.8498134709584029,-2.1052469017555833,-2.1980253179181366,-0.702359843734819,1.2347042495144496,-0.020412380284143578,0.6632913137673081,-0.2334422276030041,-0.7646321496582293,0.6080452344443973,1.126923020990476,1.551311828125975,0.7482282791460119,1.0475947135891799,0.9920332824136117,-0.07037186369841393,-0.14009193498806205,1.1263907982539754,0.41906195643740934,-0.5023336223523414,0.04088357930225556,0.09874193809657378,0.2436622603642465,-0.492947843864085,0.19267959390104608,0.24061518941697452,0.18895522866828846,-0.12049391161897396
1.3465642579480963,-0.51361813547438,-0.22418472776003628,1.5604003940451145,-1.1064672959415909,-0.27905014672297046,-0.9547995853916064,1.59460858609723,-0.3264206793481851,1.0784767362769705,1.4895812847722707,0.7724733666748412,-1.1762618970476417,1.8174925377546476,-0.622368256486445,1.169693304563211,-1.2455992721023834,0.8285456967072321,1.239059059757736,-0.5906316096518519,0.2915374501880423,0.7912193885408599,1.4096323590578934,0.6016623879854254,0.08096125292511189,0.39085529353206055,0.7163037258823115,0.35633057987632527,-0.35717271605467227,-0.1292921632535828,-0.05850027492093287
1.571989152953552,-1.5927717843217621,-0.5081016240550984,1.0927221916376062,0.9310354364862425,-0.8789004652733912,1.7766074434897459,1.1132248607551534,-0.346539321567762,-0.05753063140435889,-0.1704346035162656,-0.21806161517587241,0.5663294759766642,-1.6557855694835777,-0.06431618877015893,0.21173251931129072,0.477291645211428,-0.6201755729707169,0.5749117843547478,-0.7378965423183791,1.1059804406764322,-0.44863618926728355,0.23536599737047656,-0.3180500492753078,0.05190922601184919,0.25597517085307064,-0.3604842182244879,-0.1735600358839561,-0.23588835429242075,0.41956800775563946,0.009372042606796478
-2.127670291245005,1.5653733665005332,-0.06057869065144336,0.14284734008663796,-2.5167502383609017,-0.6670633635411888,0.743590022821552,0.31758117913042055,-0.8826991291164145,0.47891372501921164,2.0945571267468823,0.5205807583033065,0.5292885238465717,-1.5454819638947204,-0.3408566388177492,0.13963999579977834,0.03566200667302381,-0.26854737748013796,-0.0008539999715217302,0.10293359470682639,0.3286084828795108,0.5137274589658524,-0.4445253858752073,0.5606016212824305,-0.9398697223019679,-0.38633766584369295,-0.41055843273026027,-0.10776343393095401,0.25829256364451747,0.2299287103897249,0.08912340002750674
-0.002025643855725982,-0.7567199352440881,0.07993694787729166,1.750293189429865,-2.0548365046314325,-1.3821049524817195,0.5173638971492475,1.3285065033134211,0.6329126937149571,-0.9233974012828171,-1.0816512261462443,-0.5691592810495473,0.3038692166493715,-0.5189030150711197,-0.18476966536770664,-1.1977013086950232,1.761387847765608,0.7321743349103438,-0.6858377881211206,-0.383981720774917,0.488826995366228,-0.32540135602630443,-0.6446617741825884,-0.6916243930330177,-0.6458827912543285,0.48981275609253067,0.29335903244920114,0.14698077592669098,0.4295049643820024,0.3010054026220982,-0.27637993892173784
-2.0142560358932333,1.4673718887962346,0.9841263520999067,0.8066036345976828,-0.29083453141088117,0.757083264930079,-1.5654724263180355,0.961260403930894,1.8616543917940758,-0.89491167178708,-1.3756368809937467,0.3797195925384209,0.8979553045011857,-0.2860923547543176,-0.38488880697658767,-0.8464616561571158,0.09903861746373563,-0.33052734090240143,0.7373029284966582,-0.5586399645654305,0.8835461504468076,-0.5049646639685851,-1.0524116892642479,0.8348843890890528,-0.5841546642178006,0.6695346135496707,-0.127137458347601,-1.0291787564268025,0.4550266992940484,0.283000879163378,-0.24755267071927067
4.510511528662483,-1.669660429749382,3.3560929910038566,-1.3594467080701542,-1.8799905370271461,-0.02091257214848629,1.8954456219793243,0.006110502613245769,0.4548036035476998,-0.4463346978742981,-0.24612050130509172,-1.0157977749187812,-0.17217953810514994,1.8957217524454268,0.5750620619117611,0.7363309876289872,-0.35969489320615344,0.2859252125331164,0.06335302560237727,0.9884039873925025,0.9941257848421924,-0.4070271215567218,1.0258773591455819,0.8820975430385023,0.43819140774686827,0.7195930809432969,0.38757980586269936,0.10309203593078892,-0.2250751196464894,0.6400637266858937,0.20765780114927732
-2.470050126276971,1.823106677207157,0.8229705756902271,2.7484748853697334,0.27955372639658055,0.4962950328955863,-1.4574721414640393,-1.1593573881619827,-0.713975441082164,0.08963159018106336,-0.9420367229222115,-1.3915269276277404,-0.9353165189554815,-0.14699076651029777,-1.8663809820564814,-0.49944108170811347,-0.9095769882756998,0.39465174194550556,0.8962086788964178,0.032370085280975194,-1.0376815782451472,0.014626975315317257,0.4301253781503253,-0.10702150420813214,1.0052280955993913,0.21964774625070776,0.1996144914736334,0.3584439947824225,-0.11920415035757759,-0.2759679765818246,-0.012290231597055373
2.0677756237158817,-1.6642252027559985,0.3235675597734551,2.23840981489242,1.3503468402849184,-0.6132662311013246,1.3412167289755903,0.2302103872017096,0.5639097704793113,-0.6354688251057153,-0.1162996673363298,1.7044352527217326,0.3242461351112831,0.11054376028448407,-1.4995486000582277,0.5737298503555345,0.967762760047141,1.1280736404379486,-1.25414210824573,0.7916714012865396,0.05054605703789332,-0.0020892678385160146,0.3508680014517543,-0.5742153332858095,0.859903694710511,0.09259583227951622,0.866648032516507,-0.13276459414708072,0.3622689207974312,0.36777893680328083,0.18471289725017107
-2.1924241896155348,-1.1155927348348165,0.3564606855508628,0.5366158975403077,1.5644162602845744,-0.8337153650479369,0.5612719726670828,-1.4482909777428858,0.45391263706724067,-0.6660871972988646,-1.1406327701422558,0.20532865196098846,1.4841436867482316,-0.6439795131573987,-0.40282193954580464,0.2416575835617734,-1.2198047940945445,-1.206327899404753,-0.22305485905203304,0.6978531103294284,-0.4572827398335855,-0.24195956358203055,0.8164941742921572,0.05511338194374166,0.2311280487023855,0.11703365871503589,-0.06056350856768487,-0.9558238946987595,0.128598751728396,0.08701485573829368,-0.16267609254521959
0.6765645975595158,0.01889001509484696,-0.506704738843974,0.9166372560258063,-0.8069549927800383,0.4371040423655186,0.8382004917268305,-2.1464141783085706,-0.9382693017755378,1.4411835540405673,-0.5369771199107263,0.0958063505174989,0.008135668679368104,-0.8370126105189801,-0.3253301925953541,0.4293545839134496,-0.329275884662344,-0.26987708410374045,1.0634106804966188,0.9751194600497873,-0.7104650678762189,0.0055514466654550095,0.7447229053123492,0.8181115823882136,0.08450356172848228,-0.1972515492286583,-0.7933631228834772,0.41204578671882974,-0.45448362710004975,0.05024017152113126,0.14524300068801121
-0.43450518659446574,1.676471176230715,-0.018555017999323287,-0.05191164310763605,0.9490505789466345,1.3746936752637136,-0.10597978373276012,-0.009476241995437961,0.7823469781073767,0.5982481892165826,0.27581427577336265,1.3643151490276888,-0.18470851449407732,-0.22112061539184585,0.8508259511008209,-2.0884483709074853,1.014746483504912,-0.4032246560038755,-1.6470733518184597,0.13176375314886413,-0.081897773737684,-1.1761254020835095,-0.3001540146367837,0.837616066704122,-0.8721109069963349,-0.3281204779469157,0.24200855492246473,-0.6618158376556896,-0.06995977776810627,-0.27366979332050556,0.17027169779904766
-1.231359106474354,0.389215392108896,2.6173875801071267,-1.1624349307218536,0.7840977262429542,-1.2765668088895952,-0.5298801177702949,-0.3988007061425775,-0.36561222181904907,-0.4135957094823389,1.087092174034175,1.5317918595737154,1.009389213914692,0.354351904001393,-0.5238282457910738,0.004108526347638868,0.5827449508145706,1.4888364906048808,0.20297448093996187,0.3557910263846109,0.9719523119715726,0.01670896109655656,0.7866884072765136,-0.376009690633058,-0.2674133442971558,-0.6722607279732945,0.4117980583635009,0.5192523803053084,0.5735418135786231,0.014955513458915833,-0.05992338867028166
2.7207085000763516,-0.5874364431465853,1.2427936726893265,1.5082523737093156,0.1040999216879014,0.24142007915074604,0.11876376588847289,0.38189310271841964,-0.04309661133387327,-1.6554618252362823,0.6843720903073187,-1.6275397994910208,-0.7811097496323008,-0.11226826703751822,-3.074723075233358,-0.6127562449419305,-0.007837073934223681,0.724430537262119,0.7580426833979936,-2.601778852950406,-0.25995748939656066,-0.08880033622628843,0.39035253525828967,-0.7332722925980897,0.9686490089900852,-0.9838226424972784,-0.44705251791921125,-1.0421181389349257,-0.959735448464692,-0.19893576686025166,-0.2032510338597001
-1.4992572509855582,1.7845275295556018,-0.8488961237919099,0.43353087904371107,-0.4413546835188395,0.36663561725824867,-1.1338671167430001,0.4988762509504363,1.8198317087868037,0.24246605930480114,-0.011565063831943561,0.7669612727001754,-1.1293856219331246,0.4849784450651215,0.42089693356992974,-0.21446707356510594,-0.31520717290698175,1.0587167751859408,-0.6391469961689578,1.6917215278087634,0.6275102467184188,-0.6271364483596195,-0.42939745086910075,1.104072552159947,0.24115631042844596,0.540003146915126,-0.23392060943481927,0.5439191269451822,-0.1358213419791979,-0.2517163473818051,-0.12572990789987754
-2.338091858328966,-1.0907339600598978,-1.091127696941906,0.43257068529828263,-1.3314017615718579,-1.5706058852480387,-0.9372830836082545,-0.41121300209376443,0.5345237906740083,1.3524849181678122,0.5587157832401909,0.5758108648356637,2.05727868201101,-0.41870336775543665,-0.26804054160331037,0.47152569850984577,-0.06387712435600404,-0.429099193903294,-0.23045499457890584,0.7391567024382715,-0.01943135137218024,0.5753947995015399,0.01265404915106646,0.021751033761790384,0.021445467916574906,-0.7101222925240589,-0.032480335440714804,0.3758626795311939,0.15618813043358262,0.23402550331250715,-0.1455132213951244
0.2387535364383808,-1.3851601712726085,0.26547680478295077,-0.243393549878259,-0.6534546642014829,-1.8631271198392683,0.46833176181915287,0.11829658263104956,0.2018242703196074,-0.8574133235673801,-0.2789505207554221,-0.176767765450205,-0.8135273562391065,0.9979011526139594,0.71842129628056,-0.2859341590579069,-0.6450828998333391,1.3858327617420372,-1.078001980291451,1.3227509824637032,-0.44215314404351624,-0.7708530349642834,-0.715603272341935,-0.548419226915532,0.07982628398080656,-0.8230087487012276,-0.04863242015516533,-0.9419301204065974,-0.04701638552492466,-0.055103561961367974,0.19900774939579965
0.2913659578579885,-0.3468677663527586,0.22968819013046893,1.3791977778127802,-1.3326995902295191,0.38332280383223805,-0.28656081673924816,1.4856376239418012,-1.1367575065402975,-1.40153799267442,1.7598792871579898,-1.363108160801192,0.027503568947033513,0.19196518732497925,1.8230772599948886,1.3272027145913357,0.117291036133676,1.9115687022813057,0.32538106547051004,-1.0130433451852143,0.9820526026002779,0.07794602888883467,0.8796504879118863,1.7329839151823816,0.1343661042887976,0.9261021915816261,0.8245765495034582,0.10610365277342336,0.2744104478392405,0.0719390519200437,0.18897627190985172
-1.3167801085258586,-0.5147477794576707,-0.6631567616487777,-0.36789511581648043,-1.831084209732619,0.10629193014169454,0.4561137767735393,-0.11645794721355496,-1.164585671119482,0.916479589211724,1.8459717774339583,0.3631241603684005,-1.1985829688138665,0.5786743375535377,1.404821425820312,0.10410135683736338,1.0674596942970853,-1.7803171441577998,-0.7297838629827785,0.6151574939959691,-0.5875598454451489,0.01699944126777236,0.7281536231595424,0.9437653586158549,0.14038101162177258,0.40924322338193087,0.050013176753923104,0.19099875732290283,0.42426143668104044,-0.1575079416408694,-0.1800816232634112
-1.8119826412809683,2.7725359272415204,0.7475883810552965,-0.15159074827134597,0.2779065815321714,-0.552030014061774,1.9233772525505586,-1.6428833412092825,-0.5077520646384976,-0.6840158335380198,-1.0806069112156182,0.6335527403911699,0.012439569459118055,-1.2575833240673553,0.6429518811297142,-0.25390074782076294,0.5705739968086266,0.3534624284569455,1.1125399259817277,0.3284799140353599,1.2063561320919574,-0.09890192783996536,-0.24596037560794554,0.45165348597292576,0.910715518103086,0.2863083978277734,-0.012611870815053267,-0.8889570374786346,0.502310891532933,-0.08921661960272055,-0.0262627479154461
-2.0055792974469524,-1.2189218588147275,-0.771176450629453,0.642308170456834,1.296058588160146,-0.4572176342807896,0.6128537400747307,-0.025974275799333407,-1.5510794749052914,0.6019568696603321,-0.26859091596081547,1.4489083747405493,0.7097059621447255,0.2402582622127815,-0.20576224344284277,-0.45015188388458044,0.011053567046447058,0.4400142413220145,1.1060081719095378,0.6298846847819729,-1.4641108803489755,-0.3822616797629933,0.6494914879242333,0.4719071758700447,0.058893780620136615,0.17444285334245596,-0.014793683075524568,-0.052404313782616604,-0.07815046778222282,0.07646913306965258,-0.061951994633724736
0.4397727894277358,-0.588409812793644,-0.6891156860854346,-0.5524714874780132,-0.7817288550873285,-0.1775390775032002,0.8699850536293786,-1.644433335998802,-1.0754821969483872,-0.7322266545717304,-0.2543851605561304,0.5838966487483517,0.9279010738433852,1.4296101366971958,0.9531838499074035,0.2540058732968092,-0.5567856830700575,-1.9447061965728298,0.05528861296355158,-0.8595031462030723,2.9410892282052603,-2.0574122143939486,-0.48374860133039493,0.03292096256225671,-0.028864953632292016,-0.6514413869352547,0.10758682584373727,0.20376213537615676,-0.01074427010105399,0.5481183708373323,0.29454126422976906
3.6701314943810526,-1.1766533335996858,-0.21287244501429897,1.124728131006546,-0.4930285258057306,0.18693092402189798,1.0848812952353084,0.9888470968761104,-2.3692787294929563,-0.9380331722579008,-0.4996022664731806,0.7850572450070402,-0.23974455669397993,0.07954798985447127,-0.10287341587155995,2.035068403209186,1.3383892192907663,-0.8797308729251045,1.3592059106378007,-0.6070799402374971,0.11743859181563428,-1.0925915831945232,-1.7280154556093468,-0.7905990530708494,-0.3310422927664685,-0.5102652920362343,1.2511769627545908,0.13047185328260416,-0.40738364408693195,0.0787303359110919,-0.4005687798227025
2.251484834051464,-1.5412259010968825,0.2900471203799911,0.8307715330342157,1.7554699514420866,-1.0897422843289482,-0.7809230997541332,-0.1056996540495171,-0.0991506064243883,-0.2594090577941994,1.2947110311325336,0.725692486459477,-0.4137265800643738,-0.7678196431966713,0.5287946286461958,-0.2028830711925941,-0.7348522210893461,0.37751074447093713,0.6499887707394402,1.04887884894543,-0.39573030510375223,1.345664416833931,-0.5433815564160702,-0.13974704716660694,0.7925789935037844,-0.07784735748451345,0.45426947662425987,-0.9770272981799271,0.3093432707163279,0.05212934207535671,-0.03760281995415124
3.0338869931103796,-1.517259992309634,3.293533113787321,-1.1080801433801224,0.34536381457079596,0.4262769577622013,-0.7532243310197415,-0.2928409418900045,0.4059772505106017,-0.8584813808282742,1.9268987432969225,2.0551086556949487,0.8487435874975415,-0.4834222342716992,1.6174415419011086,0.16014485277882348,-1.137610140896294,0.16935477155294024,-0.33738510617162254,-1.433749416637548,0.4883284131661436,0.3317626337992606,-0.37876978877902795,0.5698478338806672,-0.10556867623408062,-0.45371543792940383,0.5380920285588698,-0.3382033440088953,-0.10208163028241347,-0.22985826534746812,-0.46103490734999564
-1.336256072116164,-1.2412368437060144,2.72406133273143,-0.23539092841392217,2.510931722872975,0.4730839835793793,0.2954413618175375,1.2017156702139986,0.9750470921515694,-2.237004774403859,-0.04315342939396371,-1.343703018624168,0.3072735163166225,-0.42204789229272355,0.22187204600306223,0.5346666146955636,-0.922059727838956,0.3341448772219223,0.7939086568415812,-0.6200584511545935,-1.1723132500160887,-0.38772267043302344,-0.6463452013762147,0.640112428450465,-0.8393703823926253,0.5509285489052896,-0.30971658632309745,0.3340057051726747,-0.0028575976027247637,0.012070729816871378,0.20586166632317854
0.1455822265476461,0.16677492829487736,0.306797198246333,1.168504078972474,2.7385890916340547,0.6536828593023585,0.2772692269143669,-3.350872985522463,-1.0998723804115478,0.560371537865532,0.6416555929715141,-0.6531211840335615,-1.9601299024683712,1.3792249759891535,0.9726510951194609,-1.127358822846825,-0.43627763746555703,0.23457755853961262,-0.3011558219122667,-0.5056528118489225,0.13923637517246673,-1.4745536534295258,1.0668633338389195,-0.917301625395956,-0.16495924606711598,0.13382618404928237,1.5436506503785241,0.043218747807359646,0.8597035412378445,0.01605121553357109,-0.369696444343353
-1.3981953889132712,0.32064872426721325,-1.4630952105551533,-0.8899722454327523,-0.5171354677142725,-0.3118219193794859,-0.6659973994131794,-0.6221868992986369,1.4564837635236636,-0.4120014809067324,-1.0249849045288022,0.9739123851316529,-0.07837360980085092,-0.4786644968307083,0.7117153000072324,0.16441364464167627,-1.15251450426449,0.6395208974339827,0.6071284748963011,0.7569865000357181,0.7848446965740302,-1.7428207855003168,0.2892412580193791,0.5103388654338019,0.19968907921410192,-0.43079071466798496,0.1960821602560101,0.32502003899499,-0.2213613108117545,-0.5326763341311268,-0.016644079422801602
-2.7842806451839155,-2.2821313517921227,-1.9438152228460437,0.23064633388748151,0.1607330721542024,-0.7237292311601023,-1.0338997312123461,1.8282378516699356,0.1884961569668726,0.8780511455139327,0.4827211017189947,-1.6851438374492198,1.6715662509853826,-0.7102360938886169,0.6544463344062259,-1.7375312348602245,0.09129680759249038,1.0720214594053574,-0.7481628040313916,0.03691604700345762,0.04478849642574913,-1.188286574595319,-0.5171072783613752,1.1022978827360064,0.293798714461063,0.05849181129186373,-0.021289605319329198,0.5763287747966261,0.07921965002649985,0.15462321536461143,-0.07518333166043531
1.8881909115312678,1.276723872444192,-1.4314019254539256,-1.6206244524032647,-0.8788675447231592,-0.9409378929142035,-0.9952431375931028,-2.406734483605672,-0.7023385188336098,0.6272398728415582,0.36813982772578885,-1.0009683051885565,0.8470129240907668,0.6495306600979608,-0.594972507127677,-0.16101526749476183,1.5510487081998117,0.615137536364921,0.008684048955901276,-2.8814495900485864,-0.7571869649292683,1.652998652010444,-0.8710567856318053,0.25975524780226855,0.21105851025775538,-0.4987479203684524,-0.37842111790701105,0.1525364291926082,-0.2525859023540399,0.10641322154096662,-0.010510821143389169
-3.31242999183569,-1.5385958586162398,-0.16581432415769307,-0.22933205478149477,1.445479700652044,1.093593377970867,-0.7025995163459449,0.10070080889083159,-1.043377813915568,0.26840129722244627,0.6883371526378061,0.8312920627926834,-0.3415481080797568,1.1522683058331742,-1.3589037247642524,-2.721573956884808,-0.5450899767529932,0.8590378957822323,-1.403855455223195,-0.17268776619194787,-0.24963933642797234,1.341503805129565,0.18979716010685135,-0.37362431402730645,0.059037342057102045,-0.11244484462935418,-0.042429276689173887,-0.9096689704263391,0.4659404656988796,0.06525509479073895,0.011083863622206428
0.7602514255696512,-1.1300251664343035,0.37207003286977014,0.5663471626352639,1.9154673243992337,-0.48408591862646116,0.5840392442038914,-0.0681234940670071,-1.0910271388431916,-0.5659883134807759,-0.11596168234133954,-0.340880892380164,0.5094913166663715,-0.7570571468925541,0.37452363752551004,1.5171585154333296,-0.0773197291944611,-0.4686300072841954,2.2216045155643256,0.1407319119574846,-0.9463670597084963,0.5561991454617291,0.12989593606206923,-0.07272895332239762,0.8066658154135817,0.06027755082035939,0.5599709393035984,-1.056732262432461,0.013305869338096521,-0.07265680066703807,0.4233724671588179
-0.3061734160682264,2.767328908673684,0.2338225190689084,1.7062723326402955,1.3270633931527944,-0.012786078127633988,0.29585179421468605,0.865506488288511,-0.6570488879897365,0.4908580144839901,0.6624013626300739,0.22698860375721416,-0.03967436304559193,-0.9958405710849103,-1.5810381931347837,0.6649533241002799,0.6729727075357145,-0.5071048887199975,-0.08479949143398144,-1.4795767126497632,1.5243483008432628,0.37396155708103823,-0.40816404635838743,-0.3090130348981226,0.5303335856797006,-0.4914319567498189,-0.11845737502486572,0.29404937056286345,0.7240354659141721,0.5421995522341163,0.17367059029550166
2.3128439806238825,0.47537159981862914,3.676688823029067,0.0696981966321982,-0.545337935953301,0.10858607185220755,-0.3803932670585095,-1.881183513215572,-0.7101476142715241,0.26510684595271494,1.1451532998412388,1.062513766228865,-0.9303715020812089,0.1942919494270572,-1.680066174069395,-1.1453662459991965,-0.6742446689457746,2.0806115532915475,0.07290629820715021,-0.5753496510320251,-0.5393359865675804,-0.8543749374232815,0.2765507488090875,-1.7877078533279112,-0.4664729590536971,1.2790322350970325,0.7502263943634521,0.33102425140613223,-0.7871766365289801,-0.36597548955577924,-0.1379918583119492
-1.8898537106489877,1.235527594158824,-0.5436791788652255,0.2139989089901802,1.4293533970556094,1.6589028039651443,-0.7501703928463449,0.2795310928635499,-0.6647738204293666,0.21625108797328227,-0.8588995021347058,1.1216200400931986,-0.6092788017256792,-0.31810918112814285,1.2425662188015139,0.3006404266945157,-2.9940091824978805,2.1546260957938137,0.17516506163820805,2.180704672234982,1.9083960665287636,0.4921742810924828,-1.0062586075224096,0.4611055809714566,1.373700330856567,-1.0840789462212979,-0.1602831715232161,-0.006433571706430522,-0.06298400429984759,-0.2959730670561224,-0.3473646122834972
5.062173286498736,0.22298282341275025,-1.110232307294948,-0.31445358857914496,-1.0557587216582243,-0.08453829203272466,0.6995611223488181,-1.4160080381751576,-1.668171240885255,-1.622316507197844,-0.034468249559341975,0.7512994037151625,1.3129076388512673,0.3190871965029096,-0.36498144018935247,-1.017425245716281,-1.1622363170603605,0.08486355086644619,0.2684523072590672,-0.5223853314876827,0.17617714436529966,-0.1879553061904996,-1.5349007125549834,0.17923108911940316,-0.6356690448696608,-0.1521676365839865,-1.4330508541320852,0.35892692767603085,-0.2525222343949743,-0.7420295452004319,0.04083278289852124
1.405439648261027,0.3191443433116994,-0.7185761150270882,0.6736124611143479,-1.6860038873680494,1.5848484274573613,0.8383877480810644,1.1225835873719292,0.9942826057829577,-0.18920190267857753,-2.0456447442218666,0.06316293221267917,-0.9510134161529646,-0.24723384345144184,0.33077343186946284,-2.7454328731863535,1.8667767157477102,0.30385061177586126,2.183312542853712,-0.22470166770911654,3.194331959162532,0.44669011273784437,1.2780453611752753,-1.0887855189060394,0.14769843185207057,0.3997983089344945,0.3594374409999963,0.22746728777723185,-0.7950118437676031,0.08353311408225902,-0.09155450386889628
3.3882478015923154,-0.6950712789350819,3.027869812846555,-1.4053716988942992,0.271017599479042,0.2136691414488497,1.4404222631146897,-0.20307057246724622,-1.323168108077358,-0.0784375525170722,0.3059284251045084,-0.501606491509756,-0.30247618030067897,0.09796548012746867,1.7869770999345918,0.8145435516383326,0.4808308570214914,-2.117902155457738,-1.046266391701438,0.054385650886422734,-1.6655690080248535,-0.2824729777833533,-1.028590387804733,-0.8342912710575163,-0.14086217422743985,-0.46830300692763044,-0.4542720910637566,0.17779503497204666,0.34115542371894714,-0.5728655027412126,0.1625214092777485
0.2763354957146869,-1.431861426626054,2.5726958901903108,-0.1926200346950121,2.126223632946738,0.25062889296138596,0.48558974079383854,0.41187471138920684,0.6102848000212164,0.9522801018088433,1.0524655458916379,-0.3888457826567744,-0.03914849812148332,0.43444005030356575,0.5031264863525328,1.223959346183979,2.274649216180717,-2.04258544898227,0.6648576876563135,0.4387418308132844,-0.35723444934682835,0.42436746387119256,-0.5451311544145462,-0.6848769812415914,0.603476562836146,0.08078291292524574,0.017273592789490175,0.4786393524036378,-0.45050123030603206,-0.060415665864284346,-0.1735800038928626
2.718415944090121,-3.1656037500455176,3.8207301440440005,0.5783271750227994,1.49517306072983,0.6030408367280703,-0.2549291012888215,-1.311479978551346,-1.6267791833423293,0.6474295339589121,-0.3981488519428337,0.6103710891128539,-1.6920246625343527,0.6107320630707807,-1.133081414484086,-0.033674546939722244,3.0174687252050965,1.375817746575476,0.8100016120020447,-0.5788509088325028,0.5545081075848147,0.005150346965213823,0.3828238630979229,0.8127199397707319,-1.1304395328073409,0.3673464803028599,0.02934480171157715,-0.1534272068116315,-0.2969511211213815,0.6010420364117842,0.022660112719838386
0.18790836722151247,0.24316885380775494,-1.1206633200501097,1.0953124003948982,1.7794152524237277,-1.0754338799404757,-0.3259333140798229,0.25364024666505497,-1.1458232888788393,-0.02410798338213553,-0.7928755124989706,-0.23774692128737213,0.5459011961473391,-0.7337534576912627,-0.08253523002402931,-0.6400615038913406,1.0495232280412015,0.17340400850763243,-1.3247854996082227,0.9561551169373845,-0.3559054125026892,-0.4790589819398005,0.09795294995914818,-0.5807865581582382,-0.8097457160295796,0.3575639730364785,-0.03212851520180821,0.5238825465821643,-0.19207574138786987,0.31221741345204485,-0.4586395252473246
-2.05080098092675,-0.7349382940351823,-0.9350451598326418,0.1111061191851988,-1.2125403057631379,-1.574496840221206,0.6048840850386831,1.9663689046473878,0.8606713872161111,1.3767190416260038,-0.9232270377976699,0.12393045282342535,0.630976522325014,0.2387105161117831,0.07371185593940302,-1.0537199134489854,0.9996724693002478,0.4818635489113172,0.5521823815315932,-0.19702406412458756,-0.8483417362317853,-0.04892178312041634,0.24277924231033818,0.027016563589225884,0.08627075358788301,-0.6806585190318739,0.16517686110537996,-0.05466243626465968,0.07337076865829929,-0.1452918381355982,0.01437214777109441
0.3422688181747934,0.7740925601089984,-0.0156673090056117,-1.0052718946674757,-2.417923838830485,0.5771632296143182,-1.1255896944716346,-0.9400609909888864,1.2525844414302425,-0.722658291115923,1.7020489049322858,0.273067816367276,-1.0603278125676883,0.4710822665382571,2.122743029678083,1.219498561546603,-0.5949386126264329,-0.9506609500823875,-1.4534164086348293,0.3847037967517245,-1.0633473393445283,-0.0156058549930663,-0.6292332311591413,0.4827178355333215,0.1601249987151927,-0.7635391215034443,-1.339696816611763,-0.4749948852162224,-0.2644343513778869,-0.5990650266062992,0.3030692069230323
0.61418874903339,-1.4506058560149813,-0.8374205722466366,1.2533582903286802,1.0061718302529574,-0.176439267139129,1.7277718111510072,-1.165506667332808,-0.20093335609609886,-0.48933546140423295,0.614049944622363,-0.08479680783924484,1.253844460550464,-0.8969753274006546,0.30102794488180773,1.6770573797561124,-0.14294360547755067,-1.603588324645426,1.6090107933755327,-0.710628495861956,0.4517635314168681,-0.42493833188297964,-0.07128721493413713,-0.9642692718730994,-0.014758534434334957,0.40163772907665285,-0.28127117541197505,0.38359542650989853,-0.4596549555486967,0.0052456028507287,0.0384996565876876
-0.22242885163167878,1.6784535893092671,-1.3208823664712757,0.08891225351821092,2.6853208682344456,0.9004280446691147,1.279326323213446,-1.0343066516693102,-0.42568732332474823,1.3158872743085999,-1.0871003005534567,-0.48004397139470206,0.0031485684233108946,-1.1997397272484953,-0.5870451781911815,-0.003431565770324489,0.030002638483969595,1.3263596678461413,0.2988588654919288,0.6893976957025402,1.1680166526534308,1.1127863296702891,0.26773180481966496,-1.7232199205763006,-0.18253506294545363,0.1953011519247724,0.36635400090770087,0.3088300689034251,0.04932093564659967,-0.4372409754486098,-0.09934817457529982
-0.8437808936575087,0.26406722472841604,-1.024954058549542,-0.13828831352950427,2.067763638097531,-0.21546826638156777,1.1058181168625805,-0.5603789191508122,-0.707549672806998,-1.996494915351581,0.7016160522799407,0.22945510898676316,-0.9332328159327936,0.5510314612792518,-0.8324096277196198,1.4552993216762609,0.789099336440235,-0.10612480306130502,1.2163188509144207,0.31360902387007766,-0.3513433481822853,0.12581484155060235,-0.21316138524188016,0.374974858708329,-0.16465355117779462,0.28354138440893717,0.43907154071480387,0.21950423883897663,0.3355167548295944,-0.5364380426519926,-0.0715815639837636
-0.6999606982442301,0.011768895745853656,-1.7305755244779997,-1.940383255355315,1.1671799436677222,-1.059355756186805,-0.3498709489789176,-0.09989548270519395,-0.0048995407256221535,0.8866133751295475,2.2264318013292717,0.5234443616172308,-0.6546484662238601,0.4048343070570587,0.5094615639371669,-0.6935849908067302,0.5645173006532564,-1.1817842369135987,-0.04058247931626738,0.3267098915158356,1.663313927566227,-0.5156730764384887,-0.11208476981328584,-0.12014531685409521,0.10332643049124893,0.3729609228763552,0.27627349275451224,-0.22154232249980815,0.13457716745803128,-0.6989519570867787,0.11868075760531513
-1.4591305398070353,-0.01002298199962848,-0.8688075622198608,-0.5315327295472896,-0.7662466304698042,-1.2267164906207497,0.24174714530018904,-1.165760216768728,0.9403357095455264,0.06127578322219362,-1.520234934870946,0.9733403828915067,-0.29199147545902326,-0.9125031394536611,-0.31049518992879277,0.5867853637099687,0.8803093831840195,-0.7586937818206138,-0.6422347360738601,1.719394890697681,-0.6844450900431369,-0.29850554981924626,0.9763062947725173,0.007735928612943699,0.13349367164265935,-0.6503682829305761,0.028254245398215378,0.000924023049609241,-0.14044026981807942,0.1837490865335223,-0.06375019629567642
-0.3279143139226785,1.6670486664232833,0.2550988420488371,0.9424988084783021,-0.4978623530963289,1.0105618812068293,-0.6957886397099453,-0.9456000573498411,0.9306294442881623,1.9071324081496015,1.190462133484315,-0.787527802327937,0.3065318668938619,0.3438390710500151,0.5468591302462702,1.764035911429274,-0.4238464290720414,1.1461802313252867,-0.9449438013017262,0.9393793014185307,-1.0703528300520748,-0.023345434759456083,-0.3231326827109118,0.08470738251983907,1.128295969113729,0.658045847585082,-0.26341149551036713,0.12463152517352587,0.8446320783022948,-0.5050837194978134,0.017590210344960094
-0.6287601346616406,1.5112640311035246,0.14210581581410076,1.4411579883866552,1.2759497957712842,-0.49174999786451934,1.122296609626773,0.8762422995572363,0.4283789621761662,-0.6145488043020173,0.5187835825145376,0.9342551826152818,-0.6174482266529623,-0.19981962789389643,-0.538564057840792,1.4366257419946615,0.048897094170818285,0.42587133567101576,1.088259894107524,0.20575672701655814,-0.4736266477923041,0.2420780438814848,0.6605726710329478,-0.9379367074406348,1.3419408773824864,-1.1641800590274094,0.11768125652409707,0.2917164651061859,1.0878296602040873,0.8662082778575074,0.021907646997669245
-1.6357929383698142,-0.13975702311462967,-0.7367402707549039,0.7954021374209581,-0.1844323421935729,-1.215796125767148,-0.6266387951852169,-0.17391170208762882,-1.8803568848067511,0.15824373858148366,-0.013443061519216598,0.4531102841886953,-0.9213958745127018,-2.3361680842547203,1.3244059124497547,0.6955875675252983,2.1243573430101295,-0.32446983190567424,0.5722176045772155,0.967757981435439,-0.5278980023498177,0.17617341610216053,0.2990334037937805,-0.19269592575427538,-0.35678375227389825,-0.6093444774666739,0.44025873888596073,0.28341649797701707,-0.12642473532404658,-0.12303247191053712,-0.09497184584843103
-1.0956625564812006,0.8627904441924367,-0.27475330064700904,0.47982117716669714,-0.6005007598142778,1.0549979221160326,-2.1606446794370213,1.5860279245543916,0.3619347786551843,-0.6842246051353644,0.013437954543498646,0.5141406021174281,0.0059096389171512855,1.895159131820003,-0.8904215630163996,0.1852190606087349,-0.628104485013895,0.28755979688778266,-0.5698103223913709,0.8003726985773152,-0.2274089700755773,-1.300179130382975,-0.7778798013348167,0.8421276819652583,0.3384017496225429,0.39309373753381155,-0.21142829367551366,0.20775722180617107,0.1981437932150497,0.11071224970214986,0.31757627802963345
-1.5448066051588307,-1.0983399463603827,-0.6079556944213708,-0.17972415133129838,-0.9689224394030318,0.49409878798513773,1.5108521684759741,0.785802412405022,-0.07395578332272856,-0.7574119307410985,1.1968078015970518,0.4742770371321613,-1.700011093412098,1.3108816352624655,0.00734489985262619,-1.0780211380710247,2.5990965059526694,-1.6471140777322495,-0.022405297432738735,-0.6894027127651972,-1.3937485437070596,-0.5273205784914462,-0.567987958387735,0.3464411781056305,-0.11948539217533873,-0.6777644575670935,0.2951436785769159,-0.04877148995340197,-0.08161142624902495,-0.03886409696140532,-0.25210738501840385
0.4767565216365193,0.8064009597641786,-1.6592531326223718,-1.1471305908778706,2.328746998031204,3.0704220957431185,-1.1890279340751808,0.9995706001558935,-1.0991694584232443,0.8424915946489557,-0.2076337496836897,0.5024325582017191,0.3976760716560391,1.49244714548342,1.0309524463581294,-1.0453373206414147,0.8692095365740966,-0.4654900321743562,-1.9452817085947594,-0.012561794290767451,0.10921304499330178,-0.15430145099271333,0.8992987772864398,-0.36685240073318237,-0.7846277032583133,0.29871892332368627,0.24270514961641362,0.13752006745051978,-0.010357188389431102,0.35910494722752506,-0.11304304562743886
3.5407537017173545,-2.192404239378613,-0.7671408866673078,1.0518653119429437,0.9876235311568675,0.7131191153853105,-0.4802996926571846,-0.54163835605744,-1.1042744383074543,-2.3861465178256958,0.3582764399039653,-0.7131871643370412,0.08127056259015243,1.2162494355707194,0.10311032930062665,0.5977735521022477,0.37798564633276655,-2.3176961976249726,0.4534742508917262,-0.8415445369045895,0.5238290841513622,0.21378123857934672,1.0077916854272038,0.7706828585169601,-0.05120419748655502,-0.01954132299394085,0.32900698940697065,0.5544670107972363,0.4934340537212463,-0.3333279560153622,0.3530907413796589
0.11977033554915711,-1.19437426152409,0.49709606391439803,-0.28062034567456334,-1.4382353407369284,-0.6139887032018978,1.2314105856759652,-0.6006513698794775,-0.5845930565622793,1.377442708891079,-1.3491042991608733,0.293364048078447,0.25889495437289267,0.40629315905482644,-1.1662108196444434,0.056376098240120104,-0.4765245002839196,-0.005445347254801603,-0.4171596894946562,-2.5174108755536,-1.3124535287716266,-0.3309629005709213,-0.511685326244144,0.0894668526199016,0.3266996157274849,-0.35913161700665197,-0.29772272329383664,-1.0516351417565162,0.05489421578753846,-0.01159483702483627,-0.5281393989732959
-2.386230711667733,-1.9836685435808483,-0.8391880483699172,-0.851182982973639,0.7072534123461002,-1.5654376702399868,-1.9362856366581993,0.8240694095974164,0.9325309337496037,0.16567077557014265,0.29873770022034823,0.3112377397021525,-0.9340909143509906,0.02477293405867581,-0.15242569161051886,-0.2956226143281455,-0.25566472183031663,-1.1847457388372182,0.7011361875570332,1.3581728784154419,-1.5526591795084876,0.40051041298177276,0.20062620852555874,-0.15733177756184522,0.18370262261913728,-0.005586962745754364,0.23270045052642094,-0.6572134780788614,0.7881893753095294,0.04074034697171081,-0.16441023120744613
-0.6330540872218128,1.166417776375655,0.6150723845974219,0.4246341217876339,-0.5343466366469456,-0.7072815351723792,-0.7051310749627591,-0.9981983617815596,1.0480984681971175,0.5373913808371484,-0.2403746547913409,-0.6843473000606758,-0.44266412920842996,1.706475601777802,1.149709092712002,-0.5071191044271626,-0.7823963304829021,-0.612159406518777,-0.48387011192325013,-0.8918262964601839,1.30395709044634,-0.05677750317670138,-0.06460714630032714,-0.4554461488748688,0.2064155199798725,0.2528424579847076,-0.31721547991555477,-0.37844395499931005,0.8663415737873561,0.606392547775113,0.48126016685785244
0.9757695946075119,0.6132465946561294,0.2352994616953633,0.6489589148378477,-1.3884445669771073,-0.6977065966513029,-1.6571671721711874,2.2068141346235763,-1.9735925177295606,-0.32369253709265333,-0.06708266498359709,-0.009738855043394489,0.7029831532950975,1.0795450192313127,-0.8046419145459076,-1.4124452712454163,0.15559436246660696,0.10792853066652124,-1.1732660144335039,-0.009112890948291317,0.7556229754162498,-0.8152346032078062,-0.7916391288475977,-0.14955476900612116,0.5026563539834007,0.7864626807533694,0.07308812276526869,-0.482759901053666,-0.889585033748564,-0.3031016883565423,0.02804625505990324
-1.1790278960433909,0.09828744294836862,2.459254337975486,-0.7640945617352479,0.05906509614964295,0.9053110499366884,1.4359881160384895,-0.6640750479416836,0.8279310633666568,0.23484028333314122,0.17640769325387157,1.8767520019823483,2.896895495845559,-0.6238422200960843,0.27630940004538845,0.5829127722512489,-0.6981999848073254,-0.04522610522514238,-0.013334154018309214,-1.6009616135150968,-0.8282457821600964,-0.092117423837624,-0.6387581752777308,0.8130001464547238,0.08536412966455798,0.042918708698556074,-0.15048519317620215,0.711679498969571,0.09758971408860749,-0.31688855289627527,0.08218791055788645
0.9530867129379111,-0.821035274072706,-1.0069265667306428,-0.03334161769090294,0.6837237027534985,-0.7816517851282657,-0.4803641256060093,-0.19457296207433056,0.7768105502959503,0.5851360318096643,-1.0899328332155716,-0.34983425444194294,-0.5454715990848653,-0.2558531323680795,-1.4797116415854055,-1.300467382362599,1.4038446643854645,0.1475791999877787,0.3397746244561747,0.2582238272432995,-0.8938238992284238,-1.1520388130520922,0.22157254509184363,-1.4953238707459684,-0.501765330641998,0.3965826032568251,-0.23410239590483625,-0.06812137893099367,-0.14349898079181078,0.32902266393750457,0.03207904969469756
-1.0924944066008648,0.5950649285290404,-0.4655589229872371,0.7146284024167573,-1.0772319252883,-1.3755288187486197,1.2647430457505553,0.2890511295367273,-0.2465901695164294,-0.010886896476066735,-0.23254449546007455,0.8106168913466428,1.1767663337792673,1.3650937472998004,0.6775171115397481,1.1338360419649365,-1.1562839628364232,0.8078782584231857,-0.34411053223681415,-0.8555631174753436,0.5265886205650046,0.17298338640125543,0.2198288765953177,0.26015024418756993,-0.6559195470870329,0.6764905059382532,0.10983935353375882,0.2660168992368861,-0.17215452047347332,-0.19996961534184882,0.2831069928479253
