Record_ID,tSNE_Component_1,tSNE_Component_2,Age,BusinessTravel,DailyRate,Department,DistanceFromHome,Education,EducationField,EmployeeCount,EmployeeNumber,EnvironmentSatisfaction,Gender,HourlyRate,JobInvolvement,JobLevel,JobRole,JobSatisfaction,MaritalStatus,MonthlyIncome,MonthlyRate,NumCompaniesWorked,Over18,OverTime,PercentSalaryHike,PerformanceRating,RelationshipSatisfaction,StandardHours,StockOptionLevel,TotalWorkingYears,TrainingTimesLastYear,WorkLifeBalance,YearsAtCompany,YearsInCurrentRole,YearsSinceLastPromotion,YearsWithCurrManager,Attrition
1,-50.370785,3.4246938,0.4463504035345031,2,0.7425265337769018,2,-1.010909342912418,-0.8916882501868245,1,0.0,-1.701282951740758,-0.6605306743650393,0,1.3831382668932737,0.3796721288811475,-0.0577875452794142,7,1.153253590238697,2,-0.1083495135106711,0.7260199409380492,2.1251359240839385,0,1,-1.1505541015749308,-0.4262300150429028,-1.584178240646517,0.0,-0.9320143892374164,-0.4216424583593375,-2.171981830933257,-2.4938204216722384,-0.1646131090542286,-0.063295899399149,-0.6791456840737199,0.2458339946348354,1
2,3.0170908,29.164589,1.3223652142096962,1,-1.2977746019136118,1,-0.1471497200137397,-1.86842575225436,1,0.0,-1.699621324042693,0.2546249253678617,1,-0.2406767700620191,-1.0261667362455194,-0.0577875452794142,6,-0.6608531809232983,1,-0.2917185899565742,1.4888761391146892,-0.6780493930322936,0,0,2.1293060069870897,2.346151056253851,1.1914379855160335,0.0,0.241988311858558,-0.1645114009902331,0.1557070814399298,0.3380961637724818,0.4885077284888646,0.7649976209279952,-0.3687152874355457,0.8065414765793012,0
3,-39.94426,-7.321614,0.0083429981969065,2,1.4143632382387843,1,-0.8875151110697495,-0.8916882501868245,4,0.0,-1.6962980686465632,1.1697805251007627,1,1.2847252343505289,-1.0261667362455194,-0.9614863916702532,2,0.2462002046576992,2,-0.9376536912260358,-1.6748408610979753,1.324225833479301,0,1,-0.0572673987209239,-0.4262300150429028,-0.6589728319256667,0.0,-0.9320143892374164,-0.5502079870438897,0.1557070814399298,0.3380961637724818,-1.1442943653688686,-1.1676872598353414,-0.6791456840737199,-1.1559347102263289,1
4,-10.83336,-12.421912,-0.42966440714069,1,1.4614661806180305,1,-0.7641208792270812,1.0617867539482455,1,0.0,-1.6946364409484982,1.1697805251007627,0,-0.4867093514188816,0.3796721288811475,-0.9614863916702532,6,0.2462002046576992,1,-0.7636336754564013,1.2432105837696696,-0.6780493930322936,0,1,-1.1505541015749308,-0.4262300150429028,0.2662325767951835,0.0,-0.9320143892374164,-0.4216424583593375,0.1557070814399298,0.3380961637724818,0.161947309717318,0.7649976209279952,0.2521455058408027,-1.1559347102263289,0
5,-27.420681,-5.2916393,-1.0866755151470848,2,-0.5242947060017769,1,-0.8875151110697495,-1.86842575225436,3,0.0,-1.6913131855523684,-1.5756862740979405,1,-1.2740136117608418,0.3796721288811475,-0.9614863916702532,2,-0.6608531809232983,1,-0.6448581091374443,0.3258998974213038,2.5255909693862573,0,0,-0.8772324258614291,-0.4262300150429028,1.1914379855160335,0.0,0.241988311858558,-0.678773515728442,0.1557070814399298,0.3380961637724818,-0.8177339465973219,-0.6154915796172451,-0.0582848907973714,-0.5952272282818631,0
6,8.963371,-1.8664585,-0.5391662584750891,1,0.5020536174196967,1,-0.8875151110697495,-0.8916882501868245,1,0.0,-1.6896515578543037,1.1697805251007627,1,0.645040522822686,0.3796721288811475,-0.9614863916702532,2,1.153253590238697,2,-0.7298495698307945,-0.3441992832909694,-1.0785044383346123,0,0,-0.6039107501479274,-0.4262300150429028,0.2662325767951835,0.0,-0.9320143892374164,-0.4216424583593375,-0.6201892226844657,-1.0778621289498782,-0.0013328996684553,0.7649976209279952,0.2521455058408027,0.5261877356070683,0
7,-7.8813043,35.769245,2.417383727553688,2,1.2928872289449382,1,-0.7641208792270812,0.0850492518807105,3,0.0,-1.686328302458174,0.2546249253678617,0,0.743453555365431,1.7855109940078144,-0.9614863916702532,2,-1.5679065665042955,1,-0.814416073220678,-0.6112270608399039,0.523315742874663,0,1,1.3093409798465847,2.346151056253851,-1.584178240646517,0.0,2.5899937140505074,0.0926196563788712,0.1557070814399298,-1.0778621289498782,-0.9810141559830952,-1.1676872598353414,-0.6791456840737199,-1.1559347102263289,0
8,-15.182771,28.820713,-0.7581699611438873,2,1.3771767047814845,1,1.827157989468953,-1.86842575225436,1,0.0,-1.684666674760109,1.1697805251007627,1,0.0545623275662159,0.3796721288811475,-0.9614863916702532,2,0.2462002046576992,0,-0.8095290642308104,-0.1374635670938734,-0.6780493930322936,0,0,1.855984331273588,2.346151056253851,-0.6589728319256667,0.0,0.241988311858558,-1.3216011591512031,-0.6201892226844657,0.3380961637724818,-0.9810141559830952,-1.1676872598353414,-0.6791456840737199,-1.1559347102263289,0
9,5.043644,29.366692,0.1178448495313057,1,-1.4539580424342708,1,1.7037637576262843,0.0850492518807105,1,0.0,-1.683005047062044,1.1697805251007627,1,-1.0771875466753518,-1.0261667362455194,0.8459113011114247,4,0.2462002046576992,2,0.6423375630633446,-0.7766437419846911,-1.0785044383346123,0,0,1.5826626555600865,2.346151056253851,-0.6589728319256667,0.0,-0.9320143892374164,-0.1645114009902331,-0.6201892226844657,0.3380961637724818,0.3252275191030913,0.7649976209279952,-0.3687152874355457,1.086895217551534,0
10,10.885382,8.984136,-0.1011588531374925,2,1.230909673182772,1,2.197340684996958,0.0850492518807105,3,0.0,-1.6813434193639791,0.2546249253678617,1,1.3831382668932737,0.3796721288811475,-0.0577875452794142,0,0.2462002046576992,1,-0.2689833742211031,0.3181701459659399,1.324225833479301,0,0,-0.6039107501479274,-0.4262300150429028,-0.6589728319256667,0.0,1.4159910129545328,0.7354472998016324,0.1557070814399298,-1.0778621289498782,-0.0013328996684553,0.7649976209279952,1.4938670923934996,0.8065414765793012,0
11,-19.387892,-9.657338,-0.2106607044718917,2,0.016149580244313,1,0.8400041347276065,0.0850492518807105,3,0.0,-1.679681791665914,-1.5756862740979405,1,0.8910731041795485,1.7855109940078144,-0.9614863916702532,2,-0.6608531809232983,1,-0.8662608642436216,0.304397134281837,-1.0785044383346123,0,0,-0.6039107501479274,-0.4262300150429028,0.2662325767951835,0.0,0.241988311858558,-0.678773515728442,1.707499689688721,0.3380961637724818,-0.3278933184400019,-0.063295899399149,-0.6791456840737199,-0.3148734873096303,0
12,-8.835483,-20.54085,-0.8676718124782865,2,-1.61014148295493,1,0.7166099028849382,-0.8916882501868245,1,0.0,-1.6780201639678494,1.1697805251007627,0,-0.8311549653184892,-1.0261667362455194,-0.0577875452794142,2,0.2462002046576992,2,-0.4908110866307471,-0.2292367980093755,-1.0785044383346123,0,1,-0.8772324258614291,-0.4262300150429028,1.1914379855160335,0.0,-0.9320143892374164,-0.1645114009902331,0.1557070814399298,0.3380961637724818,0.3252275191030913,0.212801940709899,-0.6791456840737199,1.086895217551534,0
13,-23.580227,-14.385232,-0.6486681098094882,2,-0.3284456297933313,1,2.073946453154289,-1.86842575225436,1,0.0,-1.6763585362697844,-1.5756862740979405,1,-1.7168722582031943,0.3796721288811475,-0.9614863916702532,6,0.2462002046576992,0,-0.7632087181529345,0.1204290496441764,-0.6780493930322936,0,0,0.4893759527060795,-0.4262300150429028,1.1914379855160335,0.0,0.241988311858558,-0.8073390444129942,-1.3960855268088614,-1.0778621289498782,-0.3278933184400019,-0.6154915796172451,0.5625759024789769,-0.3148734873096303,0
14,-21.005217,-13.658886,-0.3201625558062908,2,1.3474274780156446,1,1.2101868302556114,-0.8916882501868245,3,0.0,-1.6730352808736546,-0.6605306743650393,1,1.333931750621901,0.3796721288811475,-0.9614863916702532,2,1.153253590238697,0,-0.8163283810862784,-0.7807194291157011,-1.0785044383346123,0,0,-1.1505541015749308,-0.4262300150429028,0.2662325767951835,0.0,0.241988311858558,-1.0644701017820986,-0.6201892226844657,0.3380961637724818,-0.8177339465973219,-0.6154915796172451,-0.3687152874355457,-0.5952272282818631,0
15,-37.907352,3.1285267,-0.9771736638126856,2,-1.7340965944792623,1,1.827157989468953,0.0850492518807105,1,0.0,-1.6713736531755896,0.2546249253678617,1,-0.7819484490471167,-1.0261667362455194,-0.9614863916702532,2,0.2462002046576992,2,-0.9508273676335052,-0.1919934500880768,0.9237707881769818,0,1,-0.3305890744344257,-0.4262300150429028,-0.6589728319256667,0.0,-0.9320143892374164,-0.678773515728442,0.9316033855643254,0.3380961637724818,-0.4911735278257753,-0.6154915796172451,-0.6791456840737199,-0.3148734873096303,1
16,22.85563,-0.16316012,-0.8676718124782865,2,1.4540288739265703,1,1.456975293940948,1.0617867539482455,1,0.0,-1.6697120254775248,-0.6605306743650393,0,-0.7327419327757442,1.7855109940078144,0.8459113011114247,4,-1.5679065665042955,0,0.738802870950297,-0.5787621047273755,-0.6780493930322936,0,0,-1.1505541015749308,-0.4262300150429028,0.2662325767951835,0.0,0.241988311858558,-0.1645114009902331,-1.3960855268088614,0.3380961637724818,0.4885077284888646,1.3171933011460917,1.8042974890316736,1.086895217551534,0
17,-6.9440837,-31.429136,-0.5391662584750891,2,-1.161423979236846,1,-0.5173324155417446,-0.8916882501868245,1,0.0,-1.6680503977794598,-1.5756862740979405,1,0.6942470390940585,1.7855109940078144,-0.9614863916702532,6,-0.6608531809232983,0,-0.6809794799321182,0.1039857601845841,-1.0785044383346123,0,1,-0.8772324258614291,-0.4262300150429028,1.1914379855160335,0.0,1.4159910129545328,-0.5502079870438897,1.707499689688721,-1.0778621289498782,-0.1646131090542286,-0.6154915796172451,-0.6791456840737199,0.2458339946348354,0
18,-21.912085,-23.677475,-1.6341847718190805,0,0.7945876806171215,1,0.8400041347276065,-0.8916882501868245,3,0.0,-1.666388770081395,1.1697805251007627,1,1.4815512994360187,1.7855109940078144,-0.9614863916702532,2,1.153253590238697,0,-0.7581092305113335,-0.9822551306973706,-0.6780493930322936,0,1,-0.6039107501479274,-0.4262300150429028,-0.6589728319256667,0.0,1.4159910129545328,-1.3216011591512031,-0.6201892226844657,-1.0778621289498782,-0.9810141559830952,-1.1676872598353414,-0.6791456840737199,-1.1559347102263289,0
19,37.85627,4.1539783,1.7603726195472926,2,1.03258149474384,2,-0.8875151110697495,1.0617867539482455,1,0.0,-1.66472714238333,-1.5756862740979405,0,0.5958340065513135,-1.0261667362455194,1.7496101475022634,3,1.153253590238697,1,1.8961740869419932,1.083274999111413,-0.2775943477299747,0,0,0.2160542769925777,-0.4262300150429028,0.2662325767951835,0.0,-0.9320143892374164,2.535364701385363,0.1557070814399298,0.3380961637724818,2.9377108692754645,1.041095461037043,0.2521455058408027,0.8065414765793012,0
20,-11.34859,-25.63894,0.1178448495313057,2,-1.06969719670884,1,-0.8875151110697495,0.0850492518807105,1,0.0,-1.663065514685265,1.1697805251007627,1,-1.0279810304039791,0.3796721288811475,-0.9614863916702532,6,1.153253590238697,2,-0.5437182709123576,-1.40640767419352,0.9237707881769818,0,1,-1.1505541015749308,-0.4262300150429028,0.2662325767951835,0.0,-0.9320143892374164,-0.678773515728442,0.1557070814399298,0.3380961637724818,-0.6544537372115486,-0.6154915796172451,-0.3687152874355457,-0.5952272282818631,0
21,-16.542747,-9.917089,-1.4151810691502822,0,-0.3210083231018714,1,0.2230329755142651,-0.8916882501868245,4,0.0,-1.659742259289135,-1.5756862740979405,0,1.4815512994360187,1.7855109940078144,-0.0577875452794142,4,0.2462002046576992,0,-0.5294822012462215,-0.8546439612160903,-1.0785044383346123,0,0,0.7626976284195812,-0.4262300150429028,1.1914379855160335,0.0,0.241988311858558,-0.8073390444129942,1.707499689688721,-1.0778621289498782,-0.4911735278257753,-0.6154915796172451,-0.3687152874355457,-0.3148734873096303,0
22,-29.656769,24.520006,-0.1011588531374925,2,1.0301023925133532,2,-0.0237554881710714,1.0617867539482455,1,0.0,-1.6580806315910706,0.2546249253678617,1,0.7926600716368035,-1.0261667362455194,-0.9614863916702532,8,-1.5679065665042955,2,-0.6578193068931802,-1.0297579669139705,1.7246808787816197,0,0,2.1293060069870897,2.346151056253851,-0.6589728319256667,0.0,-0.9320143892374164,-0.1645114009902331,0.9316033855643254,0.3380961637724818,-0.3278933184400019,-0.339393739508197,-0.6791456840737199,-0.3148734873096303,1
23,18.790373,-5.3427854,-0.3201625558062908,2,-0.9507002896454808,1,-0.270543951856408,1.0617867539482455,1,0.0,-1.6564190038930056,-1.5756862740979405,0,-0.6343289002329991,0.3796721288811475,0.8459113011114247,5,-0.6608531809232983,2,1.1667348755413154,0.9809611980295057,-1.0785044383346123,0,0,-1.1505541015749308,-0.4262300150429028,0.2662325767951835,0.0,-0.9320143892374164,0.2211851850634235,0.9316033855643254,0.3380961637724818,0.8150681472604113,0.4888997808189471,-0.0582848907973714,1.9279564404682328,0
24,-24.3318,-1.9176815,-1.7436866231534796,2,-1.020115152099107,1,0.7166099028849382,-0.8916882501868245,1,0.0,-1.6530957484968758,0.2546249253678617,1,1.4815512994360187,0.3796721288811475,-0.9614863916702532,6,1.153253590238697,2,-1.119960374413272,0.6981928356987392,-0.6780493930322936,0,0,-0.3305890744344257,-0.4262300150429028,1.1914379855160335,0.0,-0.9320143892374164,-1.4501666878357553,2.4833959938131165,0.3380961637724818,-1.1442943653688686,-1.1676872598353414,-0.6791456840737199,-1.1559347102263289,0
25,-34.44506,-2.5251155,-0.3201625558062908,2,-0.2565516651092185,1,-0.3939381836990763,-1.86842575225436,3,0.0,-1.651434120798811,-0.6605306743650393,1,0.841866587908176,0.3796721288811475,-0.9614863916702532,6,-1.5679065665042955,2,-0.7527972642179991,0.3919541371307771,-0.2775943477299747,0,0,-1.1505541015749308,-0.4262300150429028,0.2662325767951835,0.0,-0.9320143892374164,-0.4216424583593375,-0.6201892226844657,0.3380961637724818,-0.4911735278257753,-0.6154915796172451,-0.3687152874355457,-0.3148734873096303,1
26,37.66562,6.7284765,1.7603726195472926,2,1.188764935264499,1,-0.5173324155417446,0.0850492518807105,4,0.0,-1.649772493100746,0.2546249253678617,0,-0.3882963188761366,0.3796721288811475,2.6533089938931025,3,0.2462002046576992,0,2.6753333028482813,-0.5028699995292573,0.523315742874663,0,0,-1.1505541015749308,-0.4262300150429028,1.1914379855160335,0.0,0.241988311858558,1.8925370579626024,0.1557070814399298,-1.0778621289498782,1.141628566031958,2.421584661582284,0.5625759024789769,1.086895217551534,0
27,-28.28533,23.824303,-0.5391662584750891,1,0.7995458850780948,1,0.8400041347276065,-1.86842575225436,1,0.0,-1.648110865402681,-0.6605306743650393,0,0.3005949089230785,-2.432005601372186,-0.9614863916702532,6,-1.5679065665042955,2,-0.549030237205692,-1.3537048233614937,-0.6780493930322936,0,1,1.855984331273588,2.346151056253851,-0.6589728319256667,0.0,-0.9320143892374164,-0.1645114009902331,1.707499689688721,0.3380961637724818,0.4885077284888646,-0.6154915796172451,1.1834366957553253,0.8065414765793012,1
28,17.692503,-18.60961,0.5558522548689022,2,-0.2763844829531117,2,-0.1471497200137397,1.0617867539482455,2,0.0,-1.6447876100065513,0.2546249253678617,1,-0.8803614815898617,0.3796721288811475,-0.0577875452794142,7,-0.6608531809232983,1,0.0684327247314972,0.964096285763257,-1.0785044383346123,0,0,-1.1505541015749308,-0.4262300150429028,1.1914379855160335,0.0,0.241988311858558,-0.1645114009902331,-0.6201892226844657,0.3380961637724818,0.3252275191030913,0.7649976209279952,0.5625759024789769,-0.5952272282818631,0
29,37.722435,1.0085168,0.7748559575377005,2,-0.806912360277255,1,-0.270543951856408,1.0617867539482455,3,0.0,-1.6431259823084865,-1.5756862740979405,0,-1.1756005792180968,-1.0261667362455194,0.8459113011114247,0,1.153253590238697,1,0.7957471496148416,-1.7172842236347006,0.1228606975723441,0,0,-0.3305890744344257,-0.4262300150429028,1.1914379855160335,0.0,0.241988311858558,1.6354060005934978,0.9316033855643254,0.3380961637724818,2.447870241118145,0.4888997808189471,0.8730062991171511,3.6100788863016295,0
30,32.341473,23.08642,0.9938596602064989,2,-0.2416770517262986,2,-0.8875151110697495,1.0617867539482455,2,0.0,-1.6398027269123563,-0.6605306743650393,0,0.841866587908176,0.3796721288811475,2.6533089938931025,3,-1.5679065665042955,2,2.644098941043475,1.1958482884886217,0.1228606975723441,0,0,-0.8772324258614291,-0.4262300150429028,1.1914379855160335,0.0,-0.9320143892374164,1.3782749432243937,-0.6201892226844657,-1.0778621289498782,-0.8177339465973219,-0.6154915796172451,-0.0582848907973714,-0.8755809692540959,0
31,-12.435099,-4.014957,-0.42966440714069,2,0.3012463367502779,1,-0.8875151110697495,0.0850492518807105,3,0.0,-1.6381410992142915,0.2546249253678617,1,0.5958340065513135,0.3796721288811475,-0.9614863916702532,2,1.153253590238697,2,-0.8513873586222853,-1.074168902548425,0.523315742874663,0,0,-1.1505541015749308,-0.4262300150429028,1.1914379855160335,0.0,-0.9320143892374164,-0.5502079870438897,0.1557070814399298,0.3380961637724818,-0.9810141559830952,-0.8915894197262932,-0.6791456840737199,-1.1559347102263289,0
32,-6.72825,1.633529,0.7748559575377005,2,1.627566030060636,1,0.0996387436715968,1.0617867539482455,4,0.0,-1.6364794715162267,1.1697805251007627,1,-1.2248070954894692,0.3796721288811475,-0.0577875452794142,0,1.153253590238697,1,-0.0080595898925179,0.6757062860104079,-0.2775943477299747,0,1,-0.6039107501479274,-0.4262300150429028,1.1914379855160335,0.0,-0.9320143892374164,-0.2930769296747854,1.707499689688721,1.754054456494842,-0.4911735278257753,-0.6154915796172451,-0.3687152874355457,-0.3148734873096303,0
33,-23.079092,-1.6597658,-0.7581699611438873,2,-1.679556345408556,1,-0.0237554881710714,-0.8916882501868245,3,0.0,-1.634817843818162,1.1697805251007627,1,0.841866587908176,-1.0261667362455194,-0.9614863916702532,2,0.2462002046576992,2,-0.9130061676249642,0.2535213156119874,-0.6780493930322936,0,0,-0.6039107501479274,-0.4262300150429028,-1.584178240646517,0.0,-0.9320143892374164,-0.1645114009902331,1.707499689688721,0.3380961637724818,0.4885077284888646,-1.1676872598353414,-0.3687152874355457,1.086895217551534,0
34,-36.864643,-19.590858,0.2273467008657048,2,0.229352372066165,2,-0.5173324155417446,0.0850492518807105,5,0.0,-1.633156216120097,1.1697805251007627,1,-0.4867093514188816,0.3796721288811475,-0.0577875452794142,8,1.153253590238697,1,-0.9385036058329692,-1.5428729226145808,0.1228606975723441,0,0,-0.3305890744344257,-0.4262300150429028,0.2662325767951835,0.0,0.241988311858558,0.9925783571707368,2.4833959938131165,1.754054456494842,-0.9810141559830952,-1.1676872598353414,-0.6791456840737199,-1.1559347102263289,1
35,-39.170155,-4.5377088,-1.4151810691502822,2,0.0260659891662596,1,-1.010909342912418,0.0850492518807105,3,0.0,-1.6281713330259022,-0.6605306743650393,1,-0.2406767700620191,0.3796721288811475,-0.9614863916702532,6,1.153253590238697,1,-0.8945205249241606,-1.587143317313483,-0.2775943477299747,0,1,0.2160542769925777,-0.4262300150429028,-1.584178240646517,0.0,0.241988311858558,-0.678773515728442,-0.6201892226844657,-1.0778621289498782,-0.8177339465973219,-1.1676872598353414,-0.0582848907973714,-1.1559347102263289,1
36,2.4617941,-0.6323729,0.6653541062033014,2,1.1664530151901191,1,-0.8875151110697495,-0.8916882501868245,3,0.0,-1.6265097053278377,1.1697805251007627,0,0.3005949089230785,1.7855109940078144,-0.9614863916702532,6,0.2462002046576992,0,-0.8197280395140124,1.0695019874273102,-0.6780493930322936,0,0,-0.8772324258614291,-0.4262300150429028,1.1914379855160335,0.0,1.4159910129545328,-0.678773515728442,0.1557070814399298,-1.0778621289498782,-0.3278933184400019,-0.339393739508197,-0.3687152874355457,-0.0345197463373974,0
37,-43.610367,-5.2466025,1.4318670655440953,2,0.1648957140735121,2,-0.7641208792270812,-0.8916882501868245,2,0.0,-1.6248480776297725,-1.5756862740979405,1,0.9894861367222936,-1.0261667362455194,-0.9614863916702532,8,0.2462002046576992,1,-0.8116538507481441,-1.4761159782273472,-0.6780493930322936,0,1,-0.3305890744344257,-0.4262300150429028,0.2662325767951835,0.0,-0.9320143892374164,-1.0644701017820986,-0.6201892226844657,0.3380961637724818,-0.6544537372115486,-0.6154915796172451,-0.6791456840737199,-0.5952272282818631,1
38,2.6303568,-14.541317,-0.2106607044718917,2,0.2169568609137318,2,-0.8875151110697495,0.0850492518807105,2,0.0,-1.6215248222336427,1.1697805251007627,0,1.5307578157073911,0.3796721288811475,-0.9614863916702532,8,1.153253590238697,1,-0.9538020687577724,-0.6501568999878274,-0.6780493930322936,0,0,-0.6039107501479274,-0.4262300150429028,-1.584178240646517,0.0,-0.9320143892374164,-1.193035630466651,0.1557070814399298,0.3380961637724818,-0.8177339465973219,-0.6154915796172451,-0.0582848907973714,-0.5952272282818631,0
39,-3.3760068,-4.49425,-0.1011588531374925,2,0.122750976155239,1,-0.5173324155417446,1.0617867539482455,1,0.0,-1.618201566837513,-0.6605306743650393,0,0.7926600716368035,-1.0261667362455194,-0.9614863916702532,6,-1.5679065665042955,1,-0.6552695630723797,-0.174425833144068,2.5255909693862573,0,1,-0.3305890744344257,-0.4262300150429028,1.1914379855160335,0.0,0.241988311858558,-0.678773515728442,0.1557070814399298,1.754054456494842,-0.9810141559830952,-0.8915894197262932,-0.6791456840737199,-1.1559347102263289,0
40,8.405166,-15.961777,-0.42966440714069,1,0.8392115207658811,2,-1.010909342912418,0.0850492518807105,1,0.0,-1.616539939139448,0.2546249253678617,0,-1.1756005792180968,1.7855109940078144,-0.0577875452794142,7,-1.5679065665042955,1,-0.2394488416301638,-1.5628297354629748,-0.2775943477299747,0,0,1.036019304133083,-0.4262300150429028,-1.584178240646517,0.0,1.4159910129545328,-0.1645114009902331,0.1557070814399298,0.3380961637724818,-0.3278933184400019,-0.339393739508197,-0.3687152874355457,-0.3148734873096303,0
41,-19.54843,-12.163831,-0.2106607044718917,2,-0.8391406892735814,1,-0.6407266473844129,-0.8916882501868245,4,0.0,-1.6148783114413832,0.2546249253678617,1,0.448214457737196,0.3796721288811475,-0.9614863916702532,2,1.153253590238697,0,-0.967188223816975,-0.4782753358076449,-0.6780493930322936,0,0,-0.8772324258614291,-0.4262300150429028,0.2662325767951835,0.0,0.241988311858558,-1.3216011591512031,0.1557070814399298,0.3380961637724818,-0.9810141559830952,-1.1676872598353414,-0.6791456840737199,-1.1559347102263289,0
42,-6.33258,8.643956,-1.0866755151470848,2,1.0846426415840595,1,-0.8875151110697495,1.0617867539482455,1,0.0,-1.6132166837433182,1.1697805251007627,0,-1.6184592256604493,0.3796721288811475,-0.9614863916702532,2,-1.5679065665042955,0,-0.8843215496409585,0.7591876017283379,-0.6780493930322936,0,0,-0.6039107501479274,-0.4262300150429028,1.1914379855160335,0.0,0.241988311858558,-1.3216011591512031,2.4833959938131165,0.3380961637724818,-0.9810141559830952,-1.1676872598353414,-0.6791456840737199,-1.1559347102263289,0
43,-36.173126,1.7137407,-1.196177366481484,2,1.3746976025509978,1,1.950552221311621,0.0850492518807105,1,0.0,-1.6115550560452534,-1.5756862740979405,1,-0.8803614815898617,-2.432005601372186,-0.9614863916702532,2,0.2462002046576992,2,-0.8945205249241606,-0.5277457451219738,-0.6780493930322936,0,0,-0.8772324258614291,-0.4262300150429028,0.2662325767951835,0.0,-0.9320143892374164,-1.3216011591512031,-0.6201892226844657,-1.0778621289498782,-0.9810141559830952,-1.1676872598353414,-0.6791456840737199,-0.8755809692540959,1
44,24.190561,-19.936892,-1.0866755151470848,1,0.4747834928843435,2,-0.1471497200137397,0.0850492518807105,1,0.0,-1.6098934283471884,1.1697805251007627,1,-1.4216331605749593,0.3796721288811475,0.8459113011114247,7,0.2462002046576992,2,0.4723546416766441,-1.5934676594133264,-0.6780493930322936,0,0,-0.0572673987209239,-0.4262300150429028,1.1914379855160335,0.0,-0.9320143892374164,-0.2930769296747854,-2.171981830933257,0.3380961637724818,0.3252275191030913,1.041095461037043,-0.3687152874355457,0.8065414765793012,0
45,-0.8682737,30.568558,-0.7581699611438873,1,-0.2020114160385122,1,-1.010909342912418,-0.8916882501868245,3,0.0,-1.6082318006491236,0.2546249253678617,0,-0.3882963188761366,0.3796721288811475,-0.0577875452794142,2,1.153253590238697,2,-0.5294822012462215,-0.496405116493862,-0.6780493930322936,0,0,2.1293060069870897,2.346151056253851,1.1914379855160335,0.0,-0.9320143892374164,0.0926196563788712,-0.6201892226844657,0.3380961637724818,0.8150681472604113,1.041095461037043,0.2521455058408027,0.8065414765793012,0
46,42.441868,4.3934317,0.4463504035345031,2,1.3821349092424575,1,0.3464272073569334,0.0850492518807105,5,0.0,-1.6065701729510586,-0.6605306743650393,0,-0.8311549653184892,0.3796721288811475,2.6533089938931025,5,0.2462002046576992,1,2.7711611747800338,0.2764294881069749,-0.6780493930322936,0,0,-0.8772324258614291,-0.4262300150429028,1.1914379855160335,0.0,-0.9320143892374164,1.5068404719089457,-2.171981830933257,0.3380961637724818,2.447870241118145,2.97378034180038,3.977310265498893,1.086895217551534,1
47,2.5127316,35.177193,-0.3201625558062908,0,0.6507997512488957,2,1.7037637576262843,1.0617867539482455,2,0.0,-1.6032469175549289,-0.6605306743650393,1,0.3005949089230785,0.3796721288811475,-0.0577875452794142,7,0.2462002046576992,2,-0.4111315922307312,-0.6013891953512589,-1.0785044383346123,0,0,1.3093409798465847,2.346151056253851,0.2662325767951835,0.0,-0.9320143892374164,-0.1645114009902331,-0.6201892226844657,0.3380961637724818,0.3252275191030913,0.212801940709899,1.8042974890316736,0.8065414765793012,0
48,-15.024845,31.243818,0.0083429981969065,2,-0.977970414180834,1,1.2101868302556114,-0.8916882501868245,1,0.0,-1.601585289856864,-0.6605306743650393,1,0.349801425194451,0.3796721288811475,-0.9614863916702532,6,-0.6608531809232983,1,-0.7396235878105298,-0.5742647947897093,0.523315742874663,0,0,1.5826626555600865,2.346151056253851,-1.584178240646517,0.0,-0.9320143892374164,-0.4216424583593375,-1.3960855268088614,0.3380961637724818,-0.9810141559830952,-1.1676872598353414,-0.6791456840737199,-1.1559347102263289,0
49,1.0785908,36.389297,0.9938596602064989,1,1.0127486768999467,2,-0.5173324155417446,1.0617867539482455,2,0.0,-1.599923662158799,-1.5756862740979405,1,1.5799643319787635,0.3796721288811475,-0.0577875452794142,7,1.153253590238697,2,-0.1553072955437471,0.8617824846813495,0.523315742874663,0,1,1.5826626555600865,2.346151056253851,0.2662325767951835,0.0,-0.9320143892374164,0.3497507137479757,0.9316033855643254,0.3380961637724818,0.3252275191030913,0.4888997808189471,-0.6791456840737199,1.086895217551534,0
50,-24.492693,-16.240465,-0.2106607044718917,2,1.0573725170487065,1,-0.1471497200137397,-1.86842575225436,1,0.0,-1.598262034460734,1.1697805251007627,1,-1.4708396768463317,1.7855109940078144,-0.9614863916702532,2,1.153253590238697,1,-0.8996200125657616,-1.3240506859600067,-0.6780493930322936,0,0,1.036019304133083,-0.4262300150429028,1.1914379855160335,0.0,-0.9320143892374164,-1.3216011591512031,-0.6201892226844657,0.3380961637724818,-0.9810141559830952,-1.1676872598353414,-0.6791456840737199,-0.8755809692540959,0
51,-13.001389,1.5497824,1.2128633628752972,2,-0.437526127934744,1,-1.010909342912418,-0.8916882501868245,1,0.0,-1.5966004067626691,-1.5756862740979405,1,1.5799643319787635,-1.0261667362455194,0.8459113011114247,2,0.2462002046576992,2,-0.2383864483714969,0.7000198678609162,2.5255909693862573,0,1,-0.6039107501479274,-0.4262300150429028,1.1914379855160335,0.0,-0.9320143892374164,1.5068404719089457,-0.6201892226844657,0.3380961637724818,-0.9810141559830952,-1.1676872598353414,-0.6791456840737199,-1.1559347102263289,1
52,-37.97459,-5.010308,-0.9771736638126856,2,1.5655884742984698,1,-0.5173324155417446,1.0617867539482455,5,0.0,-1.5949387790646044,0.2546249253678617,1,-0.7819484490471167,0.3796721288811475,-0.9614863916702532,2,0.2462002046576992,2,-0.6505950327342455,-0.4404698241441379,-0.6780493930322936,0,1,-0.6039107501479274,-0.4262300150429028,0.2662325767951835,0.0,-0.9320143892374164,-1.193035630466651,0.1557070814399298,-1.0778621289498782,-0.8177339465973219,-0.6154915796172451,-0.0582848907973714,-0.5952272282818631,1
53,-6.4888597,35.81218,0.7748559575377005,2,1.699459994744749,2,-1.010909342912418,2.038524256015781,2,0.0,-1.5899538959704096,-0.6605306743650393,0,0.448214457737196,0.3796721288811475,-0.0577875452794142,7,-1.5679065665042955,0,-0.2228755067949605,-1.448148332052485,0.9237707881769818,0,1,1.5826626555600865,2.346151056253851,0.2662325767951835,0.0,0.241988311858558,-0.2930769296747854,-0.6201892226844657,-1.0778621289498782,-0.4911735278257753,-0.339393739508197,-0.3687152874355457,-0.3148734873096303,0
54,-15.997284,-19.338865,-0.2106607044718917,0,0.7301310226244685,1,0.2230329755142651,-0.8916882501868245,3,0.0,-1.5866306405742798,0.2546249253678617,1,0.645040522822686,-1.0261667362455194,0.8459113011114247,0,-1.5679065665042955,1,0.7184049203838929,-0.8448060957274455,-0.2775943477299747,0,1,-0.6039107501479274,-0.4262300150429028,0.2662325767951835,0.0,0.241988311858558,-0.1645114009902331,0.1557070814399298,0.3380961637724818,-0.4911735278257753,-1.1676872598353414,-0.0582848907973714,-0.3148734873096303,0
55,-0.78389645,-23.534315,-1.196177366481484,2,1.5879003943728498,2,1.7037637576262843,0.0850492518807105,2,0.0,-1.58330738517815,0.2546249253678617,0,-0.929567997861234,-1.0261667362455194,-0.0577875452794142,7,1.153253590238697,1,-0.4984603180931486,1.0010585518134516,1.7246808787816197,0,1,1.036019304133083,-0.4262300150429028,0.2662325767951835,0.0,0.241988311858558,-0.8073390444129942,-0.6201892226844657,-1.0778621289498782,-0.8177339465973219,-0.6154915796172451,-0.6791456840737199,-1.1559347102263289,0
56,26.491543,-5.9083796,-0.42966440714069,1,-0.7127064755187623,1,-1.010909342912418,-0.8916882501868245,1,0.0,-1.581645757480085,-1.5756862740979405,0,1.5799643319787635,0.3796721288811475,0.8459113011114247,5,1.153253590238697,2,1.477803621678977,0.1170560671909267,-0.6780493930322936,0,1,-0.8772324258614291,-0.4262300150429028,0.2662325767951835,0.0,-0.9320143892374164,0.4783162424325279,-1.3960855268088614,0.3380961637724818,1.304908775417731,2.6976825016913315,1.8042974890316736,2.2083101814404653,0
57,2.4319258,35.010086,-0.2106607044718917,1,0.1252300783857257,2,1.0867925984129432,2.038524256015781,1,0.0,-1.5799841297820203,-0.6605306743650393,1,0.251388392651706,0.3796721288811475,0.8459113011114247,7,-1.5679065665042955,1,0.5452348192211919,-0.4612698826058444,-0.6780493930322936,0,0,1.855984331273588,2.346151056253851,1.1914379855160335,0.0,0.241988311858558,-0.2930769296747854,0.1557070814399298,-1.0778621289498782,0.3252275191030913,1.041095461037043,-0.3687152874355457,1.086895217551534,0
58,-5.012464,0.64843273,-0.2106607044718917,2,0.8416906229963679,1,1.7037637576262843,1.0617867539482455,3,0.0,-1.5783225020839553,0.2546249253678617,0,-1.7660787744745667,0.3796721288811475,-0.9614863916702532,2,-1.5679065665042955,1,-0.5288447652910213,0.2373591080234992,0.1228606975723441,0,1,-0.0572673987209239,-0.4262300150429028,0.2662325767951835,0.0,0.241988311858558,-0.9359045730975464,0.1557070814399298,0.3380961637724818,-0.8177339465973219,-0.6154915796172451,-0.0582848907973714,-0.5952272282818631,0
59,1.2429239,31.92979,-0.6486681098094882,2,-0.3656321632506311,1,-0.270543951856408,1.0617867539482455,1,0.0,-1.5766608743858903,1.1697805251007627,1,-0.8803614815898617,0.3796721288811475,-0.0577875452794142,2,1.153253590238697,0,-0.1249228483458744,-0.6725029087406067,0.1228606975723441,0,0,1.855984331273588,2.346151056253851,1.1914379855160335,0.0,0.241988311858558,-0.1645114009902331,0.1557070814399298,-1.0778621289498782,-0.0013328996684553,0.7649976209279952,-0.3687152874355457,0.8065414765793012,0
60,14.499071,-10.71578,0.0083429981969065,2,0.7747548627732282,1,-1.010909342912418,1.0617867539482455,1,0.0,-1.5749992466878255,-1.5756862740979405,1,-0.7327419327757442,-1.0261667362455194,-0.0577875452794142,4,0.2462002046576992,0,-0.1083495135106711,-1.6336623669812185,-0.6780493930322936,0,0,0.7626976284195812,-0.4262300150429028,0.2662325767951835,0.0,0.241988311858558,-0.5502079870438897,-0.6201892226844657,1.754054456494842,-0.0013328996684553,0.212801940709899,-0.6791456840737199,0.8065414765793012,0
61,4.639737,38.798115,-0.5391662584750891,2,-0.9308674718015876,1,-1.010909342912418,0.0850492518807105,3,0.0,-1.5733376189897608,-1.5756862740979405,1,-1.6184592256604493,0.3796721288811475,-0.0577875452794142,4,1.153253590238697,1,-0.0724406213677307,-0.4829131866808632,-0.6780493930322936,0,1,1.855984331273588,2.346151056253851,-0.6589728319256667,0.0,0.241988311858558,-0.2930769296747854,0.1557070814399298,0.3380961637724818,0.3252275191030913,1.041095461037043,1.4938670923934996,1.086895217551534,0
62,27.898355,-28.434235,0.1178448495313057,1,-0.3705903677116045,1,2.4441291486822943,2.038524256015781,1,0.0,-1.5716759912916958,1.1697805251007627,0,-0.7819484490471167,0.3796721288811475,-0.0577875452794142,2,1.153253590238697,2,-0.8705104372782891,-1.2447855983086389,-0.6780493930322936,0,0,-1.1505541015749308,-0.4262300150429028,1.1914379855160335,0.0,-0.9320143892374164,-0.1645114009902331,-0.6201892226844657,0.3380961637724818,0.4885077284888646,-0.339393739508197,2.114727885669848,1.3672489585237668,0
63,41.515034,-0.4575967,1.4318670655440953,2,0.4623879817319102,1,-0.270543951856408,-0.8916882501868245,3,0.0,-1.5700143635936308,-0.6605306743650393,0,-1.1263940629467242,-1.0261667362455194,2.6533089938931025,5,0.2462002046576992,0,2.6001158601346663,0.3355972219743967,0.9237707881769818,0,1,-0.8772324258614291,-0.4262300150429028,1.1914379855160335,0.0,0.241988311858558,2.2782336440162587,-0.6201892226844657,-1.0778621289498782,3.264271288047011,-0.339393739508197,3.3564494722225446,1.086895217551534,0
64,40.39396,-5.897627,2.417383727553688,2,1.5680675765289565,2,1.950552221311621,0.0850492518807105,1,0.0,-1.568352735895566,-1.5756862740979405,0,1.629170848250136,0.3796721288811475,0.8459113011114247,7,-1.5679065665042955,2,0.2409653899389981,-1.680743580391162,1.7246808787816197,0,0,-1.1505541015749308,-0.4262300150429028,1.1914379855160335,0.0,-0.9320143892374164,2.1496681153317065,0.1557070814399298,-1.0778621289498782,2.284590031732371,3.249878181909428,1.4938670923934996,1.3672489585237668,0
65,27.936699,2.4764907,-0.1011588531374925,2,1.0424979036657869,1,-0.1471497200137397,0.0850492518807105,5,0.0,-1.5650294804994362,0.2546249253678617,0,-0.3390898026047641,0.3796721288811475,0.8459113011114247,0,0.2462002046576992,0,0.7634503945513685,-0.8588601892826525,-0.6780493930322936,0,0,-0.6039107501479274,-0.4262300150429028,-0.6589728319256667,0.0,2.5899937140505074,0.7354472998016324,-0.6201892226844657,0.3380961637724818,1.6314691941892778,2.6976825016913315,3.0460190755843706,1.086895217551534,0
66,30.170311,28.182402,1.979376322216091,2,0.0830853404674526,1,-0.1471497200137397,0.0850492518807105,3,0.0,-1.5633678528013712,1.1697805251007627,0,-1.6184592256604493,0.3796721288811475,1.7496101475022634,3,0.2462002046576992,0,1.7536009116288984,0.761295715761619,-0.2775943477299747,0,1,-0.3305890744344257,-0.4262300150429028,0.2662325767951835,0.0,2.5899937140505074,1.2497094145398413,-0.6201892226844657,0.3380961637724818,-0.3278933184400019,-1.1676872598353414,-0.6791456840737199,-0.5952272282818631,0
67,-12.726361,-6.9146724,-0.1011588531374925,1,0.9730830412121604,1,0.2230329755142651,0.0850492518807105,1,0.0,-1.5617062251033065,-0.6605306743650393,1,1.432344783164646,-1.0261667362455194,-0.0577875452794142,4,-0.6608531809232983,2,-0.0008353157335831,1.172518493186978,-0.6780493930322936,0,0,-0.6039107501479274,-0.4262300150429028,0.2662325767951835,0.0,-0.9320143892374164,-0.678773515728442,0.1557070814399298,0.3380961637724818,-0.1646131090542286,0.212801940709899,-0.6791456840737199,-0.3148734873096303,0
68,28.995466,17.80598,0.8843578088720997,2,1.330073762402238,1,-0.270543951856408,0.0850492518807105,1,0.0,-1.5600445974052417,-0.6605306743650393,1,-0.3390898026047641,0.3796721288811475,0.8459113011114247,6,-1.5679065665042955,0,0.6844083361065528,0.6287656135360162,-0.2775943477299747,0,0,0.4893759527060795,-0.4262300150429028,0.2662325767951835,0.0,0.241988311858558,1.76397152927805,-0.6201892226844657,0.3380961637724818,-0.9810141559830952,-1.1676872598353414,-0.6791456840737199,-1.1559347102263289,0
69,-23.105183,-8.64469,-0.2106607044718917,1,-0.3433202431762513,1,-1.010909342912418,0.0850492518807105,3,0.0,-1.5567213420091115,-0.6605306743650393,1,0.645040522822686,0.3796721288811475,-0.9614863916702532,6,-1.5679065665042955,1,-0.9155559114457648,-1.1868827328611855,0.523315742874663,0,0,-0.6039107501479274,-0.4262300150429028,1.1914379855160335,0.0,0.241988311858558,-0.8073390444129942,-0.6201892226844657,-1.0778621289498782,-0.6544537372115486,-0.6154915796172451,-0.3687152874355457,-0.5952272282818631,0
70,-40.202404,-4.9473786,-0.1011588531374925,2,-1.2010896149246324,1,-0.0237554881710714,0.0850492518807105,3,0.0,-1.553398086612982,1.1697805251007627,1,0.645040522822686,-1.0261667362455194,-0.9614863916702532,6,0.2462002046576992,1,-0.6618564012761143,1.0489830108367078,-1.0785044383346123,0,1,0.4893759527060795,-0.4262300150429028,-1.584178240646517,0.0,0.241988311858558,-1.193035630466651,-2.171981830933257,-1.0778621289498782,-0.9810141559830952,-1.1676872598353414,-0.6791456840737199,-1.1559347102263289,1
71,21.259787,-30.529266,2.417383727553688,1,1.04745610812676,2,-1.010909342912418,-1.86842575225436,1,0.0,-1.551736458914917,-1.5756862740979405,0,-0.4375028351475091,-1.0261667362455194,-0.0577875452794142,7,0.2462002046576992,2,-0.2188384124120264,1.4552868555177445,1.7246808787816197,0,0,-1.1505541015749308,-0.4262300150429028,1.1914379855160335,0.0,-0.9320143892374164,1.121143885855289,-0.6201892226844657,-1.0778621289498782,-0.4911735278257753,-0.339393739508197,-0.3687152874355457,-0.3148734873096303,0
72,-12.334002,29.052736,-0.8676718124782865,2,1.3028036378668848,1,-0.8875151110697495,0.0850492518807105,1,0.0,-1.5467515758207222,0.2546249253678617,1,0.4974209740085685,0.3796721288811475,-0.9614863916702532,6,-0.6608531809232983,1,-0.8074042777134766,-1.3150560660846742,-1.0785044383346123,0,0,2.1293060069870897,2.346151056253851,1.1914379855160335,0.0,0.241988311858558,-0.678773515728442,0.1557070814399298,0.3380961637724818,-0.3278933184400019,-0.063295899399149,-0.6791456840737199,-0.0345197463373974,0
73,-20.98676,-0.9833902,-0.6486681098094882,2,0.6929444891671688,1,-1.010909342912418,1.0617867539482455,3,0.0,-1.5450899481226574,0.2546249253678617,1,1.038692652993666,0.3796721288811475,-0.9614863916702532,6,-0.6608531809232983,2,-0.8503249653636185,0.6270791223093914,-0.6780493930322936,0,0,0.4893759527060795,-0.4262300150429028,-0.6589728319256667,0.0,-0.9320143892374164,-1.3216011591512031,0.9316033855643254,0.3380961637724818,-0.9810141559830952,-0.8915894197262932,-0.3687152874355457,-1.1559347102263289,0
74,15.499283,-11.985924,-0.5391662584750891,2,-0.6308961019127028,1,-1.010909342912418,0.0850492518807105,1,0.0,-1.5434283204245924,-0.6605306743650393,1,0.0053558112948434,0.3796721288811475,-0.0577875452794142,6,-0.6608531809232983,1,-0.0601168595671949,-0.9791632301152252,-0.6780493930322936,0,0,0.4893759527060795,-0.4262300150429028,-0.6589728319256667,0.0,1.4159910129545328,-0.1645114009902331,0.1557070814399298,0.3380961637724818,0.4885077284888646,-0.063295899399149,-0.6791456840737199,1.3672489585237668,0
75,-15.055284,-1.6198626,-0.1011588531374925,2,-1.6622026297951495,1,-0.3939381836990763,0.0850492518807105,1,0.0,-1.5417666927265277,-0.6605306743650393,0,-0.5359158676902541,1.7855109940078144,-0.9614863916702532,2,1.153253590238697,1,-0.7362239293827958,1.0806047213359238,0.1228606975723441,0,0,-0.8772324258614291,-0.4262300150429028,-0.6589728319256667,0.0,-0.9320143892374164,-0.8073390444129942,0.1557070814399298,0.3380961637724818,-0.9810141559830952,-1.1676872598353414,-0.6791456840737199,-1.1559347102263289,0
76,-1.4332716,30.099525,-0.6486681098094882,2,-0.1400338602763459,1,-0.1471497200137397,1.0617867539482455,1,0.0,-1.540105065028463,0.2546249253678617,0,-0.2406767700620191,0.3796721288811475,-0.0577875452794142,4,1.153253590238697,2,-0.4417285180803373,0.8950906864071904,-0.6780493930322936,0,0,2.1293060069870897,2.346151056253851,1.1914379855160335,0.0,-0.9320143892374164,-0.0359458723056809,-0.6201892226844657,0.3380961637724818,0.651787937874638,0.7649976209279952,-0.3687152874355457,1.086895217551534,0
77,19.786236,-21.817223,-0.2106607044718917,2,-0.0656607933617463,2,-1.010909342912418,1.0617867539482455,2,0.0,-1.536781809632333,0.2546249253678617,1,-1.6676657419318217,-1.0261667362455194,-0.0577875452794142,7,-1.5679065665042955,2,-0.4655261270744754,1.2231132299857237,-1.0785044383346123,0,0,-0.3305890744344257,-0.4262300150429028,-0.6589728319256667,0.0,-0.9320143892374164,0.6068817711170802,-0.6201892226844657,0.3380961637724818,1.304908775417731,2.421584661582284,-0.0582848907973714,1.086895217551534,0
78,26.910753,27.485296,0.8843578088720997,2,-1.5109773937354638,1,-0.3939381836990763,1.0617867539482455,4,0.0,-1.535120181934268,1.1697805251007627,1,-0.6835354165043717,0.3796721288811475,0.8459113011114247,5,-1.5679065665042955,1,1.432545668859768,0.1059533332823131,0.523315742874663,0,1,-0.3305890744344257,-0.4262300150429028,-0.6589728319256667,0.0,-0.9320143892374164,0.7354472998016324,0.1557070814399298,1.754054456494842,-1.1442943653688686,-1.1676872598353414,-0.6791456840737199,-1.1559347102263289,0
79,23.23797,24.155704,0.0083429981969065,2,-1.0052405387161871,1,-0.270543951856408,1.0617867539482455,3,0.0,-1.5334585542362031,-1.5756862740979405,1,-1.7660787744745667,0.3796721288811475,0.8459113011114247,5,0.2462002046576992,2,1.5215742239360524,1.538206007493466,0.523315742874663,0,0,-0.6039107501479274,-0.4262300150429028,-1.584178240646517,0.0,-0.9320143892374164,0.6068817711170802,0.1557070814399298,1.754054456494842,-0.3278933184400019,-0.6154915796172451,-0.6791456840737199,-0.5952272282818631,0
80,-17.09484,34.284286,0.9938596602064989,2,0.3533074835904976,0,-0.5173324155417446,-0.8916882501868245,3,0.0,-1.531796926538138,-0.6605306743650393,1,0.6942470390940585,0.3796721288811475,-0.0577875452794142,1,-0.6608531809232983,0,-0.3148787629955121,-0.5464376895503993,2.1251359240839385,0,1,1.855984331273588,2.346151056253851,1.1914379855160335,0.0,0.241988311858558,0.6068817711170802,-0.6201892226844657,0.3380961637724818,-0.4911735278257753,-0.6154915796172451,-0.6791456840737199,-0.5952272282818631,0
81,-13.297302,-21.961653,-0.7581699611438873,2,0.122750976155239,1,-1.010909342912418,-1.86842575225436,1,0.0,-1.5301352988400734,1.1697805251007627,1,-0.5359158676902541,-1.0261667362455194,-0.0577875452794142,2,1.153253590238697,1,-0.2925685045635077,0.2367969442812909,-0.6780493930322936,0,1,-0.8772324258614291,-0.4262300150429028,0.2662325767951835,0.0,1.4159910129545328,-0.1645114009902331,-1.3960855268088614,-1.0778621289498782,0.4885077284888646,1.041095461037043,0.2521455058408027,-1.1559347102263289,0
82,15.30551,-5.9017205,-0.2106607044718917,2,1.0201859835914069,1,-1.010909342912418,0.0850492518807105,3,0.0,-1.5284736711420084,-0.6605306743650393,1,-1.7660787744745667,-1.0261667362455194,-0.9614863916702532,6,0.2462002046576992,2,-0.77425760804307,1.6815577617565782,-0.6780493930322936,0,0,0.7626976284195812,-0.4262300150429028,-1.584178240646517,0.0,-0.9320143892374164,-0.678773515728442,0.1557070814399298,0.3380961637724818,-0.1646131090542286,-0.063295899399149,-0.6791456840737199,-0.0345197463373974,0
83,27.237246,23.692467,1.979376322216091,2,-1.7142637766353692,2,-1.010909342912418,-0.8916882501868245,1,0.0,-1.5268120434439436,-1.5756862740979405,1,0.2021818763803334,0.3796721288811475,0.8459113011114247,7,1.153253590238697,1,0.7938348417492412,0.5310896633273271,0.1228606975723441,0,0,-0.3305890744344257,-0.4262300150429028,1.1914379855160335,0.0,0.241988311858558,1.6354060005934978,0.9316033855643254,0.3380961637724818,-0.9810141559830952,-1.1676872598353414,-0.3687152874355457,-1.1559347102263289,0
84,20.919102,13.093809,0.1178448495313057,0,-0.5689185461505365,1,-0.3939381836990763,0.0850492518807105,3,0.0,-1.5251504157458786,-0.6605306743650393,0,0.645040522822686,-2.432005601372186,-0.0577875452794142,6,1.153253590238697,0,-0.2494353382616325,0.1973049413911591,1.7246808787816197,0,1,-0.8772324258614291,-0.4262300150429028,1.1914379855160335,0.0,2.5899937140505074,0.7354472998016324,0.1557070814399298,0.3380961637724818,0.9783483566461848,1.8693889813641875,-0.3687152874355457,1.3672489585237668,0
85,-18.543274,-10.106215,-0.3201625558062908,2,0.868960747531721,1,-1.010909342912418,-0.8916882501868245,3,0.0,-1.520165532651684,-1.5756862740979405,1,1.3831382668932737,0.3796721288811475,-0.0577875452794142,4,-0.6608531809232983,1,-0.4627639046019415,0.4810570902707899,-0.6780493930322936,0,0,-0.0572673987209239,-0.4262300150429028,0.2662325767951835,0.0,-0.9320143892374164,-0.8073390444129942,-0.6201892226844657,0.3380961637724818,-0.3278933184400019,-0.6154915796172451,-0.3687152874355457,-0.3148734873096303,0
86,32.522564,16.403715,2.08887817355049,2,1.4812989984619238,1,-0.270543951856408,0.0850492518807105,1,0.0,-1.516842277255554,1.1697805251007627,1,-0.8311549653184892,-2.432005601372186,0.8459113011114247,4,1.153253590238697,2,0.1608609382355156,1.037880276928094,0.523315742874663,0,0,-1.1505541015749308,-0.4262300150429028,-1.584178240646517,0.0,-0.9320143892374164,3.3067578734926766,0.1557070814399298,-1.0778621289498782,-0.1646131090542286,-0.063295899399149,-0.6791456840737199,-0.5952272282818631,0
87,-26.84452,2.7079778,-1.5246829204846812,2,-0.6482498175261093,2,-0.8875151110697495,-1.86842575225436,5,0.0,-1.515180649557489,0.2546249253678617,1,-0.1914702537906465,0.3796721288811475,-0.9614863916702532,8,-1.5679065665042955,0,-0.8883586440238926,-0.6739083180961274,0.1228606975723441,0,0,-0.6039107501479274,-0.4262300150429028,0.2662325767951835,0.0,0.241988311858558,-1.0644701017820986,0.1557070814399298,0.3380961637724818,-1.1442943653688686,-1.1676872598353414,-0.6791456840737199,-1.1559347102263289,0
88,-11.144988,33.42261,1.5413689168784943,2,-0.9184719606491544,1,-0.0237554881710714,1.0617867539482455,1,0.0,-1.5101957664632946,1.1697805251007627,1,1.4815512994360187,0.3796721288811475,-0.9614863916702532,2,1.153253590238697,1,-0.9408408710020364,0.6200520755317879,0.1228606975723441,0,0,2.1293060069870897,2.346151056253851,-0.6589728319256667,0.0,1.4159910129545328,-0.1645114009902331,0.9316033855643254,0.3380961637724818,-0.4911735278257753,-0.6154915796172451,-0.6791456840737199,-0.3148734873096303,0
89,25.224186,0.9160243,-0.7581699611438873,2,-1.275462681839232,1,-0.8875151110697495,0.0850492518807105,1,0.0,-1.5085341387652296,0.2546249253678617,1,1.629170848250136,-1.0261667362455194,-0.0577875452794142,0,1.153253590238697,1,-0.4995227113518155,0.2131860671085431,-0.6780493930322936,0,0,1.036019304133083,-0.4262300150429028,-1.584178240646517,0.0,2.5899937140505074,-0.0359458723056809,0.1557070814399298,0.3380961637724818,0.651787937874638,1.5932911412551394,2.4251582823080224,1.086895217551534,0
90,32.362595,-21.716469,0.9938596602064989,2,-0.330924732023818,2,-0.0237554881710714,-0.8916882501868245,3,0.0,-1.5068725110671648,0.2546249253678617,1,-0.0930572212479015,-1.0261667362455194,0.8459113011114247,7,1.153253590238697,2,0.6620980776745484,-0.1007823829147829,-0.6780493930322936,0,0,0.2160542769925777,-0.4262300150429028,1.1914379855160335,0.0,-0.9320143892374164,-0.2930769296747854,0.1557070814399298,0.3380961637724818,0.3252275191030913,1.041095461037043,0.5625759024789769,0.8065414765793012,1
91,49.961357,-2.4512646,0.3368485522001039,1,-0.6755199420614625,1,-1.010909342912418,1.0617867539482455,1,0.0,-1.5052108833690998,0.2546249253678617,1,0.5958340065513135,-1.0261667362455194,1.7496101475022634,0,-0.6608531809232983,1,1.487365161006979,-0.0278416373632582,-0.6780493930322936,0,0,1.855984331273588,2.346151056253851,1.1914379855160335,0.0,0.241988311858558,1.3782749432243937,0.1557070814399298,-1.0778621289498782,2.447870241118145,-0.339393739508197,2.7355886789461965,1.9279564404682328,0
92,-5.0183854,24.425741,1.5413689168784943,2,-0.4226515145518241,2,1.456975293940948,1.0617867539482455,2,0.0,-1.503549255671035,0.2546249253678617,1,0.251388392651706,0.3796721288811475,-0.0577875452794142,7,1.153253590238697,2,-0.2256377292674944,-0.8278006425256449,-1.0785044383346123,0,1,1.855984331273588,2.346151056253851,1.1914379855160335,0.0,-0.9320143892374164,-0.0359458723056809,-0.6201892226844657,-2.4938204216722384,0.4885077284888646,0.7649976209279952,-0.3687152874355457,-1.1559347102263289,0
93,10.671823,-21.203762,-0.7581699611438873,2,1.3176782512498049,2,-0.6407266473844129,-0.8916882501868245,3,0.0,-1.50188762797297,0.2546249253678617,0,-0.142263737519274,-1.0261667362455194,-0.0577875452794142,7,-0.6608531809232983,0,-0.2749327764696376,0.7655119438281811,-0.6780493930322936,0,1,-0.8772324258614291,-0.4262300150429028,-0.6589728319256667,0.0,2.5899937140505074,-0.0359458723056809,0.9316033855643254,-1.0778621289498782,0.651787937874638,1.041095461037043,-0.0582848907973714,0.8065414765793012,0
94,27.910583,7.944619,0.9938596602064989,1,-0.4077769011689042,1,-1.010909342912418,0.0850492518807105,3,0.0,-1.4969027448787753,0.2546249253678617,1,-1.2740136117608418,-1.0261667362455194,0.8459113011114247,0,-1.5679065665042955,1,0.8860505766015262,-1.5699973231761304,-0.2775943477299747,0,1,-0.6039107501479274,-0.4262300150429028,0.2662325767951835,0.0,0.241988311858558,1.2497094145398413,1.707499689688721,-1.0778621289498782,0.4885077284888646,1.3171933011460917,2.114727885669848,0.2458339946348354,0
95,20.804321,-20.989536,-0.5391662584750891,2,0.7202146137025219,2,-0.3939381836990763,1.0617867539482455,3,0.0,-1.4952411171807105,-0.6605306743650393,1,1.038692652993666,0.3796721288811475,-0.0577875452794142,7,0.2462002046576992,2,-0.3172160281645793,1.4037083321701342,-0.6780493930322936,0,0,0.2160542769925777,-0.4262300150429028,-1.584178240646517,0.0,-0.9320143892374164,0.0926196563788712,-2.171981830933257,0.3380961637724818,0.651787937874638,1.041095461037043,0.8730062991171511,0.8065414765793012,0
96,23.252443,16.637356,1.869874470881692,2,1.0276232902828666,1,-0.8875151110697495,1.0617867539482455,5,0.0,-1.4935794894826455,-1.5756862740979405,0,-0.2898832863333916,0.3796721288811475,0.8459113011114247,5,0.2462002046576992,1,1.497139178986714,1.361546051504513,2.5255909693862573,0,0,-0.8772324258614291,-0.4262300150429028,-1.584178240646517,0.0,0.241988311858558,0.6068817711170802,1.707499689688721,-2.4938204216722384,-0.4911735278257753,-0.339393739508197,-0.6791456840737199,-0.3148734873096303,0
97,-3.105545,42.66375,-1.4151810691502822,2,1.3647811936290513,2,-0.7641208792270812,-0.8916882501868245,4,0.0,-1.4902562340865158,-1.5756862740979405,0,-1.6184592256604493,0.3796721288811475,-0.0577875452794142,7,0.2462002046576992,1,-0.3195532933336464,0.4505597072559906,-1.0785044383346123,0,0,1.5826626555600865,2.346151056253851,-1.584178240646517,0.0,0.241988311858558,-0.9359045730975464,-0.6201892226844657,-1.0778621289498782,-0.6544537372115486,-0.6154915796172451,-0.6791456840737199,-0.5952272282818631,0
98,6.9002504,-17.69317,-0.9771736638126856,0,-1.6919518565609897,2,-0.6407266473844129,0.0850492518807105,3,0.0,-1.4885946063884508,-0.6605306743650393,1,-1.1263940629467242,0.3796721288811475,-0.0577875452794142,7,0.2462002046576992,1,-0.4848616843822125,-0.7659626308827338,-0.6780493930322936,0,0,-0.0572673987209239,-0.4262300150429028,-0.6589728319256667,0.0,-0.9320143892374164,-0.8073390444129942,0.1557070814399298,1.754054456494842,-0.3278933184400019,-0.063295899399149,-0.6791456840737199,-0.0345197463373974,0
99,43.522823,10.931521,2.3078818762192883,2,-0.2986964030274915,2,0.0996387436715968,1.0617867539482455,3,0.0,-1.485271350992321,1.1697805251007627,1,-1.4216331605749593,0.3796721288811475,1.7496101475022634,7,0.2462002046576992,2,1.5657697834965945,1.418886753209758,-1.0785044383346123,0,0,-0.6039107501479274,-0.4262300150429028,0.2662325767951835,0.0,-0.9320143892374164,3.4353234021772288,-1.3960855268088614,-1.0778621289498782,4.897073381904744,1.5932911412551394,-0.3687152874355457,1.086895217551534,0
100,11.864449,5.483202,0.7748559575377005,0,-0.7771631335114152,1,1.7037637576262843,0.0850492518807105,3,0.0,-1.4836097232942562,-0.6605306743650393,1,0.0545623275662159,0.3796721288811475,-0.0577875452794142,2,-0.6608531809232983,1,-0.9478526665092378,1.507989706349771,0.523315742874663,0,0,-0.8772324258614291,-0.4262300150429028,0.2662325767951835,0.0,0.241988311858558,0.7354472998016324,0.1557070814399298,1.754054456494842,-0.6544537372115486,-0.6154915796172451,-0.3687152874355457,-0.5952272282818631,0
101,-19.893007,32.130226,0.0083429981969065,2,0.0111913757833397,0,-0.3939381836990763,1.0617867539482455,0,0.0,-1.4819480955961912,0.2546249253678617,1,-0.142263737519274,0.3796721288811475,-0.9614863916702532,1,-1.5679065665042955,0,-0.9412658283055032,1.311935101254632,0.523315742874663,0,1,1.855984331273588,2.346151056253851,1.1914379855160335,0.0,-0.9320143892374164,-0.5502079870438897,0.1557070814399298,0.3380961637724818,-0.6544537372115486,-0.6154915796172451,-0.6791456840737199,-0.5952272282818631,1
102,-20.043947,-3.7388098,-0.5391662584750891,2,0.0607734203930728,1,-1.010909342912418,-1.86842575225436,1,0.0,-1.4802864678981262,1.1697805251007627,1,0.251388392651706,0.3796721288811475,-0.9614863916702532,6,-1.5679065665042955,2,-0.7536471788249326,0.1215533771285929,-0.6780493930322936,0,0,-0.6039107501479274,-0.4262300150429028,1.1914379855160335,0.0,-0.9320143892374164,-1.3216011591512031,-0.6201892226844657,0.3380961637724818,-0.9810141559830952,-1.1676872598353414,-0.6791456840737199,-1.1559347102263289,0
103,-39.276257,0.41048867,-1.8531884744878788,1,0.1698539185344854,1,-0.3939381836990763,0.0850492518807105,1,0.0,-1.4753015848039317,1.1697805251007627,0,0.0053558112948434,-1.0261667362455194,-0.9614863916702532,2,1.153253590238697,2,-0.7600215383769339,0.7687443853458787,-0.6780493930322936,0,1,0.7626976284195812,-0.4262300150429028,-0.6589728319256667,0.0,-0.9320143892374164,-1.3216011591512031,1.707499689688721,0.3380961637724818,-0.9810141559830952,-1.1676872598353414,-0.3687152874355457,-1.1559347102263289,1
104,18.643692,-4.5519753,-0.3201625558062908,2,-0.3408411409457646,1,-0.3939381836990763,1.0617867539482455,4,0.0,-1.4736399571058667,-1.5756862740979405,0,-1.2248070954894692,0.3796721288811475,-0.0577875452794142,6,0.2462002046576992,2,-0.3599242371629877,-0.2573449851197897,-0.6780493930322936,0,0,-0.3305890744344257,-0.4262300150429028,0.2662325767951835,0.0,-0.9320143892374164,0.6068817711170802,0.1557070814399298,0.3380961637724818,1.4681889848035046,2.421584661582284,-0.0582848907973714,1.6476026994959998,0
105,-16.83846,14.528373,0.0083429981969065,0,0.5888221954867294,1,-0.8875151110697495,-0.8916882501868245,1,0.0,-1.471978329407802,0.2546249253678617,1,1.6783773645215088,-1.0261667362455194,-0.0577875452794142,0,1.153253590238697,0,-0.2847067944493728,0.2159968858195845,0.9237707881769818,0,0,-0.3305890744344257,-0.4262300150429028,1.1914379855160335,0.0,0.241988311858558,0.7354472998016324,-0.6201892226844657,1.754054456494842,-0.9810141559830952,-1.1676872598353414,-0.6791456840737199,-1.1559347102263289,0
106,21.370474,30.281483,2.417383727553688,0,1.5308810430716568,0,-0.8875151110697495,1.0617867539482455,0,0.0,-1.470316701709737,0.2546249253678617,0,-1.6676657419318217,-1.0261667362455194,2.6533089938931025,3,1.153253590238697,1,2.6222136399149374,1.069361446491758,2.5255909693862573,0,0,1.5826626555600865,2.346151056253851,1.1914379855160335,0.0,0.241988311858558,2.406799172700811,0.1557070814399298,0.3380961637724818,-0.6544537372115486,-0.6154915796172451,-0.0582848907973714,-0.5952272282818631,0
107,27.912624,21.225855,1.4318670655440953,1,0.7747548627732282,1,-1.010909342912418,0.0850492518807105,1,0.0,-1.468655074011672,-1.5756862740979405,0,0.349801425194451,0.3796721288811475,2.6533089938931025,5,-0.6608531809232983,1,2.4794279859501094,-0.6406001163702867,0.1228606975723441,0,1,1.036019304133083,-0.4262300150429028,-1.584178240646517,0.0,-0.9320143892374164,2.1496681153317065,-1.3960855268088614,-1.0778621289498782,0.161947309717318,-0.339393739508197,-0.6791456840737199,0.8065414765793012,0
108,-48.471676,-4.2651477,-1.3056792178158831,2,-1.3944595889025913,2,-0.5173324155417446,0.0850492518807105,2,0.0,-1.4669934463136072,0.2546249253678617,1,-0.9787745141326066,-1.0261667362455194,-0.0577875452794142,7,0.2462002046576992,2,-0.1612566977922816,1.7772661388675384,-0.6780493930322936,0,1,-1.1505541015749308,-0.4262300150429028,1.1914379855160335,0.0,-0.9320143892374164,-0.678773515728442,-1.3960855268088614,0.3380961637724818,-0.1646131090542286,-0.063295899399149,-0.6791456840737199,-0.3148734873096303,1
109,-24.264517,-18.700985,-1.3056792178158831,2,1.1838067308035256,1,-0.270543951856408,-1.86842575225436,3,0.0,-1.4653318186155422,1.1697805251007627,1,-0.0930572212479015,-1.0261667362455194,-0.9614863916702532,6,1.153253590238697,1,-0.7678832484910688,1.76855260086331,-0.6780493930322936,0,0,-1.1505541015749308,-0.4262300150429028,0.2662325767951835,0.0,1.4159910129545328,-1.193035630466651,-0.6201892226844657,0.3380961637724818,-0.8177339465973219,-0.6154915796172451,-0.0582848907973714,-0.8755809692540959,0
110,-17.715221,-0.9670174,-1.6341847718190805,2,-0.6656035331395159,1,0.7166099028849382,0.0850492518807105,3,0.0,-1.4636701909174774,-0.6605306743650393,0,-0.3390898026047641,0.3796721288811475,-0.9614863916702532,2,1.153253590238697,2,-0.7717078642222696,1.3311892094252658,-0.6780493930322936,0,0,-0.0572673987209239,-0.4262300150429028,0.2662325767951835,0.0,-0.9320143892374164,-1.3216011591512031,1.707499689688721,0.3380961637724818,-1.1442943653688686,-1.1676872598353414,-0.6791456840737199,-1.1559347102263289,0
111,49.040066,-4.2281637,1.5413689168784943,1,1.620128723369176,1,-1.010909342912418,1.0617867539482455,3,0.0,-1.4620085632194124,-1.5756862740979405,0,-1.7660787744745667,-1.0261667362455194,0.8459113011114247,0,-1.5679065665042955,2,0.2084561562237917,1.61381703082048,0.1228606975723441,0,0,1.3093409798465847,2.346151056253851,0.2662325767951835,0.0,-0.9320143892374164,1.5068404719089457,-1.3960855268088614,-1.0778621289498782,0.9783483566461848,2.145486821473236,3.0460190755843706,1.086895217551534,0
112,-23.498835,25.905762,-0.3201625558062908,1,-0.3581948565591712,1,-0.270543951856408,0.0850492518807105,1,0.0,-1.4586853078232829,-1.5756862740979405,1,0.0053558112948434,-2.432005601372186,-0.0577875452794142,2,0.2462002046576992,2,-0.0911387427202677,1.2049834492995064,-0.6780493930322936,0,1,2.4026276827005915,2.346151056253851,1.1914379855160335,0.0,-0.9320143892374164,-0.2930769296747854,0.1557070814399298,0.3380961637724818,0.3252275191030913,0.7649976209279952,-0.6791456840737199,0.5261877356070683,1
113,36.33404,26.040077,1.869874470881692,0,-1.6374116074902831,0,2.073946453154289,0.0850492518807105,0,0.0,-1.4570236801252177,1.1697805251007627,0,-1.7660787744745667,1.7855109940078144,1.7496101475022634,3,1.153253590238697,2,2.3000960038871403,-0.0621336256379634,-0.2775943477299747,0,1,-0.8772324258614291,-0.4262300150429028,0.2662325767951835,0.0,-0.9320143892374164,1.5068404719089457,0.1557070814399298,0.3380961637724818,-0.3278933184400019,-0.339393739508197,0.5625759024789769,-0.0345197463373974,0
114,-22.402176,-14.021945,-1.4151810691502822,2,0.804504089539068,1,1.0867925984129432,-1.86842575225436,1,0.0,-1.453700424729088,-0.6605306743650393,1,-0.6835354165043717,0.3796721288811475,-0.9614863916702532,2,0.2462002046576992,1,-0.7923182934404069,-0.1484257600669349,-1.0785044383346123,0,0,-0.8772324258614291,-0.4262300150429028,0.2662325767951835,0.0,0.241988311858558,-0.678773515728442,-0.6201892226844657,0.3380961637724818,-0.3278933184400019,-0.339393739508197,-0.3687152874355457,-0.5952272282818631,0
115,-3.1144469,-3.2510576,-0.3201625558062908,2,0.5665102754123496,1,-0.3939381836990763,1.0617867539482455,1,0.0,-1.4520387970310231,0.2546249253678617,0,-1.0279810304039791,-1.0261667362455194,-0.0577875452794142,6,-0.6608531809232983,0,-0.4245177472899339,0.0965370906003243,1.324225833479301,0,0,-0.0572673987209239,-0.4262300150429028,0.2662325767951835,0.0,0.241988311858558,0.0926196563788712,0.1557070814399298,0.3380961637724818,-0.9810141559830952,-1.1676872598353414,-0.6791456840737199,-1.1559347102263289,0
116,2.08889,-21.397947,0.0083429981969065,2,0.9582084278292404,2,-0.7641208792270812,0.0850492518807105,1,0.0,-1.450377169332958,0.2546249253678617,1,1.038692652993666,0.3796721288811475,0.8459113011114247,7,1.153253590238697,2,0.1965573517267227,0.0271098684376014,-0.2775943477299747,0,0,-0.8772324258614291,-0.4262300150429028,-1.584178240646517,0.0,-0.9320143892374164,0.0926196563788712,0.1557070814399298,0.3380961637724818,-0.3278933184400019,-0.339393739508197,-0.3687152874355457,-0.3148734873096303,0
117,16.431131,-2.6342964,-0.3201625558062908,2,1.367260295859538,1,-0.5173324155417446,0.0850492518807105,3,0.0,-1.4487155416348934,0.2546249253678617,0,-1.0279810304039791,-1.0261667362455194,0.8459113011114247,3,-1.5679065665042955,2,1.0896051249621,-1.2224395895558595,-0.2775943477299747,0,0,-0.8772324258614291,-0.4262300150429028,1.1914379855160335,0.0,-0.9320143892374164,0.3497507137479757,2.4833959938131165,0.3380961637724818,0.651787937874638,1.5932911412551394,0.8730062991171511,1.086895217551534,0
118,10.611537,-12.323612,-0.1011588531374925,1,1.6473988479045294,2,0.2230329755142651,-0.8916882501868245,5,0.0,-1.4470539139368284,-0.6605306743650393,0,1.2847252343505289,0.3796721288811475,0.8459113011114247,7,1.153253590238697,1,0.6873830372308202,1.214118610110391,-1.0785044383346123,0,0,-0.3305890744344257,-0.4262300150429028,0.2662325767951835,0.0,0.241988311858558,-0.1645114009902331,2.4833959938131165,0.3380961637724818,0.3252275191030913,0.7649976209279952,-0.0582848907973714,1.086895217551534,0
119,-13.165431,36.03058,-0.1011588531374925,2,0.2962881322893046,1,-0.7641208792270812,-0.8916882501868245,1,0.0,-1.4453922862387634,-1.5756862740979405,0,-1.3232201280322142,0.3796721288811475,-0.9614863916702532,2,1.153253590238697,0,-0.779357095684671,-1.6516516067318836,0.9237707881769818,0,0,1.855984331273588,2.346151056253851,-1.584178240646517,0.0,0.241988311858558,-0.5502079870438897,-0.6201892226844657,0.3380961637724818,-0.9810141559830952,-1.1676872598353414,-0.6791456840737199,-1.1559347102263289,0
120,36.91215,-1.856779,0.6653541062033014,1,-1.012677845407647,2,2.073946453154289,-0.8916882501868245,1,0.0,-1.4404074031445688,0.2546249253678617,1,1.2847252343505289,0.3796721288811475,1.7496101475022634,3,1.153253590238697,1,2.2216913813975245,0.7281280549713303,-0.6780493930322936,0,1,-0.8772324258614291,-0.4262300150429028,1.1914379855160335,0.0,1.4159910129545328,1.76397152927805,0.1557070814399298,1.754054456494842,2.9377108692754645,2.145486821473236,0.5625759024789769,2.2083101814404653,0
121,-8.150692,41.584496,-0.7581699611438873,1,1.2631380021790986,1,1.7037637576262843,0.0850492518807105,1,0.0,-1.4387457754465038,-1.5756862740979405,1,1.4815512994360187,-2.432005601372186,-0.9614863916702532,6,0.2462002046576992,0,-0.8265273563694804,1.1238913294859614,-0.6780493930322936,0,0,2.675949358414093,2.346151056253851,0.2662325767951835,0.0,2.5899937140505074,-0.1645114009902331,-0.6201892226844657,-1.0778621289498782,0.4885077284888646,0.7649976209279952,-0.6791456840737199,1.3672489585237668,0
122,5.5976586,-18.472456,-0.42966440714069,0,-0.1301174513543993,2,1.5803695257836163,-0.8916882501868245,2,0.0,-1.437084147748439,0.2546249253678617,1,1.432344783164646,0.3796721288811475,-0.0577875452794142,7,-0.6608531809232983,1,-0.0758402797954647,0.1639967396653183,-1.0785044383346123,0,0,-0.6039107501479274,-0.4262300150429028,-1.584178240646517,0.0,0.241988311858558,-0.4216424583593375,-0.6201892226844657,1.754054456494842,-0.0013328996684553,0.7649976209279952,-0.6791456840737199,0.8065414765793012,0
123,-38.244354,14.513342,2.08887817355049,2,-0.8961600405747744,1,0.59321567104227,1.0617867539482455,1,0.0,-1.435422520050374,-0.6605306743650393,0,0.3005949089230785,0.3796721288811475,-0.9614863916702532,6,-0.6608531809232983,1,-0.3272025247960479,-1.3777373233408976,2.5255909693862573,0,1,0.7626976284195812,-0.4262300150429028,-1.584178240646517,0.0,2.5899937140505074,-0.5502079870438897,-0.6201892226844657,0.3380961637724818,-0.3278933184400019,-0.063295899399149,0.5625759024789769,-0.3148734873096303,1
124,43.809772,5.522255,1.5413689168784943,2,-0.2937381985665183,1,-0.3939381836990763,0.0850492518807105,1,0.0,-1.433760892352309,-1.5756862740979405,1,-0.7327419327757442,0.3796721288811475,2.6533089938931025,5,0.2462002046576992,2,2.769461345566167,-1.1034014171432556,1.7246808787816197,0,0,-0.6039107501479274,-0.4262300150429028,0.2662325767951835,0.0,-0.9320143892374164,1.5068404719089457,1.707499689688721,0.3380961637724818,2.1213098223465976,3.802073862127524,3.977310265498893,3.049371404357164,0
125,-48.269455,-6.121547,-0.6486681098094882,2,-1.3721476688282117,2,-0.3939381836990763,1.0617867539482455,1,0.0,-1.4320992646542443,-0.6605306743650393,1,0.4974209740085685,-2.432005601372186,-0.0577875452794142,7,0.2462002046576992,1,-0.0703158348503969,0.9031015197336584,0.523315742874663,0,1,0.7626976284195812,-0.4262300150429028,-0.6589728319256667,0.0,-0.9320143892374164,0.0926196563788712,0.1557070814399298,-1.0778621289498782,-0.0013328996684553,0.7649976209279952,1.4938670923934996,0.8065414765793012,1
126,-20.211954,3.7390804,-1.196177366481484,2,0.0954808516198859,1,-0.3939381836990763,0.0850492518807105,4,0.0,-1.430437636956179,0.2546249253678617,0,-0.9787745141326066,-1.0261667362455194,-0.9614863916702532,6,-0.6608531809232983,1,-0.8785846260441574,1.2630268556825115,-0.6780493930322936,0,0,1.036019304133083,-0.4262300150429028,0.2662325767951835,0.0,-0.9320143892374164,-0.8073390444129942,0.1557070814399298,-1.0778621289498782,-0.3278933184400019,-0.063295899399149,0.5625759024789769,-0.3148734873096303,0
127,45.966396,7.3754344,2.3078818762192883,2,-1.6250160963378495,1,1.7037637576262843,1.0617867539482455,3,0.0,-1.4287760092581143,1.1697805251007627,0,1.3831382668932737,0.3796721288811475,0.8459113011114247,0,1.153253590238697,1,0.8093457833257777,-1.5246026009928115,-0.6780493930322936,0,0,-0.8772324258614291,-0.4262300150429028,1.1914379855160335,0.0,0.241988311858558,3.692454459546333,0.1557070814399298,-1.0778621289498782,5.386914010062064,1.5932911412551394,3.977310265498893,0.5261877356070683,1
128,-42.225372,-1.3885416,-1.9626903258222776,2,-0.6804781465224358,2,1.5803695257836163,-1.86842575225436,2,0.0,-1.4254527538619848,1.1697805251007627,1,-0.7819484490471167,0.3796721288811475,-0.9614863916702532,8,0.2462002046576992,2,-1.0258323316953866,1.7577309488258006,-0.6780493930322936,0,1,1.036019304133083,-0.4262300150429028,1.1914379855160335,0.0,-0.9320143892374164,-1.4501666878357553,-0.6201892226844657,-1.0778621289498782,-1.1442943653688686,-1.1676872598353414,-0.6791456840737199,-1.1559347102263289,1
129,-24.483393,-4.0608253,-1.6341847718190805,2,-0.5168573993103168,1,-0.8875151110697495,-1.86842575225436,5,0.0,-1.4221294984658548,0.2546249253678617,1,1.6783773645215088,0.3796721288811475,-0.9614863916702532,2,1.153253590238697,1,-0.8456504350254842,0.7007225725386765,-1.0785044383346123,0,0,-0.3305890744344257,-0.4262300150429028,0.2662325767951835,0.0,0.241988311858558,-1.0644701017820986,-0.6201892226844657,0.3380961637724818,-0.8177339465973219,-0.8915894197262932,-0.0582848907973714,-0.8755809692540959,0
130,24.352343,6.225841,1.3223652142096962,2,-0.8242660758906616,1,1.3335810620982798,1.0617867539482455,3,0.0,-1.42046787076779,0.2546249253678617,0,1.4815512994360187,0.3796721288811475,-0.0577875452794142,4,-1.5679065665042955,1,0.0136132325842863,-1.2317152913022962,-0.6780493930322936,0,0,-0.3305890744344257,-0.4262300150429028,0.2662325767951835,0.0,-0.9320143892374164,0.6068817711170802,-0.6201892226844657,-1.0778621289498782,1.304908775417731,1.8693889813641875,0.8730062991171511,1.9279564404682328,0
131,-5.671763,-11.938599,0.6653541062033014,1,0.3830567103563374,1,2.320734916839626,0.0850492518807105,3,0.0,-1.418806243069725,-0.6605306743650393,0,0.3005949089230785,1.7855109940078144,-0.9614863916702532,6,0.2462002046576992,2,-0.374797742784324,0.2497267103520815,0.523315742874663,0,0,-0.8772324258614291,-0.4262300150429028,1.1914379855160335,0.0,-0.9320143892374164,0.8640128284861845,-0.6201892226844657,0.3380961637724818,-0.6544537372115486,-0.6154915796172451,-0.3687152874355457,-0.5952272282818631,0
132,-3.3785584,-18.251842,1.4318670655440953,1,0.016149580244313,2,0.3464272073569334,0.0850492518807105,2,0.0,-1.4138213599755305,0.2546249253678617,0,0.5466274902799411,0.3796721288811475,0.8459113011114247,7,1.153253590238697,2,0.5747693518121311,-1.0776824259372266,0.523315742874663,0,0,-1.1505541015749308,-0.4262300150429028,1.1914379855160335,0.0,-0.9320143892374164,0.6068817711170802,0.1557070814399298,0.3380961637724818,-0.8177339465973219,-0.6154915796172451,-0.0582848907973714,-0.8755809692540959,0
133,-42.8824,7.4515452,-0.6486681098094882,2,-0.6457707152956227,2,1.3335810620982798,0.0850492518807105,1,0.0,-1.4121597322774655,-0.6605306743650393,0,0.251388392651706,-2.432005601372186,-0.0577875452794142,7,0.2462002046576992,1,-0.4130439000963316,1.4721517677839928,0.1228606975723441,0,1,-1.1505541015749308,-0.4262300150429028,0.2662325767951835,0.0,0.241988311858558,-0.9359045730975464,-0.6201892226844657,0.3380961637724818,-0.8177339465973219,-0.6154915796172451,-0.0582848907973714,-0.5952272282818631,1
134,13.560817,-27.822649,0.4463504035345031,2,-0.0012041353690934,2,-0.0237554881710714,-1.86842575225436,1,0.0,-1.4104981045794005,0.2546249253678617,1,1.4815512994360187,0.3796721288811475,0.8459113011114247,7,0.2462002046576992,0,0.3582536056958214,0.9673287272809546,0.1228606975723441,0,1,-0.6039107501479274,-0.4262300150429028,0.2662325767951835,0.0,0.241988311858558,0.0926196563788712,-0.6201892226844657,0.3380961637724818,0.3252275191030913,0.7649976209279952,-0.6791456840737199,0.8065414765793012,0
135,-1.0148659,32.942356,-1.196177366481484,2,1.3697393980900243,0,1.950552221311621,-1.86842575225436,1,0.0,-1.4088364768813355,0.2546249253678617,0,-0.2406767700620191,0.3796721288811475,-0.9614863916702532,1,0.2462002046576992,1,-0.7566218799491998,-0.758513961298474,-0.6780493930322936,0,0,2.1293060069870897,2.346151056253851,1.1914379855160335,0.0,0.241988311858558,-0.4216424583593375,0.1557070814399298,0.3380961637724818,0.161947309717318,0.7649976209279952,0.8730062991171511,0.8065414765793012,0
136,-16.20372,33.51676,-0.1011588531374925,2,-1.4539580424342708,1,-0.3939381836990763,-0.8916882501868245,3,0.0,-1.4071748491832707,-0.6605306743650393,1,0.8910731041795485,0.3796721288811475,-0.0577875452794142,4,-0.6608531809232983,0,-0.3318770551341822,-1.6153920453594492,1.324225833479301,0,0,1.3093409798465847,2.346151056253851,1.1914379855160335,0.0,1.4159910129545328,-0.5502079870438897,-2.171981830933257,0.3380961637724818,-0.6544537372115486,-0.6154915796172451,-0.6791456840737199,-0.8755809692540959,0
137,-9.742298,1.338092,1.5413689168784943,1,0.861523440840261,1,-0.1471497200137397,1.0617867539482455,1,0.0,-1.405513221485206,-1.5756862740979405,1,-0.6343289002329991,-2.432005601372186,0.8459113011114247,4,1.153253590238697,2,0.8811635676116586,1.5230275864538425,-0.2775943477299747,0,0,-0.0572673987209239,-0.4262300150429028,1.1914379855160335,0.0,-0.9320143892374164,0.8640128284861845,-0.6201892226844657,0.3380961637724818,-0.4911735278257753,-0.6154915796172451,-0.6791456840737199,-0.3148734873096303,1
138,26.36896,-16.332684,0.2273467008657048,2,1.3052827400973714,2,-0.6407266473844129,1.0617867539482455,1,0.0,-1.4005283383910112,1.1697805251007627,0,-0.929567997861234,-1.0261667362455194,-0.0577875452794142,7,0.2462002046576992,1,-0.1276850708184083,0.0389153070239753,0.523315742874663,0,0,-0.3305890744344257,-0.4262300150429028,0.2662325767951835,0.0,0.241988311858558,0.7354472998016324,-1.3960855268088614,1.754054456494842,1.304908775417731,1.8693889813641875,0.8730062991171511,1.3672489585237668,0
139,1.1813833,-26.859947,-1.3056792178158831,2,0.3880149148173107,2,2.320734916839626,0.0850492518807105,1,0.0,-1.3988667106929462,-1.5756862740979405,1,-1.2248070954894692,-1.0261667362455194,-0.0577875452794142,7,0.2462002046576992,1,0.4538689989758404,1.47875719175494,-0.2775943477299747,0,0,0.7626976284195812,-0.4262300150429028,1.1914379855160335,0.0,-0.9320143892374164,-0.678773515728442,0.1557070814399298,0.3380961637724818,-0.8177339465973219,-0.6154915796172451,-0.0582848907973714,-0.5952272282818631,0
140,13.81066,20.557035,-0.7581699611438873,2,1.0846426415840595,0,-0.0237554881710714,0.0850492518807105,0,0.0,-1.3972050829948814,0.2546249253678617,1,-0.8803614815898617,0.3796721288811475,-0.0577875452794142,1,1.153253590238697,1,-0.0331320707970562,-0.0465335817916836,-1.0785044383346123,0,1,1.036019304133083,-0.4262300150429028,1.1914379855160335,0.0,-0.9320143892374164,0.0926196563788712,-0.6201892226844657,-2.4938204216722384,0.651787937874638,1.3171933011460917,0.5625759024789769,0.8065414765793012,0
141,-27.218681,27.81868,-0.5391662584750891,2,0.5714684798733228,1,-0.0237554881710714,0.0850492518807105,3,0.0,-1.387235316806492,-1.5756862740979405,0,-1.2248070954894692,0.3796721288811475,-0.9614863916702532,2,-1.5679065665042955,2,-0.4893237360686134,-0.5746864175963655,1.7246808787816197,0,0,1.855984331273588,2.346151056253851,-1.584178240646517,0.0,-0.9320143892374164,-0.1645114009902331,-0.6201892226844657,1.754054456494842,-0.3278933184400019,-0.063295899399149,-0.6791456840737199,-0.0345197463373974,1
142,-5.6339264,-12.791469,0.8843578088720997,2,1.2730544111010451,1,2.4441291486822943,0.0850492518807105,3,0.0,-1.3839120614103622,0.2546249253678617,1,0.841866587908176,0.3796721288811475,-0.9614863916702532,6,1.153253590238697,2,-0.6482577675651784,-0.6410217391769428,0.9237707881769818,0,0,-0.6039107501479274,-0.4262300150429028,-0.6589728319256667,0.0,-0.9320143892374164,-0.2930769296747854,-0.6201892226844657,-1.0778621289498782,-0.1646131090542286,0.212801940709899,-0.6791456840737199,-0.3148734873096303,0
143,-5.4691978,31.862135,0.1178448495313057,2,-1.0870509123222465,1,-0.7641208792270812,2.038524256015781,5,0.0,-1.3822504337122974,1.1697805251007627,0,-1.6676657419318217,0.3796721288811475,-0.0577875452794142,6,0.2462002046576992,2,-0.4644637338158085,-1.68805170903987,0.1228606975723441,0,1,1.3093409798465847,2.346151056253851,-0.6589728319256667,0.0,-0.9320143892374164,0.9925783571707368,-0.6201892226844657,0.3380961637724818,-0.6544537372115486,-0.6154915796172451,-0.0582848907973714,-0.5952272282818631,0
144,-17.000664,-1.2370722,-0.7581699611438873,2,-0.9035973472662344,1,1.0867925984129432,0.0850492518807105,1,0.0,-1.3805888060142324,-1.5756862740979405,0,0.448214457737196,0.3796721288811475,-0.9614863916702532,6,0.2462002046576992,2,-0.8224902619865463,1.3487568263692746,-0.6780493930322936,0,0,-0.3305890744344257,-0.4262300150429028,0.2662325767951835,0.0,-0.9320143892374164,-0.8073390444129942,0.9316033855643254,-1.0778621289498782,-0.3278933184400019,-0.063295899399149,-0.6791456840737199,-0.0345197463373974,0
145,10.981896,-24.734312,-0.5391662584750891,1,-0.281342687414085,2,-0.0237554881710714,-0.8916882501868245,3,0.0,-1.3789271783161676,1.1697805251007627,1,-1.5200461931177045,-2.432005601372186,-0.0577875452794142,7,1.153253590238697,0,-0.3898837270573937,1.194442879133101,-1.0785044383346123,0,0,0.4893759527060795,-0.4262300150429028,1.1914379855160335,0.0,2.5899937140505074,-0.2930769296747854,-0.6201892226844657,1.754054456494842,0.161947309717318,0.7649976209279952,-0.6791456840737199,0.8065414765793012,0
146,3.475096,-6.340808,-0.7581699611438873,2,-1.491144575891571,1,-0.5173324155417446,0.0850492518807105,5,0.0,-1.3756039229200376,1.1697805251007627,0,0.8910731041795485,0.3796721288811475,-0.9614863916702532,6,-1.5679065665042955,0,-0.7009524731950555,-0.54784309890592,0.9237707881769818,0,0,-0.3305890744344257,-0.4262300150429028,1.1914379855160335,0.0,0.241988311858558,-0.4216424583593375,0.1557070814399298,0.3380961637724818,-0.6544537372115486,-0.6154915796172451,-0.0582848907973714,-0.5952272282818631,0
147,-25.511509,-13.996279,-0.7581699611438873,2,1.548234758685063,1,-0.8875151110697495,-1.86842575225436,3,0.0,-1.3739422952219729,-0.6605306743650393,1,-1.5200461931177045,-1.0261667362455194,-0.9614863916702532,2,1.153253590238697,2,-0.8037921406340092,-0.4428590200485231,-1.0785044383346123,0,0,-0.6039107501479274,-0.4262300150429028,1.1914379855160335,0.0,-0.9320143892374164,-0.678773515728442,0.1557070814399298,0.3380961637724818,-0.3278933184400019,-0.339393739508197,-0.3687152874355457,-0.5952272282818631,0
148,30.344046,9.754961,0.4463504035345031,1,0.1351464873076723,1,0.0996387436715968,0.0850492518807105,1,0.0,-1.372280667523908,1.1697805251007627,1,1.235518718079156,-1.0261667362455194,1.7496101475022634,3,-1.5679065665042955,0,2.268861642082334,-0.200285365285649,0.523315742874663,0,0,-0.6039107501479274,-0.4262300150429028,-0.6589728319256667,0.0,0.241988311858558,1.2497094145398413,-0.6201892226844657,-1.0778621289498782,-0.0013328996684553,0.4888997808189471,1.4938670923934996,0.8065414765793012,0
149,-12.95178,32.629856,0.4463504035345031,2,0.3235582568246578,1,-0.0237554881710714,1.0617867539482455,1,0.0,-1.370619039825843,0.2546249253678617,1,1.3831382668932737,0.3796721288811475,-0.9614863916702532,2,-1.5679065665042955,1,-0.9062068507694964,-1.0332714903027722,-0.2775943477299747,0,0,1.5826626555600865,2.346151056253851,1.1914379855160335,0.0,0.241988311858558,-0.5502079870438897,-0.6201892226844657,0.3380961637724818,-0.3278933184400019,-1.1676872598353414,-0.3687152874355457,-0.0345197463373974,0
150,-18.804304,-2.6290166,-1.9626903258222776,2,0.9383756099853472,1,-0.7641208792270812,-1.86842575225436,3,0.0,-1.368957412127778,-0.6605306743650393,0,0.645040522822686,0.3796721288811475,-0.9614863916702532,2,-0.6608531809232983,2,-1.0666282328281946,0.2514132015787063,-0.6780493930322936,0,0,-0.3305890744344257,-0.4262300150429028,1.1914379855160335,0.0,-0.9320143892374164,-1.3216011591512031,0.1557070814399298,0.3380961637724818,-0.9810141559830952,-1.1676872598353414,-0.6791456840737199,-1.1559347102263289,0
151,22.923622,1.5237687,0.3368485522001039,1,1.4689034873094906,1,2.073946453154289,0.0850492518807105,3,0.0,-1.3672957844297131,-0.6605306743650393,0,-0.5851223839616266,0.3796721288811475,-0.0577875452794142,6,-0.6608531809232983,0,-0.1907912303832208,-0.8164168267459271,-0.6780493930322936,0,0,-1.1505541015749308,-0.4262300150429028,-1.584178240646517,0.0,0.241988311858558,1.121143885855289,-0.6201892226844657,0.3380961637724818,2.1213098223465976,0.7649976209279952,-0.0582848907973714,2.488663922412698,0
152,17.118944,-14.994607,-0.2106607044718917,2,-0.3482784476372246,2,-1.010909342912418,2.038524256015781,2,0.0,-1.3639725290335831,0.2546249253678617,1,1.3831382668932737,0.3796721288811475,0.8459113011114247,7,-0.6608531809232983,1,0.1682976910461837,-0.4039291809005995,-0.6780493930322936,0,0,-0.6039107501479274,-0.4262300150429028,-1.584178240646517,0.0,1.4159910129545328,-0.1645114009902331,0.1557070814399298,0.3380961637724818,0.4885077284888646,1.041095461037043,-0.6791456840737199,0.5261877356070683,0
153,-4.666214,23.917347,1.7603726195472926,2,1.570546678759443,2,-0.3939381836990763,-0.8916882501868245,2,0.0,-1.3623109013355186,-0.6605306743650393,1,-1.569252709389077,0.3796721288811475,-0.0577875452794142,8,0.2462002046576992,1,-0.8917583024516267,0.2436834501233424,-0.2775943477299747,0,1,1.3093409798465847,2.346151056253851,1.1914379855160335,0.0,0.241988311858558,0.2211851850634235,0.1557070814399298,-2.4938204216722384,-0.0013328996684553,0.7649976209279952,0.5625759024789769,0.2458339946348354,0
154,16.297049,17.93657,0.8843578088720997,2,-1.5084982915049772,1,-0.0237554881710714,0.0850492518807105,1,0.0,-1.3606492736374536,-0.6605306743650393,1,-0.2898832863333916,0.3796721288811475,-0.0577875452794142,2,-0.6608531809232983,0,-0.8828341990788249,-0.4795402042276135,2.1251359240839385,0,0,0.7626976284195812,-0.4262300150429028,0.2662325767951835,0.0,0.241988311858558,1.121143885855289,-0.6201892226844657,-2.4938204216722384,1.6314691941892778,1.3171933011460917,-0.6791456840737199,3.049371404357164,0
155,24.508377,-18.873924,-0.5391662584750891,1,0.4078477326612039,2,-0.1471497200137397,0.0850492518807105,2,0.0,-1.3589876459393888,-0.6605306743650393,0,-1.1263940629467242,0.3796721288811475,0.8459113011114247,7,1.153253590238697,2,0.5301488349481223,0.179315701640494,-0.6780493930322936,0,0,-0.3305890744344257,-0.4262300150429028,1.1914379855160335,0.0,-0.9320143892374164,-0.2930769296747854,-0.6201892226844657,0.3380961637724818,0.3252275191030913,1.041095461037043,0.2521455058408027,0.8065414765793012,0
156,7.499092,-3.883714,-0.8676718124782865,0,1.7192928125886422,1,-1.010909342912418,-1.86842575225436,5,0.0,-1.3573260182413238,1.1697805251007627,1,-1.2248070954894692,0.3796721288811475,-0.0577875452794142,4,0.2462002046576992,1,-0.4640387765123417,1.6822604664343386,-0.6780493930322936,0,0,-0.6039107501479274,-0.4262300150429028,-1.584178240646517,0.0,0.241988311858558,-0.1645114009902331,-1.3960855268088614,0.3380961637724818,0.4885077284888646,0.7649976209279952,-0.6791456840737199,1.3672489585237668,0
157,-8.823425,0.9422975,1.5413689168784943,2,0.9086263832195074,1,-0.270543951856408,1.0617867539482455,3,0.0,-1.352341135147129,-0.6605306743650393,1,-1.569252709389077,-1.0261667362455194,-0.0577875452794142,4,0.2462002046576992,1,-0.0788149809197319,-0.0463930408561315,-0.2775943477299747,0,0,0.4893759527060795,-0.4262300150429028,0.2662325767951835,0.0,-0.9320143892374164,-0.1645114009902331,-0.6201892226844657,0.3380961637724818,-0.9810141559830952,-1.1676872598353414,-0.6791456840737199,-1.1559347102263289,0
158,-7.5350947,35.523933,2.3078818762192883,2,0.8491279296878278,1,-0.0237554881710714,0.0850492518807105,3,0.0,-1.3473562520529343,-0.6605306743650393,0,0.448214457737196,-1.0261667362455194,-0.9614863916702532,6,-0.6608531809232983,1,-0.6707805046489161,-0.3429344148710008,0.523315742874663,0,1,1.3093409798465847,2.346151056253851,-0.6589728319256667,0.0,0.241988311858558,-0.2930769296747854,0.1557070814399298,-1.0778621289498782,-0.9810141559830952,-1.1676872598353414,-0.6791456840737199,-1.1559347102263289,0
159,29.104284,-10.68611,0.3368485522001039,2,-0.4276097190127974,2,-0.6407266473844129,1.0617867539482455,2,0.0,-1.3456946243548695,0.2546249253678617,1,0.0545623275662159,-1.0261667362455194,0.8459113011114247,7,1.153253590238697,1,0.9247216912170004,-0.8096708618394277,1.7246808787816197,0,0,-1.1505541015749308,-0.4262300150429028,-1.584178240646517,0.0,0.241988311858558,0.4783162424325279,-0.6201892226844657,-1.0778621289498782,0.8150681472604113,1.8693889813641875,-0.0582848907973714,1.9279564404682328,0
160,-0.8527277,-12.23362,-0.3201625558062908,1,-1.2382761483819322,2,-0.8875151110697495,1.0617867539482455,2,0.0,-1.3440329966568048,0.2546249253678617,0,0.448214457737196,0.3796721288811475,-0.9614863916702532,8,0.2462002046576992,1,-0.9076942013316298,-0.4214967978446083,1.324225833479301,0,0,0.7626976284195812,-0.4262300150429028,1.1914379855160335,0.0,0.241988311858558,-0.678773515728442,0.1557070814399298,0.3380961637724818,-0.4911735278257753,-0.339393739508197,-0.3687152874355457,-0.5952272282818631,0
161,-15.040531,27.36739,-1.6341847718190805,2,1.124308277271846,1,1.2101868302556114,-1.86842575225436,3,0.0,-1.3423713689587398,0.2546249253678617,1,0.6942470390940585,0.3796721288811475,-0.9614863916702532,6,1.153253590238697,1,-0.8881461653721593,-0.3262100435403044,-0.6780493930322936,0,0,2.4026276827005915,2.346151056253851,-1.584178240646517,0.0,1.4159910129545328,-1.193035630466651,2.4833959938131165,0.3380961637724818,-0.8177339465973219,-0.6154915796172451,-0.0582848907973714,-0.5952272282818631,0
162,-18.376083,8.600801,-1.0866755151470848,0,-0.2763844829531117,1,-0.0237554881710714,0.0850492518807105,3,0.0,-1.3407097412606748,1.1697805251007627,1,-0.4375028351475091,0.3796721288811475,-0.9614863916702532,6,-0.6608531809232983,0,-0.9516772822404386,-1.1725475574348745,1.324225833479301,0,0,0.7626976284195812,-0.4262300150429028,1.1914379855160335,0.0,0.241988311858558,-0.678773515728442,-1.3960855268088614,-2.4938204216722384,-0.8177339465973219,-0.6154915796172451,-0.0582848907973714,-0.5952272282818631,0
163,-23.60643,-11.69833,-0.9771736638126856,2,-0.8986391428052611,1,1.456975293940948,0.0850492518807105,3,0.0,-1.3357248581664802,0.2546249253678617,1,-1.1756005792180968,0.3796721288811475,-0.9614863916702532,6,1.153253590238697,1,-0.8052794911961428,-1.0738878206773208,-0.6780493930322936,0,0,-1.1505541015749308,-0.4262300150429028,0.2662325767951835,0.0,0.241988311858558,-0.8073390444129942,-0.6201892226844657,-2.4938204216722384,-0.3278933184400019,-0.6154915796172451,-0.6791456840737199,-0.5952272282818631,0
164,12.744115,17.465208,2.198380024884889,2,-1.161423979236846,1,1.827157989468953,-0.8916882501868245,1,0.0,-1.3324016027703505,0.2546249253678617,1,0.841866587908176,1.7855109940078144,0.8459113011114247,0,1.153253590238697,0,0.6238519203625409,1.2773620311088227,0.1228606975723441,0,1,0.2160542769925777,-0.4262300150429028,-0.6589728319256667,0.0,0.241988311858558,0.0926196563788712,-0.6201892226844657,-2.4938204216722384,-0.3278933184400019,-0.339393739508197,-0.3687152874355457,-0.0345197463373974,0
165,-18.162212,-25.103296,-1.0866755151470848,0,1.6052541099862565,1,-0.7641208792270812,0.0850492518807105,3,0.0,-1.3307399750722857,0.2546249253678617,1,0.645040522822686,-1.0261667362455194,-0.9614863916702532,6,0.2462002046576992,0,-0.836513853000949,1.5477627911110068,-0.6780493930322936,0,1,-0.0572673987209239,-0.4262300150429028,1.1914379855160335,0.0,0.241988311858558,-1.3216011591512031,-0.6201892226844657,-1.0778621289498782,-0.9810141559830952,-0.8915894197262932,-0.6791456840737199,-0.8755809692540959,0
166,34.780704,19.170256,1.4318670655440953,2,1.6102123144472296,1,0.2230329755142651,0.0850492518807105,1,0.0,-1.3274167196761557,0.2546249253678617,0,-0.6343289002329991,0.3796721288811475,2.6533089938931025,3,-0.6608531809232983,2,2.8521155410904497,0.3850676312887256,0.1228606975723441,0,0,-0.0572673987209239,-0.4262300150429028,-0.6589728319256667,0.0,-0.9320143892374164,1.2497094145398413,1.707499689688721,0.3380961637724818,-0.3278933184400019,-0.063295899399149,0.5625759024789769,-0.0345197463373974,0
167,17.889652,-10.319088,0.4463504035345031,2,-0.8366615870430948,1,0.59321567104227,0.0850492518807105,1,0.0,-1.3257550919780907,-1.5756862740979405,1,-0.4867093514188816,0.3796721288811475,-0.9614863916702532,6,0.2462002046576992,0,-0.8609488979502873,-1.3638237707212426,0.523315742874663,0,0,-0.8772324258614291,-0.4262300150429028,-1.584178240646517,0.0,0.241988311858558,0.2211851850634235,-0.6201892226844657,0.3380961637724818,0.3252275191030913,1.041095461037043,-0.3687152874355457,1.086895217551534,0
168,24.666689,-17.584696,-0.7581699611438873,2,1.330073762402238,2,-0.5173324155417446,0.0850492518807105,1,0.0,-1.324093464280026,-0.6605306743650393,0,-1.2248070954894692,0.3796721288811475,0.8459113011114247,7,1.153253590238697,1,0.6196023473278733,-0.8798007886799111,-0.2775943477299747,0,0,-0.8772324258614291,-0.4262300150429028,0.2662325767951835,0.0,0.241988311858558,0.0926196563788712,-0.6201892226844657,0.3380961637724818,0.4885077284888646,1.3171933011460917,1.4938670923934996,-0.0345197463373974,0
169,-2.6362674,29.54581,0.1178448495313057,2,-0.2491143584177585,2,-1.010909342912418,1.0617867539482455,1,0.0,-1.3207702088838962,-1.5756862740979405,0,-0.3390898026047641,-1.0261667362455194,-0.0577875452794142,7,1.153253590238697,2,0.4638554956073091,-0.194382645992462,0.523315742874663,0,0,1.855984331273588,2.346151056253851,0.2662325767951835,0.0,-0.9320143892374164,0.0926196563788712,-0.6201892226844657,1.754054456494842,0.161947309717318,-0.339393739508197,-0.6791456840737199,0.8065414765793012,0
170,-4.142233,28.795511,-0.5391662584750891,2,-1.6919518565609897,1,-0.3939381836990763,2.038524256015781,1,0.0,-1.3191085811858312,0.2546249253678617,1,-1.1263940629467242,0.3796721288811475,-0.9614863916702532,6,0.2462002046576992,2,-0.7362239293827958,-0.2646531137684974,0.1228606975723441,0,0,1.3093409798465847,2.346151056253851,-1.584178240646517,0.0,-0.9320143892374164,-0.4216424583593375,-0.6201892226844657,0.3380961637724818,-0.3278933184400019,-0.063295899399149,-0.3687152874355457,-0.0345197463373974,0
171,-18.462635,-20.47517,-1.0866755151470848,2,0.8788771564536676,1,0.9633983665702748,0.0850492518807105,5,0.0,-1.3157853257897014,0.2546249253678617,1,-0.7327419327757442,0.3796721288811475,-0.9614863916702532,6,-0.6608531809232983,1,-0.7319743563481284,-0.1333878799628633,-1.0785044383346123,0,1,0.2160542769925777,-0.4262300150429028,1.1914379855160335,0.0,0.241988311858558,-0.678773515728442,0.1557070814399298,-1.0778621289498782,-0.3278933184400019,-0.6154915796172451,-0.3687152874355457,-0.8755809692540959,0
172,-25.157185,21.137478,-1.9626903258222776,1,-0.4970245814664236,2,-1.010909342912418,-1.86842575225436,5,0.0,-1.3124620703935717,0.2546249253678617,0,1.6783773645215088,-2.432005601372186,-0.9614863916702532,8,-1.5679065665042955,2,-0.8877212080686926,0.938236753621676,-1.0785044383346123,0,0,1.5826626555600865,2.346151056253851,-1.584178240646517,0.0,-0.9320143892374164,-1.3216011591512031,1.707499689688721,1.754054456494842,-1.1442943653688686,-1.1676872598353414,-0.6791456840737199,-1.1559347102263289,1
173,8.176315,-2.2989044,-0.1011588531374925,1,1.6796271769008555,1,-0.7641208792270812,-0.8916882501868245,3,0.0,-1.307477187299377,1.1697805251007627,1,-1.7660787744745667,0.3796721288811475,-0.9614863916702532,2,-0.6608531809232983,2,-0.9380786485295024,0.1052506286045527,0.523315742874663,0,0,-0.8772324258614291,-0.4262300150429028,0.2662325767951835,0.0,-0.9320143892374164,0.2211851850634235,0.1557070814399298,-1.0778621289498782,0.161947309717318,0.7649976209279952,1.4938670923934996,-0.5952272282818631,0
174,14.270828,4.5788717,-0.7581699611438873,0,-1.7142637766353692,1,-0.0237554881710714,0.0850492518807105,3,0.0,-1.305815559601312,0.2546249253678617,1,0.0053558112948434,0.3796721288811475,-0.0577875452794142,2,-1.5679065665042955,0,-0.728999655223861,-0.4639401603813337,-0.6780493930322936,0,0,-1.1505541015749308,-0.4262300150429028,0.2662325767951835,0.0,1.4159910129545328,0.0926196563788712,0.9316033855643254,0.3380961637724818,0.8150681472604113,1.3171933011460917,1.1834366957553253,1.6476026994959998,0
175,9.1108265,-14.654186,0.8843578088720997,2,1.154057504037686,2,-0.6407266473844129,-0.8916882501868245,1,0.0,-1.3041539319032471,0.2546249253678617,0,-1.7660787744745667,0.3796721288811475,-0.0577875452794142,7,-1.5679065665042955,0,-0.3180659427715128,-1.1234987709272015,0.523315742874663,0,1,-1.1505541015749308,-0.4262300150429028,-1.584178240646517,0.0,0.241988311858558,-0.2930769296747854,0.1557070814399298,1.754054456494842,-0.3278933184400019,-0.063295899399149,-0.6791456840737199,-0.3148734873096303,0
176,-2.9223773,-7.0132303,2.08887817355049,2,-0.2218442338824054,1,-0.1471497200137397,0.0850492518807105,1,0.0,-1.302492304205182,0.2546249253678617,0,0.0545623275662159,0.3796721288811475,-0.9614863916702532,6,-1.5679065665042955,0,-0.477212452919811,-0.0525768420204226,0.523315742874663,0,1,0.7626976284195812,-0.4262300150429028,0.2662325767951835,0.0,0.241988311858558,0.9925783571707368,0.1557070814399298,0.3380961637724818,-0.8177339465973219,-0.6154915796172451,-0.0582848907973714,-0.5952272282818631,0
177,-17.637924,-4.3039794,-0.42966440714069,2,-1.6572444253341765,1,-0.8875151110697495,0.0850492518807105,1,0.0,-1.3008306765071174,0.2546249253678617,1,1.1863122018077836,0.3796721288811475,-0.9614863916702532,6,1.153253590238697,2,-0.8505374440153518,-0.5337890053507128,-1.0785044383346123,0,0,-0.3305890744344257,-0.4262300150429028,-1.584178240646517,0.0,-0.9320143892374164,-0.9359045730975464,-0.6201892226844657,1.754054456494842,-0.6544537372115486,-0.8915894197262932,-0.6791456840737199,-0.5952272282818631,0
178,-20.732124,25.771957,-1.9626903258222776,2,-1.2382761483819322,1,-0.8875151110697495,0.0850492518807105,1,0.0,-1.2991690488090524,-0.6605306743650393,1,-0.929567997861234,-1.0261667362455194,-0.9614863916702532,2,1.153253590238697,2,-1.1475825991386108,-0.712838157244051,-0.6780493930322936,0,0,1.855984331273588,2.346151056253851,0.2662325767951835,0.0,-0.9320143892374164,-1.3216011591512031,0.1557070814399298,-1.0778621289498782,-0.9810141559830952,-1.1676872598353414,-0.3687152874355457,-1.1559347102263289,1
179,29.524225,4.101549,0.9938596602064989,2,-0.6854363509834092,2,-1.010909342912418,-0.8916882501868245,2,0.0,-1.2975074211109874,-0.6605306743650393,0,1.2847252343505289,0.3796721288811475,0.8459113011114247,7,-1.5679065665042955,0,0.8393052732201837,-1.7112409634059615,-0.6780493930322936,0,0,2.675949358414093,2.346151056253851,0.2662325767951835,0.0,2.5899937140505074,1.6354060005934978,-0.6201892226844657,0.3380961637724818,2.774430659889691,2.421584661582284,3.977310265498893,0.8065414765793012,0
180,-11.193049,-4.4621615,0.1178448495313057,2,1.4317169538521908,1,-0.0237554881710714,-0.8916882501868245,1,0.0,-1.2958457934129226,0.2546249253678617,0,0.448214457737196,0.3796721288811475,-0.9614863916702532,2,1.153253590238697,2,-0.8955829181828274,-1.1234987709272015,-0.6780493930322936,0,0,-0.8772324258614291,-0.4262300150429028,0.2662325767951835,0.0,-0.9320143892374164,-1.193035630466651,0.1557070814399298,0.3380961637724818,-0.8177339465973219,-0.6154915796172451,-0.0582848907973714,-0.8755809692540959,0
181,-16.65398,33.03624,-0.6486681098094882,2,-1.6423698119512564,1,0.3464272073569334,-1.86842575225436,3,0.0,-1.2941841657148576,0.2546249253678617,0,1.432344783164646,0.3796721288811475,-0.9614863916702532,6,1.153253590238697,1,-0.5469054506883583,-1.0300390487850746,2.1251359240839385,0,1,2.1293060069870897,2.346151056253851,0.2662325767951835,0.0,0.241988311858558,-0.5502079870438897,-2.171981830933257,0.3380961637724818,-0.4911735278257753,-0.6154915796172451,-0.6791456840737199,-0.5952272282818631,0
182,-6.793245,-11.174216,-0.3201625558062908,2,-0.430088821243284,1,2.197340684996958,-0.8916882501868245,3,0.0,-1.2925225380167928,1.1697805251007627,0,1.432344783164646,0.3796721288811475,-0.9614863916702532,6,-0.6608531809232983,2,-0.8906959091929598,-1.2089476597428608,-0.2775943477299747,0,0,-0.0572673987209239,-0.4262300150429028,1.1914379855160335,0.0,-0.9320143892374164,-0.2930769296747854,0.1557070814399298,0.3380961637724818,-0.6544537372115486,-0.6154915796172451,-0.3687152874355457,-0.5952272282818631,0
183,-30.583801,23.329166,0.4463504035345031,2,1.3722185003205112,2,1.3335810620982798,-0.8916882501868245,2,0.0,-1.2908609103187278,-0.6605306743650393,0,0.2021818763803334,0.3796721288811475,-0.9614863916702532,8,-0.6608531809232983,2,-0.7145511069059916,1.0420965049946562,-0.6780493930322936,0,1,1.855984331273588,2.346151056253851,1.1914379855160335,0.0,-0.9320143892374164,-0.9359045730975464,1.707499689688721,-1.0778621289498782,-0.4911735278257753,-0.339393739508197,-0.6791456840737199,-0.5952272282818631,1
184,-12.529443,-0.7113364,1.4318670655440953,2,-1.176298592619766,1,-1.010909342912418,0.0850492518807105,3,0.0,-1.289199282620663,0.2546249253678617,1,0.9894861367222936,-1.0261667362455194,-0.9614863916702532,2,0.2462002046576992,1,-0.597687848452635,-1.5302242384148943,-0.2775943477299747,0,0,-0.0572673987209239,-0.4262300150429028,1.1914379855160335,0.0,0.241988311858558,-0.8073390444129942,-0.6201892226844657,-1.0778621289498782,-0.6544537372115486,-0.6154915796172451,-0.6791456840737199,-0.5952272282818631,0
185,2.4673789,-0.6286941,1.7603726195472926,2,0.6979026936281421,1,0.4698214391996017,-0.8916882501868245,3,0.0,-1.287537654922598,1.1697805251007627,0,-0.4375028351475091,1.7855109940078144,-0.0577875452794142,4,-1.5679065665042955,0,-0.4362040731352696,1.6776226155611202,-0.6780493930322936,0,0,-1.1505541015749308,-0.4262300150429028,0.2662325767951835,0.0,1.4159910129545328,-0.8073390444129942,0.1557070814399298,0.3380961637724818,-0.4911735278257753,-0.6154915796172451,-0.3687152874355457,-0.3148734873096303,0
186,13.248711,-3.427957,-0.42966440714069,2,0.3186000523636845,1,0.59321567104227,0.0850492518807105,3,0.0,-1.2842143995264683,1.1697805251007627,0,0.3005949089230785,0.3796721288811475,-0.9614863916702532,6,-0.6608531809232983,1,-0.7961429091716077,-1.35482915084591,-0.6780493930322936,0,0,-0.6039107501479274,-0.4262300150429028,1.1914379855160335,0.0,0.241988311858558,-0.4216424583593375,1.707499689688721,0.3380961637724818,0.161947309717318,0.7649976209279952,-0.3687152874355457,0.5261877356070683,0
187,42.318855,3.0221539,0.3368485522001039,2,0.4623879817319102,1,-0.6407266473844129,-1.86842575225436,3,0.0,-1.282552771828403,1.1697805251007627,0,-0.9787745141326066,0.3796721288811475,2.6533089938931025,3,0.2462002046576992,1,2.6623721050925453,-1.098201402527829,-0.6780493930322936,0,0,-0.3305890744344257,-0.4262300150429028,-0.6589728319256667,0.0,0.241988311858558,1.2497094145398413,-0.6201892226844657,0.3380961637724818,2.1213098223465976,1.041095461037043,2.114727885669848,1.3672489585237668,0
188,42.288654,8.201775,1.979376322216091,2,-0.273905380722625,1,0.59321567104227,1.0617867539482455,3,0.0,-1.2808911441303386,0.2546249253678617,1,-0.2406767700620191,1.7855109940078144,2.6533089938931025,5,-0.6608531809232983,2,2.596291244403466,-0.1369014033516651,2.1251359240839385,0,0,-1.1505541015749308,-0.4262300150429028,1.1914379855160335,0.0,-0.9320143892374164,3.1781923448081244,0.1557070814399298,0.3380961637724818,2.774430659889691,2.97378034180038,-0.0582848907973714,3.049371404357164,0
189,9.837087,-1.9079987,-0.3201625558062908,1,0.6607161601708423,1,-0.8875151110697495,-1.86842575225436,1,0.0,-1.2775678887342088,1.1697805251007627,1,-1.0279810304039791,-1.0261667362455194,-0.0577875452794142,4,0.2462002046576992,1,0.6467996147497455,-0.0336038157208931,-0.6780493930322936,0,0,0.4893759527060795,-0.4262300150429028,0.2662325767951835,0.0,-0.9320143892374164,-0.1645114009902331,-0.6201892226844657,-1.0778621289498782,0.4885077284888646,1.3171933011460917,-0.3687152874355457,1.3672489585237668,0
190,30.643023,15.021137,1.5413689168784943,2,-1.2134851260770658,1,-0.7641208792270812,0.0850492518807105,3,0.0,-1.2742446333380788,1.1697805251007627,0,1.5799643319787635,0.3796721288811475,1.7496101475022634,0,-0.6608531809232983,2,1.5364477295573886,-1.000806534190244,0.1228606975723441,0,0,0.7626976284195812,-0.4262300150429028,0.2662325767951835,0.0,-0.9320143892374164,1.2497094145398413,2.4833959938131165,0.3380961637724818,-0.0013328996684553,0.7649976209279952,-0.3687152874355457,-1.1559347102263289,0
191,44.919327,5.9006886,1.6508707682128936,2,-0.2565516651092185,1,-1.010909342912418,1.0617867539482455,1,0.0,-1.272583005640014,0.2546249253678617,1,-0.043850704976529,-1.0261667362455194,2.6533089938931025,3,0.2462002046576992,1,2.8676264826669864,-1.213585510616079,-1.0785044383346123,0,0,-0.3305890744344257,-0.4262300150429028,-1.584178240646517,0.0,0.241988311858558,2.92106128743902,1.707499689688721,0.3380961637724818,4.243952544361651,3.802073862127524,2.7355886789461965,1.3672489585237668,0
192,-7.153757,-10.839618,-1.0866755151470848,2,0.2268732698356784,1,-0.0237554881710714,0.0850492518807105,3,0.0,-1.270921377941949,1.1697805251007627,0,1.629170848250136,0.3796721288811475,-0.9614863916702532,6,-0.6608531809232983,2,-0.8974952260484278,-0.3558641809417913,-0.6780493930322936,0,0,0.2160542769925777,-0.4262300150429028,1.1914379855160335,0.0,-0.9320143892374164,-0.5502079870438897,-0.6201892226844657,-1.0778621289498782,-0.0013328996684553,0.7649976209279952,-0.6791456840737199,-0.3148734873096303,0
193,-37.43266,3.5230756,-0.2106607044718917,2,-0.6110632840688096,1,1.7037637576262843,-0.8916882501868245,1,0.0,-1.2692597502438845,-0.6605306743650393,1,-0.7819484490471167,-1.0261667362455194,-0.0577875452794142,4,0.2462002046576992,1,-0.124710369694141,0.1663859355697035,0.1228606975723441,0,1,-0.6039107501479274,-0.4262300150429028,-1.584178240646517,0.0,-0.9320143892374164,-0.4216424583593375,-1.3960855268088614,0.3380961637724818,-0.9810141559830952,-1.1676872598353414,-0.6791456840737199,-0.8755809692540959,1
194,-18.47017,-30.19159,0.6653541062033014,0,1.3424692735546713,1,-0.270543951856408,0.0850492518807105,3,0.0,-1.2675981225458193,1.1697805251007627,1,-1.4216331605749593,1.7855109940078144,-0.9614863916702532,6,1.153253590238697,0,-0.9378661698777692,-1.276828931614511,0.523315742874663,0,0,-0.3305890744344257,-0.4262300150429028,1.1914379855160335,0.0,2.5899937140505074,-0.5502079870438897,0.1557070814399298,1.754054456494842,-0.3278933184400019,-0.063295899399149,-0.0582848907973714,-0.5952272282818631,0
195,51.417538,-2.2965927,0.8843578088720997,0,0.9730830412121604,1,-0.8875151110697495,-0.8916882501868245,3,0.0,-1.2642748671496895,-1.5756862740979405,1,-0.043850704976529,-1.0261667362455194,1.7496101475022634,3,1.153253590238697,1,2.186207446558051,0.8641716805857348,2.5255909693862573,0,0,2.1293060069870897,2.346151056253851,1.1914379855160335,0.0,0.241988311858558,1.3782749432243937,-1.3960855268088614,0.3380961637724818,2.1213098223465976,1.041095461037043,2.7355886789461965,1.086895217551534,0
196,14.541583,-14.295849,0.0083429981969065,2,-1.2705044773782588,1,1.456975293940948,0.0850492518807105,1,0.0,-1.2592899840554947,-0.6605306743650393,1,-0.043850704976529,1.7855109940078144,-0.9614863916702532,6,-1.5679065665042955,1,-0.6244601585710403,1.2176321334991926,-0.6780493930322936,0,1,-0.8772324258614291,-0.4262300150429028,-1.584178240646517,0.0,0.241988311858558,-0.4216424583593375,0.1557070814399298,-1.0778621289498782,0.161947309717318,0.7649976209279952,-0.3687152874355457,0.8065414765793012,0
197,-7.420563,-3.2847245,-0.2106607044718917,1,-1.6473280164122297,1,-0.8875151110697495,0.0850492518807105,3,0.0,-1.255966728659365,-0.6605306743650393,0,-1.4216331605749593,0.3796721288811475,-0.0577875452794142,2,-0.6608531809232983,2,-0.4415160394286039,0.2351104530546661,0.9237707881769818,0,0,-1.1505541015749308,-0.4262300150429028,1.1914379855160335,0.0,-0.9320143892374164,-0.1645114009902331,1.707499689688721,0.3380961637724818,-0.1646131090542286,-0.6154915796172451,-0.3687152874355457,-0.5952272282818631,0
198,3.8740497,8.916745,0.5558522548689022,0,0.3062045412112512,1,1.456975293940948,-0.8916882501868245,3,0.0,-1.2543051009613002,0.2546249253678617,0,-1.4708396768463317,0.3796721288811475,-0.0577875452794142,4,0.2462002046576992,0,-0.2630339719725685,0.2987754968597542,-0.2775943477299747,0,0,0.2160542769925777,-0.4262300150429028,-0.6589728319256667,0.0,0.241988311858558,-0.0359458723056809,1.707499689688721,0.3380961637724818,-0.3278933184400019,-0.339393739508197,-0.6791456840737199,-0.5952272282818631,0
199,-11.933428,8.492852,0.1178448495313057,2,1.1367037884242792,1,-0.8875151110697495,1.0617867539482455,1,0.0,-1.2526434732632352,1.1697805251007627,1,1.0878991692650386,0.3796721288811475,-0.0577875452794142,4,0.2462002046576992,1,0.0106385314600191,-0.9913902915082552,2.5255909693862573,0,0,-0.3305890744344257,-0.4262300150429028,-0.6589728319256667,0.0,-0.9320143892374164,0.3497507137479757,0.1557070814399298,0.3380961637724818,-0.9810141559830952,-1.1676872598353414,-0.6791456840737199,-1.1559347102263289,0
200,14.51346,0.57131666,0.1178448495313057,2,0.6979026936281421,1,2.4441291486822943,0.0850492518807105,5,0.0,-1.2493202178671057,1.1697805251007627,1,-0.5851223839616266,0.3796721288811475,-0.0577875452794142,4,1.153253590238697,1,-0.0514052348461265,-1.4234131273953206,0.1228606975723441,0,0,0.7626976284195812,-0.4262300150429028,-1.584178240646517,0.0,0.241988311858558,-0.2930769296747854,0.1557070814399298,-2.4938204216722384,-0.0013328996684553,0.7649976209279952,-0.3687152874355457,0.8065414765793012,0
201,-25.081743,-8.048605,-1.0866755151470848,1,-0.8193078714296883,1,-1.010909342912418,-1.86842575225436,5,0.0,-1.2476585901690405,0.2546249253678617,1,-0.2898832863333916,-1.0261667362455194,-0.0577875452794142,4,-1.5679065665042955,1,-0.4685008281987426,-0.651281227472244,0.9237707881769818,0,0,1.036019304133083,-0.4262300150429028,0.2662325767951835,0.0,0.241988311858558,-0.678773515728442,-1.3960855268088614,0.3380961637724818,-0.8177339465973219,-0.6154915796172451,-0.0582848907973714,-1.1559347102263289,0
202,17.488226,10.336711,1.3223652142096962,0,0.4946163107282367,1,1.0867925984129432,1.0617867539482455,1,0.0,-1.2459969624709757,1.1697805251007627,1,1.2847252343505289,0.3796721288811475,-0.0577875452794142,4,1.153253590238697,0,0.0639706730450963,1.3323135369096823,-0.6780493930322936,0,1,-0.0572673987209239,-0.4262300150429028,-1.584178240646517,0.0,1.4159910129545328,-0.5502079870438897,-2.171981830933257,0.3380961637724818,-0.0013328996684553,0.7649976209279952,-0.3687152874355457,0.8065414765793012,0
203,-16.123926,-29.89635,-0.3201625558062908,1,0.187207634147892,1,0.0996387436715968,1.0617867539482455,3,0.0,-1.242673707074846,1.1697805251007627,1,-1.1263940629467242,0.3796721288811475,-0.9614863916702532,6,0.2462002046576992,0,-0.571128016985963,-1.1722664755637702,-0.6780493930322936,0,1,0.4893759527060795,-0.4262300150429028,1.1914379855160335,0.0,0.241988311858558,-0.8073390444129942,0.9316033855643254,1.754054456494842,-0.3278933184400019,-0.339393739508197,-0.0582848907973714,-1.1559347102263289,0
204,-5.3821077,11.88487,0.3368485522001039,2,0.2541433943710315,1,1.2101868302556114,-0.8916882501868245,3,0.0,-1.2360271962825862,0.2546249253678617,1,1.629170848250136,0.3796721288811475,-0.0577875452794142,2,1.153253590238697,1,-0.7993300889476084,0.3105809354461281,2.1251359240839385,0,1,-0.0572673987209239,-0.4262300150429028,0.2662325767951835,0.0,0.241988311858558,0.4783162424325279,-0.6201892226844657,1.754054456494842,-0.0013328996684553,-0.6154915796172451,0.2521455058408027,0.8065414765793012,0
205,-36.660213,4.4250054,0.1178448495313057,2,0.9358965077548606,1,2.4441291486822943,-1.86842575225436,3,0.0,-1.2343655685845214,-0.6605306743650393,1,0.2021818763803334,0.3796721288811475,-0.0577875452794142,0,-1.5679065665042955,1,0.0361359696680241,-0.4158751604225255,1.7246808787816197,0,1,1.036019304133083,-0.4262300150429028,-0.6589728319256667,0.0,-0.9320143892374164,0.7354472998016324,-0.6201892226844657,0.3380961637724818,-0.9810141559830952,-1.1676872598353414,-0.6791456840737199,-1.1559347102263289,1
206,-3.4276617,36.355225,-0.8676718124782865,2,-1.6894727543305028,2,2.197340684996958,0.0850492518807105,2,0.0,-1.2327039408864564,-0.6605306743650393,0,-1.5200461931177045,0.3796721288811475,0.8459113011114247,7,1.153253590238697,1,0.2413903472424649,1.435189501733798,-0.6780493930322936,0,0,1.855984331273588,2.346151056253851,1.1914379855160335,0.0,2.5899937140505074,-0.1645114009902331,0.1557070814399298,-1.0778621289498782,0.4885077284888646,-0.063295899399149,-0.3687152874355457,1.3672489585237668,1
207,-13.214363,-14.701217,-1.6341847718190805,2,0.8268160096134479,1,-0.5173324155417446,0.0850492518807105,1,0.0,-1.2310423131883916,1.1697805251007627,1,-0.2898832863333916,1.7855109940078144,-0.9614863916702532,6,-0.6608531809232983,0,-0.8870837721134924,-0.2699936693194761,-0.6780493930322936,0,1,0.2160542769925777,-0.4262300150429028,-1.584178240646517,0.0,0.241988311858558,-0.9359045730975464,-0.6201892226844657,-1.0778621289498782,-0.4911735278257753,-0.6154915796172451,-0.0582848907973714,-0.5952272282818631,0
208,7.6016183,1.2126894,-0.1011588531374925,1,-0.4152142078603641,1,1.0867925984129432,-1.86842575225436,3,0.0,-1.2277190577922616,-0.6605306743650393,0,0.349801425194451,0.3796721288811475,-0.9614863916702532,2,1.153253590238697,2,-0.9242675361668332,-0.9289901161231358,-0.6780493930322936,0,0,-0.6039107501479274,-0.4262300150429028,-1.584178240646517,0.0,-0.9320143892374164,-0.4216424583593375,-0.6201892226844657,0.3380961637724818,0.161947309717318,-0.8915894197262932,-0.3687152874355457,0.8065414765793012,0
209,-16.279379,11.157294,0.3368485522001039,0,0.8640025430707476,1,-0.0237554881710714,2.038524256015781,1,0.0,-1.2260574300941969,1.1697805251007627,1,-0.142263737519274,-1.0261667362455194,-0.0577875452794142,0,1.153253590238697,1,-0.3456881674968516,-0.0099929385481452,2.5255909693862573,0,0,-0.3305890744344257,-0.4262300150429028,1.1914379855160335,0.0,0.241988311858558,-0.8073390444129942,1.707499689688721,-2.4938204216722384,-0.6544537372115486,-0.6154915796172451,-0.6791456840737199,-0.5952272282818631,0
210,-10.186027,8.230152,0.9938596602064989,2,-0.3929022877859843,1,-1.010909342912418,1.0617867539482455,3,0.0,-1.224395802396132,1.1697805251007627,1,1.5307578157073911,0.3796721288811475,0.8459113011114247,0,-1.5679065665042955,0,0.6147153383380057,-0.2733666517727258,1.7246808787816197,0,0,0.2160542769925777,-0.4262300150429028,0.2662325767951835,0.0,0.241988311858558,0.7354472998016324,0.1557070814399298,0.3380961637724818,-0.4911735278257753,-0.6154915796172451,-0.6791456840737199,-0.3148734873096303,0
211,34.984127,-17.66824,-0.5391662584750891,2,0.6012177066391627,2,-0.6407266473844129,1.0617867539482455,3,0.0,-1.2194109193019371,1.1697805251007627,1,-1.6676657419318217,-2.432005601372186,0.8459113011114247,7,1.153253590238697,1,0.8280439046783147,1.6160656857893132,-0.6780493930322936,0,0,-1.1505541015749308,-0.4262300150429028,0.2662325767951835,0.0,-0.9320143892374164,0.3497507137479757,-0.6201892226844657,-1.0778621289498782,1.141628566031958,1.041095461037043,2.114727885669848,1.086895217551534,1
212,2.8551247,28.508553,-0.7581699611438873,0,0.0657316248540461,1,-1.010909342912418,-1.86842575225436,1,0.0,-1.2177492916038724,0.2546249253678617,1,1.0878991692650386,-1.0261667362455194,0.8459113011114247,4,0.2462002046576992,2,0.4188100214398335,0.9292421337463436,-0.6780493930322936,0,0,1.855984331273588,2.346151056253851,0.2662325767951835,0.0,-0.9320143892374164,0.0926196563788712,-0.6201892226844657,0.3380961637724818,0.651787937874638,1.041095461037043,0.8730062991171511,1.086895217551534,0
213,23.513086,-20.591764,-1.0866755151470848,1,1.0896008460450328,2,1.3335810620982798,0.0850492518807105,1,0.0,-1.2160876639058074,1.1697805251007627,0,1.1863122018077836,0.3796721288811475,-0.0577875452794142,7,0.2462002046576992,2,0.7390153496020304,-0.196350219090191,-0.6780493930322936,0,0,-0.3305890744344257,-0.4262300150429028,1.1914379855160335,0.0,-0.9320143892374164,-0.5502079870438897,-0.6201892226844657,0.3380961637724818,-0.0013328996684553,0.7649976209279952,-0.6791456840737199,0.8065414765793012,0
214,29.546387,11.3606615,1.5413689168784943,2,1.652357052365503,1,-0.1471497200137397,1.0617867539482455,1,0.0,-1.2111027808116128,-0.6605306743650393,1,0.743453555365431,-1.0261667362455194,0.8459113011114247,5,-0.6608531809232983,1,1.2721242868010696,0.1999752191666484,0.9237707881769818,0,0,0.2160542769925777,-0.4262300150429028,1.1914379855160335,0.0,1.4159910129545328,0.6068817711170802,1.707499689688721,-2.4938204216722384,0.4885077284888646,1.3171933011460917,0.5625759024789769,0.8065414765793012,0
215,-41.193623,-6.559584,-0.7581699611438873,2,0.5020536174196967,1,-0.7641208792270812,0.0850492518807105,5,0.0,-1.2094411531135478,1.1697805251007627,0,1.0878991692650386,0.3796721288811475,-0.9614863916702532,6,-1.5679065665042955,2,-0.8171782956932119,-0.8091086980972194,0.9237707881769818,0,1,-1.1505541015749308,-0.4262300150429028,0.2662325767951835,0.0,-0.9320143892374164,-0.4216424583593375,1.707499689688721,0.3380961637724818,-0.3278933184400019,-0.6154915796172451,-0.6791456840737199,-0.0345197463373974,1
216,-4.4176426,-21.0182,0.4463504035345031,2,0.2318314742966517,2,-0.3939381836990763,0.0850492518807105,1,0.0,-1.207779525415483,1.1697805251007627,0,0.448214457737196,0.3796721288811475,0.8459113011114247,3,1.153253590238697,2,1.506063282359516,0.0507207456103493,0.1228606975723441,0,1,0.7626976284195812,-0.4262300150429028,0.2662325767951835,0.0,-0.9320143892374164,0.6068817711170802,0.1557070814399298,0.3380961637724818,-0.9810141559830952,-1.1676872598353414,-0.6791456840737199,-1.1559347102263289,0
217,-49.25807,7.0251536,-0.7581699611438873,1,-1.161423979236846,2,2.073946453154289,1.0617867539482455,2,0.0,-1.206117897717418,0.2546249253678617,0,-0.6835354165043717,-1.0261667362455194,-0.0577875452794142,7,-1.5679065665042955,2,0.0410229786578918,1.216226724143672,0.9237707881769818,0,0,-0.0572673987209239,-0.4262300150429028,0.2662325767951835,0.0,-0.9320143892374164,-0.2930769296747854,1.707499689688721,-1.0778621289498782,-0.1646131090542286,-0.339393739508197,-0.6791456840737199,-0.8755809692540959,1
218,-37.061512,-4.4522576,-0.8676718124782865,2,0.4698252884233702,1,-1.010909342912418,0.0850492518807105,5,0.0,-1.204456270019353,0.2546249253678617,1,0.9402796204509212,0.3796721288811475,-0.9614863916702532,6,0.2462002046576992,2,-0.9444530080815038,0.7650903210215249,-1.0785044383346123,0,0,-0.3305890744344257,-0.4262300150429028,1.1914379855160335,0.0,-0.9320143892374164,-0.5502079870438897,-1.3960855268088614,-1.0778621289498782,-0.1646131090542286,-0.6154915796172451,-0.3687152874355457,0.2458339946348354,1
219,31.990242,-15.385679,0.8843578088720997,0,0.6185714222525692,2,-0.3939381836990763,0.0850492518807105,3,0.0,-1.2011330146232233,1.1697805251007627,0,-0.4375028351475091,-1.0261667362455194,0.8459113011114247,7,1.153253590238697,2,0.5018891742675833,0.3551324120161345,1.324225833479301,0,0,-0.8772324258614291,-0.4262300150429028,1.1914379855160335,0.0,-0.9320143892374164,1.5068404719089457,-0.6201892226844657,0.3380961637724818,1.9580296129608248,0.7649976209279952,3.0460190755843706,1.086895217551534,0
220,7.4150205,-13.288592,1.869874470881692,2,0.8540861341488011,2,-0.7641208792270812,0.0850492518807105,2,0.0,-1.1994713869251583,1.1697805251007627,0,-0.6835354165043717,0.3796721288811475,-0.0577875452794142,7,-1.5679065665042955,1,-0.11961088205254,0.3791649119955386,-0.2775943477299747,0,0,-0.3305890744344257,-0.4262300150429028,1.1914379855160335,0.0,0.241988311858558,0.6068817711170802,0.9316033855643254,0.3380961637724818,-0.1646131090542286,-0.6154915796172451,-0.6791456840737199,0.2458339946348354,0
221,31.285599,-5.181126,-0.1011588531374925,2,1.4713825895399772,1,-0.5173324155417446,-0.8916882501868245,1,0.0,-1.1978097592270935,1.1697805251007627,1,-0.1914702537906465,0.3796721288811475,-0.0577875452794142,2,-0.6608531809232983,2,-0.1251353269976078,-0.6138973386153932,2.1251359240839385,0,0,0.2160542769925777,-0.4262300150429028,1.1914379855160335,0.0,-0.9320143892374164,0.6068817711170802,0.1557070814399298,1.754054456494842,0.9783483566461848,1.8693889813641875,0.2521455058408027,0.8065414765793012,0
222,-8.478926,30.39866,-0.42966440714069,2,-1.6250160963378495,1,-0.6407266473844129,1.0617867539482455,3,0.0,-1.1961481315290288,0.2546249253678617,0,-0.929567997861234,-1.0261667362455194,-0.9614863916702532,6,-0.6608531809232983,1,-0.82461504850388,-0.1496906284869035,1.324225833479301,0,0,1.5826626555600865,2.346151056253851,1.1914379855160335,0.0,-0.9320143892374164,-0.5502079870438897,0.1557070814399298,0.3380961637724818,-0.6544537372115486,-0.6154915796172451,-0.3687152874355457,-0.8755809692540959,0
223,19.182922,15.644151,0.0083429981969065,1,-0.3457993454067379,1,0.2230329755142651,0.0850492518807105,4,0.0,-1.1944865038309638,-0.6605306743650393,1,-0.929567997861234,0.3796721288811475,0.8459113011114247,5,1.153253590238697,0,1.20731829802239,-0.5982972947691133,-0.6780493930322936,0,1,-0.3305890744344257,-0.4262300150429028,0.2662325767951835,0.0,2.5899937140505074,-0.1645114009902331,-1.3960855268088614,0.3380961637724818,0.4885077284888646,1.041095461037043,-0.6791456840737199,0.8065414765793012,0
224,20.798138,-11.57845,0.1178448495313057,2,-1.694430958791476,2,-0.7641208792270812,0.0850492518807105,1,0.0,-1.1928248761328988,-1.5756862740979405,1,0.4974209740085685,0.3796721288811475,0.8459113011114247,7,0.2462002046576992,0,0.8724519428905902,-0.6557785374099103,-1.0785044383346123,0,0,-0.8772324258614291,-0.4262300150429028,0.2662325767951835,0.0,1.4159910129545328,0.7354472998016324,2.4833959938131165,-1.0778621289498782,1.4681889848035046,1.5932911412551394,0.8730062991171511,2.488663922412698,0
225,-22.911457,-29.407349,-0.6486681098094882,0,0.4375969594270437,1,-1.010909342912418,1.0617867539482455,3,0.0,-1.191163248434834,0.2546249253678617,1,1.1863122018077836,-2.432005601372186,-0.0577875452794142,4,0.2462002046576992,1,-0.458514331567274,-1.395867104027115,-1.0785044383346123,0,0,-0.8772324258614291,-0.4262300150429028,1.1914379855160335,0.0,0.241988311858558,-0.678773515728442,-0.6201892226844657,0.3380961637724818,-0.3278933184400019,-0.063295899399149,-0.3687152874355457,-0.0345197463373974,0
226,-11.48001,4.4251394,2.417383727553688,2,-1.6374116074902831,1,-0.7641208792270812,0.0850492518807105,1,0.0,-1.189501620736769,0.2546249253678617,1,0.2021818763803334,-1.0261667362455194,-0.9614863916702532,6,1.153253590238697,1,-0.9191680485252322,-0.8231627916524266,0.1228606975723441,0,0,0.4893759527060795,-0.4262300150429028,-1.584178240646517,0.0,0.241988311858558,-0.5502079870438897,2.4833959938131165,0.3380961637724818,-0.9810141559830952,-1.1676872598353414,-0.6791456840737199,-1.1559347102263289,0
227,18.311615,-11.973631,0.0083429981969065,1,-1.1986105126941458,2,-0.6407266473844129,1.0617867539482455,2,0.0,-1.1861783653406393,-1.5756862740979405,1,-1.2248070954894692,0.3796721288811475,-0.9614863916702532,8,1.153253590238697,0,-0.7882811990574728,-1.654743507314029,0.523315742874663,0,0,0.4893759527060795,-0.4262300150429028,0.2662325767951835,0.0,0.241988311858558,0.2211851850634235,-0.6201892226844657,0.3380961637724818,0.3252275191030913,1.041095461037043,0.8730062991171511,1.086895217551534,0
228,25.345598,-17.968632,-0.8676718124782865,1,1.51352732745825,2,-1.010909342912418,-1.86842575225436,3,0.0,-1.1845167376425745,-0.6605306743650393,0,-1.1756005792180968,0.3796721288811475,0.8459113011114247,7,1.153253590238697,1,0.3006718910760766,-1.084147308972622,-0.6780493930322936,0,0,-0.3305890744344257,-0.4262300150429028,1.1914379855160335,0.0,0.241988311858558,-0.0359458723056809,1.707499689688721,0.3380961637724818,0.651787937874638,1.5932911412551394,0.5625759024789769,-0.8755809692540959,0
229,19.761215,-26.006771,-0.2106607044718917,1,0.3508283813600109,2,-1.010909342912418,0.0850492518807105,2,0.0,-1.1811934822464445,0.2546249253678617,0,1.2847252343505289,0.3796721288811475,0.8459113011114247,7,0.2462002046576992,2,0.4857407967358467,-0.7332165928991012,-0.6780493930322936,0,0,-0.3305890744344257,-0.4262300150429028,-1.584178240646517,0.0,-0.9320143892374164,-0.1645114009902331,0.1557070814399298,1.754054456494842,0.4885077284888646,0.7649976209279952,-0.6791456840737199,1.086895217551534,0
230,-41.55258,-3.602327,-0.8676718124782865,2,0.2318314742966517,1,1.0867925984129432,-1.86842575225436,3,0.0,-1.1795318545483795,0.2546249253678617,1,0.9894861367222936,-1.0261667362455194,-0.9614863916702532,6,1.153253590238697,2,-0.8741225743577565,0.0910559941137936,-0.6780493930322936,0,1,-0.6039107501479274,-0.4262300150429028,0.2662325767951835,0.0,-0.9320143892374164,-0.9359045730975464,0.1557070814399298,-1.0778621289498782,-0.4911735278257753,-0.339393739508197,-0.6791456840737199,-0.8755809692540959,1
231,-10.215214,-4.7671285,1.6508707682128936,2,1.2904081267144516,1,-0.8875151110697495,0.0850492518807105,1,0.0,-1.1778702268503147,0.2546249253678617,0,1.137105685536411,-1.0261667362455194,-0.9614863916702532,2,1.153253590238697,2,-0.6992526439811885,-1.5477918553589032,1.7246808787816197,0,0,-0.0572673987209239,-0.4262300150429028,-0.6589728319256667,0.0,-0.9320143892374164,-0.678773515728442,0.1557070814399298,-1.0778621289498782,-0.8177339465973219,-0.6154915796172451,-0.0582848907973714,-0.5952272282818631,0
232,43.30647,4.3908386,0.5558522548689022,2,-0.6705617376004892,1,-0.6407266473844129,-0.8916882501868245,5,0.0,-1.1728853437561202,0.2546249253678617,1,-0.3882963188761366,0.3796721288811475,2.6533089938931025,3,1.153253590238697,1,2.704655356787488,-1.3182885076023718,-0.6780493930322936,0,0,-1.1505541015749308,-0.4262300150429028,1.1914379855160335,0.0,-0.9320143892374164,1.3782749432243937,0.1557070814399298,0.3380961637724818,2.447870241118145,3.5259760220184755,2.7355886789461965,3.049371404357164,0
233,-10.056381,3.0416853,2.417383727553688,2,0.0384615003186929,0,-0.3939381836990763,-0.8916882501868245,3,0.0,-1.1695620883599902,-0.6605306743650393,1,-0.6835354165043717,0.3796721288811475,-0.9614863916702532,1,0.2462002046576992,1,-0.9000449698692283,1.5942818407787422,2.1251359240839385,0,0,0.4893759527060795,-0.4262300150429028,1.1914379855160335,0.0,-0.9320143892374164,-0.5502079870438897,-0.6201892226844657,-1.0778621289498782,-0.8177339465973219,-0.6154915796172451,-0.0582848907973714,-0.5952272282818631,0
234,33.360073,23.689634,1.4318670655440953,2,0.1277091806162123,2,-1.010909342912418,1.0617867539482455,3,0.0,-1.1662388329638604,1.1697805251007627,0,0.1037688438375884,0.3796721288811475,2.6533089938931025,3,1.153253590238697,0,2.765211772531499,1.3779893409641053,0.1228606975723441,0,0,-1.1505541015749308,-0.4262300150429028,0.2662325767951835,0.0,0.241988311858558,2.6639302300699157,0.1557070814399298,-1.0778621289498782,-0.0013328996684553,-1.1676872598353414,-0.6791456840737199,0.5261877356070683,0
235,-33.684155,7.3619018,-0.42966440714069,2,0.0260659891662596,1,0.59321567104227,0.0850492518807105,3,0.0,-1.162915577567731,0.2546249253678617,1,-0.3882963188761366,0.3796721288811475,-0.9614863916702532,2,1.153253590238697,1,-0.8641360777262879,1.101264238862078,0.9237707881769818,0,1,-0.6039107501479274,-0.4262300150429028,0.2662325767951835,0.0,0.241988311858558,-0.4216424583593375,-0.6201892226844657,-2.4938204216722384,-0.3278933184400019,-0.063295899399149,-0.6791456840737199,-0.0345197463373974,1
236,11.290408,34.317135,0.6653541062033014,2,0.5739475821038096,2,0.8400041347276065,0.0850492518807105,2,0.0,-1.159592322171601,1.1697805251007627,0,0.6942470390940585,0.3796721288811475,1.7496101475022634,3,1.153253590238697,1,2.0315229880961536,-0.9232279377655008,0.9237707881769818,0,1,1.855984331273588,2.346151056253851,0.2662325767951835,0.0,0.241988311858558,1.3782749432243937,0.1557070814399298,0.3380961637724818,1.6314691941892778,2.421584661582284,-0.3687152874355457,1.3672489585237668,0
237,-27.24023,27.904137,-0.42966440714069,2,-0.8366615870430948,1,-0.8875151110697495,-0.8916882501868245,1,0.0,-1.157930694473536,-1.5756862740979405,0,-1.3232201280322142,0.3796721288811475,-0.9614863916702532,2,-1.5679065665042955,1,-0.806554363106543,1.011318040108753,1.7246808787816197,0,0,1.3093409798465847,2.346151056253851,-1.584178240646517,0.0,-0.9320143892374164,0.2211851850634235,0.1557070814399298,1.754054456494842,0.3252275191030913,0.7649976209279952,-0.3687152874355457,0.8065414765793012,1
238,48.386124,7.9886913,1.6508707682128936,0,-0.0780563045141796,2,-0.8875151110697495,1.0617867539482455,1,0.0,-1.1562690667754711,-1.5756862740979405,1,0.645040522822686,-1.0261667362455194,2.6533089938931025,3,0.2462002046576992,2,2.669808857903213,0.943998931979311,-0.6780493930322936,0,1,0.7626976284195812,-0.4262300150429028,1.1914379855160335,0.0,-0.9320143892374164,2.7924957587544674,-0.6201892226844657,1.754054456494842,4.243952544361651,0.7649976209279952,3.977310265498893,2.2083101814404653,0
239,4.8843393,-14.413458,-0.5391662584750891,2,1.4837781006924105,2,-0.6407266473844129,-0.8916882501868245,1,0.0,-1.1546074390774062,0.2546249253678617,0,-0.4867093514188816,0.3796721288811475,-0.9614863916702532,8,-0.6608531809232983,1,-0.5464804933848915,0.938377294557228,-0.2775943477299747,0,0,-1.1505541015749308,-0.4262300150429028,-1.584178240646517,0.0,0.241988311858558,-0.678773515728442,1.707499689688721,0.3380961637724818,-0.4911735278257753,-0.339393739508197,-0.3687152874355457,-0.5952272282818631,0
240,-37.394516,-6.5303125,-0.5391662584750891,2,-0.7127064755187623,1,-1.010909342912418,0.0850492518807105,1,0.0,-1.1529458113793414,1.1697805251007627,1,-0.1914702537906465,-1.0261667362455194,-0.9614863916702532,2,0.2462002046576992,2,-0.5891887023832999,-0.6664596485118677,-1.0785044383346123,0,1,-0.3305890744344257,-0.4262300150429028,1.1914379855160335,0.0,-0.9320143892374164,-0.9359045730975464,-0.6201892226844657,-2.4938204216722384,-0.6544537372115486,-0.6154915796172451,-0.3687152874355457,-0.5952272282818631,1
241,-2.145612,4.126,0.2273467008657048,2,1.55815116760701,1,-1.010909342912418,1.0617867539482455,3,0.0,-1.1512841836812764,0.2546249253678617,0,1.4815512994360187,0.3796721288811475,-0.9614863916702532,2,0.2462002046576992,0,-0.9074817226798964,0.1551426607255379,1.7246808787816197,0,0,-0.3305890744344257,-0.4262300150429028,0.2662325767951835,0.0,2.5899937140505074,-0.5502079870438897,-1.3960855268088614,0.3380961637724818,-0.6544537372115486,-0.6154915796172451,-0.3687152874355457,-0.5952272282818631,0
242,5.0240364,-18.58262,-0.5391662584750891,0,0.4301596527355837,2,2.073946453154289,1.0617867539482455,2,0.0,-1.1496225559832114,0.2546249253678617,1,1.6783773645215088,0.3796721288811475,-0.0577875452794142,7,1.153253590238697,1,-0.4330168933592689,-0.3153883915027949,-1.0785044383346123,0,0,0.7626976284195812,-0.4262300150429028,-1.584178240646517,0.0,-0.9320143892374164,-0.9359045730975464,-0.6201892226844657,0.3380961637724818,-0.6544537372115486,-0.6154915796172451,-0.0582848907973714,-0.5952272282818631,0
243,-1.1204187,14.0147705,0.4463504035345031,2,1.5085691229972769,1,1.2101868302556114,-0.8916882501868245,1,0.0,-1.1479609282851466,0.2546249253678617,1,-1.4708396768463317,0.3796721288811475,-0.0577875452794142,6,-1.5679065665042955,0,-0.728999655223861,0.7819552332877734,-0.2775943477299747,0,0,0.2160542769925777,-0.4262300150429028,-1.584178240646517,0.0,1.4159910129545328,0.7354472998016324,-0.6201892226844657,-1.0778621289498782,-0.9810141559830952,-1.1676872598353414,-0.6791456840737199,-1.1559347102263289,0
244,10.211255,7.1404333,0.3368485522001039,2,1.2333887754132586,1,1.827157989468953,-0.8916882501868245,5,0.0,-1.1462993005870816,-1.5756862740979405,1,-0.1914702537906465,0.3796721288811475,-0.0577875452794142,6,1.153253590238697,0,-0.6765174282457173,1.4242273087607369,-0.6780493930322936,0,0,0.4893759527060795,-0.4262300150429028,-1.584178240646517,0.0,1.4159910129545328,-0.2930769296747854,0.1557070814399298,0.3380961637724818,0.3252275191030913,1.041095461037043,0.5625759024789769,0.8065414765793012,0
245,39.7505,13.391953,0.8843578088720997,2,-1.3647103621367511,1,-1.010909342912418,0.0850492518807105,4,0.0,-1.1446376728890169,0.2546249253678617,1,0.2021818763803334,1.7855109940078144,2.6533089938931025,3,1.153253590238697,1,2.6982809972354858,0.232861798085833,-1.0785044383346123,0,0,-1.1505541015749308,-0.4262300150429028,0.2662325767951835,0.0,0.241988311858558,1.76397152927805,-0.6201892226844657,0.3380961637724818,2.774430659889691,-1.1676872598353414,-0.3687152874355457,0.8065414765793012,0
246,-12.328144,9.366463,-0.6486681098094882,1,1.3003245356363982,1,-0.7641208792270812,1.0617867539482455,3,0.0,-1.142976045190952,-0.6605306743650393,1,0.349801425194451,0.3796721288811475,0.8459113011114247,5,0.2462002046576992,0,1.5239114891051195,-0.111041871210084,2.5255909693862573,0,0,-0.8772324258614291,-0.4262300150429028,-1.584178240646517,0.0,0.241988311858558,-0.2930769296747854,0.1557070814399298,0.3380961637724818,-0.8177339465973219,-0.6154915796172451,-0.0582848907973714,-0.5952272282818631,0
247,-11.910938,-10.007818,-0.42966440714069,2,0.073168931545506,1,-0.5173324155417446,1.0617867539482455,1,0.0,-1.141314417492887,0.2546249253678617,0,-0.142263737519274,-1.0261667362455194,-0.9614863916702532,6,1.153253590238697,1,-0.7632087181529345,0.0650559210366605,-0.6780493930322936,0,0,-0.6039107501479274,-0.4262300150429028,0.2662325767951835,0.0,0.241988311858558,-1.193035630466651,-0.6201892226844657,-1.0778621289498782,-0.8177339465973219,-0.6154915796172451,-0.6791456840737199,-0.5952272282818631,0
248,27.810045,-4.0640297,-0.3201625558062908,2,-0.8242660758906616,1,-0.8875151110697495,1.0617867539482455,1,0.0,-1.139652789794822,1.1697805251007627,1,0.8910731041795485,-1.0261667362455194,-0.0577875452794142,4,-1.5679065665042955,1,-0.1159987449730726,1.317416197741163,1.324225833479301,0,0,-0.6039107501479274,-0.4262300150429028,-0.6589728319256667,0.0,0.241988311858558,0.2211851850634235,0.1557070814399298,0.3380961637724818,0.651787937874638,1.3171933011460917,0.8730062991171511,1.3672489585237668,0
249,1.3967133,-3.8320873,0.0083429981969065,2,0.5318028441855365,1,-1.010909342912418,-0.8916882501868245,3,0.0,-1.137991162096757,0.2546249253678617,0,0.841866587908176,-1.0261667362455194,-0.9614863916702532,6,-1.5679065665042955,1,-0.5488177585539586,0.6161169293363299,-0.2775943477299747,0,0,-0.3305890744344257,-0.4262300150429028,-1.584178240646517,0.0,0.241988311858558,0.7354472998016324,-0.6201892226844657,-1.0778621289498782,-0.6544537372115486,-0.8915894197262932,-0.6791456840737199,-0.5952272282818631,0
250,-10.563708,11.886468,0.8843578088720997,1,0.982999450134107,1,-0.270543951856408,1.0617867539482455,1,0.0,-1.1363295343986923,-1.5756862740979405,1,0.5466274902799411,1.7855109940078144,-0.0577875452794142,4,0.2462002046576992,1,-0.0146464280962525,-1.2922884345252386,0.523315742874663,0,0,0.4893759527060795,-0.4262300150429028,1.1914379855160335,0.0,0.241988311858558,-0.2930769296747854,-1.3960855268088614,0.3380961637724818,-0.6544537372115486,-0.6154915796172451,-0.6791456840737199,-0.5952272282818631,0
251,-32.714725,3.7082276,0.0083429981969065,1,-0.7399766000541155,1,0.0996387436715968,0.0850492518807105,3,0.0,-1.1346679067006271,-1.5756862740979405,1,-0.2406767700620191,0.3796721288811475,0.8459113011114247,4,0.2462002046576992,0,0.7532514192681665,1.160853595536156,1.324225833479301,0,0,-1.1505541015749308,-0.4262300150429028,-0.6589728319256667,0.0,1.4159910129545328,0.7354472998016324,1.707499689688721,0.3380961637724818,-0.9810141559830952,-1.1676872598353414,-0.6791456840737199,-1.1559347102263289,1
252,49.57385,-3.3557103,0.2273467008657048,1,-0.7374974978236288,1,-0.8875151110697495,1.0617867539482455,5,0.0,-1.1330062790025626,0.2546249253678617,0,-0.0930572212479015,0.3796721288811475,0.8459113011114247,0,0.2462002046576992,2,0.9423574193108708,-1.1093041364364429,-1.0785044383346123,0,0,2.675949358414093,2.346151056253851,1.1914379855160335,0.0,-0.9320143892374164,1.121143885855289,-1.3960855268088614,0.3380961637724818,1.9580296129608248,0.4888997808189471,2.7355886789461965,1.086895217551534,0
253,-16.725792,-4.215613,-0.8676718124782865,2,-0.3408411409457646,1,0.7166099028849382,0.0850492518807105,1,0.0,-1.1280213959083678,0.2546249253678617,1,-0.2898832863333916,0.3796721288811475,-0.9614863916702532,6,1.153253590238697,2,-0.8845340282926919,1.1749076890913632,-0.6780493930322936,0,0,1.036019304133083,-0.4262300150429028,-1.584178240646517,0.0,-0.9320143892374164,-0.678773515728442,-1.3960855268088614,0.3380961637724818,-0.1646131090542286,0.212801940709899,-0.3687152874355457,0.2458339946348354,0
254,-9.240826,-13.388007,0.5558522548689022,2,0.2814135189063847,1,0.9633983665702748,-0.8916882501868245,1,0.0,-1.1263597682103028,1.1697805251007627,0,0.7926600716368035,1.7855109940078144,-0.0577875452794142,6,-1.5679065665042955,2,0.0089387022461521,1.2231132299857237,0.1228606975723441,0,1,-0.6039107501479274,-0.4262300150429028,0.2662325767951835,0.0,-0.9320143892374164,-0.1645114009902331,-1.3960855268088614,0.3380961637724818,-0.6544537372115486,-0.6154915796172451,-0.6791456840737199,-0.5952272282818631,0
255,3.2651753,-25.373003,-0.8676718124782865,2,1.1019963571974662,2,1.3335810620982798,-0.8916882501868245,2,0.0,-1.123036512814173,1.1697805251007627,1,-1.0279810304039791,0.3796721288811475,-0.0577875452794142,7,1.153253590238697,0,0.090955461815235,-0.5032916223359135,-0.2775943477299747,0,0,-0.3305890744344257,-0.4262300150429028,1.1914379855160335,0.0,0.241988311858558,-0.1645114009902331,-0.6201892226844657,0.3380961637724818,-0.6544537372115486,-0.6154915796172451,-0.6791456840737199,-0.5952272282818631,0
256,-14.352037,-9.824388,-1.3056792178158831,2,-0.2912590963360316,1,-1.010909342912418,0.0850492518807105,1,0.0,-1.1213748851161085,-1.5756862740979405,0,-0.1914702537906465,0.3796721288811475,-0.0577875452794142,4,0.2462002046576992,1,-0.3410136371587173,-0.9568172213624458,-1.0785044383346123,0,0,-0.8772324258614291,-0.4262300150429028,1.1914379855160335,0.0,1.4159910129545328,-0.8073390444129942,0.1557070814399298,0.3380961637724818,-0.4911735278257753,-0.6154915796172451,-0.3687152874355457,-0.5952272282818631,0
257,21.202873,0.8223591,0.5558522548689022,2,-1.3225656242184785,1,-0.8875151110697495,0.0850492518807105,3,0.0,-1.1197132574180433,1.1697805251007627,0,-0.4867093514188816,-1.0261667362455194,-0.9614863916702532,2,-1.5679065665042955,0,-0.8307769294041479,-0.8862656717153062,-1.0785044383346123,0,1,-1.1505541015749308,-0.4262300150429028,0.2662325767951835,0.0,0.241988311858558,-0.1645114009902331,0.9316033855643254,0.3380961637724818,0.3252275191030913,0.4888997808189471,1.4938670923934996,1.086895217551534,0
258,38.84454,8.623155,0.3368485522001039,2,1.5209646341497105,1,-0.8875151110697495,-0.8916882501868245,3,0.0,-1.1180516297199783,-1.5756862740979405,1,-0.8311549653184892,0.3796721288811475,2.6533089938931025,5,0.2462002046576992,0,2.748001001741096,-1.1754989170814678,-1.0785044383346123,0,0,1.036019304133083,-0.4262300150429028,1.1914379855160335,0.0,0.241988311858558,1.3782749432243937,1.707499689688721,0.3380961637724818,2.284590031732371,0.7649976209279952,0.2521455058408027,1.3672489585237668,0
259,-15.5089655,-5.3554254,1.5413689168784943,2,0.0756480337759927,1,-1.010909342912418,0.0850492518807105,1,0.0,-1.1163900020219135,0.2546249253678617,1,1.4815512994360187,0.3796721288811475,-0.9614863916702532,6,1.153253590238697,1,-0.8031547046788091,1.2533295311294186,-0.6780493930322936,0,0,-1.1505541015749308,-0.4262300150429028,-0.6589728319256667,0.0,-0.9320143892374164,-1.3216011591512031,-2.171981830933257,-1.0778621289498782,-0.9810141559830952,-1.1676872598353414,-0.6791456840737199,-1.1559347102263289,0
260,-34.419918,-1.103833,-0.6486681098094882,1,-1.2283597394599857,1,2.4441291486822943,-0.8916882501868245,3,0.0,-1.1130667466257838,0.2546249253678617,1,0.251388392651706,-1.0261667362455194,-0.9614863916702532,2,-0.6608531809232983,2,-0.6425208439683772,-0.3739939616280084,-1.0785044383346123,0,0,-1.1505541015749308,-0.4262300150429028,-0.6589728319256667,0.0,-0.9320143892374164,-0.678773515728442,-0.6201892226844657,1.754054456494842,-0.3278933184400019,-0.063295899399149,-0.3687152874355457,-0.0345197463373974,1
261,-13.577821,39.89477,-0.5391662584750891,1,1.260658899948612,1,-0.270543951856408,0.0850492518807105,1,0.0,-1.1064202358335242,-0.6605306743650393,1,1.6783773645215088,1.7855109940078144,-0.9614863916702532,2,-0.6608531809232983,1,-0.7880687204057394,1.651200919677331,-0.6780493930322936,0,0,1.3093409798465847,2.346151056253851,0.2662325767951835,0.0,-0.9320143892374164,-0.8073390444129942,0.1557070814399298,-2.4938204216722384,-0.3278933184400019,-0.8915894197262932,-0.6791456840737199,-0.3148734873096303,0
262,27.648697,-19.802217,0.1178448495313057,0,1.3003245356363982,2,-0.8875151110697495,-0.8916882501868245,1,0.0,-1.1030969804373942,1.1697805251007627,1,-1.3232201280322142,-1.0261667362455194,-0.0577875452794142,7,1.153253590238697,1,-0.2664336304003025,0.7545497508551195,0.1228606975723441,0,0,0.7626976284195812,-0.4262300150429028,1.1914379855160335,0.0,0.241988311858558,0.2211851850634235,-2.171981830933257,0.3380961637724818,0.161947309717318,0.7649976209279952,1.4938670923934996,0.2458339946348354,0
263,-22.51687,-4.264302,-0.5391662584750891,2,-1.672119038717096,1,-0.8875151110697495,-1.86842575225436,5,0.0,-1.1014353527393297,1.1697805251007627,1,0.8910731041795485,-1.0261667362455194,-0.0577875452794142,2,-1.5679065665042955,2,-0.9193805271769656,0.7622795023104835,0.523315742874663,0,0,-0.6039107501479274,-0.4262300150429028,1.1914379855160335,0.0,-0.9320143892374164,-0.2930769296747854,1.707499689688721,0.3380961637724818,-0.1646131090542286,-0.6154915796172451,-0.6791456840737199,-0.0345197463373974,0
264,32.636276,8.542312,0.9938596602064989,2,-0.7796422357419018,2,-0.8875151110697495,0.0850492518807105,5,0.0,-1.0997737250412645,0.2546249253678617,0,0.448214457737196,-2.432005601372186,1.7496101475022634,3,-0.6608531809232983,1,2.203205738696721,0.0933046490826267,0.1228606975723441,0,1,-0.8772324258614291,-0.4262300150429028,-0.6589728319256667,0.0,0.241988311858558,2.1496681153317065,-0.6201892226844657,-1.0778621289498782,-0.0013328996684553,0.7649976209279952,1.4938670923934996,0.8065414765793012,0
265,-35.22535,-7.2802444,-0.9771736638126856,2,-0.6779990442919491,1,-0.8875151110697495,1.0617867539482455,1,0.0,-1.0981120973431997,-1.5756862740979405,1,0.645040522822686,0.3796721288811475,-0.9614863916702532,2,0.2462002046576992,2,-0.641245972057977,0.0874019297894397,-0.2775943477299747,0,0,-1.1505541015749308,-0.4262300150429028,0.2662325767951835,0.0,-0.9320143892374164,-0.8073390444129942,1.707499689688721,-2.4938204216722384,-1.1442943653688686,-1.1676872598353414,-0.6791456840737199,-1.1559347102263289,1
266,7.0721292,-20.186205,-0.8676718124782865,2,1.01026957466946,2,-0.8875151110697495,0.0850492518807105,3,0.0,-1.09478884194707,-1.5756862740979405,1,0.5958340065513135,-1.0261667362455194,-0.0577875452794142,7,-0.6608531809232983,1,0.0299740887677562,-1.493402513300252,-0.2775943477299747,0,0,1.036019304133083,-0.4262300150429028,-0.6589728319256667,0.0,1.4159910129545328,-0.1645114009902331,-0.6201892226844657,0.3380961637724818,-1.1442943653688686,-1.1676872598353414,-0.6791456840737199,-1.1559347102263289,0
267,-10.403093,38.13736,-0.6486681098094882,2,1.6374824389825828,1,1.7037637576262843,0.0850492518807105,3,0.0,-1.093127214249005,-0.6605306743650393,1,-0.0930572212479015,-1.0261667362455194,-0.0577875452794142,0,1.153253590238697,1,-0.1956782393730885,0.0133368567534985,-1.0785044383346123,0,0,1.5826626555600865,2.346151056253851,-0.6589728319256667,0.0,0.241988311858558,-0.1645114009902331,-0.6201892226844657,0.3380961637724818,0.3252275191030913,-1.1676872598353414,1.4938670923934996,1.086895217551534,0
268,-17.28086,-18.702715,-1.3056792178158831,0,-0.3160501186408981,1,-0.5173324155417446,-0.8916882501868245,1,0.0,-1.0898039588528752,-0.6605306743650393,1,0.9402796204509212,1.7855109940078144,-0.0577875452794142,0,-1.5679065665042955,0,-0.5318194664152885,0.5721276165085317,-0.6780493930322936,0,0,-0.8772324258614291,-0.4262300150429028,1.1914379855160335,0.0,1.4159910129545328,-0.678773515728442,-0.6201892226844657,0.3380961637724818,-0.1646131090542286,-0.339393739508197,-0.3687152874355457,0.2458339946348354,0
269,25.011059,9.726506,0.8843578088720997,2,1.444112465004624,1,1.3335810620982798,-0.8916882501868245,3,0.0,-1.0848190757586804,0.2546249253678617,1,0.645040522822686,0.3796721288811475,1.7496101475022634,0,1.153253590238697,1,1.4858778104448451,-0.957379385104654,-1.0785044383346123,0,1,-0.3305890744344257,-0.4262300150429028,-0.6589728319256667,0.0,-0.9320143892374164,1.2497094145398413,-0.6201892226844657,0.3380961637724818,2.1213098223465976,0.7649976209279952,0.5625759024789769,1.6476026994959998,0
270,22.23762,-5.102756,-0.1011588531374925,2,1.4887363051533835,1,-0.3939381836990763,0.0850492518807105,1,0.0,-1.0831574480606156,1.1697805251007627,1,-0.929567997861234,0.3796721288811475,-0.9614863916702532,2,1.153253590238697,1,-0.6996776012846552,0.8345175431842479,-1.0785044383346123,0,0,-1.1505541015749308,-0.4262300150429028,0.2662325767951835,0.0,0.241988311858558,0.6068817711170802,0.9316033855643254,0.3380961637724818,1.304908775417731,2.421584661582284,2.4251582823080224,1.9279564404682328,0
271,42.817043,10.3888,1.979376322216091,2,-0.8688899160394212,1,-1.010909342912418,0.0850492518807105,3,0.0,-1.0814958203625509,1.1697805251007627,1,0.743453555365431,0.3796721288811475,2.6533089938931025,3,-1.5679065665042955,2,2.664921848913346,0.649987294804379,-1.0785044383346123,0,1,-0.3305890744344257,-0.4262300150429028,0.2662325767951835,0.0,-0.9320143892374164,3.3067578734926766,-0.6201892226844657,0.3380961637724818,4.733793172518971,1.5932911412551394,0.5625759024789769,2.488663922412698,0
272,14.759754,10.40944,1.103361511540898,0,-0.338362038715278,1,2.4441291486822943,1.0617867539482455,1,0.0,-1.0781725649664209,-1.5756862740979405,1,1.0878991692650386,0.3796721288811475,0.8459113011114247,3,-0.6608531809232983,1,1.1359254710399758,-0.5685026164320743,-0.6780493930322936,0,1,-0.8772324258614291,-0.4262300150429028,1.1914379855160335,0.0,0.241988311858558,-0.1645114009902331,-0.6201892226844657,-1.0778621289498782,0.4885077284888646,0.7649976209279952,2.114727885669848,1.3672489585237668,1
273,-11.326101,28.566862,-0.9771736638126856,2,0.8813562586841542,1,-0.0237554881710714,0.0850492518807105,3,0.0,-1.076510937268356,1.1697805251007627,1,1.3831382668932737,0.3796721288811475,-0.9614863916702532,6,1.153253590238697,1,-0.9419032642607033,-1.6443434780831758,-0.6780493930322936,0,0,2.1293060069870897,2.346151056253851,1.1914379855160335,0.0,0.241988311858558,-0.8073390444129942,0.1557070814399298,-1.0778621289498782,-0.3278933184400019,-0.6154915796172451,-0.6791456840737199,-0.0345197463373974,0
274,7.106758,-24.743986,0.0083429981969065,2,-1.4242088156684312,2,-0.3939381836990763,1.0617867539482455,3,0.0,-1.0748493095702911,0.2546249253678617,1,1.5799643319787635,0.3796721288811475,-0.0577875452794142,7,1.153253590238697,1,-0.000197879778383,1.196269911295278,0.523315742874663,0,0,-0.3305890744344257,-0.4262300150429028,-0.6589728319256667,0.0,0.241988311858558,-0.5502079870438897,1.707499689688721,1.754054456494842,-0.3278933184400019,-0.063295899399149,-0.6791456840737199,-0.8755809692540959,0
275,-21.8735,-0.6089682,-1.7436866231534796,2,0.4797416973453168,1,-0.7641208792270812,-0.8916882501868245,3,0.0,-1.073187681872226,1.1697805251007627,1,1.6783773645215088,-1.0261667362455194,-0.9614863916702532,6,0.2462002046576992,2,-0.6954280282499877,-0.5315403503818797,-0.6780493930322936,0,0,0.4893759527060795,-0.4262300150429028,-1.584178240646517,0.0,-0.9320143892374164,-1.0644701017820986,0.9316033855643254,1.754054456494842,-0.6544537372115486,-0.6154915796172451,-0.3687152874355457,-1.1559347102263289,0
276,18.715584,16.63903,0.0083429981969065,0,-0.1846577004251056,1,-1.010909342912418,1.0617867539482455,3,0.0,-1.0715260541741614,-1.5756862740979405,0,0.6942470390940585,0.3796721288811475,0.8459113011114247,5,1.153253590238697,0,1.5086130261803166,-0.3704804382392067,-0.2775943477299747,0,1,0.7626976284195812,-0.4262300150429028,-1.584178240646517,0.0,1.4159910129545328,0.4783162424325279,-0.6201892226844657,0.3380961637724818,-0.3278933184400019,-0.6154915796172451,-0.6791456840737199,-0.5952272282818631,0
277,7.910249,8.187433,-0.2106607044718917,2,1.2705753088705585,1,1.5803695257836163,0.0850492518807105,1,0.0,-1.0698644264760964,-0.6605306743650393,0,0.251388392651706,1.7855109940078144,0.8459113011114247,3,-0.6608531809232983,0,1.167159832844782,0.6727549263638144,1.7246808787816197,0,0,0.7626976284195812,-0.4262300150429028,-0.6589728319256667,0.0,0.241988311858558,-0.1645114009902331,2.4833959938131165,-1.0778621289498782,-0.0013328996684553,0.7649976209279952,1.1834366957553253,-0.5952272282818631,0
278,2.9504752,38.682056,0.1178448495313057,2,-1.1911732060026858,2,-0.270543951856408,-0.8916882501868245,3,0.0,-1.0682027987780314,-1.5756862740979405,0,-1.0771875466753518,1.7855109940078144,-0.0577875452794142,7,-1.5679065665042955,0,-0.1907912303832208,0.6855441514990529,-0.6780493930322936,0,1,2.4026276827005915,2.346151056253851,0.2662325767951835,0.0,0.241988311858558,-0.4216424583593375,0.1557070814399298,0.3380961637724818,0.161947309717318,-1.1676872598353414,1.4938670923934996,0.8065414765793012,0
279,-13.718943,40.342583,-1.196177366481484,1,1.677148074670369,1,-1.010909342912418,0.0850492518807105,1,0.0,-1.0648795433819016,0.2546249253678617,0,0.8910731041795485,0.3796721288811475,-0.0577875452794142,4,-0.6608531809232983,0,-0.0225081382103874,1.750282279241541,-0.6780493930322936,0,0,1.3093409798465847,2.346151056253851,-1.584178240646517,0.0,0.241988311858558,-0.678773515728442,2.4833959938131165,-2.4938204216722384,-0.1646131090542286,0.212801940709899,-0.3687152874355457,-0.0345197463373974,0
280,30.089048,22.33168,1.4318670655440953,2,-0.0135996465215267,1,-0.6407266473844129,-1.86842575225436,1,0.0,-1.0632179156838368,-1.5756862740979405,1,1.4815512994360187,0.3796721288811475,2.6533089938931025,5,-0.6608531809232983,0,2.6859572354349504,0.211077953075262,0.1228606975723441,0,0,-0.3305890744344257,-0.4262300150429028,-1.584178240646517,0.0,1.4159910129545328,2.1496681153317065,0.9316033855643254,-1.0778621289498782,0.4885077284888646,-0.063295899399149,-0.3687152874355457,0.5261877356070683,0
281,30.252836,27.47818,1.7603726195472926,2,0.663195262401329,1,-0.7641208792270812,1.0617867539482455,3,0.0,-1.0615562879857718,0.2546249253678617,1,-1.0279810304039791,0.3796721288811475,1.7496101475022634,5,0.2462002046576992,1,2.3544905387308845,0.942031358881582,0.1228606975723441,0,1,0.2160542769925777,-0.4262300150429028,1.1914379855160335,0.0,2.5899937140505074,1.2497094145398413,1.707499689688721,-1.0778621289498782,-0.3278933184400019,-0.339393739508197,-0.3687152874355457,-0.3148734873096303,0
282,29.702196,4.8475027,0.5558522548689022,2,-0.4152142078603641,2,-1.010909342912418,-1.86842575225436,1,0.0,-1.059894660287707,-0.6605306743650393,1,1.629170848250136,0.3796721288811475,-0.0577875452794142,7,0.2462002046576992,1,-0.339101329293117,1.4361732882826628,-0.6780493930322936,0,0,2.675949358414093,2.346151056253851,0.2662325767951835,0.0,-0.9320143892374164,1.121143885855289,0.1557070814399298,0.3380961637724818,2.1213098223465976,3.249878181909428,2.7355886789461965,0.5261877356070683,0
283,20.800402,-17.569054,-0.8676718124782865,1,-0.8936809383442877,2,-0.8875151110697495,-0.8916882501868245,1,0.0,-1.058233032589642,-0.6605306743650393,1,-1.0771875466753518,0.3796721288811475,-0.0577875452794142,7,1.153253590238697,2,-0.4141062933549985,0.8357824116042165,-0.6780493930322936,0,0,0.7626976284195812,-0.4262300150429028,-1.584178240646517,0.0,-0.9320143892374164,-0.1645114009902331,0.1557070814399298,-1.0778621289498782,0.4885077284888646,0.7649976209279952,-0.6791456840737199,1.3672489585237668,0
284,17.193998,13.34232,1.979376322216091,2,-1.6250160963378495,1,1.3335810620982798,-0.8916882501868245,5,0.0,-1.056571404891577,-0.6605306743650393,1,-1.4216331605749593,0.3796721288811475,-0.0577875452794142,2,1.153253590238697,1,-0.2311621742125622,0.2331428799569371,0.1228606975723441,0,1,1.036019304133083,-0.4262300150429028,1.1914379855160335,0.0,0.241988311858558,0.0926196563788712,0.9316033855643254,0.3380961637724818,0.4885077284888646,0.7649976209279952,-0.6791456840737199,1.086895217551534,0
285,-16.172474,-18.588541,-1.196177366481484,1,-0.7598094178980086,1,0.2230329755142651,-0.8916882501868245,3,0.0,-1.0549097771935123,-1.5756862740979405,1,-0.2898832863333916,0.3796721288811475,-0.0577875452794142,0,-1.5679065665042955,1,-0.3743727854808573,1.1817941949334143,-0.6780493930322936,0,1,-0.6039107501479274,-0.4262300150429028,0.2662325767951835,0.0,0.241988311858558,-0.8073390444129942,0.1557070814399298,0.3380961637724818,-0.3278933184400019,-0.339393739508197,0.2521455058408027,-0.3148734873096303,0
286,22.707026,-4.591598,0.0083429981969065,2,1.4118841360082974,1,-1.010909342912418,0.0850492518807105,1,0.0,-1.053248149495447,1.1697805251007627,0,-1.1756005792180968,0.3796721288811475,-0.9614863916702532,6,1.153253590238697,2,-0.9323417249327014,0.2203536548216987,-0.6780493930322936,0,0,-0.8772324258614291,-0.4262300150429028,-0.6589728319256667,0.0,-0.9320143892374164,0.7354472998016324,0.1557070814399298,0.3380961637724818,1.6314691941892778,2.145486821473236,0.8730062991171511,0.8065414765793012,0
287,-22.637983,30.846308,0.7748559575377005,1,0.2913299278283313,1,1.827157989468953,0.0850492518807105,1,0.0,-1.0515865217973823,1.1697805251007627,1,-1.1263940629467242,0.3796721288811475,-0.9614863916702532,2,0.2462002046576992,0,-0.7100890552195906,0.7879984935165124,0.1228606975723441,0,1,1.855984331273588,2.346151056253851,1.1914379855160335,0.0,0.241988311858558,0.9925783571707368,-2.171981830933257,-2.4938204216722384,-0.9810141559830952,-1.1676872598353414,-0.6791456840737199,-1.1559347102263289,1
288,-4.8533034,10.942646,0.1178448495313057,2,-0.2838217896445716,1,1.7037637576262843,1.0617867539482455,1,0.0,-1.0499248940993176,1.1697805251007627,1,0.7926600716368035,0.3796721288811475,-0.0577875452794142,0,1.153253590238697,0,-0.1610442191405482,0.6445061983178482,2.5255909693862573,0,0,-0.3305890744344257,-0.4262300150429028,-0.6589728319256667,0.0,0.241988311858558,-0.1645114009902331,-0.6201892226844657,0.3380961637724818,-0.8177339465973219,-0.6154915796172451,-0.3687152874355457,-0.5952272282818631,0
289,-37.594307,7.0194573,-1.196177366481484,2,1.6027750077557696,1,0.8400041347276065,1.0617867539482455,3,0.0,-1.0482632664012528,-1.5756862740979405,1,-1.0279810304039791,0.3796721288811475,-0.9614863916702532,2,-0.6608531809232983,0,-0.8775222327854906,-0.0187064765523736,-0.2775943477299747,0,1,-0.6039107501479274,-0.4262300150429028,1.1914379855160335,0.0,0.241988311858558,-0.8073390444129942,-0.6201892226844657,0.3380961637724818,-0.6544537372115486,-0.6154915796172451,-0.6791456840737199,-0.5952272282818631,1
290,-11.288259,27.579039,-0.9771736638126856,2,0.7797130672342015,1,-0.1471497200137397,-0.8916882501868245,1,0.0,-1.0466016387031878,1.1697805251007627,0,0.0053558112948434,0.3796721288811475,-0.9614863916702532,6,1.153253590238697,2,-0.6784297361113176,-1.3808292239230433,-0.6780493930322936,0,0,1.5826626555600865,2.346151056253851,1.1914379855160335,0.0,-0.9320143892374164,-0.8073390444129942,0.1557070814399298,0.3380961637724818,-0.3278933184400019,-0.339393739508197,-0.6791456840737199,-0.5952272282818631,0
291,36.146427,23.626455,1.3223652142096962,1,-0.4127351056298775,1,0.0996387436715968,1.0617867539482455,1,0.0,-1.0449400110051228,0.2546249253678617,0,-1.5200461931177045,0.3796721288811475,2.6533089938931025,5,-1.5679065665042955,2,2.584179961254663,1.5854277618389618,2.5255909693862573,0,1,-1.1505541015749308,-0.4262300150429028,1.1914379855160335,0.0,-0.9320143892374164,1.3782749432243937,0.9316033855643254,0.3380961637724818,-0.6544537372115486,-0.6154915796172451,-0.3687152874355457,-0.5952272282818631,0
292,7.2158737,-9.594323,-0.1011588531374925,2,-0.7350183955931421,1,-0.7641208792270812,0.0850492518807105,5,0.0,-1.043278383307058,0.2546249253678617,1,-1.7660787744745667,0.3796721288811475,-0.0577875452794142,6,-0.6608531809232983,2,-0.4287673203246014,1.682541548305443,0.523315742874663,0,0,-0.8772324258614291,-0.4262300150429028,1.1914379855160335,0.0,-0.9320143892374164,-0.1645114009902331,-0.6201892226844657,0.3380961637724818,0.161947309717318,-1.1676872598353414,1.4938670923934996,0.8065414765793012,0
293,3.4452684,-12.494524,-0.6486681098094882,1,-0.8887227338833145,2,-0.5173324155417446,0.0850492518807105,2,0.0,-1.0399551279109285,1.1697805251007627,0,0.8910731041795485,0.3796721288811475,-0.9614863916702532,8,-0.6608531809232983,0,-0.7891311136644064,-1.4622024256076922,-0.6780493930322936,0,0,-1.1505541015749308,-0.4262300150429028,0.2662325767951835,0.0,0.241988311858558,-1.193035630466651,1.707499689688721,-1.0778621289498782,-0.8177339465973219,-0.6154915796172451,-0.0582848907973714,-0.5952272282818631,0
294,-47.74133,-9.903513,-1.196177366481484,2,0.3657029947429309,2,-0.6407266473844129,1.0617867539482455,2,0.0,-1.0366318725147985,1.1697805251007627,1,-0.8803614815898617,-1.0261667362455194,-0.0577875452794142,7,1.153253590238697,2,-0.1434084910466781,-0.824006037265739,-0.6780493930322936,0,1,-0.8772324258614291,-0.4262300150429028,-0.6589728319256667,0.0,-0.9320143892374164,-0.4216424583593375,-2.171981830933257,0.3380961637724818,0.161947309717318,0.7649976209279952,1.4938670923934996,-0.0345197463373974,1
295,-20.314028,-23.692165,0.0083429981969065,1,0.2144777586832451,1,-0.0237554881710714,0.0850492518807105,3,0.0,-1.0333086171186685,-0.6605306743650393,1,-0.6343289002329991,0.3796721288811475,-0.9614863916702532,6,1.153253590238697,1,-0.8875087294169591,-0.4078643270960575,-0.6780493930322936,0,1,-0.8772324258614291,-0.4262300150429028,0.2662325767951835,0.0,2.5899937140505074,-0.9359045730975464,0.1557070814399298,-1.0778621289498782,-0.4911735278257753,-0.6154915796172451,-0.3687152874355457,-0.5952272282818631,0
296,36.52508,-1.1750432,0.5558522548689022,1,-0.6135423862992962,2,2.073946453154289,0.0850492518807105,2,0.0,-1.0316469894206035,0.2546249253678617,0,0.5466274902799411,0.3796721288811475,1.7496101475022634,7,-0.6608531809232983,1,1.4920396913451133,0.0774235233652427,0.9237707881769818,0,0,-0.3305890744344257,-0.4262300150429028,1.1914379855160335,0.0,0.241988311858558,1.5068404719089457,-0.6201892226844657,1.754054456494842,2.1213098223465976,-0.063295899399149,0.5625759024789769,1.086895217551534,0
297,-31.863262,-3.9363716,-2.072192177156677,2,-1.419250611207458,1,-0.7641208792270812,0.0850492518807105,1,0.0,-1.0299853617225387,0.2546249253678617,1,-0.5851223839616266,0.3796721288811475,-0.9614863916702532,2,0.2462002046576992,2,-1.0800143878873971,1.5346924841046643,-0.6780493930322936,0,0,-0.6039107501479274,-0.4262300150429028,0.2662325767951835,0.0,-0.9320143892374164,-1.4501666878357553,-0.6201892226844657,0.3380961637724818,-1.1442943653688686,-1.1676872598353414,-0.6791456840737199,-1.1559347102263289,1
298,18.433455,-15.877639,-0.2106607044718917,2,1.0648098237401664,2,0.8400041347276065,0.0850492518807105,2,0.0,-1.028323734024474,0.2546249253678617,1,1.4815512994360187,0.3796721288811475,0.8459113011114247,7,-0.6608531809232983,1,0.3223447135528809,-1.294818171365176,-1.0785044383346123,0,0,-0.0572673987209239,-0.4262300150429028,0.2662325767951835,0.0,1.4159910129545328,0.0926196563788712,0.1557070814399298,-1.0778621289498782,0.651787937874638,1.3171933011460917,1.1834366957553253,1.3672489585237668,0
299,-10.517589,11.722884,-0.1011588531374925,1,-0.5862722617639431,1,1.0867925984129432,1.0617867539482455,1,0.0,-1.026662106326409,0.2546249253678617,1,0.743453555365431,1.7855109940078144,-0.9614863916702532,2,1.153253590238697,1,-0.5981128057561017,-1.010644399678889,0.523315742874663,0,0,0.7626976284195812,-0.4262300150429028,1.1914379855160335,0.0,1.4159910129545328,-0.9359045730975464,-0.6201892226844657,0.3380961637724818,-0.9810141559830952,-1.1676872598353414,-0.6791456840737199,-1.1559347102263289,0
300,-8.252863,4.01739,1.5413689168784943,2,1.238346979874232,1,-0.8875151110697495,0.0850492518807105,3,0.0,-1.0250004786283442,1.1697805251007627,1,0.8910731041795485,-2.432005601372186,-0.0577875452794142,4,-0.6608531809232983,0,-0.216926104546426,0.2821916664646098,0.9237707881769818,0,0,0.7626976284195812,-0.4262300150429028,1.1914379855160335,0.0,0.241988311858558,0.2211851850634235,0.1557070814399298,0.3380961637724818,-0.4911735278257753,-0.8915894197262932,-0.3687152874355457,-0.5952272282818631,0
301,41.19037,14.518467,0.4463504035345031,2,-1.161423979236846,2,-0.8875151110697495,1.0617867539482455,1,0.0,-1.0216772232322142,1.1697805251007627,1,1.0878991692650386,0.3796721288811475,1.7496101475022634,3,-0.6608531809232983,2,2.0211115341612182,0.2224617688549797,-0.6780493930322936,0,0,1.036019304133083,-0.4262300150429028,-0.6589728319256667,0.0,-0.9320143892374164,1.3782749432243937,-0.6201892226844657,0.3380961637724818,2.447870241118145,1.5932911412551394,-0.6791456840737199,-0.0345197463373974,0
302,-22.226357,5.7462234,-2.072192177156677,2,0.023586886935773,2,0.0996387436715968,0.0850492518807105,3,0.0,-1.0200155955341494,1.1697805251007627,0,0.1529753601089609,-1.0261667362455194,-0.9614863916702532,8,0.2462002046576992,2,-1.12675969126874,-0.6449568853724008,-0.6780493930322936,0,0,-0.8772324258614291,-0.4262300150429028,-1.584178240646517,0.0,-0.9320143892374164,-1.4501666878357553,-0.6201892226844657,0.3380961637724818,-1.1442943653688686,-1.1676872598353414,-0.6791456840737199,-1.1559347102263289,0
303,-18.871763,-15.403403,-0.9771736638126856,2,1.6697107679789092,1,0.8400041347276065,-0.8916882501868245,3,0.0,-1.0183539678360845,-0.6605306743650393,1,0.1037688438375884,1.7855109940078144,-0.0577875452794142,0,-1.5679065665042955,2,-0.1788924258861518,-1.3336074695775475,-1.0785044383346123,0,0,1.036019304133083,-0.4262300150429028,0.2662325767951835,0.0,-0.9320143892374164,-0.2930769296747854,-0.6201892226844657,0.3380961637724818,0.161947309717318,-0.339393739508197,-0.6791456840737199,0.8065414765793012,0
304,26.79187,-11.440432,-0.6486681098094882,2,-1.4489998379732976,2,-0.270543951856408,0.0850492518807105,5,0.0,-1.011707457043825,-0.6605306743650393,1,1.6783773645215088,1.7855109940078144,-0.0577875452794142,7,1.153253590238697,1,0.0905305045117683,-0.2912153505878387,0.523315742874663,0,0,-1.1505541015749308,-0.4262300150429028,-0.6589728319256667,0.0,0.241988311858558,-0.1645114009902331,0.1557070814399298,-1.0778621289498782,0.161947309717318,0.7649976209279952,1.4938670923934996,0.8065414765793012,0
305,26.016254,1.8583064,0.2273467008657048,2,0.8168996006915014,1,-1.010909342912418,0.0850492518807105,3,0.0,-1.01004582934576,0.2546249253678617,1,-0.8803614815898617,1.7855109940078144,0.8459113011114247,0,1.153253590238697,0,0.6608232057641482,-0.4737780258699787,-1.0785044383346123,0,0,0.4893759527060795,-0.4262300150429028,-1.584178240646517,0.0,2.5899937140505074,0.9925783571707368,1.707499689688721,-1.0778621289498782,1.794749403575051,1.5932911412551394,0.2521455058408027,0.8065414765793012,0
306,7.5856214,13.222162,-0.1011588531374925,0,0.7499638404683617,1,1.827157989468953,1.0617867539482455,1,0.0,-1.0067225739496302,-0.6605306743650393,0,-0.929567997861234,0.3796721288811475,-0.0577875452794142,2,-0.6608531809232983,1,-0.1761302034136179,-1.0380498821115427,1.7246808787816197,0,0,-0.0572673987209239,-0.4262300150429028,0.2662325767951835,0.0,0.241988311858558,-0.0359458723056809,0.1557070814399298,0.3380961637724818,0.3252275191030913,1.041095461037043,-0.6791456840737199,1.086895217551534,0
307,19.300728,-15.985806,-0.5391662584750891,2,0.2566224966015182,2,-0.270543951856408,0.0850492518807105,1,0.0,-1.0050609462515654,1.1697805251007627,1,1.235518718079156,-1.0261667362455194,-0.0577875452794142,7,0.2462002046576992,1,-0.2165011472429593,0.3755108476711848,-0.6780493930322936,0,0,-0.3305890744344257,-0.4262300150429028,0.2662325767951835,0.0,0.241988311858558,0.2211851850634235,0.1557070814399298,-1.0778621289498782,0.9783483566461848,1.041095461037043,0.5625759024789769,1.086895217551534,0
308,9.516175,12.049473,0.1178448495313057,2,0.1153136694637791,1,1.950552221311621,-0.8916882501868245,1,0.0,-1.0033993185535004,-1.5756862740979405,0,0.743453555365431,-1.0261667362455194,0.8459113011114247,5,-0.6608531809232983,1,1.1809709452074515,1.7418498231084163,0.1228606975723441,0,0,0.4893759527060795,-0.4262300150429028,0.2662325767951835,0.0,0.241988311858558,0.9925783571707368,-0.6201892226844657,0.3380961637724818,0.4885077284888646,1.041095461037043,-0.6791456840737199,-0.8755809692540959,0
309,-19.810127,14.072145,2.3078818762192883,0,-1.0225942543295936,1,-1.010909342912418,1.0617867539482455,1,0.0,-1.0017376908554356,1.1697805251007627,1,-1.6676657419318217,-2.432005601372186,-0.0577875452794142,0,0.2462002046576992,0,-0.1791049045378852,0.3854892540953818,-0.2775943477299747,0,1,-0.6039107501479274,-0.4262300150429028,1.1914379855160335,0.0,0.241988311858558,0.0926196563788712,-0.6201892226844657,0.3380961637724818,-0.3278933184400019,-0.339393739508197,-0.3687152874355457,-0.5952272282818631,0
310,-18.480753,-22.067448,-0.6486681098094882,2,-0.2763844829531117,1,-0.5173324155417446,1.0617867539482455,5,0.0,-1.0000760631573706,0.2546249253678617,1,0.9894861367222936,0.3796721288811475,-0.9614863916702532,6,1.153253590238697,1,-0.3573744933421873,-0.5953459351225199,-1.0785044383346123,0,1,-0.8772324258614291,-0.4262300150429028,0.2662325767951835,0.0,0.241988311858558,-0.678773515728442,0.9316033855643254,0.3380961637724818,-0.3278933184400019,-0.6154915796172451,-0.6791456840737199,-0.3148734873096303,0
311,-14.897013,2.1927032,-0.6486681098094882,2,-1.7266592877878024,0,-0.8875151110697495,0.0850492518807105,0,0.0,-0.9984144354593056,-1.5756862740979405,1,-0.1914702537906465,-1.0261667362455194,-0.0577875452794142,1,-1.5679065665042955,1,-0.0197459157378535,0.493143610728268,0.1228606975723441,0,0,-0.8772324258614291,-0.4262300150429028,1.1914379855160335,0.0,-0.9320143892374164,-0.2930769296747854,-1.3960855268088614,0.3380961637724818,-0.8177339465973219,-0.6154915796172451,-0.3687152874355457,-1.1559347102263289,0
312,50.399246,4.345673,0.8843578088720997,1,1.1069545616584395,1,-0.270543951856408,0.0850492518807105,1,0.0,-0.9967528077612408,-1.5756862740979405,1,1.5307578157073911,0.3796721288811475,0.8459113011114247,2,-1.5679065665042955,0,-0.2747202978179042,0.8425283765107159,-0.6780493930322936,0,0,0.7626976284195812,-0.4262300150429028,-1.584178240646517,0.0,0.241988311858558,1.6354060005934978,-0.6201892226844657,0.3380961637724818,2.774430659889691,1.3171933011460917,2.114727885669848,1.9279564404682328,0
313,-13.741067,-15.267845,-0.6486681098094882,2,-1.5134564959659504,1,-0.8875151110697495,1.0617867539482455,1,0.0,-0.995091180063176,0.2546249253678617,1,-1.6676657419318217,0.3796721288811475,-0.9614863916702532,6,1.153253590238697,0,-0.8091041069273436,-0.9228063149588448,-1.0785044383346123,0,1,0.7626976284195812,-0.4262300150429028,-0.6589728319256667,0.0,0.241988311858558,-1.0644701017820986,-0.6201892226844657,-2.4938204216722384,-0.8177339465973219,-0.6154915796172451,-0.0582848907973714,-0.5952272282818631,0
314,27.737455,-3.5465827,-0.42966440714069,1,-0.6185005907602695,1,-0.5173324155417446,1.0617867539482455,1,0.0,-0.991767924667046,1.1697805251007627,0,0.3990079414658235,0.3796721288811475,0.8459113011114247,3,-0.6608531809232983,1,1.1420873519402437,1.272021475557844,1.324225833479301,0,0,-1.1505541015749308,-0.4262300150429028,-0.6589728319256667,0.0,1.4159910129545328,0.0926196563788712,-0.6201892226844657,0.3380961637724818,0.4885077284888646,0.4888997808189471,1.8042974890316736,1.086895217551534,0
315,44.176094,2.9981334,0.2273467008657048,2,-1.6993891632524494,1,0.0996387436715968,-1.86842575225436,3,0.0,-0.9901062969689812,0.2546249253678617,1,1.629170848250136,0.3796721288811475,1.7496101475022634,3,-1.5679065665042955,1,2.2448515544364627,-1.258980232799398,-0.6780493930322936,0,1,-0.3305890744344257,-0.4262300150429028,1.1914379855160335,0.0,-0.9320143892374164,1.2497094145398413,0.1557070814399298,0.3380961637724818,2.284590031732371,1.3171933011460917,2.7355886789461965,1.6476026994959998,0
316,17.334305,-6.6498604,0.6653541062033014,1,-1.5308102115793571,1,0.0996387436715968,1.0617867539482455,1,0.0,-0.9884446692709165,0.2546249253678617,0,-1.6184592256604493,0.3796721288811475,-0.9614863916702532,2,1.153253590238697,2,-0.8600989833433538,-0.5113024556623815,-1.0785044383346123,0,0,1.036019304133083,-0.4262300150429028,-1.584178240646517,0.0,-0.9320143892374164,-0.2930769296747854,1.707499689688721,0.3380961637724818,0.161947309717318,0.7649976209279952,-0.3687152874355457,0.8065414765793012,0
317,23.470367,20.532553,1.3223652142096962,2,0.7152564092415487,1,-1.010909342912418,-0.8916882501868245,5,0.0,-0.9867830415728516,0.2546249253678617,0,1.1863122018077836,-1.0261667362455194,1.7496101475022634,0,0.2462002046576992,2,1.585317819456065,0.4914571195016431,1.7246808787816197,0,1,-0.8772324258614291,-0.4262300150429028,1.1914379855160335,0.0,-0.9320143892374164,1.76397152927805,-0.6201892226844657,0.3380961637724818,-0.0013328996684553,-0.8915894197262932,-0.6791456840737199,0.8065414765793012,0
318,-33.577007,-9.983521,1.6508707682128936,2,-0.1970532115775388,1,-0.1471497200137397,1.0617867539482455,3,0.0,-0.9834597861767216,0.2546249253678617,1,0.9402796204509212,-1.0261667362455194,-0.0577875452794142,6,-0.6608531809232983,1,-0.3318770551341822,0.4826030405618627,-0.2775943477299747,0,0,-0.0572673987209239,-0.4262300150429028,-1.584178240646517,0.0,-0.9320143892374164,-0.0359458723056809,0.1557070814399298,-1.0778621289498782,0.161947309717318,-0.6154915796172451,1.4938670923934996,0.8065414765793012,1
319,-10.33493,-13.422946,-1.0866755151470848,2,1.0350605969743265,1,-0.5173324155417446,0.0850492518807105,1,0.0,-0.9817981584786568,0.2546249253678617,0,0.9402796204509212,0.3796721288811475,-0.9614863916702532,6,-0.6608531809232983,2,-0.8552119743534861,0.9310691659085204,-0.6780493930322936,0,1,-0.8772324258614291,-0.4262300150429028,-0.6589728319256667,0.0,-0.9320143892374164,-0.9359045730975464,-0.6201892226844657,-1.0778621289498782,-0.4911735278257753,-0.339393739508197,-0.3687152874355457,-0.5952272282818631,0
320,33.907333,-11.235771,-0.5391662584750891,2,-0.5317320126932368,2,-0.1471497200137397,-0.8916882501868245,5,0.0,-0.9784749030825268,0.2546249253678617,0,-0.043850704976529,-1.0261667362455194,-0.0577875452794142,7,-0.6608531809232983,1,-0.2708956820867034,1.449103054353453,-0.6780493930322936,0,1,-1.1505541015749308,-0.4262300150429028,1.1914379855160335,0.0,-0.9320143892374164,0.2211851850634235,-0.6201892226844657,0.3380961637724818,0.9783483566461848,2.145486821473236,2.7355886789461965,1.3672489585237668,0
321,1.211947,-21.667059,-1.0866755151470848,2,1.4242796471607309,2,-0.8875151110697495,0.0850492518807105,1,0.0,-0.976813275384462,1.1697805251007627,1,0.3990079414658235,0.3796721288811475,-0.0577875452794142,7,0.2462002046576992,2,-0.4302546708867351,-1.2748613585167818,-0.6780493930322936,0,1,-1.1505541015749308,-0.4262300150429028,-1.584178240646517,0.0,-0.9320143892374164,-0.8073390444129942,0.1557070814399298,0.3380961637724818,-0.3278933184400019,-0.063295899399149,-0.6791456840737199,-0.0345197463373974,0
322,9.60055,-24.35381,-0.6486681098094882,2,-0.2763844829531117,2,-0.270543951856408,0.0850492518807105,2,0.0,-0.9751516476863972,1.1697805251007627,1,0.349801425194451,0.3796721288811475,-0.0577875452794142,7,1.153253590238697,0,0.2218423112829943,-1.0076930400322954,0.523315742874663,0,0,-0.8772324258614291,-0.4262300150429028,1.1914379855160335,0.0,2.5899937140505074,0.2211851850634235,0.1557070814399298,0.3380961637724818,-0.0013328996684553,0.7649976209279952,-0.3687152874355457,0.8065414765793012,0
323,-4.591721,-1.3135263,-0.5391662584750891,2,0.5342819464160231,1,-0.8875151110697495,1.0617867539482455,3,0.0,-0.9734900199883324,-1.5756862740979405,0,0.3990079414658235,1.7855109940078144,-0.0577875452794142,6,1.153253590238697,2,-0.3076544888365774,-0.5278862860575259,1.7246808787816197,0,0,0.2160542769925777,-0.4262300150429028,0.2662325767951835,0.0,-0.9320143892374164,-0.1645114009902331,-2.171981830933257,-1.0778621289498782,-0.0013328996684553,0.7649976209279952,-0.6791456840737199,0.8065414765793012,0
324,-46.845505,-5.8243103,-0.9771736638126856,2,0.8788771564536676,1,-0.8875151110697495,1.0617867539482455,3,0.0,-0.9718283922902672,-1.5756862740979405,1,0.8910731041795485,-2.432005601372186,-0.9614863916702532,6,1.153253590238697,1,-0.6457080237443779,1.4649841800708372,0.9237707881769818,0,1,-0.6039107501479274,-0.4262300150429028,1.1914379855160335,0.0,-0.9320143892374164,-0.8073390444129942,0.9316033855643254,-1.0778621289498782,-0.6544537372115486,-0.6154915796172451,-0.0582848907973714,-0.5952272282818631,1
325,13.486552,-2.0363789,-0.7581699611438873,2,1.1714112196510924,1,2.320734916839626,-0.8916882501868245,3,0.0,-0.9701667645922024,1.1697805251007627,0,-0.0930572212479015,0.3796721288811475,-0.0577875452794142,6,1.153253590238697,1,-0.154669859588547,-0.3343614178023245,-0.6780493930322936,0,0,-0.6039107501479274,-0.4262300150429028,1.1914379855160335,0.0,1.4159910129545328,-0.0359458723056809,-0.6201892226844657,0.3380961637724818,0.4885077284888646,1.041095461037043,-0.3687152874355457,1.3672489585237668,0
326,7.789142,33.06162,-0.6486681098094882,1,-0.01112054429104,1,-0.270543951856408,-0.8916882501868245,1,0.0,-0.9685051368941376,0.2546249253678617,0,-0.8803614815898617,-1.0261667362455194,0.8459113011114247,4,0.2462002046576992,1,0.5184625091027866,-0.0392254531429759,-0.6780493930322936,0,0,2.4026276827005915,2.346151056253851,-1.584178240646517,0.0,0.241988311858558,-0.1645114009902331,-0.6201892226844657,0.3380961637724818,0.4885077284888646,1.3171933011460917,1.8042974890316736,1.3672489585237668,0
327,46.23258,3.1762264,0.2273467008657048,1,-0.3234874253323581,1,-0.270543951856408,-0.8916882501868245,3,0.0,-0.9651818814980078,0.2546249253678617,1,-0.5851223839616266,-1.0261667362455194,2.6533089938931025,3,1.153253590238697,1,2.7131545028568222,0.9595989758255908,-0.6780493930322936,0,0,-0.0572673987209239,-0.4262300150429028,-1.584178240646517,0.0,0.241988311858558,1.2497094145398413,-0.6201892226844657,0.3380961637724818,2.284590031732371,1.3171933011460917,3.3564494722225446,-0.3148734873096303,0
328,-46.258427,0.047945794,0.2273467008657048,2,0.8912726676061008,2,-0.7641208792270812,-0.8916882501868245,3,0.0,-0.9635202537999428,1.1697805251007627,0,-1.2248070954894692,0.3796721288811475,-0.0577875452794142,7,0.2462002046576992,1,-0.2687708955693696,0.4869598095639769,0.523315742874663,0,1,0.7626976284195812,-0.4262300150429028,-1.584178240646517,0.0,-0.9320143892374164,0.0926196563788712,0.1557070814399298,-1.0778621289498782,-0.9810141559830952,-1.1676872598353414,-0.6791456840737199,-1.1559347102263289,1
329,1.3276945,-19.611097,-0.42966440714069,1,-0.7300601911321688,2,0.0996387436715968,0.0850492518807105,2,0.0,-0.961858626101878,-0.6605306743650393,1,-0.9787745141326066,-1.0261667362455194,-0.0577875452794142,7,1.153253590238697,2,-0.3869090259331265,-1.4048617239024472,0.1228606975723441,0,0,-0.3305890744344257,-0.4262300150429028,0.2662325767951835,0.0,-0.9320143892374164,-0.2930769296747854,2.4833959938131165,-1.0778621289498782,-0.0013328996684553,0.7649976209279952,-0.6791456840737199,-0.8755809692540959,0
330,34.33664,21.862717,1.103361511540898,2,1.6845853813618292,1,-0.5173324155417446,2.038524256015781,1,0.0,-0.960196998403813,1.1697805251007627,1,-1.1756005792180968,0.3796721288811475,2.6533089938931025,5,0.2462002046576992,1,2.5066252533719813,0.2897808769844217,0.523315742874663,0,0,-1.1505541015749308,-0.4262300150429028,-0.6589728319256667,0.0,0.241988311858558,1.2497094145398413,-0.6201892226844657,0.3380961637724818,-0.6544537372115486,-0.6154915796172451,-0.3687152874355457,-0.8755809692540959,0
331,0.3128754,6.249449,0.6653541062033014,1,-0.6036259773773496,1,0.0996387436715968,1.0617867539482455,1,0.0,-0.958535370705748,0.2546249253678617,0,0.7926600716368035,-1.0261667362455194,-0.0577875452794142,2,0.2462002046576992,0,-0.2647338011864355,-1.1364285369979923,-0.6780493930322936,0,0,-1.1505541015749308,-0.4262300150429028,-0.6589728319256667,0.0,0.241988311858558,-0.2930769296747854,0.1557070814399298,1.754054456494842,0.3252275191030913,0.7649976209279952,-0.6791456840737199,-1.1559347102263289,0
332,-4.120772,-28.976894,-1.0866755151470848,0,-1.4688326558171907,2,-1.010909342912418,-1.86842575225436,2,0.0,-0.9568737430076832,0.2546249253678617,1,0.349801425194451,0.3796721288811475,-0.0577875452794142,7,-0.6608531809232983,1,-0.0327071134935894,1.095361519568891,-1.0785044383346123,0,1,-0.6039107501479274,-0.4262300150429028,1.1914379855160335,0.0,0.241988311858558,-0.678773515728442,-2.171981830933257,0.3380961637724818,-0.3278933184400019,-0.063295899399149,-0.3687152874355457,-0.0345197463373974,0
333,-5.945006,-14.29962,1.869874470881692,1,0.3111627456722245,1,1.3335810620982798,1.0617867539482455,1,0.0,-0.9552121153096184,1.1697805251007627,0,-1.7168722582031943,0.3796721288811475,-0.0577875452794142,6,0.2462002046576992,2,-0.3471755180589852,0.3614567541159777,0.1228606975723441,0,0,-0.8772324258614291,-0.4262300150429028,1.1914379855160335,0.0,-0.9320143892374164,1.121143885855289,0.9316033855643254,-1.0778621289498782,-0.4911735278257753,-0.339393739508197,-0.6791456840737199,-0.3148734873096303,0
334,-1.9543928,0.7210837,0.6653541062033014,2,0.49213720849775,1,-0.270543951856408,0.0850492518807105,1,0.0,-0.9535504876115536,0.2546249253678617,0,-1.1263940629467242,0.3796721288811475,0.8459113011114247,0,-1.5679065665042955,1,0.7398652642089639,-0.7098867975974575,2.1251359240839385,0,0,0.2160542769925777,-0.4262300150429028,-1.584178240646517,0.0,0.241988311858558,-0.1645114009902331,-1.3960855268088614,-1.0778621289498782,-0.9810141559830952,-1.1676872598353414,-0.6791456840737199,-1.1559347102263289,0
335,28.651054,-8.634439,0.8843578088720997,2,-0.6284169996822161,1,-0.1471497200137397,1.0617867539482455,4,0.0,-0.9518888599134886,1.1697805251007627,1,0.448214457737196,0.3796721288811475,-0.0577875452794142,6,1.153253590238697,1,-0.5962004978905013,-0.7076381426286243,2.5255909693862573,0,0,-0.3305890744344257,-0.4262300150429028,-1.584178240646517,0.0,1.4159910129545328,0.0926196563788712,0.1557070814399298,0.3380961637724818,0.4885077284888646,1.3171933011460917,2.114727885669848,1.086895217551534,0
336,-3.842942,21.864796,0.3368485522001039,2,0.7970667828476081,2,-1.010909342912418,-0.8916882501868245,3,0.0,-0.9502272322154236,-0.6605306743650393,1,-0.4375028351475091,-2.432005601372186,-0.0577875452794142,7,1.153253590238697,1,0.2027192326269905,-0.1461771050981017,-0.2775943477299747,0,1,1.855984331273588,2.346151056253851,0.2662325767951835,0.0,2.5899937140505074,-0.678773515728442,-0.6201892226844657,-1.0778621289498782,-0.4911735278257753,-0.339393739508197,-0.6791456840737199,-0.5952272282818631,0
337,-37.64147,-12.138271,-0.8676718124782865,2,-1.2010896149246324,1,-0.1471497200137397,1.0617867539482455,4,0.0,-0.9485656045173588,-0.6605306743650393,1,0.5466274902799411,-2.432005601372186,-0.9614863916702532,2,-1.5679065665042955,1,-0.931491810325768,-1.342742630388432,-0.6780493930322936,0,1,-1.1505541015749308,-0.4262300150429028,1.1914379855160335,0.0,-0.9320143892374164,-0.5502079870438897,0.9316033855643254,-1.0778621289498782,-0.0013328996684553,0.7649976209279952,-0.6791456840737199,0.8065414765793012,1
338,-14.826951,-6.9907846,-0.8676718124782865,2,-0.1598666781202391,1,-0.0237554881710714,2.038524256015781,4,0.0,-0.9469039768192938,-0.6605306743650393,1,-1.7660787744745667,-1.0261667362455194,-0.9614863916702532,2,1.153253590238697,2,-0.5354316034947559,-0.9405144728384056,-1.0785044383346123,0,0,0.4893759527060795,-0.4262300150429028,0.2662325767951835,0.0,-0.9320143892374164,-0.9359045730975464,-0.6201892226844657,0.3380961637724818,-0.6544537372115486,-0.6154915796172451,-0.0582848907973714,-0.5952272282818631,0
339,10.261428,-23.369268,-0.7581699611438873,2,-0.5763558528419964,2,-0.5173324155417446,0.0850492518807105,2,0.0,-0.945242349121229,1.1697805251007627,0,-1.7660787744745667,-1.0261667362455194,-0.0577875452794142,7,0.2462002046576992,0,-0.0817896820439992,-1.2482991216974406,-0.6780493930322936,0,0,-0.6039107501479274,-0.4262300150429028,0.2662325767951835,0.0,2.5899937140505074,-0.1645114009902331,-0.6201892226844657,0.3380961637724818,0.4885077284888646,1.3171933011460917,-0.3687152874355457,-0.5952272282818631,0
340,9.774934,-16.882372,-1.0866755151470848,2,0.811941396230528,2,-0.1471497200137397,1.0617867539482455,2,0.0,-0.9419190937250992,-0.6605306743650393,0,-0.4867093514188816,0.3796721288811475,-0.0577875452794142,7,-0.6608531809232983,1,-0.0613917314775951,-1.5316296477704152,-0.6780493930322936,0,0,0.7626976284195812,-0.4262300150429028,-1.584178240646517,0.0,0.241988311858558,-0.4216424583593375,0.1557070814399298,0.3380961637724818,0.161947309717318,0.7649976209279952,-0.6791456840737199,0.8065414765793012,0
341,-3.6856017,8.133235,0.0083429981969065,2,0.9656457345207003,1,-0.5173324155417446,-0.8916882501868245,3,0.0,-0.9385958383289692,1.1697805251007627,1,-0.2406767700620191,0.3796721288811475,-0.0577875452794142,4,1.153253590238697,0,-0.0331320707970562,1.2457403206096067,1.7246808787816197,0,0,0.2160542769925777,-0.4262300150429028,0.2662325767951835,0.0,1.4159910129545328,-0.4216424583593375,-0.6201892226844657,-1.0778621289498782,-0.1646131090542286,-0.6154915796172451,-0.6791456840737199,-0.0345197463373974,0
342,21.841787,7.63167,0.1178448495313057,2,-1.1391120591624662,1,0.7166099028849382,-0.8916882501868245,1,0.0,-0.9369342106309044,0.2546249253678617,1,1.2847252343505289,-1.0261667362455194,0.8459113011114247,5,1.153253590238697,0,1.0638952081023616,0.1923860086468366,-1.0785044383346123,0,1,-0.3305890744344257,-0.4262300150429028,-0.6589728319256667,0.0,0.241988311858558,0.0926196563788712,0.1557070814399298,0.3380961637724818,0.651787937874638,1.5932911412551394,-0.0582848907973714,1.3672489585237668,0
343,20.935257,-3.4556148,-0.6486681098094882,2,1.0648098237401664,1,-0.270543951856408,1.0617867539482455,3,0.0,-0.9352725829328395,0.2546249253678617,0,-1.3232201280322142,0.3796721288811475,0.8459113011114247,4,1.153253590238697,2,0.1360009359827106,1.6021521331696582,-0.6780493930322936,0,1,-0.3305890744344257,-0.4262300150429028,0.2662325767951835,0.0,-0.9320143892374164,-0.0359458723056809,-0.6201892226844657,-1.0778621289498782,0.651787937874638,1.3171933011460917,0.5625759024789769,1.6476026994959998,0
344,9.918713,-22.009691,-0.8676718124782865,2,-1.6324534030293096,2,0.0996387436715968,-1.86842575225436,2,0.0,-0.9336109552347748,1.1697805251007627,0,-1.3232201280322142,-1.0261667362455194,-0.0577875452794142,7,-0.6608531809232983,0,0.3750394191827581,-0.3439182014198653,-0.6780493930322936,0,1,-0.3305890744344257,-0.4262300150429028,-1.584178240646517,0.0,1.4159910129545328,-0.5502079870438897,-0.6201892226844657,0.3380961637724818,-0.0013328996684553,0.7649976209279952,-0.3687152874355457,0.8065414765793012,0
345,16.138956,-4.8666053,-0.2106607044718917,2,1.223472366491312,1,-0.5173324155417446,1.0617867539482455,5,0.0,-0.9319493275367098,0.2546249253678617,1,-0.1914702537906465,0.3796721288811475,0.8459113011114247,4,-0.6608531809232983,2,0.3382806124328841,0.5552627042422833,-1.0785044383346123,0,0,-0.6039107501479274,-0.4262300150429028,1.1914379855160335,0.0,-0.9320143892374164,0.7354472998016324,1.707499689688721,0.3380961637724818,1.4681889848035046,0.4888997808189471,-0.6791456840737199,2.488663922412698,0
346,-22.22469,-14.929497,-1.5246829204846812,2,1.2557006954876386,1,2.073946453154289,-1.86842575225436,1,0.0,-0.9302876998386448,0.2546249253678617,1,0.841866587908176,0.3796721288811475,-0.9614863916702532,6,1.153253590238697,0,-0.7646960687150681,0.2500077922231856,-0.6780493930322936,0,0,-0.8772324258614291,-0.4262300150429028,0.2662325767951835,0.0,1.4159910129545328,-0.9359045730975464,-0.6201892226844657,-1.0778621289498782,-0.4911735278257753,-0.6154915796172451,-0.6791456840737199,-0.5952272282818631,0
347,-6.623971,-7.11265,0.4463504035345031,2,-0.7920377468943351,1,-0.3939381836990763,0.0850492518807105,3,0.0,-0.92862607214058,1.1697805251007627,1,1.432344783164646,-1.0261667362455194,-0.0577875452794142,4,-0.6608531809232983,2,-0.1000628460930695,-0.5907080842493015,1.324225833479301,0,1,-0.0572673987209239,-0.4262300150429028,1.1914379855160335,0.0,-0.9320143892374164,-0.4216424583593375,0.1557070814399298,0.3380961637724818,-0.3278933184400019,-0.063295899399149,-0.3687152874355457,-0.5952272282818631,0
348,-23.723183,2.1009152,1.103361511540898,1,1.2557006954876386,2,-0.6407266473844129,-1.86842575225436,3,0.0,-0.926964444442515,-0.6605306743650393,1,1.629170848250136,0.3796721288811475,-0.0577875452794142,8,0.2462002046576992,2,-0.749397605790265,1.6074926887206369,0.1228606975723441,0,0,1.036019304133083,-0.4262300150429028,-1.584178240646517,0.0,-0.9320143892374164,-0.8073390444129942,0.1557070814399298,0.3380961637724818,-1.1442943653688686,-1.1676872598353414,-0.6791456840737199,-1.1559347102263289,0
349,22.509054,24.326912,0.5558522548689022,2,0.0186286824747997,1,1.7037637576262843,2.038524256015781,1,0.0,-0.92530281674445,-1.5756862740979405,0,-1.0771875466753518,0.3796721288811475,1.7496101475022634,5,1.153253590238697,2,2.01622452517135,0.2231644735327401,-0.2775943477299747,0,0,-0.3305890744344257,-0.4262300150429028,-0.6589728319256667,0.0,-0.9320143892374164,0.6068817711170802,-0.6201892226844657,0.3380961637724818,-0.9810141559830952,-1.1676872598353414,-0.6791456840737199,-1.1559347102263289,0
350,7.6181107,-18.46059,-0.8676718124782865,0,-0.1400338602763459,2,-0.8875151110697495,0.0850492518807105,1,0.0,-0.9236411890463851,1.1697805251007627,1,-0.2406767700620191,0.3796721288811475,-0.0577875452794142,7,0.2462002046576992,1,-0.3939208214403278,0.3675000143447168,-0.6780493930322936,0,0,-0.3305890744344257,-0.4262300150429028,-1.584178240646517,0.0,0.241988311858558,-0.9359045730975464,0.1557070814399298,-1.0778621289498782,-0.4911735278257753,-0.339393739508197,-0.6791456840737199,-0.5952272282818631,0
351,-28.417313,-17.590374,0.5558522548689022,2,-0.6408125108346494,0,-0.8875151110697495,-1.86842575225436,5,0.0,-0.9219795613483204,0.2546249253678617,1,-0.6835354165043717,0.3796721288811475,-0.9614863916702532,1,0.2462002046576992,0,-0.8088916282756102,1.3637947064733462,-1.0785044383346123,0,1,-1.1505541015749308,-0.4262300150429028,0.2662325767951835,0.0,0.241988311858558,-0.9359045730975464,1.707499689688721,0.3380961637724818,-0.6544537372115486,-0.6154915796172451,-0.3687152874355457,-1.1559347102263289,0
352,3.290258,-2.6194994,-0.5391662584750891,2,0.6433624445574357,1,-0.8875151110697495,0.0850492518807105,3,0.0,-0.9203179336502556,0.2546249253678617,0,0.448214457737196,0.3796721288811475,-0.9614863916702532,2,-0.6608531809232983,1,-0.8781596687406906,-1.4555970016367448,-0.6780493930322936,0,0,-0.6039107501479274,-0.4262300150429028,0.2662325767951835,0.0,0.241988311858558,-0.4216424583593375,0.9316033855643254,0.3380961637724818,0.161947309717318,-1.1676872598353414,-0.6791456840737199,0.8065414765793012,0
353,16.564077,31.020561,1.2128633628752972,2,-0.6755199420614625,2,2.4441291486822943,-1.86842575225436,3,0.0,-0.9169946782541256,-1.5756862740979405,0,1.235518718079156,0.3796721288811475,0.8459113011114247,3,0.2462002046576992,1,1.2750989879253367,1.3583136099868154,0.1228606975723441,0,0,1.5826626555600865,2.346151056253851,-0.6589728319256667,0.0,0.241988311858558,0.4783162424325279,0.1557070814399298,-2.4938204216722384,-1.1442943653688686,-1.1676872598353414,-0.6791456840737199,-1.1559347102263289,0
354,23.668945,3.8284676,0.0083429981969065,2,1.280491717792505,1,-0.3939381836990763,0.0850492518807105,3,0.0,-0.9153330505560608,0.2546249253678617,1,-0.7327419327757442,1.7855109940078144,-0.0577875452794142,6,-1.5679065665042955,0,-0.1123866078936053,0.3777595026400179,0.523315742874663,0,1,-0.6039107501479274,-0.4262300150429028,-1.584178240646517,0.0,1.4159910129545328,0.2211851850634235,-0.6201892226844657,0.3380961637724818,-0.0013328996684553,0.7649976209279952,1.1834366957553253,0.8065414765793012,0
355,-10.507996,-32.396267,-0.7581699611438873,0,-0.4003395944774442,2,1.950552221311621,-0.8916882501868245,5,0.0,-0.913671422857996,1.1697805251007627,0,0.9402796204509212,0.3796721288811475,-0.0577875452794142,7,0.2462002046576992,1,-0.3754351787395242,-1.1586340048152193,1.7246808787816197,0,1,-0.8772324258614291,-0.4262300150429028,-0.6589728319256667,0.0,0.241988311858558,-0.9359045730975464,-0.6201892226844657,1.754054456494842,-0.8177339465973219,-0.6154915796172451,-0.0582848907973714,-0.5952272282818631,0
356,20.072828,-15.595822,-1.196177366481484,2,0.3235582568246578,2,-1.010909342912418,0.0850492518807105,1,0.0,-0.912009795159931,0.2546249253678617,1,-0.4375028351475091,0.3796721288811475,-0.0577875452794142,7,0.2462002046576992,1,-0.2564471337688339,0.8211661543068011,-0.6780493930322936,0,0,0.4893759527060795,-0.4262300150429028,-0.6589728319256667,0.0,0.241988311858558,-0.4216424583593375,0.1557070814399298,0.3380961637724818,0.161947309717318,0.7649976209279952,1.4938670923934996,0.8065414765793012,0
357,-0.63532853,25.264252,0.5558522548689022,2,1.3127200467888316,1,-0.8875151110697495,1.0617867539482455,4,0.0,-0.910348167461866,-1.5756862740979405,1,1.5799643319787635,-1.0261667362455194,-0.0577875452794142,0,1.153253590238697,2,0.0590836640552287,0.3885811546775274,0.1228606975723441,0,0,2.1293060069870897,2.346151056253851,-0.6589728319256667,0.0,-0.9320143892374164,0.3497507137479757,2.4833959938131165,0.3380961637724818,-0.9810141559830952,-1.1676872598353414,-0.6791456840737199,-1.1559347102263289,0
358,-45.68296,-2.2480788,-1.7436866231534796,1,-0.1152428379714794,2,-1.010909342912418,-1.86842575225436,5,0.0,-0.9086865397638012,-1.5756862740979405,0,1.629170848250136,-1.0261667362455194,-0.9614863916702532,8,-0.6608531809232983,2,-0.9198054844804322,-0.7256273823792895,-0.6780493930322936,0,1,-1.1505541015749308,-0.4262300150429028,0.2662325767951835,0.0,-0.9320143892374164,-1.0644701017820986,0.1557070814399298,0.3380961637724818,-0.6544537372115486,-0.6154915796172451,-0.3687152874355457,-0.5952272282818631,1
359,2.6213078,10.107844,-0.1011588531374925,0,0.1053972605418325,2,-1.010909342912418,2.038524256015781,3,0.0,-0.9070249120657364,1.1697805251007627,0,-1.0279810304039791,0.3796721288811475,-0.0577875452794142,7,1.153253590238697,2,0.0318863966333566,0.1353263888126959,0.523315742874663,0,0,-0.0572673987209239,-0.4262300150429028,-0.6589728319256667,0.0,-0.9320143892374164,-0.5502079870438897,2.4833959938131165,0.3380961637724818,-0.9810141559830952,-1.1676872598353414,-0.6791456840737199,-1.1559347102263289,0
360,29.34136,-11.067614,-0.1011588531374925,1,-0.6482498175261093,2,-0.7641208792270812,1.0617867539482455,3,0.0,-0.9037016566696064,-1.5756862740979405,1,-0.8803614815898617,-1.0261667362455194,0.8459113011114247,7,1.153253590238697,1,0.6790963698132185,-0.993217323670432,0.523315742874663,0,0,-1.1505541015749308,-0.4262300150429028,-1.584178240646517,0.0,0.241988311858558,0.6068817711170802,-0.6201892226844657,0.3380961637724818,0.9783483566461848,1.3171933011460917,-0.3687152874355457,2.2083101814404653,0
361,-12.192715,-0.818294,2.198380024884889,2,-0.5193365015408035,1,-1.010909342912418,1.0617867539482455,3,0.0,-0.9020400289715416,1.1697805251007627,1,1.0878991692650386,0.3796721288811475,-0.0577875452794142,0,0.2462002046576992,1,0.0535592191101609,-1.5945919868977427,-0.2775943477299747,0,0,-1.1505541015749308,-0.4262300150429028,0.2662325767951835,0.0,-0.9320143892374164,0.4783162424325279,-0.6201892226844657,0.3380961637724818,-0.6544537372115486,-0.6154915796172451,-0.3687152874355457,-0.5952272282818631,0
362,-10.596203,-11.8289385,0.3368485522001039,2,0.9135845876804808,1,0.0996387436715968,1.0617867539482455,1,0.0,-0.9003784012734767,1.1697805251007627,0,-0.9787745141326066,1.7855109940078144,-0.9614863916702532,2,0.2462002046576992,1,-0.9115188170628306,1.1498914025630946,0.1228606975723441,0,1,-0.6039107501479274,-0.4262300150429028,0.2662325767951835,0.0,0.241988311858558,-0.1645114009902331,0.1557070814399298,0.3380961637724818,-0.0013328996684553,0.7649976209279952,-0.3687152874355457,0.8065414765793012,0
363,-12.739788,24.586588,-1.7436866231534796,0,0.229352372066165,2,-0.0237554881710714,-0.8916882501868245,3,0.0,-0.8987167735754118,-1.5756862740979405,1,-1.3232201280322142,0.3796721288811475,-0.9614863916702532,8,1.153253590238697,2,-0.8271647923246805,-1.610894735421783,-0.6780493930322936,0,0,2.4026276827005915,2.346151056253851,0.2662325767951835,0.0,-0.9320143892374164,-1.0644701017820986,0.1557070814399298,-1.0778621289498782,-0.6544537372115486,-0.6154915796172451,-0.0582848907973714,-0.5952272282818631,0
364,-44.931503,0.15321377,-0.42966440714069,2,-1.1217583435490597,2,-0.5173324155417446,0.0850492518807105,2,0.0,-0.8970551458773469,1.1697805251007627,0,-1.569252709389077,0.3796721288811475,-0.9614863916702532,8,0.2462002046576992,2,-0.775957437256937,-0.7256273823792895,-0.6780493930322936,0,1,-0.6039107501479274,-0.4262300150429028,-0.6589728319256667,0.0,-0.9320143892374164,-1.3216011591512031,-0.6201892226844657,0.3380961637724818,-0.9810141559830952,-1.1676872598353414,-0.6791456840737199,-1.1559347102263289,1
365,-9.130473,33.64005,0.0083429981969065,2,0.293809030058818,1,0.0996387436715968,0.0850492518807105,3,0.0,-0.895393518179282,0.2546249253678617,0,1.5799643319787635,0.3796721288811475,-0.9614863916702532,2,-1.5679065665042955,1,-0.6482577675651784,0.4707976019754887,1.324225833479301,0,0,1.3093409798465847,2.346151056253851,-0.6589728319256667,0.0,0.241988311858558,0.7354472998016324,0.1557070814399298,0.3380961637724818,-0.3278933184400019,-0.063295899399149,-0.6791456840737199,-0.3148734873096303,0
366,1.7457552,9.000309,0.9938596602064989,0,0.8466488274573412,1,-0.270543951856408,1.0617867539482455,3,0.0,-0.8937318904812172,0.2546249253678617,0,-1.7660787744745667,0.3796721288811475,-0.0577875452794142,4,0.2462002046576992,1,-0.2645213225347022,0.2432618273166862,-0.2775943477299747,0,0,-0.3305890744344257,-0.4262300150429028,0.2662325767951835,0.0,-0.9320143892374164,-0.5502079870438897,-0.6201892226844657,1.754054456494842,-0.9810141559830952,-1.1676872598353414,-0.6791456840737199,-1.1559347102263289,0
367,30.873531,-21.73809,0.4463504035345031,1,-1.6349325052597965,2,-0.6407266473844129,0.0850492518807105,2,0.0,-0.8920702627831522,-1.5756862740979405,1,-0.4867093514188816,0.3796721288811475,-0.0577875452794142,7,-0.6608531809232983,2,0.6060037136169373,-0.6682866806740446,-0.6780493930322936,0,0,0.7626976284195812,-0.4262300150429028,0.2662325767951835,0.0,-0.9320143892374164,-0.4216424583593375,1.707499689688721,0.3380961637724818,0.161947309717318,0.7649976209279952,1.4938670923934996,0.8065414765793012,1
368,22.281542,20.316023,1.4318670655440953,2,0.6036968088696494,1,0.0996387436715968,0.0850492518807105,5,0.0,-0.8870853796889575,1.1697805251007627,1,1.6783773645215088,-1.0261667362455194,0.8459113011114247,0,1.153253590238697,2,0.8484418552447187,-1.6243866652347818,1.324225833479301,0,0,-0.0572673987209239,-0.4262300150429028,1.1914379855160335,0.0,-0.9320143892374164,1.121143885855289,-0.6201892226844657,0.3380961637724818,-0.4911735278257753,-0.339393739508197,-0.3687152874355457,-0.3148734873096303,0
369,9.874035,-36.562714,0.3368485522001039,2,-0.5639603416895632,2,1.5803695257836163,-0.8916882501868245,2,0.0,-0.8854237519908926,0.2546249253678617,1,0.1037688438375884,-1.0261667362455194,-0.0577875452794142,7,0.2462002046576992,1,-0.0261202752898548,-1.1528718264575846,-0.2775943477299747,0,1,-0.8772324258614291,-0.4262300150429028,-1.584178240646517,0.0,1.4159910129545328,-0.4216424583593375,2.4833959938131165,0.3380961637724818,-0.1646131090542286,-0.063295899399149,-0.3687152874355457,-1.1559347102263289,1
370,-10.663899,-23.484184,-0.6486681098094882,2,-0.977970414180834,1,-0.0237554881710714,1.0617867539482455,1,0.0,-0.8837621242928277,0.2546249253678617,1,-1.1756005792180968,-1.0261667362455194,-0.9614863916702532,6,-0.6608531809232983,2,-0.8171782956932119,-0.9503523383270506,-1.0785044383346123,0,1,0.2160542769925777,-0.4262300150429028,1.1914379855160335,0.0,-0.9320143892374164,-1.0644701017820986,1.707499689688721,0.3380961637724818,-0.8177339465973219,-0.6154915796172451,-0.0582848907973714,-0.5952272282818631,0
371,-49.913292,0.33194053,-1.7436866231534796,2,-1.60270417626347,2,0.3464272073569334,0.0850492518807105,1,0.0,-0.8821004965947629,0.2546249253678617,0,1.1863122018077836,1.7855109940078144,-0.9614863916702532,8,-0.6608531809232983,2,-0.8046420552409427,1.5612547209240055,-0.6780493930322936,0,0,-0.0572673987209239,-0.4262300150429028,1.1914379855160335,0.0,-0.9320143892374164,-1.3216011591512031,-2.171981830933257,0.3380961637724818,-0.9810141559830952,-1.1676872598353414,-0.6791456840737199,-1.1559347102263289,1
372,-4.266361,-13.472444,-0.8676718124782865,2,1.1912440374949855,1,1.7037637576262843,0.0850492518807105,1,0.0,-0.8804388688966979,1.1697805251007627,1,-0.5851223839616266,0.3796721288811475,-0.9614863916702532,6,1.153253590238697,2,-0.9140685608836312,0.5417707744292845,2.5255909693862573,0,0,0.2160542769925777,-0.4262300150429028,1.1914379855160335,0.0,-0.9320143892374164,-0.678773515728442,0.9316033855643254,0.3380961637724818,-0.6544537372115486,-0.6154915796172451,-0.3687152874355457,-0.5952272282818631,0
373,-11.662144,6.9699593,-0.2106607044718917,2,-0.117721940201966,1,-0.0237554881710714,1.0617867539482455,1,0.0,-0.878777241198633,0.2546249253678617,1,1.5307578157073911,-1.0261667362455194,-0.0577875452794142,0,-0.6608531809232983,2,0.0078763089874852,0.7140739614161232,2.5255909693862573,0,0,1.036019304133083,-0.4262300150429028,0.2662325767951835,0.0,-0.9320143892374164,-0.1645114009902331,1.707499689688721,0.3380961637724818,-0.9810141559830952,-0.8915894197262932,-0.6791456840737199,-1.1559347102263289,0
374,-20.25082,-15.820759,-1.0866755151470848,2,1.652357052365503,1,-1.010909342912418,-0.8916882501868245,3,0.0,-0.8771156135005681,1.1697805251007627,1,0.7926600716368035,0.3796721288811475,-0.9614863916702532,2,-0.6608531809232983,0,-0.5709155383342297,0.5014355259258402,-0.6780493930322936,0,0,-1.1505541015749308,-0.4262300150429028,-0.6589728319256667,0.0,0.241988311858558,-0.8073390444129942,-0.6201892226844657,0.3380961637724818,-0.3278933184400019,-0.6154915796172451,-0.6791456840737199,-0.0345197463373974,0
375,21.213161,-19.717072,-0.9771736638126856,2,-1.2357970461514456,2,-0.0237554881710714,1.0617867539482455,1,0.0,-0.8754539858025032,-0.6605306743650393,1,1.2847252343505289,0.3796721288811475,-0.0577875452794142,7,1.153253590238697,2,-0.265583715793369,0.9046474700247312,-0.6780493930322936,0,0,0.2160542769925777,-0.4262300150429028,1.1914379855160335,0.0,-0.9320143892374164,-0.5502079870438897,-1.3960855268088614,0.3380961637724818,-0.0013328996684553,0.212801940709899,-0.6791456840737199,0.8065414765793012,0
376,15.720034,27.405573,1.3223652142096962,2,1.1367037884242792,1,-0.270543951856408,0.0850492518807105,4,0.0,-0.8737923581044383,-0.6605306743650393,1,-1.7168722582031943,-1.0261667362455194,0.8459113011114247,0,0.2462002046576992,2,0.948094342907672,-0.3158100143094511,2.1251359240839385,0,0,2.4026276827005915,2.346151056253851,0.2662325767951835,0.0,-0.9320143892374164,1.8925370579626024,-0.6201892226844657,0.3380961637724818,-0.3278933184400019,-0.6154915796172451,-0.6791456840737199,-1.1559347102263289,0
377,24.65604,-10.930085,1.5413689168784943,2,0.9309383032938872,2,0.59321567104227,-0.8916882501868245,1,0.0,-0.8721307304063735,0.2546249253678617,0,1.038692652993666,0.3796721288811475,-0.0577875452794142,7,1.153253590238697,1,-0.3329394483928491,0.0771424414941386,0.523315742874663,0,0,-1.1505541015749308,-0.4262300150429028,0.2662325767951835,0.0,0.241988311858558,0.8640128284861845,-0.6201892226844657,-1.0778621289498782,-0.0013328996684553,0.7649976209279952,-0.6791456840737199,0.8065414765793012,0
378,-0.5851691,-3.5592842,-0.1011588531374925,2,-1.1738194903892794,1,-0.8875151110697495,0.0850492518807105,1,0.0,-0.8704691027083085,1.1697805251007627,0,1.4815512994360187,0.3796721288811475,-0.9614863916702532,6,0.2462002046576992,1,-0.8414008619908167,-0.3436371195487612,0.523315742874663,0,0,-0.6039107501479274,-0.4262300150429028,-0.6589728319256667,0.0,0.241988311858558,-0.678773515728442,0.1557070814399298,0.3380961637724818,-0.8177339465973219,-0.6154915796172451,-0.0582848907973714,-0.5952272282818631,0
379,-5.111161,-36.829647,-0.3201625558062908,0,1.387093113703431,2,1.2101868302556114,0.0850492518807105,2,0.0,-0.8688074750102436,-1.5756862740979405,1,0.0545623275662159,1.7855109940078144,-0.0577875452794142,7,1.153253590238697,2,-0.2547473045549669,-1.3577805104925036,2.1251359240839385,0,1,-0.6039107501479274,-0.4262300150429028,-0.6589728319256667,0.0,-0.9320143892374164,-0.2930769296747854,0.1557070814399298,-1.0778621289498782,-0.3278933184400019,-0.6154915796172451,-0.6791456840737199,-0.0345197463373974,1
380,26.622091,20.813908,1.979376322216091,2,1.260658899948612,1,-0.8875151110697495,0.0850492518807105,1,0.0,-0.8638225919160489,0.2546249253678617,0,1.5307578157073911,0.3796721288811475,1.7496101475022634,3,1.153253590238697,2,2.157947785877512,1.2571241363893246,-0.2775943477299747,0,1,-0.6039107501479274,-0.4262300150429028,0.2662325767951835,0.0,-0.9320143892374164,2.406799172700811,-0.6201892226844657,0.3380961637724818,-0.3278933184400019,-0.063295899399149,-0.3687152874355457,-0.5952272282818631,0
381,-2.2438622,-24.51662,-1.4151810691502822,2,1.4094050337778108,2,0.0996387436715968,1.0617867539482455,2,0.0,-0.8604993365199192,1.1697805251007627,0,0.5466274902799411,0.3796721288811475,-0.0577875452794142,7,0.2462002046576992,0,-0.4765750169646109,-1.1802773088902383,-0.6780493930322936,0,1,-0.8772324258614291,-0.4262300150429028,1.1914379855160335,0.0,0.241988311858558,-0.8073390444129942,-0.6201892226844657,1.754054456494842,-0.3278933184400019,-0.6154915796172451,-0.6791456840737199,-0.3148734873096303,0
382,-26.503605,2.8723993,-0.7581699611438873,2,-1.488665473661084,2,-0.8875151110697495,-1.86842575225436,5,0.0,-0.8588377088218542,0.2546249253678617,1,0.3005949089230785,0.3796721288811475,-0.9614863916702532,8,-0.6608531809232983,1,-0.8556369316569529,0.4386137277340645,-0.6780493930322936,0,0,0.7626976284195812,-0.4262300150429028,-1.584178240646517,0.0,0.241988311858558,-1.3216011591512031,0.1557070814399298,0.3380961637724818,-0.9810141559830952,-1.1676872598353414,-0.6791456840737199,-1.1559347102263289,0
383,-24.679884,22.7981,-1.196177366481484,1,-0.5639603416895632,1,-0.7641208792270812,-1.86842575225436,5,0.0,-0.8555144534257244,0.2546249253678617,1,0.349801425194451,0.3796721288811475,-0.9614863916702532,6,-1.5679065665042955,2,-0.7226252956718597,-1.086536504877007,-1.0785044383346123,0,0,1.855984331273588,2.346151056253851,0.2662325767951835,0.0,-0.9320143892374164,-0.5502079870438897,-0.6201892226844657,0.3380961637724818,-0.1646131090542286,-0.063295899399149,-0.6791456840737199,-0.0345197463373974,1
384,-17.619152,-6.371591,-1.6341847718190805,2,-1.3622312599062647,1,0.2230329755142651,0.0850492518807105,3,0.0,-0.8538528257276595,-1.5756862740979405,0,-1.1263940629467242,0.3796721288811475,-0.9614863916702532,6,-0.6608531809232983,1,-0.904931978859096,1.4232435222118722,-0.6780493930322936,0,0,-0.6039107501479274,-0.4262300150429028,1.1914379855160335,0.0,0.241988311858558,-1.193035630466651,-1.3960855268088614,0.3380961637724818,-0.8177339465973219,-0.8915894197262932,-0.3687152874355457,-0.5952272282818631,0
385,25.531008,-13.254882,-0.1011588531374925,2,-1.5828713584195768,2,-0.8875151110697495,-0.8916882501868245,3,0.0,-0.8505295703315298,-0.6605306743650393,1,-0.2406767700620191,-1.0261667362455194,0.8459113011114247,7,0.2462002046576992,1,0.2322537652179298,-1.4762565191628991,-0.6780493930322936,0,0,-0.6039107501479274,-0.4262300150429028,-0.6589728319256667,0.0,1.4159910129545328,-0.1645114009902331,-0.6201892226844657,0.3380961637724818,0.4885077284888646,1.3171933011460917,2.114727885669848,-1.1559347102263289,0
386,-31.514904,13.592176,-0.7581699611438873,1,-0.8391406892735814,1,-0.6407266473844129,0.0850492518807105,5,0.0,-0.8488679426334649,0.2546249253678617,1,-1.2740136117608418,0.3796721288811475,-0.9614863916702532,6,1.153253590238697,2,-0.8962203541380276,-1.5299431565437902,2.5255909693862573,0,1,2.1293060069870897,2.346151056253851,0.2662325767951835,0.0,-0.9320143892374164,-1.0644701017820986,0.9316033855643254,0.3380961637724818,-0.9810141559830952,-1.1676872598353414,-0.6791456840737199,-1.1559347102263289,1
387,24.699306,-2.4736998,0.0083429981969065,2,0.754922044929335,1,0.59321567104227,0.0850492518807105,1,0.0,-0.8472063149353999,1.1697805251007627,0,1.432344783164646,0.3796721288811475,-0.9614863916702532,2,-1.5679065665042955,0,-0.7370738439897293,1.7709417967676953,-0.6780493930322936,0,0,-0.8772324258614291,-0.4262300150429028,0.2662325767951835,0.0,0.241988311858558,0.8640128284861845,-0.6201892226844657,-1.0778621289498782,1.794749403575051,0.7649976209279952,3.0460190755843706,3.6100788863016295,0
388,6.299235,-13.127354,0.3368485522001039,2,-0.1078055312800194,2,-0.8875151110697495,-0.8916882501868245,2,0.0,-0.845544687237335,1.1697805251007627,0,-0.9787745141326066,0.3796721288811475,-0.0577875452794142,7,-0.6608531809232983,0,-0.1674185786925495,1.1580427768251147,1.7246808787816197,0,0,-0.8772324258614291,-0.4262300150429028,0.2662325767951835,0.0,1.4159910129545328,-0.4216424583593375,1.707499689688721,0.3380961637724818,-0.3278933184400019,-0.063295899399149,-0.3687152874355457,-0.3148734873096303,0
389,-7.882677,7.4633527,0.5558522548689022,2,-1.491144575891571,1,-1.010909342912418,1.0617867539482455,1,0.0,-0.8438830595392701,-0.6605306743650393,0,1.432344783164646,0.3796721288811475,-0.9614863916702532,2,-1.5679065665042955,0,-0.8343890664836153,0.8681068267811928,0.1228606975723441,0,0,0.2160542769925777,-0.4262300150429028,-0.6589728319256667,0.0,0.241988311858558,-0.4216424583593375,1.707499689688721,0.3380961637724818,-0.3278933184400019,-0.6154915796172451,-0.3687152874355457,-0.5952272282818631,0
390,-7.9393406,-14.412087,0.0083429981969065,2,1.2457842865656918,1,0.0996387436715968,1.0617867539482455,1,0.0,-0.8422214318412052,0.2546249253678617,1,-0.8311549653184892,0.3796721288811475,-0.0577875452794142,4,-0.6608531809232983,2,-0.4899611720238135,0.9570692389856535,-0.2775943477299747,0,1,-0.8772324258614291,-0.4262300150429028,1.1914379855160335,0.0,-0.9320143892374164,0.8640128284861845,-0.6201892226844657,-1.0778621289498782,-0.9810141559830952,-1.1676872598353414,-0.6791456840737199,-0.8755809692540959,0
391,39.784832,8.245043,0.6653541062033014,2,0.4450342661185036,1,0.3464272073569334,0.0850492518807105,1,0.0,-0.8388981764450755,-1.5756862740979405,1,-0.3390898026047641,-1.0261667362455194,1.7496101475022634,5,-0.6608531809232983,0,1.6643598779008808,-1.4009265777069893,-0.6780493930322936,0,0,-1.1505541015749308,-0.4262300150429028,0.2662325767951835,0.0,0.241988311858558,1.76397152927805,0.1557070814399298,0.3380961637724818,2.9377108692754645,1.5932911412551394,0.2521455058408027,1.3672489585237668,0
392,-8.516992,32.656216,0.3368485522001039,2,-0.6135423862992962,1,-0.8875151110697495,0.0850492518807105,3,0.0,-0.8372365487470106,-0.6605306743650393,0,0.5958340065513135,-1.0261667362455194,-0.0577875452794142,2,0.2462002046576992,1,-0.6491076821721119,-0.1232689326031142,1.324225833479301,0,0,1.855984331273588,2.346151056253851,-0.6589728319256667,0.0,0.241988311858558,1.121143885855289,0.1557070814399298,0.3380961637724818,-0.9810141559830952,-1.1676872598353414,-0.6791456840737199,-1.1559347102263289,0
393,30.340979,22.329252,1.869874470881692,2,0.0458988070101529,1,-0.5173324155417446,-0.8916882501868245,3,0.0,-0.8355749210489456,-1.5756862740979405,1,0.9894861367222936,0.3796721288811475,2.6533089938931025,5,-1.5679065665042955,1,2.7416266421890945,-0.8157141220681667,0.523315742874663,0,0,-1.1505541015749308,-0.4262300150429028,0.2662325767951835,0.0,0.241988311858558,1.6354060005934978,0.9316033855643254,-1.0778621289498782,-0.4911735278257753,-0.6154915796172451,-0.3687152874355457,-0.5952272282818631,0
394,0.78719014,-12.528138,-0.3201625558062908,0,1.4341960560826774,2,-0.6407266473844129,1.0617867539482455,2,0.0,-0.8339132933508807,0.2546249253678617,0,0.3005949089230785,0.3796721288811475,-0.0577875452794142,7,0.2462002046576992,1,0.0074513516840184,-0.2210854237473555,2.5255909693862573,0,0,-0.0572673987209239,-0.4262300150429028,-1.584178240646517,0.0,0.241988311858558,-0.678773515728442,0.1557070814399298,0.3380961637724818,-0.6544537372115486,-0.6154915796172451,-0.3687152874355457,-0.5952272282818631,0
395,12.638815,-5.6096888,-0.6486681098094882,2,-0.7994750535857951,1,-0.270543951856408,-0.8916882501868245,3,0.0,-0.8322516656528158,-0.6605306743650393,0,-1.7168722582031943,0.3796721288811475,-0.0577875452794142,4,-1.5679065665042955,1,-0.4668009989848756,-1.4274888145263307,-0.6780493930322936,0,0,-0.8772324258614291,-0.4262300150429028,-0.6589728319256667,0.0,0.241988311858558,0.2211851850634235,1.707499689688721,-2.4938204216722384,0.9783483566461848,1.5932911412551394,0.2521455058408027,2.2083101814404653,0
396,-15.829422,30.800627,0.6653541062033014,1,-1.2134851260770658,1,1.456975293940948,0.0850492518807105,3,0.0,-0.830590037954751,1.1697805251007627,1,-0.2406767700620191,0.3796721288811475,-0.9614863916702532,2,1.153253590238697,1,-0.9019572777348288,0.1299858332617172,1.7246808787816197,0,0,1.3093409798465847,2.346151056253851,-1.584178240646517,0.0,0.241988311858558,-0.4216424583593375,-1.3960855268088614,0.3380961637724818,-0.6544537372115486,-0.6154915796172451,-0.3687152874355457,-0.5952272282818631,0
397,-4.3609166,3.691274,0.6653541062033014,2,1.6622734612874492,1,-0.1471497200137397,1.0617867539482455,4,0.0,-0.8289284102566861,0.2546249253678617,0,0.3990079414658235,0.3796721288811475,-0.0577875452794142,0,0.2462002046576992,0,-0.4209056102104666,-1.698592279206275,0.523315742874663,0,1,-0.3305890744344257,-0.4262300150429028,1.1914379855160335,0.0,-0.9320143892374164,-0.4216424583593375,0.1557070814399298,0.3380961637724818,-0.3278933184400019,-0.6154915796172451,-0.6791456840737199,-0.5952272282818631,0
398,-5.346138,-25.15517,-1.3056792178158831,2,0.2194359631442184,2,-0.6407266473844129,-0.8916882501868245,1,0.0,-0.8272667825586212,-0.6605306743650393,0,1.629170848250136,-1.0261667362455194,-0.0577875452794142,7,1.153253590238697,2,-0.4283423630211347,-0.3124370318562015,-0.6780493930322936,0,1,-1.1505541015749308,-0.4262300150429028,-0.6589728319256667,0.0,-0.9320143892374164,-0.8073390444129942,0.1557070814399298,0.3380961637724818,-0.3278933184400019,-0.063295899399149,-0.3687152874355457,-0.3148734873096303,0
399,17.94674,8.586785,0.0083429981969065,0,0.6458415467879224,1,1.950552221311621,2.038524256015781,3,0.0,-0.8239435271624913,-0.6605306743650393,0,0.3005949089230785,0.3796721288811475,-0.0577875452794142,6,0.2462002046576992,1,-0.4364165517870029,1.3425730252049837,0.1228606975723441,0,1,-0.0572673987209239,-0.4262300150429028,-1.584178240646517,0.0,1.4159910129545328,0.4783162424325279,-0.6201892226844657,0.3380961637724818,0.9783483566461848,1.8693889813641875,2.4251582823080224,0.8065414765793012,0
400,-21.490326,-3.318418,-0.6486681098094882,2,-1.1738194903892794,1,-1.010909342912418,-0.8916882501868245,1,0.0,-0.8222818994644264,1.1697805251007627,1,1.5799643319787635,-1.0261667362455194,-0.9614863916702532,2,-1.5679065665042955,1,-0.9104564238041636,0.2642024267139448,-0.6780493930322936,0,0,-0.8772324258614291,-0.4262300150429028,0.2662325767951835,0.0,0.241988311858558,-0.9359045730975464,0.1557070814399298,0.3380961637724818,-0.4911735278257753,-0.6154915796172451,0.2521455058408027,-0.5952272282818631,0
401,38.51282,9.359819,0.2273467008657048,1,1.0301023925133532,1,-1.010909342912418,-1.86842575225436,1,0.0,-0.8206202717663615,-0.6605306743650393,1,-0.6835354165043717,0.3796721288811475,2.6533089938931025,3,0.2462002046576992,0,2.697218603976819,-0.8573142389915798,-0.6780493930322936,0,1,-0.3305890744344257,-0.4262300150429028,0.2662325767951835,0.0,0.241988311858558,1.2497094145398413,0.1557070814399298,0.3380961637724818,2.284590031732371,1.041095461037043,-0.3687152874355457,0.5261877356070683,0
402,27.025566,16.360298,2.08887817355049,1,0.2566224966015182,2,-0.3939381836990763,0.0850492518807105,1,0.0,-0.8189586440682967,0.2546249253678617,0,0.9894861367222936,1.7855109940078144,1.7496101475022634,7,-1.5679065665042955,1,1.4255338733525666,0.5541383767578667,2.5255909693862573,0,0,-1.1505541015749308,-0.4262300150429028,1.1914379855160335,0.0,2.5899937140505074,3.1781923448081244,-2.171981830933257,-1.0778621289498782,-0.0013328996684553,0.7649976209279952,1.4938670923934996,0.8065414765793012,0
403,10.059819,-12.115358,-0.7581699611438873,2,0.6929444891671688,2,0.3464272073569334,0.0850492518807105,5,0.0,-0.8172970163702318,-0.6605306743650393,0,0.841866587908176,0.3796721288811475,-0.0577875452794142,7,0.2462002046576992,2,0.0157380191016201,0.7371226748466628,-1.0785044383346123,0,0,-1.1505541015749308,-0.4262300150429028,-0.6589728319256667,0.0,-0.9320143892374164,-0.678773515728442,2.4833959938131165,0.3380961637724818,-0.3278933184400019,-0.063295899399149,0.5625759024789769,-0.0345197463373974,0
404,17.064367,-18.35533,0.4463504035345031,2,-0.3904231855554976,2,-1.010909342912418,0.0850492518807105,2,0.0,-0.8156353886721669,-0.6605306743650393,1,-0.8311549653184892,1.7855109940078144,0.8459113011114247,7,-1.5679065665042955,1,0.4013867719976967,0.7382470023310794,-0.6780493930322936,0,0,0.2160542769925777,-0.4262300150429028,0.2662325767951835,0.0,0.241988311858558,-0.1645114009902331,-0.6201892226844657,0.3380961637724818,0.4885077284888646,0.7649976209279952,-0.6791456840737199,0.8065414765793012,0
405,-19.829105,-16.387222,-0.9771736638126856,2,1.2333887754132586,1,0.9633983665702748,-0.8916882501868245,3,0.0,-0.812312133276037,0.2546249253678617,1,0.645040522822686,0.3796721288811475,-0.0577875452794142,2,-1.5679065665042955,0,-0.413256378748065,-0.1093553799834592,-0.6780493930322936,0,0,-0.8772324258614291,-0.4262300150429028,1.1914379855160335,0.0,0.241988311858558,-0.1645114009902331,-0.6201892226844657,0.3380961637724818,0.4885077284888646,-1.1676872598353414,-0.3687152874355457,1.086895217551534,0
406,-34.28982,-5.912745,-1.3056792178158831,2,-0.2838217896445716,1,-0.7641208792270812,0.0850492518807105,3,0.0,-0.8089888778799073,-1.5756862740979405,1,1.235518718079156,0.3796721288811475,-0.9614863916702532,2,-1.5679065665042955,1,-0.5252326282115539,-0.69105431223348,0.9237707881769818,0,0,-0.6039107501479274,-0.4262300150429028,0.2662325767951835,0.0,0.241988311858558,-0.678773515728442,1.707499689688721,0.3380961637724818,-0.8177339465973219,-0.6154915796172451,-0.6791456840737199,-0.5952272282818631,1
407,27.0513,27.381107,1.6508707682128936,2,-1.1986105126941458,1,-0.7641208792270812,0.0850492518807105,3,0.0,-0.8006807393895827,1.1697805251007627,1,-1.3232201280322142,-1.0261667362455194,0.8459113011114247,4,0.2462002046576992,1,0.3115083023144788,0.7442902625598184,-0.2775943477299747,0,1,-0.3305890744344257,-0.4262300150429028,0.2662325767951835,0.0,-0.9320143892374164,2.1496681153317065,0.9316033855643254,0.3380961637724818,-0.3278933184400019,-0.063295899399149,-0.6791456840737199,-0.0345197463373974,0
408,-14.285638,33.9772,0.8843578088720997,2,-1.5134564959659504,1,0.0996387436715968,-0.8916882501868245,1,0.0,-0.7990191116915178,-1.5756862740979405,1,0.1529753601089609,0.3796721288811475,-0.9614863916702532,6,1.153253590238697,1,-0.817815731648412,-0.6546542099254937,0.1228606975723441,0,0,1.5826626555600865,2.346151056253851,1.1914379855160335,0.0,1.4159910129545328,-0.4216424583593375,0.1557070814399298,-1.0778621289498782,-0.8177339465973219,-0.6154915796172451,-0.6791456840737199,-0.5952272282818631,0
409,29.4051,19.630465,1.6508707682128936,2,1.7044181992057224,1,-0.6407266473844129,-0.8916882501868245,1,0.0,-0.7956958562953881,1.1697805251007627,0,-1.7660787744745667,0.3796721288811475,1.7496101475022634,3,1.153253590238697,1,2.135850006097241,-0.5625998971388874,-0.2775943477299747,0,0,-0.6039107501479274,-0.4262300150429028,1.1914379855160335,0.0,-0.9320143892374164,2.535364701385363,-0.6201892226844657,-2.4938204216722384,-0.3278933184400019,-0.6154915796172451,-0.3687152874355457,-0.0345197463373974,0
410,9.049033,11.055508,0.5558522548689022,1,-0.6705617376004892,1,2.4441291486822943,-0.8916882501868245,1,0.0,-0.7940342285973232,-1.5756862740979405,0,1.2847252343505289,0.3796721288811475,-0.0577875452794142,6,0.2462002046576992,0,-0.4136813360515318,-0.1941015641213579,-0.2775943477299747,0,0,-1.1505541015749308,-0.4262300150429028,-0.6589728319256667,0.0,0.241988311858558,0.9925783571707368,0.1557070814399298,0.3380961637724818,-0.3278933184400019,-0.063295899399149,-0.6791456840737199,-0.5952272282818631,0
411,-6.017211,28.037313,-0.7581699611438873,2,-1.203568717155119,1,-0.8875151110697495,0.0850492518807105,1,0.0,-0.7923726008992583,0.2546249253678617,0,-1.1263940629467242,-2.432005601372186,-0.0577875452794142,4,1.153253590238697,2,-0.0875266056408003,1.4728544724617532,-0.2775943477299747,0,0,1.3093409798465847,2.346151056253851,0.2662325767951835,0.0,-0.9320143892374164,-0.0359458723056809,-0.6201892226844657,0.3380961637724818,-0.3278933184400019,-0.063295899399149,-0.6791456840737199,-0.5952272282818631,0
412,43.1483,6.40528,2.526885578888087,2,-0.9432629829540208,1,-0.270543951856408,0.0850492518807105,1,0.0,-0.7907109732011933,-1.5756862740979405,0,-1.2248070954894692,0.3796721288811475,2.6533089938931025,3,-1.5679065665042955,1,2.7756232264664344,-1.469932177063056,0.9237707881769818,0,0,-1.1505541015749308,-0.4262300150429028,1.1914379855160335,0.0,-0.9320143892374164,2.7924957587544674,1.707499689688721,-2.4938204216722384,3.5908317068185576,1.041095461037043,2.7355886789461965,1.6476026994959998,0
413,8.645267,7.276985,0.9938596602064989,2,1.6920226880532891,1,1.0867925984129432,0.0850492518807105,3,0.0,-0.7890493455031284,0.2546249253678617,0,1.038692652993666,0.3796721288811475,-0.0577875452794142,4,0.2462002046576992,0,-0.3597117585112544,1.6866172354364528,-0.2775943477299747,0,0,-0.3305890744344257,-0.4262300150429028,0.2662325767951835,0.0,0.241988311858558,0.9925783571707368,1.707499689688721,-1.0778621289498782,0.4885077284888646,0.7649976209279952,-0.6791456840737199,1.086895217551534,0
414,11.992107,-2.4471323,0.5558522548689022,1,1.4019677270863509,1,2.320734916839626,1.0617867539482455,5,0.0,-0.7873877178050636,1.1697805251007627,0,1.0878991692650386,-1.0261667362455194,-0.0577875452794142,0,1.153253590238697,1,-0.4206931315587331,-1.3951643993493543,-1.0785044383346123,0,0,-1.1505541015749308,-0.4262300150429028,1.1914379855160335,0.0,2.5899937140505074,-0.5502079870438897,0.9316033855643254,1.754054456494842,-0.1646131090542286,0.212801940709899,-0.6791456840737199,-0.0345197463373974,0
415,-45.929325,-2.3369806,-1.4151810691502822,2,1.600295905525283,2,-1.010909342912418,-1.86842575225436,5,0.0,-0.7824028347108689,-1.5756862740979405,0,-0.1914702537906465,0.3796721288811475,-0.9614863916702532,8,-0.6608531809232983,2,-0.7013774304985222,1.0763884932693617,-0.6780493930322936,0,1,0.2160542769925777,-0.4262300150429028,-0.6589728319256667,0.0,-0.9320143892374164,-0.678773515728442,0.9316033855643254,0.3380961637724818,-0.3278933184400019,-0.339393739508197,-0.3687152874355457,-0.0345197463373974,1
416,-46.53347,2.4401555,-0.3201625558062908,1,-1.2556298639953387,2,-0.3939381836990763,-0.8916882501868245,2,0.0,-0.780741207012804,1.1697805251007627,0,-1.6184592256604493,-2.432005601372186,-0.9614863916702532,8,0.2462002046576992,0,-0.8821967631236248,-0.2895288593612139,-1.0785044383346123,0,0,0.2160542769925777,-0.4262300150429028,1.1914379855160335,0.0,0.241988311858558,-1.0644701017820986,0.1557070814399298,-1.0778621289498782,-0.8177339465973219,-0.6154915796172451,-0.3687152874355457,-1.1559347102263289,1
417,-16.185373,28.408932,0.1178448495313057,1,1.7044181992057224,1,-0.8875151110697495,-0.8916882501868245,1,0.0,-0.779079579314739,1.1697805251007627,1,-1.1756005792180968,0.3796721288811475,-0.9614863916702532,2,1.153253590238697,1,-1.0200954080985856,-0.3101883768873683,-0.6780493930322936,0,1,2.1293060069870897,2.346151056253851,0.2662325767951835,0.0,0.241988311858558,-1.3216011591512031,0.1557070814399298,0.3380961637724818,-0.9810141559830952,-1.1676872598353414,-0.6791456840737199,-1.1559347102263289,0
418,37.957745,4.442482,0.3368485522001039,2,1.4763407940009503,2,-0.8875151110697495,1.0617867539482455,1,0.0,-0.7757563239186093,0.2546249253678617,0,0.645040522822686,0.3796721288811475,2.6533089938931025,3,0.2462002046576992,1,2.451593282573037,-0.1814528799216715,-1.0785044383346123,0,0,-0.3305890744344257,-0.4262300150429028,1.1914379855160335,0.0,-0.9320143892374164,1.2497094145398413,-0.6201892226844657,0.3380961637724818,2.1213098223465976,2.97378034180038,-0.3687152874355457,2.2083101814404653,0
419,-5.6804795,42.628376,-1.196177366481484,2,1.3548647847071045,1,1.7037637576262843,0.0850492518807105,1,0.0,-0.7724330685224795,-1.5756862740979405,0,1.1863122018077836,0.3796721288811475,-0.9614863916702532,6,1.153253590238697,0,-0.7685206844462689,-1.5854568260868582,-0.6780493930322936,0,0,1.855984331273588,2.346151056253851,-0.6589728319256667,0.0,1.4159910129545328,-1.0644701017820986,0.1557070814399298,-2.4938204216722384,-0.6544537372115486,-0.6154915796172451,-0.6791456840737199,-0.5952272282818631,0
420,-16.277826,10.942661,-0.7581699611438873,0,1.4812989984619238,1,-0.7641208792270812,0.0850492518807105,1,0.0,-0.7691098131263497,0.2546249253678617,1,-0.6343289002329991,0.3796721288811475,-0.9614863916702532,2,1.153253590238697,1,-0.936166340663902,0.340235072847615,0.523315742874663,0,0,-0.0572673987209239,-0.4262300150429028,0.2662325767951835,0.0,0.241988311858558,-0.2930769296747854,0.1557070814399298,-2.4938204216722384,-0.3278933184400019,-0.339393739508197,-0.3687152874355457,-0.0345197463373974,0
421,9.802533,19.519012,-0.8676718124782865,2,0.4549506750404503,1,-0.7641208792270812,1.0617867539482455,3,0.0,-0.7657865577302199,-0.6605306743650393,1,1.333931750621901,-1.0261667362455194,0.8459113011114247,5,0.2462002046576992,1,1.154198635089046,1.013707236013138,-0.6780493930322936,0,0,0.7626976284195812,-0.4262300150429028,0.2662325767951835,0.0,-0.9320143892374164,-0.1645114009902331,-0.6201892226844657,0.3380961637724818,0.4885077284888646,-0.6154915796172451,-0.6791456840737199,0.8065414765793012,0
422,-33.069542,-0.6380979,-0.8676718124782865,2,-0.977970414180834,1,1.950552221311621,2.038524256015781,5,0.0,-0.764124930032155,0.2546249253678617,0,0.251388392651706,-1.0261667362455194,-0.9614863916702532,6,-0.6608531809232983,1,-0.8407634260356166,0.5603221779221578,0.9237707881769818,0,0,0.2160542769925777,-0.4262300150429028,-0.6589728319256667,0.0,-0.9320143892374164,-0.678773515728442,-0.6201892226844657,1.754054456494842,-0.8177339465973219,-0.6154915796172451,-0.3687152874355457,-0.8755809692540959,1
423,-31.06495,-3.7216306,-1.9626903258222776,2,-0.7771631335114152,0,-0.8875151110697495,-0.8916882501868245,5,0.0,-0.7624633023340901,-1.5756862740979405,1,-0.6835354165043717,-1.0261667362455194,-0.9614863916702532,1,1.153253590238697,2,-0.8369388103044157,0.5795762860927915,-0.6780493930322936,0,0,-0.8772324258614291,-0.4262300150429028,0.2662325767951835,0.0,-0.9320143892374164,-1.3216011591512031,0.1557070814399298,1.754054456494842,-0.9810141559830952,-1.1676872598353414,-0.6791456840737199,-1.1559347102263289,1
424,23.392948,-22.10322,-0.7581699611438873,0,1.4763407940009503,2,1.5803695257836163,1.0617867539482455,4,0.0,-0.7608016746360252,0.2546249253678617,0,0.1529753601089609,0.3796721288811475,0.8459113011114247,7,-1.5679065665042955,1,0.4056363450323642,-1.6054136389352522,-1.0785044383346123,0,0,-1.1505541015749308,-0.4262300150429028,0.2662325767951835,0.0,-0.9320143892374164,-0.1645114009902331,0.1557070814399298,0.3380961637724818,0.3252275191030913,1.041095461037043,1.4938670923934996,1.086895217551534,0
425,27.68292,24.8124,2.198380024884889,2,-1.4688326558171907,2,2.4441291486822943,0.0850492518807105,2,0.0,-0.7591400469379603,-1.5756862740979405,1,-0.4867093514188816,-1.0261667362455194,1.7496101475022634,3,1.153253590238697,0,1.618039531823005,1.0946588148911307,0.1228606975723441,0,0,-0.8772324258614291,-0.4262300150429028,0.2662325767951835,0.0,0.241988311858558,2.6639302300699157,0.1557070814399298,-1.0778621289498782,-0.9810141559830952,-1.1676872598353414,-0.6791456840737199,-1.1559347102263289,0
426,46.385338,5.794307,1.4318670655440953,2,0.7350892270854419,1,2.4441291486822943,1.0617867539482455,1,0.0,-0.7574784192398955,-0.6605306743650393,1,1.0878991692650386,-1.0261667362455194,1.7496101475022634,3,0.2462002046576992,1,2.2401770240983283,-0.7025786689487499,-1.0785044383346123,0,0,-0.0572673987209239,-0.4262300150429028,-0.6589728319256667,0.0,0.241988311858558,2.1496681153317065,-0.6201892226844657,0.3380961637724818,3.264271288047011,1.5932911412551394,3.977310265498893,0.8065414765793012,0
427,8.013602,-1.1607461,-0.7581699611438873,0,0.7772339650037149,1,-0.8875151110697495,0.0850492518807105,3,0.0,-0.7541551638437656,0.2546249253678617,0,-0.8311549653184892,0.3796721288811475,-0.9614863916702532,2,1.153253590238697,2,-0.8369388103044157,-1.0023524844813168,-1.0785044383346123,0,0,-0.3305890744344257,-0.4262300150429028,0.2662325767951835,0.0,-0.9320143892374164,0.0926196563788712,-0.6201892226844657,-1.0778621289498782,0.651787937874638,0.7649976209279952,1.1834366957553253,0.8065414765793012,0
428,40.33119,-5.915915,2.526885578888087,1,1.726730119280102,2,2.320734916839626,0.0850492518807105,2,0.0,-0.7508319084476358,0.2546249253678617,0,0.6942470390940585,-1.0261667362455194,0.8459113011114247,7,-1.5679065665042955,1,0.7995717653460424,-1.6117379810350954,0.523315742874663,0,0,1.036019304133083,-0.4262300150429028,1.1914379855160335,0.0,-0.9320143892374164,1.3782749432243937,1.707499689688721,1.754054456494842,1.794749403575051,2.421584661582284,3.3564494722225446,1.9279564404682328,0
429,-2.0468616,5.3676915,1.103361511540898,2,0.4475133683489903,1,-0.8875151110697495,-0.8916882501868245,3,0.0,-0.7491702807495709,-1.5756862740979405,0,-0.043850704976529,0.3796721288811475,-0.0577875452794142,4,1.153253590238697,0,-0.3044673090605768,-0.973119969886486,0.9237707881769818,0,0,-0.6039107501479274,-0.4262300150429028,0.2662325767951835,0.0,2.5899937140505074,1.121143885855289,-0.6201892226844657,0.3380961637724818,-0.3278933184400019,-1.1676872598353414,-0.6791456840737199,-0.0345197463373974,0
430,29.560493,20.672333,0.9938596602064989,2,0.5119700263416432,1,-0.8875151110697495,0.0850492518807105,1,0.0,-0.747508653051506,-1.5756862740979405,1,-0.7327419327757442,0.3796721288811475,1.7496101475022634,5,0.2462002046576992,1,2.413347125261029,-1.6900192821375988,1.324225833479301,0,0,-0.6039107501479274,-0.4262300150429028,0.2662325767951835,0.0,-0.9320143892374164,1.8925370579626024,-0.6201892226844657,-2.4938204216722384,-0.6544537372115486,-0.6154915796172451,-0.6791456840737199,-0.8755809692540959,0
431,-8.617269,-18.58745,-0.2106607044718917,2,-1.6324534030293096,1,1.5803695257836163,0.0850492518807105,1,0.0,-0.7441853976553762,1.1697805251007627,1,-0.9787745141326066,-2.432005601372186,-0.9614863916702532,2,0.2462002046576992,2,-0.4829493765166122,0.6903225433078233,-1.0785044383346123,0,0,-0.0572673987209239,-0.4262300150429028,0.2662325767951835,0.0,-0.9320143892374164,-0.678773515728442,-0.6201892226844657,0.3380961637724818,-0.3278933184400019,-0.063295899399149,0.5625759024789769,-0.3148734873096303,0
432,-8.804474,-2.8207843,1.869874470881692,2,-0.6308961019127028,1,-0.1471497200137397,1.0617867539482455,1,0.0,-0.7425237699573113,0.2546249253678617,0,-1.1756005792180968,0.3796721288811475,-0.0577875452794142,2,0.2462002046576992,2,-0.5785647697966312,1.2810160954331766,1.7246808787816197,0,0,-1.1505541015749308,-0.4262300150429028,0.2662325767951835,0.0,-0.9320143892374164,0.9925783571707368,0.1557070814399298,0.3380961637724818,-0.9810141559830952,-1.1676872598353414,-0.6791456840737199,-1.1559347102263289,0
433,14.332642,-9.146331,-0.3201625558062908,2,1.2408260821047186,1,-0.8875151110697495,1.0617867539482455,1,0.0,-0.7408621422592464,1.1697805251007627,1,-0.1914702537906465,-1.0261667362455194,-0.9614863916702532,6,0.2462002046576992,0,-0.7935931653508072,-0.8287844290745093,0.1228606975723441,0,0,-0.8772324258614291,-0.4262300150429028,0.2662325767951835,0.0,0.241988311858558,0.3497507137479757,0.1557070814399298,0.3380961637724818,-0.0013328996684553,-0.339393739508197,0.8730062991171511,0.8065414765793012,0
434,-3.867677,-21.642353,0.9938596602064989,2,0.7995458850780948,2,0.0996387436715968,0.0850492518807105,2,0.0,-0.7392005145611815,0.2546249253678617,0,1.3831382668932737,-1.0261667362455194,0.8459113011114247,7,1.153253590238697,1,0.5456597765246587,-0.3865021048921427,-0.2775943477299747,0,1,1.036019304133083,-0.4262300150429028,0.2662325767951835,0.0,0.241988311858558,0.4783162424325279,0.1557070814399298,0.3380961637724818,-0.6544537372115486,-0.6154915796172451,-0.3687152874355457,-0.5952272282818631,0
435,3.0842452,31.227287,-0.6486681098094882,2,1.1689321174206058,1,-0.0237554881710714,-1.86842575225436,1,0.0,-0.7375388868631166,0.2546249253678617,1,-1.6184592256604493,0.3796721288811475,0.8459113011114247,4,-0.6608531809232983,0,0.8807386103081919,0.0113692836557695,-0.6780493930322936,0,0,2.675949358414093,2.346151056253851,1.1914379855160335,0.0,0.241988311858558,0.2211851850634235,2.4833959938131165,1.754054456494842,0.9783483566461848,1.041095461037043,-0.6791456840737199,1.086895217551534,0
436,38.394367,-11.596687,-0.42966440714069,2,1.1763694241120657,1,0.7166099028849382,-1.86842575225436,3,0.0,-0.7358772591650518,-0.6605306743650393,1,-0.4867093514188816,0.3796721288811475,0.8459113011114247,3,0.2462002046576992,1,1.51010037674245,1.4484003496756928,1.7246808787816197,0,1,-0.8772324258614291,-0.4262300150429028,1.1914379855160335,0.0,-0.9320143892374164,0.4783162424325279,-0.6201892226844657,1.754054456494842,-0.0013328996684553,0.4888997808189471,1.4938670923934996,0.8065414765793012,1
437,-31.093996,-11.01137,-0.42966440714069,2,-0.5342111149237234,1,0.0996387436715968,-1.86842575225436,3,0.0,-0.7325540037689219,-1.5756862740979405,1,-1.3724266443035866,-2.432005601372186,-0.9614863916702532,2,1.153253590238697,0,-0.6576068282414469,-1.0692499698041025,1.7246808787816197,0,0,-0.6039107501479274,-0.4262300150429028,-1.584178240646517,0.0,2.5899937140505074,-0.4216424583593375,-0.6201892226844657,0.3380961637724818,-0.4911735278257753,-0.339393739508197,-0.3687152874355457,-0.3148734873096303,1
438,-25.154423,4.0598884,-0.7581699611438873,2,-0.9655749030284008,2,-0.270543951856408,-1.86842575225436,2,0.0,-0.730892376070857,1.1697805251007627,1,-0.4375028351475091,0.3796721288811475,-0.9614863916702532,8,-0.6608531809232983,2,-0.7479102552281315,0.5740951896062607,-1.0785044383346123,0,0,-0.3305890744344257,-0.4262300150429028,-1.584178240646517,0.0,-0.9320143892374164,-0.9359045730975464,0.1557070814399298,0.3380961637724818,-0.6544537372115486,-0.6154915796172451,-0.3687152874355457,-0.5952272282818631,0
439,-15.905736,-16.249147,-0.2106607044718917,2,1.173890321881579,1,0.8400041347276065,0.0850492518807105,1,0.0,-0.7292307483727921,1.1697805251007627,1,0.3005949089230785,0.3796721288811475,0.8459113011114247,0,0.2462002046576992,1,0.2399029966803313,-0.0025442689638854,0.523315742874663,0,1,-0.8772324258614291,-0.4262300150429028,0.2662325767951835,0.0,-0.9320143892374164,-0.1645114009902331,-0.6201892226844657,0.3380961637724818,0.161947309717318,0.7649976209279952,-0.6791456840737199,-1.1559347102263289,0
440,-35.939472,3.2118938,-0.6486681098094882,1,-0.6656035331395159,1,1.3335810620982798,0.0850492518807105,1,0.0,-0.7275691206747272,-1.5756862740979405,1,0.0053558112948434,0.3796721288811475,0.8459113011114247,0,0.2462002046576992,1,0.7056562012798904,1.2079348089460995,0.1228606975723441,0,0,-0.8772324258614291,-0.4262300150429028,-1.584178240646517,0.0,-0.9320143892374164,0.0926196563788712,-0.6201892226844657,0.3380961637724818,-0.9810141559830952,-1.1676872598353414,-0.6791456840737199,-1.1559347102263289,1
441,-38.795067,10.871307,-0.3201625558062908,1,0.4599088795014236,0,1.7037637576262843,0.0850492518807105,0,0.0,-0.7225842375805326,-0.6605306743650393,0,-1.1263940629467242,0.3796721288811475,0.8459113011114247,1,-1.5679065665042955,0,0.7324285113982957,-0.3907183329587048,2.5255909693862573,0,1,-0.0572673987209239,-0.4262300150429028,0.2662325767951835,0.0,2.5899937140505074,-0.0359458723056809,-0.6201892226844657,0.3380961637724818,-0.6544537372115486,-0.6154915796172451,-0.6791456840737199,-0.5952272282818631,1
442,-17.546793,-9.718707,0.5558522548689022,1,1.664752563517936,1,-0.5173324155417446,-0.8916882501868245,4,0.0,-0.7209226098824676,-0.6605306743650393,1,1.5307578157073911,0.3796721288811475,-0.9614863916702532,2,0.2462002046576992,1,-0.9370162552708357,-0.7101678794685616,0.523315742874663,0,0,0.4893759527060795,-0.4262300150429028,1.1914379855160335,0.0,0.241988311858558,-0.4216424583593375,0.9316033855643254,0.3380961637724818,-0.8177339465973219,-0.6154915796172451,-0.0582848907973714,-1.1559347102263289,0
443,25.629969,-19.89939,-0.1011588531374925,0,-0.4152142078603641,2,0.0996387436715968,1.0617867539482455,3,0.0,-0.7192609821844027,-0.6605306743650393,1,-1.6676657419318217,0.3796721288811475,0.8459113011114247,7,1.153253590238697,2,0.738802870950297,0.1412291081058828,-0.6780493930322936,0,0,-0.3305890744344257,-0.4262300150429028,1.1914379855160335,0.0,-0.9320143892374164,-0.1645114009902331,0.1557070814399298,-1.0778621289498782,0.4885077284888646,-0.339393739508197,2.114727885669848,0.8065414765793012,0
444,-39.73104,-7.4040284,-1.6341847718190805,1,1.4019677270863509,1,-0.6407266473844129,-1.86842575225436,5,0.0,-0.7175993544863378,0.2546249253678617,1,1.629170848250136,-1.0261667362455194,-0.9614863916702532,2,0.2462002046576992,2,-0.5543422034990264,-0.7285787420258829,0.9237707881769818,0,0,0.2160542769925777,-0.4262300150429028,0.2662325767951835,0.0,-0.9320143892374164,-0.9359045730975464,0.1557070814399298,0.3380961637724818,-0.8177339465973219,-0.6154915796172451,-0.3687152874355457,-0.5952272282818631,1
445,24.887997,-15.501267,1.2128633628752972,2,-1.5853504606500637,2,-0.8875151110697495,2.038524256015781,2,0.0,-0.7142760990902081,-0.6605306743650393,0,-1.4216331605749593,0.3796721288811475,-0.0577875452794142,7,1.153253590238697,1,-0.5209830551768864,0.7511767684018699,-0.2775943477299747,0,0,-0.3305890744344257,-0.4262300150429028,-1.584178240646517,0.0,0.241988311858558,0.3497507137479757,-0.6201892226844657,0.3380961637724818,0.3252275191030913,0.7649976209279952,1.1834366957553253,0.8065414765793012,0
446,12.995239,31.268162,1.979376322216091,2,0.7797130672342015,2,1.0867925984129432,2.038524256015781,1,0.0,-0.7109528436940782,-1.5756862740979405,0,0.841866587908176,0.3796721288811475,1.7496101475022634,3,-0.6608531809232983,2,2.195344028582586,-0.6240162859751422,0.1228606975723441,0,0,2.1293060069870897,2.346151056253851,1.1914379855160335,0.0,-0.9320143892374164,3.3067578734926766,-0.6201892226844657,0.3380961637724818,0.4885077284888646,1.3171933011460917,1.4938670923934996,0.8065414765793012,0
447,26.457266,-24.161705,0.4463504035345031,0,-1.3275238286794515,2,0.0996387436715968,-0.8916882501868245,1,0.0,-0.7076295882979484,1.1697805251007627,1,-0.4867093514188816,0.3796721288811475,-0.0577875452794142,7,1.153253590238697,2,-0.0579920730498611,-0.1241121782164266,1.7246808787816197,0,0,-0.3305890744344257,-0.4262300150429028,1.1914379855160335,0.0,-0.9320143892374164,0.6068817711170802,0.1557070814399298,0.3380961637724818,1.141628566031958,-0.339393739508197,-0.3687152874355457,1.6476026994959998,0
448,27.228432,-10.1518,-0.2106607044718917,2,-0.4548798435481506,2,-1.010909342912418,0.0850492518807105,2,0.0,-0.7059679605998835,-0.6605306743650393,1,0.9402796204509212,0.3796721288811475,-0.0577875452794142,7,0.2462002046576992,1,-0.3794722731224583,0.6107763737853512,2.5255909693862573,0,0,-1.1505541015749308,-0.4262300150429028,0.2662325767951835,0.0,-0.9320143892374164,0.4783162424325279,-0.6201892226844657,0.3380961637724818,0.651787937874638,1.3171933011460917,1.1834366957553253,1.3672489585237668,0
449,36.113285,1.6722809,0.3368485522001039,2,-1.2407552506124189,1,-0.3939381836990763,0.0850492518807105,1,0.0,-0.7043063329018187,-0.6605306743650393,0,0.448214457737196,0.3796721288811475,1.7496101475022634,4,0.2462002046576992,2,1.430845839645901,0.8503986689016318,1.7246808787816197,0,0,-0.0572673987209239,-0.4262300150429028,0.2662325767951835,0.0,-0.9320143892374164,1.3782749432243937,0.1557070814399298,0.3380961637724818,2.1213098223465976,0.4888997808189471,0.8730062991171511,2.488663922412698,0
450,7.335175,1.7367257,0.2273467008657048,1,-0.8912018361138011,1,-0.1471497200137397,-1.86842575225436,1,0.0,-0.7026447052037538,0.2546249253678617,0,-0.8803614815898617,0.3796721288811475,-0.9614863916702532,2,0.2462002046576992,1,-0.5838767360899656,0.5001706575058715,-0.6780493930322936,0,0,-1.1505541015749308,-0.4262300150429028,-1.584178240646517,0.0,0.241988311858558,-0.4216424583593375,0.1557070814399298,0.3380961637724818,0.161947309717318,-0.339393739508197,-0.6791456840737199,0.8065414765793012,0
451,-6.285075,-26.10637,-0.6486681098094882,2,0.0632525226235594,2,-0.8875151110697495,-1.86842575225436,1,0.0,-0.6993214498076239,-0.6605306743650393,1,0.5466274902799411,0.3796721288811475,-0.0577875452794142,7,1.153253590238697,2,0.016800412360287,-0.8386222945631543,0.523315742874663,0,1,-0.6039107501479274,-0.4262300150429028,0.2662325767951835,0.0,-0.9320143892374164,-0.1645114009902331,-0.6201892226844657,1.754054456494842,-0.1646131090542286,0.212801940709899,-0.6791456840737199,0.2458339946348354,0
452,3.0060248,32.923386,0.5558522548689022,2,-1.1986105126941458,1,1.827157989468953,0.0850492518807105,3,0.0,-0.697659822109559,1.1697805251007627,1,-0.4867093514188816,0.3796721288811475,0.8459113011114247,4,-1.5679065665042955,1,0.1918828213885884,-1.034817440593845,-0.6780493930322936,0,1,1.5826626555600865,2.346151056253851,1.1914379855160335,0.0,0.241988311858558,-0.1645114009902331,1.707499689688721,-1.0778621289498782,0.4885077284888646,1.3171933011460917,0.8730062991171511,1.086895217551534,0
453,16.20815,-17.342716,0.8843578088720997,2,-0.5986677729163763,2,-0.8875151110697495,0.0850492518807105,4,0.0,-0.6959981944114941,1.1697805251007627,1,-0.2406767700620191,0.3796721288811475,-0.0577875452794142,7,-0.6608531809232983,1,-0.3607741517699213,0.2619537717451116,-1.0785044383346123,0,0,1.036019304133083,-0.4262300150429028,-0.6589728319256667,0.0,0.241988311858558,-0.2930769296747854,0.1557070814399298,1.754054456494842,0.161947309717318,0.7649976209279952,0.2521455058408027,0.8065414765793012,0
454,-36.091553,7.9022064,-1.196177366481484,1,-0.9333465740320742,0,0.9633983665702748,1.0617867539482455,1,0.0,-0.6926749390153644,-0.6605306743650393,0,-0.3882963188761366,0.3796721288811475,-0.9614863916702532,1,0.2462002046576992,0,-0.7993300889476084,1.1938807153908928,-1.0785044383346123,0,1,-1.1505541015749308,-0.4262300150429028,-0.6589728319256667,0.0,0.241988311858558,-0.4216424583593375,-0.6201892226844657,-1.0778621289498782,-0.0013328996684553,0.7649976209279952,-0.3687152874355457,-1.1559347102263289,1
455,-1.432268,11.211555,-0.8676718124782865,2,-1.4142924067464844,1,1.2101868302556114,0.0850492518807105,5,0.0,-0.6876900559211696,1.1697805251007627,1,-1.569252709389077,0.3796721288811475,-0.0577875452794142,4,1.153253590238697,0,-0.4761500596611442,1.1709725428959052,0.523315742874663,0,0,-0.8772324258614291,-0.4262300150429028,-0.6589728319256667,0.0,1.4159910129545328,-0.4216424583593375,-0.6201892226844657,1.754054456494842,-0.6544537372115486,-0.6154915796172451,-0.3687152874355457,-0.5952272282818631,0
456,9.953689,19.754702,-0.42966440714069,2,0.2962881322893046,1,-1.010909342912418,2.038524256015781,3,0.0,-0.6860284282231047,-1.5756862740979405,0,1.432344783164646,1.7855109940078144,1.7496101475022634,5,0.2462002046576992,0,2.0570204263041587,1.1615563002139164,0.523315742874663,0,0,1.036019304133083,-0.4262300150429028,0.2662325767951835,0.0,0.241988311858558,-0.1645114009902331,-0.6201892226844657,0.3380961637724818,-0.1646131090542286,-0.8915894197262932,-0.6791456840737199,0.2458339946348354,0
457,-8.642855,23.133177,-0.6486681098094882,2,-0.2838217896445716,2,-0.270543951856408,0.0850492518807105,1,0.0,-0.6843668005250398,0.2546249253678617,1,-1.0771875466753518,-1.0261667362455194,0.8459113011114247,3,1.153253590238697,0,1.0738817047338305,1.5428438583666844,2.5255909693862573,0,0,1.5826626555600865,2.346151056253851,0.2662325767951835,0.0,0.241988311858558,-0.1645114009902331,0.1557070814399298,-1.0778621289498782,-0.3278933184400019,-0.063295899399149,-0.6791456840737199,-0.8755809692540959,0
458,-44.003227,-2.0957582,-2.072192177156677,1,1.2482633887961785,2,-0.5173324155417446,0.0850492518807105,2,0.0,-0.682705172826975,-0.6605306743650393,1,0.1529753601089609,0.3796721288811475,-0.9614863916702532,8,-0.6608531809232983,2,-0.9826991653935114,-0.8789575430665986,-0.6780493930322936,0,1,-0.3305890744344257,-0.4262300150429028,1.1914379855160335,0.0,-0.9320143892374164,-1.4501666878357553,0.1557070814399298,0.3380961637724818,-1.1442943653688686,-1.1676872598353414,-0.6791456840737199,-1.1559347102263289,1
459,5.1785936,-33.6756,0.3368485522001039,0,0.7226937159330086,2,2.320734916839626,0.0850492518807105,4,0.0,-0.6810435451289101,0.2546249253678617,1,-0.3882963188761366,-2.432005601372186,0.8459113011114247,7,-1.5679065665042955,0,0.9410825474004704,-0.4132048826470362,0.1228606975723441,0,0,-0.0572673987209239,-0.4262300150429028,0.2662325767951835,0.0,0.241988311858558,1.121143885855289,-0.6201892226844657,0.3380961637724818,-0.9810141559830952,-1.1676872598353414,-0.6791456840737199,-0.8755809692540959,0
460,6.9372473,-7.535587,0.4463504035345031,0,-0.7275810889016822,1,-0.8875151110697495,1.0617867539482455,4,0.0,-0.6793819174308452,-1.5756862740979405,0,-0.1914702537906465,-1.0261667362455194,-0.0577875452794142,0,0.2462002046576992,2,0.0654580236072299,-1.7147544867947633,-0.2775943477299747,0,1,0.4893759527060795,-0.4262300150429028,-1.584178240646517,0.0,-0.9320143892374164,-0.1645114009902331,0.1557070814399298,0.3380961637724818,0.161947309717318,0.7649976209279952,-0.6791456840737199,0.8065414765793012,0
461,6.097505,-31.082342,-1.196177366481484,2,-0.068139895592233,2,2.4441291486822943,-0.8916882501868245,3,0.0,-0.6760586620347153,-1.5756862740979405,1,-1.0279810304039791,0.3796721288811475,-0.0577875452794142,7,0.2462002046576992,0,-0.4668009989848756,-1.411888770680051,0.9237707881769818,0,0,-0.8772324258614291,-0.4262300150429028,-1.584178240646517,0.0,1.4159910129545328,-0.4216424583593375,1.707499689688721,0.3380961637724818,-1.1442943653688686,-1.1676872598353414,-0.6791456840737199,-1.1559347102263289,0
462,-8.028532,-8.600551,-0.2106607044718917,2,-1.5060191892744903,2,-1.010909342912418,0.0850492518807105,3,0.0,-0.6727354066385856,-1.5756862740979405,0,0.6942470390940585,0.3796721288811475,-0.0577875452794142,7,0.2462002046576992,2,-0.349300304576319,-1.070233756352967,-0.6780493930322936,0,0,0.2160542769925777,-0.4262300150429028,1.1914379855160335,0.0,-0.9320143892374164,-0.8073390444129942,0.1557070814399298,0.3380961637724818,-0.3278933184400019,-0.063295899399149,-0.6791456840737199,-0.3148734873096303,0
463,21.716787,-19.450058,-0.3201625558062908,2,-1.3498357487538315,2,1.456975293940948,1.0617867539482455,1,0.0,-0.6710737789405207,1.1697805251007627,1,0.3990079414658235,1.7855109940078144,-0.0577875452794142,7,1.153253590238697,2,-0.2477355090477655,0.7881390344520645,-0.6780493930322936,0,0,-0.8772324258614291,-0.4262300150429028,1.1914379855160335,0.0,-0.9320143892374164,-0.1645114009902331,0.1557070814399298,0.3380961637724818,0.4885077284888646,0.7649976209279952,0.8730062991171511,0.8065414765793012,0
464,-41.151455,-4.2543797,-1.196177366481484,2,-0.821786973660175,1,1.827157989468953,0.0850492518807105,5,0.0,-0.6694121512424558,0.2546249253678617,1,0.0053558112948434,-2.432005601372186,-0.9614863916702532,2,1.153253590238697,2,-0.8845340282926919,1.2507997942894813,-0.6780493930322936,0,1,0.7626976284195812,-0.4262300150429028,-0.6589728319256667,0.0,-0.9320143892374164,-1.3216011591512031,0.1557070814399298,-2.4938204216722384,-0.9810141559830952,-1.1676872598353414,-0.6791456840737199,-1.1559347102263289,1
465,6.806543,18.72317,0.0083429981969065,2,-0.0086414420605534,1,-1.010909342912418,0.0850492518807105,5,0.0,-0.6677505235443909,-0.6605306743650393,0,-0.3390898026047641,0.3796721288811475,0.8459113011114247,4,1.153253590238697,2,0.2099435067859253,1.3400432883650464,0.523315742874663,0,0,0.4893759527060795,-0.4262300150429028,1.1914379855160335,0.0,-0.9320143892374164,0.0926196563788712,0.1557070814399298,1.754054456494842,-0.1646131090542286,0.212801940709899,-0.3687152874355457,-0.5952272282818631,0
466,18.224606,21.000996,0.9938596602064989,1,0.5739475821038096,1,1.0867925984129432,-1.86842575225436,3,0.0,-0.666088895846326,-1.5756862740979405,0,0.9894861367222936,0.3796721288811475,0.8459113011114247,0,0.2462002046576992,1,0.8550286934484534,-0.7489571776809332,0.9237707881769818,0,0,-1.1505541015749308,-0.4262300150429028,1.1914379855160335,0.0,-0.9320143892374164,2.1496681153317065,0.1557070814399298,-1.0778621289498782,-0.8177339465973219,-0.6154915796172451,-0.3687152874355457,-0.5952272282818631,0
467,45.586174,-2.9026752,0.4463504035345031,2,1.173890321881579,2,-0.8875151110697495,2.038524256015781,1,0.0,-0.664427268148261,-0.6605306743650393,0,1.235518718079156,0.3796721288811475,1.7496101475022634,3,-1.5679065665042955,1,2.144349152166576,-1.220893639264787,1.7246808787816197,0,0,0.2160542769925777,-0.4262300150429028,-0.6589728319256667,0.0,0.241988311858558,1.3782749432243937,-0.6201892226844657,0.3380961637724818,1.794749403575051,3.249878181909428,2.7355886789461965,1.086895217551534,0
468,16.032223,-23.128305,0.0083429981969065,0,-1.6374116074902831,2,-0.0237554881710714,1.0617867539482455,3,0.0,-0.6627656404501961,-1.5756862740979405,1,0.1529753601089609,0.3796721288811475,0.8459113011114247,7,-0.6608531809232983,0,0.4953023360638486,1.4550057736466402,-0.6780493930322936,0,0,-0.6039107501479274,-0.4262300150429028,1.1914379855160335,0.0,0.241988311858558,-0.2930769296747854,2.4833959938131165,0.3380961637724818,0.3252275191030913,0.212801940709899,1.4938670923934996,0.8065414765793012,0
469,23.65947,3.8797965,1.6508707682128936,2,0.3805776081258508,1,-0.3939381836990763,-0.8916882501868245,5,0.0,-0.6561191296579366,1.1697805251007627,1,0.5958340065513135,0.3796721288811475,-0.0577875452794142,6,-1.5679065665042955,0,-0.1967406326317554,1.0925507008578497,0.1228606975723441,0,1,-0.8772324258614291,-0.4262300150429028,-0.6589728319256667,0.0,1.4159910129545328,0.8640128284861845,0.1557070814399298,0.3380961637724818,0.4885077284888646,1.3171933011460917,1.1834366957553253,1.3672489585237668,0
470,-30.139353,11.399989,-0.5391662584750891,0,1.664752563517936,2,0.2230329755142651,1.0617867539482455,4,0.0,-0.6544575019598717,1.1697805251007627,1,-0.2898832863333916,1.7855109940078144,-0.0577875452794142,7,0.2462002046576992,1,-0.381597059639792,1.349318990111483,2.1251359240839385,0,0,-0.8772324258614291,-0.4262300150429028,1.1914379855160335,0.0,-0.9320143892374164,-0.678773515728442,-0.6201892226844657,0.3380961637724818,-0.4911735278257753,-0.6154915796172451,-0.3687152874355457,-0.5952272282818631,1
471,-25.1378,-25.368637,-1.4151810691502822,1,-0.6631244309090293,2,1.827157989468953,0.0850492518807105,3,0.0,-0.6527958742618067,1.1697805251007627,1,-1.3724266443035866,0.3796721288811475,-0.9614863916702532,8,1.153253590238697,1,-0.8717853091886894,-1.2343855690777854,-1.0785044383346123,0,0,-0.6039107501479274,-0.4262300150429028,0.2662325767951835,0.0,1.4159910129545328,-1.0644701017820986,0.1557070814399298,0.3380961637724818,-0.8177339465973219,-0.6154915796172451,-0.0582848907973714,-0.8755809692540959,0
472,-5.8787856,5.823963,0.1178448495313057,2,1.7168137103581556,1,0.0996387436715968,0.0850492518807105,3,0.0,-0.649472618865677,0.2546249253678617,0,0.4974209740085685,0.3796721288811475,-0.0577875452794142,0,0.2462002046576992,1,0.7056562012798904,1.10477776225088,0.1228606975723441,0,0,1.036019304133083,-0.4262300150429028,0.2662325767951835,0.0,0.241988311858558,0.8640128284861845,0.9316033855643254,0.3380961637724818,-0.9810141559830952,-1.1676872598353414,-0.6791456840737199,-1.1559347102263289,0
473,-1.244929,-1.1762351,0.0083429981969065,2,-0.8837645294223412,1,-1.010909342912418,1.0617867539482455,1,0.0,-0.6478109911676121,-0.6605306743650393,0,-0.043850704976529,0.3796721288811475,-0.0577875452794142,4,-0.6608531809232983,1,-0.0118842056237186,0.1950562864223259,1.324225833479301,0,0,-0.8772324258614291,-0.4262300150429028,-0.6589728319256667,0.0,0.241988311858558,-0.4216424583593375,-0.6201892226844657,-1.0778621289498782,-0.1646131090542286,0.212801940709899,0.5625759024789769,-0.3148734873096303,0
474,40.25216,9.4153,1.3223652142096962,2,1.097038152736493,1,1.0867925984129432,1.0617867539482455,1,0.0,-0.6428261080734174,1.1697805251007627,1,-0.3882963188761366,-1.0261667362455194,2.6533089938931025,5,0.2462002046576992,0,2.7620245927554987,-1.7129274546325863,-0.6780493930322936,0,1,0.4893759527060795,-0.4262300150429028,0.2662325767951835,0.0,0.241988311858558,2.535364701385363,1.707499689688721,0.3380961637724818,3.917392125590105,1.3171933011460917,-0.6791456840737199,1.3672489585237668,0
475,-19.617949,-22.220472,-1.4151810691502822,2,-0.2763844829531117,1,1.7037637576262843,0.0850492518807105,3,0.0,-0.6411644803753525,-0.6605306743650393,1,1.137105685536411,1.7855109940078144,-0.9614863916702532,6,1.153253590238697,1,-0.8027297473753423,1.0283234933105534,-0.6780493930322936,0,1,-1.1505541015749308,-0.4262300150429028,-0.6589728319256667,0.0,1.4159910129545328,-0.678773515728442,0.1557070814399298,0.3380961637724818,-0.1646131090542286,0.212801940709899,-0.3687152874355457,-0.0345197463373974,0
476,-2.0179844,38.46676,-1.196177366481484,2,-0.2466352561872719,2,2.320734916839626,-0.8916882501868245,2,0.0,-0.6378412249792227,-1.5756862740979405,1,0.0053558112948434,0.3796721288811475,-0.0577875452794142,7,-0.6608531809232983,1,-0.0490679696770594,-0.9676388733999552,-0.6780493930322936,0,0,1.3093409798465847,2.346151056253851,1.1914379855160335,0.0,1.4159910129545328,-0.678773515728442,1.707499689688721,1.754054456494842,-0.3278933184400019,-0.339393739508197,-0.3687152874355457,-0.0345197463373974,0
477,-10.939321,29.625008,-1.4151810691502822,2,0.0508570114711262,1,0.9633983665702748,-0.8916882501868245,4,0.0,-0.6345179695830929,1.1697805251007627,1,1.3831382668932737,-1.0261667362455194,-0.9614863916702532,2,-0.6608531809232983,1,-0.9297919811119008,-0.7326544291568929,-0.6780493930322936,0,0,1.5826626555600865,2.346151056253851,1.1914379855160335,0.0,0.241988311858558,-1.3216011591512031,-0.6201892226844657,0.3380961637724818,-0.9810141559830952,-1.1676872598353414,-0.6791456840737199,-1.1559347102263289,0
478,48.895172,5.7224107,1.4318670655440953,1,1.0995172549669796,0,-0.7641208792270812,0.0850492518807105,3,0.0,-0.632856341885028,-1.5756862740979405,1,1.629170848250136,0.3796721288811475,2.6533089938931025,3,-0.6608531809232983,1,2.485377388198644,-0.8873899991997228,-0.6780493930322936,0,0,-1.1505541015749308,-0.4262300150429028,0.2662325767951835,0.0,0.241988311858558,2.6639302300699157,-0.6201892226844657,0.3380961637724818,4.080672334975878,0.212801940709899,2.4251582823080224,0.8065414765793012,0
479,-25.08251,7.1794896,-1.3056792178158831,2,-0.4474425368566906,2,0.4698214391996017,-1.86842575225436,3,0.0,-0.631194714186963,-0.6605306743650393,1,-1.2740136117608418,0.3796721288811475,-0.9614863916702532,8,0.2462002046576992,1,-0.9363788193156356,1.695330773440681,-0.6780493930322936,0,0,-1.1505541015749308,-0.4262300150429028,0.2662325767951835,0.0,-0.9320143892374164,-0.5502079870438897,-1.3960855268088614,0.3380961637724818,-0.0013328996684553,-0.063295899399149,-0.6791456840737199,0.5261877356070683,0
480,-37.74297,6.7730966,-1.4151810691502822,1,1.2011604464169323,1,-0.270543951856408,0.0850492518807105,1,0.0,-0.6278714587908333,-1.5756862740979405,0,-0.5359158676902541,0.3796721288811475,-0.9614863916702532,2,0.2462002046576992,1,-0.7685206844462689,-0.0203929677789984,-0.6780493930322936,0,1,0.2160542769925777,-0.4262300150429028,1.1914379855160335,0.0,0.241988311858558,-0.678773515728442,0.9316033855643254,0.3380961637724818,-0.1646131090542286,-0.339393739508197,-0.3687152874355457,-0.5952272282818631,1
481,-44.712486,5.9361606,-0.7581699611438873,1,-0.8788063249613679,2,0.3464272073569334,1.0617867539482455,1,0.0,-0.6262098310927684,-0.6605306743650393,1,0.3990079414658235,-1.0261667362455194,-0.9614863916702532,8,-1.5679065665042955,1,-0.9497649743748382,0.0220503947577268,-0.6780493930322936,0,0,0.7626976284195812,-0.4262300150429028,0.2662325767951835,0.0,0.241988311858558,-1.3216011591512031,-0.6201892226844657,1.754054456494842,-0.9810141559830952,-1.1676872598353414,-0.6791456840737199,-1.1559347102263289,1
482,-12.798937,-22.972466,-0.3201625558062908,2,-1.359752157675778,1,-1.010909342912418,-0.8916882501868245,1,0.0,-0.6245482033947035,-0.6605306743650393,1,0.841866587908176,-1.0261667362455194,-0.9614863916702532,6,1.153253590238697,1,-0.6121363967705045,1.1919131422931637,-0.6780493930322936,0,1,-0.6039107501479274,-0.4262300150429028,1.1914379855160335,0.0,0.241988311858558,-0.678773515728442,0.1557070814399298,0.3380961637724818,-0.1646131090542286,0.212801940709899,-0.3687152874355457,-0.3148734873096303,0
483,-31.832691,1.0198976,-0.6486681098094882,2,1.394530420394891,2,0.4698214391996017,1.0617867539482455,3,0.0,-0.6228865756966386,-0.6605306743650393,1,-0.9787745141326066,0.3796721288811475,-0.0577875452794142,7,-1.5679065665042955,0,-0.4823119405614121,-0.3936696926052983,-0.2775943477299747,0,0,0.4893759527060795,-0.4262300150429028,0.2662325767951835,0.0,-0.9320143892374164,-0.2930769296747854,-0.6201892226844657,-2.4938204216722384,-0.6544537372115486,-0.8915894197262932,-0.3687152874355457,-0.5952272282818631,1
484,-11.474104,-18.201006,-0.2106607044718917,2,-0.6556871242175693,1,1.950552221311621,-0.8916882501868245,4,0.0,-0.6195633203005088,-1.5756862740979405,1,-0.5851223839616266,-1.0261667362455194,-0.0577875452794142,2,1.153253590238697,2,-0.5996001563182354,-0.043441681209538,0.523315742874663,0,0,-0.3305890744344257,-0.4262300150429028,1.1914379855160335,0.0,-0.9320143892374164,-0.2930769296747854,0.1557070814399298,0.3380961637724818,-0.6544537372115486,-0.6154915796172451,-0.6791456840737199,-0.5952272282818631,0
485,0.04888856,38.80785,-0.6486681098094882,2,-0.6879154532138958,2,-0.3939381836990763,1.0617867539482455,3,0.0,-0.6179016926024439,-1.5756862740979405,1,0.0053558112948434,1.7855109940078144,-0.0577875452794142,7,1.153253590238697,0,-0.2216006348845603,-1.1375528644824089,0.523315742874663,0,0,1.855984331273588,2.346151056253851,1.1914379855160335,0.0,1.4159910129545328,0.2211851850634235,0.9316033855643254,1.754054456494842,-0.0013328996684553,0.7649976209279952,0.8730062991171511,0.8065414765793012,0
486,-14.851411,-10.7246065,-1.0866755151470848,2,-0.01112054429104,1,-0.3939381836990763,1.0617867539482455,3,0.0,-0.6145784372063141,-1.5756862740979405,0,0.0053558112948434,-1.0261667362455194,-0.9614863916702532,6,0.2462002046576992,0,-0.9170432620078984,-1.307045232758206,-1.0785044383346123,0,0,-0.8772324258614291,-0.4262300150429028,0.2662325767951835,0.0,1.4159910129545328,-0.678773515728442,1.707499689688721,-1.0778621289498782,-0.3278933184400019,-0.339393739508197,-0.6791456840737199,-0.3148734873096303,0
487,7.9526734,-29.441254,0.0083429981969065,2,-0.6061050796078363,2,-0.8875151110697495,0.0850492518807105,2,0.0,-0.6129168095082492,1.1697805251007627,1,0.448214457737196,0.3796721288811475,-0.0577875452794142,7,0.2462002046576992,1,0.658485940595081,-1.5885487266690037,0.523315742874663,0,1,-1.1505541015749308,-0.4262300150429028,0.2662325767951835,0.0,0.241988311858558,0.7354472998016324,0.1557070814399298,-1.0778621289498782,-0.6544537372115486,-1.1676872598353414,-0.3687152874355457,-1.1559347102263289,0
488,-19.186073,-4.3291755,-1.8531884744878788,2,0.3880149148173107,1,-1.010909342912418,0.0850492518807105,1,0.0,-0.6112551818101843,1.1697805251007627,0,0.841866587908176,-1.0261667362455194,-0.9614863916702532,6,-0.6608531809232983,2,-0.7791446170329377,-0.359237163395041,-0.6780493930322936,0,0,-0.6039107501479274,-0.4262300150429028,1.1914379855160335,0.0,-0.9320143892374164,-1.3216011591512031,-2.171981830933257,1.754054456494842,-0.9810141559830952,-1.1676872598353414,-0.6791456840737199,-1.1559347102263289,0
489,-0.30841818,5.795851,0.5558522548689022,2,-0.4474425368566906,1,-0.8875151110697495,1.0617867539482455,1,0.0,-0.6079319264140545,0.2546249253678617,0,0.743453555365431,0.3796721288811475,-0.0577875452794142,0,1.153253590238697,1,-0.5129088664110182,-1.207963873193996,-0.6780493930322936,0,0,-0.6039107501479274,-0.4262300150429028,-0.6589728319256667,0.0,1.4159910129545328,-0.1645114009902331,0.9316033855643254,0.3380961637724818,0.4885077284888646,-0.6154915796172451,-0.0582848907973714,-0.5952272282818631,0
490,31.422935,26.971525,0.6653541062033014,2,-0.0507861799788264,1,-0.3939381836990763,1.0617867539482455,4,0.0,-0.6046086710179247,-0.6605306743650393,1,-0.7819484490471167,-1.0261667362455194,1.7496101475022634,5,1.153253590238697,0,2.151148469022044,-1.6361921038211558,0.523315742874663,0,1,-0.3305890744344257,-0.4262300150429028,0.2662325767951835,0.0,0.241988311858558,1.2497094145398413,0.1557070814399298,-1.0778621289498782,-0.9810141559830952,-1.1676872598353414,-0.6791456840737199,-1.1559347102263289,0
491,-19.9343,2.3552206,0.1178448495313057,2,-1.0920091167832198,1,-1.010909342912418,-1.86842575225436,1,0.0,-0.6029470433198598,0.2546249253678617,0,-1.1263940629467242,0.3796721288811475,-0.9614863916702532,6,-1.5679065665042955,2,-0.8252524844590802,0.0348396198929653,0.1228606975723441,0,0,0.4893759527060795,-0.4262300150429028,1.1914379855160335,0.0,-0.9320143892374164,-0.4216424583593375,0.1557070814399298,-1.0778621289498782,-1.1442943653688686,-1.1676872598353414,-0.6791456840737199,-1.1559347102263289,0
492,17.301725,10.428024,0.6653541062033014,1,0.49213720849775,1,-0.0237554881710714,2.038524256015781,3,0.0,-0.6012854156217949,1.1697805251007627,1,0.3005949089230785,0.3796721288811475,-0.0577875452794142,2,0.2462002046576992,0,-0.175067810154951,0.7468199993997557,0.1228606975723441,0,1,-0.6039107501479274,-0.4262300150429028,-0.6589728319256667,0.0,0.241988311858558,-0.1645114009902331,0.1557070814399298,0.3380961637724818,0.161947309717318,0.7649976209279952,0.5625759024789769,0.8065414765793012,0
493,24.39566,17.151346,1.2128633628752972,2,1.074726232662113,1,-1.010909342912418,1.0617867539482455,1,0.0,-0.5996237879237301,1.1697805251007627,0,-1.2740136117608418,-1.0261667362455194,1.7496101475022634,3,-1.5679065665042955,1,1.890862120648659,0.5177382744498804,1.7246808787816197,0,0,-1.1505541015749308,-0.4262300150429028,-1.584178240646517,0.0,0.241988311858558,1.2497094145398413,0.1557070814399298,-2.4938204216722384,-0.6544537372115486,-0.6154915796172451,-0.6791456840737199,-0.5952272282818631,0
494,-9.5166645,-1.0741407,0.7748559575377005,2,0.7673175560817683,0,-1.010909342912418,1.0617867539482455,1,0.0,-0.5979621602256652,-1.5756862740979405,0,-0.7819484490471167,-1.0261667362455194,-0.0577875452794142,1,0.2462002046576992,2,-0.1100493427245381,1.7681309780566536,0.523315742874663,0,0,-1.1505541015749308,-0.4262300150429028,-0.6589728319256667,0.0,-0.9320143892374164,-0.1645114009902331,-1.3960855268088614,1.754054456494842,-0.8177339465973219,-0.6154915796172451,-0.6791456840737199,-0.5952272282818631,0
495,-15.330493,-32.13067,-0.3201625558062908,2,-1.4837072692001108,2,0.59321567104227,0.0850492518807105,5,0.0,-0.5963005325276002,0.2546249253678617,0,-1.7168722582031943,0.3796721288811475,-0.9614863916702532,8,0.2462002046576992,0,-0.8337516305284152,-1.6023217383531068,-0.6780493930322936,0,1,0.7626976284195812,-0.4262300150429028,1.1914379855160335,0.0,1.4159910129545328,-0.4216424583593375,0.1557070814399298,0.3380961637724818,0.161947309717318,-0.6154915796172451,-0.6791456840737199,0.5261877356070683,0
496,-28.368755,4.645522,-1.0866755151470848,2,1.5308810430716568,2,-0.8875151110697495,-1.86842575225436,2,0.0,-0.5946389048295353,0.2546249253678617,1,0.9402796204509212,0.3796721288811475,-0.9614863916702532,8,-1.5679065665042955,0,-0.7355864934275956,0.2857051898534116,-1.0785044383346123,0,0,-1.1505541015749308,-0.4262300150429028,-0.6589728319256667,0.0,0.241988311858558,-0.8073390444129942,0.1557070814399298,0.3380961637724818,-0.4911735278257753,-0.339393739508197,-0.6791456840737199,-0.5952272282818631,1
497,-25.071663,7.209324,-1.7436866231534796,2,1.3399901713241846,2,1.5803695257836163,-1.86842575225436,5,0.0,-0.5913156494334055,0.2546249253678617,1,-0.8311549653184892,0.3796721288811475,-0.9614863916702532,8,0.2462002046576992,2,-0.6493201608238452,1.4238056859540804,-0.6780493930322936,0,0,-1.1505541015749308,-0.4262300150429028,0.2662325767951835,0.0,-0.9320143892374164,-1.0644701017820986,-0.6201892226844657,0.3380961637724818,-0.6544537372115486,-0.6154915796172451,-0.3687152874355457,-0.5952272282818631,0
498,32.70448,27.135975,0.7748559575377005,2,1.2705753088705585,1,-0.7641208792270812,1.0617867539482455,4,0.0,-0.5879923940372758,1.1697805251007627,1,-1.5200461931177045,0.3796721288811475,2.6533089938931025,3,1.153253590238697,1,2.7643618579245657,-0.6963948677844587,0.523315742874663,0,1,-0.8772324258614291,-0.4262300150429028,-1.584178240646517,0.0,0.241988311858558,1.8925370579626024,-0.6201892226844657,1.754054456494842,-0.8177339465973219,-0.6154915796172451,-0.6791456840737199,-0.8755809692540959,0
499,-12.896295,26.103092,-1.6341847718190805,2,-0.4920663770054503,1,-0.3939381836990763,-1.86842575225436,3,0.0,-0.5813458832450161,-1.5756862740979405,1,0.1529753601089609,0.3796721288811475,-0.9614863916702532,6,0.2462002046576992,1,-0.7925307720921403,-0.3047072804008375,-1.0785044383346123,0,0,1.3093409798465847,2.346151056253851,1.1914379855160335,0.0,-0.9320143892374164,-1.0644701017820986,0.1557070814399298,0.3380961637724818,-0.8177339465973219,-0.6154915796172451,-0.0582848907973714,-0.5952272282818631,0
500,3.8665836,-24.789877,-0.42966440714069,2,1.02514418805238,2,-0.1471497200137397,1.0617867539482455,2,0.0,-0.5780226278488864,0.2546249253678617,1,-1.3232201280322142,0.3796721288811475,-0.0577875452794142,7,0.2462002046576992,0,0.127714268565109,0.8598149115836206,-1.0785044383346123,0,0,-0.8772324258614291,-0.4262300150429028,1.1914379855160335,0.0,-0.9320143892374164,-0.678773515728442,0.1557070814399298,0.3380961637724818,-0.3278933184400019,-1.1676872598353414,-0.3687152874355457,-0.5952272282818631,0
501,-10.344959,-15.136879,-0.5391662584750891,2,-0.387944083325011,1,-0.0237554881710714,1.0617867539482455,1,0.0,-0.5746993724527566,-1.5756862740979405,0,1.2847252343505289,0.3796721288811475,-0.0577875452794142,6,1.153253590238697,1,-0.0384440370903906,0.5306680405206708,-0.6780493930322936,0,1,-0.8772324258614291,-0.4262300150429028,1.1914379855160335,0.0,0.241988311858558,-0.678773515728442,-0.6201892226844657,-1.0778621289498782,-0.1646131090542286,-0.063295899399149,-0.6791456840737199,0.2458339946348354,0
502,-9.968321,31.062704,-0.7581699611438873,1,-1.5927877673415234,1,-0.7641208792270812,0.0850492518807105,3,0.0,-0.5730377447546916,0.2546249253678617,0,0.251388392651706,0.3796721288811475,-0.9614863916702532,6,0.2462002046576992,0,-0.9391410417881694,1.1720968703803218,-0.6780493930322936,0,0,1.3093409798465847,2.346151056253851,0.2662325767951835,0.0,0.241988311858558,-1.3216011591512031,-0.6201892226844657,0.3380961637724818,-0.9810141559830952,-1.1676872598353414,-0.6791456840737199,-1.1559347102263289,0
503,-3.218779,33.26886,1.7603726195472926,2,-1.3994177933635643,2,-1.010909342912418,-1.86842575225436,3,0.0,-0.5697144893585618,1.1697805251007627,0,-1.569252709389077,0.3796721288811475,-0.0577875452794142,7,-1.5679065665042955,2,0.3990495068286295,-0.9565361394913416,1.7246808787816197,0,0,1.3093409798465847,2.346151056253851,1.1914379855160335,0.0,-0.9320143892374164,0.8640128284861845,-0.6201892226844657,1.754054456494842,1.141628566031958,0.7649976209279952,1.8042974890316736,1.6476026994959998,0
504,15.327257,-9.007919,-0.3201625558062908,2,1.473861691770464,1,-1.010909342912418,2.038524256015781,1,0.0,-0.568052861660497,-0.6605306743650393,1,-1.1756005792180968,0.3796721288811475,-0.9614863916702532,6,1.153253590238697,1,-0.8099540215342771,-0.9350333763518748,-0.6780493930322936,0,0,-0.8772324258614291,-0.4262300150429028,1.1914379855160335,0.0,0.241988311858558,-0.1645114009902331,0.9316033855643254,-1.0778621289498782,0.4885077284888646,1.3171933011460917,1.8042974890316736,1.086895217551534,0
505,-45.207737,7.20852,0.8843578088720997,1,-1.2308388416904723,2,2.073946453154289,1.0617867539482455,1,0.0,-0.5663912339624321,-1.5756862740979405,0,1.6783773645215088,0.3796721288811475,-0.0577875452794142,7,-1.5679065665042955,1,-0.4710505720195431,-1.2203314755225785,-0.2775943477299747,0,0,-0.3305890744344257,-0.4262300150429028,1.1914379855160335,0.0,1.4159910129545328,-0.8073390444129942,0.9316033855643254,0.3380961637724818,-0.9810141559830952,-0.8915894197262932,-0.6791456840737199,-1.1559347102263289,1
506,-11.417719,-13.430858,-1.196177366481484,2,0.4673461861928835,1,-0.3939381836990763,0.0850492518807105,1,0.0,-0.5630679785663023,0.2546249253678617,0,0.251388392651706,0.3796721288811475,-0.9614863916702532,2,1.153253590238697,1,-0.8167533383897452,0.4842895317884875,-0.6780493930322936,0,1,-0.6039107501479274,-0.4262300150429028,0.2662325767951835,0.0,0.241988311858558,-1.0644701017820986,-0.6201892226844657,0.3380961637724818,-0.6544537372115486,-0.6154915796172451,-0.6791456840737199,-0.5952272282818631,0
507,21.233746,-7.912887,0.0083429981969065,2,-0.7945168491248218,1,-0.7641208792270812,0.0850492518807105,4,0.0,-0.5580830954721075,0.2546249253678617,1,-1.4708396768463317,0.3796721288811475,0.8459113011114247,4,0.2462002046576992,1,0.6227895271038739,-0.6615407157675451,-0.6780493930322936,0,0,-0.0572673987209239,-0.4262300150429028,0.2662325767951835,0.0,0.241988311858558,-0.1645114009902331,-0.6201892226844657,0.3380961637724818,0.4885077284888646,0.7649976209279952,1.4938670923934996,1.086895217551534,0
508,4.28194,-14.767415,-0.8676718124782865,2,0.925980098832914,2,-0.7641208792270812,-0.8916882501868245,3,0.0,-0.5564214677740427,-0.6605306743650393,0,-0.1914702537906465,0.3796721288811475,-0.0577875452794142,7,0.2462002046576992,1,-0.2001402910594893,-1.521510700410666,-0.6780493930322936,0,0,-0.3305890744344257,-0.4262300150429028,-1.584178240646517,0.0,0.241988311858558,-0.678773515728442,1.707499689688721,-1.0778621289498782,-0.1646131090542286,-1.1676872598353414,-0.3687152874355457,-0.5952272282818631,0
509,24.684124,-5.3719144,-0.2106607044718917,2,0.5318028441855365,1,-0.3939381836990763,1.0617867539482455,1,0.0,-0.5547598400759778,-0.6605306743650393,1,0.7926600716368035,-2.432005601372186,-0.0577875452794142,6,1.153253590238697,2,0.030399046071223,0.7104198970917693,-0.6780493930322936,0,0,-0.6039107501479274,-0.4262300150429028,-0.6589728319256667,0.0,-0.9320143892374164,0.7354472998016324,0.1557070814399298,0.3380961637724818,1.6314691941892778,1.8693889813641875,2.7355886789461965,1.086895217551534,0
510,1.2445374,31.892752,-0.42966440714069,1,1.223472366491312,1,-0.3939381836990763,0.0850492518807105,1,0.0,-0.5530982123779129,0.2546249253678617,1,-1.7660787744745667,0.3796721288811475,-0.0577875452794142,0,1.153253590238697,0,0.2596635112915352,-1.2617910515104394,0.1228606975723441,0,0,2.1293060069870897,2.346151056253851,0.2662325767951835,0.0,0.241988311858558,0.4783162424325279,-0.6201892226844657,-2.4938204216722384,0.9783483566461848,1.8693889813641875,0.5625759024789769,0.8065414765793012,0
511,15.648954,14.3715515,1.869874470881692,2,-1.0052405387161871,0,1.2101868302556114,1.0617867539482455,3,0.0,-0.5431284461895235,0.2546249253678617,1,1.0878991692650386,0.3796721288811475,0.8459113011114247,1,-0.6608531809232983,1,0.8970994664916617,-1.065876987350853,-0.2775943477299747,0,0,-0.0572673987209239,-0.4262300150429028,0.2662325767951835,0.0,0.241988311858558,0.6068817711170802,-1.3960855268088614,1.754054456494842,0.3252275191030913,0.7649976209279952,1.4938670923934996,-0.8755809692540959,0
512,-14.179139,-19.933594,-0.1011588531374925,2,0.2739762122149248,1,-0.0237554881710714,-0.8916882501868245,3,0.0,-0.5414668184914586,-0.6605306743650393,1,-0.8803614815898617,-1.0261667362455194,-0.0577875452794142,4,-0.6608531809232983,0,0.4980645585363825,-0.053279546698183,-0.2775943477299747,0,1,-1.1505541015749308,-0.4262300150429028,0.2662325767951835,0.0,0.241988311858558,0.2211851850634235,-0.6201892226844657,0.3380961637724818,-0.6544537372115486,-0.6154915796172451,-0.6791456840737199,-0.5952272282818631,0
513,-14.936237,-6.927526,-1.0866755151470848,2,0.7747548627732282,1,-0.7641208792270812,1.0617867539482455,3,0.0,-0.5398051907933936,-1.5756862740979405,1,-0.5851223839616266,-1.0261667362455194,-0.9614863916702532,6,1.153253590238697,2,-0.9472152305540376,0.1209912133863846,-1.0785044383346123,0,0,-0.6039107501479274,-0.4262300150429028,1.1914379855160335,0.0,-0.9320143892374164,-0.8073390444129942,-2.171981830933257,0.3380961637724818,-0.4911735278257753,-0.6154915796172451,-0.3687152874355457,-0.8755809692540959,0
514,-40.792988,-1.2865607,-1.8531884744878788,2,1.387093113703431,1,0.0996387436715968,-1.86842575225436,3,0.0,-0.5381435630953287,1.1697805251007627,1,-1.6676657419318217,0.3796721288811475,-0.9614863916702532,6,0.2462002046576992,2,-1.1673431137498147,1.7828877762896211,-0.6780493930322936,0,1,-1.1505541015749308,-0.4262300150429028,1.1914379855160335,0.0,-0.9320143892374164,-1.3216011591512031,1.707499689688721,0.3380961637724818,-0.9810141559830952,-1.1676872598353414,-0.3687152874355457,-0.8755809692540959,1
515,-40.321766,-14.726656,-0.42966440714069,1,0.6780698757842488,1,-0.7641208792270812,0.0850492518807105,1,0.0,-0.5364819353972639,-1.5756862740979405,1,0.2021818763803334,0.3796721288811475,-0.9614863916702532,6,-1.5679065665042955,2,-0.6703555473454494,-1.566905422593985,-0.6780493930322936,0,1,-1.1505541015749308,-0.4262300150429028,-1.584178240646517,0.0,-0.9320143892374164,-0.1645114009902331,0.1557070814399298,0.3380961637724818,0.4885077284888646,1.041095461037043,2.114727885669848,0.8065414765793012,1
516,-20.795425,-27.251104,-0.2106607044718917,0,-0.1871368026555923,1,-0.7641208792270812,0.0850492518807105,1,0.0,-0.5331586800011341,0.2546249253678617,1,-1.2248070954894692,-1.0261667362455194,-0.9614863916702532,2,0.2462002046576992,1,-1.1095489204783366,0.3635648681492588,-0.6780493930322936,0,0,0.7626976284195812,-0.4262300150429028,0.2662325767951835,0.0,1.4159910129545328,-1.3216011591512031,0.1557070814399298,0.3380961637724818,-0.9810141559830952,-1.1676872598353414,-0.6791456840737199,-1.1559347102263289,0
517,-20.149874,-10.580894,-1.5246829204846812,2,0.2045613497612985,1,-0.6407266473844129,0.0850492518807105,3,0.0,-0.5314970523030692,-1.5756862740979405,1,-0.3882963188761366,1.7855109940078144,-0.9614863916702532,6,-1.5679065665042955,1,-0.7827567541124051,-0.8107951893238443,-0.2775943477299747,0,0,0.2160542769925777,-0.4262300150429028,-1.584178240646517,0.0,0.241988311858558,-0.8073390444129942,0.1557070814399298,1.754054456494842,-0.6544537372115486,-0.6154915796172451,-0.6791456840737199,-0.5952272282818631,0
518,-13.362629,27.78747,-1.3056792178158831,2,0.0186286824747997,2,-0.1471497200137397,0.0850492518807105,1,0.0,-0.5281737969069393,1.1697805251007627,1,-0.4375028351475091,1.7855109940078144,-0.0577875452794142,7,-0.6608531809232983,1,-0.351000133790186,0.1918238449046283,-1.0785044383346123,0,0,1.855984331273588,2.346151056253851,0.2662325767951835,0.0,0.241988311858558,-0.9359045730975464,0.9316033855643254,0.3380961637724818,-0.6544537372115486,-0.6154915796172451,-0.3687152874355457,-0.5952272282818631,0
519,-3.6302712,28.866323,0.1178448495313057,2,-1.387022282211131,2,-0.270543951856408,1.0617867539482455,2,0.0,-0.5248505415108096,1.1697805251007627,0,-0.9787745141326066,-1.0261667362455194,-0.0577875452794142,7,1.153253590238697,2,-0.5258700641667541,-0.9166225137945536,-1.0785044383346123,0,0,1.3093409798465847,2.346151056253851,-1.584178240646517,0.0,-0.9320143892374164,-0.4216424583593375,-0.6201892226844657,0.3380961637724818,-0.0013328996684553,0.7649976209279952,-0.6791456840737199,0.2458339946348354,0
520,13.284301,-9.393945,-0.8676718124782865,1,0.0087122735528531,1,-1.010909342912418,1.0617867539482455,1,0.0,-0.5231889138127447,-0.6605306743650393,1,0.4974209740085685,-2.432005601372186,-0.9614863916702532,6,1.153253590238697,0,-0.8037921406340092,0.6529386544509724,-0.6780493930322936,0,0,0.7626976284195812,-0.4262300150429028,1.1914379855160335,0.0,0.241988311858558,-0.1645114009902331,1.707499689688721,0.3380961637724818,0.4885077284888646,0.7649976209279952,-0.0582848907973714,1.086895217551534,0
521,14.778159,-21.725986,1.2128633628752972,2,0.0359823980882062,2,-0.8875151110697495,-1.86842575225436,2,0.0,-0.5198656584166149,-0.6605306743650393,1,-0.4867093514188816,1.7855109940078144,-0.0577875452794142,7,-0.6608531809232983,1,0.3435925787262185,0.6020628357811229,0.1228606975723441,0,0,-0.8772324258614291,-0.4262300150429028,1.1914379855160335,0.0,-0.9320143892374164,0.0926196563788712,0.1557070814399298,0.3380961637724818,-0.8177339465973219,-0.6154915796172451,-0.0582848907973714,-0.5952272282818631,0
522,-3.211581,43.96284,-1.0866755151470848,1,1.5060900207667902,2,-0.7641208792270812,-1.86842575225436,3,0.0,-0.516542403020485,1.1697805251007627,0,0.251388392651706,1.7855109940078144,-0.0577875452794142,7,1.153253590238697,0,-0.3943457787437946,0.3316620757789387,-0.6780493930322936,0,1,1.3093409798465847,2.346151056253851,-0.6589728319256667,0.0,1.4159910129545328,-0.678773515728442,0.1557070814399298,0.3380961637724818,-0.1646131090542286,0.212801940709899,-0.6791456840737199,-0.0345197463373974,0
523,-16.310328,-4.543715,0.0083429981969065,2,1.04745610812676,1,0.0996387436715968,-0.8916882501868245,1,0.0,-0.5148807753224202,1.1697805251007627,1,0.6942470390940585,1.7855109940078144,-0.9614863916702532,6,1.153253590238697,2,-0.3873339832365932,0.1291425876484048,0.1228606975723441,0,0,0.4893759527060795,-0.4262300150429028,-1.584178240646517,0.0,-0.9320143892374164,-0.9359045730975464,-0.6201892226844657,0.3380961637724818,-0.9810141559830952,-1.1676872598353414,-0.6791456840737199,-1.1559347102263289,0
524,24.178497,10.856207,1.4318670655440953,2,1.0028322679780002,1,2.320734916839626,-1.86842575225436,3,0.0,-0.5132191476243553,1.1697805251007627,1,0.3990079414658235,1.7855109940078144,-0.9614863916702532,2,0.2462002046576992,1,-0.6973403361155881,-1.5482134781655594,-0.6780493930322936,0,1,-1.1505541015749308,-0.4262300150429028,0.2662325767951835,0.0,2.5899937140505074,1.121143885855289,0.1557070814399298,0.3380961637724818,2.1213098223465976,1.041095461037043,0.2521455058408027,1.086895217551534,0
525,17.001438,-1.3768922,-0.3201625558062908,2,1.5854212921423632,1,-0.0237554881710714,0.0850492518807105,3,0.0,-0.5115575199262904,1.1697805251007627,0,-0.9787745141326066,-1.0261667362455194,0.8459113011114247,0,-0.6608531809232983,2,0.4500443832446397,0.4695327335555201,-0.6780493930322936,0,0,-0.3305890744344257,-0.4262300150429028,-0.6589728319256667,0.0,-0.9320143892374164,-0.2930769296747854,0.1557070814399298,1.754054456494842,0.161947309717318,0.7649976209279952,1.4938670923934996,0.8065414765793012,0
526,-47.906616,5.5975456,-1.4151810691502822,2,-0.2714262784921384,2,-0.7641208792270812,-0.8916882501868245,1,0.0,-0.5065726368320957,-1.5756862740979405,0,-0.043850704976529,0.3796721288811475,-0.0577875452794142,7,0.2462002046576992,2,-0.4092192843651309,1.4717301449773366,2.5255909693862573,0,0,-0.3305890744344257,-0.4262300150429028,-1.584178240646517,0.0,-0.9320143892374164,-0.9359045730975464,0.1557070814399298,0.3380961637724818,-0.8177339465973219,-0.6154915796172451,-0.0582848907973714,-1.1559347102263289,1
527,20.579279,-1.6180899,0.2273467008657048,2,-0.977970414180834,1,-0.8875151110697495,1.0617867539482455,5,0.0,-0.5049110091340308,1.1697805251007627,0,0.6942470390940585,-1.0261667362455194,-0.0577875452794142,0,0.2462002046576992,2,-0.4143187720067319,0.9366908033306032,-0.6780493930322936,0,0,-1.1505541015749308,-0.4262300150429028,-1.584178240646517,0.0,-0.9320143892374164,1.121143885855289,0.9316033855643254,0.3380961637724818,2.1213098223465976,0.7649976209279952,2.7355886789461965,1.6476026994959998,0
528,21.910063,-18.945873,-0.5391662584750891,2,0.3136418479027112,2,0.0996387436715968,0.0850492518807105,2,0.0,-0.5032493814359659,1.1697805251007627,1,-0.5359158676902541,0.3796721288811475,-0.0577875452794142,7,1.153253590238697,2,-0.2351992685954963,1.0385829816058545,-0.6780493930322936,0,0,-0.8772324258614291,-0.4262300150429028,1.1914379855160335,0.0,-0.9320143892374164,-0.1645114009902331,-0.6201892226844657,-1.0778621289498782,0.4885077284888646,0.7649976209279952,-0.6791456840737199,1.086895217551534,0
529,-31.26221,4.1402555,1.4318670655440953,1,-0.5961886706858897,2,-0.1471497200137397,-0.8916882501868245,5,0.0,-0.501587753737901,-0.6605306743650393,1,-0.7819484490471167,0.3796721288811475,-0.0577875452794142,7,0.2462002046576992,1,0.0622708438312293,1.2843890778864262,0.1228606975723441,0,1,-0.3305890744344257,-0.4262300150429028,-1.584178240646517,0.0,0.241988311858558,0.8640128284861845,0.9316033855643254,0.3380961637724818,-0.4911735278257753,-0.339393739508197,-0.3687152874355457,-0.3148734873096303,1
530,18.405525,-5.8963237,0.1178448495313057,2,0.0607734203930728,1,-1.010909342912418,1.0617867539482455,1,0.0,-0.4999261260398361,-0.6605306743650393,0,-1.6184592256604493,1.7855109940078144,-0.0577875452794142,0,1.153253590238697,2,0.2384156461181976,0.7125280111250505,-1.0785044383346123,0,0,-0.6039107501479274,-0.4262300150429028,0.2662325767951835,0.0,-0.9320143892374164,-0.1645114009902331,0.9316033855643254,-1.0778621289498782,0.3252275191030913,0.7649976209279952,-0.3687152874355457,1.086895217551534,0
531,13.723806,-4.639623,-1.0866755151470848,2,-0.4821499680835037,1,-1.010909342912418,-0.8916882501868245,1,0.0,-0.4982644983417712,0.2546249253678617,0,0.1037688438375884,0.3796721288811475,0.8459113011114247,4,-1.5679065665042955,1,0.1931576932989887,-1.1670664609483437,-0.6780493930322936,0,0,-1.1505541015749308,-0.4262300150429028,1.1914379855160335,0.0,-0.9320143892374164,-0.2930769296747854,0.1557070814399298,0.3380961637724818,0.3252275191030913,0.7649976209279952,-0.6791456840737199,0.8065414765793012,0
532,16.682142,-3.2701254,-0.5391662584750891,2,0.5342819464160231,1,-0.7641208792270812,-0.8916882501868245,1,0.0,-0.4949412429456414,0.2546249253678617,0,-1.3232201280322142,0.3796721288811475,0.8459113011114247,5,1.153253590238697,2,0.9893152013439468,0.7111226017695297,0.1228606975723441,0,0,-0.0572673987209239,-0.4262300150429028,1.1914379855160335,0.0,-0.9320143892374164,-0.1645114009902331,2.4833959938131165,0.3380961637724818,-0.0013328996684553,0.7649976209279952,1.4938670923934996,0.8065414765793012,0
533,18.249659,-19.914444,1.103361511540898,2,-0.2466352561872719,2,0.59321567104227,1.0617867539482455,2,0.0,-0.4932796152475765,1.1697805251007627,1,-1.1756005792180968,0.3796721288811475,-0.0577875452794142,7,-1.5679065665042955,2,-0.327839960751248,-0.3496803797775002,-0.2775943477299747,0,0,-0.8772324258614291,-0.4262300150429028,1.1914379855160335,0.0,-0.9320143892374164,1.121143885855289,-0.6201892226844657,0.3380961637724818,-0.0013328996684553,0.7649976209279952,-0.3687152874355457,0.8065414765793012,0
534,9.838302,35.938446,0.3368485522001039,1,-0.55156483053713,2,-0.5173324155417446,1.0617867539482455,1,0.0,-0.4916179875495116,1.1697805251007627,1,-0.8803614815898617,-1.0261667362455194,0.8459113011114247,7,-1.5679065665042955,1,0.8439798035583179,1.3293621772630888,0.9237707881769818,0,1,1.5826626555600865,2.346151056253851,0.2662325767951835,0.0,0.241988311858558,1.121143885855289,-0.6201892226844657,0.3380961637724818,1.794749403575051,2.421584661582284,-0.3687152874355457,2.2083101814404653,0
535,31.027838,19.776274,1.7603726195472926,2,0.4152850393526638,1,-0.270543951856408,0.0850492518807105,1,0.0,-0.4899563598514467,0.2546249253678617,1,-0.3390898026047641,1.7855109940078144,1.7496101475022634,5,0.2462002046576992,1,1.7659246734294345,-0.1123067396300527,0.1228606975723441,0,0,1.036019304133083,-0.4262300150429028,0.2662325767951835,0.0,-0.9320143892374164,2.6639302300699157,0.1557070814399298,0.3380961637724818,-0.3278933184400019,-0.8915894197262932,-0.3687152874355457,-0.3148734873096303,0
536,47.942276,3.095614,0.4463504035345031,2,-0.9308674718015876,0,0.0996387436715968,1.0617867539482455,0,0.0,-0.4882947321533818,-0.6605306743650393,1,0.349801425194451,-1.0261667362455194,2.6533089938931025,3,1.153253590238697,0,2.68531979947975,-0.7662437127538378,0.1228606975723441,0,0,-0.0572673987209239,-0.4262300150429028,-0.6589728319256667,0.0,2.5899937140505074,1.5068404719089457,-0.6201892226844657,-1.0778621289498782,2.284590031732371,0.4888997808189471,3.0460190755843706,0.5261877356070683,0
537,-2.544242,-34.097153,2.526885578888087,2,0.933417405524374,2,0.8400041347276065,1.0617867539482455,2,0.0,-0.4866331044553169,-1.5756862740979405,1,0.8910731041795485,0.3796721288811475,-0.0577875452794142,7,-1.5679065665042955,2,-0.2332869607298959,-0.3357668271578452,2.1251359240839385,0,0,-0.3305890744344257,-0.4262300150429028,1.1914379855160335,0.0,-0.9320143892374164,-0.1645114009902331,-1.3960855268088614,0.3380961637724818,-0.8177339465973219,-0.6154915796172451,-0.0582848907973714,-0.5952272282818631,0
538,2.5950947,32.132885,-1.0866755151470848,1,-1.2605880684563122,1,0.0996387436715968,-0.8916882501868245,1,0.0,-0.484971476757252,1.1697805251007627,1,-1.6676657419318217,0.3796721288811475,0.8459113011114247,4,-1.5679065665042955,0,0.4865907113427802,-1.3357155836108283,-0.6780493930322936,0,0,1.5826626555600865,2.346151056253851,0.2662325767951835,0.0,1.4159910129545328,-0.2930769296747854,0.9316033855643254,-1.0778621289498782,0.3252275191030913,0.7649976209279952,-0.3687152874355457,0.8065414765793012,0
539,39.084583,12.344397,0.4463504035345031,2,-1.2110060238465792,0,-1.010909342912418,0.0850492518807105,0,0.0,-0.4833098490591871,1.1697805251007627,1,-0.3390898026047641,-1.0261667362455194,2.6533089938931025,3,0.2462002046576992,1,2.695518774762952,0.7376848385888711,-0.6780493930322936,0,0,-0.8772324258614291,-0.4262300150429028,-0.6589728319256667,0.0,0.241988311858558,1.3782749432243937,0.1557070814399298,0.3380961637724818,2.447870241118145,0.7649976209279952,-0.0582848907973714,1.6476026994959998,0
540,-1.128937,-12.932262,1.4318670655440953,2,-1.206047819385606,2,-0.1471497200137397,1.0617867539482455,2,0.0,-0.4766633382669275,1.1697805251007627,1,-0.5851223839616266,0.3796721288811475,-0.9614863916702532,8,-0.6608531809232983,1,-0.5583792978819605,-0.6085567830644145,1.7246808787816197,0,0,-0.0572673987209239,-0.4262300150429028,1.1914379855160335,0.0,0.241988311858558,-0.9359045730975464,-0.6201892226844657,0.3380961637724818,-0.8177339465973219,-0.6154915796172451,-0.0582848907973714,-0.5952272282818631,0
541,-48.504025,1.9826227,-0.9771736638126856,2,-0.3681112654811178,1,-1.010909342912418,-0.8916882501868245,1,0.0,-0.4716784551727328,-1.5756862740979405,0,0.0545623275662159,-2.432005601372186,-0.9614863916702532,6,-0.6608531809232983,2,-0.9108813811076304,-1.4674024402231187,1.7246808787816197,0,1,-0.6039107501479274,-0.4262300150429028,1.1914379855160335,0.0,-0.9320143892374164,-0.1645114009902331,0.9316033855643254,0.3380961637724818,-0.0013328996684553,0.7649976209279952,0.2521455058408027,0.8065414765793012,1
542,7.957406,14.8461275,-0.1011588531374925,0,-0.9308674718015876,1,-0.1471497200137397,0.0850492518807105,1,0.0,-0.4700168274746679,-1.5756862740979405,0,-0.142263737519274,1.7855109940078144,0.8459113011114247,5,-1.5679065665042955,1,1.1070283744042368,0.8463229817706218,2.5255909693862573,0,0,-0.3305890744344257,-0.4262300150429028,-1.584178240646517,0.0,0.241988311858558,-0.1645114009902331,-0.6201892226844657,0.3380961637724818,0.161947309717318,0.7649976209279952,-0.6791456840737199,0.2458339946348354,0
543,-7.0146847,-6.1368804,0.1178448495313057,2,-1.57295494949763,1,-1.010909342912418,0.0850492518807105,1,0.0,-0.468355199776603,0.2546249253678617,0,0.743453555365431,0.3796721288811475,0.8459113011114247,4,0.2462002046576992,2,0.2885606079272743,0.1523318420144964,0.523315742874663,0,1,-0.3305890744344257,-0.4262300150429028,1.1914379855160335,0.0,-0.9320143892374164,-0.1645114009902331,0.9316033855643254,1.754054456494842,-0.9810141559830952,-1.1676872598353414,-0.6791456840737199,-1.1559347102263289,0
544,-11.34852,-17.10458,0.7748559575377005,0,-1.0449061744039736,1,1.827157989468953,0.0850492518807105,3,0.0,-0.4666935720785381,-1.5756862740979405,1,-0.8311549653184892,-2.432005601372186,-0.9614863916702532,2,0.2462002046576992,2,-0.5938632327214343,-1.71587881427918,-0.2775943477299747,0,0,-0.3305890744344257,-0.4262300150429028,0.2662325767951835,0.0,-0.9320143892374164,-0.2930769296747854,1.707499689688721,0.3380961637724818,-0.3278933184400019,-0.6154915796172451,-0.3687152874355457,-0.0345197463373974,0
545,41.238674,-0.72633,1.103361511540898,1,-1.4514789402037842,2,-0.7641208792270812,0.0850492518807105,3,0.0,-0.4633703166824083,1.1697805251007627,0,-0.8311549653184892,0.3796721288811475,1.7496101475022634,7,0.2462002046576992,0,1.54409696101979,-0.5745458766608134,2.5255909693862573,0,1,-0.8772324258614291,-0.4262300150429028,1.1914379855160335,0.0,1.4159910129545328,2.1496681153317065,-0.6201892226844657,-1.0778621289498782,2.447870241118145,-0.6154915796172451,2.7355886789461965,2.488663922412698,0
546,-5.7798643,39.037773,-0.7581699611438873,2,-0.7474139067455754,2,2.197340684996958,2.038524256015781,2,0.0,-0.4617086889843434,0.2546249253678617,1,1.629170848250136,0.3796721288811475,-0.0577875452794142,7,1.153253590238697,0,-0.2547473045549669,1.5405952033978512,1.7246808787816197,0,0,2.1293060069870897,2.346151056253851,1.1914379855160335,0.0,0.241988311858558,-0.1645114009902331,-0.6201892226844657,-1.0778621289498782,0.161947309717318,0.7649976209279952,1.4938670923934996,0.8065414765793012,0
547,-14.209554,-12.531014,-0.8676718124782865,2,1.4713825895399772,2,0.0996387436715968,0.0850492518807105,1,0.0,-0.4583854335882136,0.2546249253678617,1,1.629170848250136,0.3796721288811475,-0.9614863916702532,8,0.2462002046576992,2,-0.8203654754692125,-1.6243866652347818,-0.6780493930322936,0,0,-1.1505541015749308,-0.4262300150429028,0.2662325767951835,0.0,-0.9320143892374164,-1.3216011591512031,2.4833959938131165,0.3380961637724818,-0.9810141559830952,-1.1676872598353414,-0.6791456840737199,-1.1559347102263289,0
548,-31.0584,11.788156,0.5558522548689022,1,0.3235582568246578,1,1.2101868302556114,0.0850492518807105,3,0.0,-0.4534005504940189,0.2546249253678617,1,-0.4375028351475091,1.7855109940078144,-0.9614863916702532,6,0.2462002046576992,0,-0.7955054732164076,0.8506797507727359,1.324225833479301,0,1,-0.8772324258614291,-0.4262300150429028,1.1914379855160335,0.0,-0.9320143892374164,-0.5502079870438897,-0.6201892226844657,0.3380961637724818,-0.8177339465973219,-0.6154915796172451,-0.0582848907973714,-0.5952272282818631,1
549,3.2825615,-27.461388,0.6653541062033014,1,-0.068139895592233,2,0.7166099028849382,0.0850492518807105,1,0.0,-0.4500772950978891,1.1697805251007627,1,-0.929567997861234,-1.0261667362455194,-0.0577875452794142,7,1.153253590238697,1,0.0639706730450963,1.3168540339989545,0.1228606975723441,0,0,0.7626976284195812,-0.4262300150429028,0.2662325767951835,0.0,0.241988311858558,-0.5502079870438897,1.707499689688721,0.3380961637724818,-0.8177339465973219,-0.6154915796172451,-0.0582848907973714,-0.5952272282818631,0
550,-11.16135,-3.94104,-0.3201625558062908,2,0.4152850393526638,1,-0.1471497200137397,-0.8916882501868245,3,0.0,-0.4450924120036944,-0.6605306743650393,0,1.4815512994360187,0.3796721288811475,-0.0577875452794142,0,0.2462002046576992,2,-0.0766901944023982,-0.977195657017496,0.1228606975723441,0,0,-1.1505541015749308,-0.4262300150429028,1.1914379855160335,0.0,-0.9320143892374164,-0.1645114009902331,-0.6201892226844657,0.3380961637724818,-0.3278933184400019,-0.8915894197262932,0.5625759024789769,-0.3148734873096303,0
551,-22.378578,-13.433809,-1.5246829204846812,2,-0.3780276744030644,1,-0.0237554881710714,-1.86842575225436,3,0.0,-0.4434307843056295,-0.6605306743650393,1,-1.4216331605749593,0.3796721288811475,-0.9614863916702532,2,-1.5679065665042955,1,-0.8505374440153518,-1.4010671186425414,-0.6780493930322936,0,0,-0.3305890744344257,-0.4262300150429028,1.1914379855160335,0.0,0.241988311858558,-0.8073390444129942,-0.6201892226844657,1.754054456494842,-0.4911735278257753,-0.339393739508197,-0.6791456840737199,-0.5952272282818631,0
552,-1.0494056,-0.49324352,0.2273467008657048,2,-1.6398907097207698,0,-0.7641208792270812,0.0850492518807105,0,0.0,-0.4401075289094997,0.2546249253678617,0,-1.0771875466753518,1.7855109940078144,-0.0577875452794142,1,-0.6608531809232983,1,-0.0242079674242544,0.6259547948249748,2.5255909693862573,0,0,-0.0572673987209239,-0.4262300150429028,0.2662325767951835,0.0,0.241988311858558,0.0926196563788712,0.1557070814399298,-2.4938204216722384,0.161947309717318,-0.339393739508197,0.2521455058408027,0.5261877356070683,0
553,33.09776,15.257159,2.08887817355049,2,0.073168931545506,1,-0.0237554881710714,0.0850492518807105,3,0.0,-0.4367842735133699,0.2546249253678617,1,0.743453555365431,0.3796721288811475,1.7496101475022634,0,1.153253590238697,1,0.9774163968468776,0.8582689612925478,1.7246808787816197,0,0,-1.1505541015749308,-0.4262300150429028,0.2662325767951835,0.0,-0.9320143892374164,2.406799172700811,-1.3960855268088614,-1.0778621289498782,0.4885077284888646,0.7649976209279952,-0.3687152874355457,-0.8755809692540959,0
554,-6.9501066,25.976965,0.3368485522001039,2,0.0037540690918798,1,-0.8875151110697495,-1.86842575225436,3,0.0,-0.4351226458153051,1.1697805251007627,0,0.9894861367222936,-1.0261667362455194,-0.9614863916702532,6,1.153253590238697,2,-0.8841090709892252,1.2108861685926933,-1.0785044383346123,0,1,1.3093409798465847,2.346151056253851,1.1914379855160335,0.0,-0.9320143892374164,-0.8073390444129942,-0.6201892226844657,-1.0778621289498782,-0.4911735278257753,-0.6154915796172451,-0.0582848907973714,-0.3148734873096303,0
555,-0.9522467,1.7508451,-1.0866755151470848,2,0.4276805505050971,1,-0.270543951856408,0.0850492518807105,3,0.0,-0.4334610181172401,1.1697805251007627,0,-0.5359158676902541,-1.0261667362455194,-0.0577875452794142,0,-1.5679065665042955,2,0.0654580236072299,1.2767998673666143,2.1251359240839385,0,0,1.036019304133083,-0.4262300150429028,-1.584178240646517,0.0,-0.9320143892374164,-0.2930769296747854,-0.6201892226844657,-2.4938204216722384,-0.0013328996684553,0.4888997808189471,-0.6791456840737199,0.8065414765793012,0
556,4.3610945,-25.994886,-0.8676718124782865,2,0.712777307011062,2,0.0996387436715968,0.0850492518807105,2,0.0,-0.4301377627211104,1.1697805251007627,1,0.841866587908176,0.3796721288811475,-0.9614863916702532,8,-0.6608531809232983,0,-0.893670610317227,0.5135220463833182,-0.6780493930322936,0,0,-0.3305890744344257,-0.4262300150429028,1.1914379855160335,0.0,1.4159910129545328,-1.193035630466651,-0.6201892226844657,0.3380961637724818,-0.8177339465973219,-0.6154915796172451,-0.0582848907973714,-0.5952272282818631,0
557,-12.110806,-2.0602376,1.7603726195472926,2,-1.1316747524710062,1,-0.3939381836990763,0.0850492518807105,1,0.0,-0.4251528796269156,1.1697805251007627,1,0.9894861367222936,0.3796721288811475,-0.0577875452794142,2,1.153253590238697,2,-0.8611613766020206,-0.4770104673876763,-0.2775943477299747,0,0,0.4893759527060795,-0.4262300150429028,1.1914379855160335,0.0,-0.9320143892374164,0.9925783571707368,0.9316033855643254,0.3380961637724818,-0.8177339465973219,-0.6154915796172451,-0.0582848907973714,-0.5952272282818631,0
558,0.84926283,7.3796525,-0.2106607044718917,0,1.04745610812676,1,-0.8875151110697495,1.0617867539482455,1,0.0,-0.4218296242307858,1.1697805251007627,0,-0.2406767700620191,0.3796721288811475,-0.0577875452794142,0,-1.5679065665042955,0,-0.2995803000707091,-1.342461548517328,-0.2775943477299747,0,0,-1.1505541015749308,-0.4262300150429028,-1.584178240646517,0.0,0.241988311858558,0.6068817711170802,-0.6201892226844657,1.754054456494842,-0.9810141559830952,-1.1676872598353414,-0.6791456840737199,-1.1559347102263289,0
559,14.439731,8.455746,-0.5391662584750891,1,-0.9234301651101277,1,1.827157989468953,1.0617867539482455,1,0.0,-0.4201679965327209,-1.5756862740979405,1,0.6942470390940585,0.3796721288811475,-0.0577875452794142,2,1.153253590238697,1,-0.2536849112963,0.9603016805033512,-0.6780493930322936,0,0,-0.0572673987209239,-0.4262300150429028,1.1914379855160335,0.0,1.4159910129545328,-0.1645114009902331,-0.6201892226844657,0.3380961637724818,0.4885077284888646,1.041095461037043,0.5625759024789769,0.8065414765793012,0
560,-22.959599,10.668278,0.1178448495313057,2,-1.325044726448965,1,-0.8875151110697495,2.038524256015781,3,0.0,-0.4185063688346561,1.1697805251007627,1,1.2847252343505289,0.3796721288811475,-0.9614863916702532,6,0.2462002046576992,1,-0.7321868349998617,0.8654365490057034,1.324225833479301,0,1,-0.6039107501479274,-0.4262300150429028,-0.6589728319256667,0.0,0.241988311858558,-0.678773515728442,-2.171981830933257,-2.4938204216722384,-0.9810141559830952,-1.1676872598353414,-0.6791456840737199,-0.8755809692540959,0
561,-3.4493759,-3.1012516,-0.3201625558062908,2,-1.575434051728117,1,-0.1471497200137397,2.038524256015781,1,0.0,-0.4151831134385262,-0.6605306743650393,0,-1.6676657419318217,0.3796721288811475,-0.0577875452794142,4,-1.5679065665042955,0,-0.2936308978221746,-1.4231320455242165,0.1228606975723441,0,0,-0.3305890744344257,-0.4262300150429028,0.2662325767951835,0.0,0.241988311858558,-0.5502079870438897,0.1557070814399298,0.3380961637724818,-1.1442943653688686,-1.1676872598353414,-0.6791456840737199,-1.1559347102263289,0
562,42.55359,11.572586,1.6508707682128936,2,-0.4499216390871772,2,-0.7641208792270812,1.0617867539482455,2,0.0,-0.4135214857404614,0.2546249253678617,1,-1.7168722582031943,-1.0261667362455194,1.7496101475022634,3,-1.5679065665042955,1,2.199806080268987,-0.5943621485736553,-0.6780493930322936,0,0,-1.1505541015749308,-0.4262300150429028,-1.584178240646517,0.0,-0.9320143892374164,2.92106128743902,0.1557070814399298,1.754054456494842,4.407232753747424,0.4888997808189471,-0.3687152874355457,3.329725145329397,0
563,-47.645523,-10.020882,-0.42966440714069,2,-0.6829572487529224,1,-1.010909342912418,1.0617867539482455,4,0.0,-0.4068749749482018,1.1697805251007627,1,-0.142263737519274,0.3796721288811475,-0.9614863916702532,6,1.153253590238697,2,-0.811016414792944,-1.2797802912611045,-0.6780493930322936,0,1,-0.6039107501479274,-0.4262300150429028,0.2662325767951835,0.0,-0.9320143892374164,-0.1645114009902331,-0.6201892226844657,-1.0778621289498782,0.4885077284888646,1.3171933011460917,1.4938670923934996,1.086895217551534,1
564,-2.7701015,39.394627,-1.3056792178158831,2,0.1996031453003252,2,2.073946453154289,-1.86842575225436,3,0.0,-0.4052133472501368,0.2546249253678617,0,-1.6676657419318217,0.3796721288811475,-0.0577875452794142,7,1.153253590238697,2,-0.0686160056365299,1.1937401744553406,-0.6780493930322936,0,0,2.1293060069870897,2.346151056253851,-0.6589728319256667,0.0,-0.9320143892374164,-0.678773515728442,1.707499689688721,-1.0778621289498782,-0.1646131090542286,0.212801940709899,-0.3687152874355457,-0.0345197463373974,0
565,12.697795,-20.537523,0.8843578088720997,2,0.3756194036648774,2,-0.8875151110697495,-0.8916882501868245,5,0.0,-0.4018900918540071,-0.6605306743650393,1,-0.9787745141326066,-2.432005601372186,-0.0577875452794142,8,0.2462002046576992,2,0.0274243449469557,-0.2705558330616844,-1.0785044383346123,0,0,-0.6039107501479274,-0.4262300150429028,-1.584178240646517,0.0,-0.9320143892374164,-0.2930769296747854,0.1557070814399298,0.3380961637724818,0.161947309717318,0.7649976209279952,0.2521455058408027,-0.8755809692540959,0
566,-25.706661,-3.760843,-1.5246829204846812,2,-1.2209224327685255,1,0.0996387436715968,-1.86842575225436,3,0.0,-0.4002284641559421,-1.5756862740979405,1,0.645040522822686,1.7855109940078144,-0.9614863916702532,6,0.2462002046576992,2,-0.6369963990233094,0.7472416222064119,-0.6780493930322936,0,0,0.7626976284195812,-0.4262300150429028,1.1914379855160335,0.0,-0.9320143892374164,-1.193035630466651,0.1557070814399298,0.3380961637724818,-0.8177339465973219,-0.6154915796172451,-0.6791456840737199,-0.5952272282818631,0
567,-4.9471464,-37.37019,1.103361511540898,1,-0.2069696204994855,2,2.197340684996958,-0.8916882501868245,1,0.0,-0.3985668364578772,-0.6605306743650393,0,0.5466274902799411,1.7855109940078144,-0.0577875452794142,7,0.2462002046576992,2,-0.0225081382103874,-0.5585242100078773,0.523315742874663,0,1,-0.8772324258614291,-0.4262300150429028,1.1914379855160335,0.0,-0.9320143892374164,-0.4216424583593375,-0.6201892226844657,0.3380961637724818,-0.3278933184400019,-0.063295899399149,-0.3687152874355457,-0.3148734873096303,1
568,-1.9183347,27.354841,-0.3201625558062908,2,-1.2357970461514456,2,-0.8875151110697495,0.0850492518807105,4,0.0,-0.3969052087598124,1.1697805251007627,1,-0.2898832863333916,0.3796721288811475,-0.0577875452794142,7,1.153253590238697,2,-0.0486430123735926,0.6145709790452571,-0.6780493930322936,0,0,1.855984331273588,2.346151056253851,0.2662325767951835,0.0,-0.9320143892374164,-0.678773515728442,1.707499689688721,0.3380961637724818,-0.1646131090542286,0.212801940709899,-0.3687152874355457,-0.0345197463373974,0
569,32.54168,24.751457,1.979376322216091,2,-0.1920950071165655,1,-0.8875151110697495,0.0850492518807105,3,0.0,-0.3952435810617475,1.1697805251007627,1,0.5958340065513135,0.3796721288811475,2.6533089938931025,3,-1.5679065665042955,1,2.837879471424314,0.9677503500876108,0.9237707881769818,0,1,-0.6039107501479274,-0.4262300150429028,1.1914379855160335,0.0,0.241988311858558,1.6354060005934978,-0.6201892226844657,0.3380961637724818,-0.3278933184400019,-0.6154915796172451,-0.3687152874355457,-0.0345197463373974,1
570,20.380325,-23.237808,-0.1011588531374925,0,1.5655884742984698,2,-0.1471497200137397,1.0617867539482455,1,0.0,-0.3919203256656177,-1.5756862740979405,1,0.4974209740085685,-1.0261667362455194,0.8459113011114247,7,-1.5679065665042955,2,0.2303414573523294,-0.0118199707103221,-0.6780493930322936,0,0,-0.0572673987209239,-0.4262300150429028,-0.6589728319256667,0.0,-0.9320143892374164,-0.1645114009902331,-1.3960855268088614,0.3380961637724818,0.4885077284888646,0.7649976209279952,-0.6791456840737199,1.3672489585237668,0
571,1.4706434,12.0235815,1.6508707682128936,0,-0.2168860294214321,1,1.2101868302556114,1.0617867539482455,3,0.0,-0.3885970702694878,1.1697805251007627,1,-1.2248070954894692,0.3796721288811475,-0.9614863916702532,6,1.153253590238697,1,-0.4769999742680776,1.725265992713272,-1.0785044383346123,0,0,0.7626976284195812,-0.4262300150429028,-1.584178240646517,0.0,0.241988311858558,-0.8073390444129942,0.1557070814399298,0.3380961637724818,-0.4911735278257753,-0.339393739508197,-0.3687152874355457,-0.5952272282818631,0
572,-29.031092,-10.546387,-1.196177366481484,1,-0.5639603416895632,1,-1.010909342912418,-0.8916882501868245,1,0.0,-0.386935442571423,-1.5756862740979405,0,0.251388392651706,-2.432005601372186,-0.9614863916702532,2,1.153253590238697,0,-0.4544772371843398,-1.2683964754813866,0.1228606975723441,0,0,-0.3305890744344257,-0.4262300150429028,-1.584178240646517,0.0,0.241988311858558,-0.8073390444129942,-0.6201892226844657,0.3380961637724818,-0.8177339465973219,-0.6154915796172451,-0.0582848907973714,-1.1559347102263289,0
573,9.189666,9.258771,-0.8676718124782865,2,-0.3606739587896578,1,2.197340684996958,0.0850492518807105,3,0.0,-0.3852738148733581,-0.6605306743650393,0,0.0053558112948434,0.3796721288811475,-0.0577875452794142,0,0.2462002046576992,1,-0.4606391180846078,1.5791034197391185,0.523315742874663,0,0,-0.8772324258614291,-0.4262300150429028,-1.584178240646517,0.0,0.241988311858558,-0.0359458723056809,0.1557070814399298,-1.0778621289498782,0.161947309717318,0.7649976209279952,-0.3687152874355457,-0.8755809692540959,0
574,-36.718925,-2.9818943,-1.196177366481484,2,0.8516070319183144,2,-0.1471497200137397,0.0850492518807105,5,0.0,-0.3802889317791634,1.1697805251007627,1,-1.3724266443035866,-1.0261667362455194,-0.0577875452794142,7,-1.5679065665042955,2,-0.2500727742168326,-1.580959516149192,1.324225833479301,0,0,0.4893759527060795,-0.4262300150429028,0.2662325767951835,0.0,-0.9320143892374164,-0.678773515728442,-0.6201892226844657,-1.0778621289498782,-0.4911735278257753,-0.339393739508197,-0.3687152874355457,-0.5952272282818631,1
575,-15.448245,-2.6400664,-0.3201625558062908,2,-1.538247518270817,1,-1.010909342912418,1.0617867539482455,1,0.0,-0.3786273040810985,-0.6605306743650393,0,0.3005949089230785,1.7855109940078144,-0.9614863916702532,6,1.153253590238697,2,-0.6848040956633189,-0.1071067250146261,-0.2775943477299747,0,0,0.2160542769925777,-0.4262300150429028,0.2662325767951835,0.0,-0.9320143892374164,-0.1645114009902331,-0.6201892226844657,0.3380961637724818,-0.4911735278257753,-0.6154915796172451,-0.3687152874355457,-0.3148734873096303,0
576,-1.6542714,-6.0619173,1.869874470881692,2,-1.0573016855564068,1,1.2101868302556114,1.0617867539482455,3,0.0,-0.3753040486849687,1.1697805251007627,0,1.432344783164646,0.3796721288811475,-0.0577875452794142,4,-1.5679065665042955,0,-0.2162886685912259,1.174486066284707,2.5255909693862573,0,1,-1.1505541015749308,-0.4262300150429028,-0.6589728319256667,0.0,1.4159910129545328,-0.2930769296747854,0.9316033855643254,0.3380961637724818,-0.3278933184400019,-0.339393739508197,-0.3687152874355457,-0.0345197463373974,0
577,-24.32213,2.0099893,-1.0866755151470848,1,0.0657316248540461,2,-0.1471497200137397,-1.86842575225436,2,0.0,-0.3736424209869038,0.2546249253678617,1,0.8910731041795485,0.3796721288811475,-0.0577875452794142,7,1.153253590238697,1,-0.4591517675224741,1.3625298380533777,-1.0785044383346123,0,0,1.036019304133083,-0.4262300150429028,-0.6589728319256667,0.0,0.241988311858558,-0.8073390444129942,0.1557070814399298,0.3380961637724818,-0.4911735278257753,-0.6154915796172451,-0.3687152874355457,-0.8755809692540959,0
578,-1.3605808,-8.312536,0.0083429981969065,2,-0.5738767506115098,1,0.0996387436715968,-1.86842575225436,1,0.0,-0.370319165590774,1.1697805251007627,0,0.7926600716368035,0.3796721288811475,-0.9614863916702532,6,-1.5679065665042955,0,-0.7906184642265399,0.7858903794832314,-1.0785044383346123,0,1,-0.6039107501479274,-0.4262300150429028,-0.6589728319256667,0.0,1.4159910129545328,-0.678773515728442,0.1557070814399298,-1.0778621289498782,-0.3278933184400019,-0.339393739508197,0.5625759024789769,-0.3148734873096303,0
579,33.509773,-1.9610264,0.1178448495313057,1,-1.3944595889025913,1,-0.8875151110697495,1.0617867539482455,1,0.0,-0.3686575378927091,-1.5756862740979405,0,0.448214457737196,1.7855109940078144,-0.0577875452794142,4,-1.5679065665042955,2,-0.111111735983205,1.6544333611950286,1.324225833479301,0,1,-0.8772324258614291,-0.4262300150429028,1.1914379855160335,0.0,-0.9320143892374164,0.7354472998016324,-0.6201892226844657,0.3380961637724818,1.304908775417731,0.7649976209279952,0.5625759024789769,2.2083101814404653,0
580,-8.759152,-9.283725,-0.3201625558062908,2,-1.6894727543305028,1,-0.8875151110697495,1.0617867539482455,3,0.0,-0.3669959101946442,0.2546249253678617,0,0.9894861367222936,-1.0261667362455194,-0.9614863916702532,6,-1.5679065665042955,2,-0.4508651001048725,-0.953303697973644,-0.6780493930322936,0,0,-1.1505541015749308,-0.4262300150429028,0.2662325767951835,0.0,-0.9320143892374164,-0.678773515728442,0.1557070814399298,0.3380961637724818,-0.1646131090542286,0.212801940709899,-0.3687152874355457,-0.3148734873096303,0
581,2.82023,-17.707024,-0.2106607044718917,2,-1.0374688677125137,2,-0.1471497200137397,1.0617867539482455,1,0.0,-0.3653342824965793,-1.5756862740979405,0,0.3005949089230785,0.3796721288811475,-0.9614863916702532,8,1.153253590238697,1,-0.8352389810905488,0.8437932449306845,-0.6780493930322936,0,0,0.2160542769925777,-0.4262300150429028,-0.6589728319256667,0.0,0.241988311858558,-1.0644701017820986,-1.3960855268088614,-1.0778621289498782,-0.6544537372115486,-0.6154915796172451,-0.6791456840737199,-0.5952272282818631,0
582,-8.899188,24.72053,-0.7581699611438873,2,0.293809030058818,1,-1.010909342912418,0.0850492518807105,1,0.0,-0.3636726547985144,1.1697805251007627,1,-1.3724266443035866,-2.432005601372186,-0.9614863916702532,2,0.2462002046576992,1,-0.5673034012547623,1.4141083614009875,0.1228606975723441,0,0,1.5826626555600865,2.346151056253851,0.2662325767951835,0.0,1.4159910129545328,-0.5502079870438897,-0.6201892226844657,0.3380961637724818,-0.8177339465973219,-0.6154915796172451,-0.6791456840737199,-0.5952272282818631,0
583,-0.813409,31.07756,0.3368485522001039,1,-0.0284742599044466,1,-0.8875151110697495,-0.8916882501868245,3,0.0,-0.3620110271004495,0.2546249253678617,0,-1.3724266443035866,1.7855109940078144,-0.0577875452794142,0,-0.6608531809232983,1,-0.4799746753923449,-0.6158649117131222,-0.6780493930322936,0,0,2.4026276827005915,2.346151056253851,1.1914379855160335,0.0,0.241988311858558,-0.4216424583593375,-0.6201892226844657,0.3380961637724818,0.161947309717318,0.7649976209279952,0.2521455058408027,0.8065414765793012,0
584,1.6619382,-9.695232,-0.3201625558062908,2,0.7648384538512817,2,-0.1471497200137397,-0.8916882501868245,1,0.0,-0.3603493994023846,0.2546249253678617,0,1.333931750621901,0.3796721288811475,-0.0577875452794142,7,-1.5679065665042955,1,-0.0006228370818497,-0.1416797951604355,0.9237707881769818,0,0,0.4893759527060795,-0.4262300150429028,-0.6589728319256667,0.0,0.241988311858558,-0.678773515728442,-1.3960855268088614,0.3380961637724818,-0.6544537372115486,-0.6154915796172451,-0.3687152874355457,-0.5952272282818631,0
585,47.279438,3.246356,0.5558522548689022,1,-0.5763558528419964,1,-0.1471497200137397,0.0850492518807105,1,0.0,-0.3586877717043197,-0.6605306743650393,1,0.0053558112948434,0.3796721288811475,2.6533089938931025,3,1.153253590238697,0,2.53424747809732,0.268699736651611,-0.6780493930322936,0,0,-0.6039107501479274,-0.4262300150429028,-0.6589728319256667,0.0,0.241988311858558,1.6354060005934978,0.9316033855643254,-1.0778621289498782,2.774430659889691,0.7649976209279952,3.666879868860719,1.3672489585237668,0
586,-19.144224,30.70198,-1.5246829204846812,2,1.0920799482755197,1,-0.3939381836990763,0.0850492518807105,1,0.0,-0.3553645163081899,0.2546249253678617,1,-0.142263737519274,1.7855109940078144,-0.9614863916702532,2,-1.5679065665042955,1,-1.0415557519236565,-1.527413419703853,-0.6780493930322936,0,1,1.5826626555600865,2.346151056253851,0.2662325767951835,0.0,1.4159910129545328,-1.3216011591512031,-0.6201892226844657,0.3380961637724818,-1.1442943653688686,-1.1676872598353414,-0.6791456840737199,-1.1559347102263289,1
587,-21.013605,-26.328676,-1.4151810691502822,0,0.7177355114720353,1,-0.0237554881710714,0.0850492518807105,1,0.0,-0.353702888610125,0.2546249253678617,1,-0.2898832863333916,-1.0261667362455194,-0.9614863916702532,2,-0.6608531809232983,0,-0.8093165855790769,1.7199254371622934,-0.6780493930322936,0,0,-1.1505541015749308,-0.4262300150429028,0.2662325767951835,0.0,2.5899937140505074,-1.3216011591512031,0.9316033855643254,0.3380961637724818,-0.9810141559830952,-1.1676872598353414,-0.6791456840737199,-1.1559347102263289,0
588,-9.412812,33.99969,1.6508707682128936,2,1.2953663311754249,1,0.2230329755142651,1.0617867539482455,1,0.0,-0.3520412609120601,1.1697805251007627,0,0.7926600716368035,0.3796721288811475,-0.0577875452794142,2,0.2462002046576992,1,-0.7126387990403912,1.055166812000999,2.1251359240839385,0,0,1.3093409798465847,2.346151056253851,-0.6589728319256667,0.0,0.241988311858558,-0.2930769296747854,0.1557070814399298,0.3380961637724818,-0.3278933184400019,-0.6154915796172451,-0.3687152874355457,-0.0345197463373974,0
589,31.220892,20.333876,1.4318670655440953,2,-0.2763844829531117,1,-0.8875151110697495,0.0850492518807105,3,0.0,-0.3487180055159303,0.2546249253678617,1,-0.0930572212479015,0.3796721288811475,1.7496101475022634,5,0.2462002046576992,1,2.36617686457622,-1.044514765146938,0.9237707881769818,0,0,0.2160542769925777,-0.4262300150429028,1.1914379855160335,0.0,-0.9320143892374164,2.406799172700811,0.1557070814399298,0.3380961637724818,-0.4911735278257753,-0.339393739508197,-0.6791456840737199,-0.3148734873096303,0
590,-39.264538,6.9464216,-0.8676718124782865,2,0.0062331713223664,1,-1.010909342912418,-0.8916882501868245,1,0.0,-0.3470563778178654,-0.6605306743650393,0,-1.4708396768463317,-1.0261667362455194,-0.9614863916702532,2,-1.5679065665042955,1,-0.8889960799790928,-1.0714986247729354,-0.6780493930322936,0,1,-1.1505541015749308,-0.4262300150429028,1.1914379855160335,0.0,0.241988311858558,-1.3216011591512031,-1.3960855268088614,0.3380961637724818,-0.9810141559830952,-1.1676872598353414,-0.6791456840737199,-1.1559347102263289,1
591,21.79256,-7.7542477,-0.42966440714069,2,-1.4613953491257308,1,-0.270543951856408,0.0850492518807105,3,0.0,-0.3453947501198005,0.2546249253678617,1,-0.8311549653184892,0.3796721288811475,0.8459113011114247,5,0.2462002046576992,1,1.1023538440661025,1.641784676995342,-1.0785044383346123,0,0,-1.1505541015749308,-0.4262300150429028,1.1914379855160335,0.0,-0.9320143892374164,0.3497507137479757,0.1557070814399298,1.754054456494842,0.9783483566461848,1.3171933011460917,0.2521455058408027,0.8065414765793012,0
592,-48.137802,6.5617743,-0.42966440714069,2,-1.6969100610219627,2,0.8400041347276065,0.0850492518807105,2,0.0,-0.3420714947236707,-1.5756862740979405,0,0.1529753601089609,0.3796721288811475,-0.0577875452794142,7,-1.5679065665042955,2,-0.2504977315202993,1.7137416359980024,0.9237707881769818,0,0,-0.0572673987209239,-0.4262300150429028,0.2662325767951835,0.0,-0.9320143892374164,-0.678773515728442,0.1557070814399298,0.3380961637724818,-0.6544537372115486,-0.6154915796172451,-0.6791456840737199,-0.5952272282818631,1
593,35.833946,6.50318,1.103361511540898,2,-1.488665473661084,1,-0.8875151110697495,-0.8916882501868245,4,0.0,-0.3404098670256058,0.2546249253678617,0,-1.6184592256604493,0.3796721288811475,1.7496101475022634,3,1.153253590238697,1,2.177708300488716,-0.1870745173437543,-0.6780493930322936,0,1,-1.1505541015749308,-0.4262300150429028,0.2662325767951835,0.0,0.241988311858558,1.8925370579626024,0.1557070814399298,-1.0778621289498782,3.1009910786612376,2.6976825016913315,0.2521455058408027,-1.1559347102263289,0
594,5.2354345,1.445343,-0.1011588531374925,2,-0.3135710164104114,1,-1.010909342912418,0.0850492518807105,4,0.0,-0.3354249839314111,0.2546249253678617,0,-1.5200461931177045,0.3796721288811475,-0.0577875452794142,4,-0.6608531809232983,1,-0.2708956820867034,1.2715998527511878,-1.0785044383346123,0,0,-0.0572673987209239,-0.4262300150429028,-1.584178240646517,0.0,0.241988311858558,-0.1645114009902331,-0.6201892226844657,0.3380961637724818,0.3252275191030913,0.7649976209279952,-0.6791456840737199,0.2458339946348354,0
595,-7.647802,38.907825,-0.8676718124782865,2,1.1143918683498997,1,1.7037637576262843,-0.8916882501868245,1,0.0,-0.3337633562333462,0.2546249253678617,1,0.743453555365431,1.7855109940078144,-0.9614863916702532,6,0.2462002046576992,1,-0.8080417136686767,1.3303459638119537,-0.6780493930322936,0,0,2.4026276827005915,2.346151056253851,0.2662325767951835,0.0,0.241988311858558,-0.1645114009902331,0.1557070814399298,0.3380961637724818,0.4885077284888646,0.7649976209279952,-0.6791456840737199,0.8065414765793012,0
596,44.106148,8.89301,2.3078818762192883,2,-1.2804208863002051,1,-0.8875151110697495,1.0617867539482455,1,0.0,-0.3321017285352813,1.1697805251007627,1,-1.7168722582031943,0.3796721288811475,2.6533089938931025,5,-0.6608531809232983,2,2.7076300579117545,1.6088980980761576,1.7246808787816197,0,1,-0.8772324258614291,-0.4262300150429028,1.1914379855160335,0.0,-0.9320143892374164,3.692454459546333,-0.6201892226844657,0.3380961637724818,3.917392125590105,2.97378034180038,3.3564494722225446,1.086895217551534,1
597,-14.747836,-3.5989554,-0.2106607044718917,2,1.1292664817328193,1,-1.010909342912418,1.0617867539482455,1,0.0,-0.3304401008372164,1.1697805251007627,0,-1.2740136117608418,1.7855109940078144,-0.9614863916702532,6,0.2462002046576992,2,-0.8492625721049516,-0.1422419589026438,0.1228606975723441,0,0,-0.6039107501479274,-0.4262300150429028,0.2662325767951835,0.0,-0.9320143892374164,-0.5502079870438897,-2.171981830933257,0.3380961637724818,-0.8177339465973219,-0.6154915796172451,-0.0582848907973714,-0.5952272282818631,0
598,-5.4753184,-4.817592,0.5558522548689022,2,0.3210791545941711,1,-1.010909342912418,-0.8916882501868245,1,0.0,-0.3287784731391515,1.1697805251007627,0,-1.1263940629467242,-1.0261667362455194,-0.0577875452794142,4,1.153253590238697,1,-0.0936884865410682,-1.4422456127592982,2.5255909693862573,0,1,-0.6039107501479274,-0.4262300150429028,1.1914379855160335,0.0,0.241988311858558,-0.4216424583593375,0.9316033855643254,0.3380961637724818,-0.4911735278257753,-0.339393739508197,-0.6791456840737199,-0.5952272282818631,0
599,-37.036896,-3.8067975,-0.9771736638126856,2,0.2169568609137318,1,-0.8875151110697495,1.0617867539482455,3,0.0,-0.3271168454410866,0.2546249253678617,1,-0.9787745141326066,0.3796721288811475,-0.9614863916702532,6,0.2462002046576992,2,-0.4506526214531391,0.2896403360488696,1.324225833479301,0,0,0.4893759527060795,-0.4262300150429028,1.1914379855160335,0.0,-0.9320143892374164,-0.8073390444129942,0.1557070814399298,-1.0778621289498782,-0.8177339465973219,-0.6154915796172451,-0.0582848907973714,-0.8755809692540959,1
600,-14.028378,4.627885,-0.1011588531374925,2,0.5913012977172161,0,0.4698214391996017,0.0850492518807105,0,0.0,-0.3254552177430217,0.2546249253678617,1,-1.4708396768463317,0.3796721288811475,-0.9614863916702532,1,-0.6608531809232983,1,-0.9263923226841668,1.576011519156973,0.523315742874663,0,0,-0.6039107501479274,-0.4262300150429028,-0.6589728319256667,0.0,0.241988311858558,-0.4216424583593375,-0.6201892226844657,0.3380961637724818,-0.3278933184400019,-0.6154915796172451,-0.6791456840737199,-0.0345197463373974,0
601,24.760597,-4.0056024,-0.5391662584750891,2,0.1401046917686456,1,-0.6407266473844129,0.0850492518807105,1,0.0,-0.3237935900449568,0.2546249253678617,0,1.5799643319787635,-1.0261667362455194,-0.0577875452794142,4,0.2462002046576992,1,-0.0724406213677307,0.6761279088170641,-0.6780493930322936,0,0,-0.8772324258614291,-0.4262300150429028,0.2662325767951835,0.0,0.241988311858558,0.3497507137479757,0.1557070814399298,0.3380961637724818,1.141628566031958,2.421584661582284,1.1834366957553253,1.086895217551534,0
602,-11.371571,-17.324656,0.3368485522001039,1,-0.2044905182689988,1,0.8400041347276065,1.0617867539482455,3,0.0,-0.320470334648827,-1.5756862740979405,1,-0.7327419327757442,-1.0261667362455194,-0.0577875452794142,2,0.2462002046576992,2,-0.2993678214189758,-0.327474911960273,1.324225833479301,0,0,-0.3305890744344257,-0.4262300150429028,1.1914379855160335,0.0,-0.9320143892374164,-0.1645114009902331,2.4833959938131165,0.3380961637724818,-0.9810141559830952,-1.1676872598353414,-0.6791456840737199,-1.1559347102263289,0
603,-7.2024207,27.323343,-0.7581699611438873,2,0.3557865858209842,1,-0.8875151110697495,0.0850492518807105,3,0.0,-0.3188087069507621,0.2546249253678617,0,-0.6835354165043717,-1.0261667362455194,-0.0577875452794142,4,1.153253590238697,2,0.0794816146216327,0.8321283472798626,0.9237707881769818,0,1,2.4026276827005915,2.346151056253851,-0.6589728319256667,0.0,-0.9320143892374164,0.0926196563788712,0.9316033855643254,-1.0778621289498782,-1.1442943653688686,-1.1676872598353414,-0.6791456840737199,-1.1559347102263289,0
604,-9.732251,-8.299868,0.8843578088720997,2,-1.3647103621367511,1,-0.8875151110697495,0.0850492518807105,1,0.0,-0.3171470792526972,-0.6605306743650393,0,1.432344783164646,-1.0261667362455194,-0.9614863916702532,6,0.2462002046576992,2,-0.8985576193070947,-1.1468285662288455,-0.6780493930322936,0,0,-0.3305890744344257,-0.4262300150429028,1.1914379855160335,0.0,-0.9320143892374164,-1.3216011591512031,0.1557070814399298,0.3380961637724818,-0.9810141559830952,-1.1676872598353414,-0.6791456840737199,-1.1559347102263289,0
605,13.219715,8.359601,0.5558522548689022,2,0.3235582568246578,1,2.4441291486822943,0.0850492518807105,1,0.0,-0.3138238238565674,-0.6605306743650393,1,1.5799643319787635,0.3796721288811475,-0.0577875452794142,4,-0.6608531809232983,1,-0.4396037315630036,-0.3523506575529895,-0.6780493930322936,0,0,-0.6039107501479274,-0.4262300150429028,1.1914379855160335,0.0,0.241988311858558,-0.1645114009902331,0.1557070814399298,-1.0778621289498782,0.3252275191030913,1.041095461037043,1.4938670923934996,1.086895217551534,0
606,-24.75459,-10.111581,0.1178448495313057,1,-0.821786973660175,1,0.3464272073569334,0.0850492518807105,1,0.0,-0.3121621961585025,-1.5756862740979405,1,-1.0279810304039791,-1.0261667362455194,-0.0577875452794142,0,-1.5679065665042955,0,-0.0456683112493254,-1.4094995747756656,-0.2775943477299747,0,0,-0.0572673987209239,-0.4262300150429028,0.2662325767951835,0.0,0.241988311858558,0.2211851850634235,0.1557070814399298,-1.0778621289498782,-0.4911735278257753,-0.339393739508197,-0.3687152874355457,-0.5952272282818631,0
607,-10.397671,-8.364793,-0.3201625558062908,1,-0.2491143584177585,1,0.8400041347276065,1.0617867539482455,1,0.0,-0.3105005684604376,0.2546249253678617,0,1.6783773645215088,-1.0261667362455194,-0.9614863916702532,6,1.153253590238697,2,-0.8392760754734829,-0.8442439319852372,-0.6780493930322936,0,0,0.2160542769925777,-0.4262300150429028,0.2662325767951835,0.0,-0.9320143892374164,-0.678773515728442,0.1557070814399298,0.3380961637724818,-0.3278933184400019,-0.6154915796172451,-0.3687152874355457,-0.3148734873096303,0
608,22.487036,-14.573546,1.3223652142096962,2,0.9458129166768072,2,0.2230329755142651,0.0850492518807105,2,0.0,-0.3071773130643078,0.2546249253678617,0,-1.1263940629467242,0.3796721288811475,0.8459113011114247,7,1.153253590238697,1,0.2445775270184655,-1.188007060345602,-0.6780493930322936,0,0,0.7626976284195812,-0.4262300150429028,-1.584178240646517,0.0,1.4159910129545328,-0.2930769296747854,0.1557070814399298,1.754054456494842,0.3252275191030913,1.041095461037043,1.4938670923934996,0.8065414765793012,1
609,32.59368,-21.83264,1.979376322216091,2,-0.9085555517272076,2,-0.8875151110697495,-1.86842575225436,3,0.0,-0.3038540576681781,0.2546249253678617,1,-1.4216331605749593,0.3796721288811475,-0.0577875452794142,7,1.153253590238697,2,-0.2853442304045729,1.0127234494642736,0.523315742874663,0,0,0.2160542769925777,-0.4262300150429028,0.2662325767951835,0.0,-0.9320143892374164,0.0926196563788712,0.1557070814399298,-1.0778621289498782,0.3252275191030913,0.7649976209279952,1.4938670923934996,-0.3148734873096303,1
610,15.759967,29.74446,0.6653541062033014,2,-0.5292529104627501,1,0.59321567104227,-0.8916882501868245,1,0.0,-0.3021924299701131,-0.6605306743650393,1,1.3831382668932737,0.3796721288811475,1.7496101475022634,5,-1.5679065665042955,1,2.2641871117442,-1.280764077809969,1.324225833479301,0,0,2.4026276827005915,2.346151056253851,0.2662325767951835,0.0,0.241988311858558,1.3782749432243937,0.1557070814399298,0.3380961637724818,-0.4911735278257753,-0.8915894197262932,-0.3687152874355457,-1.1559347102263289,0
611,19.546848,14.851106,-1.0866755151470848,2,-1.3225656242184785,1,-0.5173324155417446,-1.86842575225436,5,0.0,-0.3005308022720482,0.2546249253678617,1,-1.1756005792180968,-1.0261667362455194,0.8459113011114247,5,1.153253590238697,0,1.3396924980522829,-0.7689139905293272,-0.6780493930322936,0,1,0.2160542769925777,-0.4262300150429028,-0.6589728319256667,0.0,0.241988311858558,-0.2930769296747854,0.1557070814399298,0.3380961637724818,0.3252275191030913,1.041095461037043,-0.6791456840737199,1.086895217551534,0
612,-0.7129791,27.25746,-0.2106607044718917,2,0.3657029947429309,1,-0.270543951856408,0.0850492518807105,4,0.0,-0.2988691745739834,0.2546249253678617,1,-0.3390898026047641,0.3796721288811475,0.8459113011114247,4,0.2462002046576992,2,0.7900102260180405,0.6402899702512861,0.1228606975723441,0,0,1.5826626555600865,2.346151056253851,-0.6589728319256667,0.0,-0.9320143892374164,0.7354472998016324,0.1557070814399298,1.754054456494842,0.161947309717318,0.212801940709899,-0.3687152874355457,0.5261877356070683,0
613,4.2662673,40.46453,-0.9771736638126856,2,-0.1053264290495328,2,-0.8875151110697495,1.0617867539482455,2,0.0,-0.2972075468759184,-0.6605306743650393,0,0.743453555365431,0.3796721288811475,-0.0577875452794142,7,-0.6608531809232983,1,-0.366298596714989,-1.4918565630091791,-0.6780493930322936,0,1,1.3093409798465847,2.346151056253851,-1.584178240646517,0.0,-0.9320143892374164,-0.4216424583593375,-0.6201892226844657,0.3380961637724818,0.161947309717318,0.7649976209279952,1.4938670923934996,0.2458339946348354,0
614,-17.128172,2.5547214,-0.3201625558062908,2,0.0657316248540461,0,-0.7641208792270812,-0.8916882501868245,0,0.0,-0.2955459191778535,0.2546249253678617,1,1.0878991692650386,0.3796721288811475,-0.9614863916702532,1,1.153253590238697,1,-0.5877013518211663,-1.696343624237442,-1.0785044383346123,0,0,1.036019304133083,-0.4262300150429028,0.2662325767951835,0.0,0.241988311858558,-0.9359045730975464,-1.3960855268088614,-2.4938204216722384,-0.6544537372115486,-0.6154915796172451,-0.6791456840737199,-0.5952272282818631,0
615,-41.816917,-9.480508,-1.196177366481484,1,0.2095195542222718,1,-0.5173324155417446,-0.8916882501868245,3,0.0,-0.2938842914797887,0.2546249253678617,0,1.0878991692650386,-1.0261667362455194,-0.9614863916702532,6,0.2462002046576992,1,-0.8790095833476241,0.9254475284864376,-0.6780493930322936,0,1,-0.3305890744344257,-0.4262300150429028,-1.584178240646517,0.0,0.241988311858558,-0.4216424583593375,-0.6201892226844657,0.3380961637724818,0.161947309717318,0.7649976209279952,-0.3687152874355457,0.8065414765793012,1
616,-22.316278,-25.851917,-1.0866755151470848,0,-0.8912018361138011,1,-0.7641208792270812,0.0850492518807105,3,0.0,-0.2905610360836588,1.1697805251007627,1,-0.7819484490471167,0.3796721288811475,-0.9614863916702532,6,1.153253590238697,1,-1.019245493491652,0.3173269003526275,-0.6780493930322936,0,0,-1.1505541015749308,-0.4262300150429028,0.2662325767951835,0.0,2.5899937140505074,-1.4501666878357553,2.4833959938131165,-1.0778621289498782,-1.1442943653688686,-1.1676872598353414,-0.6791456840737199,-1.1559347102263289,0
617,38.257004,1.3838907,1.5413689168784943,2,1.2780126155620184,2,2.073946453154289,1.0617867539482455,2,0.0,-0.2888994083855939,-1.5756862740979405,0,0.0053558112948434,0.3796721288811475,1.7496101475022634,3,0.2462002046576992,1,2.083155300467364,-1.225390949202453,-0.2775943477299747,0,0,-0.3305890744344257,-0.4262300150429028,0.2662325767951835,0.0,0.241988311858558,2.2782336440162587,-0.6201892226844657,-1.0778621289498782,2.1213098223465976,0.4888997808189471,0.5625759024789769,3.6100788863016295,0
618,-11.04975,0.27326354,0.7748559575377005,2,-0.4400052301652307,1,-0.6407266473844129,0.0850492518807105,3,0.0,-0.2872377806875291,1.1697805251007627,1,-0.7819484490471167,0.3796721288811475,-0.0577875452794142,0,-0.6608531809232983,2,-0.1210982326146737,-1.281185700616625,2.5255909693862573,0,0,-0.8772324258614291,-0.4262300150429028,1.1914379855160335,0.0,-0.9320143892374164,-0.1645114009902331,-0.6201892226844657,-1.0778621289498782,-0.3278933184400019,-0.6154915796172451,-0.0582848907973714,-0.3148734873096303,0
619,-27.279627,-5.002338,-1.3056792178158831,2,-1.5432057227317904,1,-0.8875151110697495,-1.86842575225436,3,0.0,-0.2839145252913992,-1.5756862740979405,1,-0.043850704976529,1.7855109940078144,-0.9614863916702532,6,-1.5679065665042955,2,-0.6542071698137129,1.0286045751816577,1.7246808787816197,0,0,-0.6039107501479274,-0.4262300150429028,0.2662325767951835,0.0,-0.9320143892374164,-0.678773515728442,0.1557070814399298,-1.0778621289498782,-0.4911735278257753,-0.339393739508197,-0.6791456840737199,-0.8755809692540959,0
620,1.1266745,39.55289,-0.42966440714069,2,-0.5366902171542101,2,-1.010909342912418,0.0850492518807105,3,0.0,-0.2822528975933344,-1.5756862740979405,1,-0.8803614815898617,1.7855109940078144,-0.0577875452794142,7,-1.5679065665042955,0,-0.5239577563011537,1.0544641073232386,-0.6780493930322936,0,0,1.855984331273588,2.346151056253851,-1.584178240646517,0.0,0.241988311858558,-0.2930769296747854,1.707499689688721,0.3380961637724818,0.3252275191030913,1.041095461037043,-0.6791456840737199,1.086895217551534,0
621,-7.3609686,-12.821628,-0.2106607044718917,2,1.3399901713241846,1,2.197340684996958,-1.86842575225436,3,0.0,-0.2805912698952694,0.2546249253678617,0,-0.6343289002329991,-1.0261667362455194,-0.9614863916702532,6,-1.5679065665042955,2,-0.8380012035630827,0.4973598387948301,-0.6780493930322936,0,0,-1.1505541015749308,-0.4262300150429028,1.1914379855160335,0.0,-0.9320143892374164,-0.678773515728442,0.1557070814399298,-1.0778621289498782,-0.1646131090542286,0.212801940709899,-0.3687152874355457,-0.8755809692540959,0
622,22.99052,-17.127825,-0.1011588531374925,2,0.3111627456722245,2,-1.010909342912418,-0.8916882501868245,1,0.0,-0.2789296421972045,-0.6605306743650393,1,-0.4867093514188816,0.3796721288811475,-0.0577875452794142,7,1.153253590238697,1,-0.064153953950129,-1.614829881617241,-0.6780493930322936,0,1,-0.3305890744344257,-0.4262300150429028,1.1914379855160335,0.0,0.241988311858558,0.8640128284861845,-1.3960855268088614,-1.0778621289498782,1.794749403575051,2.6976825016913315,0.5625759024789769,1.9279564404682328,0
623,7.7441926,-26.97218,-0.5391662584750891,2,-1.6993891632524494,2,0.4698214391996017,1.0617867539482455,1,0.0,-0.2756063868010748,-0.6605306743650393,1,0.349801425194451,0.3796721288811475,-0.0577875452794142,7,1.153253590238697,0,-0.4461905697667382,-0.7115732888240823,-0.2775943477299747,0,0,-1.1505541015749308,-0.4262300150429028,0.2662325767951835,0.0,0.241988311858558,-0.4216424583593375,0.1557070814399298,-1.0778621289498782,-0.3278933184400019,-0.6154915796172451,-0.6791456840737199,-0.3148734873096303,0
624,-13.574945,9.728607,-0.7581699611438873,1,0.5194073330331033,1,-0.5173324155417446,1.0617867539482455,1,0.0,-0.272283131404945,-0.6605306743650393,1,0.448214457737196,-1.0261667362455194,-0.9614863916702532,6,1.153253590238697,0,-0.5826018641795653,-1.678073302615673,2.5255909693862573,0,0,-0.8772324258614291,-0.4262300150429028,-0.6589728319256667,0.0,0.241988311858558,-0.1645114009902331,0.1557070814399298,-1.0778621289498782,-0.3278933184400019,-0.063295899399149,-0.6791456840737199,-0.3148734873096303,0
625,26.184671,23.839643,1.7603726195472926,2,-0.3507575498677112,2,-0.270543951856408,-0.8916882501868245,2,0.0,-0.2706215037068801,-1.5756862740979405,0,0.5958340065513135,-1.0261667362455194,0.8459113011114247,7,1.153253590238697,1,0.9415075047039372,0.8997285372804087,1.7246808787816197,0,1,0.7626976284195812,-0.4262300150429028,1.1914379855160335,0.0,0.241988311858558,3.049626816123572,0.1557070814399298,0.3380961637724818,-0.3278933184400019,-0.6154915796172451,-0.6791456840737199,-0.0345197463373974,0
626,13.266244,-27.982615,0.8843578088720997,2,0.3161209501331978,2,-0.0237554881710714,0.0850492518807105,2,0.0,-0.2672982483107503,1.1697805251007627,1,0.3990079414658235,0.3796721288811475,0.8459113011114247,7,-1.5679065665042955,0,0.9047486979540632,0.6922901164055523,0.523315742874663,0,1,-0.8772324258614291,-0.4262300150429028,0.2662325767951835,0.0,0.241988311858558,0.8640128284861845,-0.6201892226844657,0.3380961637724818,-0.3278933184400019,-0.063295899399149,-0.6791456840737199,-0.5952272282818631,0
627,0.50856984,-1.595758,-0.5391662584750891,2,-0.4077769011689042,1,-0.1471497200137397,-0.8916882501868245,3,0.0,-0.2656366206126854,0.2546249253678617,0,1.235518718079156,1.7855109940078144,-0.0577875452794142,6,0.2462002046576992,1,-0.2821570506285723,1.103091271024255,0.9237707881769818,0,0,-0.8772324258614291,-0.4262300150429028,0.2662325767951835,0.0,0.241988311858558,-0.2930769296747854,0.1557070814399298,-1.0778621289498782,-0.3278933184400019,-0.339393739508197,-0.3687152874355457,-0.3148734873096303,0
628,14.377846,31.798206,1.6508707682128936,1,0.2169568609137318,1,1.950552221311621,1.0617867539482455,3,0.0,-0.2623133652165555,0.2546249253678617,0,0.743453555365431,-1.0261667362455194,1.7496101475022634,4,1.153253590238697,1,1.5559957655168593,0.6626359790040653,0.1228606975723441,0,0,1.855984331273588,2.346151056253851,0.2662325767951835,0.0,-0.9320143892374164,2.535364701385363,0.1557070814399298,0.3380961637724818,0.3252275191030913,1.041095461037043,-0.6791456840737199,-1.1559347102263289,0
629,4.758671,-27.138924,0.0083429981969065,2,-1.1415911613929528,2,0.8400041347276065,1.0617867539482455,2,0.0,-0.2606517375184907,1.1697805251007627,1,0.0053558112948434,-1.0261667362455194,-0.0577875452794142,7,0.2462002046576992,0,-0.0358942932695901,1.4398273526070164,0.523315742874663,0,0,1.036019304133083,-0.4262300150429028,1.1914379855160335,0.0,1.4159910129545328,-0.2930769296747854,-0.6201892226844657,0.3380961637724818,-0.9810141559830952,-1.1676872598353414,-0.6791456840737199,-1.1559347102263289,0
630,-27.070417,-17.413282,-0.9771736638126856,2,0.9086263832195074,0,-0.1471497200137397,-0.8916882501868245,3,0.0,-0.2589901098204258,-0.6605306743650393,1,-0.142263737519274,-1.0261667362455194,-0.9614863916702532,1,1.153253590238697,0,-0.3329394483928491,1.3564865778246389,-0.6780493930322936,0,0,-0.6039107501479274,-0.4262300150429028,1.1914379855160335,0.0,0.241988311858558,-0.678773515728442,2.4833959938131165,0.3380961637724818,-0.3278933184400019,-0.8915894197262932,-0.6791456840737199,-0.0345197463373974,0
631,-8.918486,24.120247,-1.6341847718190805,2,1.0598516192791931,1,-1.010909342912418,-0.8916882501868245,1,0.0,-0.2540052267262311,1.1697805251007627,1,-1.6184592256604493,-1.0261667362455194,-0.0577875452794142,4,1.153253590238697,1,-0.3671485113219225,0.6792198093992097,1.324225833479301,0,0,1.855984331273588,2.346151056253851,-1.584178240646517,0.0,1.4159910129545328,-0.9359045730975464,-0.6201892226844657,-2.4938204216722384,-0.8177339465973219,-0.6154915796172451,-0.0582848907973714,-0.5952272282818631,0
632,-14.274292,34.749805,0.7748559575377005,2,0.4549506750404503,1,-0.1471497200137397,1.0617867539482455,1,0.0,-0.2506819713301013,-1.5756862740979405,1,-0.1914702537906465,1.7855109940078144,-0.9614863916702532,2,1.153253590238697,1,-0.7829692327641384,-1.3026884637560918,-0.2775943477299747,0,1,2.4026276827005915,2.346151056253851,0.2662325767951835,0.0,0.241988311858558,-0.1645114009902331,-0.6201892226844657,-1.0778621289498782,-0.6544537372115486,-0.6154915796172451,-0.6791456840737199,-0.5952272282818631,0
633,-10.440439,-26.600868,0.5558522548689022,1,1.1614948107291458,1,-0.8875151110697495,-1.86842575225436,3,0.0,-0.2490203436320364,-0.6605306743650393,1,-1.5200461931177045,0.3796721288811475,-0.9614863916702532,6,1.153253590238697,2,-0.8473502642393512,-0.7371517390945592,0.9237707881769818,0,1,-0.3305890744344257,-0.4262300150429028,1.1914379855160335,0.0,-0.9320143892374164,-0.4216424583593375,-0.6201892226844657,0.3380961637724818,-0.8177339465973219,-0.8915894197262932,-0.0582848907973714,-0.5952272282818631,0
634,-13.348613,31.84636,-0.1011588531374925,2,1.1788485263425523,0,-0.1471497200137397,0.0850492518807105,1,0.0,-0.2440354605378417,-1.5756862740979405,1,0.5466274902799411,-1.0261667362455194,-0.9614863916702532,1,-1.5679065665042955,1,-0.8841090709892252,-0.7980059641886059,-1.0785044383346123,0,0,1.5826626555600865,2.346151056253851,0.2662325767951835,0.0,-0.9320143892374164,-0.678773515728442,0.1557070814399298,0.3380961637724818,-0.3278933184400019,-0.063295899399149,-0.6791456840737199,-0.3148734873096303,0
635,-27.452518,1.3323002,-1.3056792178158831,2,-1.6398907097207698,2,-0.7641208792270812,-1.86842575225436,4,0.0,-0.2423738328397768,0.2546249253678617,1,1.5799643319787635,0.3796721288811475,-0.0577875452794142,7,-1.5679065665042955,1,-0.4905986079790137,0.0070125146536553,-0.6780493930322936,0,1,0.7626976284195812,-0.4262300150429028,1.1914379855160335,0.0,-0.9320143892374164,-0.8073390444129942,0.1557070814399298,0.3380961637724818,-0.3278933184400019,-0.339393739508197,-0.6791456840737199,-0.3148734873096303,0
636,9.420277,35.444553,-0.2106607044718917,2,-0.4846290703139904,1,-0.0237554881710714,0.0850492518807105,1,0.0,-0.2407122051417119,1.1697805251007627,0,0.0053558112948434,-1.0261667362455194,0.8459113011114247,4,0.2462002046576992,1,0.8886003204223267,1.2850917825641863,-0.6780493930322936,0,1,1.3093409798465847,2.346151056253851,-0.6589728319256667,0.0,0.241988311858558,0.7354472998016324,-0.6201892226844657,0.3380961637724818,1.6314691941892778,2.6976825016913315,0.8730062991171511,3.049371404357164,0
637,-52.35757,-4.189346,-0.2106607044718917,1,-1.6671608342561228,1,1.950552221311621,1.0617867539482455,1,0.0,-0.239050577443647,1.1697805251007627,0,1.4815512994360187,0.3796721288811475,-0.9614863916702532,6,-0.6608531809232983,0,-0.9521022395439054,0.3230890787102624,-0.6780493930322936,0,1,1.036019304133083,-0.4262300150429028,-1.584178240646517,0.0,0.241988311858558,-0.1645114009902331,0.1557070814399298,-1.0778621289498782,0.4885077284888646,-0.6154915796172451,1.4938670923934996,1.086895217551534,1
638,-18.328625,-27.141163,-0.5391662584750891,0,-1.2457134550733922,1,-1.010909342912418,0.0850492518807105,1,0.0,-0.2373889497455821,1.1697805251007627,1,-0.2406767700620191,0.3796721288811475,-0.9614863916702532,2,1.153253590238697,0,-0.8900584732377597,-0.7259084642503936,-1.0785044383346123,0,0,-0.8772324258614291,-0.4262300150429028,-0.6589728319256667,0.0,0.241988311858558,-0.9359045730975464,-0.6201892226844657,0.3380961637724818,-0.6544537372115486,-1.1676872598353414,-0.6791456840737199,-0.5952272282818631,0
639,-25.85637,4.81654,-1.3056792178158831,2,-0.54412752384567,2,-0.6407266473844129,-1.86842575225436,2,0.0,-0.2324040666513874,0.2546249253678617,1,1.038692652993666,-1.0261667362455194,-0.0577875452794142,7,-1.5679065665042955,1,-0.4774249315715444,0.5398032013315555,-0.6780493930322936,0,0,-0.8772324258614291,-0.4262300150429028,-1.584178240646517,0.0,-0.9320143892374164,-0.8073390444129942,-1.3960855268088614,1.754054456494842,-0.3278933184400019,-0.6154915796172451,-0.6791456840737199,-0.3148734873096303,0
640,3.0440145,4.0163536,1.3223652142096962,2,1.5259228386106836,1,-1.010909342912418,0.0850492518807105,5,0.0,-0.2290808112552576,0.2546249253678617,0,-1.4708396768463317,0.3796721288811475,-0.9614863916702532,6,-1.5679065665042955,1,-0.6210605001433063,-0.5283079088641821,-0.2775943477299747,0,0,0.2160542769925777,-0.4262300150429028,-0.6589728319256667,0.0,0.241988311858558,-0.5502079870438897,-0.6201892226844657,0.3380961637724818,-0.4911735278257753,-0.6154915796172451,-0.6791456840737199,-0.5952272282818631,0
641,-26.832163,-13.245002,-1.4151810691502822,0,1.1565366062681726,1,-0.6407266473844129,-1.86842575225436,1,0.0,-0.2274191835571927,-1.5756862740979405,1,-0.9787745141326066,-1.0261667362455194,-0.9614863916702532,2,1.153253590238697,1,-0.7098765765678573,-0.4968267393005183,-1.0785044383346123,0,0,0.4893759527060795,-0.4262300150429028,1.1914379855160335,0.0,-0.9320143892374164,-0.678773515728442,-0.6201892226844657,-1.0778621289498782,-0.3278933184400019,-0.6154915796172451,0.2521455058408027,-0.0345197463373974,0
642,18.181263,-17.796068,-0.5391662584750891,1,-1.0498643788649469,2,-0.5173324155417446,-0.8916882501868245,1,0.0,-0.2257575558591278,-0.6605306743650393,1,-0.8803614815898617,0.3796721288811475,-0.0577875452794142,7,-0.6608531809232983,1,0.0044766505597512,-0.7620274846872758,-0.6780493930322936,0,0,-0.3305890744344257,-0.4262300150429028,1.1914379855160335,0.0,0.241988311858558,-0.1645114009902331,0.1557070814399298,0.3380961637724818,0.4885077284888646,1.041095461037043,0.8730062991171511,-0.3148734873096303,0
643,6.580489,-21.855555,0.1178448495313057,2,-1.0101987431771604,2,-0.0237554881710714,0.0850492518807105,2,0.0,-0.2191110450668682,-0.6605306743650393,1,1.5799643319787635,-1.0261667362455194,-0.9614863916702532,8,-0.6608531809232983,1,-0.765758461973735,-0.3107505406295766,-1.0785044383346123,0,0,1.036019304133083,-0.4262300150429028,1.1914379855160335,0.0,0.241988311858558,-1.0644701017820986,0.1557070814399298,0.3380961637724818,-0.8177339465973219,-0.6154915796172451,-0.3687152874355457,-0.5952272282818631,0
644,12.208916,15.7388115,0.5558522548689022,2,1.1466201973462258,1,-0.7641208792270812,0.0850492518807105,1,0.0,-0.2174494173688033,0.2546249253678617,0,1.432344783164646,1.7855109940078144,-0.0577875452794142,2,1.153253590238697,1,-0.2702582461315033,1.3228972942276938,-0.2775943477299747,0,1,-0.6039107501479274,-0.4262300150429028,-0.6589728319256667,0.0,0.241988311858558,0.7354472998016324,-1.3960855268088614,-1.0778621289498782,-0.3278933184400019,-0.339393739508197,-0.3687152874355457,-0.3148734873096303,0
645,-12.890967,-14.374984,-0.6486681098094882,2,1.0400188014353,1,0.2230329755142651,1.0617867539482455,1,0.0,-0.2157877896707384,1.1697805251007627,1,-0.8803614815898617,0.3796721288811475,-0.9614863916702532,6,1.153253590238697,1,-0.8811343698649579,0.0784073099141072,0.1228606975723441,0,1,1.036019304133083,-0.4262300150429028,-0.6589728319256667,0.0,0.241988311858558,-0.4216424583593375,-0.6201892226844657,0.3380961637724818,-0.1646131090542286,-0.063295899399149,-0.6791456840737199,-0.5952272282818631,0
646,-42.15464,9.207551,-0.8676718124782865,2,-1.1440702636234394,2,-1.010909342912418,0.0850492518807105,3,0.0,-0.2141261619726735,-0.6605306743650393,0,-0.8803614815898617,-1.0261667362455194,-0.9614863916702532,8,0.2462002046576992,0,-0.7867938484953392,1.2942269433750713,1.324225833479301,0,1,1.036019304133083,-0.4262300150429028,0.2662325767951835,0.0,2.5899937140505074,-0.8073390444129942,0.1557070814399298,0.3380961637724818,-0.6544537372115486,-0.6154915796172451,-0.6791456840737199,-0.5952272282818631,1
647,27.326855,23.63085,1.7603726195472926,2,0.1624166118430255,2,-0.1471497200137397,0.0850492518807105,2,0.0,-0.2124645342746086,-1.5756862740979405,1,0.349801425194451,0.3796721288811475,1.7496101475022634,7,1.153253590238697,1,1.133163248567442,1.1912104376154034,0.9237707881769818,0,0,-0.3305890744344257,-0.4262300150429028,0.2662325767951835,0.0,0.241988311858558,2.1496681153317065,0.1557070814399298,0.3380961637724818,-0.8177339465973219,-1.1676872598353414,-0.0582848907973714,-0.5952272282818631,0
648,17.88225,3.4932945,-0.2106607044718917,2,-0.3234874253323581,1,1.950552221311621,0.0850492518807105,5,0.0,-0.2091412788784788,1.1697805251007627,1,0.5958340065513135,-1.0261667362455194,0.8459113011114247,4,-0.6608531809232983,1,0.9349206665002026,-0.7285787420258829,0.1228606975723441,0,0,0.2160542769925777,-0.4262300150429028,-1.584178240646517,0.0,-0.9320143892374164,0.6068817711170802,-0.6201892226844657,0.3380961637724818,0.9783483566461848,1.5932911412551394,0.5625759024789769,1.086895217551534,0
649,1.0505217,-14.954702,0.0083429981969065,1,1.0623307215096798,2,1.456975293940948,-0.8916882501868245,3,0.0,-0.2074796511804139,0.2546249253678617,0,-0.5851223839616266,0.3796721288811475,-0.9614863916702532,8,1.153253590238697,1,-0.7500350417454652,0.9709827916053084,0.9237707881769818,0,0,-0.0572673987209239,-0.4262300150429028,-0.6589728319256667,0.0,0.241988311858558,-0.1645114009902331,0.1557070814399298,0.3380961637724818,-0.3278933184400019,-0.063295899399149,-0.6791456840737199,-1.1559347102263289,0
650,38.147354,16.41495,1.7603726195472926,2,-1.736575696709749,1,1.7037637576262843,1.0617867539482455,1,0.0,-0.205818023482349,1.1697805251007627,0,0.3005949089230785,0.3796721288811475,1.7496101475022634,5,1.153253590238697,2,1.6513986801451448,0.8281932010844046,1.324225833479301,0,0,0.7626976284195812,-0.4262300150429028,0.2662325767951835,0.0,-0.9320143892374164,2.7924957587544674,-2.171981830933257,0.3380961637724818,0.8150681472604113,1.3171933011460917,0.2521455058408027,1.086895217551534,0
651,0.26713267,3.1876752,0.6653541062033014,1,-0.9432629829540208,1,-1.010909342912418,0.0850492518807105,1,0.0,-0.2041563957842841,1.1697805251007627,0,-1.6184592256604493,0.3796721288811475,-0.0577875452794142,0,1.153253590238697,1,-0.199927812407756,1.049685715514468,0.523315742874663,0,0,-0.6039107501479274,-0.4262300150429028,-0.6589728319256667,0.0,0.241988311858558,0.0926196563788712,-0.6201892226844657,-1.0778621289498782,-0.3278933184400019,-0.6154915796172451,-0.0582848907973714,-0.5952272282818631,0
652,4.6363297,38.27007,1.103361511540898,2,-1.3721476688282117,2,-0.8875151110697495,-0.8916882501868245,2,0.0,-0.2024947680862192,0.2546249253678617,0,-1.5200461931177045,0.3796721288811475,-0.0577875452794142,7,1.153253590238697,1,-0.4177184304344659,0.4876625142417372,-1.0785044383346123,0,1,1.855984331273588,2.346151056253851,-1.584178240646517,0.0,0.241988311858558,-0.4216424583593375,-0.6201892226844657,0.3380961637724818,-0.0013328996684553,0.4888997808189471,1.4938670923934996,0.8065414765793012,0
653,22.404198,-24.197226,0.0083429981969065,0,1.1143918683498997,2,1.2101868302556114,-0.8916882501868245,3,0.0,-0.2008331403881543,-1.5756862740979405,1,-1.6676657419318217,0.3796721288811475,0.8459113011114247,7,-0.6608531809232983,2,0.242027783197665,-1.3350128789330682,-0.6780493930322936,0,1,-0.6039107501479274,-0.4262300150429028,1.1914379855160335,0.0,-0.9320143892374164,-0.1645114009902331,-0.6201892226844657,0.3380961637724818,0.4885077284888646,-1.1676872598353414,-0.6791456840737199,1.3672489585237668,0
654,48.947235,5.6975274,1.4318670655440953,0,0.1946449408393519,1,-0.8875151110697495,1.0617867539482455,1,0.0,-0.1991715126900894,-1.5756862740979405,1,1.5799643319787635,0.3796721288811475,1.7496101475022634,3,-1.5679065665042955,0,2.426733280320232,-1.3729589315321271,-0.6780493930322936,0,0,-1.1505541015749308,-0.4262300150429028,1.1914379855160335,0.0,0.241988311858558,2.535364701385363,0.1557070814399298,0.3380961637724818,3.917392125590105,0.4888997808189471,3.666879868860719,0.8065414765793012,0
655,-3.9749124,5.352384,0.2273467008657048,2,1.4391542605436507,0,-0.8875151110697495,0.0850492518807105,1,0.0,-0.1925250018978298,1.1697805251007627,0,-1.1756005792180968,-1.0261667362455194,-0.0577875452794142,1,1.153253590238697,1,-0.2759951697283044,-0.9167630547301056,2.1251359240839385,0,0,-1.1505541015749308,-0.4262300150429028,0.2662325767951835,0.0,1.4159910129545328,0.2211851850634235,-0.6201892226844657,0.3380961637724818,-0.3278933184400019,-0.063295899399149,-0.6791456840737199,-0.0345197463373974,0
656,-13.595206,4.893839,-0.42966440714069,2,0.6755907735537622,0,-0.7641208792270812,-0.8916882501868245,0,0.0,-0.1908633741997649,1.1697805251007627,1,-0.4375028351475091,0.3796721288811475,-0.9614863916702532,1,-0.6608531809232983,0,-0.8979201833518946,1.1716752475736656,0.1228606975723441,0,1,-1.1505541015749308,-0.4262300150429028,0.2662325767951835,0.0,0.241988311858558,-0.5502079870438897,0.9316033855643254,1.754054456494842,-0.4911735278257753,-0.339393739508197,-0.6791456840737199,-0.3148734873096303,0
657,-21.385847,24.579395,-0.5391662584750891,2,-1.06225989001738,1,1.950552221311621,1.0617867539482455,1,0.0,-0.1892017465017,-1.5756862740979405,1,1.038692652993666,0.3796721288811475,-0.9614863916702532,2,1.153253590238697,2,-0.787856241754006,0.5204085522253697,-0.6780493930322936,0,1,2.4026276827005915,2.346151056253851,0.2662325767951835,0.0,-0.9320143892374164,-1.3216011591512031,-0.6201892226844657,-2.4938204216722384,-0.9810141559830952,-1.1676872598353414,-0.6791456840737199,-0.8755809692540959,1
658,-27.768906,-19.722218,-0.8676718124782865,2,0.7028608980891153,1,-0.270543951856408,-1.86842575225436,3,0.0,-0.1875401188036351,-1.5756862740979405,0,-0.1914702537906465,-1.0261667362455194,-0.9614863916702532,2,1.153253590238697,0,-0.8437381271598838,-1.1607421188485003,1.324225833479301,0,0,-0.3305890744344257,-0.4262300150429028,0.2662325767951835,0.0,2.5899937140505074,-0.4216424583593375,1.707499689688721,0.3380961637724818,-0.4911735278257753,-0.339393739508197,-0.6791456840737199,-0.3148734873096303,0
659,-9.359572,-24.412172,0.7748559575377005,2,-0.3507575498677112,1,-0.0237554881710714,-0.8916882501868245,1,0.0,-0.1858784911055702,-0.6605306743650393,1,-0.2406767700620191,0.3796721288811475,-0.9614863916702532,6,-1.5679065665042955,1,-0.8380012035630827,-0.9563955985557896,-0.6780493930322936,0,1,-0.6039107501479274,-0.4262300150429028,1.1914379855160335,0.0,-0.9320143892374164,-0.4216424583593375,-2.171981830933257,0.3380961637724818,0.161947309717318,0.7649976209279952,1.4938670923934996,-0.8755809692540959,0
660,3.7973902,-21.6384,-0.9771736638126856,2,0.0458988070101529,2,-0.5173324155417446,1.0617867539482455,3,0.0,-0.1808936080113755,-1.5756862740979405,1,1.5799643319787635,0.3796721288811475,-0.0577875452794142,7,1.153253590238697,2,-0.3388888506413836,1.396821826328083,-0.6780493930322936,0,0,-0.3305890744344257,-0.4262300150429028,-0.6589728319256667,0.0,-0.9320143892374164,-0.9359045730975464,0.1557070814399298,0.3380961637724818,-0.4911735278257753,-0.6154915796172451,-0.6791456840737199,-0.5952272282818631,0
661,-32.731445,11.314101,2.3078818762192883,1,-0.0532652822093131,1,-0.8875151110697495,-1.86842575225436,1,0.0,-0.1775703526152457,1.1697805251007627,1,-0.4375028351475091,-1.0261667362455194,-0.9614863916702532,2,1.153253590238697,0,-0.8760348822233569,-0.1305770612518219,2.5255909693862573,0,1,-0.3305890744344257,-0.4262300150429028,1.1914379855160335,0.0,0.241988311858558,-1.0644701017820986,0.1557070814399298,-1.0778621289498782,-0.9810141559830952,-1.1676872598353414,-0.6791456840737199,-1.1559347102263289,1
662,-9.521347,31.69454,0.6653541062033014,2,-1.5506430294232505,1,-0.1471497200137397,0.0850492518807105,1,0.0,-0.1742470972191159,-1.5756862740979405,0,-0.5359158676902541,0.3796721288811475,-0.0577875452794142,4,-0.6608531809232983,0,-0.3692732978392563,1.335264896556276,0.523315742874663,0,0,1.5826626555600865,2.346151056253851,0.2662325767951835,0.0,0.241988311858558,-0.9359045730975464,-0.6201892226844657,1.754054456494842,-0.9810141559830952,-1.1676872598353414,-0.6791456840737199,-1.1559347102263289,0
663,-45.752914,2.553455,-1.8531884744878788,2,-0.749893008976062,2,-0.8875151110697495,0.0850492518807105,3,0.0,-0.1709238418229861,0.2546249253678617,0,-0.8311549653184892,-1.0261667362455194,-0.9614863916702532,8,0.2462002046576992,2,-0.947427709205771,1.0876317681135272,-0.6780493930322936,0,0,-0.6039107501479274,-0.4262300150429028,1.1914379855160335,0.0,-0.9320143892374164,-1.193035630466651,0.1557070814399298,-1.0778621289498782,-0.8177339465973219,-0.6154915796172451,-0.6791456840737199,-0.5952272282818631,1
664,-38.474922,-9.003671,-1.7436866231534796,2,1.548234758685063,1,1.0867925984129432,-1.86842575225436,4,0.0,-0.1692622141249212,1.1697805251007627,0,-0.043850704976529,0.3796721288811475,-0.9614863916702532,6,1.153253590238697,2,-0.8095290642308104,-0.7649788443338692,-0.6780493930322936,0,0,1.036019304133083,-0.4262300150429028,-1.584178240646517,0.0,-0.9320143892374164,-1.3216011591512031,0.1557070814399298,-1.0778621289498782,-0.9810141559830952,-1.1676872598353414,-0.6791456840737199,-1.1559347102263289,1
665,24.95966,10.039709,-0.1011588531374925,2,1.54327655422409,1,0.59321567104227,-1.86842575225436,1,0.0,-0.1676005864268563,0.2546249253678617,1,0.1037688438375884,0.3796721288811475,-0.0577875452794142,0,1.153253590238697,1,0.0176503269672205,-1.3340290923842038,-1.0785044383346123,0,1,0.4893759527060795,-0.4262300150429028,-1.584178240646517,0.0,0.241988311858558,0.7354472998016324,-0.6201892226844657,-1.0778621289498782,1.4681889848035046,1.041095461037043,0.5625759024789769,1.9279564404682328,0
666,-1.0431014,-21.527239,1.103361511540898,2,1.6151705189082028,2,-0.8875151110697495,1.0617867539482455,1,0.0,-0.1659389587287914,1.1697805251007627,0,-0.043850704976529,-1.0261667362455194,-0.9614863916702532,8,1.153253590238697,2,-0.6818293945390517,-0.1652906723331834,-0.6780493930322936,0,1,0.7626976284195812,-0.4262300150429028,-1.584178240646517,0.0,-0.9320143892374164,-1.0644701017820986,0.1557070814399298,-1.0778621289498782,-0.6544537372115486,-0.6154915796172451,-0.3687152874355457,-0.5952272282818631,0
667,-40.320793,3.6111789,-1.6341847718190805,2,-0.4598380480091238,1,-0.7641208792270812,-1.86842575225436,1,0.0,-0.1642773310307265,-0.6605306743650393,0,-1.569252709389077,0.3796721288811475,-0.0577875452794142,4,0.2462002046576992,1,-0.4954856169688813,-0.6030756865778838,-1.0785044383346123,0,1,1.036019304133083,-0.4262300150429028,-1.584178240646517,0.0,0.241988311858558,-0.9359045730975464,0.1557070814399298,1.754054456494842,-0.6544537372115486,-0.6154915796172451,-0.6791456840737199,-0.5952272282818631,1
668,-35.322697,9.025206,0.4463504035345031,2,0.7003817958586287,1,-0.8875151110697495,1.0617867539482455,1,0.0,-0.1626157033326616,-0.6605306743650393,0,-0.4375028351475091,-2.432005601372186,-0.9614863916702532,2,1.153253590238697,0,-0.7914683788334734,0.4795111399797171,0.523315742874663,0,1,-0.6039107501479274,-0.4262300150429028,0.2662325767951835,0.0,0.241988311858558,-0.1645114009902331,-1.3960855268088614,-1.0778621289498782,-0.0013328996684553,0.7649976209279952,-0.3687152874355457,-1.1559347102263289,1
669,-1.494202,-3.0507376,-0.9771736638126856,2,0.4772625951148301,1,-0.0237554881710714,0.0850492518807105,3,0.0,-0.1576308202384669,0.2546249253678617,0,0.5466274902799411,0.3796721288811475,-0.9614863916702532,6,0.2462002046576992,0,-0.8766723181785571,-0.6294973824616731,0.9237707881769818,0,0,0.7626976284195812,-0.4262300150429028,-0.6589728319256667,0.0,0.241988311858558,-0.678773515728442,-0.6201892226844657,0.3380961637724818,-0.8177339465973219,-0.6154915796172451,-0.0582848907973714,-0.5952272282818631,0
670,-21.805609,31.123896,0.2273467008657048,2,0.7921085783866348,1,-0.3939381836990763,0.0850492518807105,3,0.0,-0.1543075648423371,1.1697805251007627,1,0.2021818763803334,0.3796721288811475,-0.9614863916702532,2,-1.5679065665042955,1,-0.8709353945817558,-1.4068292970001763,1.7246808787816197,0,1,1.5826626555600865,2.346151056253851,1.1914379855160335,0.0,-0.9320143892374164,-0.4216424583593375,-0.6201892226844657,-2.4938204216722384,-0.8177339465973219,-0.6154915796172451,-0.0582848907973714,-0.5952272282818631,1
671,-16.21144,-2.554333,-1.0866755151470848,2,-0.4573589457786372,1,-0.6407266473844129,0.0850492518807105,1,0.0,-0.1526459371442722,-0.6605306743650393,0,0.4974209740085685,0.3796721288811475,-0.9614863916702532,6,0.2462002046576992,2,-0.8892085586308262,0.491176037630539,-0.6780493930322936,0,0,1.036019304133083,-0.4262300150429028,0.2662325767951835,0.0,-0.9320143892374164,-1.3216011591512031,-0.6201892226844657,0.3380961637724818,-0.9810141559830952,-0.8915894197262932,-0.6791456840737199,-1.1559347102263289,0
672,-18.00332,-11.91822,-0.3201625558062908,2,-0.6358543063736761,1,0.0996387436715968,0.0850492518807105,1,0.0,-0.1509843094462073,-0.6605306743650393,1,0.841866587908176,0.3796721288811475,-0.9614863916702532,2,-0.6608531809232983,0,-0.9550769406681726,-1.042406651113657,-0.6780493930322936,0,0,-0.3305890744344257,-0.4262300150429028,-0.6589728319256667,0.0,1.4159910129545328,-1.3216011591512031,0.1557070814399298,0.3380961637724818,-0.9810141559830952,-1.1676872598353414,-0.3687152874355457,-1.1559347102263289,0
673,-0.5443164,-17.399334,0.5558522548689022,2,-0.8440988937345547,2,0.59321567104227,-0.8916882501868245,3,0.0,-0.1476610540500775,0.2546249253678617,0,0.1037688438375884,-1.0261667362455194,-0.0577875452794142,7,0.2462002046576992,2,-0.0550173719255939,-0.9119846629213352,1.7246808787816197,0,0,0.4893759527060795,-0.4262300150429028,-1.584178240646517,0.0,-0.9320143892374164,-0.1645114009902331,2.4833959938131165,0.3380961637724818,-0.3278933184400019,-0.063295899399149,-0.6791456840737199,-0.3148734873096303,0
674,-22.062733,-7.3514028,-0.42966440714069,2,0.9805203479036204,1,-1.010909342912418,1.0617867539482455,4,0.0,-0.1426761709558829,0.2546249253678617,1,1.6783773645215088,-1.0261667362455194,-0.9614863916702532,6,-1.5679065665042955,2,-0.7870063271470725,-1.5423107588723726,0.1228606975723441,0,1,-1.1505541015749308,-0.4262300150429028,-0.6589728319256667,0.0,-0.9320143892374164,-0.678773515728442,-1.3960855268088614,0.3380961637724818,-0.6544537372115486,-0.6154915796172451,-0.6791456840737199,-0.5952272282818631,0
675,29.682978,28.929113,2.3078818762192883,2,1.1639739129596325,1,-0.5173324155417446,0.0850492518807105,5,0.0,-0.1410145432578179,0.2546249253678617,0,-1.4216331605749593,-1.0261667362455194,0.8459113011114247,0,-0.6608531809232983,0,0.8603406597417877,-0.710870584146322,-0.2775943477299747,0,1,-0.6039107501479274,-0.4262300150429028,1.1914379855160335,0.0,0.241988311858558,1.6354060005934978,0.1557070814399298,0.3380961637724818,-0.1646131090542286,-1.1676872598353414,-0.6791456840737199,-0.0345197463373974,0
676,18.114634,-12.89051,-0.6486681098094882,2,-1.6076623807244432,2,-0.270543951856408,1.0617867539482455,1,0.0,-0.139352915559753,-0.6605306743650393,1,-1.2248070954894692,-1.0261667362455194,-0.9614863916702532,8,0.2462002046576992,1,-0.8868712934617591,-0.3620479821060824,0.1228606975723441,0,0,-0.0572673987209239,-0.4262300150429028,-0.6589728319256667,0.0,-0.9320143892374164,0.2211851850634235,-0.6201892226844657,1.754054456494842,-0.0013328996684553,0.7649976209279952,0.8730062991171511,-0.5952272282818631,0
677,-0.4426068,32.926914,-0.2106607044718917,2,0.8292951118439346,1,1.456975293940948,-1.86842575225436,1,0.0,-0.1376912878616882,1.1697805251007627,0,-0.7327419327757442,0.3796721288811475,-0.0577875452794142,0,1.153253590238697,1,-0.5288447652910213,0.6825927918524594,-0.6780493930322936,0,1,2.675949358414093,2.346151056253851,1.1914379855160335,0.0,0.241988311858558,-0.1645114009902331,-0.6201892226844657,-2.4938204216722384,0.4885077284888646,0.4888997808189471,-0.6791456840737199,0.8065414765793012,0
678,35.159264,5.793018,1.3223652142096962,2,-0.6829572487529224,1,-0.1471497200137397,-0.8916882501868245,4,0.0,-0.1343680324655584,-1.5756862740979405,0,-0.7327419327757442,0.3796721288811475,0.8459113011114247,2,-0.6608531809232983,1,0.1912453854333883,1.1473616657231571,0.523315742874663,0,0,-1.1505541015749308,-0.4262300150429028,0.2662325767951835,0.0,0.241988311858558,2.2782336440162587,0.1557070814399298,-1.0778621289498782,3.1009910786612376,1.3171933011460917,-0.3687152874355457,0.8065414765793012,0
679,-1.1001602,9.715084,1.2128633628752972,2,1.652357052365503,1,1.3335810620982798,1.0617867539482455,3,0.0,-0.1327064047674934,1.1697805251007627,1,-0.7327419327757442,0.3796721288811475,-0.9614863916702532,6,0.2462002046576992,1,-0.9017447990830952,-1.232558536915609,0.523315742874663,0,0,0.4893759527060795,-0.4262300150429028,-1.584178240646517,0.0,1.4159910129545328,0.2211851850634235,-0.6201892226844657,-1.0778621289498782,-1.1442943653688686,-1.1676872598353414,-0.6791456840737199,-1.1559347102263289,0
680,1.6090074,-24.299019,-0.6486681098094882,0,0.9557293255987538,2,1.3335810620982798,-0.8916882501868245,2,0.0,-0.1293831493713637,1.1697805251007627,0,-1.0279810304039791,0.3796721288811475,-0.0577875452794142,7,0.2462002046576992,1,0.0911679404669684,1.4184651304031015,-0.6780493930322936,0,0,-0.6039107501479274,-0.4262300150429028,1.1914379855160335,0.0,0.241988311858558,-0.2930769296747854,-0.6201892226844657,-1.0778621289498782,0.3252275191030913,1.041095461037043,-0.6791456840737199,-1.1559347102263289,0
681,-18.602749,-0.13887918,-0.1011588531374925,2,-1.523372904887897,1,-0.270543951856408,1.0617867539482455,4,0.0,-0.1260598939752339,-0.6605306743650393,1,-0.043850704976529,0.3796721288811475,-0.9614863916702532,6,1.153253590238697,2,-0.38775894054006,1.262043069133647,-0.2775943477299747,0,0,0.7626976284195812,-0.4262300150429028,0.2662325767951835,0.0,-0.9320143892374164,-0.4216424583593375,2.4833959938131165,0.3380961637724818,-0.1646131090542286,-0.6154915796172451,-0.6791456840737199,-0.8755809692540959,0
682,28.523994,1.1046653,0.1178448495313057,2,1.3151991490193182,1,-1.010909342912418,0.0850492518807105,5,0.0,-0.1243982662771689,1.1697805251007627,0,0.6942470390940585,0.3796721288811475,0.8459113011114247,5,-1.5679065665042955,1,1.5041509744939157,0.2781159793335997,-0.6780493930322936,0,0,-0.6039107501479274,-0.4262300150429028,-0.6589728319256667,0.0,0.241988311858558,0.4783162424325279,0.1557070814399298,0.3380961637724818,1.304908775417731,2.145486821473236,0.8730062991171511,1.9279564404682328,0
683,-11.480781,31.22507,-0.5391662584750891,0,0.9458129166768072,1,-1.010909342912418,0.0850492518807105,1,0.0,-0.1227366385791041,0.2546249253678617,0,0.2021818763803334,-1.0261667362455194,-0.9614863916702532,2,-0.6608531809232983,1,-0.8862338575065589,-1.4530672647968077,1.324225833479301,0,0,1.3093409798465847,2.346151056253851,0.2662325767951835,0.0,-0.9320143892374164,-0.8073390444129942,0.1557070814399298,0.3380961637724818,-0.6544537372115486,-1.1676872598353414,-0.6791456840737199,-0.5952272282818631,0
684,-41.27829,9.650225,-1.3056792178158831,2,0.1599375096125388,2,1.2101868302556114,-0.8916882501868245,2,0.0,-0.1210750108810392,0.2546249253678617,1,-1.4708396768463317,-1.0261667362455194,-0.9614863916702532,8,-0.6608531809232983,1,-0.8690230867161555,0.6303115638270891,-0.6780493930322936,0,1,0.7626976284195812,-0.4262300150429028,0.2662325767951835,0.0,2.5899937140505074,-1.3216011591512031,-0.6201892226844657,0.3380961637724818,-0.9810141559830952,-1.1676872598353414,-0.6791456840737199,-1.1559347102263289,1
685,6.690527,-27.108595,0.3368485522001039,2,-0.3581948565591712,2,0.0996387436715968,1.0617867539482455,2,0.0,-0.1177517554849094,-1.5756862740979405,1,0.0545623275662159,-1.0261667362455194,0.8459113011114247,7,-0.6608531809232983,0,0.6803712417236187,0.8908744583406282,-0.2775943477299747,0,0,-0.8772324258614291,-0.4262300150429028,-0.6589728319256667,0.0,0.241988311858558,-0.0359458723056809,-0.6201892226844657,-1.0778621289498782,-0.9810141559830952,-1.1676872598353414,-0.6791456840737199,-1.1559347102263289,0
686,19.986286,-22.836605,-1.196177366481484,1,1.1912440374949855,2,-1.010909342912418,0.0850492518807105,3,0.0,-0.1144285000887796,0.2546249253678617,1,-0.6835354165043717,-1.0261667362455194,-0.0577875452794142,7,-1.5679065665042955,2,-0.4693507428056762,-0.4448265931462521,-0.6780493930322936,0,0,-0.8772324258614291,-0.4262300150429028,-0.6589728319256667,0.0,-0.9320143892374164,-0.5502079870438897,-0.6201892226844657,0.3380961637724818,-0.0013328996684553,0.7649976209279952,-0.6791456840737199,0.8065414765793012,0
687,33.060276,-3.5322957,0.4463504035345031,2,-1.3374402376013983,1,-0.3939381836990763,0.0850492518807105,3,0.0,-0.1127668723907147,1.1697805251007627,1,-0.3390898026047641,0.3796721288811475,-0.9614863916702532,2,-1.5679065665042955,2,-0.3786223585155248,-1.573229764693828,-0.2775943477299747,0,1,-0.6039107501479274,-0.4262300150429028,0.2662325767951835,0.0,-0.9320143892374164,1.121143885855289,0.1557070814399298,0.3380961637724818,1.794749403575051,2.421584661582284,-0.0582848907973714,3.6100788863016295,0
688,0.688798,27.960625,-0.1011588531374925,2,0.335953767977091,1,-0.8875151110697495,1.0617867539482455,3,0.0,-0.1111052446926498,0.2546249253678617,1,0.645040522822686,0.3796721288811475,-0.9614863916702532,2,0.2462002046576992,2,-0.8465003496324177,-0.2847504675524435,0.523315742874663,0,0,1.5826626555600865,2.346151056253851,0.2662325767951835,0.0,-0.9320143892374164,0.6068817711170802,2.4833959938131165,0.3380961637724818,0.651787937874638,1.041095461037043,0.2521455058408027,1.3672489585237668,0
689,-43.674114,0.72391105,-1.9626903258222776,2,-0.9507002896454808,2,1.456975293940948,0.0850492518807105,4,0.0,-0.1094436169945849,1.1697805251007627,1,-1.4216331605749593,-1.0261667362455194,-0.9614863916702532,8,-0.6608531809232983,2,-0.9310668530223012,-0.6136162567442891,-0.6780493930322936,0,1,-0.6039107501479274,-0.4262300150429028,-0.6589728319256667,0.0,-0.9320143892374164,-1.3216011591512031,0.1557070814399298,1.754054456494842,-0.9810141559830952,-1.1676872598353414,-0.6791456840737199,-1.1559347102263289,1
690,-33.086002,-3.5280852,-1.8531884744878788,2,-1.6696399364866097,1,-0.6407266473844129,0.0850492518807105,5,0.0,-0.10778198929652,-1.5756862740979405,1,0.8910731041795485,0.3796721288811475,-0.9614863916702532,2,-1.5679065665042955,2,-0.7500350417454652,-0.1834204530194005,-0.6780493930322936,0,0,1.036019304133083,-0.4262300150429028,-0.6589728319256667,0.0,-0.9320143892374164,-1.3216011591512031,-0.6201892226844657,0.3380961637724818,-0.9810141559830952,-1.1676872598353414,-0.6791456840737199,-1.1559347102263289,1
691,27.002375,5.695607,-0.6486681098094882,2,-0.4623171502396105,1,0.3464272073569334,0.0850492518807105,3,0.0,-0.1061203615984551,1.1697805251007627,0,-1.2248070954894692,0.3796721288811475,-0.0577875452794142,0,1.153253590238697,1,-0.137671567449877,0.42947856692318,-1.0785044383346123,0,1,-1.1505541015749308,-0.4262300150429028,0.2662325767951835,0.0,1.4159910129545328,-0.1645114009902331,-0.6201892226844657,-2.4938204216722384,0.3252275191030913,0.7649976209279952,1.8042974890316736,0.2458339946348354,0
692,-5.6971073,1.6891389,0.3368485522001039,1,1.652357052365503,1,-0.0237554881710714,1.0617867539482455,3,0.0,-0.1011354785042604,1.1697805251007627,1,-1.5200461931177045,0.3796721288811475,-0.9614863916702532,6,-0.6608531809232983,0,-0.6131987900291714,1.5108005250608123,2.1251359240839385,0,1,-0.3305890744344257,-0.4262300150429028,1.1914379855160335,0.0,0.241988311858558,-1.0644701017820986,-0.6201892226844657,0.3380961637724818,-0.9810141559830952,-0.8915894197262932,-0.6791456840737199,-1.1559347102263289,0
693,19.255686,-0.5934088,-0.5391662584750891,2,-0.7548512134370353,1,-0.7641208792270812,1.0617867539482455,3,0.0,-0.0978122231081306,0.2546249253678617,0,1.333931750621901,0.3796721288811475,-0.0577875452794142,4,-1.5679065665042955,1,0.0471848595581597,-0.1066851022079699,-0.6780493930322936,0,0,-0.8772324258614291,-0.4262300150429028,0.2662325767951835,0.0,0.241988311858558,-0.4216424583593375,-0.6201892226844657,1.754054456494842,0.161947309717318,0.7649976209279952,1.1834366957553253,-0.3148734873096303,0
694,9.9898405,-36.579853,-0.1011588531374925,2,-0.6755199420614625,2,-0.7641208792270812,-1.86842575225436,1,0.0,-0.0961505954100657,0.2546249253678617,1,-0.7327419327757442,-1.0261667362455194,0.8459113011114247,7,1.153253590238697,1,0.8121080057983115,-1.2360720603044104,-0.6780493930322936,0,1,-1.1505541015749308,-0.4262300150429028,-1.584178240646517,0.0,0.241988311858558,0.6068817711170802,2.4833959938131165,0.3380961637724818,1.4681889848035046,0.7649976209279952,0.2521455058408027,0.8065414765793012,1
695,-10.119641,-1.8033084,-0.42966440714069,2,0.6607161601708423,1,-1.010909342912418,0.0850492518807105,1,0.0,-0.0928273400139359,-0.6605306743650393,0,-1.1756005792180968,-1.0261667362455194,-0.0577875452794142,0,1.153253590238697,2,0.0947800775464358,-0.2841883038102352,-1.0785044383346123,0,0,-0.3305890744344257,-0.4262300150429028,-1.584178240646517,0.0,-0.9320143892374164,-0.678773515728442,0.1557070814399298,0.3380961637724818,-0.3278933184400019,-1.1676872598353414,-0.3687152874355457,-0.0345197463373974,0
696,35.805115,-17.441364,0.0083429981969065,2,-0.4400052301652307,2,-1.010909342912418,1.0617867539482455,1,0.0,-0.091165712315871,-1.5756862740979405,1,-0.9787745141326066,-1.0261667362455194,0.8459113011114247,7,0.2462002046576992,1,0.8724519428905902,0.0855748976272628,0.9237707881769818,0,0,-1.1505541015749308,-0.4262300150429028,0.2662325767951835,0.0,-0.9320143892374164,0.7354472998016324,-0.6201892226844657,-2.4938204216722384,1.141628566031958,-0.8915894197262932,2.7355886789461965,0.8065414765793012,1
697,9.96488,2.6987,0.8843578088720997,0,0.0062331713223664,1,-0.6407266473844129,-0.8916882501868245,1,0.0,-0.0878424569197412,0.2546249253678617,1,-0.4375028351475091,0.3796721288811475,-0.0577875452794142,2,-0.6608531809232983,1,-0.4368415090904697,1.2437727475118778,-0.6780493930322936,0,0,-0.8772324258614291,-0.4262300150429028,-0.6589728319256667,0.0,-0.9320143892374164,-0.2930769296747854,1.707499689688721,-1.0778621289498782,0.3252275191030913,0.7649976209279952,-0.6791456840737199,1.086895217551534,0
698,1.2958921,-14.744219,-0.8676718124782865,1,1.4912154073838704,2,1.3335810620982798,0.0850492518807105,5,0.0,-0.0845192015236114,0.2546249253678617,0,0.8910731041795485,0.3796721288811475,-0.9614863916702532,8,1.153253590238697,1,-0.9234176215598996,0.546689707173607,-0.6780493930322936,0,0,-0.0572673987209239,-0.4262300150429028,-0.6589728319256667,0.0,0.241988311858558,-1.0644701017820986,1.707499689688721,0.3380961637724818,-0.6544537372115486,-0.8915894197262932,-0.6791456840737199,-0.5952272282818631,0
699,2.7555907,-15.132417,-0.2106607044718917,2,1.03258149474384,2,1.0867925984129432,0.0850492518807105,3,0.0,-0.0828575738255465,0.2546249253678617,0,0.9894861367222936,0.3796721288811475,-0.0577875452794142,7,0.2462002046576992,1,-0.4041197967235299,-1.1431745019044917,-0.6780493930322936,0,0,0.2160542769925777,-0.4262300150429028,-0.6589728319256667,0.0,-0.9320143892374164,-0.8073390444129942,0.1557070814399298,0.3380961637724818,-0.3278933184400019,-0.6154915796172451,-0.3687152874355457,-1.1559347102263289,0
700,35.78127,14.8159075,1.6508707682128936,2,0.6210505244830559,1,-1.010909342912418,-0.8916882501868245,1,0.0,-0.0811959461274816,1.1697805251007627,1,0.2021818763803334,0.3796721288811475,1.7496101475022634,3,1.153253590238697,1,2.251438392640197,-0.0680363449311504,-0.2775943477299747,0,0,-0.0572673987209239,-0.4262300150429028,-0.6589728319256667,0.0,0.241988311858558,1.8925370579626024,-0.6201892226844657,-1.0778621289498782,0.3252275191030913,1.041095461037043,1.4938670923934996,1.086895217551534,0
701,-5.696927,30.058308,2.3078818762192883,2,-1.2729835796087454,1,-0.8875151110697495,0.0850492518807105,5,0.0,-0.0795343184294167,1.1697805251007627,1,-0.7327419327757442,0.3796721288811475,-0.9614863916702532,6,0.2462002046576992,2,-0.8549994957017527,1.6743901740434226,0.523315742874663,0,0,2.4026276827005915,2.346151056253851,-1.584178240646517,0.0,-0.9320143892374164,-0.5502079870438897,0.9316033855643254,0.3380961637724818,-0.9810141559830952,-1.1676872598353414,-0.6791456840737199,-1.1559347102263289,1
702,43.625294,-0.39383245,1.7603726195472926,2,1.4218005449302442,2,-0.8875151110697495,-0.8916882501868245,3,0.0,-0.0728878076371571,0.2546249253678617,1,-1.0279810304039791,0.3796721288811475,1.7496101475022634,3,0.2462002046576992,0,1.7739988621953025,-0.0527173829559747,1.324225833479301,0,0,-0.6039107501479274,-0.4262300150429028,0.2662325767951835,0.0,0.241988311858558,1.3782749432243937,0.1557070814399298,1.754054456494842,1.6314691941892778,2.421584661582284,3.977310265498893,-0.5952272282818631,0
703,26.581491,-12.544365,-0.7581699611438873,2,-1.416771508976971,2,-0.1471497200137397,-0.8916882501868245,4,0.0,-0.0712261799390922,0.2546249253678617,1,-0.1914702537906465,0.3796721288811475,0.8459113011114247,7,0.2462002046576992,0,0.1617108528424491,-0.6094000286777269,0.9237707881769818,0,0,-1.1505541015749308,-0.4262300150429028,-1.584178240646517,0.0,0.241988311858558,-0.1645114009902331,-0.6201892226844657,1.754054456494842,0.161947309717318,-0.063295899399149,1.4938670923934996,0.8065414765793012,0
704,-10.640628,-31.860086,0.1178448495313057,0,-1.6126205851854165,2,0.0996387436715968,0.0850492518807105,5,0.0,-0.0695645522410273,0.2546249253678617,0,0.9402796204509212,0.3796721288811475,-0.0577875452794142,7,1.153253590238697,2,-0.1778300326274849,0.785047133869919,-0.6780493930322936,0,1,-0.6039107501479274,-0.4262300150429028,-0.6589728319256667,0.0,-0.9320143892374164,-0.678773515728442,-1.3960855268088614,0.3380961637724818,-0.3278933184400019,-0.339393739508197,-0.3687152874355457,-0.3148734873096303,0
705,28.540752,-10.288773,-0.2106607044718917,2,0.1971240430698386,2,-0.7641208792270812,1.0617867539482455,1,0.0,-0.0679029245429624,1.1697805251007627,1,1.2847252343505289,0.3796721288811475,0.8459113011114247,7,1.153253590238697,0,0.280486419161406,-1.0542120897000309,1.324225833479301,0,0,-0.6039107501479274,-0.4262300150429028,-0.6589728319256667,0.0,0.241988311858558,0.0926196563788712,-0.6201892226844657,0.3380961637724818,0.4885077284888646,1.3171933011460917,-0.6791456840737199,1.086895217551534,0
706,19.64304,-18.764145,0.2273467008657048,2,0.2491851899100582,2,-0.8875151110697495,2.038524256015781,1,0.0,-0.0662412968448975,-1.5756862740979405,1,-1.2248070954894692,1.7855109940078144,0.8459113011114247,7,0.2462002046576992,2,0.2925977023102084,-1.6517921476674355,-1.0785044383346123,0,0,0.7626976284195812,-0.4262300150429028,1.1914379855160335,0.0,-0.9320143892374164,-0.2930769296747854,0.1557070814399298,0.3380961637724818,0.161947309717318,0.7649976209279952,-0.6791456840737199,0.8065414765793012,0
707,-4.352806,-37.562614,0.3368485522001039,0,1.677148074670369,2,1.827157989468953,0.0850492518807105,1,0.0,-0.0645796691468326,-0.6605306743650393,0,1.6783773645215088,1.7855109940078144,1.7496101475022634,7,-0.6608531809232983,2,1.421709257621366,0.3875973681286629,0.523315742874663,0,1,0.2160542769925777,-0.4262300150429028,1.1914379855160335,0.0,-0.9320143892374164,1.3782749432243937,-0.6201892226844657,-1.0778621289498782,-0.9810141559830952,-1.1676872598353414,-0.6791456840737199,-1.1559347102263289,1
708,21.345583,10.354057,1.103361511540898,1,1.429237851621704,1,0.8400041347276065,1.0617867539482455,3,0.0,-0.0629180414487677,0.2546249253678617,1,-0.0930572212479015,1.7855109940078144,-0.0577875452794142,4,0.2462002046576992,0,-0.3051047450157769,-1.0616607592842906,-0.6780493930322936,0,1,1.036019304133083,-0.4262300150429028,0.2662325767951835,0.0,-0.9320143892374164,1.121143885855289,0.1557070814399298,1.754054456494842,1.9580296129608248,1.5932911412551394,-0.0582848907973714,0.8065414765793012,0
709,11.332742,4.1759257,-0.1011588531374925,0,1.0573725170487065,2,-0.1471497200137397,1.0617867539482455,5,0.0,-0.057933158354573,-1.5756862740979405,1,0.8910731041795485,0.3796721288811475,-0.0577875452794142,7,1.153253590238697,0,-0.3025550011949764,1.6357414167666031,0.523315742874663,0,0,-0.6039107501479274,-0.4262300150429028,1.1914379855160335,0.0,1.4159910129545328,0.0926196563788712,0.1557070814399298,0.3380961637724818,-0.0013328996684553,0.7649976209279952,-0.6791456840737199,0.8065414765793012,0
710,-25.1364,23.876389,-0.6486681098094882,0,-1.1589448770063595,1,-0.0237554881710714,-0.8916882501868245,3,0.0,-0.0562715306565081,0.2546249253678617,1,-0.9787745141326066,-1.0261667362455194,-0.9614863916702532,6,-1.5679065665042955,2,-0.8885711226756261,-0.5609134059122626,-1.0785044383346123,0,1,1.855984331273588,2.346151056253851,-1.584178240646517,0.0,-0.9320143892374164,-0.9359045730975464,-2.171981830933257,0.3380961637724818,-0.6544537372115486,-0.6154915796172451,-0.3687152874355457,-0.5952272282818631,1
711,25.950888,-21.137278,-0.42966440714069,0,-0.1995323138080255,2,0.9633983665702748,0.0850492518807105,1,0.0,-0.0546099029584432,1.1697805251007627,1,-1.3724266443035866,0.3796721288811475,1.7496101475022634,3,0.2462002046576992,2,2.324743527488212,0.8679662858456406,-0.6780493930322936,0,0,-1.1505541015749308,-0.4262300150429028,1.1914379855160335,0.0,-0.9320143892374164,-0.1645114009902331,-0.6201892226844657,0.3380961637724818,0.4885077284888646,1.041095461037043,1.1834366957553253,-1.1559347102263289,0
712,-29.625416,24.30544,-0.8676718124782865,2,0.2566224966015182,1,0.0996387436715968,0.0850492518807105,1,0.0,-0.0512866475623134,1.1697805251007627,0,1.2847252343505289,-1.0261667362455194,-0.9614863916702532,6,-1.5679065665042955,2,-0.8709353945817558,-0.3983075434785167,1.324225833479301,0,1,1.3093409798465847,2.346151056253851,0.2662325767951835,0.0,-0.9320143892374164,-1.0644701017820986,1.707499689688721,0.3380961637724818,-1.1442943653688686,-1.1676872598353414,-0.6791456840737199,-1.1559347102263289,1
713,-16.16731,-1.382082,-0.42966440714069,2,-0.8465779959650415,1,0.4698214391996017,-1.86842575225436,1,0.0,-0.0496250198642485,-0.6605306743650393,0,-0.6343289002329991,0.3796721288811475,-0.9614863916702532,6,1.153253590238697,2,-0.6482577675651784,0.4114893271725149,0.1228606975723441,0,0,0.7626976284195812,-0.4262300150429028,-1.584178240646517,0.0,-0.9320143892374164,-0.8073390444129942,0.9316033855643254,0.3380961637724818,-0.6544537372115486,-0.6154915796172451,-0.6791456840737199,-0.5952272282818631,0
714,-2.3156242,4.2354083,0.8843578088720997,2,0.4252014482746105,1,-1.010909342912418,1.0617867539482455,3,0.0,-0.0479633921661836,1.1697805251007627,0,1.235518718079156,0.3796721288811475,-0.9614863916702532,2,1.153253590238697,0,-0.8994075339140282,-0.4649239469301982,0.1228606975723441,0,0,-0.3305890744344257,-0.4262300150429028,1.1914379855160335,0.0,1.4159910129545328,-0.4216424583593375,-0.6201892226844657,0.3380961637724818,-0.3278933184400019,-0.339393739508197,-0.6791456840737199,-0.5952272282818631,0
715,18.013083,27.674992,1.4318670655440953,2,0.8020249873085814,1,-1.010909342912418,-0.8916882501868245,3,0.0,-0.0463017644681187,1.1697805251007627,1,0.0053558112948434,0.3796721288811475,1.7496101475022634,5,1.153253590238697,0,2.31518198816021,-1.0818986540037887,2.5255909693862573,0,0,1.855984331273588,2.346151056253851,0.2662325767951835,0.0,0.241988311858558,2.6639302300699157,-1.3960855268088614,-1.0778621289498782,-0.3278933184400019,-0.063295899399149,-0.3687152874355457,-0.3148734873096303,0
716,12.808384,14.301196,-0.42966440714069,1,0.0607734203930728,1,-1.010909342912418,1.0617867539482455,4,0.0,-0.0446401367700538,0.2546249253678617,0,0.8910731041795485,1.7855109940078144,-0.0577875452794142,0,-0.6608531809232983,1,-0.2156512326360258,0.8218688589845614,-0.6780493930322936,0,1,-0.6039107501479274,-0.4262300150429028,-1.584178240646517,0.0,0.241988311858558,-0.678773515728442,-0.6201892226844657,0.3380961637724818,-0.1646131090542286,0.212801940709899,-0.3687152874355457,-0.5952272282818631,0
717,39.430973,7.7185264,0.4463504035345031,1,0.0930017493893992,1,-0.0237554881710714,0.0850492518807105,3,0.0,-0.0429785090719889,-1.5756862740979405,1,-0.0930572212479015,0.3796721288811475,2.6533089938931025,5,0.2462002046576992,0,2.7443888646616283,-1.4866565483937524,-0.2775943477299747,0,0,0.4893759527060795,-0.4262300150429028,-0.6589728319256667,0.0,0.241988311858558,1.2497094145398413,-0.6201892226844657,1.754054456494842,1.794749403575051,3.249878181909428,-0.6791456840737199,1.9279564404682328,0
718,-3.8785377,1.560264,-1.0866755151470848,2,0.8218578051524746,1,0.8400041347276065,1.0617867539482455,5,0.0,-0.0396552536758591,0.2546249253678617,0,-1.4216331605749593,0.3796721288811475,-0.9614863916702532,2,-0.6608531809232983,1,-0.7844565833262721,-0.3129991955984098,2.5255909693862573,0,0,-0.3305890744344257,-0.4262300150429028,-0.6589728319256667,0.0,0.241988311858558,-0.9359045730975464,-0.6201892226844657,0.3380961637724818,-0.8177339465973219,-0.6154915796172451,-0.0582848907973714,-0.5952272282818631,0
719,16.380957,12.116695,0.8843578088720997,0,-1.374626771058698,1,1.7037637576262843,-0.8916882501868245,1,0.0,-0.0379936259777942,1.1697805251007627,1,-1.1756005792180968,0.3796721288811475,-0.0577875452794142,2,-1.5679065665042955,1,-0.6097991316014374,-0.0385227484652156,-0.6780493930322936,0,1,-0.0572673987209239,-0.4262300150429028,0.2662325767951835,0.0,0.241988311858558,-0.2930769296747854,-0.6201892226844657,0.3380961637724818,0.3252275191030913,1.041095461037043,-0.6791456840737199,1.086895217551534,0
720,-3.3293204,-19.65875,1.103361511540898,2,0.3780985058953641,2,-0.6407266473844129,-0.8916882501868245,1,0.0,-0.0363319982797293,1.1697805251007627,0,0.841866587908176,0.3796721288811475,-0.0577875452794142,7,1.153253590238697,2,-0.4971854461827483,-0.8070005840639384,-0.6780493930322936,0,1,0.4893759527060795,-0.4262300150429028,0.2662325767951835,0.0,-0.9320143892374164,-0.2930769296747854,-2.171981830933257,0.3380961637724818,0.3252275191030913,-1.1676872598353414,-0.6791456840737199,0.8065414765793012,0
721,-38.750076,3.9379299,-0.7581699611438873,2,-1.6473280164122297,1,1.5803695257836163,0.0850492518807105,1,0.0,-0.0346703705816644,-1.5756862740979405,0,-0.8803614815898617,0.3796721288811475,-0.9614863916702532,6,0.2462002046576992,1,-0.928729587853234,-0.3898750873453924,0.523315742874663,0,1,-1.1505541015749308,-0.4262300150429028,-0.6589728319256667,0.0,-0.9320143892374164,-0.5502079870438897,-0.6201892226844657,0.3380961637724818,-0.3278933184400019,-0.6154915796172451,-0.6791456840737199,-0.8755809692540959,1
722,24.272558,8.821201,1.4318670655440953,2,0.3384328702075777,1,1.827157989468953,0.0850492518807105,1,0.0,-0.0330087428835995,1.1697805251007627,1,1.432344783164646,0.3796721288811475,1.7496101475022634,4,0.2462002046576992,1,1.5872301273216654,-1.4267861098485703,0.1228606975723441,0,1,0.7626976284195812,-0.4262300150429028,1.1914379855160335,0.0,0.241988311858558,1.3782749432243937,-0.6201892226844657,0.3380961637724818,0.8150681472604113,1.8693889813641875,-0.3687152874355457,0.2458339946348354,0
723,-22.362213,-17.839157,0.1178448495313057,1,1.4589870783875438,1,0.0996387436715968,-1.86842575225436,3,0.0,-0.0313471151855346,0.2546249253678617,1,0.0053558112948434,0.3796721288811475,-0.9614863916702532,6,0.2462002046576992,1,-0.8114413720964108,-0.3072370172407748,-1.0785044383346123,0,0,0.4893759527060795,-0.4262300150429028,-0.6589728319256667,0.0,0.241988311858558,-1.0644701017820986,-2.171981830933257,-1.0778621289498782,-0.8177339465973219,-0.8915894197262932,-0.6791456840737199,-0.5952272282818631,0
724,21.448528,5.208134,0.9938596602064989,2,-0.5862722617639431,1,-0.270543951856408,-0.8916882501868245,3,0.0,-0.0296854874874697,1.1697805251007627,1,0.448214457737196,0.3796721288811475,0.8459113011114247,4,0.2462002046576992,0,0.9225969046996668,1.3906380251637918,1.324225833479301,0,0,-0.6039107501479274,-0.4262300150429028,-0.6589728319256667,0.0,0.241988311858558,0.2211851850634235,0.1557070814399298,0.3380961637724818,0.161947309717318,0.7649976209279952,-0.6791456840737199,0.8065414765793012,0
725,-26.506184,-20.210445,-1.4151810691502822,2,1.0003531657475135,1,0.9633983665702748,-1.86842575225436,3,0.0,-0.0263622320913399,1.1697805251007627,0,-1.2248070954894692,-1.0261667362455194,-0.0577875452794142,4,0.2462002046576992,0,-0.451715014711806,1.3778488000285534,-0.6780493930322936,0,0,-0.0572673987209239,-0.4262300150429028,-0.6589728319256667,0.0,1.4159910129545328,-0.8073390444129942,2.4833959938131165,0.3380961637724818,-0.4911735278257753,-0.6154915796172451,0.2521455058408027,-0.5952272282818631,0
726,-22.172075,30.853657,-0.2106607044718917,2,-0.4474425368566906,1,0.59321567104227,1.0617867539482455,4,0.0,-0.024700604393275,0.2546249253678617,1,-1.3232201280322142,-1.0261667362455194,-0.9614863916702532,2,-0.6608531809232983,0,-0.586426479910766,-0.5957675579291761,-0.6780493930322936,0,1,2.4026276827005915,2.346151056253851,1.1914379855160335,0.0,0.241988311858558,-0.8073390444129942,-0.6201892226844657,-2.4938204216722384,-0.4911735278257753,-0.6154915796172451,-0.6791456840737199,-0.5952272282818631,1
727,0.8688675,-7.7574234,-0.6486681098094882,1,0.1252300783857257,1,-1.010909342912418,-1.86842575225436,1,0.0,-0.0230389766952101,0.2546249253678617,0,1.4815512994360187,0.3796721288811475,-0.0577875452794142,4,-1.5679065665042955,1,-0.500372625958749,-0.4269778943311391,-0.6780493930322936,0,0,-0.8772324258614291,-0.4262300150429028,0.2662325767951835,0.0,0.241988311858558,-0.9359045730975464,-1.3960855268088614,0.3380961637724818,-0.4911735278257753,-0.339393739508197,-0.6791456840737199,-0.3148734873096303,0
728,-27.979105,-2.5596454,-2.072192177156677,0,-1.2779417840697187,1,-0.5173324155417446,-0.8916882501868245,1,0.0,-0.0213773489971452,-0.6605306743650393,1,0.349801425194451,0.3796721288811475,-0.9614863916702532,6,1.153253590238697,2,-1.158419010377013,-0.1152580992766462,-0.6780493930322936,0,0,-0.0572673987209239,-0.4262300150429028,1.1914379855160335,0.0,-0.9320143892374164,-1.4501666878357553,-0.6201892226844657,0.3380961637724818,-1.1442943653688686,-1.1676872598353414,-0.6791456840737199,-1.1559347102263289,0
729,32.92033,5.3715477,1.869874470881692,2,1.5829421899118763,1,0.9633983665702748,0.0850492518807105,5,0.0,-0.0197157212990803,0.2546249253678617,0,-0.4867093514188816,0.3796721288811475,0.8459113011114247,4,0.2462002046576992,1,0.9000741676159291,-0.0520146782782143,2.1251359240839385,0,0,-1.1505541015749308,-0.4262300150429028,0.2662325767951835,0.0,0.241988311858558,1.3782749432243937,-0.6201892226844657,0.3380961637724818,0.4885077284888646,0.7649976209279952,-0.6791456840737199,1.086895217551534,0
730,27.054796,5.732634,-0.2106607044718917,2,-0.54412752384567,1,1.950552221311621,1.0617867539482455,3,0.0,-0.0180540936010154,0.2546249253678617,0,-0.4375028351475091,0.3796721288811475,0.8459113011114247,0,0.2462002046576992,0,0.8254941608575143,-1.031303917205043,-0.6780493930322936,0,1,-1.1505541015749308,-0.4262300150429028,0.2662325767951835,0.0,0.241988311858558,0.6068817711170802,0.1557070814399298,-1.0778621289498782,1.4681889848035046,1.5932911412551394,2.4251582823080224,-0.8755809692540959,0
731,-6.7699428,-31.561079,-0.7581699611438873,2,-1.61014148295493,1,-0.1471497200137397,-0.8916882501868245,1,0.0,-0.0163924659029505,-0.6605306743650393,0,0.349801425194451,1.7855109940078144,0.8459113011114247,5,-1.5679065665042955,1,1.0439222148394245,0.4903327920172265,-1.0785044383346123,0,1,-0.8772324258614291,-0.4262300150429028,0.2662325767951835,0.0,2.5899937140505074,-0.2930769296747854,0.9316033855643254,-1.0778621289498782,0.161947309717318,0.7649976209279952,-0.3687152874355457,0.8065414765793012,0
732,-41.49117,-7.9591413,-1.8531884744878788,2,0.7301310226244685,1,0.2230329755142651,0.0850492518807105,3,0.0,-0.0147308382048856,1.1697805251007627,0,1.5799643319787635,-1.0261667362455194,-0.9614863916702532,6,-1.5679065665042955,2,-0.8292895788420143,0.556808654533356,-0.6780493930322936,0,1,-0.0572673987209239,-0.4262300150429028,-1.584178240646517,0.0,-0.9320143892374164,-1.3216011591512031,-0.6201892226844657,0.3380961637724818,-0.9810141559830952,-1.1676872598353414,-0.6791456840737199,-1.1559347102263289,1
733,-32.606434,-3.0233836,-0.7581699611438873,1,-1.7192219810963425,1,-0.5173324155417446,0.0850492518807105,3,0.0,-0.0130692105068207,-0.6605306743650393,0,-0.2898832863333916,0.3796721288811475,-0.9614863916702532,2,-0.6608531809232983,2,-0.8671107788505551,1.603838624396283,-1.0785044383346123,0,0,0.4893759527060795,-0.4262300150429028,-1.584178240646517,0.0,-0.9320143892374164,-0.9359045730975464,0.1557070814399298,0.3380961637724818,-0.6544537372115486,-0.6154915796172451,-0.3687152874355457,-0.5952272282818631,1
734,11.404257,-0.439057,-1.196177366481484,2,0.6532788534793824,1,-0.8875151110697495,-0.8916882501868245,3,0.0,-0.0114075828087558,1.1697805251007627,1,-1.6676657419318217,1.7855109940078144,-0.0577875452794142,4,1.153253590238697,1,-0.2190508910637598,-1.543013463550133,-0.6780493930322936,0,0,-0.8772324258614291,-0.4262300150429028,-0.6589728319256667,0.0,-0.9320143892374164,-0.4216424583593375,-0.6201892226844657,0.3380961637724818,0.161947309717318,0.7649976209279952,-0.3687152874355457,-0.3148734873096303,0
735,-26.779453,-9.639766,-1.6341847718190805,2,-1.4514789402037842,1,-0.1471497200137397,-1.86842575225436,1,0.0,-0.0097459551106909,-0.6605306743650393,1,1.3831382668932737,-2.432005601372186,-0.9614863916702532,2,-1.5679065665042955,1,-0.8609488979502873,-1.044514765146938,-0.6780493930322936,0,0,-0.0572673987209239,-0.4262300150429028,-1.584178240646517,0.0,0.241988311858558,-0.9359045730975464,0.1557070814399298,-1.0778621289498782,-0.4911735278257753,-0.339393739508197,-0.3687152874355457,-0.8755809692540959,0
736,-13.676651,0.8643908,1.2128633628752972,2,-1.302732806374585,1,-0.3939381836990763,0.0850492518807105,1,0.0,-0.0047610720164962,-1.5756862740979405,1,1.5307578157073911,-1.0261667362455194,-0.0577875452794142,0,0.2462002046576992,2,-0.4808245899992784,-0.1678204091731207,-0.2775943477299747,0,0,-0.6039107501479274,-0.4262300150429028,1.1914379855160335,0.0,-0.9320143892374164,0.9925783571707368,-2.171981830933257,0.3380961637724818,-0.8177339465973219,-0.6154915796172451,-0.0582848907973714,-0.5952272282818631,0
737,32.466854,13.667671,1.2128633628752972,2,1.3697393980900243,1,-0.6407266473844129,1.0617867539482455,1,0.0,-0.0014378166203664,0.2546249253678617,1,0.5958340065513135,-1.0261667362455194,0.8459113011114247,0,0.2462002046576992,2,0.9553186170666066,1.1147561686750769,1.7246808787816197,0,0,-0.3305890744344257,-0.4262300150429028,-0.6589728319256667,0.0,-0.9320143892374164,2.0211025866471544,0.1557070814399298,0.3380961637724818,1.304908775417731,1.8693889813641875,0.5625759024789769,1.086895217551534,0
738,-7.4905963,-3.6667778,0.4463504035345031,2,-0.6284169996822161,1,-0.270543951856408,-0.8916882501868245,3,0.0,0.0002238110776984,1.1697805251007627,0,-1.1756005792180968,0.3796721288811475,-0.0577875452794142,4,0.2462002046576992,2,-0.3187033787267129,1.2730052621067085,1.324225833479301,0,0,-0.3305890744344257,-0.4262300150429028,-0.6589728319256667,0.0,-0.9320143892374164,-0.4216424583593375,2.4833959938131165,0.3380961637724818,-0.8177339465973219,-0.6154915796172451,-0.0582848907973714,-0.8755809692540959,0
739,42.13665,2.6406379,0.2273467008657048,2,-0.8341824848126081,1,-1.010909342912418,-1.86842575225436,1,0.0,0.0018854387757633,1.1697805251007627,0,-0.043850704976529,-1.0261667362455194,1.7496101475022634,4,1.153253590238697,1,1.3256689070378802,-1.0193579376831172,-0.6780493930322936,0,0,0.2160542769925777,-0.4262300150429028,0.2662325767951835,0.0,0.241988311858558,1.2497094145398413,0.1557070814399298,0.3380961637724818,2.284590031732371,0.4888997808189471,2.7355886789461965,1.086895217551534,0
740,-14.074966,-9.533404,-1.0866755151470848,2,0.6260087289440293,1,-0.8875151110697495,1.0617867539482455,1,0.0,0.0035470664738282,-1.5756862740979405,0,-0.929567997861234,0.3796721288811475,-0.0577875452794142,4,1.153253590238697,1,-0.4835868124718123,-1.356937264879191,-1.0785044383346123,0,0,0.7626976284195812,-0.4262300150429028,-0.6589728319256667,0.0,0.241988311858558,-0.9359045730975464,-0.6201892226844657,0.3380961637724818,-0.6544537372115486,-0.6154915796172451,-0.0582848907973714,-0.5952272282818631,0
741,-12.446129,36.25353,-0.2106607044718917,2,-0.0012041353690934,1,0.0996387436715968,0.0850492518807105,4,0.0,0.0052086941718931,-0.6605306743650393,1,-1.0279810304039791,0.3796721288811475,-0.9614863916702532,2,1.153253590238697,0,-0.5494551945091587,-0.6706758765784298,-0.6780493930322936,0,0,1.3093409798465847,2.346151056253851,-1.584178240646517,0.0,0.241988311858558,-1.0644701017820986,0.9316033855643254,-1.0778621289498782,-0.6544537372115486,-0.6154915796172451,-0.3687152874355457,-0.5952272282818631,0
742,33.10507,20.666845,0.5558522548689022,2,-1.332482033140425,2,-0.5173324155417446,-0.8916882501868245,2,0.0,0.006870321869958,1.1697805251007627,1,1.1863122018077836,0.3796721288811475,2.6533089938931025,3,0.2462002046576992,1,2.507262689327181,-0.919573873441147,1.324225833479301,0,0,-0.6039107501479274,-0.4262300150429028,-0.6589728319256667,0.0,-0.9320143892374164,1.2497094145398413,0.1557070814399298,1.754054456494842,-0.9810141559830952,-1.1676872598353414,-0.6791456840737199,-1.1559347102263289,0
743,-11.052525,4.4220867,1.4318670655440953,2,0.0037540690918798,1,-0.0237554881710714,0.0850492518807105,1,0.0,0.0085319495680229,-1.5756862740979405,1,-0.0930572212479015,0.3796721288811475,-0.9614863916702532,2,1.153253590238697,1,-0.8760348822233569,0.8224310227267697,0.523315742874663,0,0,0.7626976284195812,-0.4262300150429028,-0.6589728319256667,0.0,-0.9320143892374164,-0.4216424583593375,1.707499689688721,0.3380961637724818,-0.9810141559830952,-1.1676872598353414,-0.6791456840737199,-1.1559347102263289,0
744,26.638823,20.667233,2.417383727553688,2,-0.2168860294214321,1,-0.8875151110697495,0.0850492518807105,1,0.0,0.0118552049641527,0.2546249253678617,0,0.1529753601089609,-1.0261667362455194,1.7496101475022634,4,1.153253590238697,2,1.5347479003435216,1.0562911394854155,0.1228606975723441,0,1,-0.6039107501479274,-0.4262300150429028,-1.584178240646517,0.0,-0.9320143892374164,2.406799172700811,0.9316033855643254,0.3380961637724818,-0.3278933184400019,-0.339393739508197,0.5625759024789769,-0.3148734873096303,0
745,-34.41011,4.426594,0.0083429981969065,2,0.8392115207658811,1,0.2230329755142651,-0.8916882501868245,3,0.0,0.0135168326622176,-1.5756862740979405,0,-0.2406767700620191,-2.432005601372186,-0.0577875452794142,0,-0.6608531809232983,1,-0.3667235540184558,0.0096827924291446,0.9237707881769818,0,0,-0.0572673987209239,-0.4262300150429028,-1.584178240646517,0.0,-0.9320143892374164,0.4783162424325279,-0.6201892226844657,-2.4938204216722384,-0.9810141559830952,-1.1676872598353414,-0.6791456840737199,-1.1559347102263289,1
746,16.783852,12.33794,1.979376322216091,1,-1.6547653231036896,1,1.0867925984129432,1.0617867539482455,3,0.0,0.0151784603602825,0.2546249253678617,1,-0.1914702537906465,0.3796721288811475,-0.0577875452794142,0,-0.6608531809232983,1,-0.0250578820311879,-0.1856691079882336,0.1228606975723441,0,1,-0.3305890744344257,-0.4262300150429028,1.1914379855160335,0.0,1.4159910129545328,0.7354472998016324,0.1557070814399298,0.3380961637724818,0.161947309717318,0.7649976209279952,1.1834366957553253,0.8065414765793012,0
747,8.849564,33.7059,0.4463504035345031,0,-1.3771058732891848,1,-0.270543951856408,-1.86842575225436,1,0.0,0.0168400880583474,-0.6605306743650393,0,-0.5359158676902541,-2.432005601372186,2.6533089938931025,5,0.2462002046576992,0,2.862102037721918,0.8391553940574662,-0.6780493930322936,0,0,1.855984331273588,2.346151056253851,-0.6589728319256667,0.0,1.4159910129545328,1.2497094145398413,0.1557070814399298,0.3380961637724818,2.284590031732371,3.249878181909428,0.8730062991171511,1.6476026994959998,0
748,-9.391217,-27.367432,0.1178448495313057,2,0.5764266843342962,2,-0.7641208792270812,1.0617867539482455,1,0.0,0.0185017157564122,-0.6605306743650393,1,-1.1756005792180968,0.3796721288811475,-0.0577875452794142,7,1.153253590238697,2,0.0760819561938987,-1.3115425426958724,2.1251359240839385,0,1,-0.8772324258614291,-0.4262300150429028,0.2662325767951835,0.0,-0.9320143892374164,0.9925783571707368,-1.3960855268088614,0.3380961637724818,-0.9810141559830952,-1.1676872598353414,-0.6791456840737199,-1.1559347102263289,0
749,-49.941338,7.744607,-1.196177366481484,0,-1.332482033140425,2,2.4441291486822943,-0.8916882501868245,3,0.0,0.0201633434544771,-0.6605306743650393,1,0.645040522822686,-2.432005601372186,-0.0577875452794142,7,-1.5679065665042955,2,-0.3259276528856477,1.0540424845165823,2.1251359240839385,0,0,0.7626976284195812,-0.4262300150429028,1.1914379855160335,0.0,-0.9320143892374164,-0.5502079870438897,2.4833959938131165,0.3380961637724818,-0.8177339465973219,-0.6154915796172451,-0.0582848907973714,-0.5952272282818631,1
750,38.628616,3.215128,1.6508707682128936,2,-1.3300029309099384,2,-0.8875151110697495,-1.86842575225436,2,0.0,0.021824971152542,-1.5756862740979405,0,-0.4375028351475091,-2.432005601372186,2.6533089938931025,3,1.153253590238697,1,2.8349047703000463,1.6208440775980837,-0.6780493930322936,0,0,-0.0572673987209239,-0.4262300150429028,1.1914379855160335,0.0,0.241988311858558,2.7924957587544674,0.1557070814399298,0.3380961637724818,4.080672334975878,2.6976825016913315,1.1834366957553253,1.3672489585237668,1
751,37.689636,-4.531497,0.7748559575377005,2,1.600295905525283,2,2.320734916839626,0.0850492518807105,3,0.0,0.0234865988506069,1.1697805251007627,0,-0.6343289002329991,1.7855109940078144,1.7496101475022634,7,1.153253590238697,1,1.448481567739771,-0.3620479821060824,0.1228606975723441,0,1,0.7626976284195812,-0.4262300150429028,0.2662325767951835,0.0,0.241988311858558,1.5068404719089457,-0.6201892226844657,0.3380961637724818,0.8150681472604113,1.8693889813641875,2.7355886789461965,1.9279564404682328,0
752,28.973518,-16.281424,1.4318670655440953,0,-1.629974300798823,2,-1.010909342912418,0.0850492518807105,1,0.0,0.0251482265486718,1.1697805251007627,0,1.432344783164646,0.3796721288811475,-0.0577875452794142,7,0.2462002046576992,1,-0.0331320707970562,1.490703171276866,-1.0785044383346123,0,0,-0.8772324258614291,-0.4262300150429028,-1.584178240646517,0.0,0.241988311858558,0.9925783571707368,0.1557070814399298,0.3380961637724818,1.794749403575051,0.7649976209279952,-0.6791456840737199,2.488663922412698,0
753,23.700956,-1.0431722,-0.1011588531374925,2,0.2045613497612985,1,0.8400041347276065,1.0617867539482455,1,0.0,0.0284714819448016,0.2546249253678617,0,-1.1263940629467242,1.7855109940078144,-0.9614863916702532,2,-1.5679065665042955,2,-0.7989051316441416,-0.8494439466006638,-0.6780493930322936,0,0,0.2160542769925777,-0.4262300150429028,0.2662325767951835,0.0,-0.9320143892374164,0.8640128284861845,-1.3960855268088614,0.3380961637724818,1.6314691941892778,2.421584661582284,3.977310265498893,2.7690176633849317,1
754,24.651543,7.118501,0.2273467008657048,1,0.3533074835904976,1,1.5803695257836163,0.0850492518807105,3,0.0,0.0301331096428665,1.1697805251007627,0,0.7926600716368035,0.3796721288811475,0.8459113011114247,4,-1.5679065665042955,2,0.930033657510335,-1.2972073672695612,-0.6780493930322936,0,1,-0.6039107501479274,-0.4262300150429028,0.2662325767951835,0.0,-0.9320143892374164,1.2497094145398413,-0.6201892226844657,0.3380961637724818,2.284590031732371,0.4888997808189471,-0.0582848907973714,1.086895217551534,0
755,-24.652958,0.89968544,-0.42966440714069,0,0.5838639910257561,2,-0.1471497200137397,-1.86842575225436,1,0.0,0.0317947373409314,-0.6605306743650393,0,1.0878991692650386,-1.0261667362455194,-0.9614863916702532,8,1.153253590238697,2,-0.8841090709892252,1.0011990927490038,-1.0785044383346123,0,0,1.036019304133083,-0.4262300150429028,1.1914379855160335,0.0,-0.9320143892374164,-1.0644701017820986,-0.6201892226844657,-1.0778621289498782,-0.8177339465973219,-0.6154915796172451,-0.0582848907973714,-0.5952272282818631,0
756,33.807793,20.263649,0.8843578088720997,2,1.0697680282011397,2,0.2230329755142651,-0.8916882501868245,1,0.0,0.0334563650389963,1.1697805251007627,0,1.1863122018077836,0.3796721288811475,1.7496101475022634,3,1.153253590238697,1,2.368514129745287,-1.2520937269573464,0.1228606975723441,0,0,-0.6039107501479274,-0.4262300150429028,-0.6589728319256667,0.0,0.241988311858558,1.8925370579626024,0.9316033855643254,1.754054456494842,0.3252275191030913,-0.339393739508197,-0.3687152874355457,-0.8755809692540959,0
757,7.192702,13.276052,-0.5391662584750891,0,0.7598802493903084,1,2.4441291486822943,1.0617867539482455,3,0.0,0.0351179927370612,1.1697805251007627,0,0.1529753601089609,0.3796721288811475,-0.9614863916702532,2,0.2462002046576992,2,-0.5265075001219541,-0.446653625308429,2.5255909693862573,0,0,-0.8772324258614291,-0.4262300150429028,-0.6589728319256667,0.0,-0.9320143892374164,-0.1645114009902331,-0.6201892226844657,0.3380961637724818,0.161947309717318,0.7649976209279952,1.4938670923934996,0.8065414765793012,0
758,8.307225,-26.975422,-0.3201625558062908,2,-1.4539580424342708,2,-1.010909342912418,1.0617867539482455,2,0.0,0.0367796204351261,-0.6605306743650393,1,0.448214457737196,1.7855109940078144,-0.0577875452794142,7,1.153253590238697,0,0.6846208147582863,-0.2860153359724122,-1.0785044383346123,0,0,-1.1505541015749308,-0.4262300150429028,1.1914379855160335,0.0,0.241988311858558,0.6068817711170802,-0.6201892226844657,-1.0778621289498782,1.304908775417731,-0.8915894197262932,-0.6791456840737199,1.3672489585237668,0
759,18.377043,-33.69958,2.417383727553688,2,0.7102982047805754,2,-1.010909342912418,-0.8916882501868245,5,0.0,0.038441248133191,-0.6605306743650393,1,0.0053558112948434,0.3796721288811475,0.8459113011114247,3,1.153253590238697,1,1.1476117968853117,-0.4602860960569799,0.1228606975723441,0,1,-0.3305890744344257,-0.4262300150429028,0.2662325767951835,0.0,0.241988311858558,0.3497507137479757,-1.3960855268088614,-2.4938204216722384,-0.1646131090542286,-0.063295899399149,-0.6791456840737199,-0.0345197463373974,0
760,17.026392,1.5346408,0.8843578088720997,2,-0.0359115665959065,0,1.827157989468953,1.0617867539482455,3,0.0,0.0401028758312559,-0.6605306743650393,1,-1.4708396768463317,0.3796721288811475,-0.9614863916702532,1,-0.6608531809232983,2,-0.9191680485252322,-0.8425574407586123,-0.6780493930322936,0,0,0.2160542769925777,-0.4262300150429028,-1.584178240646517,0.0,-0.9320143892374164,-0.678773515728442,0.1557070814399298,0.3380961637724818,-0.1646131090542286,-0.339393739508197,-0.6791456840737199,-0.0345197463373974,0
761,29.30838,-16.329325,1.7603726195472926,1,-1.682035447639043,2,-0.8875151110697495,0.0850492518807105,2,0.0,0.0417645035293208,0.2546249253678617,0,-1.3724266443035866,-1.0261667362455194,0.8459113011114247,7,-0.6608531809232983,1,0.2171677809448601,1.2963350574083523,-0.2775943477299747,0,0,-0.8772324258614291,-0.4262300150429028,-1.584178240646517,0.0,0.241988311858558,2.406799172700811,-0.6201892226844657,0.3380961637724818,1.304908775417731,0.7649976209279952,1.1834366957553253,2.2083101814404653,0
762,-33.24095,3.8400836,-0.1011588531374925,2,-0.3532366520981979,1,0.7166099028849382,0.0850492518807105,4,0.0,0.0450877589254506,-1.5756862740979405,1,0.743453555365431,0.3796721288811475,-0.0577875452794142,2,0.2462002046576992,0,-0.3546122708696534,-0.9072062711125648,1.7246808787816197,0,0,-0.3305890744344257,-0.4262300150429028,-0.6589728319256667,0.0,0.241988311858558,-0.2930769296747854,0.1557070814399298,-1.0778621289498782,-0.9810141559830952,-1.1676872598353414,-0.6791456840737199,-1.1559347102263289,1
763,-39.632652,4.8543444,-1.196177366481484,1,-1.1415911613929528,1,-0.8875151110697495,0.0850492518807105,1,0.0,0.0467493866235155,-1.5756862740979405,1,-0.4375028351475091,0.3796721288811475,-0.9614863916702532,6,-1.5679065665042955,1,-0.9478526665092378,0.1451642543013408,1.324225833479301,0,1,-0.3305890744344257,-0.4262300150429028,-0.6589728319256667,0.0,0.241988311858558,-0.678773515728442,-0.6201892226844657,0.3380961637724818,-0.6544537372115486,-0.6154915796172451,-0.3687152874355457,-0.5952272282818631,1
764,-2.0374126,-23.177038,-0.3201625558062908,2,1.3151991490193182,2,0.0996387436715968,1.0617867539482455,1,0.0,0.0500726420196453,0.2546249253678617,0,1.038692652993666,0.3796721288811475,-0.9614863916702532,8,0.2462002046576992,1,-0.910031466500697,0.5757816808328856,-0.6780493930322936,0,1,1.036019304133083,-0.4262300150429028,1.1914379855160335,0.0,0.241988311858558,-1.3216011591512031,-0.6201892226844657,0.3380961637724818,-0.9810141559830952,-0.8915894197262932,-0.6791456840737199,-1.1559347102263289,0
765,-14.327096,27.223083,-0.9771736638126856,2,0.8466488274573412,2,0.0996387436715968,-1.86842575225436,3,0.0,0.0517342697177102,1.1697805251007627,1,0.3990079414658235,0.3796721288811475,-0.9614863916702532,8,-0.6608531809232983,1,-1.1582065317252797,1.2748322942688854,-0.6780493930322936,0,0,1.855984331273588,2.346151056253851,-0.6589728319256667,0.0,-0.9320143892374164,-1.3216011591512031,1.707499689688721,0.3380961637724818,-0.9810141559830952,-1.1676872598353414,-0.6791456840737199,-1.1559347102263289,0
766,-0.68938,8.981782,0.1178448495313057,1,0.9507711211377804,1,-0.7641208792270812,1.0617867539482455,4,0.0,0.0583807805099698,0.2546249253678617,1,-1.0771875466753518,0.3796721288811475,-0.9614863916702532,6,0.2462002046576992,1,-0.7823317968089383,-1.5903757588311809,0.1228606975723441,0,0,0.2160542769925777,-0.4262300150429028,-1.584178240646517,0.0,0.241988311858558,-0.4216424583593375,-0.6201892226844657,0.3380961637724818,-0.8177339465973219,-0.6154915796172451,-0.0582848907973714,-0.5952272282818631,0
767,30.112532,26.044016,1.4318670655440953,2,1.6399615412130697,1,-0.8875151110697495,1.0617867539482455,3,0.0,0.0600424082080347,-0.6605306743650393,1,-0.1914702537906465,0.3796721288811475,2.6533089938931025,5,0.2462002046576992,1,2.705717750046154,-0.2052042980299714,-0.2775943477299747,0,1,-1.1505541015749308,-0.4262300150429028,1.1914379855160335,0.0,0.241988311858558,2.2782336440162587,-0.6201892226844657,-1.0778621289498782,0.161947309717318,-0.8915894197262932,1.4938670923934996,0.8065414765793012,0
768,-0.07165545,2.132402,0.0083429981969065,2,-1.682035447639043,1,-0.7641208792270812,0.0850492518807105,4,0.0,0.0617040359060996,1.1697805251007627,0,-1.5200461931177045,0.3796721288811475,-0.0577875452794142,0,-0.6608531809232983,2,-0.5090842506798174,-0.0653660671556611,0.1228606975723441,0,0,-0.0572673987209239,-0.4262300150429028,-1.584178240646517,0.0,-0.9320143892374164,-0.4216424583593375,0.1557070814399298,-1.0778621289498782,-0.4911735278257753,-0.339393739508197,-0.6791456840737199,-0.8755809692540959,0
769,15.26595,-15.172929,0.3368485522001039,2,-1.2457134550733922,2,2.073946453154289,0.0850492518807105,2,0.0,0.0683505466983592,0.2546249253678617,1,0.3990079414658235,0.3796721288811475,-0.0577875452794142,7,-1.5679065665042955,1,0.4022366866046302,1.110821022479619,-0.6780493930322936,0,0,-0.3305890744344257,-0.4262300150429028,-0.6589728319256667,0.0,0.241988311858558,-0.4216424583593375,0.1557070814399298,-1.0778621289498782,-0.0013328996684553,0.7649976209279952,1.4938670923934996,0.2458339946348354,0
770,-26.938236,-19.547758,-1.196177366481484,1,0.293809030058818,1,-1.010909342912418,-1.86842575225436,3,0.0,0.071673802094489,-1.5756862740979405,0,0.0053558112948434,-1.0261667362455194,-0.9614863916702532,6,0.2462002046576992,0,-0.955289419319906,1.5391897940423305,-0.6780493930322936,0,0,-0.6039107501479274,-0.4262300150429028,0.2662325767951835,0.0,1.4159910129545328,-0.8073390444129942,1.707499689688721,0.3380961637724818,-0.3278933184400019,-0.339393739508197,-0.3687152874355457,-0.3148734873096303,0
771,31.56746,25.867214,0.9938596602064989,2,-0.9234301651101277,1,-1.010909342912418,1.0617867539482455,3,0.0,0.0733354297925539,1.1697805251007627,1,-1.2740136117608418,0.3796721288811475,2.6533089938931025,5,1.153253590238697,0,2.7885844242221705,1.0023234202334204,2.5255909693862573,0,0,0.4893759527060795,-0.4262300150429028,1.1914379855160335,0.0,1.4159910129545328,1.5068404719089457,-2.171981830933257,0.3380961637724818,-0.8177339465973219,-0.6154915796172451,-0.0582848907973714,-0.5952272282818631,0
772,14.619696,-24.248838,1.869874470881692,2,0.6929444891671688,2,-0.8875151110697495,1.0617867539482455,1,0.0,0.0749970574906188,0.2546249253678617,0,-1.2248070954894692,-1.0261667362455194,0.8459113011114247,7,0.2462002046576992,1,0.8888127990740601,-0.832157411527759,1.324225833479301,0,0,-1.1505541015749308,-0.4262300150429028,-0.6589728319256667,0.0,0.241988311858558,0.2211851850634235,0.9316033855643254,0.3380961637724818,0.3252275191030913,-0.063295899399149,1.4938670923934996,-1.1559347102263289,0
773,2.8869913,6.3586893,2.08887817355049,1,1.0846426415840595,1,-0.0237554881710714,0.0850492518807105,3,0.0,0.0766586851886837,-1.5756862740979405,0,-0.142263737519274,0.3796721288811475,-0.9614863916702532,6,0.2462002046576992,1,-0.7566218799491998,-0.3034424119808689,-0.2775943477299747,0,0,1.036019304133083,-0.4262300150429028,-0.6589728319256667,0.0,0.241988311858558,0.8640128284861845,0.9316033855643254,0.3380961637724818,-0.3278933184400019,-0.063295899399149,-0.6791456840737199,-0.3148734873096303,0
774,21.605068,-3.093655,-0.1011588531374925,2,-0.0160787487520133,1,0.3464272073569334,2.038524256015781,3,0.0,0.0799819405848135,1.1697805251007627,0,-0.7327419327757442,-1.0261667362455194,0.8459113011114247,4,1.153253590238697,2,0.5004018237054497,0.1905589764846597,-1.0785044383346123,0,0,-1.1505541015749308,-0.4262300150429028,-0.6589728319256667,0.0,-0.9320143892374164,0.4783162424325279,-0.6201892226844657,-1.0778621289498782,1.141628566031958,1.041095461037043,1.4938670923934996,1.086895217551534,0
775,31.644117,17.774748,1.979376322216091,0,-0.8887227338833145,1,-0.8875151110697495,-1.86842575225436,3,0.0,0.0816435682828784,0.2546249253678617,1,-1.2740136117608418,-1.0261667362455194,1.7496101475022634,3,-1.5679065665042955,2,2.178558215095649,0.4230136838877847,1.7246808787816197,0,0,-0.0572673987209239,-0.4262300150429028,-0.6589728319256667,0.0,-0.9320143892374164,2.535364701385363,0.1557070814399298,1.754054456494842,0.3252275191030913,0.7649976209279952,1.1834366957553253,-0.5952272282818631,0
776,6.549014,-30.217936,0.6653541062033014,2,-0.9606166985674274,2,1.950552221311621,0.0850492518807105,3,0.0,0.0849668236790082,0.2546249253678617,1,0.645040522822686,-1.0261667362455194,0.8459113011114247,7,1.153253590238697,0,0.9126104080681982,-1.271207294192428,0.9237707881769818,0,0,-0.6039107501479274,-0.4262300150429028,0.2662325767951835,0.0,0.241988311858558,0.8640128284861845,1.707499689688721,0.3380961637724818,-0.9810141559830952,-1.1676872598353414,-0.6791456840737199,-1.1559347102263289,0
777,-44.82467,-0.47264147,-1.8531884744878788,1,-0.0830145089751529,2,-0.0237554881710714,0.0850492518807105,2,0.0,0.0866284513770731,1.1697805251007627,0,-0.5851223839616266,0.3796721288811475,-0.9614863916702532,8,1.153253590238697,2,-0.8881461653721593,0.4064298534926404,-0.6780493930322936,0,1,-0.3305890744344257,-0.4262300150429028,-0.6589728319256667,0.0,-0.9320143892374164,-1.193035630466651,0.1557070814399298,0.3380961637724818,-0.8177339465973219,-0.6154915796172451,-0.6791456840737199,-0.5952272282818631,1
778,-38.389748,0.43713245,-1.7436866231534796,2,1.3176782512498049,1,0.0996387436715968,0.0850492518807105,1,0.0,0.0899517067732029,0.2546249253678617,0,-1.4708396768463317,-1.0261667362455194,-0.9614863916702532,2,-1.5679065665042955,2,-1.080864302494331,0.4138785230769001,-0.6780493930322936,0,0,-0.6039107501479274,-0.4262300150429028,-1.584178240646517,0.0,-0.9320143892374164,-1.3216011591512031,2.4833959938131165,-1.0778621289498782,-0.9810141559830952,-1.1676872598353414,-0.3687152874355457,-1.1559347102263289,1
779,10.295368,36.800785,0.9938596602064989,2,0.4970954129587233,1,-0.1471497200137397,1.0617867539482455,1,0.0,0.0916133344712678,1.1697805251007627,0,0.3990079414658235,-1.0261667362455194,-0.0577875452794142,6,-1.5679065665042955,0,-0.4011450955992626,0.9438583910437588,2.1251359240839385,0,1,2.1293060069870897,2.346151056253851,-1.584178240646517,0.0,2.5899937140505074,0.9925783571707368,-0.6201892226844657,0.3380961637724818,1.4681889848035046,2.421584661582284,-0.3687152874355457,0.8065414765793012,0
780,-39.955757,14.154731,1.5413689168784943,2,1.2904081267144516,1,-0.6407266473844129,1.0617867539482455,1,0.0,0.0932749621693327,-1.5756862740979405,1,-1.569252709389077,0.3796721288811475,-0.9614863916702532,6,0.2462002046576992,1,-0.8588241114329535,-0.5595079965567418,2.5255909693862573,0,1,-0.8772324258614291,-0.4262300150429028,0.2662325767951835,0.0,2.5899937140505074,0.8640128284861845,-0.6201892226844657,1.754054456494842,0.4885077284888646,-1.1676872598353414,-0.0582848907973714,0.8065414765793012,1
781,16.356853,2.856961,-0.9771736638126856,0,1.3970095226253776,1,1.827157989468953,-0.8916882501868245,5,0.0,0.0949365898673976,-0.6605306743650393,1,0.3005949089230785,-1.0261667362455194,0.8459113011114247,0,-1.5679065665042955,2,0.4715047270697106,-0.2751936839349027,-0.6780493930322936,0,0,-0.8772324258614291,-0.4262300150429028,-1.584178240646517,0.0,-0.9320143892374164,-0.1645114009902331,-0.6201892226844657,-1.0778621289498782,0.4885077284888646,0.7649976209279952,-0.3687152874355457,1.3672489585237668,1
782,-26.060123,-9.597241,-1.196177366481484,2,-1.5134564959659504,1,-1.010909342912418,-0.8916882501868245,3,0.0,0.0965982175654625,-1.5756862740979405,1,-0.3390898026047641,-1.0261667362455194,-0.9614863916702532,2,-1.5679065665042955,1,-0.5413810057432905,-0.4458103796951166,-0.6780493930322936,0,0,0.2160542769925777,-0.4262300150429028,-1.584178240646517,0.0,1.4159910129545328,-0.678773515728442,-0.6201892226844657,0.3380961637724818,-0.3278933184400019,-0.339393739508197,-0.3687152874355457,-0.3148734873096303,0
783,-18.980883,-16.642036,-0.7581699611438873,2,0.925980098832914,1,1.3335810620982798,0.0850492518807105,4,0.0,0.0982598452635274,0.2546249253678617,1,0.9402796204509212,0.3796721288811475,-0.0577875452794142,4,-1.5679065665042955,1,0.7339158619604293,-0.7332165928991012,-1.0785044383346123,0,0,-0.0572673987209239,-0.4262300150429028,0.2662325767951835,0.0,0.241988311858558,-0.5502079870438897,-1.3960855268088614,-1.0778621289498782,-0.1646131090542286,-0.6154915796172451,-0.6791456840737199,-0.5952272282818631,0
784,5.8858604,0.6095791,0.4463504035345031,2,-0.7275810889016822,1,-0.270543951856408,-0.8916882501868245,5,0.0,0.0999214729615923,-0.6605306743650393,0,-1.1263940629467242,1.7855109940078144,-0.9614863916702532,6,0.2462002046576992,1,-0.6644061450969149,0.6394467246379737,-0.6780493930322936,0,0,-0.6039107501479274,-0.4262300150429028,0.2662325767951835,0.0,-0.9320143892374164,-0.1645114009902331,0.1557070814399298,0.3380961637724818,0.4885077284888646,0.4888997808189471,-0.6791456840737199,1.086895217551534,0
785,34.678547,11.144723,0.1178448495313057,2,-1.1713403881587927,1,0.9633983665702748,-1.86842575225436,1,0.0,0.104906356055787,0.2546249253678617,0,-0.043850704976529,-1.0261667362455194,0.8459113011114247,0,0.2462002046576992,1,0.4929650708947815,1.44685439938462,-1.0785044383346123,0,0,0.7626976284195812,-0.4262300150429028,-1.584178240646517,0.0,0.241988311858558,1.121143885855289,0.9316033855643254,-1.0778621289498782,1.9580296129608248,1.3171933011460917,-0.3687152874355457,1.3672489585237668,0
786,10.415021,28.542048,0.3368485522001039,2,1.7093764036666956,1,1.3335810620982798,1.0617867539482455,5,0.0,0.1115528668480466,-1.5756862740979405,1,-0.2406767700620191,0.3796721288811475,0.8459113011114247,0,1.153253590238697,1,0.8114705698431114,1.7186605687423249,0.523315742874663,0,0,1.3093409798465847,2.346151056253851,1.1914379855160335,0.0,0.241988311858558,0.3497507137479757,2.4833959938131165,0.3380961637724818,0.651787937874638,1.5932911412551394,2.7355886789461965,-0.8755809692540959,0
787,-22.50638,-28.97466,-1.0866755151470848,0,1.1763694241120657,1,-0.1471497200137397,2.038524256015781,1,0.0,0.1148761222441764,-1.5756862740979405,1,1.038692652993666,-2.432005601372186,-0.9614863916702532,2,0.2462002046576992,1,-0.3998702236888624,-1.1867421919256336,-0.6780493930322936,0,0,1.036019304133083,-0.4262300150429028,1.1914379855160335,0.0,2.5899937140505074,-1.0644701017820986,0.9316033855643254,0.3380961637724818,-0.6544537372115486,-0.6154915796172451,-0.3687152874355457,-0.5952272282818631,0
788,30.706923,18.391329,1.979376322216091,1,0.7152564092415487,1,-0.8875151110697495,-1.86842575225436,1,0.0,0.1181993776403062,1.1697805251007627,1,-0.043850704976529,0.3796721288811475,0.8459113011114247,4,-0.6608531809232983,1,0.950431608076739,0.2107968712041578,0.1228606975723441,0,0,0.7626976284195812,-0.4262300150429028,-0.6589728319256667,0.0,0.241988311858558,1.5068404719089457,0.9316033855643254,0.3380961637724818,-0.6544537372115486,-0.6154915796172451,-0.3687152874355457,-0.5952272282818631,0
789,13.936581,-3.3945138,-0.9771736638126856,2,0.1351464873076723,1,0.0996387436715968,0.0850492518807105,4,0.0,0.1198610053383711,0.2546249253678617,0,-0.3390898026047641,0.3796721288811475,-0.0577875452794142,6,0.2462002046576992,2,-0.6040622080046363,-0.9000386833994092,0.1228606975723441,0,0,-0.6039107501479274,-0.4262300150429028,1.1914379855160335,0.0,-0.9320143892374164,-0.1645114009902331,0.9316033855643254,1.754054456494842,0.161947309717318,0.7649976209279952,-0.3687152874355457,0.8065414765793012,0
790,32.15102,3.5431166,0.7748559575377005,2,1.4218005449302442,0,-1.010909342912418,-0.8916882501868245,3,0.0,0.121522633036436,-0.6605306743650393,1,1.235518718079156,-1.0261667362455194,0.8459113011114247,1,-1.5679065665042955,1,0.8454671541204515,-1.68467872658662,2.5255909693862573,0,0,-0.3305890744344257,-0.4262300150429028,1.1914379855160335,0.0,0.241988311858558,1.6354060005934978,-1.3960855268088614,0.3380961637724818,2.1213098223465976,0.4888997808189471,0.2521455058408027,0.5261877356070683,1
791,-3.7094903,7.1771164,-0.42966440714069,2,-0.3681112654811178,1,-0.5173324155417446,0.0850492518807105,1,0.0,0.1231842607345009,1.1697805251007627,1,-1.569252709389077,-1.0261667362455194,0.8459113011114247,0,1.153253590238697,0,0.1309014483411096,0.969858464120892,0.523315742874663,0,0,-0.0572673987209239,-0.4262300150429028,0.2662325767951835,0.0,0.241988311858558,-0.2930769296747854,-0.6201892226844657,0.3380961637724818,-0.6544537372115486,-0.6154915796172451,-0.3687152874355457,-0.5952272282818631,0
792,4.484892,42.407047,-0.2106607044718917,2,0.99539496128654,2,-0.6407266473844129,0.0850492518807105,5,0.0,0.1248458884325658,1.1697805251007627,1,0.9894861367222936,0.3796721288811475,0.8459113011114247,7,-1.5679065665042955,2,0.6542363675604136,-0.5593674556211897,-1.0785044383346123,0,1,1.855984331273588,2.346151056253851,-1.584178240646517,0.0,-0.9320143892374164,-0.2930769296747854,-0.6201892226844657,0.3380961637724818,0.161947309717318,0.7649976209279952,0.5625759024789769,0.8065414765793012,1
793,6.819076,42.72804,-0.42966440714069,1,0.0607734203930728,1,2.4441291486822943,1.0617867539482455,3,0.0,0.1265075161306307,-1.5756862740979405,0,-0.5851223839616266,-1.0261667362455194,-0.0577875452794142,6,0.2462002046576992,2,-0.4238803113347338,-1.571824355338307,-0.6780493930322936,0,0,1.855984331273588,2.346151056253851,-0.6589728319256667,0.0,-0.9320143892374164,0.3497507137479757,0.9316033855643254,0.3380961637724818,0.9783483566461848,0.7649976209279952,0.2521455058408027,1.086895217551534,1
794,-26.600986,-16.84632,-0.9771736638126856,2,0.229352372066165,1,0.7166099028849382,-0.8916882501868245,1,0.0,0.1281691438286956,-1.5756862740979405,1,-0.7819484490471167,0.3796721288811475,-0.9614863916702532,2,0.2462002046576992,0,-0.9127936889732308,1.1480643704009177,-0.6780493930322936,0,0,0.2160542769925777,-0.4262300150429028,1.1914379855160335,0.0,0.241988311858558,-0.9359045730975464,1.707499689688721,-1.0778621289498782,-0.4911735278257753,-0.6154915796172451,-0.0582848907973714,-0.5952272282818631,0
795,-27.065914,-12.52851,-0.3201625558062908,1,-0.4573589457786372,1,-0.7641208792270812,-1.86842575225436,1,0.0,0.1298307715267605,-1.5756862740979405,1,-1.0279810304039791,0.3796721288811475,-0.0577875452794142,0,1.153253590238697,2,0.2662503494952699,1.1177075283216704,-1.0785044383346123,0,0,0.4893759527060795,-0.4262300150429028,0.2662325767951835,0.0,-0.9320143892374164,-0.5502079870438897,-1.3960855268088614,-1.0778621289498782,-0.1646131090542286,-0.6154915796172451,-0.6791456840737199,-0.0345197463373974,0
796,5.2235208,-28.57343,0.0083429981969065,2,-1.2234015349990124,2,0.0996387436715968,1.0617867539482455,1,0.0,0.1331540269228903,1.1697805251007627,0,1.0878991692650386,-1.0261667362455194,-0.0577875452794142,7,1.153253590238697,0,0.040598021354425,1.3927461391970728,-0.2775943477299747,0,1,-0.3305890744344257,-0.4262300150429028,0.2662325767951835,0.0,2.5899937140505074,-0.4216424583593375,1.707499689688721,0.3380961637724818,-0.9810141559830952,-1.1676872598353414,-0.6791456840737199,-1.1559347102263289,0
797,-43.374302,-12.541564,-1.3056792178158831,2,1.03258149474384,1,-0.6407266473844129,-1.86842575225436,5,0.0,0.1348156546209552,1.1697805251007627,1,-1.6676657419318217,0.3796721288811475,-0.9614863916702532,2,1.153253590238697,1,-0.5974753698009015,-1.364385934463451,-0.6780493930322936,0,1,-0.0572673987209239,-0.4262300150429028,-0.6589728319256667,0.0,0.241988311858558,-0.5502079870438897,0.1557070814399298,1.754054456494842,-0.0013328996684553,0.7649976209279952,0.8730062991171511,0.5261877356070683,1
798,-22.70905,29.632212,-1.196177366481484,2,1.3077618423278583,1,1.456975293940948,0.0850492518807105,3,0.0,0.1364772823190201,-1.5756862740979405,1,-1.4216331605749593,0.3796721288811475,-0.9614863916702532,2,0.2462002046576992,0,-0.8766723181785571,0.7111226017695297,-0.6780493930322936,0,0,1.3093409798465847,2.346151056253851,0.2662325767951835,0.0,0.241988311858558,-1.3216011591512031,-2.171981830933257,-1.0778621289498782,-0.9810141559830952,-0.8915894197262932,-0.6791456840737199,-1.1559347102263289,1
799,-26.349445,25.334375,-0.42966440714069,2,0.5318028441855365,1,1.950552221311621,0.0850492518807105,3,0.0,0.138138910017085,-1.5756862740979405,1,-0.5359158676902541,-1.0261667362455194,-0.9614863916702532,6,-0.6608531809232983,2,-0.890270951889493,-1.590937922573389,0.523315742874663,0,1,1.3093409798465847,2.346151056253851,-0.6589728319256667,0.0,-0.9320143892374164,-0.8073390444129942,-2.171981830933257,0.3380961637724818,-0.8177339465973219,-0.6154915796172451,-0.0582848907973714,-0.5952272282818631,1
800,44.125263,2.389909,0.5558522548689022,2,-0.8267451781211482,1,-0.8875151110697495,-0.8916882501868245,3,0.0,0.1398005377151499,1.1697805251007627,1,-1.5200461931177045,0.3796721288811475,1.7496101475022634,3,-1.5679065665042955,1,2.371701309521288,0.0120719883335298,-1.0785044383346123,0,0,0.4893759527060795,-0.4262300150429028,1.1914379855160335,0.0,0.241988311858558,1.5068404719089457,0.1557070814399298,0.3380961637724818,2.447870241118145,0.4888997808189471,3.3564494722225446,0.8065414765793012,0
801,-31.09479,-10.093864,-0.9771736638126856,1,0.5119700263416432,1,-1.010909342912418,0.0850492518807105,3,0.0,0.1431237931112797,-1.5756862740979405,1,-1.0279810304039791,-1.0261667362455194,-0.9614863916702532,2,-0.6608531809232983,0,-0.8301394934489478,-1.0053038441279103,-0.6780493930322936,0,0,-0.0572673987209239,-0.4262300150429028,-1.584178240646517,0.0,1.4159910129545328,-1.3216011591512031,-0.6201892226844657,0.3380961637724818,-0.9810141559830952,-1.1676872598353414,-0.6791456840737199,-1.1559347102263289,1
802,-44.42573,-6.2639203,1.4318670655440953,1,0.3880149148173107,2,-1.010909342912418,1.0617867539482455,4,0.0,0.1464470485074095,1.1697805251007627,1,0.743453555365431,0.3796721288811475,-0.0577875452794142,7,0.2462002046576992,2,-0.3771350079533911,0.4128947365280356,0.1228606975723441,0,1,-0.3305890744344257,-0.4262300150429028,1.1914379855160335,0.0,-0.9320143892374164,-0.8073390444129942,0.9316033855643254,0.3380961637724818,-1.1442943653688686,-1.1676872598353414,-0.6791456840737199,-1.1559347102263289,1
803,7.6419024,-15.668433,-0.42966440714069,1,0.4152850393526638,2,-0.270543951856408,0.0850492518807105,1,0.0,0.1481086762054744,1.1697805251007627,0,-1.7660787744745667,0.3796721288811475,-0.0577875452794142,7,-0.6608531809232983,1,-0.4676509135918091,-0.1281878653474367,-1.0785044383346123,0,0,0.4893759527060795,-0.4262300150429028,0.2662325767951835,0.0,0.241988311858558,-0.9359045730975464,0.1557070814399298,0.3380961637724818,-0.6544537372115486,-0.6154915796172451,-0.6791456840737199,-0.5952272282818631,0
804,-20.832685,-27.477657,-0.3201625558062908,0,-0.2615098695701918,1,-0.7641208792270812,1.0617867539482455,1,0.0,0.1497703039035393,0.2546249253678617,1,-1.2740136117608418,-1.0261667362455194,-0.9614863916702532,6,1.153253590238697,1,-0.748760169835065,1.1475022066587093,0.1228606975723441,0,0,0.4893759527060795,-0.4262300150429028,1.1914379855160335,0.0,2.5899937140505074,-0.678773515728442,-0.6201892226844657,0.3380961637724818,-1.1442943653688686,-1.1676872598353414,-0.6791456840737199,-1.1559347102263289,0
805,19.948128,29.493942,1.2128633628752972,0,1.139182890654766,1,-1.010909342912418,1.0617867539482455,3,0.0,0.1514319316016042,-1.5756862740979405,1,-1.5200461931177045,1.7855109940078144,1.7496101475022634,3,1.153253590238697,2,2.205967961169255,0.258721330227414,-0.2775943477299747,0,0,1.855984331273588,2.346151056253851,0.2662325767951835,0.0,-0.9320143892374164,2.0211025866471544,0.1557070814399298,-1.0778621289498782,-0.3278933184400019,-0.063295899399149,-0.0582848907973714,-0.8755809692540959,0
806,27.28355,-17.210325,0.8843578088720997,0,0.6136132177915959,2,-0.0237554881710714,1.0617867539482455,1,0.0,0.153093559299669,-0.6605306743650393,0,-0.043850704976529,-1.0261667362455194,-0.0577875452794142,7,0.2462002046576992,1,-0.1933409742040213,0.5139436691899745,-0.6780493930322936,0,0,-0.6039107501479274,-0.4262300150429028,1.1914379855160335,0.0,0.241988311858558,0.4783162424325279,-0.6201892226844657,0.3380961637724818,1.304908775417731,1.5932911412551394,0.5625759024789769,2.2083101814404653,0
807,31.00072,14.073207,1.6508707682128936,2,0.4747834928843435,1,-0.270543951856408,1.0617867539482455,1,0.0,0.154755186997734,-0.6605306743650393,1,1.038692652993666,0.3796721288811475,0.8459113011114247,0,-0.6608531809232983,2,0.8376054440063166,0.1417912718480911,1.7246808787816197,0,0,1.036019304133083,-0.4262300150429028,1.1914379855160335,0.0,-0.9320143892374164,0.8640128284861845,0.9316033855643254,0.3380961637724818,0.161947309717318,0.4888997808189471,0.5625759024789769,-1.1559347102263289,0
808,12.204897,-18.828362,0.1178448495313057,2,-0.0805354067446662,2,0.0996387436715968,1.0617867539482455,2,0.0,0.1564168146957988,0.2546249253678617,1,0.349801425194451,-1.0261667362455194,0.8459113011114247,7,0.2462002046576992,0,0.4753293428009114,-1.2289044725912548,-1.0785044383346123,0,1,-0.3305890744344257,-0.4262300150429028,-0.6589728319256667,0.0,1.4159910129545328,-0.2930769296747854,-0.6201892226844657,0.3380961637724818,0.161947309717318,0.7649976209279952,-0.0582848907973714,0.8065414765793012,0
809,-7.110064,39.51575,-0.8676718124782865,2,0.754922044929335,1,2.320734916839626,1.0617867539482455,1,0.0,0.1580784423938638,0.2546249253678617,0,1.333931750621901,0.3796721288811475,-0.9614863916702532,6,1.153253590238697,0,-0.8475627428910846,1.778531007287507,0.523315742874663,0,0,1.855984331273588,2.346151056253851,-1.584178240646517,0.0,0.241988311858558,-0.0359458723056809,-1.3960855268088614,0.3380961637724818,-0.0013328996684553,0.212801940709899,-0.3687152874355457,0.8065414765793012,0
810,27.477098,-0.87522906,-0.9771736638126856,2,0.3657029947429309,1,-0.7641208792270812,0.0850492518807105,3,0.0,0.1597400700919287,1.1697805251007627,0,1.333931750621901,0.3796721288811475,0.8459113011114247,4,-0.6608531809232983,0,0.2447900056701989,-0.8817683617776401,-1.0785044383346123,0,0,0.4893759527060795,-0.4262300150429028,-0.6589728319256667,0.0,2.5899937140505074,-0.1645114009902331,0.1557070814399298,-1.0778621289498782,0.3252275191030913,0.7649976209279952,-0.3687152874355457,0.8065414765793012,0
811,36.287968,8.921303,0.9938596602064989,2,-0.9829286186418073,2,-0.7641208792270812,-1.86842575225436,2,0.0,0.1647249531861233,-1.5756862740979405,1,-0.6835354165043717,0.3796721288811475,1.7496101475022634,3,0.2462002046576992,1,2.3292055791746127,0.1802994881893585,0.1228606975723441,0,0,-0.8772324258614291,-0.4262300150429028,1.1914379855160335,0.0,0.241988311858558,1.5068404719089457,0.1557070814399298,0.3380961637724818,0.8150681472604113,1.3171933011460917,0.5625759024789769,1.3672489585237668,0
812,-2.4110048,-15.089401,0.1178448495313057,2,-1.6671608342561228,2,-0.8875151110697495,-0.8916882501868245,2,0.0,0.1663865808841882,1.1697805251007627,1,-1.6676657419318217,0.3796721288811475,0.8459113011114247,7,-0.6608531809232983,2,0.1801964955432528,0.8862366074674098,1.7246808787816197,0,0,0.2160542769925777,-0.4262300150429028,0.2662325767951835,0.0,-0.9320143892374164,-0.1645114009902331,-0.6201892226844657,0.3380961637724818,-0.9810141559830952,-1.1676872598353414,-0.6791456840737199,-1.1559347102263289,0
813,8.493864,13.092409,0.6653541062033014,1,0.6929444891671688,1,2.197340684996958,0.0850492518807105,1,0.0,0.1680482085822532,0.2546249253678617,0,0.841866587908176,0.3796721288811475,0.8459113011114247,4,-1.5679065665042955,1,0.9172849384063324,-0.3904372510876007,2.1251359240839385,0,0,-1.1505541015749308,-0.4262300150429028,0.2662325767951835,0.0,0.241988311858558,0.8640128284861845,-1.3960855268088614,0.3380961637724818,0.161947309717318,0.7649976209279952,-0.6791456840737199,-0.8755809692540959,0
814,48.988934,2.2727427,0.2273467008657048,1,-1.4861863714305974,1,-0.8875151110697495,0.0850492518807105,1,0.0,0.169709836280318,-1.5756862740979405,1,0.8910731041795485,0.3796721288811475,1.7496101475022634,0,1.153253590238697,0,1.203918639594656,-0.1076688887568344,1.7246808787816197,0,0,-1.1505541015749308,-0.4262300150429028,1.1914379855160335,0.0,2.5899937140505074,1.2497094145398413,0.9316033855643254,0.3380961637724818,1.794749403575051,0.7649976209279952,2.7355886789461965,0.2458339946348354,1
815,40.956795,5.187383,0.3368485522001039,2,1.2532215932571518,1,0.59321567104227,0.0850492518807105,3,0.0,0.171371463978383,0.2546249253678617,1,-1.0771875466753518,-1.0261667362455194,2.6533089938931025,5,0.2462002046576992,2,2.788371945570437,0.4540732306447923,-0.6780493930322936,0,0,-0.3305890744344257,-0.4262300150429028,-1.584178240646517,0.0,-0.9320143892374164,1.2497094145398413,-0.6201892226844657,1.754054456494842,2.1213098223465976,0.7649976209279952,0.5625759024789769,1.3672489585237668,0
816,-29.046057,0.6644658,-1.7436866231534796,2,0.449992470579477,1,-1.010909342912418,-1.86842575225436,5,0.0,0.1763563470725776,1.1697805251007627,0,0.2021818763803334,-1.0261667362455194,-0.9614863916702532,6,-0.6608531809232983,2,-0.9419032642607033,1.5477627911110068,-0.6780493930322936,0,1,-1.1505541015749308,-0.4262300150429028,0.2662325767951835,0.0,-0.9320143892374164,-1.193035630466651,2.4833959938131165,1.754054456494842,-0.8177339465973219,-0.6154915796172451,-0.0582848907973714,-0.5952272282818631,0
817,-16.170284,8.076091,0.2273467008657048,0,-0.9011182450357478,1,-0.0237554881710714,0.0850492518807105,1,0.0,0.1780179747706425,0.2546249253678617,1,0.2021818763803334,0.3796721288811475,-0.0577875452794142,2,-0.6608531809232983,2,0.0592961427069621,-0.7790329378890763,2.5255909693862573,0,0,-0.0572673987209239,-0.4262300150429028,0.2662325767951835,0.0,-0.9320143892374164,-0.2930769296747854,-0.6201892226844657,-1.0778621289498782,-0.3278933184400019,-0.063295899399149,-0.6791456840737199,-0.3148734873096303,0
818,5.518656,29.79653,-0.1011588531374925,0,-1.4514789402037842,1,1.0867925984129432,1.0617867539482455,1,0.0,0.1796796024687074,-1.5756862740979405,1,0.5958340065513135,0.3796721288811475,-0.0577875452794142,4,1.153253590238697,2,0.2711373584851375,1.254313317678283,-0.2775943477299747,0,0,1.3093409798465847,2.346151056253851,-1.584178240646517,0.0,-0.9320143892374164,0.8640128284861845,-2.171981830933257,0.3380961637724818,0.651787937874638,1.3171933011460917,-0.6791456840737199,1.3672489585237668,0
819,4.294128,-19.501503,-0.6486681098094882,1,-0.0235160554434733,2,1.3335810620982798,0.0850492518807105,1,0.0,0.1830028578648372,0.2546249253678617,1,0.0545623275662159,1.7855109940078144,-0.9614863916702532,8,1.153253590238697,1,-0.7887061563609395,1.0776533616893302,-1.0785044383346123,0,0,-0.8772324258614291,-0.4262300150429028,-1.584178240646517,0.0,0.241988311858558,-1.0644701017820986,0.9316033855643254,0.3380961637724818,-0.8177339465973219,-0.6154915796172451,-0.0582848907973714,-0.5952272282818631,0
820,-28.689802,-13.905753,-0.9771736638126856,2,1.607733212216743,1,-0.8875151110697495,-1.86842575225436,1,0.0,0.1846644855629021,-1.5756862740979405,1,0.0545623275662159,-1.0261667362455194,-0.9614863916702532,6,-0.6608531809232983,1,-0.7015899091502557,0.7867336250965438,-1.0785044383346123,0,0,0.4893759527060795,-0.4262300150429028,-1.584178240646517,0.0,-0.9320143892374164,-0.678773515728442,-0.6201892226844657,-2.4938204216722384,-0.3278933184400019,-0.339393739508197,-0.6791456840737199,-0.0345197463373974,0
821,3.331494,-25.37841,-0.2106607044718917,1,0.9408547122158338,2,0.2230329755142651,-0.8916882501868245,2,0.0,0.186326113260967,1.1697805251007627,1,-0.5851223839616266,0.3796721288811475,-0.0577875452794142,7,1.153253590238697,0,-0.3261401315373811,0.588430365032572,-0.6780493930322936,0,0,-1.1505541015749308,-0.4262300150429028,1.1914379855160335,0.0,0.241988311858558,-0.8073390444129942,0.1557070814399298,0.3380961637724818,-0.3278933184400019,-0.6154915796172451,-0.6791456840737199,-0.5952272282818631,0
822,32.60926,9.463573,1.3223652142096962,2,-1.5580803361147102,2,-0.1471497200137397,1.0617867539482455,5,0.0,0.1879877409590319,1.1697805251007627,1,-0.4867093514188816,-1.0261667362455194,1.7496101475022634,7,-0.6608531809232983,1,1.405985837393096,-0.3420911692576884,1.324225833479301,0,0,0.4893759527060795,-0.4262300150429028,-0.6589728319256667,0.0,0.241988311858558,1.3782749432243937,0.1557070814399298,0.3380961637724818,0.3252275191030913,1.041095461037043,-0.0582848907973714,-0.3148734873096303,0
823,-12.4975605,-5.7997956,-0.3201625558062908,1,0.4970954129587233,1,-0.8875151110697495,-0.8916882501868245,1,0.0,0.1913109963551617,1.1697805251007627,1,1.432344783164646,0.3796721288811475,-0.0577875452794142,4,0.2462002046576992,2,-0.5248076709080872,0.2137482308507513,-0.2775943477299747,0,0,-1.1505541015749308,-0.4262300150429028,1.1914379855160335,0.0,-0.9320143892374164,-0.8073390444129942,0.1557070814399298,-1.0778621289498782,-0.6544537372115486,-0.6154915796172451,-0.6791456840737199,-0.5952272282818631,0
824,-5.612657,-16.48363,-0.8676718124782865,1,-0.7746840312809286,1,0.0996387436715968,0.0850492518807105,1,0.0,0.1962958794493564,1.1697805251007627,0,-0.2406767700620191,0.3796721288811475,-0.9614863916702532,6,-0.6608531809232983,0,-0.6824668304942518,0.5097274411234124,-1.0785044383346123,0,0,-0.3305890744344257,-0.4262300150429028,1.1914379855160335,0.0,1.4159910129545328,-0.4216424583593375,-0.6201892226844657,-1.0778621289498782,-0.0013328996684553,0.212801940709899,-0.3687152874355457,-0.8755809692540959,0
825,-11.402594,-18.7108,0.5558522548689022,2,-1.523372904887897,1,2.4441291486822943,0.0850492518807105,3,0.0,0.2046040179396809,-0.6605306743650393,1,-0.4867093514188816,-2.432005601372186,-0.0577875452794142,2,1.153253590238697,2,-0.4740252731438104,-0.6682866806740446,0.523315742874663,0,0,1.036019304133083,-0.4262300150429028,-1.584178240646517,0.0,-0.9320143892374164,0.6068817711170802,0.1557070814399298,0.3380961637724818,-0.9810141559830952,-1.1676872598353414,-0.6791456840737199,-1.1559347102263289,0
826,-13.023833,-22.00628,-0.8676718124782865,2,-0.2094487227299721,1,-0.1471497200137397,-1.86842575225436,3,0.0,0.2079272733358107,-0.6605306743650393,1,0.645040522822686,-1.0261667362455194,-0.0577875452794142,4,1.153253590238697,1,-0.307442010184844,0.4744516662998426,-0.6780493930322936,0,1,-0.0572673987209239,-0.4262300150429028,0.2662325767951835,0.0,0.241988311858558,-0.1645114009902331,-0.6201892226844657,-1.0778621289498782,0.4885077284888646,0.7649976209279952,-0.3687152874355457,-0.5952272282818631,0
827,-16.52843,3.9126186,0.1178448495313057,2,-0.9159928584186676,0,-1.010909342912418,0.0850492518807105,0,0.0,0.2112505287319405,0.2546249253678617,1,-1.4216331605749593,1.7855109940078144,-0.9614863916702532,1,0.2462002046576992,1,-0.7774447878190707,-1.167769165626104,-0.6780493930322936,0,0,-0.6039107501479274,-0.4262300150429028,1.1914379855160335,0.0,0.241988311858558,-0.5502079870438897,-0.6201892226844657,1.754054456494842,-0.0013328996684553,0.4888997808189471,0.8730062991171511,-1.1559347102263289,0
828,-17.552065,-25.184721,-0.9771736638126856,1,-0.0730981000532063,1,-0.3939381836990763,0.0850492518807105,1,0.0,0.2145737841280703,0.2546249253678617,1,-1.3232201280322142,-1.0261667362455194,-0.9614863916702532,6,0.2462002046576992,0,-0.8074042777134766,1.0926912417934018,-0.6780493930322936,0,1,-0.3305890744344257,-0.4262300150429028,1.1914379855160335,0.0,0.241988311858558,-1.0644701017820986,-0.6201892226844657,0.3380961637724818,-0.6544537372115486,-0.8915894197262932,-0.6791456840737199,-0.5952272282818631,0
829,-28.919054,-2.662359,-2.072192177156677,0,-1.3771058732891848,1,-0.1471497200137397,-1.86842575225436,3,0.0,0.2178970395242001,0.2546249253678617,1,0.6942470390940585,0.3796721288811475,-0.9614863916702532,2,0.2462002046576992,2,-0.9771747204484436,-0.1064040203368657,-0.6780493930322936,0,0,-0.8772324258614291,-0.4262300150429028,1.1914379855160335,0.0,-0.9320143892374164,-1.4501666878357553,-2.171981830933257,0.3380961637724818,-1.1442943653688686,-1.1676872598353414,-0.6791456840737199,-1.1559347102263289,1
830,-47.469463,7.4234524,-0.42966440714069,2,-0.494545479235937,2,-0.0237554881710714,1.0617867539482455,2,0.0,0.219558667222265,-1.5756862740979405,0,0.5466274902799411,0.3796721288811475,-0.0577875452794142,7,-1.5679065665042955,2,0.3656903585064896,0.5722681574440839,-1.0785044383346123,0,1,0.4893759527060795,-0.4262300150429028,-1.584178240646517,0.0,-0.9320143892374164,-0.678773515728442,0.1557070814399298,0.3380961637724818,-0.3278933184400019,-0.6154915796172451,-0.6791456840737199,-0.3148734873096303,1
831,-14.83324,-26.334517,0.4463504035345031,2,-1.575434051728117,1,0.3464272073569334,1.0617867539482455,1,0.0,0.2212202949203299,-0.6605306743650393,1,-0.9787745141326066,0.3796721288811475,-0.9614863916702532,2,1.153253590238697,1,-0.3690608191875229,-0.7395409349989445,0.1228606975723441,0,1,-1.1505541015749308,-0.4262300150429028,-1.584178240646517,0.0,0.241988311858558,-0.678773515728442,0.9316033855643254,0.3380961637724818,-0.9810141559830952,-1.1676872598353414,-0.6791456840737199,-1.1559347102263289,0
832,-35.52782,-6.499557,-0.6486681098094882,1,0.1772912252259454,1,0.7166099028849382,0.0850492518807105,3,0.0,0.2245435503164597,0.2546249253678617,1,0.3005949089230785,0.3796721288811475,-0.9614863916702532,2,0.2462002046576992,1,-0.8271647923246805,-1.1355852913846798,-0.6780493930322936,0,0,-0.8772324258614291,-0.4262300150429028,0.2662325767951835,0.0,0.241988311858558,-1.193035630466651,1.707499689688721,-1.0778621289498782,-0.8177339465973219,-0.6154915796172451,-0.0582848907973714,-0.5952272282818631,1
833,-3.6202533,10.807802,0.0083429981969065,2,-1.0796136056307866,1,1.950552221311621,-0.8916882501868245,3,0.0,0.2262051780145246,0.2546249253678617,0,-0.6835354165043717,-1.0261667362455194,-0.0577875452794142,0,1.153253590238697,0,-0.1640189202648155,0.4016514616838699,1.7246808787816197,0,0,-0.6039107501479274,-0.4262300150429028,0.2662325767951835,0.0,1.4159910129545328,-0.2930769296747854,-0.6201892226844657,0.3380961637724818,-0.1646131090542286,-0.6154915796172451,-0.3687152874355457,-0.3148734873096303,0
834,-19.551489,-5.8322496,-1.0866755151470848,2,-1.496102780352544,1,-0.3939381836990763,0.0850492518807105,1,0.0,0.2278668057125895,1.1697805251007627,1,-0.5359158676902541,-1.0261667362455194,-0.9614863916702532,6,0.2462002046576992,1,-0.8422507765977502,-0.8942765050417744,-0.6780493930322936,0,0,-0.6039107501479274,-0.4262300150429028,0.2662325767951835,0.0,0.241988311858558,-0.9359045730975464,-2.171981830933257,0.3380961637724818,-0.4911735278257753,-0.6154915796172451,-0.0582848907973714,-0.5952272282818631,0
835,-2.825322,42.30921,-0.3201625558062908,2,1.4812989984619238,2,-0.0237554881710714,-1.86842575225436,1,0.0,0.2295284334106544,-0.6605306743650393,0,0.2021818763803334,0.3796721288811475,-0.0577875452794142,7,0.2462002046576992,1,-0.1676310573442829,-1.1923638293477163,-0.6780493930322936,0,0,1.3093409798465847,2.346151056253851,-1.584178240646517,0.0,-0.9320143892374164,-0.678773515728442,0.1557070814399298,-1.0778621289498782,-0.1646131090542286,0.212801940709899,-0.3687152874355457,-0.3148734873096303,0
836,-23.51953,-7.0261593,-0.2106607044718917,2,-0.6804781465224358,0,-0.1471497200137397,1.0617867539482455,5,0.0,0.2311900611087193,0.2546249253678617,1,1.6783773645215088,0.3796721288811475,-0.9614863916702532,1,0.2462002046576992,2,-0.4631888619054082,-1.012611972776618,-0.6780493930322936,0,0,0.4893759527060795,-0.4262300150429028,-0.6589728319256667,0.0,-0.9320143892374164,-0.678773515728442,-0.6201892226844657,-2.4938204216722384,-0.3278933184400019,-0.063295899399149,-0.3687152874355457,-0.0345197463373974,0
837,16.993992,-28.669088,-0.8676718124782865,2,-0.977970414180834,2,1.7037637576262843,-1.86842575225436,1,0.0,0.2328516888067842,1.1697805251007627,0,-1.0279810304039791,-1.0261667362455194,0.8459113011114247,7,-1.5679065665042955,1,0.1770093157672521,-0.4428590200485231,-0.6780493930322936,0,0,-0.6039107501479274,-0.4262300150429028,-1.584178240646517,0.0,0.241988311858558,-0.0359458723056809,0.1557070814399298,-2.4938204216722384,0.651787937874638,1.041095461037043,0.2521455058408027,1.6476026994959998,1
838,35.878582,1.4236339,0.3368485522001039,1,-0.5193365015408035,1,-0.0237554881710714,1.0617867539482455,3,0.0,0.2345133165048491,-0.6605306743650393,0,1.0878991692650386,0.3796721288811475,0.8459113011114247,5,0.2462002046576992,2,1.4865152464000455,-0.0746417689020977,2.5255909693862573,0,0,0.4893759527060795,-0.4262300150429028,0.2662325767951835,0.0,-0.9320143892374164,1.121143885855289,0.1557070814399298,-1.0778621289498782,1.794749403575051,0.7649976209279952,-0.0582848907973714,2.488663922412698,0
839,46.437626,-0.6757384,0.5558522548689022,1,-0.7969959513553084,2,0.3464272073569334,0.0850492518807105,1,0.0,0.236174944202914,0.2546249253678617,1,-1.0771875466753518,0.3796721288811475,1.7496101475022634,7,-1.5679065665042955,2,1.5415472171989897,-1.6676732733848196,-1.0785044383346123,0,1,-0.8772324258614291,-0.4262300150429028,-0.6589728319256667,0.0,-0.9320143892374164,1.3782749432243937,-0.6201892226844657,-1.0778621289498782,2.284590031732371,1.3171933011460917,3.3564494722225446,2.7690176633849317,1
840,-2.1544204,-33.413483,0.5558522548689022,2,-0.3854649810945244,2,-0.6407266473844129,1.0617867539482455,2,0.0,0.2428214549951736,-0.6605306743650393,1,-1.0279810304039791,0.3796721288811475,-0.0577875452794142,7,-1.5679065665042955,2,-0.2864066236632398,-1.6949382148819214,1.7246808787816197,0,0,-0.6039107501479274,-0.4262300150429028,1.1914379855160335,0.0,-0.9320143892374164,-0.2930769296747854,0.1557070814399298,1.754054456494842,-0.1646131090542286,-0.063295899399149,-0.3687152874355457,0.2458339946348354,0
841,-6.785771,3.4388356,-0.2106607044718917,2,0.4450342661185036,1,-1.010909342912418,1.0617867539482455,3,0.0,0.2444830826932385,1.1697805251007627,1,-0.3882963188761366,-1.0261667362455194,-0.9614863916702532,2,0.2462002046576992,1,-0.9019572777348288,0.2848619442400992,1.324225833479301,0,0,-0.8772324258614291,-0.4262300150429028,-0.6589728319256667,0.0,0.241988311858558,-0.1645114009902331,-0.6201892226844657,0.3380961637724818,0.161947309717318,-1.1676872598353414,-0.3687152874355457,0.8065414765793012,0
842,-9.172391,29.111134,-1.4151810691502822,2,-0.806912360277255,1,1.827157989468953,0.0850492518807105,3,0.0,0.2461447103913034,1.1697805251007627,1,-0.8311549653184892,0.3796721288811475,-0.9614863916702532,2,-0.6608531809232983,2,-0.6174483630638389,-1.1108500867275153,2.1251359240839385,0,0,1.855984331273588,2.346151056253851,1.1914379855160335,0.0,-0.9320143892374164,-0.678773515728442,-0.6201892226844657,0.3380961637724818,-0.4911735278257753,-0.339393739508197,-0.3687152874355457,-0.5952272282818631,0
843,-39.859615,-1.1760929,-0.9771736638126856,2,1.6920226880532891,1,0.3464272073569334,-1.86842575225436,1,0.0,0.2494679657874332,0.2546249253678617,0,0.645040522822686,0.3796721288811475,-0.9614863916702532,2,1.153253590238697,1,-0.8473502642393512,1.2145402329170472,-0.6780493930322936,0,1,-1.1505541015749308,-0.4262300150429028,1.1914379855160335,0.0,-0.9320143892374164,-1.3216011591512031,0.9316033855643254,-1.0778621289498782,-0.9810141559830952,-0.8915894197262932,-0.6791456840737199,-1.1559347102263289,1
844,-12.101322,38.278893,-1.196177366481484,2,1.4416333627741371,1,-0.7641208792270812,1.0617867539482455,3,0.0,0.252791221183563,-1.5756862740979405,1,0.7926600716368035,1.7855109940078144,-0.9614863916702532,2,1.153253590238697,1,-0.4425784326872709,-0.1253770466363953,-0.6780493930322936,0,0,1.855984331273588,2.346151056253851,-0.6589728319256667,0.0,0.241988311858558,-0.4216424583593375,-0.6201892226844657,0.3380961637724818,0.161947309717318,0.7649976209279952,-0.6791456840737199,0.8065414765793012,0
845,10.05143,-18.33709,-0.7581699611438873,2,0.122750976155239,2,0.0996387436715968,0.0850492518807105,2,0.0,0.2561144765796928,0.2546249253678617,1,0.3005949089230785,-1.0261667362455194,-0.0577875452794142,7,0.2462002046576992,1,0.0159504977533535,-1.6312731710768331,-0.6780493930322936,0,0,0.7626976284195812,-0.4262300150429028,-1.584178240646517,0.0,0.241988311858558,-0.1645114009902331,0.1557070814399298,0.3380961637724818,0.4885077284888646,-0.339393739508197,-0.3687152874355457,-0.0345197463373974,0
846,-5.709093,-22.649693,0.3368485522001039,1,0.2467060876795716,1,2.073946453154289,-0.8916882501868245,3,0.0,0.2577761042777577,0.2546249253678617,0,1.2847252343505289,-1.0261667362455194,-0.0577875452794142,6,1.153253590238697,1,-0.4421534753838041,0.9683125138298192,0.1228606975723441,0,1,-0.6039107501479274,-0.4262300150429028,1.1914379855160335,0.0,0.241988311858558,0.6068817711170802,0.1557070814399298,-2.4938204216722384,-0.9810141559830952,-0.8915894197262932,-0.6791456840737199,-1.1559347102263289,0
847,21.028349,-9.089505,-0.2106607044718917,2,0.0409406025491796,1,-0.8875151110697495,0.0850492518807105,1,0.0,0.2610993596738875,0.2546249253678617,1,-1.0771875466753518,-1.0261667362455194,0.8459113011114247,4,-0.6608531809232983,0,0.8012715945599094,0.7413389029132249,-0.2775943477299747,0,0,0.7626976284195812,-0.4262300150429028,-0.6589728319256667,0.0,0.241988311858558,0.4783162424325279,-0.6201892226844657,1.754054456494842,-0.0013328996684553,0.7649976209279952,1.1834366957553253,-0.0345197463373974,0
848,2.4665484,27.99676,-0.3201625558062908,1,-0.330924732023818,1,-1.010909342912418,0.0850492518807105,3,0.0,0.2644226150700173,1.1697805251007627,1,1.5307578157073911,-1.0261667362455194,-0.0577875452794142,0,-1.5679065665042955,2,-0.2464606371373652,1.608054852462845,-1.0785044383346123,0,0,1.3093409798465847,2.346151056253851,0.2662325767951835,0.0,-0.9320143892374164,0.3497507137479757,0.1557070814399298,0.3380961637724818,0.9783483566461848,1.3171933011460917,0.5625759024789769,1.3672489585237668,0
849,0.03279348,11.607483,-0.2106607044718917,1,-0.4127351056298775,1,-0.6407266473844129,1.0617867539482455,4,0.0,0.2660842427680822,1.1697805251007627,1,-0.929567997861234,-1.0261667362455194,-0.9614863916702532,2,1.153253590238697,1,-0.8768847968302904,1.7179578640645643,-0.6780493930322936,0,0,-0.6039107501479274,-0.4262300150429028,-0.6589728319256667,0.0,0.241988311858558,-1.193035630466651,-0.6201892226844657,1.754054456494842,-0.8177339465973219,-0.6154915796172451,-0.0582848907973714,-0.5952272282818631,0
850,-49.552124,3.510311,0.6653541062033014,2,1.4118841360082974,2,-0.0237554881710714,0.0850492518807105,2,0.0,0.2710691258622769,-1.5756862740979405,0,0.9402796204509212,-2.432005601372186,-0.0577875452794142,7,0.2462002046576992,2,-0.2458232011821651,-0.6779840052271374,2.1251359240839385,0,0,-0.6039107501479274,-0.4262300150429028,-0.6589728319256667,0.0,-0.9320143892374164,-0.5502079870438897,-0.6201892226844657,-1.0778621289498782,-0.4911735278257753,-0.339393739508197,-0.3687152874355457,-0.3148734873096303,1
851,4.4227448,-11.906421,-0.5391662584750891,0,0.1475419984601055,2,-0.8875151110697495,-1.86842575225436,1,0.0,0.2743923812584067,0.2546249253678617,0,0.4974209740085685,0.3796721288811475,-0.9614863916702532,8,-1.5679065665042955,0,-0.7810569248985381,0.0890884210160646,-0.6780493930322936,0,0,-0.8772324258614291,-0.4262300150429028,0.2662325767951835,0.0,2.5899937140505074,-1.3216011591512031,0.1557070814399298,0.3380961637724818,-0.9810141559830952,-1.1676872598353414,-0.6791456840737199,-1.1559347102263289,0
852,32.70736,23.891151,2.08887817355049,2,-0.2094487227299721,1,-0.6407266473844129,1.0617867539482455,5,0.0,0.2760540089564716,1.1697805251007627,0,1.2847252343505289,0.3796721288811475,2.6533089938931025,3,-1.5679065665042955,0,2.855727678169917,0.5989709351989773,0.523315742874663,0,0,-0.6039107501479274,-0.4262300150429028,1.1914379855160335,0.0,0.241988311858558,2.1496681153317065,-0.6201892226844657,0.3380961637724818,-0.3278933184400019,-0.6154915796172451,0.5625759024789769,-0.5952272282818631,0
853,7.4337916,3.7724926,-0.8676718124782865,2,1.4837781006924105,1,-0.3939381836990763,-1.86842575225436,3,0.0,0.2777156366545365,-0.6605306743650393,0,-0.5851223839616266,0.3796721288811475,-0.9614863916702532,2,1.153253590238697,1,-0.7164634147715919,1.6905523816319108,-0.6780493930322936,0,0,-0.6039107501479274,-0.4262300150429028,-1.584178240646517,0.0,0.241988311858558,-0.1645114009902331,1.707499689688721,0.3380961637724818,0.4885077284888646,1.041095461037043,-0.6791456840737199,1.086895217551534,0
854,-12.86937,27.434034,-1.9626903258222776,2,-0.3904231855554976,1,-0.0237554881710714,-0.8916882501868245,1,0.0,0.2793772643526014,0.2546249253678617,1,-0.5851223839616266,0.3796721288811475,-0.9614863916702532,6,-1.5679065665042955,2,-0.8394885541252163,-1.0036173529012853,-0.6780493930322936,0,0,2.675949358414093,2.346151056253851,0.2662325767951835,0.0,-0.9320143892374164,-1.3216011591512031,0.9316033855643254,0.3380961637724818,-0.9810141559830952,-0.8915894197262932,-0.6791456840737199,-1.1559347102263289,0
855,2.261926,5.589107,0.8843578088720997,2,1.6226078255996628,1,-0.270543951856408,0.0850492518807105,3,0.0,0.2827005197487311,-1.5756862740979405,0,0.841866587908176,0.3796721288811475,-0.9614863916702532,6,0.2462002046576992,1,-0.4304671495384684,0.8132958619158851,0.523315742874663,0,1,1.036019304133083,-0.4262300150429028,0.2662325767951835,0.0,0.241988311858558,-0.5502079870438897,-0.6201892226844657,-1.0778621289498782,-0.6544537372115486,-0.6154915796172451,-0.6791456840737199,-0.5952272282818631,0
856,23.117027,-3.4264154,0.0083429981969065,2,0.4326387549660704,1,-1.010909342912418,0.0850492518807105,1,0.0,0.2843621474467961,1.1697805251007627,0,-0.4867093514188816,-1.0261667362455194,-0.0577875452794142,4,1.153253590238697,1,-0.0061472820269175,-0.6116486836465601,-0.6780493930322936,0,0,-0.6039107501479274,-0.4262300150429028,-0.6589728319256667,0.0,0.241988311858558,0.3497507137479757,-0.6201892226844657,-1.0778621289498782,1.141628566031958,1.041095461037043,0.2521455058408027,1.9279564404682328,0
857,-27.397223,-11.220308,-1.8531884744878788,2,0.0062331713223664,1,-0.7641208792270812,0.0850492518807105,1,0.0,0.2876854028429259,-1.5756862740979405,1,1.038692652993666,-1.0261667362455194,-0.9614863916702532,2,0.2462002046576992,2,-0.7372863226414627,-0.2087178214187732,-0.6780493930322936,0,0,-0.8772324258614291,-0.4262300150429028,-1.584178240646517,0.0,-0.9320143892374164,-1.193035630466651,-0.6201892226844657,-1.0778621289498782,-0.8177339465973219,-0.6154915796172451,-0.3687152874355457,-0.5952272282818631,0
858,-43.776775,-6.4129105,0.7748559575377005,2,0.7301310226244685,1,0.0996387436715968,1.0617867539482455,1,0.0,0.2910086582390557,0.2546249253678617,1,1.4815512994360187,0.3796721288811475,-0.9614863916702532,6,0.2462002046576992,2,-0.7578967518596001,-0.4900807743940188,-0.6780493930322936,0,1,-1.1505541015749308,-0.4262300150429028,0.2662325767951835,0.0,-0.9320143892374164,-0.678773515728442,0.9316033855643254,0.3380961637724818,-0.1646131090542286,-0.063295899399149,-0.6791456840737199,-0.5952272282818631,1
859,34.988525,18.890379,1.7603726195472926,2,1.0424979036657869,1,-0.270543951856408,-0.8916882501868245,3,0.0,0.2926702859371206,1.1697805251007627,0,-0.7819484490471167,0.3796721288811475,2.6533089938931025,3,0.2462002046576992,0,2.571643720802394,0.6081060960098619,0.1228606975723441,0,0,0.7626976284195812,-0.4262300150429028,-0.6589728319256667,0.0,0.241988311858558,1.8925370579626024,2.4833959938131165,0.3380961637724818,-0.0013328996684553,0.7649976209279952,0.5625759024789769,0.8065414765793012,0
860,-11.918702,-21.421171,-0.8676718124782865,2,0.3458701768990376,1,0.7166099028849382,-1.86842575225436,1,0.0,0.2943319136351854,-0.6605306743650393,0,0.1529753601089609,-2.432005601372186,-0.9614863916702532,6,1.153253590238697,1,-0.9210803563908324,1.7736120745431845,-1.0785044383346123,0,1,0.7626976284195812,-0.4262300150429028,-1.584178240646517,0.0,0.241988311858558,-0.678773515728442,-0.6201892226844657,-1.0778621289498782,-0.3278933184400019,-0.063295899399149,-0.3687152874355457,-0.3148734873096303,0
861,-39.328583,-3.4322333,-1.6341847718190805,1,1.124308277271846,1,-0.7641208792270812,1.0617867539482455,1,0.0,0.2959935413332504,0.2546249253678617,1,-0.8803614815898617,-1.0261667362455194,-0.9614863916702532,6,1.153253590238697,1,-0.7755324799534703,-1.418072571844342,-1.0785044383346123,0,1,-1.1505541015749308,-0.4262300150429028,-0.6589728319256667,0.0,0.241988311858558,-1.3216011591512031,1.707499689688721,0.3380961637724818,-1.1442943653688686,-1.1676872598353414,-0.6791456840737199,-1.1559347102263289,1
862,46.21889,-3.1439557,0.9938596602064989,2,1.486257202922897,2,-0.8875151110697495,0.0850492518807105,2,0.0,0.2976551690313153,0.2546249253678617,0,0.1529753601089609,0.3796721288811475,1.7496101475022634,3,-1.5679065665042955,1,2.2406019814017952,1.375037981317512,2.1251359240839385,0,0,2.1293060069870897,2.346151056253851,-1.584178240646517,0.0,-0.9320143892374164,2.1496681153317065,-0.6201892226844657,0.3380961637724818,3.1009910786612376,2.97378034180038,3.977310265498893,1.3672489585237668,0
863,-11.01302,-7.394113,0.7748559575377005,0,-1.7142637766353692,1,0.9633983665702748,0.0850492518807105,1,0.0,0.3009784244274451,1.1697805251007627,1,0.3990079414658235,-2.432005601372186,-0.9614863916702532,6,0.2462002046576992,2,-0.8951579608793607,-1.410202279453426,-0.2775943477299747,0,0,-0.6039107501479274,-0.4262300150429028,1.1914379855160335,0.0,-0.9320143892374164,-0.678773515728442,0.1557070814399298,0.3380961637724818,-1.1442943653688686,-1.1676872598353414,-0.6791456840737199,-1.1559347102263289,0
864,-15.979672,2.434831,-0.42966440714069,2,-1.6250160963378495,0,-0.8875151110697495,0.0850492518807105,0,0.0,0.30264005212551,-0.6605306743650393,1,1.629170848250136,0.3796721288811475,-0.9614863916702532,1,0.2462002046576992,1,-0.6168109271086387,-0.8269573969123324,-0.6780493930322936,0,0,-0.6039107501479274,-0.4262300150429028,1.1914379855160335,0.0,0.241988311858558,-0.8073390444129942,-0.6201892226844657,0.3380961637724818,-0.3278933184400019,-0.063295899399149,-0.3687152874355457,-0.0345197463373974,0
865,-31.22657,7.6220756,0.4463504035345031,0,0.2566224966015182,1,-0.5173324155417446,-0.8916882501868245,1,0.0,0.3076249352197047,-1.5756862740979405,1,1.432344783164646,-1.0261667362455194,-0.9614863916702532,6,-1.5679065665042955,0,-0.9340415541465684,0.8404202624774348,1.324225833479301,0,0,0.4893759527060795,-0.4262300150429028,-1.584178240646517,0.0,0.241988311858558,-0.8073390444129942,-0.6201892226844657,-2.4938204216722384,-0.9810141559830952,-1.1676872598353414,-0.6791456840737199,-1.1559347102263289,1
866,4.516162,-9.672363,-0.7581699611438873,2,1.3052827400973714,2,2.4441291486822943,1.0617867539482455,1,0.0,0.3092865629177695,0.2546249253678617,1,-0.2406767700620191,0.3796721288811475,-0.0577875452794142,7,-1.5679065665042955,0,-0.5073844214659504,-0.1575609208778195,2.1251359240839385,0,0,1.036019304133083,-0.4262300150429028,0.2662325767951835,0.0,2.5899937140505074,-0.4216424583593375,0.1557070814399298,0.3380961637724818,-0.4911735278257753,-0.339393739508197,-0.6791456840737199,-0.3148734873096303,0
867,11.190041,-30.02572,0.3368485522001039,1,0.9458129166768072,2,-0.8875151110697495,1.0617867539482455,3,0.0,0.3109481906158344,-0.6605306743650393,1,-0.1914702537906465,0.3796721288811475,-0.0577875452794142,7,-0.6608531809232983,1,-0.4623389472984748,1.5637844577639428,0.9237707881769818,0,0,-0.8772324258614291,-0.4262300150429028,1.1914379855160335,0.0,2.5899937140505074,-0.8073390444129942,-0.6201892226844657,0.3380961637724818,-1.1442943653688686,-1.1676872598353414,-0.6791456840737199,-1.1559347102263289,0
868,20.117628,30.707764,1.4318670655440953,1,1.5333601453021437,1,-0.8875151110697495,0.0850492518807105,3,0.0,0.3159330737100291,1.1697805251007627,0,-1.7660787744745667,0.3796721288811475,1.7496101475022634,3,-1.5679065665042955,1,2.4122847320023624,-0.6778434642915854,-0.2775943477299747,0,0,1.855984331273588,2.346151056253851,0.2662325767951835,0.0,0.241988311858558,2.6639302300699157,0.1557070814399298,0.3380961637724818,-0.8177339465973219,-0.6154915796172451,-0.0582848907973714,-0.5952272282818631,0
869,10.285649,-8.488837,-0.9771736638126856,2,0.933417405524374,1,1.2101868302556114,1.0617867539482455,3,0.0,0.3175947014080941,1.1697805251007627,1,0.5958340065513135,-1.0261667362455194,-0.9614863916702532,2,-1.5679065665042955,1,-0.7026523024089225,-0.2619828359930081,-0.6780493930322936,0,0,-0.8772324258614291,-0.4262300150429028,0.2662325767951835,0.0,2.5899937140505074,-0.678773515728442,-0.6201892226844657,0.3380961637724818,-0.1646131090542286,0.212801940709899,0.2521455058408027,-0.3148734873096303,0
870,34.588318,21.697721,0.9938596602064989,2,1.6052541099862565,1,0.7166099028849382,-0.8916882501868245,1,0.0,0.319256329106159,1.1697805251007627,1,-0.6835354165043717,0.3796721288811475,2.6533089938931025,5,-0.6608531809232983,1,2.6725710803757474,-0.4868483328763212,0.9237707881769818,0,0,-1.1505541015749308,-0.4262300150429028,-1.584178240646517,0.0,0.241988311858558,1.76397152927805,-0.6201892226844657,0.3380961637724818,-0.4911735278257753,-0.6154915796172451,-0.6791456840737199,-0.3148734873096303,0
871,12.002199,-27.273285,-0.2106607044718917,2,1.3846140114729444,2,0.9633983665702748,1.0617867539482455,1,0.0,0.3209179568042238,0.2546249253678617,1,1.3831382668932737,0.3796721288811475,-0.0577875452794142,7,-1.5679065665042955,1,0.5233495180926542,0.9434367682371028,0.1228606975723441,0,1,-0.0572673987209239,-0.4262300150429028,1.1914379855160335,0.0,2.5899937140505074,0.4783162424325279,-0.6201892226844657,0.3380961637724818,-0.0013328996684553,0.7649976209279952,-0.3687152874355457,0.8065414765793012,0
872,-37.69315,-8.91006,-1.4151810691502822,2,0.449992470579477,1,0.9633983665702748,-0.8916882501868245,1,0.0,0.3225795845022887,1.1697805251007627,0,1.5307578157073911,0.3796721288811475,-0.9614863916702532,2,-0.6608531809232983,1,-0.9121562530180308,-1.5376729079991542,-0.6780493930322936,0,0,-0.6039107501479274,-0.4262300150429028,-1.584178240646517,0.0,0.241988311858558,-1.3216011591512031,0.1557070814399298,-2.4938204216722384,-0.9810141559830952,-1.1676872598353414,-0.6791456840737199,-1.1559347102263289,1
873,3.106827,-15.61254,-0.42966440714069,1,0.8516070319183144,2,1.950552221311621,0.0850492518807105,3,0.0,0.3242412122003537,-0.6605306743650393,0,0.7926600716368035,0.3796721288811475,-0.0577875452794142,7,0.2462002046576992,1,-0.4172934731309992,-1.3222236537978298,-0.6780493930322936,0,0,-0.8772324258614291,-0.4262300150429028,-1.584178240646517,0.0,0.241988311858558,-0.1645114009902331,0.1557070814399298,-1.0778621289498782,0.4885077284888646,0.7649976209279952,-0.6791456840737199,-0.8755809692540959,0
874,13.747297,-9.229192,-0.1011588531374925,2,0.2838926211368713,1,-0.3939381836990763,1.0617867539482455,1,0.0,0.3259028398984185,0.2546249253678617,1,-0.2898832863333916,-2.432005601372186,-0.9614863916702532,2,0.2462002046576992,0,-0.7993300889476084,-1.0467634201157712,-0.6780493930322936,0,0,-0.3305890744344257,-0.4262300150429028,0.2662325767951835,0.0,0.241988311858558,-0.5502079870438897,0.9316033855643254,0.3380961637724818,-0.0013328996684553,0.7649976209279952,-0.3687152874355457,0.8065414765793012,0
875,25.564604,1.6224431,-0.7581699611438873,2,0.1252300783857257,1,-0.270543951856408,1.0617867539482455,1,0.0,0.3308877229926132,0.2546249253678617,1,-0.8311549653184892,0.3796721288811475,-0.0577875452794142,2,0.2462002046576992,0,-0.6399711001475767,-0.4221995025223687,-0.6780493930322936,0,0,-0.6039107501479274,-0.4262300150429028,-1.584178240646517,0.0,2.5899937140505074,-0.1645114009902331,0.9316033855643254,-1.0778621289498782,0.4885077284888646,0.7649976209279952,1.8042974890316736,1.3672489585237668,0
876,9.526806,29.84215,0.7748559575377005,2,-1.493623678122057,1,2.4441291486822943,1.0617867539482455,4,0.0,0.3325493506906781,1.1697805251007627,1,-1.6676657419318217,0.3796721288811475,-0.0577875452794142,6,1.153253590238697,2,-0.4168685158275324,-0.9232279377655008,-0.6780493930322936,0,0,2.675949358414093,2.346151056253851,-0.6589728319256667,0.0,-0.9320143892374164,1.121143885855289,0.1557070814399298,0.3380961637724818,2.1213098223465976,1.8693889813641875,3.3564494722225446,3.6100788863016295,0
877,-25.514706,-25.146626,-1.8531884744878788,2,-0.3681112654811178,2,1.456975293940948,0.0850492518807105,2,0.0,0.334210978388743,0.2546249253678617,1,-1.1263940629467242,1.7855109940078144,-0.9614863916702532,8,1.153253590238697,2,-0.812716244006811,-1.3018452181427795,-0.6780493930322936,0,0,0.4893759527060795,-0.4262300150429028,1.1914379855160335,0.0,-0.9320143892374164,-1.193035630466651,-0.6201892226844657,0.3380961637724818,-0.8177339465973219,-0.8915894197262932,-0.0582848907973714,-0.5952272282818631,0
878,2.1657453,1.9222753,0.9938596602064989,2,-1.6175787896463898,1,-0.8875151110697495,1.0617867539482455,5,0.0,0.3375342337848728,1.1697805251007627,1,-0.2898832863333916,0.3796721288811475,-0.0577875452794142,4,1.153253590238697,0,0.1861458977917872,0.4384731867985125,-0.2775943477299747,0,0,-1.1505541015749308,-0.4262300150429028,0.2662325767951835,0.0,0.241988311858558,0.0926196563788712,0.1557070814399298,-1.0778621289498782,-0.1646131090542286,-0.339393739508197,-0.3687152874355457,-0.0345197463373974,0
879,0.6672164,16.493528,0.5558522548689022,0,-1.545684824962277,0,-0.8875151110697495,2.038524256015781,3,0.0,0.3425191168790675,1.1697805251007627,1,0.645040522822686,1.7855109940078144,-0.0577875452794142,1,-1.5679065665042955,1,-0.0490679696770594,-0.2045015933522111,1.7246808787816197,0,0,0.2160542769925777,-0.4262300150429028,-1.584178240646517,0.0,0.241988311858558,-0.1645114009902331,0.1557070814399298,1.754054456494842,-0.4911735278257753,-0.339393739508197,-0.6791456840737199,-0.3148734873096303,0
880,14.45101,-17.997114,2.526885578888087,2,-0.2639889718006785,2,-0.270543951856408,1.0617867539482455,2,0.0,0.3458423722751973,-0.6605306743650393,1,-0.6835354165043717,1.7855109940078144,-0.0577875452794142,7,1.153253590238697,0,-0.2725955113005704,-0.4806645317120301,-1.0785044383346123,0,1,0.7626976284195812,-0.4262300150429028,-0.6589728319256667,0.0,0.241988311858558,0.0926196563788712,0.1557070814399298,0.3380961637724818,0.651787937874638,0.7649976209279952,-0.3687152874355457,1.3672489585237668,0
881,-10.341941,30.55687,-0.5391662584750891,1,-1.701868265482936,1,0.4698214391996017,0.0850492518807105,4,0.0,0.3475039999732622,0.2546249253678617,0,0.5466274902799411,-1.0261667362455194,-0.9614863916702532,2,-0.6608531809232983,1,-0.7989051316441416,-0.981271344148506,-0.6780493930322936,0,0,1.3093409798465847,2.346151056253851,0.2662325767951835,0.0,0.241988311858558,-1.193035630466651,-0.6201892226844657,0.3380961637724818,-0.8177339465973219,-0.6154915796172451,-0.0582848907973714,-0.5952272282818631,0
882,24.21413,-25.941654,-0.5391662584750891,1,1.2730544111010451,1,-0.8875151110697495,-0.8916882501868245,1,0.0,0.3491656276713271,1.1697805251007627,0,-1.3724266443035866,0.3796721288811475,-0.0577875452794142,6,0.2462002046576992,2,-0.3197657719853798,-1.682992235359995,0.523315742874663,0,1,-0.3305890744344257,-0.4262300150429028,1.1914379855160335,0.0,-0.9320143892374164,-0.1645114009902331,-0.6201892226844657,0.3380961637724818,0.161947309717318,0.7649976209279952,-0.6791456840737199,0.8065414765793012,0
883,7.7621927,39.5288,-0.1011588531374925,2,-1.0895300145527331,1,-1.010909342912418,0.0850492518807105,5,0.0,0.3524888830674569,0.2546249253678617,0,0.5466274902799411,-2.432005601372186,0.8459113011114247,4,-1.5679065665042955,0,0.7965970642217751,-1.416386080617717,-0.2775943477299747,0,1,1.5826626555600865,2.346151056253851,0.2662325767951835,0.0,0.241988311858558,0.7354472998016324,-0.6201892226844657,0.3380961637724818,-0.0013328996684553,0.7649976209279952,1.4938670923934996,0.8065414765793012,0
884,18.586945,-9.587556,-0.42966440714069,2,-1.6993891632524494,1,-0.0237554881710714,0.0850492518807105,3,0.0,0.3541505107655218,-1.5756862740979405,1,-0.2898832863333916,0.3796721288811475,-0.9614863916702532,6,1.153253590238697,1,-0.7908309428782733,-1.1246230984116183,-1.0785044383346123,0,0,-0.6039107501479274,-0.4262300150429028,-0.6589728319256667,0.0,0.241988311858558,0.4783162424325279,1.707499689688721,0.3380961637724818,1.141628566031958,1.5932911412551394,0.5625759024789769,1.6476026994959998,0
885,3.8131588,-7.795671,0.3368485522001039,2,-1.7241801855573158,2,0.0996387436715968,0.0850492518807105,5,0.0,0.3558121384635867,-0.6605306743650393,0,0.8910731041795485,-1.0261667362455194,-0.0577875452794142,7,-0.6608531809232983,0,0.0741696483282984,-0.3825669586966848,1.7246808787816197,0,0,-0.8772324258614291,-0.4262300150429028,-0.6589728319256667,0.0,0.241988311858558,-0.5502079870438897,-0.6201892226844657,1.754054456494842,-0.3278933184400019,-0.8915894197262932,-0.3687152874355457,-0.3148734873096303,0
886,2.696633,-21.108065,-1.3056792178158831,2,1.3722185003205112,2,0.0996387436715968,1.0617867539482455,1,0.0,0.3574737661616516,0.2546249253678617,1,-0.4375028351475091,0.3796721288811475,-0.0577875452794142,7,1.153253590238697,2,-0.3299647472685818,0.8867987712096181,-1.0785044383346123,0,0,-0.3305890744344257,-0.4262300150429028,-0.6589728319256667,0.0,-0.9320143892374164,-0.8073390444129942,0.9316033855643254,0.3380961637724818,-0.4911735278257753,-0.339393739508197,-0.3687152874355457,-0.8755809692540959,0
887,3.64527,41.176167,-0.7581699611438873,2,1.642440643443556,1,-1.010909342912418,0.0850492518807105,3,0.0,0.3591353938597165,1.1697805251007627,1,-0.142263737519274,0.3796721288811475,-0.9614863916702532,6,-0.6608531809232983,1,-0.6212729787950396,-0.694848917493386,-1.0785044383346123,0,1,1.5826626555600865,2.346151056253851,-1.584178240646517,0.0,0.241988311858558,0.0926196563788712,-0.6201892226844657,0.3380961637724818,0.651787937874638,1.3171933011460917,0.8730062991171511,0.8065414765793012,0
888,24.199842,26.818512,0.5558522548689022,1,-0.8540153026565014,1,2.073946453154289,2.038524256015781,3,0.0,0.3607970215577814,-1.5756862740979405,0,-0.2898832863333916,0.3796721288811475,0.8459113011114247,5,-1.5679065665042955,1,1.4210718216661655,1.2603565779070225,0.1228606975723441,0,1,0.4893759527060795,-0.4262300150429028,0.2662325767951835,0.0,-0.9320143892374164,1.121143885855289,2.4833959938131165,0.3380961637724818,-0.9810141559830952,-1.1676872598353414,-0.6791456840737199,-1.1559347102263289,0
889,11.673066,-13.345164,-0.2106607044718917,0,1.0152277791304334,2,-0.1471497200137397,-0.8916882501868245,2,0.0,0.3624586492558463,0.2546249253678617,0,0.5958340065513135,-1.0261667362455194,0.8459113011114247,7,1.153253590238697,1,0.8231568956884471,-0.0784363741620036,0.523315742874663,0,1,-1.1505541015749308,-0.4262300150429028,-0.6589728319256667,0.0,0.241988311858558,0.6068817711170802,2.4833959938131165,-1.0778621289498782,0.9783483566461848,-0.6154915796172451,0.5625759024789769,2.2083101814404653,0
890,14.015331,-12.889289,-1.0866755151470848,2,0.7450056360073884,1,0.59321567104227,0.0850492518807105,1,0.0,0.3641202769539112,-1.5756862740979405,1,-1.1756005792180968,0.3796721288811475,-0.9614863916702532,6,-1.5679065665042955,1,-0.9068442867246964,0.0089800877513843,-0.6780493930322936,0,1,-0.3305890744344257,-0.4262300150429028,1.1914379855160335,0.0,1.4159910129545328,-0.2930769296747854,0.1557070814399298,-1.0778621289498782,0.3252275191030913,0.7649976209279952,1.1834366957553253,1.086895217551534,0
891,24.749165,17.31827,1.869874470881692,1,0.4053686304307173,1,-1.010909342912418,1.0617867539482455,1,0.0,0.3657819046519761,1.1697805251007627,0,-0.6343289002329991,0.3796721288811475,0.8459113011114247,4,0.2462002046576992,0,0.849716727155119,-0.6540920461832854,1.7246808787816197,0,0,0.4893759527060795,-0.4262300150429028,-1.584178240646517,0.0,0.241988311858558,2.7924957587544674,-0.6201892226844657,-2.4938204216722384,-0.3278933184400019,-0.063295899399149,-0.3687152874355457,-0.0345197463373974,0
892,8.957585,0.6788115,0.7748559575377005,2,0.7797130672342015,1,-0.8875151110697495,-1.86842575225436,1,0.0,0.367443532350041,-1.5756862740979405,0,0.3005949089230785,1.7855109940078144,-0.9614863916702532,6,1.153253590238697,1,-0.9544395047129725,0.7967120315207408,-0.6780493930322936,0,0,-0.6039107501479274,-0.4262300150429028,1.1914379855160335,0.0,0.241988311858558,-0.1645114009902331,1.707499689688721,0.3380961637724818,0.4885077284888646,0.212801940709899,1.4938670923934996,0.8065414765793012,0
893,-24.866484,24.625574,-1.9626903258222776,0,-0.7399766000541155,1,0.0996387436715968,0.0850492518807105,3,0.0,0.3707667877461708,-1.5756862740979405,0,1.4815512994360187,-1.0261667362455194,-0.9614863916702532,6,-0.6608531809232983,2,-0.9867362597764456,-1.147531270906606,-0.6780493930322936,0,1,2.675949358414093,2.346151056253851,-0.6589728319256667,0.0,-0.9320143892374164,-1.3216011591512031,-0.6201892226844657,1.754054456494842,-0.9810141559830952,-0.8915894197262932,-0.6791456840737199,-1.1559347102263289,1
894,-16.06943,-11.696342,-0.8676718124782865,2,0.5144491285721299,1,-1.010909342912418,0.0850492518807105,1,0.0,0.3724284154442357,-1.5756862740979405,0,1.5307578157073911,0.3796721288811475,-0.9614863916702532,6,1.153253590238697,0,-0.5828143428312987,-1.2248287854602449,-0.6780493930322936,0,0,-0.0572673987209239,-0.4262300150429028,-1.584178240646517,0.0,2.5899937140505074,-1.0644701017820986,1.707499689688721,0.3380961637724818,-0.6544537372115486,-0.6154915796172451,-0.3687152874355457,-0.5952272282818631,0
895,36.606827,15.179391,1.869874470881692,2,-0.2912590963360316,1,-0.7641208792270812,0.0850492518807105,1,0.0,0.3740900431423006,1.1697805251007627,1,0.9402796204509212,0.3796721288811475,1.7496101475022634,5,1.153253590238697,1,2.3959238758188928,1.287480978468572,0.1228606975723441,0,0,-0.3305890744344257,-0.4262300150429028,-1.584178240646517,0.0,-0.9320143892374164,3.1781923448081244,-0.6201892226844657,0.3380961637724818,0.4885077284888646,1.3171933011460917,-0.6791456840737199,1.3672489585237668,0
896,-16.74886,-16.707712,-0.6486681098094882,2,1.3127200467888316,1,0.2230329755142651,-0.8916882501868245,3,0.0,0.3757516708403655,0.2546249253678617,1,0.6942470390940585,0.3796721288811475,-0.0577875452794142,0,-1.5679065665042955,1,0.0701325539453642,0.3901271049686001,-0.6780493930322936,0,1,-0.8772324258614291,-0.4262300150429028,1.1914379855160335,0.0,-0.9320143892374164,-0.678773515728442,-0.6201892226844657,-1.0778621289498782,-0.1646131090542286,0.212801940709899,-0.6791456840737199,-0.8755809692540959,0
897,17.469269,4.310388,-0.6486681098094882,2,0.6433624445574357,1,1.827157989468953,0.0850492518807105,3,0.0,0.3774132985384304,0.2546249253678617,0,1.4815512994360187,-1.0261667362455194,-0.0577875452794142,0,-1.5679065665042955,2,0.0656705022589633,0.4054460669437759,-0.6780493930322936,0,0,1.036019304133083,-0.4262300150429028,-0.6589728319256667,0.0,-0.9320143892374164,-0.1645114009902331,-0.6201892226844657,0.3380961637724818,0.4885077284888646,1.3171933011460917,-0.3687152874355457,1.086895217551534,0
898,-3.1614397,-16.631552,2.417383727553688,2,-1.1812567970807393,2,-0.7641208792270812,0.0850492518807105,1,0.0,0.3807365539345602,0.2546249253678617,0,-0.8803614815898617,-1.0261667362455194,-0.0577875452794142,7,1.153253590238697,2,-0.2830069652355058,0.3059430845729098,0.9237707881769818,0,0,0.4893759527060795,-0.4262300150429028,1.1914379855160335,0.0,-0.9320143892374164,0.2211851850634235,-0.6201892226844657,0.3380961637724818,-0.1646131090542286,-0.8915894197262932,-0.6791456840737199,0.2458339946348354,0
899,36.925446,14.665504,0.6653541062033014,2,0.2913299278283313,1,-0.7641208792270812,0.0850492518807105,1,0.0,0.3823981816326251,0.2546249253678617,1,1.4815512994360187,-2.432005601372186,2.6533089938931025,5,1.153253590238697,1,2.812594511868042,0.6059979819765808,0.1228606975723441,0,0,-0.3305890744344257,-0.4262300150429028,-0.6589728319256667,0.0,0.241988311858558,1.76397152927805,-0.6201892226844657,0.3380961637724818,0.161947309717318,0.7649976209279952,-0.6791456840737199,0.8065414765793012,0
900,31.435455,21.792866,1.3223652142096962,2,0.7326101248549552,1,-0.6407266473844129,-0.8916882501868245,3,0.0,0.38405980933069,-1.5756862740979405,1,0.9402796204509212,-1.0261667362455194,2.6533089938931025,3,0.2462002046576992,1,2.5939539792343984,-0.307658640047431,-0.2775943477299747,0,0,-0.6039107501479274,-0.4262300150429028,0.2662325767951835,0.0,0.241988311858558,1.5068404719089457,-0.6201892226844657,1.754054456494842,-0.9810141559830952,-1.1676872598353414,-0.6791456840737199,-1.1559347102263289,0
901,8.317361,-5.335023,-0.1011588531374925,1,-0.8267451781211482,1,-0.7641208792270812,0.0850492518807105,5,0.0,0.3857214370287549,0.2546249253678617,1,-0.9787745141326066,0.3796721288811475,-0.9614863916702532,6,-0.6608531809232983,1,-0.5972628911491682,-0.7107300432107699,-0.6780493930322936,0,0,-0.8772324258614291,-0.4262300150429028,0.2662325767951835,0.0,-0.9320143892374164,0.0926196563788712,-0.6201892226844657,-1.0778621289498782,0.651787937874638,1.5932911412551394,-0.6791456840737199,0.8065414765793012,0
902,-13.063716,-2.9663293,1.2128633628752972,2,0.4128059371221772,1,-0.8875151110697495,-0.8916882501868245,5,0.0,0.3873830647268198,1.1697805251007627,1,0.4974209740085685,1.7855109940078144,-0.9614863916702532,2,-0.6608531809232983,2,-0.8380012035630827,0.324213406194679,0.9237707881769818,0,0,-1.1505541015749308,-0.4262300150429028,0.2662325767951835,0.0,-0.9320143892374164,-0.5502079870438897,0.9316033855643254,-1.0778621289498782,-0.9810141559830952,-1.1676872598353414,-0.6791456840737199,-1.1559347102263289,0
903,-16.974237,-12.065198,-1.0866755151470848,2,0.903668178758534,1,-0.6407266473844129,-0.8916882501868245,1,0.0,0.3890446924248847,-1.5756862740979405,1,0.4974209740085685,0.3796721288811475,-0.9614863916702532,6,0.2462002046576992,0,-0.8469253069358844,-1.5607216214296935,-0.6780493930322936,0,0,-1.1505541015749308,-0.4262300150429028,-0.6589728319256667,0.0,2.5899937140505074,-0.8073390444129942,-0.6201892226844657,0.3380961637724818,-0.3278933184400019,-0.339393739508197,-0.6791456840737199,-0.3148734873096303,0
904,-15.891962,-14.48335,-0.8676718124782865,2,1.3052827400973714,1,-0.270543951856408,0.0850492518807105,1,0.0,0.3907063201229496,0.2546249253678617,1,0.7926600716368035,0.3796721288811475,-0.0577875452794142,0,1.153253590238697,0,0.0255120370813554,-1.420742849619831,-0.6780493930322936,0,1,-1.1505541015749308,-0.4262300150429028,-0.6589728319256667,0.0,1.4159910129545328,-0.678773515728442,-0.6201892226844657,0.3380961637724818,-0.1646131090542286,-1.1676872598353414,-0.3687152874355457,-1.1559347102263289,0
905,32.76334,20.756279,1.2128633628752972,2,-0.2168860294214321,1,-1.010909342912418,0.0850492518807105,1,0.0,0.3956912032171443,1.1697805251007627,1,0.4974209740085685,-1.0261667362455194,2.6533089938931025,5,1.153253590238697,2,2.499188500561313,-0.784232952504503,1.324225833479301,0,0,-0.8772324258614291,-0.4262300150429028,0.2662325767951835,0.0,-0.9320143892374164,1.76397152927805,0.1557070814399298,1.754054456494842,-0.9810141559830952,-1.1676872598353414,-0.6791456840737199,-1.1559347102263289,0
906,27.543728,-1.1104678,-0.8676718124782865,2,-0.2689471762616517,1,-1.010909342912418,0.0850492518807105,1,0.0,0.3973528309152092,1.1697805251007627,0,1.038692652993666,-1.0261667362455194,1.7496101475022634,5,1.153253590238697,0,2.044271707200156,-1.5305053202859986,0.1228606975723441,0,0,-0.3305890744344257,-0.4262300150429028,-0.6589728319256667,0.0,1.4159910129545328,-0.2930769296747854,-0.6201892226844657,-1.0778621289498782,-0.0013328996684553,0.7649976209279952,-0.3687152874355457,0.8065414765793012,0
907,-3.720902,-10.624468,-0.3201625558062908,2,1.2829708200229917,1,1.3335810620982798,0.0850492518807105,5,0.0,0.3990144586132741,0.2546249253678617,0,1.137105685536411,1.7855109940078144,-0.9614863916702532,6,0.2462002046576992,1,-0.832476758618015,1.0301505254727303,-1.0785044383346123,0,0,0.4893759527060795,-0.4262300150429028,1.1914379855160335,0.0,-0.9320143892374164,-1.193035630466651,1.707499689688721,-1.0778621289498782,-0.9810141559830952,-1.1676872598353414,-0.6791456840737199,-1.1559347102263289,0
908,40.79952,7.5008364,0.7748559575377005,2,0.7350892270854419,2,-0.5173324155417446,0.0850492518807105,2,0.0,0.4023377140094039,-0.6605306743650393,1,1.0878991692650386,0.3796721288811475,2.6533089938931025,3,-0.6608531809232983,1,2.488139610671177,-0.7817032156645657,1.7246808787816197,0,0,-1.1505541015749308,-0.4262300150429028,0.2662325767951835,0.0,0.241988311858558,1.8925370579626024,1.707499689688721,0.3380961637724818,2.447870241118145,1.3171933011460917,0.2521455058408027,1.6476026994959998,0
909,12.433161,-26.386662,-0.42966440714069,2,-0.6606453286785426,2,0.0996387436715968,2.038524256015781,2,0.0,0.4039993417074688,1.1697805251007627,1,0.7926600716368035,1.7855109940078144,0.8459113011114247,7,0.2462002046576992,0,0.3988370281768962,1.0392856862836148,-1.0785044383346123,0,1,-0.3305890744344257,-0.4262300150429028,1.1914379855160335,0.0,1.4159910129545328,-0.1645114009902331,0.1557070814399298,0.3380961637724818,0.3252275191030913,1.041095461037043,-0.6791456840737199,1.086895217551534,0
910,-17.497797,-2.2529078,-1.9626903258222776,2,-1.332482033140425,1,1.950552221311621,0.0850492518807105,1,0.0,0.4056609694055337,-0.6605306743650393,0,-0.4375028351475091,1.7855109940078144,-0.9614863916702532,6,1.153253590238697,2,-0.7455729900590643,0.9708422506697564,-0.6780493930322936,0,1,-0.8772324258614291,-0.4262300150429028,1.1914379855160335,0.0,-0.9320143892374164,-1.3216011591512031,-0.6201892226844657,0.3380961637724818,-0.9810141559830952,-1.1676872598353414,-0.6791456840737199,-0.8755809692540959,0
911,-12.536999,27.280088,-1.5246829204846812,2,-1.0647389922478667,1,-1.010909342912418,-0.8916882501868245,1,0.0,0.4073225971035986,1.1697805251007627,1,-0.929567997861234,0.3796721288811475,-0.9614863916702532,6,0.2462002046576992,1,-1.1218726822788725,0.3637054090848108,-0.6780493930322936,0,0,1.855984331273588,2.346151056253851,1.1914379855160335,0.0,0.241988311858558,-1.3216011591512031,-0.6201892226844657,0.3380961637724818,-0.9810141559830952,-1.1676872598353414,-0.6791456840737199,-0.8755809692540959,0
912,-41.96688,-2.846814,-1.3056792178158831,1,-0.5044618881578836,2,1.827157989468953,-1.86842575225436,1,0.0,0.4123074801977933,0.2546249253678617,1,0.349801425194451,-2.432005601372186,-0.9614863916702532,8,1.153253590238697,2,-1.1441829407108768,-0.8816278208420879,-0.6780493930322936,0,1,-0.3305890744344257,-0.4262300150429028,1.1914379855160335,0.0,-0.9320143892374164,-1.3216011591512031,0.9316033855643254,0.3380961637724818,-0.9810141559830952,-1.1676872598353414,-0.3687152874355457,-1.1559347102263289,1
913,-6.1228347,25.494352,-1.196177366481484,2,-0.54412752384567,1,-0.6407266473844129,-0.8916882501868245,1,0.0,0.4156307355939231,0.2546249253678617,1,-0.6343289002329991,0.3796721288811475,-0.9614863916702532,6,1.153253590238697,2,-0.770857949615336,-0.6099621924199352,-0.6780493930322936,0,1,1.3093409798465847,2.346151056253851,-0.6589728319256667,0.0,-0.9320143892374164,-0.4216424583593375,-0.6201892226844657,-1.0778621289498782,0.161947309717318,0.212801940709899,-0.0582848907973714,-0.5952272282818631,0
914,38.913807,4.782078,0.8843578088720997,2,1.6027750077557696,2,-0.8875151110697495,0.0850492518807105,2,0.0,0.4189539909900528,-1.5756862740979405,0,1.3831382668932737,-2.432005601372186,2.6533089938931025,3,-0.6608531809232983,2,2.61796406688027,-1.6612083903494244,-0.2775943477299747,0,1,0.2160542769925777,-0.4262300150429028,-1.584178240646517,0.0,-0.9320143892374164,1.8925370579626024,-0.6201892226844657,0.3380961637724818,2.774430659889691,1.5932911412551394,-0.3687152874355457,1.9279564404682328,1
915,45.7143,2.259257,1.979376322216091,0,-1.5506430294232505,1,-0.1471497200137397,-1.86842575225436,3,0.0,0.4206156186881178,1.1697805251007627,1,-1.4216331605749593,-1.0261667362455194,1.7496101475022634,0,-0.6608531809232983,0,1.5030885812352488,1.5851466799678575,-0.6780493930322936,0,1,-0.0572673987209239,-0.4262300150429028,1.1914379855160335,0.0,0.241988311858558,2.92106128743902,0.1557070814399298,0.3380961637724818,4.243952544361651,1.3171933011460917,3.977310265498893,-1.1559347102263289,0
916,-20.765175,25.83009,-1.7436866231534796,1,-1.3671894643672382,1,0.0996387436715968,-0.8916882501868245,1,0.0,0.4222772463861827,-1.5756862740979405,0,-1.0279810304039791,-1.0261667362455194,-0.9614863916702532,2,0.2462002046576992,2,-0.8239776125486798,1.5452330542710695,-0.6780493930322936,0,0,1.3093409798465847,2.346151056253851,0.2662325767951835,0.0,-0.9320143892374164,-1.193035630466651,-0.6201892226844657,-2.4938204216722384,-0.8177339465973219,-0.6154915796172451,-0.0582848907973714,-0.5952272282818631,1
917,35.173294,9.553049,0.9938596602064989,2,-1.57295494949763,2,-0.6407266473844129,-0.8916882501868245,2,0.0,0.4239388740842476,1.1697805251007627,0,-1.6184592256604493,-1.0261667362455194,2.6533089938931025,3,-0.6608531809232983,1,2.6105273140696017,-0.6137567976798411,-0.2775943477299747,0,0,-0.3305890744344257,-0.4262300150429028,0.2662325767951835,0.0,0.241988311858558,1.8925370579626024,-0.6201892226844657,0.3380961637724818,0.651787937874638,-0.063295899399149,-0.6791456840737199,1.086895217551534,0
918,-7.8236027,-8.887814,-0.3201625558062908,2,-1.6646817320256362,2,-0.8875151110697495,0.0850492518807105,2,0.0,0.4256005017823124,0.2546249253678617,0,0.9894861367222936,0.3796721288811475,-0.0577875452794142,7,-1.5679065665042955,2,-0.4175059517827325,-1.1628502328817816,-1.0785044383346123,0,1,-0.8772324258614291,-0.4262300150429028,1.1914379855160335,0.0,-0.9320143892374164,-0.9359045730975464,0.1557070814399298,0.3380961637724818,-0.6544537372115486,-0.6154915796172451,-0.6791456840737199,-0.5952272282818631,0
919,49.071014,-1.0513577,1.5413689168784943,1,-1.4018968955940512,2,-0.0237554881710714,0.0850492518807105,1,0.0,0.4272621294803774,1.1697805251007627,1,0.841866587908176,0.3796721288811475,2.6533089938931025,3,-0.6608531809232983,0,2.835329727603513,0.6862468561768132,0.523315742874663,0,1,2.4026276827005915,2.346151056253851,-1.584178240646517,0.0,0.241988311858558,2.535364701385363,1.707499689688721,-1.0778621289498782,3.5908317068185576,1.5932911412551394,2.7355886789461965,1.6476026994959998,0
920,30.744402,12.773472,2.417383727553688,2,1.5531929631460366,1,1.0867925984129432,1.0617867539482455,3,0.0,0.4289237571784423,1.1697805251007627,1,0.0545623275662159,0.3796721288811475,0.8459113011114247,4,1.153253590238697,2,0.8518415136724528,0.7995228502317823,1.324225833479301,0,0,-0.8772324258614291,-0.4262300150429028,1.1914379855160335,0.0,-0.9320143892374164,1.76397152927805,2.4833959938131165,-1.0778621289498782,0.3252275191030913,0.7649976209279952,0.8730062991171511,-0.0345197463373974,0
921,13.884503,5.059568,-0.3201625558062908,1,-1.6547653231036896,1,1.2101868302556114,0.0850492518807105,3,0.0,0.4322470125745721,0.2546249253678617,0,-0.9787745141326066,0.3796721288811475,-0.0577875452794142,2,-0.6608531809232983,0,-0.4374789450456698,1.1553724990496252,0.523315742874663,0,0,-0.6039107501479274,-0.4262300150429028,0.2662325767951835,0.0,1.4159910129545328,0.4783162424325279,-0.6201892226844657,1.754054456494842,0.651787937874638,1.041095461037043,0.8730062991171511,1.6476026994959998,0
922,-20.72032,-20.169193,-0.9771736638126856,1,-0.0284742599044466,1,-1.010909342912418,1.0617867539482455,3,0.0,0.433908640272637,1.1697805251007627,1,-1.0771875466753518,0.3796721288811475,-0.9614863916702532,2,0.2462002046576992,2,-0.9240550575150998,-1.0499958616334688,-1.0785044383346123,0,1,-1.1505541015749308,-0.4262300150429028,0.2662325767951835,0.0,-0.9320143892374164,-0.8073390444129942,-0.6201892226844657,-1.0778621289498782,-0.4911735278257753,-0.6154915796172451,-0.6791456840737199,-0.5952272282818631,0
923,47.937336,4.35688,0.7748559575377005,2,0.982999450134107,1,-0.6407266473844129,-0.8916882501868245,1,0.0,0.4372318956687667,0.2546249253678617,1,1.2847252343505289,1.7855109940078144,2.6533089938931025,3,-1.5679065665042955,0,2.6957312534146856,0.4446569879628036,-0.6780493930322936,0,0,-0.3305890744344257,-0.4262300150429028,1.1914379855160335,0.0,1.4159910129545328,1.8925370579626024,0.9316033855643254,-1.0778621289498782,2.9377108692754645,1.3171933011460917,3.666879868860719,2.488663922412698,0
924,13.908711,3.5083,-0.3201625558062908,1,-0.3829858788640377,0,0.2230329755142651,0.0850492518807105,1,0.0,0.4388935233668317,0.2546249253678617,1,-0.4867093514188816,-1.0261667362455194,-0.0577875452794142,1,-0.6608531809232983,1,-0.4277049270659345,1.0568533032276235,0.523315742874663,0,0,-1.1505541015749308,-0.4262300150429028,1.1914379855160335,0.0,1.4159910129545328,0.3497507137479757,1.707499689688721,1.754054456494842,0.4885077284888646,1.3171933011460917,-0.3687152874355457,1.086895217551534,0
925,-10.053705,-24.651865,-0.2106607044718917,2,-0.167303984811699,1,-0.3939381836990763,-1.86842575225436,1,0.0,0.4422167787629614,0.2546249253678617,1,0.0053558112948434,0.3796721288811475,-0.9614863916702532,6,0.2462002046576992,1,-0.636783920371576,-1.1655205106572708,-1.0785044383346123,0,1,-0.3305890744344257,-0.4262300150429028,1.1914379855160335,0.0,-0.9320143892374164,-0.9359045730975464,0.1557070814399298,0.3380961637724818,-0.6544537372115486,-0.6154915796172451,-0.0582848907973714,-0.5952272282818631,0
926,-4.0963383,-7.2577696,0.5558522548689022,2,-0.494545479235937,1,-0.270543951856408,1.0617867539482455,3,0.0,0.4438784064610264,-0.6605306743650393,0,0.5958340065513135,1.7855109940078144,-0.0577875452794142,6,-0.6608531809232983,1,-0.8777347114372239,-1.2206125573936826,1.324225833479301,0,1,0.2160542769925777,-0.4262300150429028,1.1914379855160335,0.0,-0.9320143892374164,0.8640128284861845,-0.6201892226844657,0.3380961637724818,-0.9810141559830952,-1.1676872598353414,-0.6791456840737199,-1.1559347102263289,0
927,32.151302,-15.120437,0.6653541062033014,2,-0.6730408398309758,2,-0.6407266473844129,1.0617867539482455,2,0.0,0.4455400341590912,1.1697805251007627,0,-0.4867093514188816,-1.0261667362455194,0.8459113011114247,7,1.153253590238697,2,0.7921350125353742,0.8503986689016318,0.1228606975723441,0,0,-0.3305890744344257,-0.4262300150429028,1.1914379855160335,0.0,-0.9320143892374164,1.5068404719089457,0.1557070814399298,1.754054456494842,2.284590031732371,0.7649976209279952,3.977310265498893,3.6100788863016295,0
928,33.125748,-3.28385,-0.1011588531374925,2,-0.9259092673406144,1,-0.8875151110697495,1.0617867539482455,1,0.0,0.4472016618571561,0.2546249253678617,0,-0.6343289002329991,0.3796721288811475,-0.0577875452794142,4,-0.6608531809232983,2,-0.2322245674712291,-1.6851003493932764,2.5255909693862573,0,1,-1.1505541015749308,-0.4262300150429028,1.1914379855160335,0.0,-0.9320143892374164,0.8640128284861845,-0.6201892226844657,0.3380961637724818,1.4681889848035046,2.6976825016913315,0.8730062991171511,2.2083101814404653,0
929,5.551345,17.119144,0.7748559575377005,2,-0.4499216390871772,1,0.7166099028849382,0.0850492518807105,3,0.0,0.4488632895552211,-1.5756862740979405,0,0.349801425194451,0.3796721288811475,0.8459113011114247,0,1.153253590238697,1,0.3134206101800792,-0.033463274785341,-0.6780493930322936,0,0,-1.1505541015749308,-0.4262300150429028,1.1914379855160335,0.0,0.241988311858558,-0.1645114009902331,-0.6201892226844657,0.3380961637724818,0.4885077284888646,0.7649976209279952,-0.6791456840737199,0.2458339946348354,1
930,-16.837818,-25.903664,-0.9771736638126856,1,-1.5109773937354638,1,-0.8875151110697495,0.0850492518807105,1,0.0,0.450524917253286,1.1697805251007627,1,-0.6835354165043717,-1.0261667362455194,-0.9614863916702532,2,1.153253590238697,1,-0.5600791270958275,-0.0128037572591866,-0.6780493930322936,0,1,-0.8772324258614291,-0.4262300150429028,-0.6589728319256667,0.0,0.241988311858558,-1.193035630466651,-0.6201892226844657,0.3380961637724818,-0.8177339465973219,-0.6154915796172451,-0.0582848907973714,-0.5952272282818631,0
931,4.992521,-1.8657391,1.5413689168784943,1,0.4103268348916906,1,-0.3939381836990763,-0.8916882501868245,3,0.0,0.4521865449513508,-0.6605306743650393,0,-1.2740136117608418,-1.0261667362455194,-0.9614863916702532,2,0.2462002046576992,2,-0.7787196597294709,-1.4132941800355716,-1.0785044383346123,0,0,-0.3305890744344257,-0.4262300150429028,-0.6589728319256667,0.0,-0.9320143892374164,-0.4216424583593375,2.4833959938131165,-1.0778621289498782,-0.0013328996684553,-1.1676872598353414,1.4938670923934996,0.8065414765793012,0
932,24.380116,-25.997911,-0.7581699611438873,0,0.1896867363783786,1,-0.0237554881710714,-0.8916882501868245,3,0.0,0.4538481726494157,0.2546249253678617,0,0.3005949089230785,0.3796721288811475,-0.0577875452794142,4,0.2462002046576992,2,-0.3841468034605926,-0.2045015933522111,1.7246808787816197,0,1,0.7626976284195812,-0.4262300150429028,0.2662325767951835,0.0,-0.9320143892374164,-0.1645114009902331,0.1557070814399298,0.3380961637724818,0.161947309717318,-0.063295899399149,-0.3687152874355457,0.8065414765793012,0
933,-43.12539,-12.152388,-0.8676718124782865,2,0.0087122735528531,1,-0.270543951856408,0.0850492518807105,5,0.0,0.4555098003474807,-0.6605306743650393,0,-1.3232201280322142,0.3796721288811475,-0.9614863916702532,2,0.2462002046576992,0,-0.6722678552110498,0.417673128336806,0.1228606975723441,0,1,-0.6039107501479274,-0.4262300150429028,-1.584178240646517,0.0,1.4159910129545328,-0.1645114009902331,-0.6201892226844657,0.3380961637724818,-0.0013328996684553,0.7649976209279952,1.4938670923934996,0.8065414765793012,1
934,-22.202002,-6.668626,-0.9771736638126856,2,-0.4028186967079309,1,-1.010909342912418,0.0850492518807105,5,0.0,0.4588330557436104,1.1697805251007627,1,0.8910731041795485,0.3796721288811475,-0.9614863916702532,6,-1.5679065665042955,2,-0.9397784777433696,-1.346537235648338,-0.2775943477299747,0,0,-1.1505541015749308,-0.4262300150429028,-0.6589728319256667,0.0,-0.9320143892374164,-0.8073390444129942,-0.6201892226844657,-1.0778621289498782,-0.6544537372115486,-0.6154915796172451,-0.3687152874355457,-0.5952272282818631,0
935,-20.198128,3.1537726,-1.3056792178158831,2,-1.3300029309099384,1,-1.010909342912418,0.0850492518807105,3,0.0,0.4621563111397402,1.1697805251007627,0,-1.2740136117608418,0.3796721288811475,-0.9614863916702532,6,-0.6608531809232983,2,-0.9363788193156356,0.6348088737647554,-0.6780493930322936,0,0,0.7626976284195812,-0.4262300150429028,1.1914379855160335,0.0,-0.9320143892374164,-1.193035630466651,0.1557070814399298,-1.0778621289498782,-0.8177339465973219,-0.6154915796172451,-0.0582848907973714,-0.8755809692540959,0
936,15.63521,-17.375471,-0.5391662584750891,2,-0.4920663770054503,2,-0.1471497200137397,0.0850492518807105,3,0.0,0.4638179388378051,0.2546249253678617,1,-0.4867093514188816,1.7855109940078144,-0.0577875452794142,7,1.153253590238697,1,-0.062454124736262,-0.3682317832703735,-0.6780493930322936,0,0,-0.0572673987209239,-0.4262300150429028,0.2662325767951835,0.0,1.4159910129545328,-0.1645114009902331,0.9316033855643254,1.754054456494842,0.4885077284888646,0.7649976209279952,-0.6791456840737199,1.086895217551534,0
937,15.738535,30.677332,0.8843578088720997,1,-1.0870509123222465,1,1.950552221311621,0.0850492518807105,3,0.0,0.4671411942339349,-0.6605306743650393,0,0.841866587908176,0.3796721288811475,2.6533089938931025,3,-0.6608531809232983,2,2.4558428556077043,-0.1796258477594946,0.1228606975723441,0,0,1.855984331273588,2.346151056253851,0.2662325767951835,0.0,-0.9320143892374164,1.3782749432243937,0.9316033855643254,0.3380961637724818,-1.1442943653688686,-1.1676872598353414,-0.6791456840737199,-1.1559347102263289,0
938,42.31539,-2.3597689,0.2273467008657048,2,-0.9680540052588872,1,0.4698214391996017,1.0617867539482455,3,0.0,0.4688028219319998,0.2546249253678617,0,1.3831382668932737,-1.0261667362455194,1.7496101475022634,3,-0.6608531809232983,0,2.2565378802817984,0.4245596341788575,1.324225833479301,0,1,-0.6039107501479274,-0.4262300150429028,1.1914379855160335,0.0,1.4159910129545328,1.2497094145398413,0.9316033855643254,0.3380961637724818,1.9580296129608248,1.3171933011460917,3.977310265498893,-0.5952272282818631,0
939,-6.6510625,16.912157,2.3078818762192883,2,0.1128345672332924,1,1.7037637576262843,1.0617867539482455,1,0.0,0.4704644496300647,-1.5756862740979405,1,1.0878991692650386,0.3796721288811475,-0.9614863916702532,6,0.2462002046576992,0,-0.8777347114372239,1.6531684927750598,-0.6780493930322936,0,0,-0.8772324258614291,-0.4262300150429028,1.1914379855160335,0.0,1.4159910129545328,-1.193035630466651,0.1557070814399298,0.3380961637724818,-0.8177339465973219,-0.6154915796172451,-0.0582848907973714,-0.5952272282818631,0
940,-32.2066,-7.6268196,-0.5391662584750891,2,0.7102982047805754,1,-0.270543951856408,-0.8916882501868245,1,0.0,0.4721260773281296,1.1697805251007627,1,0.645040522822686,0.3796721288811475,-0.0577875452794142,2,0.2462002046576992,1,-0.344200816934718,1.199080730006319,-0.6780493930322936,0,0,0.7626976284195812,-0.4262300150429028,-1.584178240646517,0.0,0.241988311858558,-0.1645114009902331,0.1557070814399298,0.3380961637724818,0.4885077284888646,-0.063295899399149,-0.3687152874355457,-0.8755809692540959,1
941,-34.207413,-1.715964,0.2273467008657048,2,-1.096967321244193,1,1.7037637576262843,0.0850492518807105,3,0.0,0.4737877050261945,0.2546249253678617,1,1.333931750621901,0.3796721288811475,-0.9614863916702532,6,-1.5679065665042955,2,-0.5522174169816926,1.1019669435398385,-1.0785044383346123,0,0,-0.6039107501479274,-0.4262300150429028,-1.584178240646517,0.0,-0.9320143892374164,-0.678773515728442,-0.6201892226844657,0.3380961637724818,-0.3278933184400019,-0.6154915796172451,-0.6791456840737199,-0.3148734873096303,1
942,7.4736,4.233872,-0.7581699611438873,2,0.8317742140744212,1,-0.3939381836990763,0.0850492518807105,5,0.0,0.4754493327242594,-1.5756862740979405,0,-0.8803614815898617,-1.0261667362455194,-0.0577875452794142,2,1.153253590238697,1,-0.3985953517784621,1.309545905350247,-1.0785044383346123,0,0,-0.8772324258614291,-0.4262300150429028,-1.584178240646517,0.0,0.241988311858558,-0.1645114009902331,2.4833959938131165,0.3380961637724818,0.3252275191030913,-0.6154915796172451,1.1834366957553253,0.8065414765793012,0
943,4.689665,3.2507565,-0.1011588531374925,2,-1.183735899311226,1,0.0996387436715968,1.0617867539482455,5,0.0,0.4771109604223243,1.1697805251007627,0,-0.142263737519274,0.3796721288811475,0.8459113011114247,0,0.2462002046576992,1,0.1255894820477752,-1.2038881860629862,0.1228606975723441,0,0,-0.8772324258614291,-0.4262300150429028,-1.584178240646517,0.0,-0.9320143892374164,-0.1645114009902331,-2.171981830933257,0.3380961637724818,-0.0013328996684553,0.7649976209279952,-0.3687152874355457,0.8065414765793012,0
944,4.864527,6.106802,0.9938596602064989,2,0.4673461861928835,0,-1.010909342912418,-0.8916882501868245,1,0.0,0.4804342158184541,1.1697805251007627,0,-1.0771875466753518,0.3796721288811475,-0.9614863916702532,1,-1.5679065665042955,2,-0.6544196484654462,1.2148213147881513,1.324225833479301,0,0,-0.8772324258614291,-0.4262300150429028,0.2662325767951835,0.0,-0.9320143892374164,-0.1645114009902331,0.1557070814399298,1.754054456494842,-0.0013328996684553,0.4888997808189471,0.8730062991171511,0.8065414765793012,0
945,6.619011,5.4287424,-0.9771736638126856,0,1.6697107679789092,1,-1.010909342912418,0.0850492518807105,1,0.0,0.482095843516519,0.2546249253678617,0,-0.5359158676902541,-2.432005601372186,-0.0577875452794142,2,1.153253590238697,1,0.0363484483197575,0.2921700728888068,-1.0785044383346123,0,0,-1.1505541015749308,-0.4262300150429028,-1.584178240646517,0.0,2.5899937140505074,-0.1645114009902331,2.4833959938131165,0.3380961637724818,0.3252275191030913,1.041095461037043,1.4938670923934996,0.2458339946348354,0
946,35.8225,23.07961,1.4318670655440953,2,1.287929024483965,1,2.320734916839626,0.0850492518807105,1,0.0,0.4854190989126488,1.1697805251007627,0,-1.1263940629467242,0.3796721288811475,1.7496101475022634,5,-1.5679065665042955,1,2.204905567910588,1.139631914267793,0.523315742874663,0,1,-1.1505541015749308,-0.4262300150429028,-0.6589728319256667,0.0,-0.9320143892374164,1.76397152927805,-0.6201892226844657,0.3380961637724818,-0.6544537372115486,-0.6154915796172451,-0.3687152874355457,-0.5952272282818631,0
947,-48.24214,-4.0609994,0.3368485522001039,2,-1.2481925573038788,2,1.950552221311621,1.0617867539482455,2,0.0,0.4870807266107137,1.1697805251007627,1,-0.4375028351475091,-1.0261667362455194,0.8459113011114247,7,-0.6608531809232983,2,0.5505467855145263,0.4106460815592024,-0.2775943477299747,0,1,-0.8772324258614291,-0.4262300150429028,0.2662325767951835,0.0,-0.9320143892374164,-0.2930769296747854,-0.6201892226844657,0.3380961637724818,-0.3278933184400019,-0.063295899399149,-0.3687152874355457,-1.1559347102263289,1
948,35.764465,-21.287277,1.6508707682128936,2,0.5640311731818629,2,-0.5173324155417446,0.0850492518807105,1,0.0,0.4887423543087786,-0.6605306743650393,1,-0.0930572212479015,0.3796721288811475,0.8459113011114247,7,-0.6608531809232983,2,0.4128606191912989,1.0148315634975549,2.5255909693862573,0,1,1.036019304133083,-0.4262300150429028,0.2662325767951835,0.0,-0.9320143892374164,-0.1645114009902331,-0.6201892226844657,-1.0778621289498782,0.161947309717318,0.7649976209279952,1.4938670923934996,0.8065414765793012,1
949,-5.8660936,33.864197,-0.7581699611438873,2,-0.4176933100908508,1,0.9633983665702748,1.0617867539482455,3,0.0,0.4920656097049084,-0.6605306743650393,0,1.432344783164646,0.3796721288811475,0.8459113011114247,3,-1.5679065665042955,1,1.150161540706112,1.6322278933778014,-0.6780493930322936,0,1,2.1293060069870897,2.346151056253851,1.1914379855160335,0.0,1.4159910129545328,-0.2930769296747854,-0.6201892226844657,0.3380961637724818,0.3252275191030913,-0.8915894197262932,-0.6791456840737199,1.086895217551534,0
950,17.260702,-8.134281,0.2273467008657048,2,-0.6903945554443824,1,1.0867925984129432,-0.8916882501868245,1,0.0,0.4937272374029733,-1.5756862740979405,1,-1.6676657419318217,0.3796721288811475,-0.0577875452794142,4,0.2462002046576992,2,-0.418355866389666,-0.1350743711894882,-1.0785044383346123,0,0,-1.1505541015749308,-0.4262300150429028,-1.584178240646517,0.0,-0.9320143892374164,-0.2930769296747854,2.4833959938131165,0.3380961637724818,0.161947309717318,0.7649976209279952,-0.3687152874355457,0.8065414765793012,0
951,12.292004,-14.099308,-0.6486681098094882,0,-0.5342111149237234,2,-0.8875151110697495,1.0617867539482455,1,0.0,0.4970504927991031,1.1697805251007627,0,-0.4375028351475091,0.3796721288811475,0.8459113011114247,7,0.2462002046576992,0,0.711605603528425,-0.7558436835229847,-0.6780493930322936,0,1,1.036019304133083,-0.4262300150429028,-1.584178240646517,0.0,0.241988311858558,-0.1645114009902331,1.707499689688721,-1.0778621289498782,0.4885077284888646,1.041095461037043,2.114727885669848,0.5261877356070683,0
952,30.231792,-16.972572,0.4463504035345031,0,-1.3547939532148048,2,0.0996387436715968,-0.8916882501868245,3,0.0,0.5053586312894276,0.2546249253678617,1,-1.2740136117608418,-2.432005601372186,-0.0577875452794142,7,-0.6608531809232983,2,-0.0747778865367978,1.0907236686956727,-0.6780493930322936,0,0,-0.6039107501479274,-0.4262300150429028,-1.584178240646517,0.0,-0.9320143892374164,0.9925783571707368,0.9316033855643254,0.3380961637724818,1.9580296129608248,-0.6154915796172451,2.7355886789461965,1.3672489585237668,0
953,-44.884674,0.05687334,-0.6486681098094882,1,0.6384042400964625,2,-1.010909342912418,0.0850492518807105,1,0.0,0.5086818866855575,1.1697805251007627,0,-0.5851223839616266,0.3796721288811475,-0.9614863916702532,8,-0.6608531809232983,2,-0.8926082170585602,-0.8424168998230602,-0.6780493930322936,0,1,-1.1505541015749308,-0.4262300150429028,-1.584178240646517,0.0,-0.9320143892374164,-1.0644701017820986,-0.6201892226844657,1.754054456494842,-0.6544537372115486,-0.6154915796172451,-0.0582848907973714,-0.5952272282818631,1
954,-34.05649,-5.8068094,0.7748559575377005,2,0.3285164612856311,1,-0.7641208792270812,0.0850492518807105,1,0.0,0.5120051420816872,-1.5756862740979405,1,1.137105685536411,0.3796721288811475,-0.9614863916702532,2,-1.5679065665042955,1,-0.8798594979545576,0.0500180409325889,0.523315742874663,0,0,-0.8772324258614291,-0.4262300150429028,0.2662325767951835,0.0,-0.9320143892374164,-0.1645114009902331,0.9316033855643254,1.754054456494842,-0.6544537372115486,-0.6154915796172451,-0.3687152874355457,-0.5952272282818631,1
955,37.99372,10.186234,0.5558522548689022,0,-0.7622885201284952,1,-0.8875151110697495,-1.86842575225436,1,0.0,0.5136667697797521,0.2546249253678617,1,-1.4216331605749593,0.3796721288811475,1.7496101475022634,3,0.2462002046576992,1,2.413347125261029,1.7242822061644076,-1.0785044383346123,0,1,-0.6039107501479274,-0.4262300150429028,1.1914379855160335,0.0,-0.9320143892374164,1.2497094145398413,0.1557070814399298,-1.0778621289498782,2.1213098223465976,1.041095461037043,-0.0582848907973714,1.6476026994959998,0
956,41.545185,2.6438272,1.979376322216091,2,-1.290337295222152,1,-0.8875151110697495,-0.8916882501868245,3,0.0,0.5169900251758819,1.1697805251007627,0,-0.3882963188761366,-2.432005601372186,2.6533089938931025,3,0.2462002046576992,1,2.6950938174594854,-1.0289147213006582,0.523315742874663,0,0,-0.3305890744344257,-0.4262300150429028,1.1914379855160335,0.0,0.241988311858558,1.5068404719089457,1.707499689688721,0.3380961637724818,1.9580296129608248,1.3171933011460917,2.114727885669848,1.9279564404682328,0
957,35.736618,17.100609,2.08887817355049,2,-1.4787490647391377,0,-0.1471497200137397,1.0617867539482455,1,0.0,0.5203132805720118,1.1697805251007627,1,1.629170848250136,0.3796721288811475,2.6533089938931025,3,-0.6608531809232983,2,2.8077075028781744,-1.446321299890308,1.324225833479301,0,0,-0.3305890744344257,-0.4262300150429028,-1.584178240646517,0.0,-0.9320143892374164,3.1781923448081244,0.9316033855643254,0.3380961637724818,-0.0013328996684553,-0.339393739508197,1.4938670923934996,0.8065414765793012,0
958,-16.945827,8.676149,0.3368485522001039,0,-0.8540153026565014,1,0.8400041347276065,-0.8916882501868245,1,0.0,0.5236365359681415,0.2546249253678617,1,0.3990079414658235,0.3796721288811475,-0.9614863916702532,6,0.2462002046576992,0,-0.6287097316057078,-0.8124816805504691,2.5255909693862573,0,0,0.2160542769925777,-0.4262300150429028,-0.6589728319256667,0.0,0.241988311858558,-0.678773515728442,-2.171981830933257,0.3380961637724818,-0.4911735278257753,-0.6154915796172451,-0.6791456840737199,-1.1559347102263289,0
959,10.121531,-3.5894623,-0.3201625558062908,2,0.3483492791295243,1,-0.0237554881710714,0.0850492518807105,1,0.0,0.5302830467604011,1.1697805251007627,1,0.9894861367222936,0.3796721288811475,0.8459113011114247,0,1.153253590238697,0,0.4243344663849012,-1.23944504275766,-1.0785044383346123,0,0,-1.1505541015749308,-0.4262300150429028,1.1914379855160335,0.0,0.241988311858558,-0.1645114009902331,-2.171981830933257,-1.0778621289498782,0.3252275191030913,0.7649976209279952,-0.3687152874355457,0.5261877356070683,0
960,24.454693,-6.334888,0.3368485522001039,2,-0.6928736576748691,1,-0.8875151110697495,0.0850492518807105,1,0.0,0.5336063021565309,0.2546249253678617,1,1.5799643319787635,0.3796721288811475,-0.0577875452794142,6,1.153253590238697,2,-0.3913710776195273,1.1442697651410116,-0.6780493930322936,0,0,-0.6039107501479274,-0.4262300150429028,0.2662325767951835,0.0,-0.9320143892374164,-0.2930769296747854,0.9316033855643254,0.3380961637724818,0.3252275191030913,1.041095461037043,1.8042974890316736,1.086895217551534,0
961,7.35887,-14.814179,0.4463504035345031,1,0.5342819464160231,2,-1.010909342912418,0.0850492518807105,2,0.0,0.5385911852507256,0.2546249253678617,0,0.0053558112948434,0.3796721288811475,-0.0577875452794142,7,-1.5679065665042955,0,-0.5099341652867508,-1.4076725426134886,-1.0785044383346123,0,0,0.4893759527060795,-0.4262300150429028,1.1914379855160335,0.0,0.241988311858558,-0.1645114009902331,-0.6201892226844657,0.3380961637724818,0.3252275191030913,-0.339393739508197,-0.3687152874355457,0.8065414765793012,0
962,-12.667379,-25.0817,-0.2106607044718917,1,-0.7945168491248218,1,-0.6407266473844129,1.0617867539482455,1,0.0,0.5402528129487905,0.2546249253678617,1,1.038692652993666,0.3796721288811475,-0.0577875452794142,6,0.2462002046576992,2,-0.4789122821336781,-1.6335218260456663,-0.6780493930322936,0,1,-1.1505541015749308,-0.4262300150429028,-0.6589728319256667,0.0,-0.9320143892374164,-0.2930769296747854,0.1557070814399298,0.3380961637724818,0.3252275191030913,0.4888997808189471,-0.3687152874355457,-0.8755809692540959,0
963,41.697502,10.399539,1.5413689168784943,2,-0.0805354067446662,0,-0.5173324155417446,0.0850492518807105,1,0.0,0.5435760683449203,0.2546249253678617,1,0.8910731041795485,0.3796721288811475,1.7496101475022634,3,-0.6608531809232983,0,1.5984914958635343,0.4602570318090834,-0.6780493930322936,0,1,-1.1505541015749308,-0.4262300150429028,-0.6589728319256667,0.0,0.241988311858558,2.7924957587544674,-0.6201892226844657,0.3380961637724818,4.243952544361651,1.3171933011460917,-0.6791456840737199,1.6476026994959998,0
964,7.842345,-13.796848,0.1178448495313057,2,0.5119700263416432,2,-0.8875151110697495,-0.8916882501868245,1,0.0,0.548560951439115,-0.6605306743650393,0,-1.7168722582031943,0.3796721288811475,-0.0577875452794142,7,-1.5679065665042955,0,0.0828812730493668,0.7234902040981119,0.1228606975723441,0,0,-0.0572673987209239,-0.4262300150429028,1.1914379855160335,0.0,0.241988311858558,-0.0359458723056809,0.1557070814399298,0.3380961637724818,-0.0013328996684553,0.7649976209279952,-0.3687152874355457,0.8065414765793012,0
965,15.344561,-20.108183,-0.3201625558062908,2,-0.7325392933626554,2,0.7166099028849382,-0.8916882501868245,3,0.0,0.5502225791371799,0.2546249253678617,0,0.0053558112948434,0.3796721288811475,-0.0577875452794142,7,-1.5679065665042955,2,-0.0803023314818656,1.2985837123771855,-0.6780493930322936,0,0,-0.8772324258614291,-0.4262300150429028,1.1914379855160335,0.0,-0.9320143892374164,-0.1645114009902331,2.4833959938131165,1.754054456494842,0.4885077284888646,1.041095461037043,2.114727885669848,0.5261877356070683,0
966,-27.88807,-20.993092,-1.3056792178158831,2,0.1971240430698386,1,1.2101868302556114,-1.86842575225436,3,0.0,0.5535458345333096,1.1697805251007627,1,0.0545623275662159,0.3796721288811475,-0.9614863916702532,2,1.153253590238697,1,-0.6021499001390359,-0.7361679525456948,0.1228606975723441,0,0,-1.1505541015749308,-0.4262300150429028,0.2662325767951835,0.0,2.5899937140505074,-0.5502079870438897,2.4833959938131165,-1.0778621289498782,-0.6544537372115486,-0.6154915796172451,-0.3687152874355457,-0.5952272282818631,0
967,32.01334,7.1333175,2.3078818762192883,2,-0.4995036836969103,1,-0.270543951856408,1.0617867539482455,3,0.0,0.5568690899294395,0.2546249253678617,0,-0.6343289002329991,-1.0261667362455194,0.8459113011114247,4,-1.5679065665042955,1,0.7447522731988315,-0.3218532745381902,1.7246808787816197,0,1,-0.3305890744344257,-0.4262300150429028,1.1914379855160335,0.0,-0.9320143892374164,2.535364701385363,-2.171981830933257,-1.0778621289498782,0.4885077284888646,1.3171933011460917,0.8730062991171511,1.3672489585237668,1
968,-13.147733,33.07794,0.3368485522001039,2,-1.1738194903892794,1,-1.010909342912418,1.0617867539482455,1,0.0,0.5585307176275044,-0.6605306743650393,1,1.0878991692650386,0.3796721288811475,-0.9614863916702532,2,-0.6608531809232983,1,-0.8745475316612232,-1.0612391364776343,0.1228606975723441,0,0,1.855984331273588,2.346151056253851,0.2662325767951835,0.0,0.241988311858558,-0.5502079870438897,0.1557070814399298,0.3380961637724818,-0.4911735278257753,-0.6154915796172451,-0.6791456840737199,-0.3148734873096303,0
969,22.773932,-11.476939,-0.1011588531374925,1,-0.4846290703139904,2,-0.270543951856408,0.0850492518807105,2,0.0,0.5601923453255693,-1.5756862740979405,0,0.841866587908176,1.7855109940078144,-0.0577875452794142,7,-1.5679065665042955,1,-0.3960456079576616,-1.6938138873975048,-0.2775943477299747,0,0,0.2160542769925777,-0.4262300150429028,1.1914379855160335,0.0,0.241988311858558,0.7354472998016324,-0.6201892226844657,-1.0778621289498782,1.304908775417731,0.7649976209279952,1.1834366957553253,2.488663922412698,0
970,22.815105,-7.203753,1.2128633628752972,2,0.130188282846699,1,-0.6407266473844129,0.0850492518807105,1,0.0,0.5618539730236342,1.1697805251007627,1,-0.5851223839616266,0.3796721288811475,0.8459113011114247,4,1.153253590238697,2,0.2964223180414091,0.6173817977562985,-0.6780493930322936,0,0,-1.1505541015749308,-0.4262300150429028,0.2662325767951835,0.0,-0.9320143892374164,-0.0359458723056809,-0.6201892226844657,0.3380961637724818,0.4885077284888646,1.3171933011460917,-0.6791456840737199,1.086895217551534,0
971,1.7592964,-13.384455,-1.0866755151470848,2,1.2110768553388789,2,0.2230329755142651,0.0850492518807105,3,0.0,0.563515600721699,0.2546249253678617,0,1.5799643319787635,1.7855109940078144,-0.9614863916702532,8,1.153253590238697,1,-0.843313169856417,-1.094266256332371,2.1251359240839385,0,0,-0.3305890744344257,-0.4262300150429028,-0.6589728319256667,0.0,0.241988311858558,-0.8073390444129942,0.9316033855643254,0.3380961637724818,-0.9810141559830952,-1.1676872598353414,-0.6791456840737199,-1.1559347102263289,0
972,23.96982,20.475498,1.5413689168784943,2,1.493694509614357,1,0.2230329755142651,-0.8916882501868245,5,0.0,0.5685004838158938,1.1697805251007627,0,0.7926600716368035,-1.0261667362455194,1.7496101475022634,4,-0.6608531809232983,2,1.4106603677312304,1.42310298127632,0.1228606975723441,0,0,0.2160542769925777,-0.4262300150429028,-0.6589728319256667,0.0,-0.9320143892374164,2.2782336440162587,-1.3960855268088614,-1.0778621289498782,-0.3278933184400019,-0.6154915796172451,-0.6791456840737199,-0.3148734873096303,0
973,-26.322378,-1.1348368,-2.072192177156677,0,0.7970667828476081,1,-1.010909342912418,0.0850492518807105,1,0.0,0.5701621115139587,1.1697805251007627,0,1.5307578157073911,0.3796721288811475,-0.9614863916702532,2,1.153253590238697,2,-1.0394309654063227,0.7015658181519889,-0.6780493930322936,0,0,-0.0572673987209239,-0.4262300150429028,0.2662325767951835,0.0,-0.9320143892374164,-1.4501666878357553,1.707499689688721,1.754054456494842,-1.1442943653688686,-1.1676872598353414,-0.6791456840737199,-1.1559347102263289,0
974,4.60182,2.539237,-0.2106607044718917,2,0.0359823980882062,1,-1.010909342912418,0.0850492518807105,3,0.0,0.5718237392120236,1.1697805251007627,0,-0.2898832863333916,-1.0261667362455194,-0.0577875452794142,2,1.153253590238697,1,-0.2422110641026977,-0.4872699556829775,-1.0785044383346123,0,0,-0.8772324258614291,-0.4262300150429028,-0.6589728319256667,0.0,0.241988311858558,-0.1645114009902331,-2.171981830933257,0.3380961637724818,0.3252275191030913,0.7649976209279952,-0.6791456840737199,-1.1559347102263289,0
975,-5.6279254,27.400005,-1.0866755151470848,1,-0.0235160554434733,2,-0.8875151110697495,-1.86842575225436,1,0.0,0.5751469946081533,1.1697805251007627,1,-1.1263940629467242,-2.432005601372186,-0.0577875452794142,7,1.153253590238697,2,-0.3042548304088434,0.8543338150970898,0.1228606975723441,0,0,1.3093409798465847,2.346151056253851,-0.6589728319256667,0.0,-0.9320143892374164,-0.4216424583593375,0.1557070814399298,0.3380961637724818,-0.1646131090542286,-0.6154915796172451,-0.6791456840737199,-1.1559347102263289,0
976,36.171635,-21.413898,1.979376322216091,2,-1.3275238286794515,2,0.4698214391996017,1.0617867539482455,2,0.0,0.5768086223062182,-1.5756862740979405,1,0.9402796204509212,1.7855109940078144,1.7496101475022634,7,0.2462002046576992,2,1.528161062139787,-0.7077786835641765,1.324225833479301,0,1,0.4893759527060795,-0.4262300150429028,0.2662325767951835,0.0,-0.9320143892374164,1.6354060005934978,-0.6201892226844657,-1.0778621289498782,1.9580296129608248,0.7649976209279952,0.2521455058408027,1.086895217551534,1
977,46.62722,5.7791586,2.08887817355049,2,1.4044468293168375,1,1.7037637576262843,0.0850492518807105,1,0.0,0.5784702500042832,1.1697805251007627,1,0.1037688438375884,0.3796721288811475,1.7496101475022634,4,-0.6608531809232983,1,1.465904817181908,0.5511870171112733,0.523315742874663,0,1,-0.8772324258614291,-0.4262300150429028,-1.584178240646517,0.0,0.241988311858558,2.7924957587544674,-2.171981830933257,0.3380961637724818,1.9580296129608248,3.249878181909428,3.977310265498893,1.3672489585237668,0
978,-9.036302,42.32397,-0.3201625558062908,0,0.4871790040367768,1,2.073946453154289,-1.86842575225436,5,0.0,0.5801318777023481,-1.5756862740979405,0,1.2847252343505289,-1.0261667362455194,-0.9614863916702532,6,0.2462002046576992,0,-0.9506148889817716,0.2217590641772194,-0.6780493930322936,0,0,1.3093409798465847,2.346151056253851,0.2662325767951835,0.0,2.5899937140505074,-0.8073390444129942,-0.6201892226844657,0.3380961637724818,-0.3278933184400019,-0.063295899399149,-0.6791456840737199,-1.1559347102263289,0
979,28.545158,3.1188204,0.3368485522001039,2,0.9904367568255668,1,-0.8875151110697495,-1.86842575225436,3,0.0,0.581793505400413,-0.6605306743650393,0,1.137105685536411,1.7855109940078144,-0.0577875452794142,0,0.2462002046576992,0,-0.0267577112450549,-0.0597444297335782,0.9237707881769818,0,0,1.3093409798465847,2.346151056253851,-0.6589728319256667,0.0,2.5899937140505074,0.4783162424325279,-2.171981830933257,0.3380961637724818,0.8150681472604113,1.8693889813641875,2.7355886789461965,1.086895217551534,0
980,10.698443,9.145572,-0.3201625558062908,2,-1.282899988530692,1,2.4441291486822943,0.0850492518807105,3,0.0,0.5851167607965427,-0.6605306743650393,1,0.9894861367222936,0.3796721288811475,-0.0577875452794142,2,0.2462002046576992,1,-0.2281874730882949,0.4466245610605326,0.523315742874663,0,0,-0.6039107501479274,-0.4262300150429028,-1.584178240646517,0.0,1.4159910129545328,-0.1645114009902331,-1.3960855268088614,0.3380961637724818,0.161947309717318,0.7649976209279952,1.4938670923934996,0.8065414765793012,0
981,-47.135887,4.075747,-0.6486681098094882,1,-0.2466352561872719,2,-0.8875151110697495,0.0850492518807105,1,0.0,0.5884400161926726,0.2546249253678617,0,1.1863122018077836,-1.0261667362455194,-0.9614863916702532,8,1.153253590238697,2,-0.7899810282713399,-0.3416695464510322,1.7246808787816197,0,0,-0.3305890744344257,-0.4262300150429028,0.2662325767951835,0.0,-0.9320143892374164,-1.0644701017820986,0.1557070814399298,1.754054456494842,-0.9810141559830952,-1.1676872598353414,-0.6791456840737199,-1.1559347102263289,1
982,-49.89599,-2.473973,-0.2106607044718917,1,-0.3482784476372246,2,1.0867925984129432,1.0617867539482455,2,0.0,0.5901016438907375,1.1697805251007627,0,0.0545623275662159,0.3796721288811475,-0.0577875452794142,7,0.2462002046576992,1,-0.401357574250996,1.2613403644558867,-1.0785044383346123,0,1,0.7626976284195812,-0.4262300150429028,0.2662325767951835,0.0,0.241988311858558,-0.8073390444129942,-2.171981830933257,-1.0778621289498782,-0.4911735278257753,-0.6154915796172451,0.2521455058408027,-0.5952272282818631,1
983,-18.665216,-29.661943,0.1178448495313057,1,-0.2714262784921384,1,-0.270543951856408,0.0850492518807105,1,0.0,0.5934248992868673,1.1697805251007627,1,-0.4375028351475091,1.7855109940078144,-0.9614863916702532,6,0.2462002046576992,0,-0.8271647923246805,0.2016617103932733,-0.6780493930322936,0,0,-1.1505541015749308,-0.4262300150429028,1.1914379855160335,0.0,2.5899937140505074,-0.9359045730975464,-0.6201892226844657,0.3380961637724818,-0.4911735278257753,-0.6154915796172451,-0.6791456840737199,-0.3148734873096303,0
984,18.715881,-2.3048177,-0.3201625558062908,2,-0.9878868231027804,1,-0.8875151110697495,1.0617867539482455,5,0.0,0.5950865269849321,0.2546249253678617,0,1.5799643319787635,0.3796721288811475,-0.0577875452794142,0,1.153253590238697,2,0.0391106707922914,-1.1454231568733246,-0.6780493930322936,0,0,-1.1505541015749308,-0.4262300150429028,1.1914379855160335,0.0,-0.9320143892374164,0.3497507137479757,-0.6201892226844657,1.754054456494842,1.141628566031958,1.8693889813641875,0.5625759024789769,1.9279564404682328,0
985,0.6028182,-27.839188,-0.9771736638126856,2,-0.1648248825812124,2,2.073946453154289,0.0850492518807105,1,0.0,0.6017330377771918,0.2546249253678617,1,-0.8803614815898617,-1.0261667362455194,-0.0577875452794142,7,-1.5679065665042955,1,-0.3779849225603247,1.3940110076170416,-0.6780493930322936,0,0,-1.1505541015749308,-0.4262300150429028,0.2662325767951835,0.0,0.241988311858558,-0.8073390444129942,-2.171981830933257,0.3380961637724818,-0.3278933184400019,-0.339393739508197,-0.6791456840737199,-0.0345197463373974,0
986,-51.977245,-4.2760777,-0.6486681098094882,2,-1.1713403881587927,1,1.5803695257836163,1.0617867539482455,3,0.0,0.6050562931733215,1.1697805251007627,1,1.5799643319787635,0.3796721288811475,-0.0577875452794142,4,0.2462002046576992,1,-0.0688284842882633,0.9477935372392168,-0.6780493930322936,0,1,-0.0572673987209239,-0.4262300150429028,1.1914379855160335,0.0,1.4159910129545328,-0.1645114009902331,0.1557070814399298,-1.0778621289498782,0.4885077284888646,-0.6154915796172451,1.1834366957553253,0.8065414765793012,1
987,8.22778,-32.38018,0.2273467008657048,2,1.7242510170496157,2,1.456975293940948,1.0617867539482455,1,0.0,0.6067179208713864,-1.5756862740979405,1,-1.0771875466753518,-1.0261667362455194,-0.0577875452794142,7,1.153253590238697,1,-0.0813647247405324,-1.5102674255665005,0.1228606975723441,0,1,-0.8772324258614291,-0.4262300150429028,1.1914379855160335,0.0,1.4159910129545328,-0.4216424583593375,-0.6201892226844657,1.754054456494842,-0.3278933184400019,-0.063295899399149,-0.3687152874355457,-0.0345197463373974,0
988,14.31064,-22.734428,1.5413689168784943,1,-0.6482498175261093,2,-0.8875151110697495,0.0850492518807105,2,0.0,0.6083795485694513,-0.6605306743650393,1,-0.6835354165043717,0.3796721288811475,0.8459113011114247,7,-0.6608531809232983,1,0.8696897204180564,0.1520507601433923,-0.2775943477299747,0,0,-1.1505541015749308,-0.4262300150429028,-0.6589728319256667,0.0,-0.9320143892374164,0.3497507137479757,1.707499689688721,0.3380961637724818,-0.4911735278257753,-0.6154915796172451,0.2521455058408027,-0.5952272282818631,0
989,5.644225,8.72275,0.4463504035345031,1,0.9854785523645936,1,1.5803695257836163,0.0850492518807105,1,0.0,0.6100411762675162,1.1697805251007627,0,0.448214457737196,0.3796721288811475,-0.0577875452794142,6,1.153253590238697,0,-0.2201132843224267,-0.0506092689226936,0.1228606975723441,0,1,-0.3305890744344257,-0.4262300150429028,-1.584178240646517,0.0,1.4159910129545328,0.0926196563788712,0.9316033855643254,-1.0778621289498782,-0.1646131090542286,-0.6154915796172451,0.2521455058408027,-0.3148734873096303,0
990,-9.9465685,-25.600986,0.0083429981969065,2,1.5779839854509032,1,-0.6407266473844129,-1.86842575225436,1,0.0,0.6133644316636461,0.2546249253678617,1,-0.5851223839616266,0.3796721288811475,-0.9614863916702532,6,0.2462002046576992,1,-0.7451480327555976,-1.2832938146499062,1.7246808787816197,0,1,-0.0572673987209239,-0.4262300150429028,1.1914379855160335,0.0,-0.9320143892374164,-0.4216424583593375,-0.6201892226844657,0.3380961637724818,-0.1646131090542286,-0.063295899399149,-0.3687152874355457,-0.3148734873096303,0
991,-6.2003927,-27.044449,-0.42966440714069,1,0.7648384538512817,2,-0.5173324155417446,-1.86842575225436,1,0.0,0.615026059361711,-0.6605306743650393,1,-0.2406767700620191,0.3796721288811475,-0.0577875452794142,7,1.153253590238697,1,0.7426274866814978,0.699879326925364,1.324225833479301,0,0,-0.6039107501479274,-0.4262300150429028,-1.584178240646517,0.0,-0.9320143892374164,-0.4216424583593375,-0.6201892226844657,1.754054456494842,-0.3278933184400019,-0.063295899399149,-0.3687152874355457,-0.5952272282818631,0
992,9.117958,-20.657207,-0.5391662584750891,2,-0.7523721112065487,2,-0.8875151110697495,-1.86842575225436,2,0.0,0.6166876870597758,0.2546249253678617,1,-1.4708396768463317,0.3796721288811475,-0.0577875452794142,7,-0.6608531809232983,1,-0.5152461315800853,0.8690906133300572,-1.0785044383346123,0,1,-0.6039107501479274,-0.4262300150429028,-1.584178240646517,0.0,2.5899937140505074,-0.9359045730975464,0.1557070814399298,-1.0778621289498782,-0.6544537372115486,-0.6154915796172451,-0.3687152874355457,-0.5952272282818631,0
993,5.2078114,27.493643,0.2273467008657048,0,1.6920226880532891,1,1.950552221311621,-0.8916882501868245,1,0.0,0.6183493147578407,0.2546249253678617,1,0.251388392651706,0.3796721288811475,0.8459113011114247,0,0.2462002046576992,1,0.93853280357967,-1.5268512559616447,0.1228606975723441,0,0,1.5826626555600865,2.346151056253851,-0.6589728319256667,0.0,0.241988311858558,0.2211851850634235,-0.6201892226844657,0.3380961637724818,-0.1646131090542286,-0.063295899399149,-0.6791456840737199,0.2458339946348354,0
994,-22.521757,-16.040962,-1.3056792178158831,2,1.4118841360082974,2,1.0867925984129432,-1.86842575225436,1,0.0,0.6216725701539705,-1.5756862740979405,1,1.333931750621901,1.7855109940078144,-0.0577875452794142,7,0.2462002046576992,1,-0.0575671157463944,-0.2580476897975501,-0.2775943477299747,0,0,-1.1505541015749308,-0.4262300150429028,-0.6589728319256667,0.0,-0.9320143892374164,-0.678773515728442,0.1557070814399298,-1.0778621289498782,-0.6544537372115486,-0.6154915796172451,-0.3687152874355457,-0.5952272282818631,0
995,35.628174,25.910566,1.6508707682128936,1,-1.1911732060026858,1,2.320734916839626,-0.8916882501868245,3,0.0,0.6249958255501004,1.1697805251007627,0,-0.3390898026047641,1.7855109940078144,1.7496101475022634,4,0.2462002046576992,1,1.432970626163235,-0.6439730988235364,-0.2775943477299747,0,1,-1.1505541015749308,-0.4262300150429028,-0.6589728319256667,0.0,0.241988311858558,1.6354060005934978,0.1557070814399298,-1.0778621289498782,-0.3278933184400019,-0.339393739508197,-0.6791456840737199,-0.5952272282818631,0
996,20.05424,-3.5453537,0.6653541062033014,2,0.3161209501331978,1,-0.3939381836990763,0.0850492518807105,3,0.0,0.6266574532481652,-1.5756862740979405,0,0.349801425194451,-1.0261667362455194,-0.0577875452794142,6,0.2462002046576992,2,-0.5146086956248852,0.7996633911673343,-0.6780493930322936,0,1,-0.3305890744344257,-0.4262300150429028,-1.584178240646517,0.0,-0.9320143892374164,1.121143885855289,0.1557070814399298,-2.4938204216722384,2.1213098223465976,0.7649976209279952,-0.3687152874355457,1.086895217551534,0
997,-4.70535,-24.915148,-1.0866755151470848,2,-1.481228166969624,2,0.0996387436715968,0.0850492518807105,2,0.0,0.6283190809462301,1.1697805251007627,0,1.5799643319787635,-1.0261667362455194,-0.0577875452794142,7,1.153253590238697,1,-0.1559447314989472,-1.0137363002610345,-0.6780493930322936,0,1,-1.1505541015749308,-0.4262300150429028,1.1914379855160335,0.0,-0.9320143892374164,-0.678773515728442,0.1557070814399298,0.3380961637724818,-0.1646131090542286,-0.6154915796172451,0.5625759024789769,-0.0345197463373974,0
998,-50.483746,-3.9667006,-1.0866755151470848,2,-1.6547653231036896,1,0.9633983665702748,1.0617867539482455,1,0.0,0.6316423363423599,1.1697805251007627,0,-0.7327419327757442,0.3796721288811475,-0.9614863916702532,6,0.2462002046576992,2,-0.8730601810990897,1.597654823231992,-0.6780493930322936,0,1,-0.6039107501479274,-0.4262300150429028,1.1914379855160335,0.0,-0.9320143892374164,-0.4216424583593375,-0.6201892226844657,0.3380961637724818,0.161947309717318,-0.6154915796172451,1.4938670923934996,0.8065414765793012,1
999,-25.400843,-13.927057,-1.196177366481484,2,-0.2962173007970049,1,-0.8875151110697495,-1.86842575225436,3,0.0,0.6349655917384898,-1.5756862740979405,1,-1.4708396768463317,-1.0261667362455194,-0.9614863916702532,6,1.153253590238697,2,-0.5522174169816926,-1.44238615369485,-1.0785044383346123,0,0,-0.8772324258614291,-0.4262300150429028,1.1914379855160335,0.0,-0.9320143892374164,-0.8073390444129942,-0.6201892226844657,0.3380961637724818,-0.4911735278257753,-0.339393739508197,-0.3687152874355457,-0.8755809692540959,0
1000,38.184937,12.310974,0.5558522548689022,2,0.8540861341488011,0,0.0996387436715968,0.0850492518807105,0,0.0,0.6366272194365546,0.2546249253678617,0,-1.7168722582031943,0.3796721288811475,1.7496101475022634,3,-1.5679065665042955,1,2.187694797120185,0.3236512424524707,-1.0785044383346123,0,0,-0.3305890744344257,-0.4262300150429028,0.2662325767951835,0.0,0.241988311858558,1.2497094145398413,1.707499689688721,0.3380961637724818,2.1213098223465976,0.7649976209279952,-0.6791456840737199,1.3672489585237668,0
1001,-0.08467036,0.31701103,1.6508707682128936,2,-1.3498357487538315,1,-0.1471497200137397,1.0617867539482455,4,0.0,0.6382888471346195,0.2546249253678617,0,-0.5851223839616266,0.3796721288811475,-0.9614863916702532,2,-1.5679065665042955,1,-0.7549220507353328,0.4286353213098675,2.5255909693862573,0,0,-0.6039107501479274,-0.4262300150429028,0.2662325767951835,0.0,-0.9320143892374164,0.0926196563788712,-0.6201892226844657,-2.4938204216722384,-0.3278933184400019,-0.063295899399149,-0.6791456840737199,-0.0345197463373974,0
1002,-10.237261,5.0191145,0.0083429981969065,2,1.6350033367520962,1,0.2230329755142651,0.0850492518807105,3,0.0,0.6416121025307493,-1.5756862740979405,0,1.3831382668932737,0.3796721288811475,-0.9614863916702532,2,0.2462002046576992,2,-0.6106490462083709,0.6735981719771268,0.523315742874663,0,0,0.7626976284195812,-0.4262300150429028,-1.584178240646517,0.0,-0.9320143892374164,-0.4216424583593375,2.4833959938131165,0.3380961637724818,-0.6544537372115486,-0.6154915796172451,-0.6791456840737199,-0.5952272282818631,0
1003,-7.2698116,-18.307901,-0.2106607044718917,1,-1.493623678122057,1,1.0867925984129432,-0.8916882501868245,1,0.0,0.6432737302288142,0.2546249253678617,1,-0.2898832863333916,0.3796721288811475,0.8459113011114247,4,1.153253590238697,2,0.607491064179071,0.7913714759697621,-0.2775943477299747,0,0,-1.1505541015749308,-0.4262300150429028,0.2662325767951835,0.0,-0.9320143892374164,-0.1645114009902331,-0.6201892226844657,0.3380961637724818,-0.8177339465973219,-0.6154915796172451,-0.0582848907973714,-0.5952272282818631,0
1004,-21.826372,-9.929949,-1.3056792178158831,2,0.3632238925124442,1,-1.010909342912418,0.0850492518807105,5,0.0,0.6482586133230089,-1.5756862740979405,1,0.743453555365431,0.3796721288811475,-0.9614863916702532,2,1.153253590238697,1,-0.6956405069017211,-1.3215209491200697,0.523315742874663,0,0,-1.1505541015749308,-0.4262300150429028,-0.6589728319256667,0.0,0.241988311858558,-0.5502079870438897,-0.6201892226844657,-1.0778621289498782,-0.6544537372115486,-0.6154915796172451,-0.6791456840737199,-0.5952272282818631,0
1005,-20.171083,-8.035212,-1.196177366481484,2,-0.3730694699420911,1,-0.270543951856408,0.0850492518807105,4,0.0,0.6515818687191387,0.2546249253678617,1,1.6783773645215088,1.7855109940078144,-0.9614863916702532,2,-1.5679065665042955,2,-0.6214854574467731,1.301956694830435,-1.0785044383346123,0,0,-0.8772324258614291,-0.4262300150429028,1.1914379855160335,0.0,-0.9320143892374164,-0.4216424583593375,-0.6201892226844657,0.3380961637724818,-0.0013328996684553,0.7649976209279952,-0.6791456840737199,0.8065414765793012,0
1006,17.434496,2.5099318,-0.8676718124782865,2,-1.1663821836978194,0,0.9633983665702748,0.0850492518807105,4,0.0,0.6549051241152685,-0.6605306743650393,1,-0.7327419327757442,-1.0261667362455194,0.8459113011114247,1,-1.5679065665042955,2,0.315545396697413,-0.6386325432725577,-0.6780493930322936,0,0,-0.6039107501479274,-0.4262300150429028,-1.584178240646517,0.0,-0.9320143892374164,-0.1645114009902331,0.1557070814399298,-1.0778621289498782,0.4885077284888646,1.3171933011460917,-0.6791456840737199,1.3672489585237668,0
1007,-29.008202,19.871841,1.3223652142096962,1,1.6672316657484223,1,2.320734916839626,-0.8916882501868245,1,0.0,0.6565667518133333,-1.5756862740979405,1,1.5307578157073911,-1.0261667362455194,-0.0577875452794142,2,-1.5679065665042955,2,-0.4714755293230099,1.1801077037067895,0.1228606975723441,0,0,1.3093409798465847,2.346151056253851,-1.584178240646517,0.0,-0.9320143892374164,1.121143885855289,-0.6201892226844657,0.3380961637724818,-0.4911735278257753,-0.339393739508197,-0.3687152874355457,-0.3148734873096303,1
1008,-41.91658,-10.32319,-0.8676718124782865,1,-1.1539866725453862,1,0.59321567104227,-1.86842575225436,4,0.0,0.6582283795113983,0.2546249253678617,0,0.8910731041795485,0.3796721288811475,0.8459113011114247,0,1.153253590238697,2,0.2231171831933946,1.2110267095282454,-1.0785044383346123,0,1,-0.8772324258614291,-0.4262300150429028,-1.584178240646517,0.0,-0.9320143892374164,-0.2930769296747854,-1.3960855268088614,0.3380961637724818,0.161947309717318,0.7649976209279952,1.4938670923934996,0.8065414765793012,1
1009,42.23815,1.6734394,1.869874470881692,2,0.4177641415831505,1,-1.010909342912418,0.0850492518807105,3,0.0,0.6598900072094632,1.1697805251007627,0,-0.5851223839616266,0.3796721288811475,1.7496101475022634,5,1.153253590238697,2,2.3000960038871403,-1.2172395749404328,1.324225833479301,0,0,1.036019304133083,-0.4262300150429028,1.1914379855160335,0.0,-0.9320143892374164,2.2782336440162587,0.1557070814399298,-1.0778621289498782,2.1213098223465976,0.7649976209279952,3.0460190755843706,0.8065414765793012,0
1010,19.962795,31.051249,2.3078818762192883,2,0.6260087289440293,1,-1.010909342912418,0.0850492518807105,3,0.0,0.6615516349075281,1.1697805251007627,0,0.4974209740085685,0.3796721288811475,2.6533089938931025,5,-1.5679065665042955,1,2.8043078444504403,1.1444103060765638,0.1228606975723441,0,1,1.5826626555600865,2.346151056253851,0.2662325767951835,0.0,0.241988311858558,2.6639302300699157,0.1557070814399298,0.3380961637724818,0.3252275191030913,1.041095461037043,-0.3687152874355457,0.2458339946348354,0
1011,30.86094,20.81416,1.979376322216091,2,0.8268160096134479,1,-1.010909342912418,1.0617867539482455,3,0.0,0.663213262605593,-0.6605306743650393,1,0.743453555365431,1.7855109940078144,1.7496101475022634,5,1.153253590238697,0,1.7485014239872974,-0.2669017687373305,-0.2775943477299747,0,0,-0.6039107501479274,-0.4262300150429028,1.1914379855160335,0.0,1.4159910129545328,2.535364701385363,0.9316033855643254,1.754054456494842,-0.0013328996684553,0.7649976209279952,-0.6791456840737199,-1.1559347102263289,0
1012,-2.7527947,-22.155249,-0.1011588531374925,2,0.9210218943719408,2,-0.7641208792270812,1.0617867539482455,2,0.0,0.6648748903036579,-1.5756862740979405,0,1.629170848250136,0.3796721288811475,-0.0577875452794142,7,-0.6608531809232983,2,0.5896428574334673,0.906474502186908,0.1228606975723441,0,1,0.2160542769925777,-0.4262300150429028,1.1914379855160335,0.0,-0.9320143892374164,0.4783162424325279,0.1557070814399298,0.3380961637724818,-0.3278933184400019,-0.063295899399149,-0.6791456840737199,-0.8755809692540959,0
1013,-46.040527,3.683282,-0.6486681098094882,1,-0.3358829364847913,2,-1.010909342912418,1.0617867539482455,1,0.0,0.6681981456997877,-0.6605306743650393,0,-0.7819484490471167,-2.432005601372186,-0.9614863916702532,8,0.2462002046576992,2,-1.0929755856431334,0.258721330227414,-0.6780493930322936,0,0,-0.8772324258614291,-0.4262300150429028,-0.6589728319256667,0.0,-0.9320143892374164,-1.3216011591512031,0.1557070814399298,0.3380961637724818,-0.9810141559830952,-1.1676872598353414,-0.6791456840737199,-1.1559347102263289,1
1014,3.4093237,-9.646632,-0.7581699611438873,2,0.130188282846699,2,-0.270543951856408,1.0617867539482455,2,0.0,0.6698597733978526,1.1697805251007627,0,0.349801425194451,0.3796721288811475,-0.0577875452794142,7,-1.5679065665042955,0,-0.366298596714989,-0.218134064100762,1.7246808787816197,0,0,-0.3305890744344257,-0.4262300150429028,-0.6589728319256667,0.0,1.4159910129545328,-0.4216424583593375,0.1557070814399298,0.3380961637724818,-0.6544537372115486,-0.6154915796172451,-0.6791456840737199,-0.5952272282818631,0
1015,21.628735,24.316528,-0.6486681098094882,2,-1.538247518270817,1,-0.1471497200137397,2.038524256015781,1,0.0,0.6731830287939824,-1.5756862740979405,0,1.333931750621901,0.3796721288811475,1.7496101475022634,5,-0.6608531809232983,2,2.107590345416702,-0.7682112858515668,0.1228606975723441,0,0,-1.1505541015749308,-0.4262300150429028,0.2662325767951835,0.0,-0.9320143892374164,-0.2930769296747854,0.1557070814399298,1.754054456494842,-0.6544537372115486,-0.6154915796172451,-0.3687152874355457,-1.1559347102263289,0
1016,4.771024,-5.5780907,-0.3201625558062908,1,-0.6011468751468629,1,-1.010909342912418,1.0617867539482455,4,0.0,0.6748446564920473,1.1697805251007627,1,1.235518718079156,0.3796721288811475,-0.9614863916702532,6,-1.5679065665042955,0,-0.7451480327555976,0.8391553940574662,0.9237707881769818,0,0,-0.3305890744344257,-0.4262300150429028,0.2662325767951835,0.0,1.4159910129545328,-0.1645114009902331,-0.6201892226844657,0.3380961637724818,-0.4911735278257753,-0.339393739508197,-0.3687152874355457,-0.3148734873096303,0
1017,-45.35649,4.217524,-0.6486681098094882,2,-1.488665473661084,1,-0.1471497200137397,0.0850492518807105,1,0.0,0.678167911888177,-1.5756862740979405,0,-1.569252709389077,-1.0261667362455194,-0.9614863916702532,6,-0.6608531809232983,2,-1.113798493513004,1.117145364579462,-0.6780493930322936,0,0,-0.8772324258614291,-0.4262300150429028,0.2662325767951835,0.0,-0.9320143892374164,-1.3216011591512031,0.1557070814399298,1.754054456494842,-0.9810141559830952,-1.1676872598353414,-0.6791456840737199,-1.1559347102263289,1
1018,-20.011066,-14.299617,-1.0866755151470848,2,1.4242796471607309,1,0.2230329755142651,-1.86842575225436,1,0.0,0.679829539586242,-0.6605306743650393,1,1.235518718079156,0.3796721288811475,-0.9614863916702532,2,-1.5679065665042955,1,-0.9357413833604354,-0.9323630985763854,-1.0785044383346123,0,0,-0.3305890744344257,-0.4262300150429028,-0.6589728319256667,0.0,-0.9320143892374164,-0.678773515728442,0.1557070814399298,1.754054456494842,-0.3278933184400019,-1.1676872598353414,-0.3687152874355457,-0.0345197463373974,0
1019,19.188778,-7.334965,-0.1011588531374925,2,-1.5630385405756837,1,-0.6407266473844129,1.0617867539482455,1,0.0,0.6814911672843069,-1.5756862740979405,1,-1.4216331605749593,-1.0261667362455194,-0.0577875452794142,2,1.153253590238697,2,-0.1472331067778788,1.1652103645382703,-0.6780493930322936,0,0,0.2160542769925777,-0.4262300150429028,0.2662325767951835,0.0,-0.9320143892374164,-0.1645114009902331,-0.6201892226844657,-1.0778621289498782,0.4885077284888646,-0.063295899399149,-0.3687152874355457,1.086895217551534,0
1020,3.0996213,-9.868905,-0.1011588531374925,2,-1.1738194903892794,2,0.8400041347276065,1.0617867539482455,2,0.0,0.6831527949823718,0.2546249253678617,0,1.5799643319787635,-1.0261667362455194,-0.0577875452794142,7,-1.5679065665042955,1,-0.1818671270104191,-0.1151175583410941,0.523315742874663,0,0,-0.6039107501479274,-0.4262300150429028,-1.584178240646517,0.0,1.4159910129545328,-0.0359458723056809,0.1557070814399298,-1.0778621289498782,-0.6544537372115486,-0.6154915796172451,-0.6791456840737199,-0.5952272282818631,0
1021,-11.51699,2.1721714,1.103361511540898,2,-0.8366615870430948,1,-1.010909342912418,0.0850492518807105,5,0.0,0.6864760503785016,-1.5756862740979405,1,0.3990079414658235,0.3796721288811475,-0.9614863916702532,6,1.153253590238697,1,-0.6550570844206464,-0.5773566953718549,1.7246808787816197,0,0,-0.8772324258614291,-0.4262300150429028,0.2662325767951835,0.0,0.241988311858558,0.7354472998016324,-0.6201892226844657,-1.0778621289498782,-0.1646131090542286,0.212801940709899,-0.3687152874355457,-0.5952272282818631,0
1022,-43.463825,4.0014453,-1.3056792178158831,2,-1.039947969943,2,-0.0237554881710714,-0.8916882501868245,1,0.0,0.6881376780765665,-1.5756862740979405,1,0.1037688438375884,-1.0261667362455194,-0.9614863916702532,8,-1.5679065665042955,1,-0.4468280057219383,0.1221155408708012,0.1228606975723441,0,0,-0.8772324258614291,-0.4262300150429028,-1.584178240646517,0.0,-0.9320143892374164,-0.678773515728442,-0.6201892226844657,0.3380961637724818,-0.6544537372115486,-0.6154915796172451,-0.0582848907973714,-0.5952272282818631,1
1023,6.7685027,-3.8907464,0.0083429981969065,0,1.51352732745825,1,-0.5173324155417446,-0.8916882501868245,5,0.0,0.6897993057746313,0.2546249253678617,1,0.8910731041795485,1.7855109940078144,-0.9614863916702532,2,0.2462002046576992,2,-0.6380587922819764,1.5680006858305051,-1.0785044383346123,0,0,-0.3305890744344257,-0.4262300150429028,-1.584178240646517,0.0,-0.9320143892374164,-0.5502079870438897,-0.6201892226844657,-2.4938204216722384,-0.1646131090542286,0.212801940709899,-0.3687152874355457,-0.3148734873096303,0
1024,-13.042001,30.648376,2.08887817355049,2,1.1218291750413594,1,-1.010909342912418,-0.8916882501868245,1,0.0,0.6914609334726963,-1.5756862740979405,0,1.1863122018077836,0.3796721288811475,-0.9614863916702532,6,-1.5679065665042955,1,-0.9427531788676368,-0.5367403649973064,-0.2775943477299747,0,0,1.855984331273588,2.346151056253851,1.1914379855160335,0.0,0.241988311858558,-0.8073390444129942,0.1557070814399298,1.754054456494842,-0.6544537372115486,-0.6154915796172451,-0.3687152874355457,-1.1559347102263289,0
1025,35.2217,3.2560196,1.103361511540898,2,-1.09944642347468,1,-0.8875151110697495,1.0617867539482455,3,0.0,0.6947841888688261,-1.5756862740979405,0,0.7926600716368035,0.3796721288811475,1.7496101475022634,5,0.2462002046576992,1,2.2663118982615336,1.7412876593662083,0.1228606975723441,0,0,1.036019304133083,-0.4262300150429028,-0.6589728319256667,0.0,1.4159910129545328,1.8925370579626024,-0.6201892226844657,1.754054456494842,2.1213098223465976,3.5259760220184755,0.8730062991171511,0.5261877356070683,0
1026,-2.1733944,-25.771315,-1.4151810691502822,2,1.6697107679789092,2,-0.6407266473844129,-1.86842575225436,3,0.0,0.6981074442649559,1.1697805251007627,0,-1.1756005792180968,0.3796721288811475,-0.0577875452794142,7,0.2462002046576992,1,-0.4973979248344817,0.1261912280018113,-0.6780493930322936,0,1,-0.8772324258614291,-0.4262300150429028,0.2662325767951835,0.0,1.4159910129545328,-0.8073390444129942,0.1557070814399298,0.3380961637724818,-0.3278933184400019,-0.063295899399149,-0.6791456840737199,-0.3148734873096303,0
1027,7.164311,-25.450792,-0.5391662584750891,2,-0.4995036836969103,2,-0.270543951856408,2.038524256015781,2,0.0,0.6997690719630207,1.1697805251007627,1,1.5307578157073911,0.3796721288811475,-0.0577875452794142,7,1.153253590238697,1,0.5739194372051976,1.2690701159112503,0.523315742874663,0,0,-0.8772324258614291,-0.4262300150429028,0.2662325767951835,0.0,0.241988311858558,-0.5502079870438897,0.1557070814399298,-1.0778621289498782,-0.4911735278257753,-0.339393739508197,-0.6791456840737199,-0.3148734873096303,0
1028,-0.12635623,-3.205717,-0.3201625558062908,2,-0.9953241297942405,1,-1.010909342912418,0.0850492518807105,1,0.0,0.7014306996610856,1.1697805251007627,0,0.9894861367222936,-1.0261667362455194,-0.9614863916702532,2,-0.6608531809232983,1,-0.6818293945390517,-1.4904511536536584,0.9237707881769818,0,0,0.4893759527060795,-0.4262300150429028,-1.584178240646517,0.0,0.241988311858558,-0.5502079870438897,-0.6201892226844657,-1.0778621289498782,-0.3278933184400019,-0.063295899399149,-0.6791456840737199,-0.5952272282818631,0
1029,-17.53467,-22.103552,0.4463504035345031,2,1.1912440374949855,1,-0.5173324155417446,2.038524256015781,3,0.0,0.7030923273591506,-0.6605306743650393,1,1.1863122018077836,1.7855109940078144,-0.9614863916702532,6,0.2462002046576992,1,-0.9297919811119008,-1.2300288000756714,-0.2775943477299747,0,1,-0.8772324258614291,-0.4262300150429028,-1.584178240646517,0.0,-0.9320143892374164,-0.5502079870438897,1.707499689688721,-1.0778621289498782,-0.4911735278257753,-0.6154915796172451,-0.6791456840737199,-0.3148734873096303,0
1030,12.169891,5.048571,0.3368485522001039,0,-0.3457993454067379,1,-0.0237554881710714,1.0617867539482455,4,0.0,0.7047539550572155,0.2546249253678617,1,0.743453555365431,0.3796721288811475,-0.0577875452794142,2,0.2462002046576992,0,-0.537131432708623,1.2347781276365453,0.1228606975723441,0,0,-1.1505541015749308,-0.4262300150429028,0.2662325767951835,0.0,1.4159910129545328,-0.0359458723056809,-0.6201892226844657,1.754054456494842,0.161947309717318,0.7649976209279952,-0.6791456840737199,0.8065414765793012,0
1031,20.354242,-11.895423,-0.6486681098094882,2,-1.1812567970807393,2,-0.1471497200137397,-0.8916882501868245,1,0.0,0.711400465849475,-1.5756862740979405,1,-1.7168722582031943,0.3796721288811475,0.8459113011114247,7,1.153253590238697,0,0.9115480148095312,-0.8330006571410715,-0.6780493930322936,0,0,0.7626976284195812,-0.4262300150429028,-1.584178240646517,0.0,0.241988311858558,0.2211851850634235,1.707499689688721,0.3380961637724818,0.9783483566461848,0.7649976209279952,2.114727885669848,1.3672489585237668,0
1032,27.905437,-13.423188,0.9938596602064989,2,-1.0548225833259202,2,-0.0237554881710714,0.0850492518807105,2,0.0,0.7180469766417347,-1.5756862740979405,1,-0.6835354165043717,0.3796721288811475,0.8459113011114247,7,1.153253590238697,0,0.7634503945513685,0.2351104530546661,0.523315742874663,0,0,-1.1505541015749308,-0.4262300150429028,-1.584178240646517,0.0,0.241988311858558,2.1496681153317065,-1.3960855268088614,1.754054456494842,-0.0013328996684553,0.7649976209279952,0.5625759024789769,-0.3148734873096303,1
1033,-24.660099,24.966564,0.2273467008657048,0,-0.5218156037712901,1,-0.8875151110697495,0.0850492518807105,1,0.0,0.7197086043397996,-1.5756862740979405,0,-0.5851223839616266,-1.0261667362455194,-0.9614863916702532,2,-1.5679065665042955,2,-0.6070369091289035,0.4030568710393906,-0.2775943477299747,0,1,2.1293060069870897,2.346151056253851,-0.6589728319256667,0.0,-0.9320143892374164,-0.0359458723056809,-0.6201892226844657,1.754054456494842,-0.9810141559830952,-1.1676872598353414,-0.6791456840737199,-1.1559347102263289,1
1034,19.911352,-26.719378,-0.6486681098094882,1,1.592858598833823,1,-1.010909342912418,2.038524256015781,1,0.0,0.7213702320378644,0.2546249253678617,0,1.6783773645215088,1.7855109940078144,0.8459113011114247,4,-0.6608531809232983,2,0.2003819674579234,-0.7564058472651929,-0.6780493930322936,0,0,-1.1505541015749308,-0.4262300150429028,-1.584178240646517,0.0,-0.9320143892374164,-0.1645114009902331,-0.6201892226844657,0.3380961637724818,0.4885077284888646,1.041095461037043,0.5625759024789769,0.8065414765793012,1
1035,20.486116,7.913913,0.8843578088720997,2,0.5838639910257561,1,1.3335810620982798,0.0850492518807105,3,0.0,0.7230318597359293,-0.6605306743650393,1,1.432344783164646,-2.432005601372186,0.8459113011114247,0,-1.5679065665042955,0,0.923871776610067,0.7799876601900444,-0.2775943477299747,0,1,0.7626976284195812,-0.4262300150429028,-0.6589728319256667,0.0,0.241988311858558,1.6354060005934978,-0.6201892226844657,0.3380961637724818,-0.0013328996684553,0.7649976209279952,-0.6791456840737199,0.8065414765793012,0
1036,-6.8645124,5.5114727,-0.6486681098094882,2,1.4763407940009503,0,-0.1471497200137397,-0.8916882501868245,3,0.0,0.7246934874339942,1.1697805251007627,0,1.4815512994360187,1.7855109940078144,-0.9614863916702532,1,-0.6608531809232983,2,-0.9336165968431016,1.446994940320172,2.5255909693862573,0,0,0.7626976284195812,-0.4262300150429028,1.1914379855160335,0.0,-0.9320143892374164,-0.4216424583593375,0.1557070814399298,0.3380961637724818,-0.6544537372115486,-0.6154915796172451,-0.6791456840737199,-0.5952272282818631,0
1037,-33.60926,7.539007,-0.6486681098094882,1,-0.6928736576748691,1,-0.8875151110697495,0.0850492518807105,1,0.0,0.729678370528189,-0.6605306743650393,1,1.3831382668932737,0.3796721288811475,-0.9614863916702532,2,1.153253590238697,1,-0.5908885315971669,0.9511665196924666,1.324225833479301,0,1,-0.6039107501479274,-0.4262300150429028,0.2662325767951835,0.0,0.241988311858558,-0.5502079870438897,-0.6201892226844657,-2.4938204216722384,-0.8177339465973219,-0.6154915796172451,-0.0582848907973714,-0.5952272282818631,1
1038,-6.5098968,13.040558,0.8843578088720997,2,1.600295905525283,1,2.4441291486822943,0.0850492518807105,5,0.0,0.7313399982262538,-0.6605306743650393,1,-0.5359158676902541,0.3796721288811475,0.8459113011114247,4,1.153253590238697,1,0.6113156799102717,0.0571856286457445,0.523315742874663,0,1,0.7626976284195812,-0.4262300150429028,1.1914379855160335,0.0,1.4159910129545328,-0.1645114009902331,0.9316033855643254,1.754054456494842,-0.6544537372115486,-0.8915894197262932,-0.3687152874355457,-0.5952272282818631,0
1039,13.067011,-29.905077,1.2128633628752972,2,1.0375396992048131,2,-0.270543951856408,0.0850492518807105,2,0.0,0.7330016259243187,0.2546249253678617,1,1.4815512994360187,0.3796721288811475,-0.0577875452794142,7,-1.5679065665042955,0,-0.2160761899394925,1.4731355543328573,0.523315742874663,0,0,-1.1505541015749308,-0.4262300150429028,-1.584178240646517,0.0,2.5899937140505074,0.4783162424325279,0.1557070814399298,0.3380961637724818,-0.8177339465973219,-0.6154915796172451,-0.0582848907973714,-0.5952272282818631,0
1040,-31.97363,-14.266584,-0.3201625558062908,2,0.754922044929335,0,-0.0237554881710714,1.0617867539482455,5,0.0,0.7346632536223836,-1.5756862740979405,0,-0.6835354165043717,0.3796721288811475,-0.9614863916702532,1,0.2462002046576992,1,-0.7991176102958749,-1.5798351886647757,-0.6780493930322936,0,0,-0.0572673987209239,-0.4262300150429028,1.1914379855160335,0.0,-0.9320143892374164,-1.193035630466651,-2.171981830933257,0.3380961637724818,-0.8177339465973219,-0.6154915796172451,-0.0582848907973714,-0.5952272282818631,1
1041,19.783674,5.477361,0.3368485522001039,0,-1.4489998379732976,1,-0.1471497200137397,-1.86842575225436,3,0.0,0.7363248813204485,1.1697805251007627,1,-0.5359158676902541,-1.0261667362455194,0.8459113011114247,5,-0.6608531809232983,0,1.5413347385472562,1.5269627326493005,-0.2775943477299747,0,0,-1.1505541015749308,-0.4262300150429028,0.2662325767951835,0.0,0.241988311858558,0.6068817711170802,1.707499689688721,0.3380961637724818,0.3252275191030913,1.041095461037043,0.5625759024789769,1.086895217551534,0
1042,-0.6515971,-19.453388,-0.9771736638126856,2,0.1574584073820522,2,-0.5173324155417446,0.0850492518807105,3,0.0,0.7379865090185135,1.1697805251007627,1,0.8910731041795485,0.3796721288811475,-0.0577875452794142,7,-1.5679065665042955,2,0.4164727562707663,1.2897296334374049,-1.0785044383346123,0,0,0.7626976284195812,-0.4262300150429028,1.1914379855160335,0.0,-0.9320143892374164,-0.678773515728442,0.9316033855643254,0.3380961637724818,-0.3278933184400019,-0.063295899399149,-0.3687152874355457,-0.3148734873096303,0
1043,-11.627125,-6.766475,0.7748559575377005,0,0.442555163888017,1,-0.5173324155417446,0.0850492518807105,1,0.0,0.7413097644146432,0.2546249253678617,1,1.1863122018077836,-1.0261667362455194,-0.9614863916702532,2,0.2462002046576992,2,-0.7098765765678573,-0.8910440635240767,0.1228606975723441,0,0,-0.3305890744344257,-0.4262300150429028,1.1914379855160335,0.0,-0.9320143892374164,-0.5502079870438897,1.707499689688721,0.3380961637724818,-0.3278933184400019,-0.6154915796172451,-0.6791456840737199,-0.3148734873096303,0
1044,35.443523,15.392531,1.7603726195472926,2,-0.8812854271918545,1,-0.8875151110697495,0.0850492518807105,3,0.0,0.7429713921127081,1.1697805251007627,1,-1.3232201280322142,1.7855109940078144,1.7496101475022634,5,-0.6608531809232983,2,2.144986588121776,0.7660741075703894,0.523315742874663,0,0,-0.8772324258614291,-0.4262300150429028,-0.6589728319256667,0.0,-0.9320143892374164,3.049626816123572,-0.6201892226844657,-1.0778621289498782,0.3252275191030913,1.041095461037043,1.8042974890316736,1.086895217551534,0
1045,-8.832784,15.8499,1.3223652142096962,2,1.7168137103581556,1,-0.5173324155417446,1.0617867539482455,5,0.0,0.744633019810773,-1.5756862740979405,1,1.4815512994360187,0.3796721288811475,-0.0577875452794142,0,0.2462002046576992,1,0.0314614393298899,1.0148315634975549,-0.2775943477299747,0,0,-0.3305890744344257,-0.4262300150429028,-0.6589728319256667,0.0,0.241988311858558,1.121143885855289,-2.171981830933257,-1.0778621289498782,-0.6544537372115486,-0.6154915796172451,-0.3687152874355457,-0.5952272282818631,0
1046,-18.880423,-11.996346,0.3368485522001039,2,0.2318314742966517,1,-0.8875151110697495,0.0850492518807105,3,0.0,0.7462946475088379,0.2546249253678617,1,0.1037688438375884,0.3796721288811475,-0.9614863916702532,6,0.2462002046576992,0,-0.883471635034025,-0.8809251161643276,-0.2775943477299747,0,0,-0.3305890744344257,-0.4262300150429028,0.2662325767951835,0.0,0.241988311858558,-0.4216424583593375,0.1557070814399298,1.754054456494842,-0.6544537372115486,-0.8915894197262932,-0.3687152874355457,-0.5952272282818631,0
1047,-7.143137,-13.907481,0.7748559575377005,2,1.6473988479045294,1,1.3335810620982798,0.0850492518807105,1,0.0,0.7479562752069029,1.1697805251007627,1,-0.8311549653184892,0.3796721288811475,-0.9614863916702532,6,-0.6608531809232983,2,-0.6550570844206464,0.961988171729976,-0.6780493930322936,0,0,-0.6039107501479274,-0.4262300150429028,0.2662325767951835,0.0,-0.9320143892374164,-0.678773515728442,0.1557070814399298,-1.0778621289498782,-0.3278933184400019,-0.6154915796172451,-0.3687152874355457,-0.3148734873096303,0
1048,8.20505,-18.985115,-0.42966440714069,1,-0.9234301651101277,2,-0.270543951856408,0.0850492518807105,3,0.0,0.7512795306030327,1.1697805251007627,1,-0.5851223839616266,0.3796721288811475,-0.0577875452794142,7,-1.5679065665042955,1,-0.4525649293187395,0.4417056283162101,-1.0785044383346123,0,0,-0.3305890744344257,-0.4262300150429028,-1.584178240646517,0.0,1.4159910129545328,-0.8073390444129942,-0.6201892226844657,0.3380961637724818,-0.4911735278257753,-0.339393739508197,-0.6791456840737199,-0.3148734873096303,0
1049,18.52718,-22.4393,-0.3201625558062908,2,1.2978454334059115,2,-0.7641208792270812,0.0850492518807105,4,0.0,0.7529411583010975,1.1697805251007627,1,0.743453555365431,-2.432005601372186,-0.0577875452794142,7,-1.5679065665042955,2,-0.3705481697496565,0.2217590641772194,0.1228606975723441,0,0,0.7626976284195812,-0.4262300150429028,1.1914379855160335,0.0,-0.9320143892374164,0.4783162424325279,-0.6201892226844657,0.3380961637724818,0.9783483566461848,1.3171933011460917,0.2521455058408027,2.2083101814404653,0
1050,1.5386633,-10.8678,-0.7581699611438873,2,1.3771767047814845,2,0.8400041347276065,-1.86842575225436,1,0.0,0.7546027859991624,1.1697805251007627,1,1.4815512994360187,0.3796721288811475,-0.0577875452794142,7,0.2462002046576992,1,-0.255384740510167,-1.5985271330932007,2.1251359240839385,0,0,-0.0572673987209239,-0.4262300150429028,0.2662325767951835,0.0,1.4159910129545328,-0.9359045730975464,-0.6201892226844657,-1.0778621289498782,-0.8177339465973219,-0.8915894197262932,-0.0582848907973714,-0.5952272282818631,0
1051,8.222173,0.17955717,0.5558522548689022,1,-0.1350756558153726,1,-0.0237554881710714,-0.8916882501868245,3,0.0,0.7562644136972273,-1.5756862740979405,0,0.3990079414658235,0.3796721288811475,-0.9614863916702532,2,1.153253590238697,2,-0.6012999855321024,0.3014457746352435,-0.6780493930322936,0,0,-0.6039107501479274,-0.4262300150429028,0.2662325767951835,0.0,-0.9320143892374164,0.0926196563788712,0.1557070814399298,0.3380961637724818,0.8150681472604113,1.3171933011460917,0.8730062991171511,1.086895217551534,0
1052,-1.0267972,-11.5118885,0.7748559575377005,1,-1.039947969943,2,-1.010909342912418,2.038524256015781,2,0.0,0.7579260413952922,-1.5756862740979405,0,0.645040522822686,0.3796721288811475,-0.0577875452794142,7,0.2462002046576992,1,-0.3686358618840561,-0.707075978886416,1.7246808787816197,0,0,-0.8772324258614291,-0.4262300150429028,0.2662325767951835,0.0,0.241988311858558,-0.0359458723056809,0.9316033855643254,-1.0778621289498782,-0.9810141559830952,-1.1676872598353414,-0.6791456840737199,-1.1559347102263289,0
1053,-21.457973,-24.206066,-0.7581699611438873,0,0.4648670839623969,1,-0.270543951856408,0.0850492518807105,5,0.0,0.7595876690933572,0.2546249253678617,1,-0.0930572212479015,0.3796721288811475,-0.9614863916702532,6,0.2462002046576992,0,-1.1110362710404702,-1.006428171612327,-0.6780493930322936,0,0,-0.6039107501479274,-0.4262300150429028,-0.6589728319256667,0.0,1.4159910129545328,-1.3216011591512031,-0.6201892226844657,-1.0778621289498782,-0.9810141559830952,-1.1676872598353414,-0.6791456840737199,-1.1559347102263289,0
1054,-15.401626,36.0099,2.198380024884889,2,-0.985407720872294,1,-1.010909342912418,-0.8916882501868245,1,0.0,0.7612492967914221,-0.6605306743650393,1,1.333931750621901,1.7855109940078144,-0.0577875452794142,6,0.2462002046576992,1,-0.3405886798552506,-1.6291650570435523,-1.0785044383346123,0,0,2.4026276827005915,2.346151056253851,-1.584178240646517,0.0,0.241988311858558,0.2211851850634235,-0.6201892226844657,-1.0778621289498782,0.8150681472604113,1.3171933011460917,-0.0582848907973714,1.086895217551534,0
1055,27.929945,14.982814,1.3223652142096962,2,1.7044181992057224,1,-0.270543951856408,1.0617867539482455,1,0.0,0.7629109244894869,0.2546249253678617,1,-1.5200461931177045,0.3796721288811475,0.8459113011114247,0,-0.6608531809232983,0,0.8420674956927175,0.9324745752640412,0.1228606975723441,0,0,-0.3305890744344257,-0.4262300150429028,-0.6589728319256667,0.0,1.4159910129545328,2.2782336440162587,0.1557070814399298,0.3380961637724818,0.161947309717318,0.7649976209279952,-0.6791456840737199,0.8065414765793012,0
1056,30.252548,9.804927,-0.3201625558062908,1,0.0657316248540461,1,0.7166099028849382,0.0850492518807105,3,0.0,0.7645725521875518,-0.6605306743650393,1,0.251388392651706,0.3796721288811475,1.7496101475022634,5,-1.5679065665042955,0,2.2318903566807267,-0.3350641224800849,1.7246808787816197,0,0,-0.3305890744344257,-0.4262300150429028,1.1914379855160335,0.0,1.4159910129545328,0.6068817711170802,0.1557070814399298,-1.0778621289498782,1.141628566031958,1.041095461037043,1.1834366957553253,1.3672489585237668,0
1057,-44.389153,-3.5190096,-0.9771736638126856,1,1.7192928125886422,2,-1.010909342912418,0.0850492518807105,5,0.0,0.7662341798856167,-1.5756862740979405,1,1.2847252343505289,0.3796721288811475,-0.9614863916702532,8,0.2462002046576992,1,-0.7636336754564013,0.2015211694577212,0.1228606975723441,0,0,-0.0572673987209239,-0.4262300150429028,1.1914379855160335,0.0,0.241988311858558,-0.8073390444129942,0.1557070814399298,1.754054456494842,-0.6544537372115486,-0.6154915796172451,-0.3687152874355457,-0.5952272282818631,1
1058,-49.422634,6.4390364,-0.8676718124782865,1,-1.7043473677134229,2,0.4698214391996017,0.0850492518807105,5,0.0,0.7678958075836816,-1.5756862740979405,0,-0.7327419327757442,0.3796721288811475,-0.0577875452794142,7,-0.6608531809232983,2,-0.1567946461058807,0.4457813154472201,0.9237707881769818,0,0,-1.1505541015749308,-0.4262300150429028,-1.584178240646517,0.0,-0.9320143892374164,-0.5502079870438897,0.9316033855643254,-2.4938204216722384,-0.3278933184400019,-0.339393739508197,-0.6791456840737199,-1.1559347102263289,1
1059,6.6098146,42.732727,-0.3201625558062908,2,-0.0309533621349332,2,1.827157989468953,1.0617867539482455,3,0.0,0.7712190629798115,-1.5756862740979405,0,-1.2740136117608418,-1.0261667362455194,-0.0577875452794142,7,-0.6608531809232983,2,-0.4045447540269966,-0.9132495313413038,-1.0785044383346123,0,1,2.1293060069870897,2.346151056253851,0.2662325767951835,0.0,-0.9320143892374164,0.6068817711170802,-0.6201892226844657,1.754054456494842,1.304908775417731,1.3171933011460917,2.4251582823080224,1.6476026994959998,1
1060,-24.926653,3.447111,-0.2106607044718917,2,-0.3532366520981979,2,-0.270543951856408,-1.86842575225436,1,0.0,0.7762039460740061,1.1697805251007627,1,0.4974209740085685,0.3796721288811475,-0.9614863916702532,8,0.2462002046576992,1,-0.8709353945817558,0.2640618857783927,-0.6780493930322936,0,0,-0.6039107501479274,-0.4262300150429028,-1.584178240646517,0.0,0.241988311858558,-1.3216011591512031,0.1557070814399298,0.3380961637724818,-0.9810141559830952,-1.1676872598353414,-0.6791456840737199,-1.1559347102263289,0
1061,-34.313282,-3.7530882,-1.4151810691502822,1,-1.0449061744039736,1,-0.0237554881710714,0.0850492518807105,3,0.0,0.7795272014701359,-0.6605306743650393,1,1.137105685536411,0.3796721288811475,-0.9614863916702532,2,-1.5679065665042955,2,-0.7077517900505235,0.3773378798333617,-0.2775943477299747,0,1,-1.1505541015749308,-0.4262300150429028,0.2662325767951835,0.0,-0.9320143892374164,-0.9359045730975464,-0.6201892226844657,-1.0778621289498782,-1.1442943653688686,-1.1676872598353414,-0.6791456840737199,-1.1559347102263289,1
1062,4.226324,-12.164436,-1.4151810691502822,0,0.0682107270845327,2,0.4698214391996017,-0.8916882501868245,1,0.0,0.7811888291682008,1.1697805251007627,0,0.5958340065513135,0.3796721288811475,-0.9614863916702532,8,-0.6608531809232983,1,-0.9497649743748382,-1.0133146774543782,-0.6780493930322936,0,0,-0.6039107501479274,-0.4262300150429028,0.2662325767951835,0.0,0.241988311858558,-1.3216011591512031,-0.6201892226844657,0.3380961637724818,-0.9810141559830952,-1.1676872598353414,-0.6791456840737199,-1.1559347102263289,0
1063,18.520658,-33.119045,0.7748559575377005,1,0.968124836751187,1,-0.8875151110697495,-1.86842575225436,3,0.0,0.7828504568662658,-0.6605306743650393,1,0.9894861367222936,0.3796721288811475,0.8459113011114247,4,0.2462002046576992,2,0.78746048219724,0.7597497654705462,0.9237707881769818,0,1,0.7626976284195812,-0.4262300150429028,-0.6589728319256667,0.0,-0.9320143892374164,0.6068817711170802,-0.6201892226844657,-1.0778621289498782,-0.8177339465973219,-0.6154915796172451,-0.0582848907973714,-0.5952272282818631,0
1064,10.652162,-26.04928,-0.8676718124782865,2,1.0995172549669796,2,1.2101868302556114,0.0850492518807105,1,0.0,0.7845120845643306,0.2546249253678617,1,0.5466274902799411,-1.0261667362455194,-0.0577875452794142,7,0.2462002046576992,0,0.4498319045929063,1.3272540632298078,-0.6780493930322936,0,0,-0.3305890744344257,-0.4262300150429028,0.2662325767951835,0.0,1.4159910129545328,-0.1645114009902331,0.1557070814399298,0.3380961637724818,0.4885077284888646,0.7649976209279952,-0.6791456840737199,-0.0345197463373974,0
1065,-12.08824,34.4426,-0.7581699611438873,2,-1.1713403881587927,0,-1.010909342912418,0.0850492518807105,1,0.0,0.7878353399604604,0.2546249253678617,1,-0.9787745141326066,0.3796721288811475,-0.9614863916702532,1,0.2462002046576992,0,-0.9431781361711036,0.1566886110166106,-1.0785044383346123,0,0,1.5826626555600865,2.346151056253851,-1.584178240646517,0.0,0.241988311858558,-0.678773515728442,0.1557070814399298,1.754054456494842,-0.3278933184400019,-0.339393739508197,-0.3687152874355457,-0.3148734873096303,0
1066,-7.8835287,1.1432117,1.979376322216091,2,1.0573725170487065,1,-0.6407266473844129,1.0617867539482455,1,0.0,0.7911585953565902,1.1697805251007627,1,-1.7660787744745667,0.3796721288811475,-0.0577875452794142,0,0.2462002046576992,1,-0.5243827136046204,0.2571753799363412,-1.0785044383346123,0,1,0.2160542769925777,-0.4262300150429028,-0.6589728319256667,0.0,-0.9320143892374164,-0.9359045730975464,-0.6201892226844657,0.3380961637724818,-0.6544537372115486,-0.6154915796172451,-0.3687152874355457,-0.5952272282818631,0
1067,-5.3912983,-2.7970953,-0.42966440714069,2,0.7350892270854419,1,-0.6407266473844129,1.0617867539482455,3,0.0,0.792820223054655,-1.5756862740979405,0,0.7926600716368035,-1.0261667362455194,-0.9614863916702532,2,-0.6608531809232983,1,-0.5662410079960954,-0.8602655986381732,2.1251359240839385,0,0,-1.1505541015749308,-0.4262300150429028,1.1914379855160335,0.0,-0.9320143892374164,-0.4216424583593375,1.707499689688721,0.3380961637724818,-0.3278933184400019,-0.063295899399149,-0.6791456840737199,-0.5952272282818631,0
1068,-4.086645,-22.391739,1.103361511540898,2,-0.5738767506115098,2,0.59321567104227,0.0850492518807105,3,0.0,0.79448185075272,0.2546249253678617,0,0.5958340065513135,0.3796721288811475,-0.0577875452794142,7,0.2462002046576992,1,-0.4062445832408636,1.3895136976793752,0.1228606975723441,0,1,0.4893759527060795,-0.4262300150429028,0.2662325767951835,0.0,0.241988311858558,-0.0359458723056809,0.9316033855643254,-1.0778621289498782,-0.3278933184400019,-0.063295899399149,-0.3687152874355457,-0.5952272282818631,0
1069,-35.47964,-3.5052295,-0.9771736638126856,1,-1.2729835796087454,1,-0.8875151110697495,-0.8916882501868245,3,0.0,0.7961434784507849,0.2546249253678617,1,-1.3724266443035866,-1.0261667362455194,-0.9614863916702532,2,-1.5679065665042955,2,-0.8375762462596159,-1.258980232799398,1.7246808787816197,0,0,-1.1505541015749308,-0.4262300150429028,0.2662325767951835,0.0,-0.9320143892374164,-0.4216424583593375,-0.6201892226844657,-1.0778621289498782,-1.1442943653688686,-1.1676872598353414,-0.6791456840737199,-1.1559347102263289,1
1070,-28.231485,-15.039393,-0.9771736638126856,2,1.5383183497631168,1,-1.010909342912418,0.0850492518807105,1,0.0,0.7994667338469147,-1.5756862740979405,1,0.3005949089230785,-1.0261667362455194,-0.9614863916702532,6,0.2462002046576992,0,-1.0496299406895246,-0.2505990202132903,-0.6780493930322936,0,0,-0.3305890744344257,-0.4262300150429028,1.1914379855160335,0.0,0.241988311858558,-1.3216011591512031,-0.6201892226844657,-2.4938204216722384,-0.9810141559830952,-1.1676872598353414,-0.6791456840737199,-1.1559347102263289,0
1071,-0.332076,-19.499853,-0.9771736638126856,1,-0.8317033825821215,2,-0.270543951856408,0.0850492518807105,1,0.0,0.8011283615449796,0.2546249253678617,1,-0.5359158676902541,0.3796721288811475,-0.0577875452794142,7,-1.5679065665042955,2,-0.3410136371587173,-0.349399297906396,-1.0785044383346123,0,0,-0.3305890744344257,-0.4262300150429028,1.1914379855160335,0.0,-0.9320143892374164,-0.8073390444129942,1.707499689688721,0.3380961637724818,-0.4911735278257753,-0.6154915796172451,-0.3687152874355457,-0.3148734873096303,0
1072,-7.0324054,30.473318,1.3223652142096962,2,-1.3176074197575052,1,-0.7641208792270812,-0.8916882501868245,3,0.0,0.8044516169411093,0.2546249253678617,0,-1.1263940629467242,-1.0261667362455194,-0.0577875452794142,2,-1.5679065665042955,1,-0.3641738101976552,1.2307024405055351,0.523315742874663,0,0,2.675949358414093,2.346151056253851,-1.584178240646517,0.0,0.241988311858558,-0.1645114009902331,0.1557070814399298,0.3380961637724818,-0.6544537372115486,-0.6154915796172451,-0.3687152874355457,-0.5952272282818631,0
1073,0.8053836,-7.337322,-0.8676718124782865,1,-0.9730122097198606,1,-0.8875151110697495,-1.86842575225436,1,0.0,0.811098127733369,1.1697805251007627,0,1.5307578157073911,0.3796721288811475,-0.9614863916702532,2,-0.6608531809232983,1,-0.7060519608366564,-1.3555318555236704,-1.0785044383346123,0,0,-0.6039107501479274,-0.4262300150429028,0.2662325767951835,0.0,2.5899937140505074,-0.9359045730975464,0.1557070814399298,0.3380961637724818,-0.6544537372115486,-0.6154915796172451,-0.6791456840737199,-0.5952272282818631,0
1074,12.47436,-16.724546,-0.9771736638126856,2,0.6954235913976554,1,2.4441291486822943,-1.86842575225436,1,0.0,0.8127597554314339,0.2546249253678617,1,1.4815512994360187,-2.432005601372186,-0.0577875452794142,4,-0.6608531809232983,1,0.0097886168530856,-1.5656405541740162,-0.6780493930322936,0,0,-0.3305890744344257,-0.4262300150429028,-0.6589728319256667,0.0,1.4159910129545328,-0.4216424583593375,-0.6201892226844657,-1.0778621289498782,0.161947309717318,0.4888997808189471,-0.3687152874355457,0.8065414765793012,0
1075,-14.549297,-27.05642,-0.42966440714069,2,-0.7102273732882756,1,-0.1471497200137397,2.038524256015781,1,0.0,0.8144213831294987,1.1697805251007627,1,0.1529753601089609,0.3796721288811475,-0.0577875452794142,0,0.2462002046576992,2,-0.0244204460759878,1.087210145306871,-0.2775943477299747,0,1,0.4893759527060795,-0.4262300150429028,-1.584178240646517,0.0,-0.9320143892374164,0.3497507137479757,2.4833959938131165,0.3380961637724818,-1.1442943653688686,-1.1676872598353414,-0.6791456840737199,-1.1559347102263289,0
1076,-1.0622146,26.996023,-0.5391662584750891,2,-0.7622885201284952,1,0.0996387436715968,0.0850492518807105,3,0.0,0.8160830108275636,0.2546249253678617,1,-0.0930572212479015,0.3796721288811475,0.8459113011114247,3,1.153253590238697,2,1.0073758867412836,0.949901651272498,-0.2775943477299747,0,0,2.675949358414093,2.346151056253851,-0.6589728319256667,0.0,-0.9320143892374164,-0.1645114009902331,1.707499689688721,1.754054456494842,-0.3278933184400019,-0.6154915796172451,-0.6791456840737199,-1.1559347102263289,0
1077,13.446823,32.726063,1.869874470881692,1,0.6136132177915959,1,0.2230329755142651,1.0617867539482455,3,0.0,0.8227295216198233,-0.6605306743650393,0,1.038692652993666,0.3796721288811475,1.7496101475022634,3,1.153253590238697,0,2.024723671240685,1.4254921771807052,0.1228606975723441,0,0,1.3093409798465847,2.346151056253851,-1.584178240646517,0.0,0.241988311858558,1.8925370579626024,-0.6201892226844657,0.3380961637724818,1.141628566031958,1.3171933011460917,-0.3687152874355457,2.2083101814404653,0
1078,-37.51688,-12.165728,-0.8676718124782865,2,-1.4341252245903775,1,-1.010909342912418,1.0617867539482455,5,0.0,0.826052777015953,-1.5756862740979405,1,1.6783773645215088,-1.0261667362455194,-0.9614863916702532,6,-1.5679065665042955,2,-0.8798594979545576,-0.9479631424226652,1.324225833479301,0,0,-0.6039107501479274,-0.4262300150429028,0.2662325767951835,0.0,-0.9320143892374164,-0.0359458723056809,-0.6201892226844657,-2.4938204216722384,0.3252275191030913,0.7649976209279952,-0.6791456840737199,0.8065414765793012,1
1079,44.41742,1.2569394,0.7748559575377005,2,-1.652286220873203,1,2.320734916839626,0.0850492518807105,1,0.0,0.827714404714018,1.1697805251007627,1,-1.6676657419318217,0.3796721288811475,1.7496101475022634,5,-1.5679065665042955,1,2.0876173521537646,1.0907236686956727,0.1228606975723441,0,0,-0.6039107501479274,-0.4262300150429028,0.2662325767951835,0.0,0.241988311858558,1.6354060005934978,-1.3960855268088614,1.754054456494842,2.1213098223465976,0.4888997808189471,3.666879868860719,3.6100788863016295,0
1080,-7.4740267,-1.2643416,0.2273467008657048,2,0.7102982047805754,1,-0.3939381836990763,0.0850492518807105,1,0.0,0.8310376601101478,-0.6605306743650393,0,-1.6676657419318217,0.3796721288811475,0.8459113011114247,4,-0.6608531809232983,2,0.3979871135699627,-0.7256273823792895,0.523315742874663,0,0,0.7626976284195812,-0.4262300150429028,1.1914379855160335,0.0,-0.9320143892374164,-0.2930769296747854,0.1557070814399298,0.3380961637724818,-0.8177339465973219,-1.1676872598353414,-0.0582848907973714,-0.5952272282818631,0
1081,35.339783,8.671024,0.9938596602064989,2,-1.4242088156684312,2,-0.7641208792270812,0.0850492518807105,1,0.0,0.8343609155062776,0.2546249253678617,0,-0.7327419327757442,0.3796721288811475,1.7496101475022634,3,-0.6608531809232983,1,2.1466864173356432,-0.4122210960981717,2.1251359240839385,0,0,-0.8772324258614291,-0.4262300150429028,1.1914379855160335,0.0,0.241988311858558,1.5068404719089457,-0.6201892226844657,1.754054456494842,0.9783483566461848,2.145486821473236,0.8730062991171511,-0.8755809692540959,0
1082,17.127508,5.071903,-0.2106607044718917,2,0.5615520709513763,1,0.8400041347276065,0.0850492518807105,1,0.0,0.8376841709024073,1.1697805251007627,0,1.235518718079156,-1.0261667362455194,0.8459113011114247,0,-0.6608531809232983,2,0.446857203468639,0.9671881863454026,-0.6780493930322936,0,0,1.036019304133083,-0.4262300150429028,1.1914379855160335,0.0,-0.9320143892374164,-0.0359458723056809,0.1557070814399298,-2.4938204216722384,0.651787937874638,1.041095461037043,0.2521455058408027,-0.3148734873096303,0
1083,-25.440256,-5.2151785,-1.5246829204846812,2,-0.7325392933626554,1,1.3335810620982798,-1.86842575225436,1,0.0,0.844330681694667,-1.5756862740979405,1,1.5307578157073911,0.3796721288811475,-0.0577875452794142,2,0.2462002046576992,2,-0.8989825766105615,1.4755247502372424,-1.0785044383346123,0,0,-0.3305890744344257,-0.4262300150429028,-0.6589728319256667,0.0,-0.9320143892374164,-0.8073390444129942,-0.6201892226844657,0.3380961637724818,-0.4911735278257753,-0.339393739508197,-0.3687152874355457,-0.5952272282818631,0
1084,-34.4781,-8.9230585,0.3368485522001039,2,-0.3135710164104114,1,-0.0237554881710714,1.0617867539482455,1,0.0,0.8459923093927318,1.1697805251007627,1,0.9894861367222936,0.3796721288811475,-0.9614863916702532,2,-1.5679065665042955,2,-0.9529521541508388,1.0565722213565196,0.1228606975723441,0,0,-0.3305890744344257,-0.4262300150429028,-0.6589728319256667,0.0,-0.9320143892374164,0.4783162424325279,0.1557070814399298,-2.4938204216722384,-0.3278933184400019,-0.063295899399149,-0.3687152874355457,-1.1559347102263289,1
1085,33.679703,-11.50111,-0.3201625558062908,2,0.4177641415831505,2,-1.010909342912418,0.0850492518807105,5,0.0,0.8476539370907967,1.1697805251007627,1,-0.0930572212479015,-1.0261667362455194,0.8459113011114247,7,0.2462002046576992,1,0.1232522168787081,-0.2846099266168914,-0.6780493930322936,0,1,-0.3305890744344257,-0.4262300150429028,1.1914379855160335,0.0,-0.9320143892374164,-0.1645114009902331,0.1557070814399298,0.3380961637724818,0.4885077284888646,1.3171933011460917,1.8042974890316736,0.5261877356070683,0
1086,-34.93409,-12.206914,-0.6486681098094882,1,-0.5986677729163763,1,-0.7641208792270812,0.0850492518807105,1,0.0,0.8509771924869266,1.1697805251007627,0,-1.6184592256604493,0.3796721288811475,-0.9614863916702532,6,0.2462002046576992,2,-0.513971259669685,-1.4274888145263307,-0.6780493930322936,0,0,-0.8772324258614291,-0.4262300150429028,-1.584178240646517,0.0,-0.9320143892374164,-0.5502079870438897,-0.6201892226844657,-2.4938204216722384,-0.0013328996684553,-0.6154915796172451,1.4938670923934996,0.8065414765793012,1
1087,48.002132,7.983922,1.4318670655440953,1,-1.1639030814673328,1,1.5803695257836163,2.038524256015781,3,0.0,0.8543004478830564,0.2546249253678617,1,1.0878991692650386,-2.432005601372186,1.7496101475022634,5,1.153253590238697,2,1.680295776780884,1.424648931567393,-0.6780493930322936,0,1,-0.6039107501479274,-0.4262300150429028,1.1914379855160335,0.0,-0.9320143892374164,2.6639302300699157,-0.6201892226844657,0.3380961637724818,4.080672334975878,0.4888997808189471,3.3564494722225446,1.3672489585237668,0
1088,3.203512,41.19254,-0.3201625558062908,2,1.58046308768139,2,-0.270543951856408,-0.8916882501868245,5,0.0,0.8576237032791861,-0.6605306743650393,1,-0.5359158676902541,0.3796721288811475,-0.9614863916702532,8,0.2462002046576992,1,-0.89133334514816,-1.316742557311299,-1.0785044383346123,0,1,2.675949358414093,2.346151056253851,-0.6589728319256667,0.0,0.241988311858558,0.0926196563788712,0.9316033855643254,0.3380961637724818,0.651787937874638,1.5932911412551394,0.8730062991171511,0.8065414765793012,0
1089,-7.9822464,3.374698,0.5558522548689022,2,1.01026957466946,1,-0.8875151110697495,0.0850492518807105,3,0.0,0.859285330977251,0.2546249253678617,1,0.1037688438375884,-1.0261667362455194,-0.9614863916702532,2,-0.6608531809232983,1,-0.3531249203075197,1.3687136392176686,0.523315742874663,0,0,-0.3305890744344257,-0.4262300150429028,-0.6589728319256667,0.0,0.241988311858558,-0.9359045730975464,0.1557070814399298,0.3380961637724818,-0.9810141559830952,-1.1676872598353414,-0.6791456840737199,-1.1559347102263289,0
1090,18.135225,-9.964436,0.0083429981969065,2,-0.3185292208713848,1,0.4698214391996017,0.0850492518807105,3,0.0,0.8609469586753159,-1.5756862740979405,1,-0.929567997861234,0.3796721288811475,-0.0577875452794142,6,1.153253590238697,1,-0.4712630506712765,-1.5855973670224104,-0.6780493930322936,0,0,0.4893759527060795,-0.4262300150429028,-1.584178240646517,0.0,-0.9320143892374164,-0.1645114009902331,-0.6201892226844657,0.3380961637724818,0.4885077284888646,1.041095461037043,0.2521455058408027,0.8065414765793012,0
1091,19.996487,3.264635,-0.8676718124782865,2,-0.8961600405747744,1,-0.1471497200137397,-1.86842575225436,4,0.0,0.8626085863733809,0.2546249253678617,0,-1.3232201280322142,-2.432005601372186,-0.0577875452794142,0,-1.5679065665042955,1,0.6824960282409525,-0.9873146043772452,0.1228606975723441,0,0,-0.6039107501479274,-0.4262300150429028,0.2662325767951835,0.0,0.241988311858558,-0.2930769296747854,0.1557070814399298,0.3380961637724818,-0.0013328996684553,0.7649976209279952,-0.6791456840737199,0.8065414765793012,0
1092,-8.220776,-18.499727,-0.42966440714069,2,-0.5639603416895632,1,1.950552221311621,0.0850492518807105,1,0.0,0.8642702140714458,1.1697805251007627,1,-1.0771875466753518,-1.0261667362455194,-0.0577875452794142,4,-0.6608531809232983,2,-0.4638262978606084,1.3827677327728758,-0.6780493930322936,0,0,-0.6039107501479274,-0.4262300150429028,1.1914379855160335,0.0,-0.9320143892374164,-0.8073390444129942,-0.6201892226844657,0.3380961637724818,-0.3278933184400019,-0.339393739508197,-0.6791456840737199,-0.5952272282818631,0
1093,-10.331797,28.489689,0.8843578088720997,2,0.3657029947429309,1,2.320734916839626,0.0850492518807105,5,0.0,0.8659318417695107,1.1697805251007627,1,1.5307578157073911,0.3796721288811475,-0.9614863916702532,6,1.153253590238697,1,-0.928729587853234,-1.3671967531744924,0.523315742874663,0,0,1.3093409798465847,2.346151056253851,1.1914379855160335,0.0,0.241988311858558,-0.4216424583593375,0.1557070814399298,0.3380961637724818,-0.3278933184400019,-0.063295899399149,-0.6791456840737199,-0.3148734873096303,0
1094,47.210052,1.8829151,0.5558522548689022,1,-1.275462681839232,1,-0.8875151110697495,0.0850492518807105,1,0.0,0.8675934694675755,1.1697805251007627,1,-1.2740136117608418,0.3796721288811475,0.8459113011114247,0,1.153253590238697,1,0.7693997967999031,0.6040304088788518,-0.2775943477299747,0,1,-0.3305890744344257,-0.4262300150429028,0.2662325767951835,0.0,0.241988311858558,1.6354060005934978,0.1557070814399298,-2.4938204216722384,2.1213098223465976,1.041095461037043,3.3564494722225446,1.3672489585237668,0
1095,15.211762,-20.841011,0.3368485522001039,2,1.337511069093698,2,-0.0237554881710714,-0.8916882501868245,3,0.0,0.8692550971656404,-1.5756862740979405,1,-0.929567997861234,0.3796721288811475,-0.0577875452794142,7,-1.5679065665042955,1,-0.2188384124120264,0.7071874555740717,-1.0785044383346123,0,0,-0.8772324258614291,-0.4262300150429028,1.1914379855160335,0.0,-0.9320143892374164,-0.2930769296747854,1.707499689688721,1.754054456494842,0.161947309717318,-0.063295899399149,1.4938670923934996,-0.8755809692540959,0
1096,16.817734,8.062564,-0.42966440714069,2,-0.5292529104627501,1,2.320734916839626,1.0617867539482455,1,0.0,0.8709167248637053,-0.6605306743650393,1,0.645040522822686,0.3796721288811475,-0.0577875452794142,2,0.2462002046576992,1,-0.2753577337731043,1.2136969873037349,-0.6780493930322936,0,1,-0.8772324258614291,-0.4262300150429028,-0.6589728319256667,0.0,0.241988311858558,0.4783162424325279,0.1557070814399298,0.3380961637724818,1.304908775417731,2.6976825016913315,0.8730062991171511,0.8065414765793012,0
1097,8.211864,26.23699,0.3368485522001039,2,0.236789678757625,0,-0.3939381836990763,-0.8916882501868245,3,0.0,0.8725783525617702,0.2546249253678617,1,-1.3724266443035866,0.3796721288811475,1.7496101475022634,3,1.153253590238697,2,2.110777525192703,0.4311650581498048,-0.6780493930322936,0,1,1.5826626555600865,2.346151056253851,1.1914379855160335,0.0,-0.9320143892374164,1.2497094145398413,-0.6201892226844657,0.3380961637724818,2.284590031732371,0.7649976209279952,1.4938670923934996,0.8065414765793012,0
1098,-30.413828,-23.455442,-1.4151810691502822,2,-1.1217583435490597,1,1.456975293940948,-0.8916882501868245,5,0.0,0.8742399802598352,0.2546249253678617,1,-0.4375028351475091,-1.0261667362455194,-0.9614863916702532,2,-1.5679065665042955,0,-0.8938830889689604,-0.6011081134801548,-1.0785044383346123,0,0,-0.3305890744344257,-0.4262300150429028,-0.6589728319256667,0.0,2.5899937140505074,-1.193035630466651,0.1557070814399298,0.3380961637724818,-0.9810141559830952,-0.8915894197262932,-0.6791456840737199,-1.1559347102263289,0
1099,-16.72925,14.691765,0.3368485522001039,0,0.8416906229963679,1,-0.1471497200137397,-0.8916882501868245,1,0.0,0.8759016079579001,1.1697805251007627,1,0.3005949089230785,0.3796721288811475,-0.0577875452794142,0,1.153253590238697,0,-0.5171584394456856,-0.7690545314648793,0.1228606975723441,0,1,0.7626976284195812,-0.4262300150429028,0.2662325767951835,0.0,-0.9320143892374164,-0.4216424583593375,-0.6201892226844657,0.3380961637724818,-0.8177339465973219,-0.6154915796172451,-0.0582848907973714,-0.5952272282818631,0
1100,25.94297,2.6154094,0.8843578088720997,2,-0.6556871242175693,1,-1.010909342912418,1.0617867539482455,5,0.0,0.877563235655965,-1.5756862740979405,1,0.0053558112948434,0.3796721288811475,0.8459113011114247,0,-0.6608531809232983,0,0.1993195741992565,0.93036646123076,-0.6780493930322936,0,0,-0.8772324258614291,-0.4262300150429028,-1.584178240646517,0.0,2.5899937140505074,-0.1645114009902331,0.9316033855643254,0.3380961637724818,0.4885077284888646,1.041095461037043,1.4938670923934996,0.8065414765793012,0
1101,-7.0211387,40.324615,-0.2106607044718917,2,1.486257202922897,2,2.320734916839626,1.0617867539482455,1,0.0,0.8792248633540298,-0.6605306743650393,0,1.5799643319787635,-1.0261667362455194,-0.9614863916702532,8,0.2462002046576992,1,-0.8654109496366881,1.671157732525725,-1.0785044383346123,0,0,2.1293060069870897,2.346151056253851,-1.584178240646517,0.0,1.4159910129545328,-0.678773515728442,1.707499689688721,0.3380961637724818,-0.3278933184400019,-0.339393739508197,0.5625759024789769,-0.5952272282818631,0
1102,1.0113392,-4.0462236,-0.5391662584750891,2,0.0533361137016128,1,-0.5173324155417446,-0.8916882501868245,1,0.0,0.8808864910520947,1.1697805251007627,0,0.0545623275662159,-1.0261667362455194,-0.0577875452794142,6,-0.6608531809232983,1,-0.1327845584600093,0.1842346343848165,0.1228606975723441,0,0,-0.8772324258614291,-0.4262300150429028,-1.584178240646517,0.0,0.241988311858558,0.0926196563788712,-0.6201892226844657,0.3380961637724818,-0.0013328996684553,-0.8915894197262932,-0.0582848907973714,0.2458339946348354,0
1103,-5.410733,24.78902,-0.1011588531374925,2,0.8788771564536676,2,-0.8875151110697495,1.0617867539482455,1,0.0,0.8825481187501596,0.2546249253678617,1,0.2021818763803334,0.3796721288811475,-0.9614863916702532,8,1.153253590238697,2,-0.8199405181657458,0.3777595026400179,0.1228606975723441,0,1,1.5826626555600865,2.346151056253851,1.1914379855160335,0.0,-0.9320143892374164,-0.5502079870438897,0.1557070814399298,-1.0778621289498782,-0.6544537372115486,-0.6154915796172451,-0.3687152874355457,-0.5952272282818631,0
1104,26.951757,-9.726304,1.2128633628752972,2,-0.7697258268199553,2,0.8400041347276065,1.0617867539482455,1,0.0,0.8842097464482245,0.2546249253678617,0,1.4815512994360187,0.3796721288811475,-0.0577875452794142,7,0.2462002046576992,0,-0.0135840348375856,-0.087149912166232,2.1251359240839385,0,0,-0.3305890744344257,-0.4262300150429028,0.2662325767951835,0.0,0.241988311858558,0.8640128284861845,-0.6201892226844657,0.3380961637724818,0.161947309717318,0.7649976209279952,1.4938670923934996,0.8065414765793012,0
1105,-3.4260492,14.752838,-0.8676718124782865,2,-0.5069409903883703,1,-0.0237554881710714,0.0850492518807105,1,0.0,0.8858713741462895,0.2546249253678617,1,1.235518718079156,1.7855109940078144,-0.9614863916702532,6,0.2462002046576992,1,-0.8609488979502873,1.1331670312323985,1.324225833479301,0,0,0.7626976284195812,-0.4262300150429028,-1.584178240646517,0.0,1.4159910129545328,-0.8073390444129942,-0.6201892226844657,-1.0778621289498782,-0.9810141559830952,-1.1676872598353414,-0.6791456840737199,-1.1559347102263289,0
1106,0.49157265,-30.741858,-0.42966440714069,2,1.0896008460450328,2,-0.1471497200137397,1.0617867539482455,1,0.0,0.8891946295424192,-1.5756862740979405,1,-0.9787745141326066,0.3796721288811475,-0.0577875452794142,7,-1.5679065665042955,1,-0.0235705314690543,-0.5233889761198597,-0.2775943477299747,0,0,-0.6039107501479274,-0.4262300150429028,1.1914379855160335,0.0,0.241988311858558,-0.4216424583593375,2.4833959938131165,-2.4938204216722384,-0.8177339465973219,-0.6154915796172451,-0.0582848907973714,-0.5952272282818631,0
1107,30.252113,-21.632063,-0.7581699611438873,2,-0.1549084736592658,2,-1.010909342912418,0.0850492518807105,1,0.0,0.892517884938549,-0.6605306743650393,1,-0.0930572212479015,-1.0261667362455194,-0.0577875452794142,7,-1.5679065665042955,1,0.6822835495892191,-1.263477542737064,-0.6780493930322936,0,0,-1.1505541015749308,-0.4262300150429028,1.1914379855160335,0.0,0.241988311858558,-0.1645114009902331,0.9316033855643254,0.3380961637724818,0.4885077284888646,1.041095461037043,1.1834366957553253,0.8065414765793012,1
1108,-14.906808,4.5598764,0.1178448495313057,1,0.2119986564527585,0,0.0996387436715968,1.0617867539482455,0,0.0,0.8941795126366139,0.2546249253678617,1,0.251388392651706,0.3796721288811475,-0.0577875452794142,1,0.2462002046576992,1,-0.0905013067650676,0.0703964765876392,0.1228606975723441,0,0,-1.1505541015749308,-0.4262300150429028,0.2662325767951835,0.0,-0.9320143892374164,-0.1645114009902331,-0.6201892226844657,0.3380961637724818,-0.1646131090542286,-0.339393739508197,-0.3687152874355457,-0.5952272282818631,0
1109,-20.65628,-1.342821,-0.2106607044718917,2,0.4698252884233702,1,-1.010909342912418,0.0850492518807105,3,0.0,0.8958411403346788,1.1697805251007627,1,0.1037688438375884,-1.0261667362455194,-0.9614863916702532,2,-1.5679065665042955,2,-0.8611613766020206,1.0425181278013125,-0.6780493930322936,0,0,1.036019304133083,-0.4262300150429028,-0.6589728319256667,0.0,-0.9320143892374164,-1.0644701017820986,0.1557070814399298,0.3380961637724818,-0.6544537372115486,-1.1676872598353414,-0.3687152874355457,-0.5952272282818631,0
1110,4.6798906,-23.735323,-0.7581699611438873,2,1.203639548647419,2,2.4441291486822943,1.0617867539482455,5,0.0,0.9024876511269384,0.2546249253678617,1,-1.6184592256604493,0.3796721288811475,0.8459113011114247,7,-0.6608531809232983,1,0.5836934551849329,0.4899111692105704,0.1228606975723441,0,0,-0.8772324258614291,-0.4262300150429028,-0.6589728319256667,0.0,0.241988311858558,-0.2930769296747854,0.1557070814399298,0.3380961637724818,-0.4911735278257753,-0.6154915796172451,-0.3687152874355457,-0.3148734873096303,0
1111,-39.365498,6.924957,-0.2106607044718917,2,-1.7316174922487757,1,-0.8875151110697495,0.0850492518807105,1,0.0,0.9041492788250032,-1.5756862740979405,0,0.1529753601089609,0.3796721288811475,-0.9614863916702532,2,-1.5679065665042955,0,-0.94105334965377,1.7294822207798344,-0.6780493930322936,0,1,-0.8772324258614291,-0.4262300150429028,1.1914379855160335,0.0,0.241988311858558,-1.3216011591512031,-0.6201892226844657,0.3380961637724818,-0.9810141559830952,-1.1676872598353414,-0.6791456840737199,-1.1559347102263289,1
1112,36.59711,4.2910743,1.7603726195472926,2,-0.4846290703139904,1,-0.8875151110697495,2.038524256015781,5,0.0,0.909134161919198,0.2546249253678617,0,0.5958340065513135,-1.0261667362455194,0.8459113011114247,4,1.153253590238697,1,0.778961336127905,0.0428504532194333,-1.0785044383346123,0,0,0.2160542769925777,-0.4262300150429028,-0.6589728319256667,0.0,0.241988311858558,2.92106128743902,0.9316033855643254,0.3380961637724818,4.243952544361651,0.7649976209279952,-0.3687152874355457,1.3672489585237668,1
1113,-32.38911,-8.799763,0.1178448495313057,2,0.2491851899100582,1,-0.8875151110697495,0.0850492518807105,3,0.0,0.9107957896172628,0.2546249253678617,1,0.743453555365431,0.3796721288811475,-0.0577875452794142,4,-0.6608531809232983,1,-0.3501502191832525,-0.9360171629007392,0.523315742874663,0,0,-1.1505541015749308,-0.4262300150429028,-1.584178240646517,0.0,1.4159910129545328,-0.5502079870438897,-0.6201892226844657,0.3380961637724818,-0.3278933184400019,-0.6154915796172451,-0.3687152874355457,-0.0345197463373974,1
1114,6.617218,-5.1346745,-0.5391662584750891,0,0.9854785523645936,1,-1.010909342912418,1.0617867539482455,5,0.0,0.9124574173153278,1.1697805251007627,1,-0.1914702537906465,0.3796721288811475,-0.0577875452794142,6,-1.5679065665042955,1,-0.5133338237144849,1.526400568907092,0.523315742874663,0,0,-0.3305890744344257,-0.4262300150429028,-0.6589728319256667,0.0,0.241988311858558,-0.2930769296747854,0.1557070814399298,-1.0778621289498782,-0.1646131090542286,0.212801940709899,-0.3687152874355457,-0.5952272282818631,0
1115,0.26477474,0.20777802,1.2128633628752972,2,0.7574011471598217,1,0.7166099028849382,1.0617867539482455,4,0.0,0.9157806727114576,0.2546249253678617,0,-0.043850704976529,0.3796721288811475,-0.9614863916702532,6,-1.5679065665042955,1,-0.8787971046958908,0.3115647219949926,2.1251359240839385,0,0,-0.8772324258614291,-0.4262300150429028,1.1914379855160335,0.0,0.241988311858558,-0.1645114009902331,0.1557070814399298,-1.0778621289498782,0.161947309717318,-0.6154915796172451,1.4938670923934996,0.5261877356070683,0
1116,-18.636435,0.504382,-0.3201625558062908,2,-0.8019541558162817,1,-0.270543951856408,1.0617867539482455,3,0.0,0.9174423004095223,-1.5756862740979405,1,-1.5200461931177045,0.3796721288811475,-0.9614863916702532,6,1.153253590238697,2,-0.7502475203971986,1.0888966365334958,-0.6780493930322936,0,0,-0.6039107501479274,-0.4262300150429028,0.2662325767951835,0.0,-0.9320143892374164,-1.3216011591512031,0.9316033855643254,-2.4938204216722384,-0.9810141559830952,-1.1676872598353414,-0.6791456840737199,-1.1559347102263289,0
1117,44.825092,11.554193,1.979376322216091,2,-0.2912590963360316,2,2.073946453154289,2.038524256015781,2,0.0,0.9191039281075876,0.2546249253678617,1,-0.2898832863333916,-1.0261667362455194,2.6533089938931025,3,1.153253590238697,1,2.7798727995011023,1.226064589632317,-0.6780493930322936,0,0,1.5826626555600865,2.346151056253851,0.2662325767951835,0.0,0.241988311858558,3.1781923448081244,0.1557070814399298,0.3380961637724818,4.733793172518971,0.4888997808189471,-0.0582848907973714,2.488663922412698,0
1118,-12.942668,9.679097,-0.3201625558062908,2,1.3598229891680778,1,-1.010909342912418,1.0617867539482455,1,0.0,0.9224271835037172,-0.6605306743650393,1,-1.0279810304039791,0.3796721288811475,-0.0577875452794142,6,1.153253590238697,1,-0.2165011472429593,-0.1834204530194005,2.5255909693862573,0,0,0.4893759527060795,-0.4262300150429028,-0.6589728319256667,0.0,0.241988311858558,-0.2930769296747854,0.1557070814399298,-1.0778621289498782,-0.8177339465973219,-0.6154915796172451,-0.0582848907973714,-0.8755809692540959,0
1119,-15.311425,24.874964,-1.196177366481484,2,-0.8143496669687149,1,-0.7641208792270812,0.0850492518807105,1,0.0,0.924088811201782,-1.5756862740979405,0,1.137105685536411,0.3796721288811475,-0.9614863916702532,6,1.153253590238697,1,-0.9438155721263036,-0.4469347071795331,-0.6780493930322936,0,0,1.5826626555600865,2.346151056253851,-1.584178240646517,0.0,-0.9320143892374164,-1.3216011591512031,1.707499689688721,0.3380961637724818,-0.9810141559830952,-1.1676872598353414,-0.6791456840737199,-1.1559347102263289,0
1120,18.55477,-16.407444,0.1178448495313057,2,1.097038152736493,2,0.59321567104227,0.0850492518807105,1,0.0,0.925750438899847,0.2546249253678617,1,0.6942470390940585,0.3796721288811475,-0.0577875452794142,7,-0.6608531809232983,1,0.7269040664532279,-0.2751936839349027,-1.0785044383346123,0,0,-1.1505541015749308,-0.4262300150429028,1.1914379855160335,0.0,0.241988311858558,-0.1645114009902331,0.1557070814399298,0.3380961637724818,0.3252275191030913,1.041095461037043,1.4938670923934996,0.8065414765793012,0
1121,0.4848593,-17.12755,0.1178448495313057,2,-0.9060764494967212,2,0.8400041347276065,0.0850492518807105,1,0.0,0.927412066597912,-0.6605306743650393,0,1.1863122018077836,0.3796721288811475,-0.0577875452794142,7,-0.6608531809232983,2,-0.4897486933720802,0.2903430407266299,-0.2775943477299747,0,0,-0.8772324258614291,-0.4262300150429028,-0.6589728319256667,0.0,-0.9320143892374164,-0.4216424583593375,1.707499689688721,1.754054456494842,-0.6544537372115486,-0.6154915796172451,-0.3687152874355457,-0.5952272282818631,0
1122,0.5837594,-17.113632,-0.1011588531374925,2,0.2020822475308119,2,-1.010909342912418,1.0617867539482455,1,0.0,0.9307353219940416,-0.6605306743650393,0,0.349801425194451,0.3796721288811475,-0.0577875452794142,7,0.2462002046576992,2,0.0663079382141635,1.0026045021045245,1.324225833479301,0,0,-0.6039107501479274,-0.4262300150429028,-1.584178240646517,0.0,-0.9320143892374164,0.4783162424325279,1.707499689688721,0.3380961637724818,-0.9810141559830952,-1.1676872598353414,-0.6791456840737199,-1.1559347102263289,0
1123,-17.294802,-16.46828,-0.8676718124782865,2,1.406925931547324,1,-0.7641208792270812,-1.86842575225436,3,0.0,0.9323969496921066,-0.6605306743650393,1,1.038692652993666,0.3796721288811475,-0.9614863916702532,2,-1.5679065665042955,2,-0.3781974012120581,0.2670132454249861,-0.6780493930322936,0,1,0.7626976284195812,-0.4262300150429028,1.1914379855160335,0.0,-0.9320143892374164,-0.1645114009902331,0.1557070814399298,0.3380961637724818,0.4885077284888646,1.3171933011460917,-0.3687152874355457,0.2458339946348354,0
1124,-6.7410507,-1.7447112,-0.2106607044718917,2,-0.3284456297933313,1,0.0996387436715968,1.0617867539482455,3,0.0,0.9340585773901716,-1.5756862740979405,0,-0.7327419327757442,0.3796721288811475,-0.0577875452794142,0,0.2462002046576992,2,-0.0766901944023982,-1.418072571844342,0.1228606975723441,0,1,0.2160542769925777,-0.4262300150429028,0.2662325767951835,0.0,-0.9320143892374164,-0.1645114009902331,0.9316033855643254,0.3380961637724818,-0.3278933184400019,-0.6154915796172451,-0.6791456840737199,-0.0345197463373974,0
1125,21.121975,-14.754982,0.2273467008657048,2,1.6350033367520962,2,-0.3939381836990763,0.0850492518807105,3,0.0,0.9357202050882364,1.1697805251007627,1,-1.3724266443035866,1.7855109940078144,0.8459113011114247,7,0.2462002046576992,1,0.3684525809790235,-1.356937264879191,-0.2775943477299747,0,0,-1.1505541015749308,-0.4262300150429028,-1.584178240646517,0.0,0.241988311858558,-0.0359458723056809,0.1557070814399298,0.3380961637724818,-0.0013328996684553,0.4888997808189471,1.4938670923934996,0.5261877356070683,0
1126,-17.804005,-13.872519,-0.8676718124782865,1,0.4772625951148301,1,-0.8875151110697495,-1.86842575225436,1,0.0,0.9390434604843662,-1.5756862740979405,1,1.038692652993666,0.3796721288811475,-0.0577875452794142,0,1.153253590238697,0,0.4993394304467828,1.4292867824406112,-0.6780493930322936,0,0,1.036019304133083,-0.4262300150429028,1.1914379855160335,0.0,0.241988311858558,-0.678773515728442,-2.171981830933257,1.754054456494842,-0.1646131090542286,-0.063295899399149,-0.3687152874355457,-0.3148734873096303,0
1127,32.978397,25.45755,1.4318670655440953,2,-1.3349611353709117,2,-0.0237554881710714,0.0850492518807105,2,0.0,0.940705088182431,0.2546249253678617,1,-0.3390898026047641,0.3796721288811475,2.6533089938931025,3,0.2462002046576992,1,2.725690743309092,0.7316415783601321,0.523315742874663,0,1,0.2160542769925777,-0.4262300150429028,0.2662325767951835,0.0,0.241988311858558,2.0211025866471544,-0.6201892226844657,0.3380961637724818,-0.9810141559830952,-1.1676872598353414,-0.6791456840737199,-1.1559347102263289,0
1128,-18.38833,-7.6262536,-1.5246829204846812,2,0.4326387549660704,1,0.0996387436715968,0.0850492518807105,5,0.0,0.942366715880496,1.1697805251007627,1,-1.0279810304039791,1.7855109940078144,-0.9614863916702532,6,0.2462002046576992,1,-0.9412658283055032,-0.2089989032898774,-0.2775943477299747,0,0,0.2160542769925777,-0.4262300150429028,1.1914379855160335,0.0,0.241988311858558,-0.9359045730975464,-0.6201892226844657,0.3380961637724818,-0.8177339465973219,-0.6154915796172451,-0.0582848907973714,-0.5952272282818631,0
1129,-15.349032,-17.672216,-0.1011588531374925,1,1.238346979874232,1,-0.3939381836990763,1.0617867539482455,1,0.0,0.9456899712766258,-1.5756862740979405,1,0.6942470390940585,1.7855109940078144,-0.0577875452794142,2,-1.5679065665042955,1,-0.199927812407756,0.7586254379861296,0.1228606975723441,0,1,-0.6039107501479274,-0.4262300150429028,1.1914379855160335,0.0,0.241988311858558,-0.2930769296747854,0.1557070814399298,0.3380961637724818,-0.6544537372115486,-0.6154915796172451,-0.6791456840737199,-0.5952272282818631,0
1130,16.63237,27.83993,0.5558522548689022,2,0.6359251378659758,1,-0.0237554881710714,-0.8916882501868245,4,0.0,0.9473515989746908,1.1697805251007627,1,1.333931750621901,-1.0261667362455194,2.6533089938931025,3,1.153253590238697,2,2.785609723097904,1.6933632003429522,2.1251359240839385,0,0,1.855984331273588,2.346151056253851,1.1914379855160335,0.0,-0.9320143892374164,1.6354060005934978,-0.6201892226844657,0.3380961637724818,-0.9810141559830952,-1.1676872598353414,-0.6791456840737199,-0.8755809692540959,0
1131,14.274835,7.8922663,-0.2106607044718917,2,-0.1301174513543993,1,2.320734916839626,0.0850492518807105,1,0.0,0.9490132266727556,-0.6605306743650393,1,-0.9787745141326066,1.7855109940078144,-0.0577875452794142,2,0.2462002046576992,1,-0.6578193068931802,1.5508546916931525,-0.6780493930322936,0,0,0.4893759527060795,-0.4262300150429028,1.1914379855160335,0.0,1.4159910129545328,-0.1645114009902331,0.1557070814399298,-1.0778621289498782,0.4885077284888646,1.3171933011460917,1.1834366957553253,1.086895217551534,0
1132,13.460894,11.806418,-0.3201625558062908,1,-0.3705903677116045,1,0.0996387436715968,1.0617867539482455,5,0.0,0.9506748543708204,1.1697805251007627,1,1.2847252343505289,-1.0261667362455194,-0.0577875452794142,0,0.2462002046576992,1,-0.3059546596227104,0.1431966812036118,-0.6780493930322936,0,0,-0.3305890744344257,-0.4262300150429028,-0.6589728319256667,0.0,0.241988311858558,-0.4216424583593375,0.1557070814399298,-1.0778621289498782,0.161947309717318,-0.6154915796172451,1.4938670923934996,0.8065414765793012,0
1133,1.3530495,-9.540369,0.3368485522001039,2,-1.6969100610219627,2,0.59321567104227,-0.8916882501868245,1,0.0,0.9523364820688852,1.1697805251007627,0,0.8910731041795485,0.3796721288811475,-0.0577875452794142,7,-1.5679065665042955,1,-0.3960456079576616,-0.428804926493316,-0.6780493930322936,0,0,-0.0572673987209239,-0.4262300150429028,0.2662325767951835,0.0,0.241988311858558,-0.8073390444129942,-0.6201892226844657,0.3380961637724818,-0.3278933184400019,-0.063295899399149,-0.3687152874355457,-0.5952272282818631,0
1134,-11.896292,15.661958,0.6653541062033014,2,0.4648670839623969,1,2.197340684996958,0.0850492518807105,5,0.0,0.9539981097669504,1.1697805251007627,1,1.038692652993666,1.7855109940078144,-0.9614863916702532,2,-0.6608531809232983,0,-0.3456881674968516,-1.1887097650233625,0.9237707881769818,0,0,-0.8772324258614291,-0.4262300150429028,0.2662325767951835,0.0,0.241988311858558,-0.4216424583593375,-2.171981830933257,0.3380961637724818,-0.1646131090542286,-0.063295899399149,-0.6791456840737199,-0.5952272282818631,0
1135,-26.51335,-16.07554,-0.2106607044718917,2,1.3548647847071045,1,-0.270543951856408,-0.8916882501868245,1,0.0,0.95732136516308,0.2546249253678617,1,-0.142263737519274,-1.0261667362455194,-0.9614863916702532,2,1.153253590238697,1,-0.8101665001860104,-0.9275847067676152,-0.6780493930322936,0,0,0.7626976284195812,-0.4262300150429028,1.1914379855160335,0.0,0.241988311858558,-1.3216011591512031,1.707499689688721,-1.0778621289498782,-0.9810141559830952,-1.1676872598353414,-0.6791456840737199,-0.8755809692540959,0
1136,42.163803,13.977065,0.9938596602064989,2,-0.593709568455403,2,-1.010909342912418,1.0617867539482455,1,0.0,0.958982992861145,1.1697805251007627,1,-0.4867093514188816,1.7855109940078144,1.7496101475022634,3,-1.5679065665042955,2,2.350878401651417,-1.5680297500784015,-0.6780493930322936,0,0,-0.0572673987209239,-0.4262300150429028,-0.6589728319256667,0.0,-0.9320143892374164,2.0211025866471544,1.707499689688721,-2.4938204216722384,3.1009910786612376,-1.1676872598353414,-0.6791456840737199,2.2083101814404653,0
1137,-40.44938,9.915864,-0.9771736638126856,2,-1.1738194903892794,1,1.827157989468953,0.0850492518807105,3,0.0,0.9623062482572748,0.2546249253678617,1,-0.7327419327757442,0.3796721288811475,-0.9614863916702532,2,-0.6608531809232983,1,-0.8700854799748223,-0.9822551306973706,-0.6780493930322936,0,1,0.4893759527060795,-0.4262300150429028,0.2662325767951835,0.0,2.5899937140505074,-1.3216011591512031,0.1557070814399298,0.3380961637724818,-0.9810141559830952,-0.8915894197262932,-0.6791456840737199,-1.1559347102263289,1
1138,-10.924284,-31.31646,-1.6341847718190805,0,-0.856494404886988,1,2.073946453154289,-0.8916882501868245,4,0.0,0.9639678759553396,-0.6605306743650393,0,0.9402796204509212,-1.0261667362455194,-0.9614863916702532,6,0.2462002046576992,1,-0.783819147371072,-0.5649890930432726,-0.6780493930322936,0,1,-0.3305890744344257,-0.4262300150429028,-0.6589728319256667,0.0,-0.9320143892374164,-0.9359045730975464,-0.6201892226844657,-1.0778621289498782,-0.4911735278257753,-0.6154915796172451,-0.3687152874355457,-0.3148734873096303,0
1139,47.64534,7.3337116,1.4318670655440953,1,1.0697680282011397,1,1.3335810620982798,2.038524256015781,3,0.0,0.9656295036534046,-0.6605306743650393,1,-1.2248070954894692,0.3796721288811475,1.7496101475022634,0,0.2462002046576992,1,1.007588365393017,0.8960744729560548,-0.2775943477299747,0,1,-0.0572673987209239,-0.4262300150429028,0.2662325767951835,0.0,0.241988311858558,2.6639302300699157,0.1557070814399298,0.3380961637724818,3.754111916204331,1.041095461037043,3.0460190755843706,2.488663922412698,0
1140,-17.540962,-7.1374955,-0.5391662584750891,2,-0.4176933100908508,1,-0.5173324155417446,1.0617867539482455,4,0.0,0.9672911313514696,-0.6605306743650393,0,-1.5200461931177045,1.7855109940078144,-0.9614863916702532,6,1.153253590238697,1,-0.6780047788078509,0.628203449793808,0.1228606975723441,0,0,0.4893759527060795,-0.4262300150429028,1.1914379855160335,0.0,1.4159910129545328,-0.678773515728442,0.1557070814399298,0.3380961637724818,-0.6544537372115486,-0.6154915796172451,-0.6791456840737199,-0.5952272282818631,0
1141,38.366707,8.438198,0.7748559575377005,2,1.2656171044095852,1,-0.270543951856408,0.0850492518807105,3,0.0,0.9689527590495344,-0.6605306743650393,0,-1.7168722582031943,0.3796721288811475,2.6533089938931025,5,1.153253590238697,0,2.66577176352028,-1.5127971624064376,-1.0785044383346123,0,1,-0.3305890744344257,-0.4262300150429028,1.1914379855160335,0.0,0.241988311858558,1.5068404719089457,0.9316033855643254,-1.0778621289498782,2.447870241118145,0.7649976209279952,-0.3687152874355457,1.6476026994959998,0
1142,-23.75491,-10.408201,-0.7581699611438873,2,-1.3919804866721046,1,-0.270543951856408,0.0850492518807105,3,0.0,0.9706143867475991,-0.6605306743650393,1,-0.8803614815898617,-1.0261667362455194,-0.9614863916702532,6,-0.6608531809232983,1,-0.9268172799876336,-1.2599640193482624,-0.6780493930322936,0,0,-0.8772324258614291,-0.4262300150429028,-0.6589728319256667,0.0,0.241988311858558,-0.678773515728442,0.1557070814399298,-1.0778621289498782,-0.1646131090542286,-0.063295899399149,-0.3687152874355457,-0.8755809692540959,0
1143,16.548307,-0.67875564,0.8843578088720997,2,0.5268446397245632,1,-0.5173324155417446,2.038524256015781,3,0.0,0.973937642143729,0.2546249253678617,0,-0.7819484490471167,-2.432005601372186,-0.0577875452794142,2,-1.5679065665042955,2,-0.1559447314989472,1.283686373208666,-0.6780493930322936,0,1,-0.3305890744344257,-0.4262300150429028,-1.584178240646517,0.0,-0.9320143892374164,-0.1645114009902331,0.1557070814399298,0.3380961637724818,0.4885077284888646,0.7649976209279952,-0.3687152874355457,-0.0345197463373974,0
1144,3.5365486,14.146385,0.8843578088720997,0,-1.1564657747758729,2,2.073946453154289,0.0850492518807105,2,0.0,0.975599269841794,-1.5756862740979405,1,-0.6835354165043717,-1.0261667362455194,-0.0577875452794142,7,-1.5679065665042955,1,-0.450015185497939,1.3841731421283965,-0.6780493930322936,0,0,-0.0572673987209239,-0.4262300150429028,-1.584178240646517,0.0,0.241988311858558,-0.1645114009902331,-0.6201892226844657,0.3380961637724818,0.4885077284888646,0.7649976209279952,0.5625759024789769,0.2458339946348354,0
1145,-1.9899294,-14.352794,-0.6486681098094882,1,-0.2168860294214321,2,-0.8875151110697495,1.0617867539482455,4,0.0,0.9772608975398588,1.1697805251007627,1,-0.5851223839616266,0.3796721288811475,-0.0577875452794142,7,-1.5679065665042955,2,-0.2487979023064324,1.0243883471150954,1.7246808787816197,0,0,-0.6039107501479274,-0.4262300150429028,1.1914379855160335,0.0,-0.9320143892374164,-0.1645114009902331,0.1557070814399298,0.3380961637724818,-0.3278933184400019,-0.6154915796172451,-0.6791456840737199,-0.3148734873096303,0
1146,-2.389567,-4.44298,-0.1011588531374925,2,-0.6036259773773496,1,0.3464272073569334,1.0617867539482455,1,0.0,0.9789225252379238,0.2546249253678617,0,0.4974209740085685,0.3796721288811475,-0.0577875452794142,4,0.2462002046576992,1,-0.3909461203160606,-0.2659179821884661,2.5255909693862573,0,1,-0.8772324258614291,-0.4262300150429028,-0.6589728319256667,0.0,1.4159910129545328,-0.5502079870438897,-0.6201892226844657,0.3380961637724818,-0.6544537372115486,-0.6154915796172451,-0.3687152874355457,-0.8755809692540959,0
1147,12.733933,1.4105611,-0.3201625558062908,1,-0.9333465740320742,1,0.0996387436715968,1.0617867539482455,1,0.0,0.9805841529359888,0.2546249253678617,1,-1.1756005792180968,1.7855109940078144,-0.0577875452794142,4,1.153253590238697,0,-0.3779849225603247,0.3776189617044658,-0.6780493930322936,0,0,-0.6039107501479274,-0.4262300150429028,-1.584178240646517,0.0,0.241988311858558,-0.2930769296747854,0.1557070814399298,0.3380961637724818,0.3252275191030913,0.7649976209279952,1.4938670923934996,-0.5952272282818631,0
1148,12.512509,7.935117,1.3223652142096962,2,-0.1995323138080255,1,1.950552221311621,1.0617867539482455,1,0.0,0.9839074083321184,0.2546249253678617,0,0.8910731041795485,0.3796721288811475,-0.9614863916702532,2,-1.5679065665042955,1,-0.6994651226329218,1.0946588148911307,-0.6780493930322936,0,0,-0.3305890744344257,-0.4262300150429028,1.1914379855160335,0.0,0.241988311858558,-0.1645114009902331,0.1557070814399298,-1.0778621289498782,0.3252275191030913,0.4888997808189471,-0.3687152874355457,-0.0345197463373974,0
1149,11.173634,-8.985544,0.2273467008657048,2,1.4490706694655973,1,0.0996387436715968,2.038524256015781,3,0.0,0.9855690360301832,-0.6605306743650393,1,0.4974209740085685,0.3796721288811475,-0.0577875452794142,4,-1.5679065665042955,1,-0.2392363629784304,-1.4726024548385457,-0.2775943477299747,0,0,-0.6039107501479274,-0.4262300150429028,1.1914379855160335,0.0,2.5899937140505074,-0.1645114009902331,0.1557070814399298,0.3380961637724818,-0.0013328996684553,0.7649976209279952,1.4938670923934996,0.8065414765793012,0
1150,10.020453,-8.350896,-1.0866755151470848,2,1.238346979874232,1,1.2101868302556114,0.0850492518807105,4,0.0,0.9872306637282484,1.1697805251007627,1,0.0545623275662159,-1.0261667362455194,-0.9614863916702532,2,-1.5679065665042955,0,-0.5177958754008858,0.2778348974624956,-0.6780493930322936,0,0,-1.1505541015749308,-0.4262300150429028,-1.584178240646517,0.0,1.4159910129545328,-0.5502079870438897,0.1557070814399298,0.3380961637724818,-0.0013328996684553,0.7649976209279952,-0.6791456840737199,0.8065414765793012,0
1151,23.600508,-8.73768,-0.2106607044718917,2,0.0409406025491796,1,1.0867925984129432,2.038524256015781,1,0.0,0.990553919124378,-0.6605306743650393,1,-0.8803614815898617,1.7855109940078144,-0.0577875452794142,6,-1.5679065665042955,1,-0.2751452551213709,1.6863361535653485,-0.6780493930322936,0,0,-1.1505541015749308,-0.4262300150429028,1.1914379855160335,0.0,-0.9320143892374164,0.6068817711170802,-0.6201892226844657,0.3380961637724818,1.4681889848035046,2.97378034180038,-0.3687152874355457,1.6476026994959998,0
1152,-16.61734,38.616993,-0.9771736638126856,2,-0.55156483053713,1,2.197340684996958,0.0850492518807105,3,0.0,0.992215546822443,-0.6605306743650393,0,-1.3232201280322142,-2.432005601372186,-0.0577875452794142,4,-1.5679065665042955,0,-0.3454756888451182,0.8638905987146306,-1.0785044383346123,0,0,1.5826626555600865,2.346151056253851,-0.6589728319256667,0.0,0.241988311858558,-0.678773515728442,1.707499689688721,-1.0778621289498782,-0.3278933184400019,-0.339393739508197,-0.6791456840737199,-1.1559347102263289,0
1153,-25.129358,-3.6702776,-1.7436866231534796,2,-0.6358543063736761,1,-0.5173324155417446,-1.86842575225436,3,0.0,0.9938771745205078,0.2546249253678617,1,1.5307578157073911,0.3796721288811475,-0.9614863916702532,6,1.153253590238697,2,-0.7194381158958592,1.6437522500930712,-0.6780493930322936,0,0,0.7626976284195812,-0.4262300150429028,0.2662325767951835,0.0,-0.9320143892374164,-1.0644701017820986,-0.6201892226844657,0.3380961637724818,-0.8177339465973219,-0.6154915796172451,-0.0582848907973714,-0.5952272282818631,0
1154,-44.983017,-1.1920688,-2.072192177156677,1,-0.6408125108346494,2,-0.7641208792270812,-0.8916882501868245,3,0.0,0.9955388022185728,-0.6605306743650393,0,0.2021818763803334,0.3796721288811475,-0.9614863916702532,8,1.153253590238697,2,-1.0483550687791243,0.5771870901884063,-0.6780493930322936,0,1,-0.8772324258614291,-0.4262300150429028,0.2662325767951835,0.0,-0.9320143892374164,-1.4501666878357553,-0.6201892226844657,1.754054456494842,-1.1442943653688686,-1.1676872598353414,-0.6791456840737199,-1.1559347102263289,1
1155,35.711517,21.310467,1.103361511540898,2,0.925980098832914,0,2.073946453154289,1.0617867539482455,1,0.0,0.9972004299166376,1.1697805251007627,0,1.5799643319787635,0.3796721288811475,2.6533089938931025,3,0.2462002046576992,1,2.7951712624259053,-1.2779532590989275,0.1228606975723441,0,0,-1.1505541015749308,-0.4262300150429028,0.2662325767951835,0.0,0.241988311858558,2.0211025866471544,-0.6201892226844657,0.3380961637724818,-0.3278933184400019,-0.6154915796172451,-0.3687152874355457,-1.1559347102263289,0
1156,13.416466,-7.591561,0.2273467008657048,2,-1.5679967450366568,1,-0.7641208792270812,-0.8916882501868245,3,0.0,1.0005236853127677,0.2546249253678617,1,0.4974209740085685,-1.0261667362455194,-0.0577875452794142,2,0.2462002046576992,0,-0.7296370911790612,-0.563724224623304,-1.0785044383346123,0,0,-0.0572673987209239,-0.4262300150429028,1.1914379855160335,0.0,0.241988311858558,-0.0359458723056809,0.1557070814399298,0.3380961637724818,0.4885077284888646,1.041095461037043,-0.6791456840737199,0.8065414765793012,0
1157,25.764828,-4.1379976,0.3368485522001039,2,0.2020822475308119,1,0.7166099028849382,0.0850492518807105,1,0.0,1.0021853130108322,-1.5756862740979405,0,0.6942470390940585,-1.0261667362455194,0.8459113011114247,4,0.2462002046576992,1,0.8354806574889828,1.6143791945626884,-0.6780493930322936,0,0,-0.6039107501479274,-0.4262300150429028,1.1914379855160335,0.0,1.4159910129545328,0.8640128284861845,-0.6201892226844657,0.3380961637724818,1.794749403575051,2.97378034180038,3.666879868860719,2.2083101814404653,0
1158,14.270212,4.005592,-0.2106607044718917,0,-1.4737908602781642,1,-0.1471497200137397,1.0617867539482455,1,0.0,1.0055085684069622,0.2546249253678617,0,-0.6835354165043717,0.3796721288811475,-0.0577875452794142,0,0.2462002046576992,1,-0.500372625958749,-0.2899504821678701,-0.6780493930322936,0,0,-0.8772324258614291,-0.4262300150429028,1.1914379855160335,0.0,0.241988311858558,0.4783162424325279,1.707499689688721,0.3380961637724818,1.141628566031958,1.8693889813641875,-0.0582848907973714,1.3672489585237668,0
1159,-3.310267,14.74744,0.0083429981969065,2,-0.3259665275628447,1,1.2101868302556114,0.0850492518807105,1,0.0,1.007170196105027,0.2546249253678617,1,0.9402796204509212,0.3796721288811475,-0.0577875452794142,4,0.2462002046576992,1,-0.1561572101506806,1.7117740629002731,0.1228606975723441,0,0,0.4893759527060795,-0.4262300150429028,-1.584178240646517,0.0,2.5899937140505074,-0.2930769296747854,-0.6201892226844657,-1.0778621289498782,-0.4911735278257753,-0.339393739508197,-0.6791456840737199,-0.5952272282818631,0
1160,6.954954,-1.2088946,0.2273467008657048,1,-0.2268024383433787,1,-0.6407266473844129,0.0850492518807105,3,0.0,1.0104934515011568,-1.5756862740979405,0,0.743453555365431,0.3796721288811475,-0.0577875452794142,4,0.2462002046576992,2,-0.3104167113091113,-1.5702784050472345,-1.0785044383346123,0,0,-0.6039107501479274,-0.4262300150429028,1.1914379855160335,0.0,-0.9320143892374164,-0.1645114009902331,-0.6201892226844657,-2.4938204216722384,0.3252275191030913,-0.6154915796172451,0.2521455058408027,1.086895217551534,0
1161,26.063175,-1.1104888,0.8843578088720997,2,1.3052827400973714,1,-0.8875151110697495,-0.8916882501868245,4,0.0,1.0138167068972863,1.1697805251007627,0,-0.3390898026047641,-1.0261667362455194,-0.0577875452794142,4,1.153253590238697,0,-0.1557322528472139,-1.2543423819261796,-0.6780493930322936,0,0,1.036019304133083,-0.4262300150429028,-1.584178240646517,0.0,1.4159910129545328,-0.1645114009902331,0.1557070814399298,0.3380961637724818,0.4885077284888646,0.7649976209279952,0.2521455058408027,1.3672489585237668,0
1162,-6.513606,-5.5870204,0.1178448495313057,2,-1.0052405387161871,1,-0.8875151110697495,-0.8916882501868245,3,0.0,1.0188015899914813,1.1697805251007627,0,-0.5851223839616266,-1.0261667362455194,0.8459113011114247,4,0.2462002046576992,1,0.2662503494952699,-0.0160361987768842,0.1228606975723441,0,1,1.036019304133083,-0.4262300150429028,1.1914379855160335,0.0,0.241988311858558,-0.1645114009902331,2.4833959938131165,1.754054456494842,-0.3278933184400019,-0.063295899399149,-0.6791456840737199,-0.5952272282818631,0
1163,34.469143,-20.403526,-0.2106607044718917,2,-0.1623457803507257,2,0.0996387436715968,0.0850492518807105,3,0.0,1.0204632176895465,1.1697805251007627,1,-0.5359158676902541,-1.0261667362455194,0.8459113011114247,7,-1.5679065665042955,1,0.8080709114153775,1.0142693997553462,2.5255909693862573,0,0,0.4893759527060795,-0.4262300150429028,0.2662325767951835,0.0,-0.9320143892374164,0.4783162424325279,0.1557070814399298,0.3380961637724818,0.9783483566461848,2.145486821473236,1.1834366957553253,-1.1559347102263289,1
1164,2.6064522,-4.120078,0.0083429981969065,2,1.654836154595989,1,0.0996387436715968,0.0850492518807105,3,0.0,1.022124845387611,-0.6605306743650393,0,0.251388392651706,0.3796721288811475,-0.9614863916702532,6,-0.6608531809232983,1,-0.5454181001262246,-0.6127730111309766,-0.6780493930322936,0,0,-1.1505541015749308,-0.4262300150429028,-1.584178240646517,0.0,0.241988311858558,-0.4216424583593375,-0.6201892226844657,-2.4938204216722384,0.161947309717318,-0.063295899399149,1.4938670923934996,0.8065414765793012,0
1165,-5.6383038,-20.789688,0.3368485522001039,2,-0.8788063249613679,1,0.8400041347276065,0.0850492518807105,1,0.0,1.023786473085676,0.2546249253678617,0,0.8910731041795485,0.3796721288811475,0.8459113011114247,4,1.153253590238697,2,0.3064088146728778,0.7919336397119704,1.324225833479301,0,1,-0.0572673987209239,-0.4262300150429028,1.1914379855160335,0.0,-0.9320143892374164,0.8640128284861845,-0.6201892226844657,-1.0778621289498782,-0.4911735278257753,-0.6154915796172451,0.2521455058408027,-0.3148734873096303,0
1166,-15.479303,5.2773294,0.7748559575377005,1,-0.4970245814664236,0,-1.010909342912418,2.038524256015781,0,0.0,1.0254481007837408,-1.5756862740979405,1,-1.4216331605749593,0.3796721288811475,-0.0577875452794142,1,1.153253590238697,1,-0.161469176444015,-0.5354754965773377,0.523315742874663,0,1,-1.1505541015749308,-0.4262300150429028,0.2662325767951835,0.0,-0.9320143892374164,0.3497507137479757,0.1557070814399298,0.3380961637724818,0.4885077284888646,0.7649976209279952,-0.6791456840737199,-0.5952272282818631,0
1167,15.939413,33.221718,1.2128633628752972,1,-1.0845718100917598,1,-0.6407266473844129,2.038524256015781,3,0.0,1.0287713561798708,0.2546249253678617,1,1.137105685536411,-1.0261667362455194,1.7496101475022634,3,1.153253590238697,1,1.848366390301984,-1.2242666217180365,-0.2775943477299747,0,0,2.675949358414093,2.346151056253851,-0.6589728319256667,0.0,0.241988311858558,1.5068404719089457,0.1557070814399298,0.3380961637724818,-0.8177339465973219,-0.6154915796172451,-0.0582848907973714,-0.5952272282818631,0
1168,-42.53917,8.267267,-0.2106607044718917,2,-0.0978891223580728,2,0.7166099028849382,-0.8916882501868245,3,0.0,1.0304329838779356,-1.5756862740979405,1,-0.3390898026047641,-2.432005601372186,-0.0577875452794142,7,1.153253590238697,0,-0.2258502079192278,1.0940966511489223,1.324225833479301,0,1,-0.3305890744344257,-0.4262300150429028,1.1914379855160335,0.0,1.4159910129545328,-0.5502079870438897,-0.6201892226844657,-1.0778621289498782,-0.8177339465973219,-0.6154915796172451,-0.0582848907973714,-0.5952272282818631,1
1169,-11.26458,-28.463524,-1.4151810691502822,1,-0.5837931595334565,1,-0.8875151110697495,-1.86842575225436,5,0.0,1.0320946115760006,-1.5756862740979405,0,-1.6676657419318217,0.3796721288811475,-0.9614863916702532,6,1.153253590238697,2,-0.5828143428312987,0.4082568856548172,-0.6780493930322936,0,1,-0.6039107501479274,-0.4262300150429028,0.2662325767951835,0.0,-0.9320143892374164,-0.678773515728442,-0.6201892226844657,0.3380961637724818,-0.1646131090542286,-0.339393739508197,-0.3687152874355457,-0.3148734873096303,0
1170,-2.8785973,-1.2431138,-1.0866755151470848,2,-0.7846004402028751,1,-0.1471497200137397,0.0850492518807105,3,0.0,1.0337562392740651,-0.6605306743650393,0,0.9894861367222936,1.7855109940078144,-0.9614863916702532,6,0.2462002046576992,1,-0.634446655202509,1.1491886978853345,1.7246808787816197,0,0,0.4893759527060795,-0.4262300150429028,-1.584178240646517,0.0,-0.9320143892374164,-0.8073390444129942,-2.171981830933257,0.3380961637724818,-0.6544537372115486,-0.6154915796172451,-0.6791456840737199,-0.5952272282818631,0
1171,-20.571417,-6.5257745,-1.0866755151470848,1,-0.5242947060017769,1,-0.8875151110697495,0.0850492518807105,3,0.0,1.0354178669721303,1.1697805251007627,1,1.038692652993666,0.3796721288811475,-0.9614863916702532,6,1.153253590238697,2,-0.8335391518766818,-1.1265906715093472,-0.2775943477299747,0,0,-0.6039107501479274,-0.4262300150429028,0.2662325767951835,0.0,-0.9320143892374164,-0.678773515728442,-2.171981830933257,-1.0778621289498782,-0.4911735278257753,-0.6154915796172451,-0.3687152874355457,-0.5952272282818631,0
1172,-36.149193,-7.9870877,0.3368485522001039,2,1.3052827400973714,1,-0.270543951856408,0.0850492518807105,1,0.0,1.0370794946701951,-1.5756862740979405,1,0.349801425194451,0.3796721288811475,-0.9614863916702532,2,-1.5679065665042955,2,-0.9215053136942992,-1.5423107588723726,0.1228606975723441,0,1,-0.3305890744344257,-0.4262300150429028,-0.6589728319256667,0.0,-0.9320143892374164,-0.1645114009902331,0.1557070814399298,-2.4938204216722384,-0.4911735278257753,-0.6154915796172451,-0.6791456840737199,-0.3148734873096303,1
1173,-2.209795,-14.903656,-0.8676718124782865,2,-0.8267451781211482,2,0.0996387436715968,0.0850492518807105,3,0.0,1.03874112236826,0.2546249253678617,1,-1.1756005792180968,-1.0261667362455194,-0.0577875452794142,7,0.2462002046576992,2,-0.1346968663256097,1.2789079813998956,2.5255909693862573,0,0,-1.1505541015749308,-0.4262300150429028,0.2662325767951835,0.0,-0.9320143892374164,-0.4216424583593375,-0.6201892226844657,0.3380961637724818,-0.3278933184400019,-0.6154915796172451,-0.3687152874355457,-0.0345197463373974,0
1174,-6.6307974,8.487263,-0.1011588531374925,2,-0.2268024383433787,1,-0.5173324155417446,1.0617867539482455,1,0.0,1.040402750066325,-0.6605306743650393,0,-1.1756005792180968,0.3796721288811475,0.8459113011114247,0,-1.5679065665042955,1,0.3197949697320805,1.1916320604220596,0.523315742874663,0,0,-0.8772324258614291,-0.4262300150429028,0.2662325767951835,0.0,1.4159910129545328,-0.2930769296747854,2.4833959938131165,0.3380961637724818,-0.6544537372115486,-0.6154915796172451,-0.6791456840737199,-0.5952272282818631,0
1175,11.015941,-5.577688,-1.3056792178158831,1,-0.075577202283693,1,-0.8875151110697495,-1.86842575225436,1,0.0,1.0437260054624549,1.1697805251007627,1,0.5466274902799411,1.7855109940078144,-0.0577875452794142,4,0.2462002046576992,0,-0.2755702124248377,-1.3126668701802888,-0.6780493930322936,0,0,0.4893759527060795,-0.4262300150429028,0.2662325767951835,0.0,1.4159910129545328,-0.5502079870438897,2.4833959938131165,0.3380961637724818,-0.0013328996684553,0.7649976209279952,-0.6791456840737199,0.8065414765793012,0
1176,-9.360757,29.624495,0.2273467008657048,2,-0.7697258268199553,1,0.3464272073569334,0.0850492518807105,3,0.0,1.0453876331605196,1.1697805251007627,1,0.0053558112948434,0.3796721288811475,-0.0577875452794142,4,-0.6608531809232983,1,-0.2566596124205673,-0.9303955254786564,0.523315742874663,0,0,1.5826626555600865,2.346151056253851,0.2662325767951835,0.0,-0.9320143892374164,-0.5502079870438897,0.1557070814399298,0.3380961637724818,-0.3278933184400019,-0.063295899399149,-0.3687152874355457,-1.1559347102263289,0
1177,29.573578,23.666302,1.3223652142096962,2,-1.2432343528429055,1,1.5803695257836163,1.0617867539482455,4,0.0,1.0470492608585846,-1.5756862740979405,0,0.3005949089230785,0.3796721288811475,1.7496101475022634,5,-0.6608531809232983,1,2.105678037551101,-1.5199647501195932,0.1228606975723441,0,0,0.2160542769925777,-0.4262300150429028,-0.6589728319256667,0.0,1.4159910129545328,2.0211025866471544,-0.6201892226844657,0.3380961637724818,-0.4911735278257753,-0.6154915796172451,-0.3687152874355457,-0.5952272282818631,0
1178,27.533358,13.8453665,1.4318670655440953,2,0.0260659891662596,1,0.9633983665702748,2.038524256015781,1,0.0,1.0487108885566494,1.1697805251007627,0,-0.7819484490471167,-1.0261667362455194,0.8459113011114247,5,-1.5679065665042955,0,1.437645156501369,1.0776533616893302,0.9237707881769818,0,0,-0.0572673987209239,-0.4262300150429028,0.2662325767951835,0.0,2.5899937140505074,0.9925783571707368,0.1557070814399298,0.3380961637724818,1.141628566031958,1.8693889813641875,-0.3687152874355457,1.9279564404682328,0
1179,-21.580706,5.5619836,-1.8531884744878788,2,0.8392115207658811,2,-0.8875151110697495,0.0850492518807105,3,0.0,1.0503725162547144,0.2546249253678617,0,-1.7168722582031943,0.3796721288811475,-0.9614863916702532,8,0.2462002046576992,2,-0.7904059855748066,-0.1492690056802473,-0.6780493930322936,0,0,1.036019304133083,-0.4262300150429028,-1.584178240646517,0.0,-0.9320143892374164,-1.193035630466651,0.1557070814399298,0.3380961637724818,-0.8177339465973219,-0.6154915796172451,-0.0582848907973714,-0.5952272282818631,0
1180,24.349749,-3.148925,-0.3201625558062908,2,0.811941396230528,1,-0.7641208792270812,0.0850492518807105,1,0.0,1.0520341439527794,1.1697805251007627,0,0.0053558112948434,0.3796721288811475,-0.0577875452794142,6,-0.6608531809232983,0,-0.2273375584813614,0.7053604234118949,-0.6780493930322936,0,0,-0.8772324258614291,-0.4262300150429028,0.2662325767951835,0.0,0.241988311858558,-0.0359458723056809,-0.6201892226844657,0.3380961637724818,0.651787937874638,1.041095461037043,1.4938670923934996,1.3672489585237668,0
1181,-15.039906,0.29767436,-0.1011588531374925,2,-1.218443330538039,1,-0.270543951856408,0.0850492518807105,1,0.0,1.0536957716508442,-1.5756862740979405,1,0.5466274902799411,0.3796721288811475,-0.9614863916702532,2,-0.6608531809232983,2,-0.9540145474095058,-0.4726536983855621,-0.2775943477299747,0,0,-1.1505541015749308,-0.4262300150429028,0.2662325767951835,0.0,-0.9320143892374164,0.4783162424325279,0.9316033855643254,0.3380961637724818,-0.4911735278257753,-0.339393739508197,-0.3687152874355457,-0.3148734873096303,0
1182,34.999237,10.886741,1.3223652142096962,2,-0.8366615870430948,1,-0.3939381836990763,-1.86842575225436,1,0.0,1.057019027046974,0.2546249253678617,0,-1.2248070954894692,-1.0261667362455194,1.7496101475022634,0,0.2462002046576992,1,1.5857427767595318,-0.3739939616280084,-0.2775943477299747,0,1,1.036019304133083,-0.4262300150429028,-0.6589728319256667,0.0,0.241988311858558,2.406799172700811,0.1557070814399298,0.3380961637724818,1.304908775417731,1.8693889813641875,-0.0582848907973714,2.2083101814404653,0
1183,2.6304562,9.768137,-0.1011588531374925,0,0.2268732698356784,1,-1.010909342912418,1.0617867539482455,3,0.0,1.058680654745039,1.1697805251007627,0,-1.6184592256604493,-1.0261667362455194,-0.0577875452794142,4,0.2462002046576992,1,-0.4523524506670061,0.1542994151122254,-1.0785044383346123,0,0,-0.0572673987209239,-0.4262300150429028,0.2662325767951835,0.0,-0.9320143892374164,-0.9359045730975464,2.4833959938131165,0.3380961637724818,-0.6544537372115486,-0.6154915796172451,-0.3687152874355457,-0.5952272282818631,0
1184,-10.043659,34.70143,-0.1011588531374925,2,0.5888221954867294,1,-0.7641208792270812,-0.8916882501868245,1,0.0,1.062003910141169,1.1697805251007627,1,0.645040522822686,1.7855109940078144,-0.0577875452794142,0,-1.5679065665042955,0,0.0720448618109646,1.6857739898231403,1.324225833479301,0,0,1.3093409798465847,2.346151056253851,-1.584178240646517,0.0,0.241988311858558,0.2211851850634235,0.1557070814399298,0.3380961637724818,-0.3278933184400019,-0.063295899399149,-0.6791456840737199,-0.0345197463373974,0
1185,13.663463,31.649042,1.869874470881692,2,-0.5416484216151833,1,1.5803695257836163,2.038524256015781,3,0.0,1.0636655378392337,-0.6605306743650393,0,1.235518718079156,0.3796721288811475,1.7496101475022634,3,0.2462002046576992,1,2.320918911757011,0.6144304381097051,0.1228606975723441,0,0,2.675949358414093,2.346151056253851,0.2662325767951835,0.0,0.241988311858558,3.1781923448081244,2.4833959938131165,0.3380961637724818,0.4885077284888646,1.041095461037043,0.5625759024789769,0.8065414765793012,0
1186,8.718305,32.44843,0.6653541062033014,2,1.2110768553388789,1,0.7166099028849382,-0.8916882501868245,1,0.0,1.0653271655372984,0.2546249253678617,1,-0.043850704976529,-1.0261667362455194,1.7496101475022634,5,0.2462002046576992,1,2.3585276331138187,-1.5161701448596874,-0.6780493930322936,0,0,2.4026276827005915,2.346151056253851,-1.584178240646517,0.0,0.241988311858558,0.3497507137479757,0.1557070814399298,0.3380961637724818,1.141628566031958,1.5932911412551394,1.1834366957553253,1.9279564404682328,0
1187,4.983043,42.57007,-0.2106607044718917,1,0.1921658386088653,2,0.3464272073569334,1.0617867539482455,4,0.0,1.0669887932353634,1.1697805251007627,1,-1.4708396768463317,0.3796721288811475,-0.0577875452794142,7,1.153253590238697,2,-0.4083693697581974,-0.547983639841472,0.1228606975723441,0,1,2.4026276827005915,2.346151056253851,-1.584178240646517,0.0,-0.9320143892374164,0.2211851850634235,-0.6201892226844657,1.754054456494842,0.651787937874638,1.3171933011460917,1.1834366957553253,0.8065414765793012,1
1188,31.188522,-6.398242,0.1178448495313057,1,0.9582084278292404,1,-1.010909342912418,0.0850492518807105,1,0.0,1.0686504209334282,1.1697805251007627,1,1.1863122018077836,0.3796721288811475,-0.0577875452794142,6,1.153253590238697,1,-0.3756476573912575,-0.6248595315884548,1.7246808787816197,0,0,-0.0572673987209239,-0.4262300150429028,1.1914379855160335,0.0,1.4159910129545328,0.9925783571707368,0.9316033855643254,1.754054456494842,0.9783483566461848,1.8693889813641875,-0.0582848907973714,1.3672489585237668,0
1189,11.060625,-19.252098,-0.8676718124782865,2,0.4673461861928835,2,-0.5173324155417446,0.0850492518807105,3,0.0,1.0703120486314932,-1.5756862740979405,1,-1.1263940629467242,-1.0261667362455194,-0.0577875452794142,7,-0.6608531809232983,0,-0.4920859585411473,-1.5399215629679872,-0.6780493930322936,0,1,-0.6039107501479274,-0.4262300150429028,-0.6589728319256667,0.0,0.241988311858558,-0.1645114009902331,0.1557070814399298,-1.0778621289498782,0.4885077284888646,-1.1676872598353414,-0.6791456840737199,1.3672489585237668,0
1190,8.644334,-24.986126,-0.42966440714069,2,-1.0176360498686203,2,-0.8875151110697495,1.0617867539482455,3,0.0,1.071973676329558,1.1697805251007627,1,1.333931750621901,0.3796721288811475,-0.0577875452794142,7,1.153253590238697,0,-0.2120390955565584,-1.4605159343810674,-0.6780493930322936,0,0,-0.3305890744344257,-0.4262300150429028,0.2662325767951835,0.0,1.4159910129545328,-0.678773515728442,1.707499689688721,0.3380961637724818,-0.1646131090542286,-0.6154915796172451,-0.6791456840737199,-0.0345197463373974,0
1191,3.614008,-0.30088505,-0.5391662584750891,2,0.4326387549660704,1,-0.8875151110697495,0.0850492518807105,3,0.0,1.073635304027623,1.1697805251007627,1,-1.0279810304039791,0.3796721288811475,-0.0577875452794142,6,-0.6608531809232983,0,-0.2194758483672265,1.5747466507370045,-1.0785044383346123,0,0,-0.6039107501479274,-0.4262300150429028,0.2662325767951835,0.0,1.4159910129545328,-0.1645114009902331,0.9316033855643254,-1.0778621289498782,0.3252275191030913,0.212801940709899,-0.3687152874355457,0.5261877356070683,0
1192,2.9450426,-17.486845,-0.6486681098094882,2,0.7673175560817683,2,-0.5173324155417446,1.0617867539482455,1,0.0,1.0769585594237527,-1.5756862740979405,0,0.0545623275662159,0.3796721288811475,-0.0577875452794142,7,1.153253590238697,1,-0.2182009764568263,1.1631022505049893,-0.6780493930322936,0,0,-1.1505541015749308,-0.4262300150429028,-1.584178240646517,0.0,1.4159910129545328,-0.1645114009902331,-0.6201892226844657,0.3380961637724818,0.4885077284888646,-1.1676872598353414,-0.6791456840737199,-0.5952272282818631,0
1193,-2.1117725,-6.8204308,1.3223652142096962,2,-0.8391406892735814,1,0.8400041347276065,0.0850492518807105,3,0.0,1.0786201871218175,1.1697805251007627,0,0.3990079414658235,0.3796721288811475,-0.9614863916702532,2,-1.5679065665042955,0,-0.8320518013145481,1.4936545309234597,0.523315742874663,0,1,0.2160542769925777,-0.4262300150429028,-0.6589728319256667,0.0,0.241988311858558,0.7354472998016324,-0.6201892226844657,-1.0778621289498782,-0.8177339465973219,-0.6154915796172451,-0.0582848907973714,-0.5952272282818631,0
1194,-6.8970838,29.691816,0.1178448495313057,1,-1.622536994107363,1,-0.8875151110697495,0.0850492518807105,3,0.0,1.0802818148198825,1.1697805251007627,0,-1.1756005792180968,-1.0261667362455194,-0.9614863916702532,2,-0.6608531809232983,2,-0.8632861631193544,1.336951387782901,-0.6780493930322936,0,0,1.855984331273588,2.346151056253851,-0.6589728319256667,0.0,-0.9320143892374164,-0.9359045730975464,0.1557070814399298,0.3380961637724818,-0.4911735278257753,-0.339393739508197,0.2521455058408027,-0.3148734873096303,0
1195,27.719711,16.544697,1.103361511540898,2,1.04745610812676,2,-0.8875151110697495,1.0617867539482455,1,0.0,1.0819434425179475,-0.6605306743650393,0,-0.929567997861234,1.7855109940078144,1.7496101475022634,3,-0.6608531809232983,0,2.011974952136683,0.9518692243702268,1.324225833479301,0,0,-0.3305890744344257,-0.4262300150429028,0.2662325767951835,0.0,2.5899937140505074,2.2782336440162587,-0.6201892226844657,0.3380961637724818,-0.6544537372115486,-0.6154915796172451,-0.3687152874355457,-0.5952272282818631,0
1196,33.17718,17.448416,1.3223652142096962,2,0.016149580244313,1,-1.010909342912418,0.0850492518807105,1,0.0,1.0836050702160125,0.2546249253678617,1,-1.4708396768463317,0.3796721288811475,1.7496101475022634,3,0.2462002046576992,2,1.8859751116587915,1.1342913587168146,0.523315742874663,0,0,-0.3305890744344257,-0.4262300150429028,-1.584178240646517,0.0,-0.9320143892374164,1.5068404719089457,-0.6201892226844657,0.3380961637724818,0.161947309717318,0.7649976209279952,-0.6791456840737199,-1.1559347102263289,0
1197,-4.4665136,-20.426155,0.4463504035345031,2,1.0003531657475135,2,1.7037637576262843,-0.8916882501868245,1,0.0,1.0852666979140773,1.1697805251007627,1,0.6942470390940585,0.3796721288811475,0.8459113011114247,7,0.2462002046576992,2,0.1230397382269747,-0.3825669586966848,0.1228606975723441,0,1,0.2160542769925777,-0.4262300150429028,1.1914379855160335,0.0,-0.9320143892374164,1.2497094145398413,-0.6201892226844657,0.3380961637724818,-0.8177339465973219,-1.1676872598353414,-0.6791456840737199,-0.5952272282818631,0
1198,-25.166561,4.3338046,-1.8531884744878788,2,-0.1871368026555923,2,-0.0237554881710714,-1.86842575225436,1,0.0,1.088589953310207,1.1697805251007627,1,-0.5851223839616266,0.3796721288811475,-0.9614863916702532,8,-1.5679065665042955,2,-0.8020923114201423,0.9513070606280186,-0.6780493930322936,0,0,-1.1505541015749308,-0.4262300150429028,-1.584178240646517,0.0,-0.9320143892374164,-1.193035630466651,0.1557070814399298,0.3380961637724818,-0.8177339465973219,-0.6154915796172451,-0.6791456840737199,-0.5952272282818631,0
1199,4.9016104,36.409622,-0.42966440714069,0,-0.6755199420614625,2,0.8400041347276065,0.0850492518807105,1,0.0,1.090251581008272,0.2546249253678617,0,-1.4708396768463317,0.3796721288811475,-0.0577875452794142,7,1.153253590238697,0,-0.2411486708440308,0.2553483477741643,-0.6780493930322936,0,1,2.675949358414093,2.346151056253851,0.2662325767951835,0.0,0.241988311858558,-0.5502079870438897,-0.6201892226844657,0.3380961637724818,-0.1646131090542286,0.212801940709899,-0.3687152874355457,-0.5952272282818631,0
1200,-10.6754055,13.6001,-0.1011588531374925,2,1.3598229891680778,1,2.073946453154289,1.0617867539482455,1,0.0,1.0919132087063368,-1.5756862740979405,1,0.6942470390940585,0.3796721288811475,-0.0577875452794142,0,0.2462002046576992,1,-0.2456107225304317,-0.968903741819924,1.324225833479301,0,0,-0.3305890744344257,-0.4262300150429028,-0.6589728319256667,0.0,1.4159910129545328,-0.1645114009902331,-0.6201892226844657,-1.0778621289498782,-0.6544537372115486,-0.6154915796172451,-0.6791456840737199,-0.5952272282818631,0
1201,-1.5644497,6.7088385,0.7748559575377005,2,-0.6804781465224358,0,-1.010909342912418,0.0850492518807105,1,0.0,1.0935748364044018,0.2546249253678617,0,-1.0771875466753518,0.3796721288811475,-0.9614863916702532,1,1.153253590238697,0,-0.7028647810606559,-1.4259428642352578,0.523315742874663,0,1,0.7626976284195812,-0.4262300150429028,-1.584178240646517,0.0,2.5899937140505074,-0.4216424583593375,-0.6201892226844657,0.3380961637724818,-0.8177339465973219,-0.6154915796172451,-0.0582848907973714,-0.5952272282818631,0
1202,-41.294037,-8.49197,-1.5246829204846812,2,1.2829708200229917,1,-0.1471497200137397,-1.86842575225436,3,0.0,1.0952364641024666,1.1697805251007627,1,1.333931750621901,-1.0261667362455194,-0.9614863916702532,2,0.2462002046576992,2,-0.5341567315843557,0.8815987565941915,-0.6780493930322936,0,1,-1.1505541015749308,-0.4262300150429028,-1.584178240646517,0.0,-0.9320143892374164,-0.8073390444129942,-0.6201892226844657,0.3380961637724818,-0.3278933184400019,-0.063295899399149,-0.3687152874355457,-0.5952272282818631,1
1203,-6.5375323,5.9068055,0.1178448495313057,2,1.7168137103581556,1,-0.6407266473844129,-0.8916882501868245,3,0.0,1.100221347196661,1.1697805251007627,0,1.038692652993666,0.3796721288811475,-0.9614863916702532,2,0.2462002046576992,1,-0.6792796507182511,1.667222586330267,1.7246808787816197,0,0,1.036019304133083,-0.4262300150429028,1.1914379855160335,0.0,0.241988311858558,-0.5502079870438897,1.707499689688721,-1.0778621289498782,-1.1442943653688686,-1.1676872598353414,-0.6791456840737199,-1.1559347102263289,0
1204,-8.645489,12.579673,1.7603726195472926,2,1.4689034873094906,1,1.827157989468953,1.0617867539482455,3,0.0,1.103544602592791,-0.6605306743650393,1,-0.8803614815898617,1.7855109940078144,0.8459113011114247,0,1.153253590238697,1,0.1066788820435048,-1.525586387541676,0.1228606975723441,0,0,-0.0572673987209239,-0.4262300150429028,0.2662325767951835,0.0,-0.9320143892374164,-0.0359458723056809,-0.6201892226844657,0.3380961637724818,-0.4911735278257753,-0.339393739508197,-0.3687152874355457,-0.5952272282818631,0
1205,0.5893648,-38.58877,1.2128633628752972,1,-0.2342397450348386,2,-0.270543951856408,-0.8916882501868245,3,0.0,1.106867857988921,1.1697805251007627,0,1.432344783164646,0.3796721288811475,-0.9614863916702532,8,0.2462002046576992,1,-0.8176032529966786,-0.3616263592994262,-0.2775943477299747,0,1,-1.1505541015749308,-0.4262300150429028,0.2662325767951835,0.0,1.4159910129545328,0.9925783571707368,0.1557070814399298,0.3380961637724818,0.3252275191030913,0.7649976209279952,1.4938670923934996,0.8065414765793012,1
1206,-32.164516,-6.922996,-0.5391662584750891,2,1.131745583963306,1,-0.8875151110697495,1.0617867539482455,1,0.0,1.1085294856869858,1.1697805251007627,1,1.432344783164646,0.3796721288811475,-0.9614863916702532,2,-0.6608531809232983,2,-1.0857513114841986,1.4811463876593254,-0.6780493930322936,0,0,-0.8772324258614291,-0.4262300150429028,-1.584178240646517,0.0,-0.9320143892374164,-1.3216011591512031,-0.6201892226844657,0.3380961637724818,-0.9810141559830952,-1.1676872598353414,-0.6791456840737199,-1.1559347102263289,1
1207,0.8783699,28.267094,-1.196177366481484,0,-0.0408697710568798,1,-0.270543951856408,0.0850492518807105,3,0.0,1.1101911133850508,1.1697805251007627,1,0.4974209740085685,0.3796721288811475,-0.9614863916702532,2,1.153253590238697,2,-0.8356639383940155,-0.3356262862222931,-0.6780493930322936,0,0,1.3093409798465847,2.346151056253851,0.2662325767951835,0.0,-0.9320143892374164,-0.5502079870438897,1.707499689688721,0.3380961637724818,-0.0013328996684553,0.7649976209279952,0.8730062991171511,0.8065414765793012,0
1208,-6.82487,16.840214,1.979376322216091,2,1.5829421899118763,1,1.5803695257836163,0.0850492518807105,5,0.0,1.1118527410831156,-1.5756862740979405,1,1.3831382668932737,-1.0261667362455194,-0.9614863916702532,6,-0.6608531809232983,0,-0.6301970821678414,1.3244432445187664,0.9237707881769818,0,0,-0.8772324258614291,-0.4262300150429028,1.1914379855160335,0.0,0.241988311858558,-0.4216424583593375,-1.3960855268088614,0.3380961637724818,-0.4911735278257753,-0.6154915796172451,-0.3687152874355457,-0.5952272282818631,0
1209,21.18431,-5.8550544,-0.3201625558062908,2,0.8788771564536676,1,-0.5173324155417446,-0.8916882501868245,3,0.0,1.1151759964792454,-0.6605306743650393,1,-0.4375028351475091,-1.0261667362455194,-0.0577875452794142,2,1.153253590238697,1,-0.5347941675395558,-0.33745331838447,-0.6780493930322936,0,0,-0.3305890744344257,-0.4262300150429028,0.2662325767951835,0.0,0.241988311858558,0.4783162424325279,0.1557070814399298,1.754054456494842,1.304908775417731,1.5932911412551394,0.5625759024789769,2.488663922412698,0
1210,16.062561,33.64686,2.526885578888087,2,-1.0721762989393266,1,-1.010909342912418,1.0617867539482455,3,0.0,1.1168376241773104,0.2546249253678617,1,1.2847252343505289,-2.432005601372186,0.8459113011114247,0,1.153253590238697,0,0.9306710934655352,0.8648743852634951,0.1228606975723441,0,0,1.3093409798465847,2.346151056253851,0.2662325767951835,0.0,0.241988311858558,0.9925783571707368,-0.6201892226844657,1.754054456494842,-0.9810141559830952,-1.1676872598353414,-0.6791456840737199,-1.1559347102263289,0
1211,14.918564,6.661329,-0.42966440714069,2,-1.3275238286794515,1,1.456975293940948,0.0850492518807105,3,0.0,1.1184992518753754,-0.6605306743650393,1,0.645040522822686,1.7855109940078144,-0.9614863916702532,2,-0.6608531809232983,1,-0.9508273676335052,-0.095020204557148,-0.6780493930322936,0,0,0.7626976284195812,-0.4262300150429028,1.1914379855160335,0.0,2.5899937140505074,0.3497507137479757,2.4833959938131165,0.3380961637724818,1.141628566031958,1.8693889813641875,-0.0582848907973714,2.488663922412698,0
1212,11.391131,-23.268652,0.0083429981969065,1,1.1788485263425523,2,-1.010909342912418,1.0617867539482455,3,0.0,1.1218225072715051,0.2546249253678617,1,-1.7168722582031943,-2.432005601372186,-0.0577875452794142,7,1.153253590238697,0,0.6421250844116111,-0.9326441804474896,-0.6780493930322936,0,0,-0.3305890744344257,-0.4262300150429028,0.2662325767951835,0.0,1.4159910129545328,-0.678773515728442,-0.6201892226844657,-1.0778621289498782,-0.1646131090542286,-0.339393739508197,-0.3687152874355457,-0.3148734873096303,0
1213,23.36557,-4.848549,-0.3201625558062908,2,-0.3086128119494382,1,1.2101868302556114,0.0850492518807105,1,0.0,1.12348413496957,-0.6605306743650393,0,-1.5200461931177045,-1.0261667362455194,-0.9614863916702532,6,1.153253590238697,1,-0.7593841024217337,0.846744604577278,-0.6780493930322936,0,0,-0.8772324258614291,-0.4262300150429028,-0.6589728319256667,0.0,-0.9320143892374164,-0.1645114009902331,0.1557070814399298,0.3380961637724818,0.4885077284888646,1.3171933011460917,1.8042974890316736,0.8065414765793012,0
1214,-20.99449,22.418476,-1.5246829204846812,2,-0.9308674718015876,2,-0.270543951856408,0.0850492518807105,1,0.0,1.1251457626676349,0.2546249253678617,1,1.629170848250136,0.3796721288811475,-0.9614863916702532,8,1.153253590238697,0,-0.8983451406553613,1.516422162482895,-0.6780493930322936,0,1,1.5826626555600865,2.346151056253851,-0.6589728319256667,0.0,0.241988311858558,-1.0644701017820986,-0.6201892226844657,0.3380961637724818,-0.6544537372115486,-0.6154915796172451,-0.6791456840737199,-0.5952272282818631,1
1215,12.257216,15.669889,0.7748559575377005,2,0.293809030058818,1,-0.8875151110697495,0.0850492518807105,1,0.0,1.1268073903656997,0.2546249253678617,0,1.4815512994360187,1.7855109940078144,0.8459113011114247,0,1.153253590238697,1,0.292385223658475,0.0698343128454309,-0.6780493930322936,0,1,1.036019304133083,-0.4262300150429028,-0.6589728319256667,0.0,0.241988311858558,-0.2930769296747854,-0.6201892226844657,0.3380961637724818,0.161947309717318,0.7649976209279952,1.1834366957553253,0.8065414765793012,0
1216,-13.253854,-24.370079,-0.2106607044718917,1,-1.6274951985683364,1,-0.8875151110697495,1.0617867539482455,3,0.0,1.1284690180637649,-1.5756862740979405,1,0.645040522822686,-1.0261667362455194,-0.9614863916702532,6,1.153253590238697,2,-0.3342143203032493,-0.0482200730183084,-1.0785044383346123,0,1,-0.3305890744344257,-0.4262300150429028,0.2662325767951835,0.0,-0.9320143892374164,-0.678773515728442,-0.6201892226844657,1.754054456494842,-0.3278933184400019,-0.063295899399149,-0.3687152874355457,-0.0345197463373974,0
1217,20.073183,-14.307135,0.6653541062033014,2,0.933417405524374,2,-0.8875151110697495,0.0850492518807105,3,0.0,1.1317922734598944,1.1697805251007627,1,0.349801425194451,0.3796721288811475,-0.0577875452794142,7,1.153253590238697,1,0.285585906803007,-1.1586340048152193,-0.6780493930322936,0,1,0.4893759527060795,-0.4262300150429028,-1.584178240646517,0.0,0.241988311858558,-0.1645114009902331,0.1557070814399298,0.3380961637724818,0.4885077284888646,1.3171933011460917,1.8042974890316736,1.086895217551534,0
1218,-18.294315,-7.491552,-1.4151810691502822,2,-0.5490857283066433,1,-0.0237554881710714,0.0850492518807105,3,0.0,1.1334539011579594,0.2546249253678617,1,-0.1914702537906465,1.7855109940078144,-0.9614863916702532,6,0.2462002046576992,1,-0.4466155270702049,0.4641921780045414,-0.6780493930322936,0,0,0.2160542769925777,-0.4262300150429028,1.1914379855160335,0.0,0.241988311858558,-0.8073390444129942,-1.3960855268088614,0.3380961637724818,-0.3278933184400019,-0.339393739508197,-0.6791456840737199,-0.0345197463373974,0
1219,21.107298,-15.214976,0.4463504035345031,2,0.286371723367358,2,-0.3939381836990763,0.0850492518807105,2,0.0,1.1351155288560242,1.1697805251007627,1,-1.5200461931177045,0.3796721288811475,0.8459113011114247,7,0.2462002046576992,2,0.5817811473193325,0.2186671635950738,-0.6780493930322936,0,0,-0.8772324258614291,-0.4262300150429028,-0.6589728319256667,0.0,-0.9320143892374164,-0.1645114009902331,0.1557070814399298,0.3380961637724818,0.4885077284888646,1.041095461037043,1.8042974890316736,0.8065414765793012,0
1220,-3.9173396,1.7610226,-0.8676718124782865,2,0.6929444891671688,1,-0.0237554881710714,1.0617867539482455,3,0.0,1.1367771565540892,1.1697805251007627,0,-1.1263940629467242,0.3796721288811475,-0.9614863916702532,2,0.2462002046576992,1,-0.7498225630937319,1.5598493115684848,2.5255909693862573,0,0,0.4893759527060795,-0.4262300150429028,0.2662325767951835,0.0,0.241988311858558,-0.2930769296747854,-0.6201892226844657,0.3380961637724818,-0.3278933184400019,-0.339393739508197,-0.3687152874355457,-0.5952272282818631,0
1221,24.167978,-16.573805,-0.1011588531374925,2,-0.6755199420614625,2,-0.8875151110697495,1.0617867539482455,1,0.0,1.138438784252154,0.2546249253678617,0,-0.7327419327757442,0.3796721288811475,-0.0577875452794142,8,1.153253590238697,2,-0.425155183245134,-0.9660929231088824,0.1228606975723441,0,0,-0.0572673987209239,-0.4262300150429028,0.2662325767951835,0.0,-0.9320143892374164,0.7354472998016324,-0.6201892226844657,-1.0778621289498782,0.9783483566461848,0.7649976209279952,1.1834366957553253,0.8065414765793012,0
1222,51.52009,-2.911019,0.8843578088720997,0,1.0796844371230865,1,-1.010909342912418,-1.86842575225436,1,0.0,1.141762039648284,0.2546249253678617,1,0.3990079414658235,-1.0261667362455194,0.8459113011114247,0,0.2462002046576992,1,0.9019864754815294,-1.5344404664814566,0.1228606975723441,0,0,2.1293060069870897,2.346151056253851,1.1914379855160335,0.0,0.241988311858558,1.76397152927805,0.1557070814399298,-1.0778621289498782,2.6111504505039176,2.97378034180038,3.666879868860719,-0.0345197463373974,0
1223,-34.747856,0.81387836,-1.4151810691502822,2,-1.3944595889025913,0,1.5803695257836163,-1.86842575225436,0,0.0,1.1450852950444137,1.1697805251007627,1,-0.3882963188761366,-2.432005601372186,-0.9614863916702532,1,0.2462002046576992,1,-1.0513297699033917,-0.3834102043099971,-0.6780493930322936,0,0,-1.1505541015749308,-0.4262300150429028,0.2662325767951835,0.0,0.241988311858558,-1.3216011591512031,-0.6201892226844657,0.3380961637724818,-0.9810141559830952,-1.1676872598353414,-0.6791456840737199,-1.1559347102263289,1
1224,36.0503,-17.218134,1.103361511540898,1,0.7202146137025219,2,-0.0237554881710714,0.0850492518807105,1,0.0,1.1484085504405437,0.2546249253678617,1,0.7926600716368035,-2.432005601372186,1.7496101475022634,7,0.2462002046576992,1,1.366889765474155,1.3844542239995006,1.7246808787816197,0,0,-1.1505541015749308,-0.4262300150429028,0.2662325767951835,0.0,-0.9320143892374164,1.76397152927805,0.1557070814399298,-2.4938204216722384,2.6111504505039176,0.212801940709899,3.666879868860719,1.6476026994959998,1
1225,-29.45438,-25.282478,-1.196177366481484,2,-1.0225942543295936,1,0.9633983665702748,1.0617867539482455,3,0.0,1.1517318058366732,1.1697805251007627,1,-0.1914702537906465,-2.432005601372186,-0.9614863916702532,2,0.2462002046576992,1,-0.89197078110336,-1.137833946353513,-0.6780493930322936,0,0,-0.0572673987209239,-0.4262300150429028,0.2662325767951835,0.0,2.5899937140505074,-1.0644701017820986,0.1557070814399298,1.754054456494842,-0.6544537372115486,-0.6154915796172451,-0.6791456840737199,-0.5952272282818631,0
1226,41.032784,4.5585155,0.8843578088720997,2,0.5020536174196967,1,2.320734916839626,-0.8916882501868245,5,0.0,1.1533934335347382,1.1697805251007627,0,-0.8803614815898617,-1.0261667362455194,1.7496101475022634,5,-0.6608531809232983,2,2.167509325205514,0.3943433330351623,-0.6780493930322936,0,0,-1.1505541015749308,-0.4262300150429028,0.2662325767951835,0.0,-0.9320143892374164,1.2497094145398413,-0.6201892226844657,0.3380961637724818,2.284590031732371,0.4888997808189471,1.8042974890316736,0.5261877356070683,0
1227,-14.502045,8.874086,-0.5391662584750891,1,-0.5391693193846967,1,0.0996387436715968,0.0850492518807105,1,0.0,1.155055061232803,-1.5756862740979405,1,-0.4867093514188816,0.3796721288811475,-0.9614863916702532,6,0.2462002046576992,1,-0.6522948619481125,0.4282136985032113,1.324225833479301,0,0,-0.6039107501479274,-0.4262300150429028,-1.584178240646517,0.0,0.241988311858558,-0.1645114009902331,0.1557070814399298,-1.0778621289498782,-0.3278933184400019,-0.6154915796172451,-0.3687152874355457,-0.3148734873096303,0
1228,-16.479328,-8.204681,-0.6486681098094882,2,-0.1524293714287791,1,-0.8875151110697495,1.0617867539482455,1,0.0,1.156716688930868,-0.6605306743650393,1,0.1529753601089609,0.3796721288811475,-0.9614863916702532,2,0.2462002046576992,1,-0.642945801271844,0.5326356136183998,-0.6780493930322936,0,0,-0.3305890744344257,-0.4262300150429028,1.1914379855160335,0.0,0.241988311858558,-0.678773515728442,-0.6201892226844657,1.754054456494842,-0.3278933184400019,-0.6154915796172451,-0.6791456840737199,-0.3148734873096303,0
1229,-19.10222,11.816024,0.4463504035345031,0,-0.6209796929907562,0,-0.6407266473844129,0.0850492518807105,0,0.0,1.1583783166289328,0.2546249253678617,1,-0.2898832863333916,-2.432005601372186,-0.0577875452794142,1,-0.6608531809232983,1,-0.015496342703186,0.9108312711890224,1.324225833479301,0,0,1.036019304133083,-0.4262300150429028,-0.6589728319256667,0.0,0.241988311858558,-0.1645114009902331,0.9316033855643254,0.3380961637724818,-0.6544537372115486,-0.6154915796172451,-0.3687152874355457,-0.5952272282818631,0
1230,-3.2844915,-7.5244446,0.3368485522001039,2,-1.0746554011698133,1,-0.1471497200137397,-0.8916882501868245,1,0.0,1.1617015720250623,-0.6605306743650393,0,1.2847252343505289,0.3796721288811475,-0.0577875452794142,4,-1.5679065665042955,1,0.0027768213458842,-1.303110086562748,-0.2775943477299747,0,1,0.2160542769925777,-0.4262300150429028,-0.6589728319256667,0.0,0.241988311858558,0.8640128284861845,0.1557070814399298,0.3380961637724818,-0.9810141559830952,-1.1676872598353414,-0.6791456840737199,-1.1559347102263289,0
1231,-30.544598,-23.26513,-1.4151810691502822,2,-0.7350183955931421,1,2.4441291486822943,-1.86842575225436,3,0.0,1.1633631997231275,-0.6605306743650393,1,1.235518718079156,0.3796721288811475,-0.9614863916702532,2,-1.5679065665042955,0,-0.5515799810264925,-1.5025376741111365,-0.6780493930322936,0,0,-0.6039107501479274,-0.4262300150429028,-0.6589728319256667,0.0,2.5899937140505074,-0.678773515728442,-0.6201892226844657,1.754054456494842,-0.1646131090542286,-0.6154915796172451,-0.3687152874355457,-0.5952272282818631,0
1232,31.439838,-4.6121073,0.9938596602064989,2,-0.2119278249604587,1,0.4698214391996017,1.0617867539482455,1,0.0,1.1666864551192573,0.2546249253678617,1,-1.569252709389077,0.3796721288811475,-0.0577875452794142,0,-0.6608531809232983,2,-0.199927812407756,-0.6487514906323067,1.324225833479301,0,0,-0.3305890744344257,-0.4262300150429028,1.1914379855160335,0.0,-0.9320143892374164,0.9925783571707368,0.1557070814399298,0.3380961637724818,0.4885077284888646,0.7649976209279952,-0.6791456840737199,1.3672489585237668,0
1233,14.197992,-0.69002664,-0.2106607044718917,2,1.406925931547324,1,2.197340684996958,1.0617867539482455,1,0.0,1.1683480828173225,1.1697805251007627,1,-0.8311549653184892,0.3796721288811475,-0.0577875452794142,4,0.2462002046576992,1,0.080756486532033,-1.2876505836520202,-0.2775943477299747,0,0,0.2160542769925777,-0.4262300150429028,-0.6589728319256667,0.0,0.241988311858558,0.7354472998016324,0.1557070814399298,0.3380961637724818,-0.0013328996684553,0.7649976209279952,-0.6791456840737199,0.8065414765793012,0
1234,-23.625988,-12.994506,-0.7581699611438873,2,-0.0235160554434733,1,0.8400041347276065,-1.86842575225436,1,0.0,1.170009710515387,-0.6605306743650393,1,-1.6184592256604493,0.3796721288811475,-0.9614863916702532,6,1.153253590238697,1,-0.7736201720878699,-1.475975437291795,-0.6780493930322936,0,0,-0.8772324258614291,-0.4262300150429028,-0.6589728319256667,0.0,0.241988311858558,-0.1645114009902331,-0.6201892226844657,-1.0778621289498782,0.4885077284888646,-1.1676872598353414,-0.6791456840737199,1.086895217551534,0
1235,-1.4220972,-10.959296,1.103361511540898,0,-0.643291613065136,2,-0.8875151110697495,1.0617867539482455,2,0.0,1.1733329659115168,0.2546249253678617,1,1.038692652993666,0.3796721288811475,-0.0577875452794142,7,-0.6608531809232983,1,-0.3240153450200473,-1.5146241945686143,1.7246808787816197,0,0,-1.1505541015749308,-0.4262300150429028,1.1914379855160335,0.0,0.241988311858558,-0.9359045730975464,0.1557070814399298,-2.4938204216722384,-0.9810141559830952,-1.1676872598353414,-0.6791456840737199,-1.1559347102263289,0
1236,8.991114,-29.430815,0.9938596602064989,2,1.1763694241120657,2,-0.8875151110697495,0.0850492518807105,1,0.0,1.1749945936095818,0.2546249253678617,1,0.3990079414658235,0.3796721288811475,0.8459113011114247,7,1.153253590238697,0,0.8212445878228467,-1.2251098673313487,0.523315742874663,0,1,-0.8772324258614291,-0.4262300150429028,-0.6589728319256667,0.0,0.241988311858558,0.2211851850634235,1.707499689688721,-1.0778621289498782,0.4885077284888646,0.4888997808189471,-0.6791456840737199,-0.3148734873096303,0
1237,12.493526,-32.13608,-0.1011588531374925,2,1.620128723369176,2,0.4698214391996017,2.038524256015781,2,0.0,1.1766562213076468,-0.6605306743650393,1,1.4815512994360187,-1.0261667362455194,-0.0577875452794142,7,-1.5679065665042955,0,-0.0783900236162652,-0.7947735226709083,0.9237707881769818,0,1,-0.6039107501479274,-0.4262300150429028,-0.6589728319256667,0.0,2.5899937140505074,0.6068817711170802,0.1557070814399298,0.3380961637724818,-0.8177339465973219,-0.6154915796172451,-0.0582848907973714,-0.5952272282818631,1
1238,-43.98802,4.1846437,-0.5391662584750891,2,0.4004104259697439,2,-1.010909342912418,-0.8916882501868245,1,0.0,1.1783178490057116,-1.5756862740979405,1,-1.569252709389077,-2.432005601372186,-0.0577875452794142,7,-0.6608531809232983,2,0.0493096460754934,-0.3044261985297334,1.324225833479301,0,0,-0.0572673987209239,-0.4262300150429028,-0.6589728319256667,0.0,-0.9320143892374164,-0.1645114009902331,-0.6201892226844657,0.3380961637724818,-1.1442943653688686,-1.1676872598353414,-0.6791456840737199,-1.1559347102263289,1
1239,-20.436113,2.3454492,-1.5246829204846812,2,-1.5927877673415234,1,-0.6407266473844129,-1.86842575225436,3,0.0,1.1799794767037766,0.2546249253678617,0,-0.7327419327757442,0.3796721288811475,-0.9614863916702532,2,-0.6608531809232983,2,-0.6816169158873183,-0.2039394296100028,-0.6780493930322936,0,0,-0.6039107501479274,-0.4262300150429028,0.2662325767951835,0.0,-0.9320143892374164,-1.0644701017820986,0.1557070814399298,-2.4938204216722384,-0.6544537372115486,-0.6154915796172451,-0.3687152874355457,-0.5952272282818631,0
1240,-1.5329251,35.11535,-0.6486681098094882,1,-1.5853504606500637,1,1.827157989468953,-1.86842575225436,5,0.0,1.1816411044018411,1.1697805251007627,0,-1.7660787744745667,0.3796721288811475,-0.0577875452794142,4,1.153253590238697,2,-0.2687708955693696,-1.074168902548425,-0.2775943477299747,0,0,1.3093409798465847,2.346151056253851,1.1914379855160335,0.0,-0.9320143892374164,-0.2930769296747854,0.1557070814399298,-1.0778621289498782,-0.3278933184400019,-0.063295899399149,-0.3687152874355457,-0.0345197463373974,0
1241,18.386845,11.359656,0.2273467008657048,0,-0.0259951576739599,1,-1.010909342912418,0.0850492518807105,1,0.0,1.1833027320999063,1.1697805251007627,1,0.5466274902799411,0.3796721288811475,-0.0577875452794142,2,1.153253590238697,1,-0.0065722393303842,-0.7482544730031728,-0.6780493930322936,0,1,-0.0572673987209239,-0.4262300150429028,1.1914379855160335,0.0,0.241988311858558,-0.2930769296747854,-0.6201892226844657,0.3380961637724818,0.3252275191030913,1.041095461037043,0.8730062991171511,1.086895217551534,0
1242,3.181073,-30.697874,-0.5391662584750891,2,-1.06969719670884,2,1.2101868302556114,0.0850492518807105,1,0.0,1.186625987496036,1.1697805251007627,1,0.6942470390940585,-2.432005601372186,0.8459113011114247,7,0.2462002046576992,1,0.660185769808948,-1.4718997501607851,0.1228606975723441,0,0,-0.6039107501479274,-0.4262300150429028,0.2662325767951835,0.0,0.241988311858558,-0.1645114009902331,-0.6201892226844657,-2.4938204216722384,-0.4911735278257753,-0.339393739508197,-0.6791456840737199,-0.5952272282818631,0
1243,45.940853,0.1878181,0.3368485522001039,2,-0.4747126613920437,2,-0.270543951856408,1.0617867539482455,3,0.0,1.188287615194101,-0.6605306743650393,1,1.0878991692650386,0.3796721288811475,2.6533089938931025,3,-0.6608531809232983,2,2.832355026479246,-1.400364413964781,-0.6780493930322936,0,0,-0.3305890744344257,-0.4262300150429028,-0.6589728319256667,0.0,-0.9320143892374164,1.2497094145398413,0.1557070814399298,-1.0778621289498782,2.284590031732371,1.041095461037043,3.0460190755843706,1.086895217551534,0
1244,-7.9457984,31.691673,0.8843578088720997,2,-1.553122131653737,0,-0.6407266473844129,0.0850492518807105,1,0.0,1.1949341259863606,0.2546249253678617,0,-0.4867093514188816,-2.432005601372186,0.8459113011114247,1,0.2462002046576992,1,0.6912076529620209,-1.08470947271483,0.523315742874663,0,0,1.5826626555600865,2.346151056253851,0.2662325767951835,0.0,1.4159910129545328,-0.2930769296747854,-0.6201892226844657,1.754054456494842,-0.3278933184400019,-1.1676872598353414,-0.6791456840737199,-0.3148734873096303,0
1245,17.920053,-24.304354,-0.7581699611438873,1,1.2631380021790986,1,-0.8875151110697495,1.0617867539482455,5,0.0,1.1965957536844254,1.1697805251007627,0,0.5958340065513135,-1.0261667362455194,-0.9614863916702532,6,-1.5679065665042955,2,-0.3261401315373811,1.702498361153837,-1.0785044383346123,0,0,0.2160542769925777,-0.4262300150429028,1.1914379855160335,0.0,-0.9320143892374164,-0.1645114009902331,-0.6201892226844657,0.3380961637724818,0.3252275191030913,0.7649976209279952,-0.6791456840737199,0.8065414765793012,0
1246,-21.562826,-12.285457,-1.4151810691502822,1,0.2343105765271383,0,0.0996387436715968,0.0850492518807105,3,0.0,1.1982573813824904,-1.5756862740979405,1,-0.3390898026047641,0.3796721288811475,-0.9614863916702532,1,1.153253590238697,1,-0.9259673653807,-1.7168626008280443,-1.0785044383346123,0,0,-0.3305890744344257,-0.4262300150429028,1.1914379855160335,0.0,0.241988311858558,-1.0644701017820986,-0.6201892226844657,0.3380961637724818,-0.8177339465973219,-0.6154915796172451,-0.0582848907973714,-0.8755809692540959,0
1247,-35.30628,8.975772,-0.7581699611438873,1,-0.501982785927397,0,-0.1471497200137397,0.0850492518807105,0,0.0,1.1999190090805554,0.2546249253678617,0,0.0053558112948434,-1.0261667362455194,-0.9614863916702532,1,1.153253590238697,0,-0.918530612570032,-0.6438325578879842,1.324225833479301,0,0,-1.1505541015749308,-0.4262300150429028,0.2662325767951835,0.0,0.241988311858558,-0.678773515728442,-2.171981830933257,-1.0778621289498782,-0.4911735278257753,-0.6154915796172451,-0.3687152874355457,-0.5952272282818631,1
1248,4.786757,-22.101635,-0.6486681098094882,2,0.4970954129587233,2,-0.5173324155417446,0.0850492518807105,5,0.0,1.2032422644766851,-1.5756862740979405,1,-0.7327419327757442,0.3796721288811475,-0.0577875452794142,7,0.2462002046576992,1,0.3916127540179614,0.9317718705862807,-0.6780493930322936,0,0,1.036019304133083,-0.4262300150429028,0.2662325767951835,0.0,0.241988311858558,-0.678773515728442,0.1557070814399298,0.3380961637724818,-0.3278933184400019,-0.6154915796172451,-0.6791456840737199,-0.5952272282818631,0
1249,-5.3016644,-9.544988,-1.0866755151470848,2,0.6235296267135425,1,-0.1471497200137397,0.0850492518807105,3,0.0,1.206565519872815,0.2546249253678617,0,0.0545623275662159,0.3796721288811475,-0.9614863916702532,6,1.153253590238697,2,-0.649745118127312,-1.1469691071643977,-0.6780493930322936,0,0,-1.1505541015749308,-0.4262300150429028,0.2662325767951835,0.0,-0.9320143892374164,-0.678773515728442,1.707499689688721,-1.0778621289498782,-0.1646131090542286,-0.6154915796172451,-0.3687152874355457,-0.0345197463373974,0
1250,-45.75889,3.4804235,-0.8676718124782865,2,-0.9283883695711008,2,-0.0237554881710714,0.0850492518807105,2,0.0,1.2082271475708797,-0.6605306743650393,0,-0.6835354165043717,-2.432005601372186,-0.9614863916702532,8,-0.6608531809232983,2,-0.7952929945646742,0.0445369444460582,-0.6780493930322936,0,0,-0.6039107501479274,-0.4262300150429028,0.2662325767951835,0.0,-0.9320143892374164,-1.193035630466651,0.1557070814399298,0.3380961637724818,-0.8177339465973219,-0.6154915796172451,-0.0582848907973714,-0.5952272282818631,1
1251,-7.910226,-5.8880672,-0.8676718124782865,1,-0.8465779959650415,1,-1.010909342912418,0.0850492518807105,1,0.0,1.209888775268945,1.1697805251007627,1,0.2021818763803334,1.7855109940078144,-0.0577875452794142,0,0.2462002046576992,2,-0.0443934393389251,1.2292970311500144,2.1251359240839385,0,1,-0.8772324258614291,-0.4262300150429028,1.1914379855160335,0.0,-0.9320143892374164,-0.1645114009902331,1.707499689688721,1.754054456494842,-0.6544537372115486,-0.6154915796172451,-0.6791456840737199,-0.5952272282818631,0
1252,12.039779,-17.553555,-0.7581699611438873,2,0.4375969594270437,2,0.7166099028849382,-0.8916882501868245,2,0.0,1.2115504029670097,0.2546249253678617,1,1.3831382668932737,-1.0261667362455194,0.8459113011114247,7,-1.5679065665042955,0,0.1353635000275105,-1.5775865336959425,-0.2775943477299747,0,0,-1.1505541015749308,-0.4262300150429028,-1.584178240646517,0.0,0.241988311858558,0.0926196563788712,-0.6201892226844657,0.3380961637724818,-0.0013328996684553,0.7649976209279952,-0.3687152874355457,0.8065414765793012,0
1253,-18.612886,-22.782988,-0.3201625558062908,2,-1.5407266205013035,1,-0.8875151110697495,1.0617867539482455,3,0.0,1.2132120306650744,1.1697805251007627,1,1.5307578157073911,1.7855109940078144,-0.9614863916702532,6,1.153253590238697,1,-0.7587466664665337,-1.2265152766868694,-1.0785044383346123,0,1,-0.3305890744344257,-0.4262300150429028,-1.584178240646517,0.0,2.5899937140505074,-0.678773515728442,0.1557070814399298,0.3380961637724818,-0.3278933184400019,-1.1676872598353414,-0.3687152874355457,-0.5952272282818631,0
1254,25.116312,-25.038752,-0.42966440714069,0,1.1912440374949855,2,-0.8875151110697495,0.0850492518807105,2,0.0,1.2148736583631394,1.1697805251007627,0,-0.1914702537906465,0.3796721288811475,-0.0577875452794142,7,-0.6608531809232983,2,-0.2881064528771068,-0.508210555080236,2.1251359240839385,0,0,-0.0572673987209239,-0.4262300150429028,1.1914379855160335,0.0,-0.9320143892374164,0.2211851850634235,-0.6201892226844657,-1.0778621289498782,0.651787937874638,0.7649976209279952,-0.3687152874355457,0.8065414765793012,0
1255,-3.2602963,-18.68386,1.3223652142096962,2,1.2656171044095852,2,0.2230329755142651,1.0617867539482455,2,0.0,1.2165352860612042,1.1697805251007627,0,0.6942470390940585,0.3796721288811475,-0.0577875452794142,7,1.153253590238697,2,-0.4240927899864671,-0.8604061395737252,0.1228606975723441,0,0,-0.8772324258614291,-0.4262300150429028,0.2662325767951835,0.0,-0.9320143892374164,-0.4216424583593375,-1.3960855268088614,1.754054456494842,-0.3278933184400019,-0.8915894197262932,-0.6791456840737199,-0.0345197463373974,0
1256,-47.331776,8.225079,-0.42966440714069,2,-1.466353553586704,2,0.8400041347276065,0.0850492518807105,1,0.0,1.2181969137592692,-1.5756862740979405,0,0.3990079414658235,0.3796721288811475,0.8459113011114247,7,-1.5679065665042955,2,0.4379331000958372,-0.5932378210892388,-0.2775943477299747,0,1,1.3093409798465847,2.346151056253851,0.2662325767951835,0.0,-0.9320143892374164,-0.0359458723056809,-0.6201892226844657,-1.0778621289498782,-1.1442943653688686,-1.1676872598353414,-0.6791456840737199,-1.1559347102263289,1
1257,1.7066263,-2.7438564,0.1178448495313057,1,-0.5168573993103168,1,-0.8875151110697495,-0.8916882501868245,3,0.0,1.221520169155399,0.2546249253678617,0,0.448214457737196,-1.0261667362455194,-0.9614863916702532,2,-0.6608531809232983,1,-0.8573367608708199,0.2318780115369685,0.523315742874663,0,0,-0.3305890744344257,-0.4262300150429028,-0.6589728319256667,0.0,0.241988311858558,-0.2930769296747854,0.9316033855643254,-1.0778621289498782,-0.1646131090542286,-0.8915894197262932,-0.6791456840737199,0.2458339946348354,0
1258,12.425734,-32.794518,-0.6486681098094882,2,0.6855071824757089,2,0.8400041347276065,1.0617867539482455,2,0.0,1.223181796853464,-1.5756862740979405,1,0.2021818763803334,0.3796721288811475,0.8459113011114247,7,0.2462002046576992,1,0.3523042034472869,0.6589819146797115,-0.2775943477299747,0,0,-0.6039107501479274,-0.4262300150429028,-1.584178240646517,0.0,2.5899937140505074,-0.1645114009902331,-0.6201892226844657,0.3380961637724818,-0.9810141559830952,-1.1676872598353414,-0.6791456840737199,-1.1559347102263289,1
1259,3.3291473,-6.3398733,-0.8676718124782865,2,-0.5267738082322635,1,-0.6407266473844129,0.0850492518807105,5,0.0,1.2248434245515287,1.1697805251007627,0,1.235518718079156,-1.0261667362455194,-0.9614863916702532,6,-1.5679065665042955,0,-0.9336165968431016,-0.6051838006111648,-0.6780493930322936,0,0,-0.6039107501479274,-0.4262300150429028,0.2662325767951835,0.0,0.241988311858558,-1.3216011591512031,-0.6201892226844657,0.3380961637724818,-0.9810141559830952,-1.1676872598353414,-0.6791456840737199,-1.1559347102263289,0
1260,-8.398334,11.034436,-0.7581699611438873,2,-1.233317943920959,1,0.8400041347276065,0.0850492518807105,1,0.0,1.2265050522495935,0.2546249253678617,1,-0.3882963188761366,1.7855109940078144,-0.0577875452794142,0,0.2462002046576992,1,-0.2568720910723006,-0.728719282961435,0.1228606975723441,0,0,0.2160542769925777,-0.4262300150429028,0.2662325767951835,0.0,0.241988311858558,-0.1645114009902331,0.1557070814399298,0.3380961637724818,-0.0013328996684553,-1.1676872598353414,-0.3687152874355457,0.8065414765793012,0
1261,7.6827846,-5.54268,-0.5391662584750891,0,0.3731403014343908,1,-0.5173324155417446,1.0617867539482455,5,0.0,1.2281666799476585,-0.6605306743650393,1,-0.043850704976529,0.3796721288811475,-0.9614863916702532,6,-0.6608531809232983,2,-0.804217097937476,0.4723435522665615,-0.2775943477299747,0,0,-0.3305890744344257,-0.4262300150429028,-0.6589728319256667,0.0,-0.9320143892374164,0.0926196563788712,0.1557070814399298,0.3380961637724818,-0.0013328996684553,0.7649976209279952,-0.6791456840737199,0.8065414765793012,0
1262,-12.9576235,-19.43962,0.1178448495313057,2,0.0756480337759927,1,1.0867925984129432,0.0850492518807105,3,0.0,1.2314899353437885,-0.6605306743650393,1,-0.2898832863333916,-2.432005601372186,-0.0577875452794142,0,1.153253590238697,1,-0.1470206281261455,1.4371570748315272,0.1228606975723441,0,1,0.2160542769925777,-0.4262300150429028,0.2662325767951835,0.0,0.241988311858558,0.4783162424325279,-0.6201892226844657,0.3380961637724818,-0.9810141559830952,-1.1676872598353414,-0.3687152874355457,-1.1559347102263289,0
1263,-31.585957,12.467861,0.6653541062033014,1,0.0111913757833397,1,0.9633983665702748,0.0850492518807105,5,0.0,1.2331515630418532,0.2546249253678617,1,-1.3724266443035866,-1.0261667362455194,-0.9614863916702532,6,0.2462002046576992,1,-0.8639235990745545,0.1790346197693899,2.5255909693862573,0,1,0.2160542769925777,-0.4262300150429028,1.1914379855160335,0.0,0.241988311858558,-0.678773515728442,0.9316033855643254,0.3380961637724818,-0.9810141559830952,-1.1676872598353414,-0.6791456840737199,-1.1559347102263289,1
1264,-11.931204,36.254826,0.5558522548689022,2,0.130188282846699,1,0.3464272073569334,0.0850492518807105,3,0.0,1.2348131907399182,-0.6605306743650393,1,-0.4375028351475091,0.3796721288811475,-0.9614863916702532,2,-0.6608531809232983,0,-0.794018122654274,-0.7534544876185995,2.1251359240839385,0,0,1.855984331273588,2.346151056253851,-0.6589728319256667,0.0,2.5899937140505074,-0.5502079870438897,2.4833959938131165,-1.0778621289498782,-0.3278933184400019,-0.339393739508197,-0.6791456840737199,-0.0345197463373974,0
1265,31.157028,24.403831,1.979376322216091,2,-0.8044332580467684,1,-0.8875151110697495,0.0850492518807105,3,0.0,1.238136446136048,0.2546249253678617,1,-0.2898832863333916,-1.0261667362455194,2.6533089938931025,5,-1.5679065665042955,1,2.6634344983512124,0.7718362859280243,2.1251359240839385,0,0,-0.8772324258614291,-0.4262300150429028,-0.6589728319256667,0.0,2.5899937140505074,2.92106128743902,-0.6201892226844657,0.3380961637724818,-0.9810141559830952,-1.1676872598353414,-0.6791456840737199,-1.1559347102263289,0
1266,5.1294193,-5.0178614,-0.42966440714069,0,-0.068139895592233,1,-0.6407266473844129,0.0850492518807105,5,0.0,1.2397980738341128,1.1697805251007627,1,1.1863122018077836,0.3796721288811475,-0.0577875452794142,6,-0.6608531809232983,0,-0.7326117923033284,-1.1410663878712106,0.9237707881769818,0,0,-0.0572673987209239,-0.4262300150429028,1.1914379855160335,0.0,1.4159910129545328,-0.0359458723056809,-0.6201892226844657,-1.0778621289498782,0.3252275191030913,1.041095461037043,-0.3687152874355457,0.8065414765793012,0
1267,-12.273343,33.357872,0.4463504035345031,2,-0.6308961019127028,1,-0.0237554881710714,1.0617867539482455,1,0.0,1.2414597015321778,0.2546249253678617,1,1.3831382668932737,0.3796721288811475,-0.9614863916702532,2,-1.5679065665042955,0,-0.8953704395310941,0.8723230548477549,-0.6780493930322936,0,0,1.3093409798465847,2.346151056253851,-0.6589728319256667,0.0,1.4159910129545328,-0.8073390444129942,-0.6201892226844657,0.3380961637724818,-0.3278933184400019,-0.339393739508197,-0.6791456840737199,-0.0345197463373974,0
1268,20.565613,11.1591215,-0.3201625558062908,0,1.4193214426997576,2,0.0996387436715968,0.0850492518807105,1,0.0,1.2447829569283075,1.1697805251007627,1,1.038692652993666,0.3796721288811475,-0.0577875452794142,7,0.2462002046576992,0,-0.5316069877635552,-0.2810964032280897,-0.6780493930322936,0,1,-0.3305890744344257,-0.4262300150429028,0.2662325767951835,0.0,0.241988311858558,0.4783162424325279,0.1557070814399298,0.3380961637724818,1.304908775417731,2.6976825016913315,-0.6791456840737199,0.8065414765793012,0
1269,22.407845,30.052538,1.7603726195472926,0,-0.3507575498677112,1,-1.010909342912418,1.0617867539482455,3,0.0,1.2464445846263723,-1.5756862740979405,0,-0.2898832863333916,-1.0261667362455194,1.7496101475022634,4,0.2462002046576992,1,1.373051646374423,1.1236102476148573,0.523315742874663,0,1,1.3093409798465847,2.346151056253851,1.1914379855160335,0.0,2.5899937140505074,2.0211025866471544,-0.6201892226844657,-1.0778621289498782,-0.6544537372115486,-0.6154915796172451,-0.6791456840737199,-0.5952272282818631,0
1270,-15.867101,1.0486333,0.6653541062033014,2,-1.3845431799806447,0,-0.8875151110697495,0.0850492518807105,1,0.0,1.251429467720567,-0.6605306743650393,1,1.5307578157073911,0.3796721288811475,-0.9614863916702532,1,1.153253590238697,2,-0.6297721248643747,-1.304234414047165,-1.0785044383346123,0,0,-0.6039107501479274,-0.4262300150429028,-0.6589728319256667,0.0,-0.9320143892374164,-0.1645114009902331,1.707499689688721,0.3380961637724818,0.3252275191030913,0.7649976209279952,-0.3687152874355457,1.086895217551534,0
1271,-1.4699404,-15.9024,-0.3201625558062908,2,-0.7226228844407089,2,-0.7641208792270812,-0.8916882501868245,1,0.0,1.253091095418632,1.1697805251007627,0,-1.6676657419318217,-2.432005601372186,-0.0577875452794142,7,1.153253590238697,2,-0.1007002820482696,1.5515573963709128,0.9237707881769818,0,0,-0.8772324258614291,-0.4262300150429028,-1.584178240646517,0.0,-0.9320143892374164,-0.678773515728442,0.1557070814399298,0.3380961637724818,-0.8177339465973219,-0.6154915796172451,-0.0582848907973714,-0.5952272282818631,0
1272,-43.184547,2.9659886,-1.7436866231534796,2,-1.1539866725453862,2,-0.270543951856408,-1.86842575225436,2,0.0,1.2547527231166968,-0.6605306743650393,1,-1.7168722582031943,0.3796721288811475,-0.9614863916702532,8,-0.6608531809232983,2,-0.8125037653550776,-1.3697264900144297,-0.6780493930322936,0,0,-0.6039107501479274,-0.4262300150429028,-0.6589728319256667,0.0,-0.9320143892374164,-1.3216011591512031,0.1557070814399298,0.3380961637724818,-0.9810141559830952,-1.1676872598353414,-0.3687152874355457,-1.1559347102263289,1
1273,4.882847,1.8949102,0.1178448495313057,2,0.868960747531721,1,-0.3939381836990763,-0.8916882501868245,4,0.0,1.2580759785128268,1.1697805251007627,0,-1.2740136117608418,-1.0261667362455194,-0.9614863916702532,2,0.2462002046576992,1,-0.5951381046318345,0.2899214179199737,-0.6780493930322936,0,0,-1.1505541015749308,-0.4262300150429028,-0.6589728319256667,0.0,0.241988311858558,-0.8073390444129942,0.1557070814399298,0.3380961637724818,-0.3278933184400019,-0.063295899399149,-0.6791456840737199,-0.0345197463373974,0
1274,-39.110344,-1.0083401,-1.6341847718190805,2,1.2185141620303388,1,-0.1471497200137397,-1.86842575225436,3,0.0,1.2597376062108916,0.2546249253678617,0,0.645040522822686,0.3796721288811475,-0.9614863916702532,2,-1.5679065665042955,1,-0.8722102664921562,0.236937485216843,-0.6780493930322936,0,1,0.4893759527060795,-0.4262300150429028,0.2662325767951835,0.0,-0.9320143892374164,-1.3216011591512031,2.4833959938131165,0.3380961637724818,-0.9810141559830952,-1.1676872598353414,-0.6791456840737199,-1.1559347102263289,1
1275,11.52646,10.908437,-0.6486681098094882,2,-1.503540087044004,2,2.4441291486822943,1.0617867539482455,2,0.0,1.2613992339089566,-1.5756862740979405,0,1.235518718079156,-1.0261667362455194,-0.0577875452794142,7,1.153253590238697,1,-0.2199008056706933,-0.1280473244118846,-0.6780493930322936,0,0,-0.3305890744344257,-0.4262300150429028,-1.584178240646517,0.0,1.4159910129545328,0.2211851850634235,0.1557070814399298,0.3380961637724818,0.8150681472604113,0.7649976209279952,0.8730062991171511,0.8065414765793012,0
1276,6.8124967,18.677666,1.5413689168784943,2,0.3458701768990376,1,-0.7641208792270812,0.0850492518807105,5,0.0,1.2647224893050864,-1.5756862740979405,0,-0.6343289002329991,0.3796721288811475,0.8459113011114247,3,0.2462002046576992,1,1.4051359227861626,1.218615920048057,-0.2775943477299747,0,0,-1.1505541015749308,-0.4262300150429028,1.1914379855160335,0.0,-0.9320143892374164,0.4783162424325279,-0.6201892226844657,0.3380961637724818,-0.8177339465973219,-0.6154915796172451,-0.0582848907973714,-0.5952272282818631,0
1277,9.013978,-19.574417,0.0083429981969065,2,-0.5292529104627501,2,-0.0237554881710714,-0.8916882501868245,2,0.0,1.2663841170031511,-0.6605306743650393,1,-0.9787745141326066,-1.0261667362455194,-0.0577875452794142,7,-0.6608531809232983,1,-0.4916610012376806,-0.7748167098225142,-0.6780493930322936,0,0,-0.3305890744344257,-0.4262300150429028,-1.584178240646517,0.0,1.4159910129545328,-0.8073390444129942,-0.6201892226844657,0.3380961637724818,-0.3278933184400019,-0.6154915796172451,-0.6791456840737199,-0.3148734873096303,0
1278,31.613352,26.4857,0.9938596602064989,2,-0.1697830870421857,1,-0.8875151110697495,1.0617867539482455,3,0.0,1.269707372399281,0.2546249253678617,1,-0.9787745141326066,0.3796721288811475,2.6533089938931025,5,1.153253590238697,0,2.725053307353891,-0.0133659210013949,1.7246808787816197,0,1,0.4893759527060795,-0.4262300150429028,0.2662325767951835,0.0,0.241988311858558,1.6354060005934978,0.1557070814399298,0.3380961637724818,-0.8177339465973219,-0.8915894197262932,-0.0582848907973714,-0.5952272282818631,0
1279,30.17224,-2.8037205,-0.1011588531374925,2,1.4391542605436507,1,0.0996387436715968,0.0850492518807105,1,0.0,1.271369000097346,1.1697805251007627,1,1.1863122018077836,0.3796721288811475,0.8459113011114247,0,-1.5679065665042955,1,0.386300787724627,1.6353197939599469,1.7246808787816197,0,1,-0.6039107501479274,-0.4262300150429028,1.1914379855160335,0.0,0.241988311858558,0.4783162424325279,-1.3960855268088614,0.3380961637724818,0.8150681472604113,1.041095461037043,0.8730062991171511,0.8065414765793012,0
1280,-33.11773,-17.411684,0.7748559575377005,1,-0.9259092673406144,1,-1.010909342912418,-0.8916882501868245,3,0.0,1.2746922554934756,0.2546249253678617,1,1.629170848250136,0.3796721288811475,-0.9614863916702532,6,-0.6608531809232983,0,-0.8841090709892252,-0.4526968855371681,-0.6780493930322936,0,1,-0.8772324258614291,-0.4262300150429028,0.2662325767951835,0.0,2.5899937140505074,-0.678773515728442,-0.6201892226844657,-1.0778621289498782,-0.3278933184400019,-0.339393739508197,-0.0582848907973714,-0.3148734873096303,1
1281,-20.306648,-17.112988,0.0083429981969065,2,1.082163539353573,0,-0.1471497200137397,-0.8916882501868245,4,0.0,1.2780155108896056,0.2546249253678617,1,1.137105685536411,0.3796721288811475,-0.0577875452794142,1,-0.6608531809232983,0,-0.5167334821422189,-0.2081556576765649,-0.2775943477299747,0,0,-0.6039107501479274,-0.4262300150429028,0.2662325767951835,0.0,-0.9320143892374164,0.9925783571707368,0.9316033855643254,-1.0778621289498782,0.4885077284888646,-1.1676872598353414,0.5625759024789769,0.8065414765793012,0
1282,-6.7013555,-38.480408,-0.2106607044718917,2,-1.2382761483819322,2,2.197340684996958,0.0850492518807105,1,0.0,1.2830003939838002,0.2546249253678617,1,0.8910731041795485,0.3796721288811475,-0.0577875452794142,7,1.153253590238697,2,-0.1465956708226787,-0.1153986402121982,-0.6780493930322936,0,1,0.7626976284195812,-0.4262300150429028,1.1914379855160335,0.0,-0.9320143892374164,-0.1645114009902331,-0.6201892226844657,0.3380961637724818,0.4885077284888646,0.7649976209279952,1.4938670923934996,0.8065414765793012,1
1283,28.400434,-5.781439,-0.42966440714069,2,0.1599375096125388,1,-0.1471497200137397,1.0617867539482455,1,0.0,1.2846620216818652,1.1697805251007627,1,1.1863122018077836,1.7855109940078144,-0.9614863916702532,6,-1.5679065665042955,1,-0.7139136709507914,-1.1576502182663548,1.324225833479301,0,0,1.036019304133083,-0.4262300150429028,-0.6589728319256667,0.0,0.241988311858558,0.3497507137479757,-1.3960855268088614,0.3380961637724818,0.4885077284888646,1.041095461037043,1.4938670923934996,0.5261877356070683,0
1284,-14.493499,-12.452198,-0.9771736638126856,2,0.9383756099853472,1,-1.010909342912418,0.0850492518807105,1,0.0,1.28632364937993,0.2546249253678617,1,0.7926600716368035,0.3796721288811475,-0.9614863916702532,6,1.153253590238697,1,-0.947427709205771,-1.2342450281422337,-0.6780493930322936,0,0,-1.1505541015749308,-0.4262300150429028,0.2662325767951835,0.0,0.241988311858558,-0.8073390444129942,2.4833959938131165,1.754054456494842,-0.3278933184400019,-0.339393739508197,-0.6791456840737199,-0.3148734873096303,0
1285,15.486661,28.287037,0.2273467008657048,2,1.116870970580386,1,0.0996387436715968,-1.86842575225436,3,0.0,1.287985277077995,0.2546249253678617,1,-0.043850704976529,0.3796721288811475,0.8459113011114247,5,0.2462002046576992,2,1.4790784935893773,-0.8993359787216488,1.7246808787816197,0,0,1.5826626555600865,2.346151056253851,0.2662325767951835,0.0,-0.9320143892374164,-0.2930769296747854,0.1557070814399298,0.3380961637724818,-0.4911735278257753,-0.339393739508197,-0.0582848907973714,-0.5952272282818631,0
1286,-12.8746395,-7.9169016,0.9938596602064989,0,0.1153136694637791,2,2.073946453154289,-0.8916882501868245,1,0.0,1.28964690477606,-0.6605306743650393,1,1.5799643319787635,-1.0261667362455194,-0.0577875452794142,7,-0.6608531809232983,2,0.3161828326526131,1.5252762414226757,2.1251359240839385,0,0,-0.0572673987209239,-0.4262300150429028,0.2662325767951835,0.0,-0.9320143892374164,-0.678773515728442,0.1557070814399298,0.3380961637724818,-0.8177339465973219,-0.6154915796172451,-0.0582848907973714,-0.5952272282818631,0
1287,-7.6065063,6.8660593,0.3368485522001039,2,-0.4623171502396105,1,-0.8875151110697495,-0.8916882501868245,1,0.0,1.2913085324741247,0.2546249253678617,0,1.629170848250136,0.3796721288811475,-0.9614863916702532,2,-1.5679065665042955,1,-0.6641936664451815,1.5869737121300345,0.523315742874663,0,0,0.4893759527060795,-0.4262300150429028,1.1914379855160335,0.0,0.241988311858558,-0.5502079870438897,1.707499689688721,-1.0778621289498782,-0.4911735278257753,-0.339393739508197,-0.6791456840737199,-0.5952272282818631,0
1288,-10.868792,13.655547,0.5558522548689022,2,0.8069831917695547,1,0.4698214391996017,0.0850492518807105,3,0.0,1.2929701601721897,-0.6605306743650393,1,1.432344783164646,1.7855109940078144,-0.0577875452794142,0,-1.5679065665042955,1,-0.205027300049357,-1.2110557737761418,0.9237707881769818,0,0,0.7626976284195812,-0.4262300150429028,0.2662325767951835,0.0,1.4159910129545328,-0.1645114009902331,-0.6201892226844657,-1.0778621289498782,-1.1442943653688686,-1.1676872598353414,-0.6791456840737199,-1.1559347102263289,0
1289,10.533838,3.3594458,-0.2106607044718917,0,0.9358965077548606,1,-0.8875151110697495,-0.8916882501868245,3,0.0,1.2946317878702545,-0.6605306743650393,1,1.1863122018077836,0.3796721288811475,-0.0577875452794142,4,1.153253590238697,0,-0.1574320820610809,1.4235246040829763,-0.2775943477299747,0,0,-0.3305890744344257,-0.4262300150429028,0.2662325767951835,0.0,0.241988311858558,0.4783162424325279,2.4833959938131165,0.3380961637724818,-0.0013328996684553,0.7649976209279952,-0.3687152874355457,0.8065414765793012,0
1290,32.520336,-7.560829,0.1178448495313057,0,1.322636455710778,0,-0.8875151110697495,0.0850492518807105,0,0.0,1.2962934155683197,-1.5756862740979405,1,1.6783773645215088,0.3796721288811475,-0.9614863916702532,1,-0.6608531809232983,0,-0.8309894080558813,-1.0096606131300243,0.9237707881769818,0,0,-0.6039107501479274,-0.4262300150429028,1.1914379855160335,0.0,2.5899937140505074,0.2211851850634235,0.1557070814399298,0.3380961637724818,0.651787937874638,1.5932911412551394,0.2521455058408027,1.086895217551534,0
1291,-34.93542,-10.142146,-0.3201625558062908,1,-1.409334202285511,1,-0.0237554881710714,1.0617867539482455,1,0.0,1.2996166709644492,1.1697805251007627,1,1.333931750621901,0.3796721288811475,-0.0577875452794142,2,-1.5679065665042955,1,-0.2458232011821651,-1.1390988147734815,0.523315742874663,0,0,0.4893759527060795,-0.4262300150429028,0.2662325767951835,0.0,0.241988311858558,-0.0359458723056809,0.1557070814399298,-1.0778621289498782,-0.0013328996684553,-0.8915894197262932,-0.6791456840737199,0.8065414765793012,1
1292,-34.85976,-10.301331,0.0083429981969065,2,-1.0721762989393266,1,0.0996387436715968,1.0617867539482455,3,0.0,1.302939926360579,1.1697805251007627,1,-0.3882963188761366,0.3796721288811475,-0.0577875452794142,4,-1.5679065665042955,2,-0.4865615135960796,-1.3099965924047996,-0.6780493930322936,0,0,-0.0572673987209239,-0.4262300150429028,-0.6589728319256667,0.0,-0.9320143892374164,-0.1645114009902331,0.9316033855643254,-2.4938204216722384,0.4885077284888646,-0.339393739508197,-0.6791456840737199,1.086895217551534,1
1293,3.2827337,-27.54169,0.2273467008657048,1,-0.0904518156666129,2,1.3335810620982798,0.0850492518807105,1,0.0,1.3079248094547735,0.2546249253678617,1,0.841866587908176,0.3796721288811475,-0.0577875452794142,7,1.153253590238697,0,-0.5048346776451499,0.6851225286923966,-0.2775943477299747,0,0,0.7626976284195812,-0.4262300150429028,1.1914379855160335,0.0,0.241988311858558,-0.5502079870438897,2.4833959938131165,0.3380961637724818,-0.8177339465973219,-0.8915894197262932,-0.0582848907973714,-0.5952272282818631,0
1294,-14.90487,8.547185,0.6653541062033014,0,-1.1391120591624662,1,-0.0237554881710714,0.0850492518807105,1,0.0,1.3095864371528383,-1.5756862740979405,1,-0.6835354165043717,0.3796721288811475,-0.9614863916702532,6,0.2462002046576992,2,-0.8637111204228212,1.4988545455388862,0.523315742874663,0,0,-0.6039107501479274,-0.4262300150429028,0.2662325767951835,0.0,-0.9320143892374164,-0.5502079870438897,-0.6201892226844657,-1.0778621289498782,-0.6544537372115486,-0.6154915796172451,-0.3687152874355457,-0.5952272282818631,0
1295,-28.288145,-8.036057,0.4463504035345031,2,-0.8812854271918545,1,-0.5173324155417446,0.0850492518807105,1,0.0,1.3112480648509035,-0.6605306743650393,1,0.9402796204509212,1.7855109940078144,-0.0577875452794142,0,-0.6608531809232983,2,0.0779942640594991,0.1710237864429218,0.1228606975723441,0,0,-0.8772324258614291,-0.4262300150429028,-1.584178240646517,0.0,-0.9320143892374164,-0.0359458723056809,0.1557070814399298,-2.4938204216722384,-0.6544537372115486,-0.6154915796172451,-0.3687152874355457,-0.5952272282818631,0
1296,34.578583,-10.369218,0.4463504035345031,2,-0.0160787487520133,2,-0.6407266473844129,-1.86842575225436,2,0.0,1.3129096925489685,0.2546249253678617,0,0.743453555365431,0.3796721288811475,0.8459113011114247,7,0.2462002046576992,0,0.8380304013097833,1.706855130155951,-1.0785044383346123,0,1,-0.6039107501479274,-0.4262300150429028,1.1914379855160335,0.0,0.241988311858558,1.5068404719089457,0.1557070814399298,1.754054456494842,2.447870241118145,2.6976825016913315,3.3564494722225446,0.2458339946348354,0
1297,-5.258811,-1.6712831,-0.7581699611438873,2,0.7177355114720353,1,0.0996387436715968,0.0850492518807105,3,0.0,1.3145713202470333,-1.5756862740979405,0,-0.0930572212479015,0.3796721288811475,0.8459113011114247,4,0.2462002046576992,2,0.6722970529577504,-1.626635320203615,2.5255909693862573,0,0,-0.3305890744344257,-0.4262300150429028,-0.6589728319256667,0.0,-0.9320143892374164,-0.2930769296747854,0.1557070814399298,0.3380961637724818,-0.0013328996684553,0.7649976209279952,-0.6791456840737199,-0.5952272282818631,0
1298,-38.545357,-1.4005326,-1.196177366481484,2,0.2913299278283313,0,1.3335810620982798,-0.8916882501868245,3,0.0,1.317894575643163,1.1697805251007627,0,0.1529753601089609,0.3796721288811475,-0.9614863916702532,1,-0.6608531809232983,1,-0.9253299294255,-1.0433904376625214,-1.0785044383346123,0,1,-1.1505541015749308,-0.4262300150429028,0.2662325767951835,0.0,-0.9320143892374164,-0.678773515728442,0.1557070814399298,0.3380961637724818,-0.3278933184400019,-0.8915894197262932,-0.3687152874355457,-0.0345197463373974,1
1299,-2.3984134,31.868963,0.9938596602064989,2,-1.3423984420623716,1,1.456975293940948,-0.8916882501868245,3,0.0,1.3228794587373578,1.1697805251007627,0,0.0053558112948434,0.3796721288811475,-0.0577875452794142,0,-0.6608531809232983,1,0.5148503720233192,-0.4878321194251857,0.523315742874663,0,0,1.855984331273588,2.346151056253851,1.1914379855160335,0.0,0.241988311858558,0.2211851850634235,-0.6201892226844657,1.754054456494842,0.3252275191030913,0.7649976209279952,0.2521455058408027,0.8065414765793012,1
1300,-3.6145773,5.119545,0.3368485522001039,2,0.9706039389816736,1,-1.010909342912418,0.0850492518807105,1,0.0,1.3245410864354228,0.2546249253678617,0,-0.6835354165043717,0.3796721288811475,-0.0577875452794142,0,1.153253590238697,0,0.002139385390684,-0.7382760665789758,0.523315742874663,0,0,0.4893759527060795,-0.4262300150429028,1.1914379855160335,0.0,0.241988311858558,0.0926196563788712,0.1557070814399298,0.3380961637724818,-0.3278933184400019,-0.339393739508197,-0.6791456840737199,-0.3148734873096303,0
1301,0.67589295,39.274887,-0.3201625558062908,2,0.0186286824747997,2,-0.1471497200137397,-0.8916882501868245,5,0.0,1.3262027141334876,-0.6605306743650393,1,1.2847252343505289,1.7855109940078144,-0.0577875452794142,7,0.2462002046576992,1,0.0629082797864294,1.0983128792154846,-0.6780493930322936,0,0,1.5826626555600865,2.346151056253851,0.2662325767951835,0.0,1.4159910129545328,-0.1645114009902331,1.707499689688721,0.3380961637724818,0.4885077284888646,1.041095461037043,0.5625759024789769,1.086895217551534,0
1302,51.10983,-1.8211974,2.3078818762192883,0,-1.1217583435490597,2,-0.8875151110697495,0.0850492518807105,3,0.0,1.3278643418315526,-0.6605306743650393,1,-0.6835354165043717,0.3796721288811475,1.7496101475022634,3,-0.6608531809232983,0,2.07975564203963,1.1614157592783645,0.523315742874663,0,0,1.855984331273588,2.346151056253851,1.1914379855160335,0.0,0.241988311858558,3.3067578734926766,-2.171981830933257,-1.0778621289498782,1.4681889848035046,1.3171933011460917,3.666879868860719,2.7690176633849317,0
1303,-29.363182,-25.44091,-0.2106607044718917,2,-1.5308102115793571,1,1.7037637576262843,1.0617867539482455,3,0.0,1.3311875972276823,-0.6605306743650393,1,1.235518718079156,-2.432005601372186,-0.9614863916702532,2,0.2462002046576992,1,-0.8069793204100099,-0.6488920315678588,-1.0785044383346123,0,0,0.2160542769925777,-0.4262300150429028,-0.6589728319256667,0.0,0.241988311858558,-0.678773515728442,-0.6201892226844657,1.754054456494842,-0.3278933184400019,-0.063295899399149,-0.6791456840737199,-0.3148734873096303,0
1304,42.330723,-2.3476703,1.103361511540898,2,0.49213720849775,1,-0.6407266473844129,0.0850492518807105,1,0.0,1.332849224925747,0.2546249253678617,0,1.2847252343505289,-1.0261667362455194,0.8459113011114247,4,-0.6608531809232983,0,0.8138078350121786,0.6967874263432186,2.1251359240839385,0,1,-0.8772324258614291,-0.4262300150429028,0.2662325767951835,0.0,0.241988311858558,2.1496681153317065,0.9316033855643254,0.3380961637724818,2.447870241118145,1.8693889813641875,3.666879868860719,1.6476026994959998,0
1305,21.878084,0.3347169,0.3368485522001039,2,-0.1301174513543993,1,0.3464272073569334,0.0850492518807105,1,0.0,1.336172480321877,-0.6605306743650393,0,-0.929567997861234,0.3796721288811475,-0.0577875452794142,0,-1.5679065665042955,0,-0.4366290304387363,-0.5010429673670804,-0.2775943477299747,0,0,-0.8772324258614291,-0.4262300150429028,-0.6589728319256667,0.0,0.241988311858558,0.4783162424325279,0.1557070814399298,0.3380961637724818,-0.0013328996684553,-0.063295899399149,1.4938670923934996,0.8065414765793012,0
1306,1.9710455,1.9009733,1.869874470881692,2,-0.9209510628796408,1,-0.270543951856408,1.0617867539482455,3,0.0,1.3378341080199418,1.1697805251007627,0,0.1037688438375884,0.3796721288811475,-0.0577875452794142,6,1.153253590238697,1,0.0745946056317651,0.1943535817445656,0.523315742874663,0,0,-0.0572673987209239,-0.4262300150429028,-0.6589728319256667,0.0,0.241988311858558,0.3497507137479757,-0.6201892226844657,-1.0778621289498782,-0.0013328996684553,-0.8915894197262932,-0.3687152874355457,0.8065414765793012,0
1307,6.4494233,-15.667032,-0.6486681098094882,1,0.7995458850780948,2,-0.270543951856408,1.0617867539482455,2,0.0,1.3428189911141366,-1.5756862740979405,0,0.1037688438375884,0.3796721288811475,0.8459113011114247,7,-1.5679065665042955,1,0.6659226934057492,-0.8483196191162472,-0.2775943477299747,0,0,-0.3305890744344257,-0.4262300150429028,1.1914379855160335,0.0,1.4159910129545328,-0.2930769296747854,0.1557070814399298,0.3380961637724818,-0.6544537372115486,-0.6154915796172451,-0.0582848907973714,-0.5952272282818631,0
1308,-12.475112,29.456326,-0.9771736638126856,2,1.0276232902828666,1,-1.010909342912418,0.0850492518807105,3,0.0,1.3444806188122014,0.2546249253678617,0,0.0545623275662159,0.3796721288811475,-0.9614863916702532,6,-1.5679065665042955,1,-0.6187232349742392,-0.2240367833939489,-0.6780493930322936,0,0,2.675949358414093,2.346151056253851,0.2662325767951835,0.0,0.241988311858558,-1.0644701017820986,0.1557070814399298,0.3380961637724818,-0.6544537372115486,-0.6154915796172451,-0.3687152874355457,-0.5952272282818631,0
1309,-3.7025247,21.710094,0.1178448495313057,2,-0.1970532115775388,2,-0.8875151110697495,1.0617867539482455,2,0.0,1.3461422465102664,-0.6605306743650393,0,0.5466274902799411,-2.432005601372186,-0.0577875452794142,8,1.153253590238697,1,-0.2332869607298959,-1.4151212121977486,-0.2775943477299747,0,1,1.3093409798465847,2.346151056253851,-1.584178240646517,0.0,1.4159910129545328,1.121143885855289,0.9316033855643254,-1.0778621289498782,-0.4911735278257753,-0.6154915796172451,-0.6791456840737199,-0.3148734873096303,0
1310,2.417836,-20.067795,-1.196177366481484,2,-0.5713976483810231,2,0.0996387436715968,0.0850492518807105,3,0.0,1.3478038742083314,0.2546249253678617,1,-0.9787745141326066,0.3796721288811475,-0.0577875452794142,7,1.153253590238697,2,-0.3864840686296597,-0.7291409057680912,-0.6780493930322936,0,0,-0.6039107501479274,-0.4262300150429028,-1.584178240646517,0.0,-0.9320143892374164,-0.8073390444129942,0.9316033855643254,0.3380961637724818,-0.3278933184400019,-0.339393739508197,-0.3687152874355457,-0.5952272282818631,0
1311,27.280458,21.715208,2.3078818762192883,1,1.02514418805238,1,0.7166099028849382,1.0617867539482455,1,0.0,1.349465501906396,-1.5756862740979405,1,1.038692652993666,0.3796721288811475,1.7496101475022634,5,0.2462002046576992,1,1.9726664015660087,1.027480247697241,-0.2775943477299747,0,1,-0.3305890744344257,-0.4262300150429028,-0.6589728319256667,0.0,-0.9320143892374164,1.5068404719089457,0.1557070814399298,0.3380961637724818,-0.8177339465973219,-0.6154915796172451,-0.0582848907973714,-0.5952272282818631,0
1312,-22.70677,-20.89098,-2.072192177156677,0,1.55815116760701,1,0.59321567104227,0.0850492518807105,3,0.0,1.352788757302526,-0.6605306743650393,0,-1.6184592256604493,0.3796721288811475,-0.9614863916702532,6,0.2462002046576992,2,-1.06004139462446,-0.8847197214242335,-0.6780493930322936,0,0,0.2160542769925777,-0.4262300150429028,0.2662325767951835,0.0,-0.9320143892374164,-1.4501666878357553,0.9316033855643254,-2.4938204216722384,-1.1442943653688686,-1.1676872598353414,-0.6791456840737199,-1.1559347102263289,0
1313,-31.310865,-6.013977,-0.6486681098094882,2,-1.09944642347468,0,1.0867925984129432,2.038524256015781,0,0.0,1.3577736403967209,1.1697805251007627,1,1.137105685536411,1.7855109940078144,-0.9614863916702532,1,-1.5679065665042955,1,-0.7536471788249326,1.0093504670110238,-1.0785044383346123,0,0,0.4893759527060795,-0.4262300150429028,0.2662325767951835,0.0,-0.9320143892374164,-1.193035630466651,0.9316033855643254,0.3380961637724818,-0.9810141559830952,-1.1676872598353414,-0.6791456840737199,-1.1559347102263289,1
1314,-39.362106,10.313453,-0.8676718124782865,2,-1.1217583435490597,0,0.4698214391996017,0.0850492518807105,0,0.0,1.3610968957928504,-1.5756862740979405,1,-0.4867093514188816,-1.0261667362455194,-0.9614863916702532,1,-1.5679065665042955,0,-0.8855964215513588,-1.5678892091428491,0.523315742874663,0,1,-0.0572673987209239,-0.4262300150429028,1.1914379855160335,0.0,2.5899937140505074,-0.9359045730975464,0.1557070814399298,0.3380961637724818,-0.8177339465973219,-0.6154915796172451,-0.0582848907973714,-1.1559347102263289,1
1315,5.227961,35.01581,0.8843578088720997,0,-0.5292529104627501,2,-0.8875151110697495,1.0617867539482455,1,0.0,1.3627585234909154,0.2546249253678617,0,0.0545623275662159,0.3796721288811475,-0.0577875452794142,7,0.2462002046576992,1,-0.2866191023149732,0.7521605549507344,0.523315742874663,0,0,1.855984331273588,2.346151056253851,-0.6589728319256667,0.0,1.4159910129545328,-0.1645114009902331,0.1557070814399298,1.754054456494842,0.161947309717318,0.7649976209279952,0.8730062991171511,0.8065414765793012,0
1316,-6.237717,32.835262,-0.1011588531374925,2,-0.9234301651101277,1,-0.8875151110697495,1.0617867539482455,4,0.0,1.3660817788870452,1.1697805251007627,0,0.349801425194451,0.3796721288811475,-0.0577875452794142,6,-0.6608531809232983,1,0.0975423000189697,0.7392307888799439,0.523315742874663,0,1,1.855984331273588,2.346151056253851,1.1914379855160335,0.0,0.241988311858558,0.4783162424325279,-0.6201892226844657,0.3380961637724818,-0.9810141559830952,-1.1676872598353414,-0.6791456840737199,-1.1559347102263289,0
1317,1.2055589,36.464737,0.6653541062033014,1,1.53583924753263,2,-0.8875151110697495,1.0617867539482455,1,0.0,1.369405034283175,-1.5756862740979405,1,1.2847252343505289,0.3796721288811475,-0.0577875452794142,7,1.153253590238697,1,-0.1759177247618845,0.6932739029544167,-0.6780493930322936,0,0,1.3093409798465847,2.346151056253851,0.2662325767951835,0.0,0.241988311858558,-0.5502079870438897,1.707499689688721,0.3380961637724818,-0.0013328996684553,0.7649976209279952,1.4938670923934996,0.8065414765793012,0
1318,-11.309323,-13.009006,-1.0866755151470848,1,1.2259514687217987,1,-0.5173324155417446,-0.8916882501868245,1,0.0,1.37106666198124,1.1697805251007627,0,-0.6343289002329991,0.3796721288811475,-0.9614863916702532,2,1.153253590238697,2,-0.8762473608750903,0.7747876455746178,-1.0785044383346123,0,1,-0.3305890744344257,-0.4262300150429028,0.2662325767951835,0.0,-0.9320143892374164,-0.678773515728442,0.1557070814399298,-1.0778621289498782,-0.3278933184400019,-0.063295899399149,-0.6791456840737199,-0.5952272282818631,0
1319,10.726852,0.29949114,-0.8676718124782865,1,-0.5664394439200499,1,1.3335810620982798,-1.86842575225436,3,0.0,1.3743899173773697,1.1697805251007627,1,-1.2740136117608418,0.3796721288811475,-0.9614863916702532,2,1.153253590238697,1,-0.5717654529411632,-1.0273687710095851,-0.6780493930322936,0,0,-0.6039107501479274,-0.4262300150429028,-0.6589728319256667,0.0,-0.9320143892374164,-0.0359458723056809,0.1557070814399298,1.754054456494842,0.651787937874638,1.041095461037043,0.2521455058408027,1.6476026994959998,0
1320,-3.1601634,-13.782727,-0.5391662584750891,1,1.2780126155620184,2,0.0996387436715968,1.0617867539482455,2,0.0,1.3760515450754345,1.1697805251007627,1,0.645040522822686,0.3796721288811475,-0.0577875452794142,7,1.153253590238697,2,-0.3941333000920612,1.653027951839508,2.1251359240839385,0,0,-0.6039107501479274,-0.4262300150429028,0.2662325767951835,0.0,-0.9320143892374164,-0.9359045730975464,-0.6201892226844657,1.754054456494842,-1.1442943653688686,-1.1676872598353414,-0.6791456840737199,-1.1559347102263289,0
1321,-16.762552,30.498411,0.5558522548689022,0,-1.1093628323966265,1,0.0996387436715968,1.0617867539482455,5,0.0,1.3777131727734997,0.2546249253678617,1,-1.3724266443035866,0.3796721288811475,-0.9614863916702532,6,0.2462002046576992,1,-0.7578967518596001,-1.145704238744429,0.1228606975723441,0,0,1.855984331273588,2.346151056253851,-0.6589728319256667,0.0,1.4159910129545328,-0.1645114009902331,-1.3960855268088614,-1.0778621289498782,-0.1646131090542286,-0.339393739508197,0.2521455058408027,-0.3148734873096303,0
1322,-9.753779,-3.2583184,1.103361511540898,2,-1.4762699625086508,1,-0.0237554881710714,1.0617867539482455,1,0.0,1.3810364281696292,-0.6605306743650393,0,-0.0930572212479015,0.3796721288811475,-0.9614863916702532,2,0.2462002046576992,2,-0.9344665114500352,-1.251109940408482,0.523315742874663,0,0,-0.8772324258614291,-0.4262300150429028,0.2662325767951835,0.0,-0.9320143892374164,-0.5502079870438897,-0.6201892226844657,0.3380961637724818,-0.8177339465973219,-0.6154915796172451,-0.0582848907973714,-1.1559347102263289,0
1323,21.61174,5.339502,0.9938596602064989,2,-0.2391979494958119,1,-0.8875151110697495,-0.8916882501868245,1,0.0,1.3826980558676942,1.1697805251007627,1,0.7926600716368035,0.3796721288811475,0.8459113011114247,4,1.153253590238697,0,0.4409078012201045,0.7976958180696053,0.1228606975723441,0,0,-0.3305890744344257,-0.4262300150429028,0.2662325767951835,0.0,0.241988311858558,0.0926196563788712,0.9316033855643254,-1.0778621289498782,0.3252275191030913,1.041095461037043,0.5625759024789769,0.8065414765793012,0
1324,-18.388205,-27.209991,-0.9771736638126856,0,-1.2952954996831252,0,-1.010909342912418,-0.8916882501868245,1,0.0,1.384359683565759,0.2546249253678617,1,-1.1263940629467242,0.3796721288811475,-0.9614863916702532,1,1.153253590238697,0,-0.8067668417582765,-0.5367403649973064,-0.6780493930322936,0,0,-0.0572673987209239,-0.4262300150429028,-0.6589728319256667,0.0,0.241988311858558,-1.0644701017820986,-0.6201892226844657,0.3380961637724818,-0.6544537372115486,-0.6154915796172451,-0.0582848907973714,-0.5952272282818631,0
1325,-3.6979368,11.141277,-0.8676718124782865,2,-0.1896159048860789,1,2.4441291486822943,-1.86842575225436,1,0.0,1.386021311263824,1.1697805251007627,1,1.333931750621901,-2.432005601372186,-0.0577875452794142,0,0.2462002046576992,0,-0.0252703606829213,0.9598800576966948,2.1251359240839385,0,0,0.4893759527060795,-0.4262300150429028,1.1914379855160335,0.0,1.4159910129545328,-0.0359458723056809,0.1557070814399298,0.3380961637724818,-0.0013328996684553,-1.1676872598353414,-0.3687152874355457,0.5261877356070683,0
1326,-12.411106,-4.021587,0.5558522548689022,2,0.8416906229963679,1,-0.1471497200137397,0.0850492518807105,1,0.0,1.3876829389618888,1.1697805251007627,1,0.743453555365431,0.3796721288811475,-0.9614863916702532,2,0.2462002046576992,2,-0.5386187832707566,-0.0968472367193249,0.523315742874663,0,0,-0.6039107501479274,-0.4262300150429028,1.1914379855160335,0.0,-0.9320143892374164,-0.4216424583593375,0.1557070814399298,0.3380961637724818,-1.1442943653688686,-1.1676872598353414,-0.6791456840737199,-1.1559347102263289,0
1327,-47.99776,-5.4660015,-0.5391662584750891,2,-0.963095800797914,2,-0.8875151110697495,1.0617867539482455,2,0.0,1.3910061943580183,0.2546249253678617,1,0.7926600716368035,-1.0261667362455194,-0.0577875452794142,7,-0.6608531809232983,2,0.7232919293737606,1.6686279956857877,1.7246808787816197,0,1,-0.8772324258614291,-0.4262300150429028,0.2662325767951835,0.0,-0.9320143892374164,-0.5502079870438897,0.1557070814399298,-1.0778621289498782,-0.8177339465973219,-0.6154915796172451,-0.0582848907973714,-0.5952272282818631,1
1328,38.234505,6.7771955,0.9938596602064989,2,1.280491717792505,2,-0.7641208792270812,0.0850492518807105,5,0.0,1.3926678220560835,-1.5756862740979405,0,-1.0279810304039791,1.7855109940078144,1.7496101475022634,7,-1.5679065665042955,0,1.4282960958251003,-0.9239306424432612,-0.2775943477299747,0,0,-0.8772324258614291,-0.4262300150429028,1.1914379855160335,0.0,0.241988311858558,1.76397152927805,1.707499689688721,0.3380961637724818,1.9580296129608248,3.5259760220184755,-0.0582848907973714,1.086895217551534,0
1329,-2.4008584,38.72211,-1.0866755151470848,2,-0.1846577004251056,2,1.7037637576262843,-1.86842575225436,3,0.0,1.3943294497541483,-0.6605306743650393,0,-1.4708396768463317,-1.0261667362455194,-0.0577875452794142,8,0.2462002046576992,1,-0.6295596462126413,-1.0252606569763043,-0.6780493930322936,0,0,1.5826626555600865,2.346151056253851,1.1914379855160335,0.0,0.241988311858558,-0.2930769296747854,1.707499689688721,0.3380961637724818,0.3252275191030913,1.041095461037043,0.8730062991171511,1.086895217551534,0
1330,-21.79688,-3.463219,-0.8676718124782865,2,-1.1168001390880864,0,-0.3939381836990763,-1.86842575225436,3,0.0,1.3959910774522133,1.1697805251007627,1,1.038692652993666,-1.0261667362455194,-0.9614863916702532,1,-0.6608531809232983,1,-0.7859439338884057,0.157531856629923,-0.6780493930322936,0,0,-1.1505541015749308,-0.4262300150429028,1.1914379855160335,0.0,-0.9320143892374164,-1.3216011591512031,0.1557070814399298,0.3380961637724818,-0.9810141559830952,-1.1676872598353414,-0.6791456840737199,-1.1559347102263289,0
1331,36.600235,2.4618845,0.6653541062033014,2,0.0508570114711262,1,-0.3939381836990763,0.0850492518807105,3,0.0,1.3976527051502785,-1.5756862740979405,0,0.743453555365431,-1.0261667362455194,2.6533089938931025,3,0.2462002046576992,1,2.738651941064828,1.1560752037273856,1.7246808787816197,0,0,-0.6039107501479274,-0.4262300150429028,1.1914379855160335,0.0,-0.9320143892374164,1.2497094145398413,-0.6201892226844657,0.3380961637724818,1.4681889848035046,2.145486821473236,1.1834366957553253,2.7690176633849317,0
1332,45.56712,4.95208,1.2128633628752972,2,1.0449770058962733,1,0.0996387436715968,0.0850492518807105,1,0.0,1.399314332848343,1.1697805251007627,1,1.235518718079156,-1.0261667362455194,2.6533089938931025,5,-0.6608531809232983,1,2.796658612988039,-0.1026094150769598,0.523315742874663,0,0,-0.8772324258614291,-0.4262300150429028,1.1914379855160335,0.0,-0.9320143892374164,2.2782336440162587,0.1557070814399298,0.3380961637724818,2.447870241118145,1.5932911412551394,3.0460190755843706,1.3672489585237668,0
1333,-21.578667,23.705889,-0.8676718124782865,1,-0.8515362004260147,1,1.827157989468953,-0.8916882501868245,1,0.0,1.400975960546408,1.1697805251007627,1,0.349801425194451,-1.0261667362455194,-0.9614863916702532,6,1.153253590238697,2,-0.8634986417710877,0.0618234795189629,-0.6780493930322936,0,1,2.4026276827005915,2.346151056253851,-0.6589728319256667,0.0,-0.9320143892374164,-1.3216011591512031,0.1557070814399298,-1.0778621289498782,-0.9810141559830952,-1.1676872598353414,-0.3687152874355457,-1.1559347102263289,1
1334,-3.6767364,35.61329,0.9938596602064989,2,1.1193500728108727,2,0.0996387436715968,0.0850492518807105,1,0.0,1.4026375882444728,0.2546249253678617,0,-0.0930572212479015,0.3796721288811475,0.8459113011114247,7,-0.6608531809232983,1,0.1723347854291178,-0.0424578946606735,0.9237707881769818,0,0,1.5826626555600865,2.346151056253851,0.2662325767951835,0.0,2.5899937140505074,0.3497507137479757,-0.6201892226844657,0.3380961637724818,0.161947309717318,0.7649976209279952,-0.6791456840737199,0.8065414765793012,1
1335,-5.8259864,-16.443096,-1.0866755151470848,1,0.8144204984610147,1,0.7166099028849382,0.0850492518807105,1,0.0,1.4042992159425378,1.1697805251007627,0,0.5466274902799411,-1.0261667362455194,-0.9614863916702532,6,-1.5679065665042955,1,-0.3673609899736559,1.339481124622838,-1.0785044383346123,0,0,1.036019304133083,-0.4262300150429028,1.1914379855160335,0.0,0.241988311858558,-0.4216424583593375,-0.6201892226844657,-1.0778621289498782,-0.0013328996684553,0.4888997808189471,1.4938670923934996,-0.3148734873096303,0
1336,-1.4880967,10.375324,0.2273467008657048,2,0.080606238236966,1,1.2101868302556114,1.0617867539482455,4,0.0,1.4059608436406028,1.1697805251007627,1,-1.2248070954894692,0.3796721288811475,-0.0577875452794142,6,1.153253590238697,0,-0.5526423742851594,-1.289055993007541,2.1251359240839385,0,0,-0.3305890744344257,-0.4262300150429028,-0.6589728319256667,0.0,2.5899937140505074,-0.5502079870438897,-0.6201892226844657,0.3380961637724818,-0.8177339465973219,-0.6154915796172451,-0.0582848907973714,-0.5952272282818631,0
1337,-8.041014,33.168858,1.979376322216091,2,0.0830853404674526,1,-0.8875151110697495,1.0617867539482455,5,0.0,1.4092840990367326,-0.6605306743650393,1,1.5799643319787635,-1.0261667362455194,-0.9614863916702532,6,1.153253590238697,1,-0.816115902434545,-0.8907629816529725,2.1251359240839385,0,0,1.3093409798465847,2.346151056253851,-0.6589728319256667,0.0,0.241988311858558,0.9925783571707368,-0.6201892226844657,1.754054456494842,-0.3278933184400019,-0.6154915796172451,-0.6791456840737199,-0.0345197463373974,0
1338,5.162073,-16.471779,-0.9771736638126856,2,0.9160636899109672,2,-0.7641208792270812,0.0850492518807105,3,0.0,1.4126073544328623,-0.6605306743650393,0,0.5958340065513135,0.3796721288811475,-0.9614863916702532,8,-0.6608531809232983,1,-0.7748950439982701,-1.4926998086224916,-0.6780493930322936,0,0,1.036019304133083,-0.4262300150429028,1.1914379855160335,0.0,0.241988311858558,-1.3216011591512031,0.1557070814399298,0.3380961637724818,-0.9810141559830952,-1.1676872598353414,-0.6791456840737199,-1.1559347102263289,0
1339,-43.173855,-3.593803,-0.7581699611438873,2,0.3533074835904976,2,-0.0237554881710714,0.0850492518807105,3,0.0,1.414268982130927,-0.6605306743650393,1,1.137105685536411,0.3796721288811475,-0.9614863916702532,8,1.153253590238697,2,-1.1520446508250115,0.2397483039278844,-0.6780493930322936,0,0,-0.6039107501479274,-0.4262300150429028,0.2662325767951835,0.0,-0.9320143892374164,-1.3216011591512031,0.1557070814399298,-1.0778621289498782,-0.9810141559830952,-1.1676872598353414,-0.6791456840737199,-1.1559347102263289,1
1340,-21.418255,23.010298,-1.6341847718190805,2,-1.020115152099107,1,-0.270543951856408,-1.86842575225436,1,0.0,1.417592237527057,1.1697805251007627,1,0.448214457737196,0.3796721288811475,-0.9614863916702532,6,-0.6608531809232983,2,-0.8564868462638864,1.655417147743893,-0.6780493930322936,0,1,2.1293060069870897,2.346151056253851,-1.584178240646517,0.0,-0.9320143892374164,-1.3216011591512031,-0.6201892226844657,0.3380961637724818,-0.9810141559830952,-1.1676872598353414,-0.6791456840737199,-1.1559347102263289,1
1341,10.541691,-16.93044,-0.1011588531374925,2,1.1490992995767126,2,0.0996387436715968,1.0617867539482455,5,0.0,1.4209154929231869,-0.6605306743650393,0,-0.142263737519274,-1.0261667362455194,-0.0577875452794142,7,0.2462002046576992,1,-0.1763426820653513,-1.159898873235188,-0.6780493930322936,0,1,-0.6039107501479274,-0.4262300150429028,-1.584178240646517,0.0,0.241988311858558,-0.1645114009902331,0.9316033855643254,0.3380961637724818,0.4885077284888646,1.3171933011460917,-0.3687152874355457,0.8065414765793012,0
1342,9.54986,9.705537,-0.6486681098094882,2,-1.218443330538039,1,1.3335810620982798,0.0850492518807105,1,0.0,1.4225771206212516,-0.6605306743650393,1,1.137105685536411,0.3796721288811475,-0.0577875452794142,2,0.2462002046576992,0,-0.4899611720238135,0.6058574410410288,-0.6780493930322936,0,0,-1.1505541015749308,-0.4262300150429028,-1.584178240646517,0.0,0.241988311858558,-0.1645114009902331,-0.6201892226844657,0.3380961637724818,0.4885077284888646,1.041095461037043,-0.6791456840737199,-0.5952272282818631,0
1343,10.894661,-28.23509,-0.3201625558062908,2,1.6796271769008555,2,-0.6407266473844129,0.0850492518807105,1,0.0,1.4242387483193166,0.2546249253678617,1,-0.0930572212479015,0.3796721288811475,0.8459113011114247,7,1.153253590238697,1,0.6820710709374858,1.4238056859540804,-0.2775943477299747,0,1,-0.6039107501479274,-0.4262300150429028,1.1914379855160335,0.0,2.5899937140505074,-0.2930769296747854,0.1557070814399298,0.3380961637724818,-0.3278933184400019,-0.339393739508197,-0.3687152874355457,-1.1559347102263289,0
1344,-20.282448,-1.9681727,-0.8676718124782865,2,-0.5218156037712901,1,-0.270543951856408,0.0850492518807105,1,0.0,1.4259003760173814,1.1697805251007627,1,-0.3390898026047641,0.3796721288811475,-0.9614863916702532,2,-1.5679065665042955,2,-0.9436030934745704,0.7126685520606025,0.1228606975723441,0,0,-0.3305890744344257,-0.4262300150429028,-0.6589728319256667,0.0,-0.9320143892374164,-0.0359458723056809,-0.6201892226844657,0.3380961637724818,-0.6544537372115486,-0.6154915796172451,-0.3687152874355457,-0.5952272282818631,0
1345,-6.47832,33.05876,0.0083429981969065,2,-0.0483070777483398,1,-0.270543951856408,1.0617867539482455,3,0.0,1.4292236314135114,1.1697805251007627,1,0.5958340065513135,0.3796721288811475,-0.0577875452794142,6,-1.5679065665042955,1,-0.4714755293230099,-0.1019067103991995,0.9237707881769818,0,1,1.855984331273588,2.346151056253851,0.2662325767951835,0.0,0.241988311858558,0.6068817711170802,-0.6201892226844657,0.3380961637724818,-0.3278933184400019,-0.339393739508197,-0.6791456840737199,-0.0345197463373974,0
1346,-8.918846,-20.593252,-0.2106607044718917,2,-1.446520735742811,1,0.8400041347276065,-0.8916882501868245,4,0.0,1.4308852591115762,1.1697805251007627,0,-1.0771875466753518,-1.0261667362455194,-0.0577875452794142,4,-0.6608531809232983,1,-0.3643862888493887,1.5564763291152353,-1.0785044383346123,0,1,-1.1505541015749308,-0.4262300150429028,1.1914379855160335,0.0,-0.9320143892374164,-0.9359045730975464,-0.6201892226844657,0.3380961637724818,-0.6544537372115486,-0.6154915796172451,-0.6791456840737199,-0.5952272282818631,0
1347,12.87918,9.154433,0.8843578088720997,2,-0.6110632840688096,1,1.950552221311621,-0.8916882501868245,1,0.0,1.434208514507706,-0.6605306743650393,0,1.333931750621901,-1.0261667362455194,-0.0577875452794142,4,1.153253590238697,1,-0.1268351562114748,1.3456649257871292,-1.0785044383346123,0,0,-0.6039107501479274,-0.4262300150429028,1.1914379855160335,0.0,1.4159910129545328,-0.1645114009902331,-0.6201892226844657,-1.0778621289498782,0.3252275191030913,1.041095461037043,0.2521455058408027,1.086895217551534,0
1348,-12.402585,21.800655,-0.1011588531374925,1,1.01770688136092,0,-0.8875151110697495,-1.86842575225436,0,0.0,1.437531769903836,-0.6605306743650393,1,1.3831382668932737,-1.0261667362455194,-0.0577875452794142,1,1.153253590238697,2,-0.5560420327128933,-1.418072571844342,-0.6780493930322936,0,0,1.5826626555600865,2.346151056253851,1.1914379855160335,0.0,-0.9320143892374164,-0.1645114009902331,-0.6201892226844657,-1.0778621289498782,0.4885077284888646,-0.8915894197262932,-0.6791456840737199,1.086895217551534,0
1349,50.217636,4.322844,0.3368485522001039,2,0.8292951118439346,1,-1.010909342912418,1.0617867539482455,1,0.0,1.4408550252999657,-1.5756862740979405,1,1.5799643319787635,0.3796721288811475,1.7496101475022634,3,-1.5679065665042955,0,2.192794284761786,0.6574359643886387,-0.2775943477299747,0,0,-1.1505541015749308,-0.4262300150429028,-1.584178240646517,0.0,0.241988311858558,1.3782749432243937,0.1557070814399298,0.3380961637724818,1.9580296129608248,0.7649976209279952,2.7355886789461965,3.329725145329397,0
1350,-11.011109,-14.588879,-1.196177366481484,2,-0.7945168491248218,1,-1.010909342912418,-0.8916882501868245,1,0.0,1.4425166529980304,-0.6605306743650393,0,1.1863122018077836,-1.0261667362455194,-0.9614863916702532,6,0.2462002046576992,1,-0.7585341878148002,0.0836073245295338,-0.6780493930322936,0,1,-0.6039107501479274,-0.4262300150429028,0.2662325767951835,0.0,0.241988311858558,-1.3216011591512031,0.1557070814399298,-1.0778621289498782,-0.9810141559830952,-1.1676872598353414,-0.3687152874355457,-1.1559347102263289,0
1351,9.690463,-11.430887,-1.0866755151470848,2,-0.7226228844407089,2,-0.8875151110697495,-0.8916882501868245,3,0.0,1.450824791488355,-1.5756862740979405,0,1.137105685536411,1.7855109940078144,-0.0577875452794142,7,0.2462002046576992,2,-0.0006228370818497,1.782606694418517,-1.0785044383346123,0,0,-0.3305890744344257,-0.4262300150429028,-0.6589728319256667,0.0,-0.9320143892374164,-0.2930769296747854,1.707499689688721,-1.0778621289498782,0.161947309717318,0.7649976209279952,-0.6791456840737199,0.8065414765793012,0
1352,36.66575,6.5291634,1.2128633628752972,1,-1.6993891632524494,1,1.5803695257836163,0.0850492518807105,3,0.0,1.4541480468844847,1.1697805251007627,0,-0.3882963188761366,0.3796721288811475,1.7496101475022634,3,1.153253590238697,0,2.2673742915202006,-1.6690786827403403,0.1228606975723441,0,0,-1.1505541015749308,-0.4262300150429028,-0.6589728319256667,0.0,0.241988311858558,1.6354060005934978,0.1557070814399298,0.3380961637724818,2.447870241118145,3.5259760220184755,0.5625759024789769,0.8065414765793012,0
1353,-8.646181,8.6949835,0.7748559575377005,2,-1.5679967450366568,1,-1.010909342912418,1.0617867539482455,1,0.0,1.4591329299786795,-0.6605306743650393,1,0.5958340065513135,1.7855109940078144,-0.0577875452794142,0,-1.5679065665042955,1,-0.3123290191747117,-0.6955516221711463,-0.2775943477299747,0,0,-0.0572673987209239,-0.4262300150429028,1.1914379855160335,0.0,0.241988311858558,-0.1645114009902331,1.707499689688721,0.3380961637724818,-0.8177339465973219,-1.1676872598353414,-0.0582848907973714,-0.5952272282818631,0
1354,-25.59961,23.727766,-0.3201625558062908,0,0.4078477326612039,1,0.8400041347276065,1.0617867539482455,5,0.0,1.4624561853748093,1.1697805251007627,1,0.9402796204509212,-2.432005601372186,-0.9614863916702532,6,-1.5679065665042955,1,-0.8915458237998933,0.0206449854022061,-0.6780493930322936,0,1,2.1293060069870897,2.346151056253851,-0.6589728319256667,0.0,0.241988311858558,-0.8073390444129942,-0.6201892226844657,0.3380961637724818,-0.3278933184400019,-0.6154915796172451,0.2521455058408027,-1.1559347102263289,1
1355,-44.346672,-8.07316,2.08887817355049,2,0.8912726676061008,1,1.827157989468953,-0.8916882501868245,1,0.0,1.465779440770939,-1.5756862740979405,1,1.5307578157073911,0.3796721288811475,-0.9614863916702532,2,1.153253590238697,2,-0.8320518013145481,-0.5694864029809389,-0.6780493930322936,0,0,0.2160542769925777,-0.4262300150429028,1.1914379855160335,0.0,-0.9320143892374164,-0.8073390444129942,0.1557070814399298,0.3380961637724818,-0.4911735278257753,-0.6154915796172451,-0.3687152874355457,-1.1559347102263289,1
1356,2.4012702,-30.396091,-0.1011588531374925,2,-1.1589448770063595,2,0.9633983665702748,-0.8916882501868245,2,0.0,1.467441068469004,0.2546249253678617,1,-1.6184592256604493,-1.0261667362455194,-0.0577875452794142,7,-0.6608531809232983,1,-0.2116141382530916,0.3526026751761972,-0.2775943477299747,0,0,0.2160542769925777,-0.4262300150429028,0.2662325767951835,0.0,1.4159910129545328,0.0926196563788712,-1.3960855268088614,-2.4938204216722384,-0.4911735278257753,-0.6154915796172451,-0.3687152874355457,-0.3148734873096303,0
1357,-4.1360326,33.770405,0.4463504035345031,2,-1.1539866725453862,2,-0.1471497200137397,0.0850492518807105,2,0.0,1.4691026961670688,0.2546249253678617,0,-0.5851223839616266,0.3796721288811475,-0.0577875452794142,7,-0.6608531809232983,1,-0.448315356284072,1.760682308472394,0.9237707881769818,0,0,1.5826626555600865,2.346151056253851,0.2662325767951835,0.0,0.241988311858558,0.3497507137479757,0.1557070814399298,0.3380961637724818,-0.3278933184400019,-0.063295899399149,-0.3687152874355457,-0.0345197463373974,0
1358,32.242153,3.9969952,0.5558522548689022,2,1.4713825895399772,1,-0.3939381836990763,0.0850492518807105,3,0.0,1.4724259515631988,0.2546249253678617,1,0.841866587908176,0.3796721288811475,0.8459113011114247,5,-1.5679065665042955,1,1.4544309699883058,0.0743316227830972,2.5255909693862573,0,0,-0.6039107501479274,-0.4262300150429028,-0.6589728319256667,0.0,0.241988311858558,0.8640128284861845,0.1557070814399298,1.754054456494842,0.9783483566461848,0.7649976209279952,0.8730062991171511,0.8065414765793012,0
1359,-2.8640842,-24.86755,-0.6486681098094882,2,0.6855071824757089,2,0.0996387436715968,-0.8916882501868245,3,0.0,1.4740875792612635,0.2546249253678617,0,0.9894861367222936,0.3796721288811475,-0.0577875452794142,7,1.153253590238697,0,0.0170128910120203,0.8154039759491662,-0.2775943477299747,0,1,-1.1505541015749308,-0.4262300150429028,1.1914379855160335,0.0,0.241988311858558,-0.4216424583593375,-0.6201892226844657,0.3380961637724818,-0.3278933184400019,-0.6154915796172451,-0.3687152874355457,-0.0345197463373974,0
1360,-3.9432597,-24.555706,-0.3201625558062908,2,-0.167303984811699,2,-0.7641208792270812,-1.86842575225436,3,0.0,1.4790724623554583,1.1697805251007627,0,0.448214457737196,-1.0261667362455194,-0.0577875452794142,7,1.153253590238697,1,0.3399804416467512,0.3066457892506701,0.1228606975723441,0,1,-0.8772324258614291,-0.4262300150429028,0.2662325767951835,0.0,-0.9320143892374164,-0.2930769296747854,0.1557070814399298,-1.0778621289498782,-0.4911735278257753,-0.6154915796172451,-0.6791456840737199,-0.8755809692540959,0
1361,-2.5340323,-1.0360732,-0.6486681098094882,2,-0.821786973660175,1,-0.6407266473844129,0.0850492518807105,3,0.0,1.480734090053523,-1.5756862740979405,0,-0.1914702537906465,1.7855109940078144,-0.9614863916702532,2,0.2462002046576992,0,-0.5364939967534228,0.2414347951545093,2.1251359240839385,0,0,-0.8772324258614291,-0.4262300150429028,-0.6589728319256667,0.0,0.241988311858558,-0.9359045730975464,-2.171981830933257,-1.0778621289498782,-0.8177339465973219,-0.6154915796172451,-0.0582848907973714,-0.5952272282818631,0
1362,11.888754,0.5786737,-1.196177366481484,1,0.7276519203939819,1,-0.3939381836990763,0.0850492518807105,4,0.0,1.484057345449653,0.2546249253678617,1,-0.2406767700620191,1.7855109940078144,-0.9614863916702532,2,1.153253590238697,1,-0.8411883833390833,-1.0134552183899304,-1.0785044383346123,0,0,0.7626976284195812,-0.4262300150429028,-1.584178240646517,0.0,0.241988311858558,-0.4216424583593375,0.1557070814399298,0.3380961637724818,-0.0013328996684553,0.7649976209279952,1.4938670923934996,0.8065414765793012,0
1363,-8.943498,0.35213074,0.8843578088720997,1,1.2259514687217987,1,-1.010909342912418,1.0617867539482455,3,0.0,1.4907038562419126,-0.6605306743650393,1,-1.0771875466753518,0.3796721288811475,-0.0577875452794142,0,0.2462002046576992,2,-0.2345618326402962,0.0278125731153617,0.523315742874663,0,0,-0.8772324258614291,-0.4262300150429028,0.2662325767951835,0.0,-0.9320143892374164,0.0926196563788712,0.1557070814399298,0.3380961637724818,-0.4911735278257753,-0.6154915796172451,-0.6791456840737199,-0.3148734873096303,0
1364,20.809113,-17.976576,-0.42966440714069,2,-1.4514789402037842,2,0.0996387436715968,1.0617867539482455,2,0.0,1.4940271116380424,-0.6605306743650393,1,-1.1263940629467242,0.3796721288811475,-0.0577875452794142,7,0.2462002046576992,2,-0.2158637112877592,-0.5485458035836803,-0.6780493930322936,0,0,-0.3305890744344257,-0.4262300150429028,-0.6589728319256667,0.0,-0.9320143892374164,-0.1645114009902331,-0.6201892226844657,-1.0778621289498782,0.4885077284888646,-0.063295899399149,-0.6791456840737199,1.3672489585237668,0
1365,-3.9962637,-28.475965,-0.9771736638126856,1,-0.0483070777483398,2,-1.010909342912418,-0.8916882501868245,1,0.0,1.4990119947322371,0.2546249253678617,1,-1.1756005792180968,-1.0261667362455194,-0.0577875452794142,7,1.153253590238697,1,0.0703450325970976,0.6945387713743854,-0.6780493930322936,0,1,-0.8772324258614291,-0.4262300150429028,0.2662325767951835,0.0,0.241988311858558,-0.5502079870438897,-0.6201892226844657,0.3380961637724818,-0.0013328996684553,0.7649976209279952,-0.6791456840737199,0.8065414765793012,0
1366,-42.322403,0.7608648,-0.8676718124782865,1,-0.1400338602763459,2,1.827157989468953,0.0850492518807105,5,0.0,1.500673622430302,0.2546249253678617,1,-1.0279810304039791,1.7855109940078144,-0.9614863916702532,8,-1.5679065665042955,2,-1.149919864307678,-0.5159403065355999,-0.6780493930322936,0,0,0.4893759527060795,-0.4262300150429028,1.1914379855160335,0.0,-0.9320143892374164,-1.3216011591512031,0.1557070814399298,0.3380961637724818,-0.9810141559830952,-1.1676872598353414,-0.6791456840737199,-1.1559347102263289,1
1367,5.1086574,-34.34807,0.2273467008657048,0,1.1119127661194128,2,1.456975293940948,1.0617867539482455,1,0.0,1.5023352501283669,-1.5756862740979405,0,-1.6676657419318217,-2.432005601372186,-0.0577875452794142,7,0.2462002046576992,1,-0.1629565270061486,-1.4512402326346308,1.324225833479301,0,0,1.036019304133083,-0.4262300150429028,0.2662325767951835,0.0,0.241988311858558,-0.1645114009902331,-1.3960855268088614,0.3380961637724818,-0.6544537372115486,-0.6154915796172451,-0.3687152874355457,-0.5952272282818631,0
1368,-22.571802,-9.951027,-1.0866755151470848,2,1.367260295859538,1,-0.8875151110697495,1.0617867539482455,5,0.0,1.5056585055244966,-0.6605306743650393,1,-1.2248070954894692,0.3796721288811475,-0.9614863916702532,6,-0.6608531809232983,1,-0.9087565945902968,-1.158071841073011,-0.6780493930322936,0,0,-1.1505541015749308,-0.4262300150429028,0.2662325767951835,0.0,0.241988311858558,-0.678773515728442,0.1557070814399298,-1.0778621289498782,-0.3278933184400019,-0.339393739508197,-0.3687152874355457,-0.5952272282818631,0
1369,17.623,8.220169,-0.3201625558062908,1,-0.167303984811699,1,1.5803695257836163,1.0617867539482455,4,0.0,1.5073201332225616,0.2546249253678617,1,0.9894861367222936,-1.0261667362455194,-0.0577875452794142,6,1.153253590238697,1,-0.1606192618370815,1.7121956857069296,-0.6780493930322936,0,1,-0.0572673987209239,-0.4262300150429028,-0.6589728319256667,0.0,-0.9320143892374164,0.6068817711170802,0.1557070814399298,0.3380961637724818,1.304908775417731,1.5932911412551394,1.1834366957553253,1.9279564404682328,0
1370,-49.16403,-1.5547444,-0.9771736638126856,2,1.6672316657484223,2,0.4698214391996017,-0.8916882501868245,2,0.0,1.5089817609206264,1.1697805251007627,0,0.8910731041795485,0.3796721288811475,-0.0577875452794142,7,0.2462002046576992,2,0.7120305608318916,1.2703349843312193,0.1228606975723441,0,1,-1.1505541015749308,-0.4262300150429028,1.1914379855160335,0.0,-0.9320143892374164,-0.678773515728442,-2.171981830933257,0.3380961637724818,-0.8177339465973219,-1.1676872598353414,-0.0582848907973714,-0.5952272282818631,1
1371,5.8887386,12.152207,1.103361511540898,0,0.9086263832195074,1,0.59321567104227,1.0617867539482455,5,0.0,1.5106433886186914,0.2546249253678617,1,-0.0930572212479015,0.3796721288811475,-0.0577875452794142,6,-0.6608531809232983,1,-0.2201132843224267,-1.7129274546325863,2.1251359240839385,0,0,0.7626976284195812,-0.4262300150429028,0.2662325767951835,0.0,0.241988311858558,0.6068817711170802,0.9316033855643254,1.754054456494842,0.161947309717318,0.7649976209279952,-0.3687152874355457,0.8065414765793012,0
1372,6.9827027,-11.872691,2.08887817355049,2,1.5879003943728498,2,0.2230329755142651,2.038524256015781,2,0.0,1.5123050163167562,1.1697805251007627,0,1.137105685536411,-1.0261667362455194,-0.0577875452794142,7,-1.5679065665042955,1,-0.2385989270232303,0.8453391952217573,0.523315742874663,0,0,0.2160542769925777,-0.4262300150429028,0.2662325767951835,0.0,0.241988311858558,-0.678773515728442,0.1557070814399298,0.3380961637724818,-1.1442943653688686,-1.1676872598353414,-0.6791456840737199,-1.1559347102263289,0
1373,-9.833032,37.082706,0.2273467008657048,2,0.1599375096125388,1,-0.0237554881710714,-0.8916882501868245,3,0.0,1.5139666440148212,-1.5756862740979405,1,1.038692652993666,0.3796721288811475,-0.0577875452794142,4,-1.5679065665042955,1,-0.2872565382701733,-0.2808153213569855,-0.6780493930322936,0,0,2.675949358414093,2.346151056253851,1.1914379855160335,0.0,0.241988311858558,-0.1645114009902331,0.1557070814399298,0.3380961637724818,0.4885077284888646,-1.1676872598353414,1.4938670923934996,1.3672489585237668,0
1374,20.797073,11.2549305,0.1178448495313057,1,1.4664243850790035,1,-0.1471497200137397,0.0850492518807105,3,0.0,1.515628271712886,1.1697805251007627,0,-0.3882963188761366,-1.0261667362455194,-0.0577875452794142,6,-0.6608531809232983,0,-0.9285171092015008,0.5343221048450247,-0.6780493930322936,0,1,0.2160542769925777,-0.4262300150429028,0.2662325767951835,0.0,0.241988311858558,1.121143885855289,0.1557070814399298,0.3380961637724818,2.1213098223465976,1.8693889813641875,-0.6791456840737199,0.8065414765793012,0
1375,34.48411,25.608923,2.3078818762192883,2,-0.4895872747749636,2,1.456975293940948,0.0850492518807105,1,0.0,1.517289899410951,1.1697805251007627,0,0.3005949089230785,0.3796721288811475,1.7496101475022634,3,1.153253590238697,1,2.4163218263852966,-0.3586749996528327,0.523315742874663,0,1,-0.6039107501479274,-0.4262300150429028,0.2662325767951835,0.0,0.241988311858558,2.2782336440162587,-0.6201892226844657,-1.0778621289498782,-0.9810141559830952,-1.1676872598353414,-0.6791456840737199,-1.1559347102263289,0
1376,-39.63974,4.031062,-0.5391662584750891,1,-1.3994177933635643,1,-0.5173324155417446,-0.8916882501868245,1,0.0,1.518951527109016,-1.5756862740979405,0,-0.929567997861234,1.7855109940078144,-0.9614863916702532,6,0.2462002046576992,2,-0.8649859923332214,0.1412291081058828,0.1228606975723441,0,1,-0.3305890744344257,-0.4262300150429028,-1.584178240646517,0.0,-0.9320143892374164,-0.4216424583593375,-0.6201892226844657,0.3380961637724818,-0.4911735278257753,-0.8915894197262932,-0.6791456840737199,-0.3148734873096303,1
1377,-17.848196,-13.494694,0.1178448495313057,2,1.0003531657475135,1,-0.0237554881710714,-0.8916882501868245,1,0.0,1.5206131548070807,-0.6605306743650393,1,0.251388392651706,0.3796721288811475,-0.9614863916702532,6,1.153253590238697,0,-0.367998425928856,-0.0028253508349896,-0.2775943477299747,0,0,1.036019304133083,-0.4262300150429028,1.1914379855160335,0.0,1.4159910129545328,-0.1645114009902331,-2.171981830933257,1.754054456494842,-0.3278933184400019,-0.6154915796172451,-0.6791456840737199,-0.3148734873096303,0
1378,31.45174,19.255713,1.3223652142096962,1,0.648320649018409,1,-0.8875151110697495,-1.86842575225436,1,0.0,1.5222747825051457,-0.6605306743650393,1,-1.1756005792180968,0.3796721288811475,2.6533089938931025,5,1.153253590238697,1,2.6895693725144176,-0.0808255700663889,0.1228606975723441,0,0,-0.0572673987209239,-0.4262300150429028,1.1914379855160335,0.0,-0.9320143892374164,2.1496681153317065,0.1557070814399298,0.3380961637724818,-0.3278933184400019,-0.063295899399149,0.5625759024789769,-0.3148734873096303,0
1379,7.334242,-29.48431,0.5558522548689022,2,-0.9507002896454808,2,0.3464272073569334,1.0617867539482455,2,0.0,1.5255980379012757,-0.6605306743650393,1,0.5466274902799411,0.3796721288811475,-0.0577875452794142,7,1.153253590238697,0,-0.3008551719811094,-1.6040082295797315,0.1228606975723441,0,1,-0.8772324258614291,-0.4262300150429028,0.2662325767951835,0.0,1.4159910129545328,0.3497507137479757,0.9316033855643254,0.3380961637724818,-1.1442943653688686,-1.1676872598353414,-0.6791456840737199,-1.1559347102263289,0
1380,-36.158577,2.059066,-1.0866755151470848,1,1.3251155579412648,0,1.5803695257836163,0.0850492518807105,0,0.0,1.5272596655993402,-1.5756862740979405,0,-0.3882963188761366,-1.0261667362455194,-0.9614863916702532,1,-0.6608531809232983,1,-0.7734076934361366,0.7367010520400066,-0.6780493930322936,0,0,-0.8772324258614291,-0.4262300150429028,-1.584178240646517,0.0,-0.9320143892374164,-1.3216011591512031,-0.6201892226844657,0.3380961637724818,-0.9810141559830952,-1.1676872598353414,-0.6791456840737199,-1.1559347102263289,1
1381,1.4373207,-30.337914,-0.2106607044718917,2,-0.2986964030274915,2,1.0867925984129432,1.0617867539482455,3,0.0,1.5289212932974052,-0.6605306743650393,1,0.251388392651706,0.3796721288811475,-0.0577875452794142,7,-1.5679065665042955,1,-0.2001402910594893,0.2335645027635933,-1.0785044383346123,0,0,0.2160542769925777,-0.4262300150429028,1.1914379855160335,0.0,0.241988311858558,-0.678773515728442,-0.6201892226844657,-2.4938204216722384,-0.3278933184400019,-0.339393739508197,-0.6791456840737199,-0.0345197463373974,0
1382,-22.571463,-20.815638,-0.9771736638126856,0,0.7450056360073884,1,0.8400041347276065,0.0850492518807105,3,0.0,1.532244548693535,0.2546249253678617,1,-0.8311549653184892,0.3796721288811475,-0.9614863916702532,6,0.2462002046576992,2,-0.9261798440324336,-1.7133490774392426,-0.6780493930322936,0,0,-0.3305890744344257,-0.4262300150429028,0.2662325767951835,0.0,-0.9320143892374164,-0.8073390444129942,0.1557070814399298,-1.0778621289498782,-0.3278933184400019,-0.339393739508197,-0.3687152874355457,-0.0345197463373974,0
1383,-16.105886,-29.830692,-0.6486681098094882,0,0.4301596527355837,1,-0.7641208792270812,-0.8916882501868245,3,0.0,1.5339061763916,0.2546249253678617,1,-0.8803614815898617,0.3796721288811475,-0.9614863916702532,6,-1.5679065665042955,0,-0.7304870057859947,-1.4501159051502142,-0.6780493930322936,0,1,-0.6039107501479274,-0.4262300150429028,1.1914379855160335,0.0,0.241988311858558,-0.9359045730975464,0.1557070814399298,1.754054456494842,-0.4911735278257753,-0.6154915796172451,-0.0582848907973714,-0.3148734873096303,0
1384,-13.156208,38.829056,-0.1011588531374925,0,1.3598229891680778,1,-0.0237554881710714,1.0617867539482455,1,0.0,1.5355678040896648,-1.5756862740979405,1,0.0053558112948434,1.7855109940078144,-0.9614863916702532,2,-0.6608531809232983,1,-0.7846690619780055,-0.7132597800507072,-0.6780493930322936,0,0,1.855984331273588,2.346151056253851,-0.6589728319256667,0.0,-0.9320143892374164,-0.8073390444129942,0.1557070814399298,0.3380961637724818,-0.3278933184400019,-0.063295899399149,-0.6791456840737199,-0.5952272282818631,0
1385,-1.4551771,42.225002,-0.3201625558062908,2,0.3334746657466044,2,-1.010909342912418,0.0850492518807105,2,0.0,1.5372294317877295,-1.5756862740979405,1,-1.6676657419318217,0.3796721288811475,0.8459113011114247,7,1.153253590238697,2,0.7192548349908264,-1.0601148089932175,-0.6780493930322936,0,0,1.5826626555600865,2.346151056253851,-1.584178240646517,0.0,-0.9320143892374164,0.3497507137479757,0.1557070814399298,-1.0778621289498782,1.141628566031958,1.041095461037043,-0.0582848907973714,-0.8755809692540959,0
1386,4.7724156,-24.42776,-0.3201625558062908,2,1.082163539353573,2,0.4698214391996017,1.0617867539482455,3,0.0,1.5388910594857943,1.1697805251007627,1,-1.3232201280322142,0.3796721288811475,0.8459113011114247,7,0.2462002046576992,0,0.4515317338067733,1.2087780545594122,-0.6780493930322936,0,0,0.7626976284195812,-0.4262300150429028,0.2662325767951835,0.0,0.241988311858558,-0.2930769296747854,-0.6201892226844657,-1.0778621289498782,0.161947309717318,0.7649976209279952,-0.3687152874355457,-0.8755809692540959,0
1387,-23.024298,-5.1424937,-1.196177366481484,2,-1.6002250740329833,1,-1.010909342912418,0.0850492518807105,3,0.0,1.5405526871838595,0.2546249253678617,1,1.432344783164646,0.3796721288811475,-0.9614863916702532,2,-1.5679065665042955,2,-0.7725577788292031,0.8000850139739905,-1.0785044383346123,0,0,-0.6039107501479274,-0.4262300150429028,1.1914379855160335,0.0,-0.9320143892374164,-0.4216424583593375,2.4833959938131165,-1.0778621289498782,-0.0013328996684553,0.7649976209279952,1.4938670923934996,0.5261877356070683,0
1388,-27.568008,-8.429622,-0.8676718124782865,2,-1.652286220873203,1,-1.010909342912418,0.0850492518807105,1,0.0,1.5438759425799893,-1.5756862740979405,1,1.137105685536411,0.3796721288811475,-0.0577875452794142,0,-1.5679065665042955,1,-0.240086277585364,-1.1367096188690964,-1.0785044383346123,0,0,-0.8772324258614291,-0.4262300150429028,-1.584178240646517,0.0,0.241988311858558,-0.678773515728442,1.707499689688721,-1.0778621289498782,-0.3278933184400019,-0.339393739508197,-0.6791456840737199,-0.5952272282818631,0
1389,3.7983382,9.025925,-0.5391662584750891,0,0.8516070319183144,1,0.7166099028849382,1.0617867539482455,3,0.0,1.5455375702780545,0.2546249253678617,0,-1.569252709389077,0.3796721288811475,-0.0577875452794142,0,1.153253590238697,0,0.0348610977576239,0.3132512132216175,0.9237707881769818,0,0,0.7626976284195812,-0.4262300150429028,-0.6589728319256667,0.0,0.241988311858558,-0.2930769296747854,2.4833959938131165,0.3380961637724818,-0.3278933184400019,-0.8915894197262932,-0.3687152874355457,-0.5952272282818631,0
1390,6.942288,32.021725,-0.6486681098094882,1,0.7995458850780948,1,-1.010909342912418,0.0850492518807105,1,0.0,1.547199197976119,1.1697805251007627,1,-0.8803614815898617,-2.432005601372186,-0.0577875452794142,6,-1.5679065665042955,1,-0.3187033787267129,-1.2005152036097364,-0.6780493930322936,0,0,1.5826626555600865,2.346151056253851,-0.6589728319256667,0.0,-0.9320143892374164,-0.1645114009902331,2.4833959938131165,0.3380961637724818,0.4885077284888646,1.041095461037043,1.8042974890316736,0.8065414765793012,0
1391,-33.23098,5.9408226,-0.9771736638126856,2,1.4912154073838704,1,0.9633983665702748,0.0850492518807105,5,0.0,1.5538457087683788,0.2546249253678617,1,-1.6676657419318217,-1.0261667362455194,-0.9614863916702532,2,1.153253590238697,0,-0.8787971046958908,0.6276412860515997,0.9237707881769818,0,0,-0.8772324258614291,-0.4262300150429028,-1.584178240646517,0.0,0.241988311858558,-0.678773515728442,-0.6201892226844657,-1.0778621289498782,-0.4911735278257753,-0.8915894197262932,-0.6791456840737199,-0.3148734873096303,1
1392,-26.1508,11.666162,0.1178448495313057,2,1.4912154073838704,2,-1.010909342912418,0.0850492518807105,1,0.0,1.5555073364664436,-1.5756862740979405,1,-0.3390898026047641,-1.0261667362455194,-0.9614863916702532,8,-1.5679065665042955,2,-0.7744700866948034,-0.3991507890918291,0.523315742874663,0,0,-0.3305890744344257,-0.4262300150429028,-1.584178240646517,0.0,-0.9320143892374164,1.121143885855289,0.1557070814399298,-1.0778621289498782,-0.9810141559830952,-1.1676872598353414,-0.6791456840737199,-1.1559347102263289,0
1393,23.471449,-18.228165,-0.2106607044718917,2,1.0449770058962733,2,-0.270543951856408,1.0617867539482455,1,0.0,1.5571689641645086,0.2546249253678617,0,-0.5359158676902541,0.3796721288811475,-0.0577875452794142,7,1.153253590238697,1,-0.2759951697283044,-0.1021877922703036,-0.6780493930322936,0,1,-1.1505541015749308,-0.4262300150429028,1.1914379855160335,0.0,-0.9320143892374164,-0.1645114009902331,-0.6201892226844657,0.3380961637724818,0.4885077284888646,1.041095461037043,-0.6791456840737199,1.3672489585237668,0
1394,2.3609746,-20.058542,-1.0866755151470848,2,0.3756194036648774,2,-0.0237554881710714,0.0850492518807105,2,0.0,1.562153847258703,1.1697805251007627,1,-1.0771875466753518,0.3796721288811475,-0.0577875452794142,7,1.153253590238697,2,-0.5095092079832841,-1.294958712300728,-0.6780493930322936,0,0,-0.3305890744344257,-0.4262300150429028,-1.584178240646517,0.0,-0.9320143892374164,-0.5502079870438897,1.707499689688721,0.3380961637724818,-0.0013328996684553,0.7649976209279952,-0.6791456840737199,0.8065414765793012,0
1395,-8.718803,26.307978,-0.5391662584750891,2,1.4143632382387843,1,-0.5173324155417446,1.0617867539482455,1,0.0,1.563815474956768,1.1697805251007627,1,-0.4867093514188816,-1.0261667362455194,-0.0577875452794142,4,1.153253590238697,2,0.674846796778551,-0.5867729380538436,2.1251359240839385,0,0,2.4026276827005915,2.346151056253851,-0.6589728319256667,0.0,-0.9320143892374164,-0.4216424583593375,-1.3960855268088614,0.3380961637724818,-0.9810141559830952,-1.1676872598353414,-0.6791456840737199,-1.1559347102263289,0
1396,-6.785351,-38.25899,-0.6486681098094882,1,-0.1202010424324527,2,2.073946453154289,1.0617867539482455,2,0.0,1.565477102654833,-1.5756862740979405,1,-0.142263737519274,0.3796721288811475,-0.0577875452794142,7,1.153253590238697,1,-0.1882414865624203,0.950323274079154,-0.6780493930322936,0,1,-1.1505541015749308,-0.4262300150429028,0.2662325767951835,0.0,-0.9320143892374164,-0.1645114009902331,0.9316033855643254,0.3380961637724818,0.4885077284888646,0.7649976209279952,-0.6791456840737199,1.086895217551534,1
1397,-3.5569663,-35.72519,1.7603726195472926,2,0.9061472809890208,2,1.827157989468953,1.0617867539482455,1,0.0,1.567138730352898,-1.5756862740979405,1,0.0053558112948434,0.3796721288811475,0.8459113011114247,7,-1.5679065665042955,2,0.8382428799615167,-1.1903962562499877,1.324225833479301,0,1,-0.6039107501479274,-0.4262300150429028,-0.6589728319256667,0.0,-0.9320143892374164,0.4783162424325279,-0.6201892226844657,-1.0778621289498782,-0.8177339465973219,-0.6154915796172451,-0.0582848907973714,-0.5952272282818631,1
1398,-9.05418,6.4973583,1.869874470881692,2,-1.6051832784939566,1,-0.0237554881710714,-0.8916882501868245,1,0.0,1.5688003580509629,-1.5756862740979405,0,0.0545623275662159,0.3796721288811475,-0.0577875452794142,6,0.2462002046576992,1,-0.7661834192772018,1.146940042916501,0.1228606975723441,0,0,-1.1505541015749308,-0.4262300150429028,0.2662325767951835,0.0,1.4159910129545328,-0.2930769296747854,2.4833959938131165,-1.0778621289498782,-0.4911735278257753,-0.339393739508197,-0.0582848907973714,-0.3148734873096303,0
1399,1.8826004,31.416695,-0.42966440714069,1,1.2408260821047186,1,-0.270543951856408,-0.8916882501868245,1,0.0,1.5704619857490276,1.1697805251007627,1,-1.4708396768463317,0.3796721288811475,-0.0577875452794142,0,0.2462002046576992,0,-0.1136614798040055,0.5292626311651502,-0.6780493930322936,0,0,1.3093409798465847,2.346151056253851,0.2662325767951835,0.0,2.5899937140505074,-0.2930769296747854,-0.6201892226844657,0.3380961637724818,0.3252275191030913,0.7649976209279952,-0.0582848907973714,1.086895217551534,0
1400,19.467812,-7.738312,0.6653541062033014,2,-0.5664394439200499,1,0.2230329755142651,0.0850492518807105,1,0.0,1.5721236134470926,-1.5756862740979405,1,-1.7660787744745667,0.3796721288811475,0.8459113011114247,0,0.2462002046576992,1,0.2139806011688594,0.3597702628893529,-0.6780493930322936,0,0,0.4893759527060795,-0.4262300150429028,-0.6589728319256667,0.0,0.241988311858558,-0.1645114009902331,-1.3960855268088614,0.3380961637724818,0.4885077284888646,1.3171933011460917,-0.6791456840737199,1.3672489585237668,0
1401,-20.121773,-19.338097,0.1178448495313057,1,1.5903794966033364,0,-1.010909342912418,1.0617867539482455,4,0.0,1.5737852411451574,1.1697805251007627,1,1.0878991692650386,0.3796721288811475,-0.9614863916702532,1,-0.6608531809232983,1,-0.7462104260142645,-1.2773910953567191,-1.0785044383346123,0,1,-1.1505541015749308,-0.4262300150429028,-0.6589728319256667,0.0,0.241988311858558,-0.5502079870438897,-0.6201892226844657,0.3380961637724818,-0.1646131090542286,-0.6154915796172451,-0.3687152874355457,-0.5952272282818631,0
1402,38.19744,17.234838,1.979376322216091,2,-1.5208938026574104,0,2.073946453154289,1.0617867539482455,0,0.0,1.5754468688432224,0.2546249253678617,1,0.251388392651706,1.7855109940078144,2.6533089938931025,3,-0.6608531809232983,1,2.790496732087771,1.615925144853761,0.523315742874663,0,1,0.7626976284195812,-0.4262300150429028,-1.584178240646517,0.0,0.241988311858558,3.049626816123572,-2.171981830933257,0.3380961637724818,0.4885077284888646,1.3171933011460917,-0.3687152874355457,-0.0345197463373974,0
1403,-25.531755,-20.417393,-0.6486681098094882,2,1.173890321881579,1,-0.8875151110697495,-1.86842575225436,3,0.0,1.5771084965412874,1.1697805251007627,0,-0.3390898026047641,-2.432005601372186,-0.9614863916702532,2,1.153253590238697,0,-1.1418456755418096,0.4529489031603758,-0.6780493930322936,0,1,-1.1505541015749308,-0.4262300150429028,0.2662325767951835,0.0,2.5899937140505074,-1.3216011591512031,0.9316033855643254,0.3380961637724818,-0.9810141559830952,-1.1676872598353414,-0.6791456840737199,-1.1559347102263289,0
1404,45.839905,0.04986281,0.2273467008657048,2,-1.694430958791476,2,0.7166099028849382,1.0617867539482455,2,0.0,1.578770124239352,-0.6605306743650393,1,0.5466274902799411,0.3796721288811475,1.7496101475022634,7,-1.5679065665042955,2,1.452943619426172,1.5157194578051347,-1.0785044383346123,0,0,-0.8772324258614291,-0.4262300150429028,-1.584178240646517,0.0,-0.9320143892374164,1.2497094145398413,0.1557070814399298,0.3380961637724818,2.1213098223465976,1.041095461037043,2.7355886789461965,1.6476026994959998,0
1405,26.834526,-23.899971,0.5558522548689022,0,-1.1589448770063595,1,1.7037637576262843,-0.8916882501868245,1,0.0,1.5804317519374171,1.1697805251007627,1,-1.4216331605749593,-1.0261667362455194,-0.0577875452794142,6,0.2462002046576992,2,-0.4612765540398079,0.069974853780983,-0.6780493930322936,0,0,-0.8772324258614291,-0.4262300150429028,1.1914379855160335,0.0,-0.9320143892374164,1.121143885855289,-0.6201892226844657,0.3380961637724818,2.1213098223465976,1.3171933011460917,0.2521455058408027,0.8065414765793012,0
1406,5.54763,34.589714,-0.6486681098094882,0,-0.2615098695701918,1,0.0996387436715968,0.0850492518807105,3,0.0,1.5854166350316117,0.2546249253678617,0,-1.2740136117608418,0.3796721288811475,0.8459113011114247,5,0.2462002046576992,1,0.9621179339220748,1.7636336681189877,0.523315742874663,0,0,1.3093409798465847,2.346151056253851,0.2662325767951835,0.0,0.241988311858558,0.2211851850634235,-0.6201892226844657,1.754054456494842,0.651787937874638,0.7649976209279952,0.5625759024789769,1.086895217551534,0
1407,-5.8056607,-7.355529,1.869874470881692,2,-1.6002250740329833,1,0.0996387436715968,0.0850492518807105,3,0.0,1.587078262729677,0.2546249253678617,0,0.5466274902799411,0.3796721288811475,-0.0577875452794142,4,-1.5679065665042955,2,-0.4383288596526033,1.529773551360342,1.324225833479301,0,1,1.036019304133083,-0.4262300150429028,1.1914379855160335,0.0,-0.9320143892374164,-0.2930769296747854,0.1557070814399298,0.3380961637724818,-0.3278933184400019,-0.6154915796172451,-0.3687152874355457,-0.0345197463373974,0
1408,-27.23678,-11.544159,-1.4151810691502822,2,-0.0780563045141796,1,-1.010909342912418,-0.8916882501868245,1,0.0,1.5887398904277417,-0.6605306743650393,1,-1.0279810304039791,-1.0261667362455194,-0.0577875452794142,0,0.2462002046576992,2,-0.4007201382957959,-0.0271389326854978,-0.6780493930322936,0,0,-0.8772324258614291,-0.4262300150429028,-0.6589728319256667,0.0,-0.9320143892374164,-0.9359045730975464,-0.6201892226844657,-1.0778621289498782,-0.4911735278257753,-0.339393739508197,-0.3687152874355457,-0.5952272282818631,0
1409,-23.347233,-1.6647742,-1.5246829204846812,2,-0.5738767506115098,1,0.3464272073569334,-0.8916882501868245,4,0.0,1.5904015181258064,1.1697805251007627,1,0.5958340065513135,0.3796721288811475,-0.9614863916702532,2,1.153253590238697,2,-0.8193030822105456,-0.0901012718128255,-0.6780493930322936,0,0,-0.6039107501479274,-0.4262300150429028,0.2662325767951835,0.0,-0.9320143892374164,-0.8073390444129942,2.4833959938131165,1.754054456494842,-0.3278933184400019,-0.6154915796172451,-0.3687152874355457,-0.0345197463373974,0
1410,18.809364,0.16235743,0.3368485522001039,1,-0.273905380722625,1,0.2230329755142651,0.0850492518807105,5,0.0,1.5953864012200012,1.1697805251007627,0,0.349801425194451,0.3796721288811475,-0.0577875452794142,2,0.2462002046576992,1,-0.0382315584386572,1.7618066359568103,-0.6780493930322936,0,0,-1.1505541015749308,-0.4262300150429028,-1.584178240646517,0.0,0.241988311858558,-0.1645114009902331,-0.6201892226844657,1.754054456494842,0.4885077284888646,1.3171933011460917,2.114727885669848,-0.0345197463373974,0
1411,23.157307,-11.566653,0.3368485522001039,2,-0.8887227338833145,2,-0.8875151110697495,-0.8916882501868245,2,0.0,1.5970480289180662,-0.6605306743650393,0,1.2847252343505289,0.3796721288811475,-0.0577875452794142,7,-0.6608531809232983,1,-0.1754927674584178,-1.4131536391000197,0.1228606975723441,0,0,-0.3305890744344257,-0.4262300150429028,0.2662325767951835,0.0,0.241988311858558,0.4783162424325279,0.9316033855643254,0.3380961637724818,0.651787937874638,1.041095461037043,0.8730062991171511,1.6476026994959998,0
1412,-14.95514,2.8191667,-1.3056792178158831,2,-1.2234015349990124,0,-0.8875151110697495,0.0850492518807105,0,0.0,1.598709656616131,0.2546249253678617,0,0.7926600716368035,0.3796721288811475,-0.9614863916702532,1,-0.6608531809232983,1,-0.9170432620078984,0.7507551455952137,0.523315742874663,0,0,-0.3305890744344257,-0.4262300150429028,0.2662325767951835,0.0,-0.9320143892374164,-0.678773515728442,0.1557070814399298,0.3380961637724818,-0.8177339465973219,-1.1676872598353414,-0.3687152874355457,-0.5952272282818631,0
1413,11.959587,-4.916844,-0.7581699611438873,2,0.2690180077539514,1,-1.010909342912418,-0.8916882501868245,3,0.0,1.6020329120122607,1.1697805251007627,1,0.4974209740085685,0.3796721288811475,-0.9614863916702532,2,-0.6608531809232983,1,-0.5853640866520992,-1.4385915484349443,-0.6780493930322936,0,0,-0.6039107501479274,-0.4262300150429028,0.2662325767951835,0.0,-0.9320143892374164,0.0926196563788712,2.4833959938131165,-1.0778621289498782,0.8150681472604113,1.041095461037043,-0.3687152874355457,0.8065414765793012,0
1414,-15.386058,-21.845245,-1.3056792178158831,2,0.4326387549660704,1,-0.8875151110697495,-1.86842575225436,4,0.0,1.6070177951064557,1.1697805251007627,1,-0.4375028351475091,0.3796721288811475,-0.9614863916702532,2,0.2462002046576992,0,-0.5367064754051563,-0.9859091950217244,1.324225833479301,0,1,1.036019304133083,-0.4262300150429028,0.2662325767951835,0.0,0.241988311858558,-0.5502079870438897,-0.6201892226844657,-1.0778621289498782,-0.8177339465973219,-0.6154915796172451,-0.6791456840737199,-0.5952272282818631,0
1415,10.104122,29.535294,1.103361511540898,2,0.9358965077548606,1,1.950552221311621,0.0850492518807105,3,0.0,1.6086794228045205,-1.5756862740979405,1,0.8910731041795485,0.3796721288811475,0.8459113011114247,0,0.2462002046576992,2,0.4525941270654401,-0.1727393419174431,-0.2775943477299747,0,0,2.1293060069870897,2.346151056253851,-0.6589728319256667,0.0,-0.9320143892374164,1.76397152927805,0.1557070814399298,0.3380961637724818,1.6314691941892778,2.6976825016913315,3.0460190755843706,1.9279564404682328,0
1416,-20.901167,-25.850555,-0.42966440714069,0,1.2656171044095852,1,-1.010909342912418,-0.8916882501868245,3,0.0,1.6103410505025852,-0.6605306743650393,1,-0.3390898026047641,-1.0261667362455194,-0.9614863916702532,2,0.2462002046576992,0,-0.9550769406681726,0.8609392390680372,-0.6780493930322936,0,0,-0.8772324258614291,-0.4262300150429028,0.2662325767951835,0.0,2.5899937140505074,-1.3216011591512031,-0.6201892226844657,-1.0778621289498782,-0.9810141559830952,-0.8915894197262932,-0.6791456840737199,-1.1559347102263289,0
1417,17.867386,-14.94288,0.1178448495313057,2,1.2854499222534783,2,-1.010909342912418,1.0617867539482455,1,0.0,1.6120026782006502,1.1697805251007627,1,0.9894861367222936,0.3796721288811475,-0.0577875452794142,7,-0.6608531809232983,1,-0.4383288596526033,-0.9384063588051246,-1.0785044383346123,0,0,-0.0572673987209239,-0.4262300150429028,-1.584178240646517,0.0,1.4159910129545328,0.6068817711170802,0.1557070814399298,0.3380961637724818,1.304908775417731,2.421584661582284,0.8730062991171511,1.086895217551534,0
1418,6.556231,-20.105175,-0.6486681098094882,2,0.8714398497622077,2,-0.8875151110697495,-0.8916882501868245,1,0.0,1.613664305898715,-1.5756862740979405,1,-0.5851223839616266,0.3796721288811475,-0.9614863916702532,8,0.2462002046576992,1,-0.7300620484825279,-1.1130987416963485,-1.0785044383346123,0,0,1.036019304133083,-0.4262300150429028,0.2662325767951835,0.0,0.241988311858558,-1.0644701017820986,-1.3960855268088614,0.3380961637724818,-0.8177339465973219,-0.6154915796172451,-0.3687152874355457,-0.5952272282818631,0
1419,14.879106,8.907774,0.1178448495313057,1,-0.7300601911321688,1,-0.3939381836990763,1.0617867539482455,1,0.0,1.61532593359678,-1.5756862740979405,1,0.3005949089230785,-1.0261667362455194,-0.0577875452794142,4,0.2462002046576992,1,-0.2511351674754995,-0.0040902192549582,-0.2775943477299747,0,0,-1.1505541015749308,-0.4262300150429028,1.1914379855160335,0.0,0.241988311858558,-0.1645114009902331,-1.3960855268088614,0.3380961637724818,0.161947309717318,-0.339393739508197,1.4938670923934996,0.8065414765793012,0
1420,-3.250217,-6.054191,0.5558522548689022,2,-0.608584181838323,1,1.0867925984129432,1.0617867539482455,1,0.0,1.6169875612948448,1.1697805251007627,1,-1.5200461931177045,0.3796721288811475,-0.0577875452794142,6,-1.5679065665042955,0,-0.2322245674712291,-0.4390644147886172,1.324225833479301,0,1,0.4893759527060795,-0.4262300150429028,0.2662325767951835,0.0,0.241988311858558,-0.2930769296747854,0.1557070814399298,-1.0778621289498782,-0.4911735278257753,-0.339393739508197,-0.3687152874355457,-0.5952272282818631,0
1421,-11.023283,33.325306,0.4463504035345031,2,-0.3978604922469576,1,-1.010909342912418,0.0850492518807105,1,0.0,1.6186491889929098,1.1697805251007627,1,0.4974209740085685,0.3796721288811475,-0.9614863916702532,6,1.153253590238697,1,-0.7906184642265399,0.997685569360202,0.1228606975723441,0,0,1.855984331273588,2.346151056253851,-1.584178240646517,0.0,0.241988311858558,0.0926196563788712,0.1557070814399298,0.3380961637724818,-0.3278933184400019,-0.339393739508197,-0.3687152874355457,-1.1559347102263289,0
1422,28.900799,-0.1203349,1.103361511540898,0,0.8912726676061008,1,-1.010909342912418,-1.86842575225436,3,0.0,1.6203108166909748,0.2546249253678617,0,1.5799643319787635,0.3796721288811475,0.8459113011114247,5,-0.6608531809232983,1,1.1588731654271804,0.4100839178169942,-1.0785044383346123,0,0,0.7626976284195812,-0.4262300150429028,-1.584178240646517,0.0,1.4159910129545328,0.3497507137479757,0.1557070814399298,-2.4938204216722384,0.9783483566461848,1.041095461037043,0.8730062991171511,2.2083101814404653,0
1423,-5.845912,1.5617905,-0.2106607044718917,2,1.7044181992057224,1,0.2230329755142651,1.0617867539482455,3,0.0,1.6252956997851693,1.1697805251007627,1,-1.1263940629467242,0.3796721288811475,-0.9614863916702532,2,0.2462002046576992,1,-0.8165408597380117,0.8318472654087585,1.7246808787816197,0,1,-1.1505541015749308,-0.4262300150429028,0.2662325767951835,0.0,0.241988311858558,-0.8073390444129942,0.1557070814399298,0.3380961637724818,-0.8177339465973219,-0.6154915796172451,-0.0582848907973714,-0.5952272282818631,0
1424,-19.817268,-4.129624,-1.6341847718190805,2,-0.5490857283066433,1,-1.010909342912418,-0.8916882501868245,1,0.0,1.631942210577429,1.1697805251007627,1,-0.142263737519274,0.3796721288811475,-0.9614863916702532,6,0.2462002046576992,2,-0.6646186237486482,0.465316505488958,-1.0785044383346123,0,0,-0.8772324258614291,-0.4262300150429028,1.1914379855160335,0.0,-0.9320143892374164,-0.9359045730975464,-0.6201892226844657,1.754054456494842,-0.6544537372115486,-0.6154915796172451,-0.3687152874355457,-0.5952272282818631,0
1425,15.666866,-5.6278496,-0.2106607044718917,2,1.4689034873094906,1,-0.0237554881710714,1.0617867539482455,3,0.0,1.6336038382754938,-0.6605306743650393,1,-0.8803614815898617,0.3796721288811475,-0.0577875452794142,6,0.2462002046576992,2,-0.2985179068120422,0.6162574702718819,-0.6780493930322936,0,0,1.036019304133083,-0.4262300150429028,-0.6589728319256667,0.0,-0.9320143892374164,-0.1645114009902331,1.707499689688721,0.3380961637724818,0.4885077284888646,0.7649976209279952,-0.6791456840737199,1.086895217551534,0
1426,8.291848,5.2571507,-0.42966440714069,2,-0.7474139067455754,1,0.7166099028849382,-0.8916882501868245,3,0.0,1.6352654659735588,-0.6605306743650393,0,1.432344783164646,0.3796721288811475,-0.0577875452794142,0,1.153253590238697,1,-0.3452632101933848,1.031555934828251,-1.0785044383346123,0,1,-0.6039107501479274,-0.4262300150429028,-1.584178240646517,0.0,0.241988311858558,-0.1645114009902331,2.4833959938131165,0.3380961637724818,0.3252275191030913,0.7649976209279952,1.8042974890316736,-0.8755809692540959,0
1427,-8.786908,-18.337893,-0.5391662584750891,2,-1.3275238286794515,1,2.4441291486822943,1.0617867539482455,1,0.0,1.6369270936716236,0.2546249253678617,0,-0.8311549653184892,-1.0261667362455194,-0.9614863916702532,2,-0.6608531809232983,2,-0.7789321383812043,0.2256942103726774,-0.6780493930322936,0,0,-0.6039107501479274,-0.4262300150429028,0.2662325767951835,0.0,-0.9320143892374164,-0.678773515728442,0.1557070814399298,0.3380961637724818,-0.1646131090542286,-0.6154915796172451,0.5625759024789769,-0.8755809692540959,0
1428,-12.165523,11.37129,0.3368485522001039,2,-0.643291613065136,1,-1.010909342912418,1.0617867539482455,1,0.0,1.6402503490677534,-1.5756862740979405,1,0.841866587908176,0.3796721288811475,-0.9614863916702532,2,1.153253590238697,1,-0.8705104372782891,-1.4409807443393294,2.1251359240839385,0,0,1.036019304133083,-0.4262300150429028,0.2662325767951835,0.0,1.4159910129545328,-0.4216424583593375,0.1557070814399298,-1.0778621289498782,-0.9810141559830952,-1.1676872598353414,-0.6791456840737199,-1.1559347102263289,0
1429,6.748908,-21.773045,-0.5391662584750891,2,-1.409334202285511,2,-1.010909342912418,1.0617867539482455,3,0.0,1.6419119767658183,-0.6605306743650393,1,0.1037688438375884,-1.0261667362455194,-0.9614863916702532,8,-0.6608531809232983,1,-0.8996200125657616,0.5215328797097863,-1.0785044383346123,0,0,-0.3305890744344257,-0.4262300150429028,-0.6589728319256667,0.0,0.241988311858558,-1.0644701017820986,-0.6201892226844657,0.3380961637724818,-0.8177339465973219,-0.6154915796172451,-0.0582848907973714,-0.5952272282818631,0
1430,17.108997,-10.261579,0.2273467008657048,2,-1.701868265482936,1,1.827157989468953,-1.86842575225436,1,0.0,1.6435736044638831,-1.5756862740979405,1,-0.6835354165043717,0.3796721288811475,-0.0577875452794142,6,1.153253590238697,2,-0.508871772028084,-1.261088346832679,1.7246808787816197,0,0,-0.6039107501479274,-0.4262300150429028,-1.584178240646517,0.0,-0.9320143892374164,0.8640128284861845,-0.6201892226844657,0.3380961637724818,-0.0013328996684553,0.7649976209279952,-0.3687152874355457,0.8065414765793012,0
1431,32.457226,0.7404672,0.1178448495313057,2,-1.491144575891571,1,0.0996387436715968,0.0850492518807105,3,0.0,1.645235232161948,-0.6605306743650393,0,1.629170848250136,-2.432005601372186,0.8459113011114247,5,0.2462002046576992,1,1.4242590014421663,-1.5371107442569458,0.1228606975723441,0,0,-0.8772324258614291,-0.4262300150429028,-1.584178240646517,0.0,0.241988311858558,1.121143885855289,0.1557070814399298,0.3380961637724818,1.794749403575051,3.249878181909428,-0.3687152874355457,1.9279564404682328,0
1432,23.998,-15.036792,-0.5391662584750891,2,-0.0036832375995801,2,-1.010909342912418,1.0617867539482455,2,0.0,1.646896859860013,0.2546249253678617,0,-0.8803614815898617,0.3796721288811475,0.8459113011114247,7,1.153253590238697,1,0.8327184350164489,1.3659028205066273,-0.6780493930322936,0,0,1.036019304133083,-0.4262300150429028,0.2662325767951835,0.0,1.4159910129545328,0.3497507137479757,0.1557070814399298,0.3380961637724818,1.141628566031958,1.5932911412551394,0.8730062991171511,0.8065414765793012,0
1433,8.095317,35.825104,0.0083429981969065,2,-1.5903086651110367,1,0.0996387436715968,0.0850492518807105,1,0.0,1.648558487558078,0.2546249253678617,0,-1.1756005792180968,1.7855109940078144,0.8459113011114247,5,1.153253590238697,1,1.5385725160747223,0.1627318712453497,-0.6780493930322936,0,1,2.675949358414093,2.346151056253851,-1.584178240646517,0.0,0.241988311858558,0.6068817711170802,-0.6201892226844657,0.3380961637724818,1.4681889848035046,1.8693889813641875,1.1834366957553253,1.086895217551534,0
1434,-3.2929227,43.12148,-1.3056792178158831,2,1.436675158313164,2,-0.1471497200137397,-0.8916882501868245,4,0.0,1.6502201152561429,-1.5756862740979405,0,0.9402796204509212,0.3796721288811475,-0.0577875452794142,7,0.2462002046576992,0,-0.339101329293117,-0.0884147805862007,-1.0785044383346123,0,1,1.855984331273588,2.346151056253851,-0.6589728319256667,0.0,0.241988311858558,-0.678773515728442,0.1557070814399298,-1.0778621289498782,-0.3278933184400019,-0.339393739508197,-0.6791456840737199,-0.0345197463373974,0
1435,3.103347,14.031739,1.6508707682128936,0,-0.5391693193846967,2,2.4441291486822943,1.0617867539482455,1,0.0,1.6518817429542076,-1.5756862740979405,1,-1.2740136117608418,0.3796721288811475,-0.9614863916702532,8,1.153253590238697,0,-0.6418834080131771,0.7694470900236391,-0.2775943477299747,0,0,-0.0572673987209239,-0.4262300150429028,-0.6589728319256667,0.0,1.4159910129545328,0.6068817711170802,0.1557070814399298,-1.0778621289498782,0.3252275191030913,1.041095461037043,-0.6791456840737199,-1.1559347102263289,0
1436,-10.531734,-26.521528,0.7748559575377005,2,0.5813848887952695,1,-1.010909342912418,0.0850492518807105,3,0.0,1.6535433706522726,-0.6605306743650393,1,-1.1756005792180968,0.3796721288811475,-0.9614863916702532,6,1.153253590238697,2,-0.8641360777262879,-0.1252365057008432,1.324225833479301,0,1,-0.8772324258614291,-0.4262300150429028,0.2662325767951835,0.0,-0.9320143892374164,-0.678773515728442,-0.6201892226844657,0.3380961637724818,-0.4911735278257753,-0.339393739508197,-0.3687152874355457,-0.5952272282818631,0
1437,-28.744482,0.87477773,-1.7436866231534796,2,-0.7474139067455754,2,-0.5173324155417446,-1.86842575225436,3,0.0,1.6552049983503376,0.2546249253678617,1,-0.3882963188761366,0.3796721288811475,-0.9614863916702532,8,-1.5679065665042955,2,-0.8760348822233569,1.5692655542504736,-0.6780493930322936,0,1,-1.1505541015749308,-0.4262300150429028,1.1914379855160335,0.0,-0.9320143892374164,-1.193035630466651,2.4833959938131165,0.3380961637724818,-0.8177339465973219,-0.6154915796172451,-0.3687152874355457,-0.5952272282818631,0
1438,38.7383,21.940073,0.2273467008657048,0,-1.729138390018289,1,-0.0237554881710714,0.0850492518807105,1,0.0,1.6568666260484024,1.1697805251007627,1,1.038692652993666,0.3796721288811475,2.6533089938931025,3,1.153253590238697,2,2.746938608482429,0.1389804531370497,-0.2775943477299747,0,0,-0.6039107501479274,-0.4262300150429028,0.2662325767951835,0.0,-0.9320143892374164,1.2497094145398413,0.1557070814399298,-1.0778621289498782,-0.1646131090542286,-1.1676872598353414,-0.3687152874355457,-0.3148734873096303,0
1439,-44.39194,10.914383,-1.5246829204846812,1,-0.4077769011689042,2,-0.0237554881710714,0.0850492518807105,2,0.0,1.6585282537464674,1.1697805251007627,1,-1.6184592256604493,0.3796721288811475,-0.9614863916702532,8,-1.5679065665042955,1,-1.0013972867460486,1.776844516060882,-0.6780493930322936,0,0,1.036019304133083,-0.4262300150429028,-1.584178240646517,0.0,0.241988311858558,-1.3216011591512031,0.1557070814399298,-1.0778621289498782,-0.9810141559830952,-1.1676872598353414,-0.3687152874355457,-1.1559347102263289,1
1440,24.061964,-12.982198,-0.1011588531374925,2,-0.608584181838323,2,-0.7641208792270812,0.0850492518807105,3,0.0,1.6601898814445322,-1.5756862740979405,0,1.3831382668932737,-1.0261667362455194,0.8459113011114247,7,1.153253590238697,1,0.2424527405011318,-0.2274097658471986,-1.0785044383346123,0,0,1.036019304133083,-0.4262300150429028,0.2662325767951835,0.0,1.4159910129545328,-0.1645114009902331,-0.6201892226844657,0.3380961637724818,0.3252275191030913,0.7649976209279952,0.2521455058408027,-0.0345197463373974,0
1441,0.68833697,-6.103904,-0.1011588531374925,1,-0.2838217896445716,1,-0.6407266473844129,-0.8916882501868245,1,0.0,1.6618515091425972,1.1697805251007627,0,1.5307578157073911,0.3796721288811475,-0.0577875452794142,4,-0.6608531809232983,0,-0.2915061113048409,-0.7197246630861025,1.7246808787816197,0,0,-0.6039107501479274,-0.4262300150429028,-0.6589728319256667,0.0,2.5899937140505074,0.8640128284861845,0.1557070814399298,0.3380961637724818,-0.4911735278257753,-0.6154915796172451,-0.6791456840737199,-0.5952272282818631,0
1442,5.016422,31.226456,2.08887817355049,0,-0.3358829364847913,1,-1.010909342912418,1.0617867539482455,1,0.0,1.663513136840662,0.2546249253678617,1,-0.4375028351475091,0.3796721288811475,-0.0577875452794142,0,0.2462002046576992,0,-0.0418436955181246,1.6756550424633911,-0.6780493930322936,0,0,1.5826626555600865,2.346151056253851,-1.584178240646517,0.0,0.241988311858558,0.2211851850634235,-0.6201892226844657,-1.0778621289498782,0.9783483566461848,2.145486821473236,-0.3687152874355457,1.3672489585237668,0
1443,-40.136665,13.996899,-0.8676718124782865,2,0.7177355114720353,1,-1.010909342912418,1.0617867539482455,3,0.0,1.665174764538727,-1.5756862740979405,1,-1.4708396768463317,0.3796721288811475,-0.9614863916702532,6,1.153253590238697,1,-0.364598767501122,1.6599144576815592,2.5255909693862573,0,1,-0.3305890744344257,-0.4262300150429028,-0.6589728319256667,0.0,2.5899937140505074,-0.9359045730975464,0.1557070814399298,1.754054456494842,-0.8177339465973219,-0.6154915796172451,-0.0582848907973714,-0.5952272282818631,1
1444,40.16177,11.732721,0.5558522548689022,2,-1.2457134550733922,1,-0.8875151110697495,0.0850492518807105,1,0.0,1.6718212753309865,-1.5756862740979405,1,-0.4867093514188816,0.3796721288811475,2.6533089938931025,3,0.2462002046576992,1,2.629862871377339,0.4214677335967119,0.9237707881769818,0,0,-1.1505541015749308,-0.4262300150429028,-1.584178240646517,0.0,-0.9320143892374164,1.6354060005934978,-0.6201892226844657,-1.0778621289498782,2.447870241118145,0.4888997808189471,0.5625759024789769,2.7690176633849317,0
1445,33.307354,-24.857483,2.08887817355049,2,-1.2209224327685255,1,-0.270543951856408,-0.8916882501868245,5,0.0,1.6734829030290514,1.1697805251007627,1,0.3005949089230785,0.3796721288811475,-0.9614863916702532,2,0.2462002046576992,1,-0.8847465069444252,-1.4963538729468453,2.1251359240839385,0,0,-1.1505541015749308,-0.4262300150429028,1.1914379855160335,0.0,0.241988311858558,0.3497507137479757,0.9316033855643254,-2.4938204216722384,0.4885077284888646,1.3171933011460917,2.114727885669848,1.086895217551534,1
1446,10.980091,32.228474,0.4463504035345031,2,-0.5466066260761566,1,2.320734916839626,1.0617867539482455,1,0.0,1.6768061584251812,-1.5756862740979405,0,-0.2898832863333916,-1.0261667362455194,1.7496101475022634,4,-0.6608531809232983,1,1.501601230673115,-1.2189260661670578,-1.0785044383346123,0,0,2.1293060069870897,2.346151056253851,0.2662325767951835,0.0,0.241988311858558,1.2497094145398413,0.1557070814399298,0.3380961637724818,2.1213098223465976,0.7649976209279952,-0.6791456840737199,1.6476026994959998,0
1447,-3.8403637,37.656773,-0.3201625558062908,2,-0.2441561539567852,2,2.320734916839626,0.0850492518807105,2,0.0,1.6784677861232462,1.1697805251007627,0,1.432344783164646,-1.0261667362455194,-0.0577875452794142,7,0.2462002046576992,1,0.0444226370856258,-0.7498004232942456,-0.6780493930322936,0,0,1.5826626555600865,2.346151056253851,1.1914379855160335,0.0,1.4159910129545328,-0.4216424583593375,-0.6201892226844657,0.3380961637724818,0.161947309717318,0.7649976209279952,-0.3687152874355457,0.8065414765793012,0
1448,6.830971,33.140347,-0.1011588531374925,0,-1.2432343528429055,2,0.7166099028849382,1.0617867539482455,2,0.0,1.680129413821311,1.1697805251007627,1,1.0878991692650386,-2.432005601372186,-0.0577875452794142,7,1.153253590238697,0,-0.2330744820781626,-0.5448917392593264,-0.6780493930322936,0,0,2.4026276827005915,2.346151056253851,-1.584178240646517,0.0,0.241988311858558,0.4783162424325279,0.9316033855643254,-1.0778621289498782,1.304908775417731,2.145486821473236,2.7355886789461965,1.9279564404682328,0
1449,13.545885,-23.083609,0.4463504035345031,2,0.3161209501331978,2,-0.7641208792270812,0.0850492518807105,1,0.0,1.681791041519376,0.2546249253678617,1,-0.4375028351475091,-1.0261667362455194,-0.0577875452794142,7,-0.6608531809232983,0,0.5174001158441197,-0.2931829236855677,-0.2775943477299747,0,0,-1.1505541015749308,-0.4262300150429028,0.2662325767951835,0.0,0.241988311858558,0.3497507137479757,1.707499689688721,0.3380961637724818,-0.3278933184400019,-0.063295899399149,-0.6791456840737199,-0.0345197463373974,0
1450,-22.086124,-5.834419,-0.5391662584750891,2,-0.6779990442919491,1,-0.8875151110697495,0.0850492518807105,5,0.0,1.6834526692174407,1.1697805251007627,1,0.5958340065513135,0.3796721288811475,-0.9614863916702532,6,-1.5679065665042955,2,-0.8634986417710877,-0.4251508621689622,-0.6780493930322936,0,0,-0.3305890744344257,-0.4262300150429028,1.1914379855160335,0.0,-0.9320143892374164,-0.9359045730975464,0.9316033855643254,0.3380961637724818,-0.4911735278257753,-0.6154915796172451,-0.3687152874355457,-0.5952272282818631,0
1451,-8.488701,-16.146257,-0.2106607044718917,2,0.8516070319183144,0,2.073946453154289,1.0617867539482455,1,0.0,1.6867759246135705,0.2546249253678617,0,-1.7168722582031943,0.3796721288811475,0.8459113011114247,1,1.153253590238697,2,0.4959397720190487,0.3273053067768245,-0.6780493930322936,0,1,0.2160542769925777,-0.4262300150429028,0.2662325767951835,0.0,-0.9320143892374164,-0.2930769296747854,-0.6201892226844657,0.3380961637724818,0.3252275191030913,-1.1676872598353414,-0.3687152874355457,0.8065414765793012,0
1452,23.905094,-11.678262,0.1178448495313057,2,-1.1341538547014929,2,0.0996387436715968,-0.8916882501868245,1,0.0,1.6884375523116355,-1.5756862740979405,0,1.6783773645215088,0.3796721288811475,-0.0577875452794142,7,1.153253590238697,1,-0.2464606371373652,-1.1708610662082497,-0.6780493930322936,0,0,-1.1505541015749308,-0.4262300150429028,0.2662325767951835,0.0,0.241988311858558,-0.1645114009902331,-1.3960855268088614,0.3380961637724818,0.4885077284888646,0.7649976209279952,-0.3687152874355457,1.3672489585237668,0
1453,11.2153635,-31.144733,1.4318670655440953,1,0.187207634147892,2,-1.010909342912418,1.0617867539482455,1,0.0,1.6934224354058305,-0.6605306743650393,1,1.3831382668932737,0.3796721288811475,-0.0577875452794142,7,0.2462002046576992,0,0.0478222955133598,-0.0081659063859683,1.7246808787816197,0,0,-0.8772324258614291,-0.4262300150429028,1.1914379855160335,0.0,1.4159910129545328,0.0926196563788712,0.1557070814399298,0.3380961637724818,-0.1646131090542286,-0.339393739508197,-0.6791456840737199,-0.8755809692540959,1
1454,2.8033884,-16.653008,-0.1011588531374925,2,0.7871503739256616,2,0.2230329755142651,1.0617867539482455,2,0.0,1.695084063103895,-0.6605306743650393,0,1.6783773645215088,-1.0261667362455194,-0.0577875452794142,7,1.153253590238697,1,0.0316739179816232,0.0078557602669677,0.523315742874663,0,0,-0.6039107501479274,-0.4262300150429028,-1.584178240646517,0.0,0.241988311858558,-0.4216424583593375,-0.6201892226844657,-1.0778621289498782,-0.1646131090542286,-0.339393739508197,-0.6791456840737199,-1.1559347102263289,0
1455,-2.918224,-15.873433,0.8843578088720997,2,-1.06225989001738,2,1.3335810620982798,0.0850492518807105,1,0.0,1.69674569080196,1.1697805251007627,0,-0.7819484490471167,0.3796721288811475,-0.0577875452794142,7,0.2462002046576992,2,-0.3512126124419193,1.2676647065557298,2.1251359240839385,0,0,-0.0572673987209239,-0.4262300150429028,0.2662325767951835,0.0,-0.9320143892374164,-0.4216424583593375,0.1557070814399298,0.3380961637724818,-0.3278933184400019,-0.339393739508197,-0.6791456840737199,-0.8755809692540959,0
1456,-13.510717,-4.898946,0.3368485522001039,2,1.287929024483965,1,-0.8875151110697495,1.0617867539482455,1,0.0,1.7000689461980898,0.2546249253678617,1,-0.6835354165043717,-1.0261667362455194,-0.9614863916702532,6,0.2462002046576992,2,-0.7848815406297388,-1.628602893301344,-0.2775943477299747,0,0,-0.3305890744344257,-0.4262300150429028,1.1914379855160335,0.0,-0.9320143892374164,-0.4216424583593375,-0.6201892226844657,0.3380961637724818,-0.8177339465973219,-0.6154915796172451,-0.0582848907973714,-0.5952272282818631,0
1457,-14.853286,-17.06661,-0.2106607044718917,1,0.982999450134107,1,1.0867925984129432,1.0617867539482455,1,0.0,1.7017305738961548,0.2546249253678617,1,0.6942470390940585,0.3796721288811475,-0.0577875452794142,0,0.2462002046576992,1,-0.1729430236376173,1.444886826286891,-0.6780493930322936,0,1,-0.3305890744344257,-0.4262300150429028,1.1914379855160335,0.0,1.4159910129545328,-0.1645114009902331,-0.6201892226844657,1.754054456494842,0.4885077284888646,-0.6154915796172451,-0.6791456840737199,-0.5952272282818631,0
1458,-1.6074847,4.1933646,0.3368485522001039,2,0.9706039389816736,1,-0.8875151110697495,1.0617867539482455,3,0.0,1.7050538292922846,0.2546249253678617,0,1.5799643319787635,0.3796721288811475,-0.9614863916702532,6,0.2462002046576992,1,-0.9565642912303062,-0.247928742437801,-0.2775943477299747,0,0,-0.3305890744344257,-0.4262300150429028,-0.6589728319256667,0.0,2.5899937140505074,1.121143885855289,-0.6201892226844657,0.3380961637724818,-0.3278933184400019,-0.339393739508197,-0.6791456840737199,-0.5952272282818631,0
1459,-11.510374,-9.794271,-0.2106607044718917,2,-1.2779417840697187,1,-1.010909342912418,1.0617867539482455,1,0.0,1.706715456990349,0.2546249253678617,0,-0.1914702537906465,-2.432005601372186,-0.9614863916702532,6,1.153253590238697,1,-0.7491851271385317,-0.7534544876185995,-0.6780493930322936,0,0,-0.8772324258614291,-0.4262300150429028,1.1914379855160335,0.0,0.241988311858558,-0.9359045730975464,1.707499689688721,0.3380961637724818,-0.4911735278257753,-0.339393739508197,-0.3687152874355457,-0.8755809692540959,0
1460,-14.112742,-19.461157,-0.8676718124782865,2,1.4267587493912175,1,0.4698214391996017,-0.8916882501868245,4,0.0,1.7083770846884143,1.1697805251007627,1,-0.9787745141326066,-1.0261667362455194,-0.0577875452794142,2,-0.6608531809232983,1,-0.5265075001219541,1.3162918702567463,0.523315742874663,0,1,-0.6039107501479274,-0.4262300150429028,-1.584178240646517,0.0,0.241988311858558,-0.1645114009902331,-0.6201892226844657,0.3380961637724818,-0.4911735278257753,-0.339393739508197,-0.6791456840737199,-0.3148734873096303,0
1461,-8.033024,-11.219445,-0.8676718124782865,2,-0.8292242803516349,1,2.320734916839626,1.0617867539482455,3,0.0,1.710038712386479,1.1697805251007627,0,0.349801425194451,-1.0261667362455194,-0.9614863916702532,6,-1.5679065665042955,2,-0.5775023765379643,-0.8185249407792082,-0.6780493930322936,0,0,-0.3305890744344257,-0.4262300150429028,-0.6589728319256667,0.0,-0.9320143892374164,-0.8073390444129942,0.1557070814399298,-2.4938204216722384,-0.3278933184400019,-0.063295899399149,-0.6791456840737199,-0.0345197463373974,0
1462,7.7779083,-36.470566,1.4318670655440953,2,-0.9730122097198606,2,2.320734916839626,0.0850492518807105,2,0.0,1.711700340084544,1.1697805251007627,1,-1.3232201280322142,-1.0261667362455194,0.8459113011114247,7,-1.5679065665042955,0,0.9245092125652672,0.3194350143859086,0.523315742874663,0,1,-0.6039107501479274,-0.4262300150429028,-0.6589728319256667,0.0,0.241988311858558,1.121143885855289,0.1557070814399298,0.3380961637724818,-0.6544537372115486,-0.6154915796172451,-0.0582848907973714,-1.1559347102263289,1
1463,40.48583,1.6801428,0.2273467008657048,2,-0.1995323138080255,2,1.827157989468953,-1.86842575225436,2,0.0,1.713361967782609,-0.6605306743650393,0,-0.2898832863333916,-1.0261667362455194,1.7496101475022634,7,1.153253590238697,1,1.17459658565545,-0.7708815636270562,-1.0785044383346123,0,0,-1.1505541015749308,-0.4262300150429028,-1.584178240646517,0.0,0.241988311858558,1.2497094145398413,-0.6201892226844657,-1.0778621289498782,2.1213098223465976,1.3171933011460917,2.114727885669848,0.5261877356070683,0
1464,7.874188,-6.662905,-0.6486681098094882,0,-1.183735899311226,1,-0.5173324155417446,0.0850492518807105,3,0.0,1.7150235954806738,-0.6605306743650393,1,0.3990079414658235,0.3796721288811475,-0.0577875452794142,4,-1.5679065665042955,2,0.7294538102740284,-1.4793484197450448,-1.0785044383346123,0,0,1.036019304133083,-0.4262300150429028,-0.6589728319256667,0.0,-0.9320143892374164,-0.1645114009902331,-0.6201892226844657,0.3380961637724818,0.3252275191030913,-0.063295899399149,-0.3687152874355457,0.8065414765793012,0
1465,-20.930737,4.9491825,-1.196177366481484,2,0.903668178758534,2,-0.5173324155417446,0.0850492518807105,4,0.0,1.7200084785748686,1.1697805251007627,0,-1.7660787744745667,-1.0261667362455194,-0.9614863916702532,8,0.2462002046576992,2,-0.7515223923075989,0.9929071775514317,-1.0785044383346123,0,0,0.7626976284195812,-0.4262300150429028,1.1914379855160335,0.0,-0.9320143892374164,-0.8073390444129942,-0.6201892226844657,0.3380961637724818,-0.4911735278257753,-0.6154915796172451,-0.6791456840737199,-1.1559347102263289,0
1466,-8.167737,11.387881,-0.1011588531374925,1,0.2020822475308119,1,1.7037637576262843,-0.8916882501868245,3,0.0,1.7216701062729334,0.2546249253678617,1,-1.2248070954894692,1.7855109940078144,-0.0577875452794142,2,1.153253590238697,1,-0.8354514597422822,-0.2843288447457873,0.523315742874663,0,0,0.4893759527060795,-0.4262300150429028,0.2662325767951835,0.0,0.241988311858558,0.7354472998016324,0.1557070814399298,0.3380961637724818,-0.3278933184400019,-0.6154915796172451,-0.6791456840737199,-0.3148734873096303,0
1467,20.4116,4.021654,0.2273467008657048,2,-0.4697544569310705,1,-0.3939381836990763,-1.86842575225436,3,0.0,1.7233317339709984,1.1697805251007627,1,-1.1756005792180968,-1.0261667362455194,0.8459113011114247,0,-1.5679065665042955,1,0.7411401361193641,1.0040099114600451,0.523315742874663,0,0,-0.0572673987209239,-0.4262300150429028,-1.584178240646517,0.0,0.241988311858558,-0.2930769296747854,1.707499689688721,0.3380961637724818,-0.0013328996684553,0.7649976209279952,-0.3687152874355457,0.8065414765793012,0
1468,-15.167722,32.89831,-1.0866755151470848,2,-1.6051832784939566,1,-0.6407266473844129,0.0850492518807105,1,0.0,1.726654989367128,-0.6605306743650393,1,1.038692652993666,1.7855109940078144,-0.0577875452794142,4,-0.6608531809232983,1,-0.0766901944023982,-1.2844181421343226,-0.6780493930322936,0,1,1.3093409798465847,2.346151056253851,-0.6589728319256667,0.0,0.241988311858558,-0.678773515728442,-2.171981830933257,0.3380961637724818,-0.1646131090542286,-0.6154915796172451,-0.6791456840737199,-0.3148734873096303,0
1469,18.277872,-21.108873,1.3223652142096962,1,0.5466774575684564,2,-0.8875151110697495,0.0850492518807105,3,0.0,1.7283166170651931,1.1697805251007627,1,-0.142263737519274,-1.0261667362455194,-0.0577875452794142,7,-0.6608531809232983,1,-0.2364741405058966,-0.1503933331646639,-0.2775943477299747,0,0,-0.3305890744344257,-0.4262300150429028,1.1914379855160335,0.0,-0.9320143892374164,0.7354472998016324,0.1557070814399298,-1.0778621289498782,0.3252275191030913,0.4888997808189471,-0.6791456840737199,1.086895217551534,0
1470,-19.793343,-10.31519,-0.3201625558062908,2,-0.4325679234737707,1,-0.1471497200137397,0.0850492518807105,3,0.0,1.7333015001593877,-0.6605306743650393,1,0.7926600716368035,1.7855109940078144,-0.0577875452794142,2,0.2462002046576992,1,-0.4459780911150048,-0.5741242538541572,-0.2775943477299747,0,0,-0.8772324258614291,-0.4262300150429028,-1.584178240646517,0.0,-0.9320143892374164,-0.678773515728442,0.1557070814399298,1.754054456494842,-0.4911735278257753,-0.339393739508197,-0.3687152874355457,-0.5952272282818631,0
