Age,BusinessTravel,DailyRate,DistanceFromHome,Education,EducationField,EmployeeCount,EmployeeNumber,EnvironmentSatisfaction,Gender,HourlyRate,JobInvolvement,JobLevel,JobRole,JobSatisfaction,MaritalStatus,MonthlyIncome,MonthlyRate,NumCompaniesWorked,Over18,OverTime,PercentSalaryHike,PerformanceRating,RelationshipSatisfaction,StandardHours,StockOptionLevel,TotalWorkingYears,TrainingTimesLastYear,WorkLifeBalance,YearsAtCompany,YearsInCurrentRole,YearsSinceLastPromotion,YearsWithCurrManager,Attrition,Actual_Class,Predicted_Class,Correct,Probability_0,Probability_1,Probability_2
0.1178448495313057,2,-0.2491143584177585,-1.010909342912418,1.0617867539482455,1,0.0,-1.3207702088838962,-1.5756862740979405,0,-0.3390898026047641,-1.0261667362455194,-0.0577875452794142,7,1.153253590238697,2,0.4638554956073091,-0.194382645992462,0.523315742874663,0,0,1.855984331273588,2.346151056253851,0.2662325767951835,0.0,-0.9320143892374164,0.0926196563788712,-0.6201892226844657,1.754054456494842,0.161947309717318,-0.339393739508197,-0.6791456840737199,0.8065414765793012,0,2,2,True,0.0012985234266750917,0.14265961395513305,0.8560418626181918
0.8843578088720997,2,-1.5084982915049772,-0.0237554881710714,0.0850492518807105,1,0.0,-1.3606492736374536,-0.6605306743650393,1,-0.2898832863333916,0.3796721288811475,-0.0577875452794142,2,-0.6608531809232983,0,-0.8828341990788249,-0.4795402042276135,2.1251359240839385,0,0,0.7626976284195812,-0.4262300150429028,0.2662325767951835,0.0,0.241988311858558,1.121143885855289,-0.6201892226844657,-2.4938204216722384,1.6314691941892778,1.3171933011460917,-0.6791456840737199,3.049371404357164,0,1,1,True,0.042686390454651765,0.9572993330612164,1.4276484131755344e-05
-0.6486681098094882,2,1.0648098237401664,-0.270543951856408,1.0617867539482455,3,0.0,-0.9352725829328395,0.2546249253678617,0,-1.3232201280322142,0.3796721288811475,0.8459113011114247,4,1.153253590238697,2,0.1360009359827106,1.6021521331696582,-0.6780493930322936,0,1,-0.3305890744344257,-0.4262300150429028,0.2662325767951835,0.0,-0.9320143892374164,-0.0359458723056809,-0.6201892226844657,-1.0778621289498782,0.651787937874638,1.3171933011460917,0.5625759024789769,1.6476026994959998,0,1,1,True,0.0015396805041604854,0.9846462948580483,0.013814024637791123
-1.0866755151470848,2,1.4242796471607309,0.2230329755142651,-1.86842575225436,1,0.0,0.679829539586242,-0.6605306743650393,1,1.235518718079156,0.3796721288811475,-0.9614863916702532,2,-1.5679065665042955,1,-0.9357413833604354,-0.9323630985763854,-1.0785044383346123,0,0,-0.3305890744344257,-0.4262300150429028,-0.6589728319256667,0.0,-0.9320143892374164,-0.678773515728442,0.1557070814399298,1.754054456494842,-0.3278933184400019,-1.1676872598353414,-0.3687152874355457,-0.0345197463373974,0,1,1,True,0.2447051356744895,0.7552849761683094,9.888157201084406e-06
-0.3201625558062908,1,-1.409334202285511,-0.0237554881710714,1.0617867539482455,1,0.0,1.2996166709644492,1.1697805251007627,1,1.333931750621901,0.3796721288811475,-0.0577875452794142,2,-1.5679065665042955,1,-0.2458232011821651,-1.1390988147734815,0.523315742874663,0,0,0.4893759527060795,-0.4262300150429028,0.2662325767951835,0.0,0.241988311858558,-0.0359458723056809,0.1557070814399298,-1.0778621289498782,-0.0013328996684553,-0.8915894197262932,-0.6791456840737199,0.8065414765793012,1,1,1,True,0.2156528058699654,0.784283511117929,6.368301210550449e-05
-0.8676718124782865,0,-0.1400338602763459,-0.8875151110697495,0.0850492518807105,1,0.0,-0.9236411890463851,1.1697805251007627,1,-0.2406767700620191,0.3796721288811475,-0.0577875452794142,7,0.2462002046576992,1,-0.3939208214403278,0.3675000143447168,-0.6780493930322936,0,0,-0.3305890744344257,-0.4262300150429028,-1.584178240646517,0.0,0.241988311858558,-0.9359045730975464,0.1557070814399298,-1.0778621289498782,-0.4911735278257753,-0.339393739508197,-0.6791456840737199,-0.5952272282818631,0,2,2,True,0.0002250180694705211,0.1589685814615581,0.8408064004689714
-0.42966440714069,1,0.6780698757842488,-0.7641208792270812,0.0850492518807105,1,0.0,-0.5364819353972639,-1.5756862740979405,1,0.2021818763803334,0.3796721288811475,-0.9614863916702532,6,-1.5679065665042955,2,-0.6703555473454494,-1.566905422593985,-0.6780493930322936,0,1,-1.1505541015749308,-0.4262300150429028,-1.584178240646517,0.0,-0.9320143892374164,-0.1645114009902331,0.1557070814399298,0.3380961637724818,0.4885077284888646,1.041095461037043,2.114727885669848,0.8065414765793012,1,1,1,True,0.0054597412114292575,0.8408725736539038,0.15366768513466691
0.1178448495313057,2,-1.57295494949763,-1.010909342912418,0.0850492518807105,1,0.0,-0.468355199776603,0.2546249253678617,0,0.743453555365431,0.3796721288811475,0.8459113011114247,4,0.2462002046576992,2,0.2885606079272743,0.1523318420144964,0.523315742874663,0,1,-0.3305890744344257,-0.4262300150429028,1.1914379855160335,0.0,-0.9320143892374164,-0.1645114009902331,0.9316033855643254,1.754054456494842,-0.9810141559830952,-1.1676872598353414,-0.6791456840737199,-1.1559347102263289,0,1,1,True,0.02817160938416883,0.9430213797482565,0.028807010867574676
0.8843578088720997,2,1.3052827400973714,-0.8875151110697495,-0.8916882501868245,4,0.0,1.0138167068972863,1.1697805251007627,0,-0.3390898026047641,-1.0261667362455194,-0.0577875452794142,4,1.153253590238697,0,-0.1557322528472139,-1.2543423819261796,-0.6780493930322936,0,0,1.036019304133083,-0.4262300150429028,-1.584178240646517,0.0,1.4159910129545328,-0.1645114009902331,0.1557070814399298,0.3380961637724818,0.4885077284888646,0.7649976209279952,0.2521455058408027,1.3672489585237668,0,1,1,True,0.0031616046879081416,0.9914202711553932,0.005418124156698775
-0.42966440714069,0,1.2656171044095852,-1.010909342912418,-0.8916882501868245,3,0.0,1.6103410505025852,-0.6605306743650393,1,-0.3390898026047641,-1.0261667362455194,-0.9614863916702532,2,0.2462002046576992,0,-0.9550769406681726,0.8609392390680372,-0.6780493930322936,0,0,-0.8772324258614291,-0.4262300150429028,0.2662325767951835,0.0,2.5899937140505074,-1.3216011591512031,-0.6201892226844657,-1.0778621289498782,-0.9810141559830952,-0.8915894197262932,-0.6791456840737199,-1.1559347102263289,0,1,1,True,0.019766821615237438,0.9802139180643944,1.926032036818924e-05
-0.3201625558062908,2,0.868960747531721,-1.010909342912418,-0.8916882501868245,3,0.0,-1.520165532651684,-1.5756862740979405,1,1.3831382668932737,0.3796721288811475,-0.0577875452794142,4,-0.6608531809232983,1,-0.4627639046019415,0.4810570902707899,-0.6780493930322936,0,0,-0.0572673987209239,-0.4262300150429028,0.2662325767951835,0.0,-0.9320143892374164,-0.8073390444129942,-0.6201892226844657,0.3380961637724818,-0.3278933184400019,-0.6154915796172451,-0.3687152874355457,-0.3148734873096303,0,1,1,True,0.009711550961248833,0.9842038066220082,0.006084642416743123
0.6653541062033014,2,1.2110768553388789,0.7166099028849382,-0.8916882501868245,1,0.0,1.0653271655372984,0.2546249253678617,1,-0.043850704976529,-1.0261667362455194,1.7496101475022634,5,0.2462002046576992,1,2.3585276331138187,-1.5161701448596874,-0.6780493930322936,0,0,2.4026276827005915,2.346151056253851,-1.584178240646517,0.0,0.241988311858558,0.3497507137479757,0.1557070814399298,0.3380961637724818,1.141628566031958,1.5932911412551394,1.1834366957553253,1.9279564404682328,0,1,2,False,0.006540047287633778,0.2514208696381812,0.7420390830741851
1.4318670655440953,1,1.5333601453021437,-0.8875151110697495,0.0850492518807105,3,0.0,0.3159330737100291,1.1697805251007627,0,-1.7660787744745667,0.3796721288811475,1.7496101475022634,3,-1.5679065665042955,1,2.4122847320023624,-0.6778434642915854,-0.2775943477299747,0,0,1.855984331273588,2.346151056253851,0.2662325767951835,0.0,0.241988311858558,2.6639302300699157,0.1557070814399298,0.3380961637724818,-0.8177339465973219,-0.6154915796172451,-0.0582848907973714,-0.5952272282818631,0,1,1,True,0.024679490372195505,0.9674207654218082,0.007899744205996326
-0.3201625558062908,2,1.3151991490193182,0.0996387436715968,1.0617867539482455,1,0.0,0.0500726420196453,0.2546249253678617,0,1.038692652993666,0.3796721288811475,-0.9614863916702532,8,0.2462002046576992,1,-0.910031466500697,0.5757816808328856,-0.6780493930322936,0,1,1.036019304133083,-0.4262300150429028,1.1914379855160335,0.0,0.241988311858558,-1.3216011591512031,-0.6201892226844657,0.3380961637724818,-0.9810141559830952,-0.8915894197262932,-0.6791456840737199,-1.1559347102263289,0,2,2,True,0.00010541907156554674,0.06394664505733465,0.9359479358710998
0.2273467008657048,1,-0.2268024383433787,-0.6407266473844129,0.0850492518807105,3,0.0,1.0104934515011568,-1.5756862740979405,0,0.743453555365431,0.3796721288811475,-0.0577875452794142,4,0.2462002046576992,2,-0.3104167113091113,-1.5702784050472345,-1.0785044383346123,0,0,-0.6039107501479274,-0.4262300150429028,1.1914379855160335,0.0,-0.9320143892374164,-0.1645114009902331,-0.6201892226844657,-2.4938204216722384,0.3252275191030913,-0.6154915796172451,0.2521455058408027,1.086895217551534,0,1,1,True,0.011875715249503531,0.9794486585312181,0.008675626219278315
-0.9771736638126856,2,0.6954235913976554,2.4441291486822943,-1.86842575225436,1,0.0,0.8127597554314339,0.2546249253678617,1,1.4815512994360187,-2.432005601372186,-0.0577875452794142,4,-0.6608531809232983,1,0.0097886168530856,-1.5656405541740162,-0.6780493930322936,0,0,-0.3305890744344257,-0.4262300150429028,-0.6589728319256667,0.0,1.4159910129545328,-0.4216424583593375,-0.6201892226844657,-1.0778621289498782,0.161947309717318,0.4888997808189471,-0.3687152874355457,0.8065414765793012,0,1,1,True,0.018676123723892896,0.9739768496327312,0.007347026643375994
-0.8676718124782865,1,0.4772625951148301,-0.8875151110697495,-1.86842575225436,1,0.0,0.9390434604843662,-1.5756862740979405,1,1.038692652993666,0.3796721288811475,-0.0577875452794142,0,1.153253590238697,0,0.4993394304467828,1.4292867824406112,-0.6780493930322936,0,0,1.036019304133083,-0.4262300150429028,1.1914379855160335,0.0,0.241988311858558,-0.678773515728442,-2.171981830933257,1.754054456494842,-0.1646131090542286,-0.063295899399149,-0.3687152874355457,-0.3148734873096303,0,1,0,False,0.6384698605776626,0.36152964228376955,4.971385677559104e-07
0.5558522548689022,1,-1.275462681839232,-0.8875151110697495,0.0850492518807105,1,0.0,0.8675934694675755,1.1697805251007627,1,-1.2740136117608418,0.3796721288811475,0.8459113011114247,0,1.153253590238697,1,0.7693997967999031,0.6040304088788518,-0.2775943477299747,0,1,-0.3305890744344257,-0.4262300150429028,0.2662325767951835,0.0,0.241988311858558,1.6354060005934978,0.1557070814399298,-2.4938204216722384,2.1213098223465976,1.041095461037043,3.3564494722225446,1.3672489585237668,0,1,1,True,0.16479051098348252,0.8352061478033161,3.341213201209858e-06
-0.3201625558062908,2,-0.4325679234737707,-0.1471497200137397,0.0850492518807105,3,0.0,1.7333015001593877,-0.6605306743650393,1,0.7926600716368035,1.7855109940078144,-0.0577875452794142,2,0.2462002046576992,1,-0.4459780911150048,-0.5741242538541572,-0.2775943477299747,0,0,-0.8772324258614291,-0.4262300150429028,-1.584178240646517,0.0,-0.9320143892374164,-0.678773515728442,0.1557070814399298,1.754054456494842,-0.4911735278257753,-0.339393739508197,-0.3687152874355457,-0.5952272282818631,0,1,1,True,0.10592449827604779,0.8940175916958228,5.791002812931366e-05
-0.42966440714069,1,0.7648384538512817,-0.5173324155417446,-1.86842575225436,1,0.0,0.615026059361711,-0.6605306743650393,1,-0.2406767700620191,0.3796721288811475,-0.0577875452794142,7,1.153253590238697,1,0.7426274866814978,0.699879326925364,1.324225833479301,0,0,-0.6039107501479274,-0.4262300150429028,-1.584178240646517,0.0,-0.9320143892374164,-0.4216424583593375,-0.6201892226844657,1.754054456494842,-0.3278933184400019,-0.063295899399149,-0.3687152874355457,-0.5952272282818631,0,2,2,True,0.003385992456601606,0.15540948862229545,0.841204518921103
0.3368485522001039,0,-1.4489998379732976,-0.1471497200137397,-1.86842575225436,3,0.0,0.7363248813204485,1.1697805251007627,1,-0.5359158676902541,-1.0261667362455194,0.8459113011114247,5,-0.6608531809232983,0,1.5413347385472562,1.5269627326493005,-0.2775943477299747,0,0,-1.1505541015749308,-0.4262300150429028,0.2662325767951835,0.0,0.241988311858558,0.6068817711170802,1.707499689688721,0.3380961637724818,0.3252275191030913,1.041095461037043,0.5625759024789769,1.086895217551534,0,1,1,True,0.005153676148942267,0.8334801506952068,0.161366173155851
-0.42966440714069,2,0.6755907735537622,-0.7641208792270812,-0.8916882501868245,0,0.0,-0.1908633741997649,1.1697805251007627,1,-0.4375028351475091,0.3796721288811475,-0.9614863916702532,1,-0.6608531809232983,0,-0.8979201833518946,1.1716752475736656,0.1228606975723441,0,1,-1.1505541015749308,-0.4262300150429028,0.2662325767951835,0.0,0.241988311858558,-0.5502079870438897,0.9316033855643254,1.754054456494842,-0.4911735278257753,-0.339393739508197,-0.6791456840737199,-0.3148734873096303,0,0,1,False,0.2790475711554518,0.7209518943817527,5.344627956958586e-07
-0.8676718124782865,2,1.4267587493912175,0.4698214391996017,-0.8916882501868245,4,0.0,1.7083770846884143,1.1697805251007627,1,-0.9787745141326066,-1.0261667362455194,-0.0577875452794142,2,-0.6608531809232983,1,-0.5265075001219541,1.3162918702567463,0.523315742874663,0,1,-0.6039107501479274,-0.4262300150429028,-1.584178240646517,0.0,0.241988311858558,-0.1645114009902331,-0.6201892226844657,0.3380961637724818,-0.4911735278257753,-0.339393739508197,-0.6791456840737199,-0.3148734873096303,0,1,1,True,0.0181435156189996,0.9818372676401579,1.9216740842397537e-05
-1.0866755151470848,1,-0.0235160554434733,-0.8875151110697495,-1.86842575225436,1,0.0,0.5751469946081533,1.1697805251007627,1,-1.1263940629467242,-2.432005601372186,-0.0577875452794142,7,1.153253590238697,2,-0.3042548304088434,0.8543338150970898,0.1228606975723441,0,0,1.3093409798465847,2.346151056253851,-0.6589728319256667,0.0,-0.9320143892374164,-0.4216424583593375,0.1557070814399298,0.3380961637724818,-0.1646131090542286,-0.6154915796172451,-0.6791456840737199,-1.1559347102263289,0,2,2,True,0.0006462987367762799,0.11535402479433156,0.8839996764688922
-0.5391662584750891,2,-0.0036832375995801,-1.010909342912418,1.0617867539482455,2,0.0,1.646896859860013,0.2546249253678617,0,-0.8803614815898617,0.3796721288811475,0.8459113011114247,7,1.153253590238697,1,0.8327184350164489,1.3659028205066273,-0.6780493930322936,0,0,1.036019304133083,-0.4262300150429028,0.2662325767951835,0.0,1.4159910129545328,0.3497507137479757,0.1557070814399298,0.3380961637724818,1.141628566031958,1.5932911412551394,0.8730062991171511,0.8065414765793012,0,2,2,True,3.125353423793309e-05,0.020484216343932746,0.9794845301218293
0.2273467008657048,2,-0.8341824848126081,-1.010909342912418,-1.86842575225436,1,0.0,0.0018854387757633,1.1697805251007627,0,-0.043850704976529,-1.0261667362455194,1.7496101475022634,4,1.153253590238697,1,1.3256689070378802,-1.0193579376831172,-0.6780493930322936,0,0,0.2160542769925777,-0.4262300150429028,0.2662325767951835,0.0,0.241988311858558,1.2497094145398413,0.1557070814399298,0.3380961637724818,2.284590031732371,0.4888997808189471,2.7355886789461965,1.086895217551534,0,1,1,True,0.02654830545014472,0.6596406233332455,0.31381107121661
0.0083429981969065,2,0.9656457345207003,-0.5173324155417446,-0.8916882501868245,3,0.0,-0.9385958383289692,1.1697805251007627,1,-0.2406767700620191,0.3796721288811475,-0.0577875452794142,4,1.153253590238697,0,-0.0331320707970562,1.2457403206096067,1.7246808787816197,0,0,0.2160542769925777,-0.4262300150429028,0.2662325767951835,0.0,1.4159910129545328,-0.4216424583593375,-0.6201892226844657,-1.0778621289498782,-0.1646131090542286,-0.6154915796172451,-0.6791456840737199,-0.0345197463373974,0,1,1,True,0.007451336478861894,0.9890776056747618,0.0034710578463762365
-1.4151810691502822,1,-0.6631244309090293,1.827157989468953,0.0850492518807105,3,0.0,-0.6527958742618067,1.1697805251007627,1,-1.3724266443035866,0.3796721288811475,-0.9614863916702532,8,1.153253590238697,1,-0.8717853091886894,-1.2343855690777854,-1.0785044383346123,0,0,-0.6039107501479274,-0.4262300150429028,0.2662325767951835,0.0,1.4159910129545328,-1.0644701017820986,0.1557070814399298,0.3380961637724818,-0.8177339465973219,-0.6154915796172451,-0.0582848907973714,-0.8755809692540959,0,2,2,True,5.817769084785115e-05,0.12387014672031196,0.8760716755888401
-0.7581699611438873,2,-1.1713403881587927,-1.010909342912418,0.0850492518807105,1,0.0,0.7878353399604604,0.2546249253678617,1,-0.9787745141326066,0.3796721288811475,-0.9614863916702532,1,0.2462002046576992,0,-0.9431781361711036,0.1566886110166106,-1.0785044383346123,0,0,1.5826626555600865,2.346151056253851,-1.584178240646517,0.0,0.241988311858558,-0.678773515728442,0.1557070814399298,1.754054456494842,-0.3278933184400019,-0.339393739508197,-0.3687152874355457,-0.3148734873096303,0,0,1,False,0.30726916971153856,0.6927297908310446,1.0394574169859189e-06
-0.6486681098094882,2,-1.218443330538039,1.3335810620982798,0.0850492518807105,1,0.0,1.4225771206212516,-0.6605306743650393,1,1.137105685536411,0.3796721288811475,-0.0577875452794142,2,0.2462002046576992,0,-0.4899611720238135,0.6058574410410288,-0.6780493930322936,0,0,-1.1505541015749308,-0.4262300150429028,-1.584178240646517,0.0,0.241988311858558,-0.1645114009902331,-0.6201892226844657,0.3380961637724818,0.4885077284888646,1.041095461037043,-0.6791456840737199,-0.5952272282818631,0,1,1,True,0.1448813244462094,0.8550263075550826,9.236799870798413e-05
-0.5391662584750891,2,0.5714684798733228,-0.0237554881710714,0.0850492518807105,3,0.0,-1.387235316806492,-1.5756862740979405,0,-1.2248070954894692,0.3796721288811475,-0.9614863916702532,2,-1.5679065665042955,2,-0.4893237360686134,-0.5746864175963655,1.7246808787816197,0,0,1.855984331273588,2.346151056253851,-1.584178240646517,0.0,-0.9320143892374164,-0.1645114009902331,-0.6201892226844657,1.754054456494842,-0.3278933184400019,-0.063295899399149,-0.6791456840737199,-0.0345197463373974,1,1,1,True,0.07237021636053867,0.9276117933001753,1.799033928603513e-05
1.979376322216091,2,1.5829421899118763,1.5803695257836163,0.0850492518807105,5,0.0,1.1118527410831156,-1.5756862740979405,1,1.3831382668932737,-1.0261667362455194,-0.9614863916702532,6,-0.6608531809232983,0,-0.6301970821678414,1.3244432445187664,0.9237707881769818,0,0,-0.8772324258614291,-0.4262300150429028,1.1914379855160335,0.0,0.241988311858558,-0.4216424583593375,-1.3960855268088614,0.3380961637724818,-0.4911735278257753,-0.6154915796172451,-0.3687152874355457,-0.5952272282818631,0,1,1,True,0.0030557634794546916,0.9088423681156568,0.08810186840488855
-1.0866755151470848,2,0.3756194036648774,-0.0237554881710714,0.0850492518807105,2,0.0,1.562153847258703,1.1697805251007627,1,-1.0771875466753518,0.3796721288811475,-0.0577875452794142,7,1.153253590238697,2,-0.5095092079832841,-1.294958712300728,-0.6780493930322936,0,0,-0.3305890744344257,-0.4262300150429028,-1.584178240646517,0.0,-0.9320143892374164,-0.5502079870438897,1.707499689688721,0.3380961637724818,-0.0013328996684553,0.7649976209279952,-0.6791456840737199,0.8065414765793012,0,2,2,True,0.0005211132316581595,0.2895634630870221,0.7099154236813198
-0.42966440714069,0,-0.068139895592233,-0.6407266473844129,0.0850492518807105,5,0.0,1.2397980738341128,1.1697805251007627,1,1.1863122018077836,0.3796721288811475,-0.0577875452794142,6,-0.6608531809232983,0,-0.7326117923033284,-1.1410663878712106,0.9237707881769818,0,0,-0.0572673987209239,-0.4262300150429028,1.1914379855160335,0.0,1.4159910129545328,-0.0359458723056809,-0.6201892226844657,-1.0778621289498782,0.3252275191030913,1.041095461037043,-0.3687152874355457,0.8065414765793012,0,1,1,True,0.0004232067688421875,0.7644760035409901,0.23510078969016762
1.7603726195472926,2,0.663195262401329,-0.7641208792270812,1.0617867539482455,3,0.0,-1.0615562879857718,0.2546249253678617,1,-1.0279810304039791,0.3796721288811475,1.7496101475022634,5,0.2462002046576992,1,2.3544905387308845,0.942031358881582,0.1228606975723441,0,1,0.2160542769925777,-0.4262300150429028,1.1914379855160335,0.0,2.5899937140505074,1.2497094145398413,1.707499689688721,-1.0778621289498782,-0.3278933184400019,-0.339393739508197,-0.3687152874355457,-0.3148734873096303,0,1,1,True,0.0007298342975873251,0.544681033125551,0.4545891325768616
1.103361511540898,2,-1.09944642347468,-0.8875151110697495,1.0617867539482455,3,0.0,0.6947841888688261,-1.5756862740979405,0,0.7926600716368035,0.3796721288811475,1.7496101475022634,5,0.2462002046576992,1,2.2663118982615336,1.7412876593662083,0.1228606975723441,0,0,1.036019304133083,-0.4262300150429028,-0.6589728319256667,0.0,1.4159910129545328,1.8925370579626024,-0.6201892226844657,1.754054456494842,2.1213098223465976,3.5259760220184755,0.8730062991171511,0.5261877356070683,0,1,2,False,0.0007043260345414239,0.14407164121845178,0.8552240327470068
-0.5391662584750891,2,1.131745583963306,-0.8875151110697495,1.0617867539482455,1,0.0,1.1085294856869858,1.1697805251007627,1,1.432344783164646,0.3796721288811475,-0.9614863916702532,2,-0.6608531809232983,2,-1.0857513114841986,1.4811463876593254,-0.6780493930322936,0,0,-0.8772324258614291,-0.4262300150429028,-1.584178240646517,0.0,-0.9320143892374164,-1.3216011591512031,-0.6201892226844657,0.3380961637724818,-0.9810141559830952,-1.1676872598353414,-0.6791456840737199,-1.1559347102263289,1,1,1,True,0.19439317150986532,0.8055776757801754,2.915270995945391e-05
-0.7581699611438873,1,-0.2020114160385122,-1.010909342912418,-0.8916882501868245,3,0.0,-1.6082318006491236,0.2546249253678617,0,-0.3882963188761366,0.3796721288811475,-0.0577875452794142,2,1.153253590238697,2,-0.5294822012462215,-0.496405116493862,-0.6780493930322936,0,0,2.1293060069870897,2.346151056253851,1.1914379855160335,0.0,-0.9320143892374164,0.0926196563788712,-0.6201892226844657,0.3380961637724818,0.8150681472604113,1.041095461037043,0.2521455058408027,0.8065414765793012,0,1,1,True,0.013071054583470935,0.9868166595469856,0.00011228586954342002
0.7748559575377005,1,-0.4970245814664236,-1.010909342912418,2.038524256015781,0,0.0,1.0254481007837408,-1.5756862740979405,1,-1.4216331605749593,0.3796721288811475,-0.0577875452794142,1,1.153253590238697,1,-0.161469176444015,-0.5354754965773377,0.523315742874663,0,1,-1.1505541015749308,-0.4262300150429028,0.2662325767951835,0.0,-0.9320143892374164,0.3497507137479757,0.1557070814399298,0.3380961637724818,0.4885077284888646,0.7649976209279952,-0.6791456840737199,-0.5952272282818631,0,0,1,False,0.43738940993940634,0.562607364017183,3.22604341053354e-06
-0.2106607044718917,2,1.486257202922897,2.320734916839626,1.0617867539482455,1,0.0,0.8792248633540298,-0.6605306743650393,0,1.5799643319787635,-1.0261667362455194,-0.9614863916702532,8,0.2462002046576992,1,-0.8654109496366881,1.671157732525725,-1.0785044383346123,0,0,2.1293060069870897,2.346151056253851,-1.584178240646517,0.0,1.4159910129545328,-0.678773515728442,1.707499689688721,0.3380961637724818,-0.3278933184400019,-0.339393739508197,0.5625759024789769,-0.5952272282818631,0,2,2,True,7.95200457862597e-06,0.0307323949667592,0.9692596530286621
-1.4151810691502822,2,-0.0780563045141796,-1.010909342912418,-0.8916882501868245,1,0.0,1.5887398904277417,-0.6605306743650393,1,-1.0279810304039791,-1.0261667362455194,-0.0577875452794142,0,0.2462002046576992,2,-0.4007201382957959,-0.0271389326854978,-0.6780493930322936,0,0,-0.8772324258614291,-0.4262300150429028,-0.6589728319256667,0.0,-0.9320143892374164,-0.9359045730975464,-0.6201892226844657,-1.0778621289498782,-0.4911735278257753,-0.339393739508197,-0.3687152874355457,-0.5952272282818631,0,1,1,True,0.40615252475378805,0.5938469815372075,4.93709004391908e-07
2.198380024884889,2,-1.161423979236846,1.827157989468953,-0.8916882501868245,1,0.0,-1.3324016027703505,0.2546249253678617,1,0.841866587908176,1.7855109940078144,0.8459113011114247,0,1.153253590238697,0,0.6238519203625409,1.2773620311088227,0.1228606975723441,0,1,0.2160542769925777,-0.4262300150429028,-0.6589728319256667,0.0,0.241988311858558,0.0926196563788712,-0.6201892226844657,-2.4938204216722384,-0.3278933184400019,-0.339393739508197,-0.3687152874355457,-0.0345197463373974,0,1,1,True,0.12661327752738558,0.8733840275716739,2.694900940602001e-06
0.9938596602064989,2,0.5119700263416432,-0.8875151110697495,0.0850492518807105,1,0.0,-0.747508653051506,-1.5756862740979405,1,-0.7327419327757442,0.3796721288811475,1.7496101475022634,5,0.2462002046576992,1,2.413347125261029,-1.6900192821375988,1.324225833479301,0,0,-0.6039107501479274,-0.4262300150429028,0.2662325767951835,0.0,-0.9320143892374164,1.8925370579626024,-0.6201892226844657,-2.4938204216722384,-0.6544537372115486,-0.6154915796172451,-0.6791456840737199,-0.8755809692540959,0,1,1,True,0.03048135461569223,0.6300188600039778,0.33949978538033004
-0.9771736638126856,2,-0.6779990442919491,-0.8875151110697495,1.0617867539482455,1,0.0,-1.0981120973431997,-1.5756862740979405,1,0.645040522822686,0.3796721288811475,-0.9614863916702532,2,0.2462002046576992,2,-0.641245972057977,0.0874019297894397,-0.2775943477299747,0,0,-1.1505541015749308,-0.4262300150429028,0.2662325767951835,0.0,-0.9320143892374164,-0.8073390444129942,1.707499689688721,-2.4938204216722384,-1.1442943653688686,-1.1676872598353414,-0.6791456840737199,-1.1559347102263289,1,1,1,True,0.060754647645924434,0.939225267026699,2.0085327376671882e-05
0.8843578088720997,2,-1.3647103621367511,-0.8875151110697495,0.0850492518807105,1,0.0,-0.3171470792526972,-0.6605306743650393,0,1.432344783164646,-1.0261667362455194,-0.9614863916702532,6,0.2462002046576992,2,-0.8985576193070947,-1.1468285662288455,-0.6780493930322936,0,0,-0.3305890744344257,-0.4262300150429028,1.1914379855160335,0.0,-0.9320143892374164,-1.3216011591512031,0.1557070814399298,0.3380961637724818,-0.9810141559830952,-1.1676872598353414,-0.6791456840737199,-1.1559347102263289,0,1,1,True,0.011950430606669194,0.7368055792848747,0.2512439901084561
1.6508707682128936,2,-1.3300029309099384,-0.8875151110697495,-1.86842575225436,2,0.0,0.021824971152542,-1.5756862740979405,0,-0.4375028351475091,-2.432005601372186,2.6533089938931025,3,1.153253590238697,1,2.8349047703000463,1.6208440775980837,-0.6780493930322936,0,0,-0.0572673987209239,-0.4262300150429028,1.1914379855160335,0.0,0.241988311858558,2.7924957587544674,0.1557070814399298,0.3380961637724818,4.080672334975878,2.6976825016913315,1.1834366957553253,1.3672489585237668,1,2,1,False,0.05395621231839278,0.5160379959675221,0.43000579171408515
-0.6486681098094882,2,-1.7266592877878024,-0.8875151110697495,0.0850492518807105,0,0.0,-0.9984144354593056,-1.5756862740979405,1,-0.1914702537906465,-1.0261667362455194,-0.0577875452794142,1,-1.5679065665042955,1,-0.0197459157378535,0.493143610728268,0.1228606975723441,0,0,-0.8772324258614291,-0.4262300150429028,1.1914379855160335,0.0,-0.9320143892374164,-0.2930769296747854,-1.3960855268088614,0.3380961637724818,-0.8177339465973219,-0.6154915796172451,-0.3687152874355457,-1.1559347102263289,0,0,0,True,0.5534278715259979,0.4465692573833167,2.8710906854555406e-06
-0.1011588531374925,2,0.9210218943719408,-0.7641208792270812,1.0617867539482455,2,0.0,0.6648748903036579,-1.5756862740979405,0,1.629170848250136,0.3796721288811475,-0.0577875452794142,7,-0.6608531809232983,2,0.5896428574334673,0.906474502186908,0.1228606975723441,0,1,0.2160542769925777,-0.4262300150429028,1.1914379855160335,0.0,-0.9320143892374164,0.4783162424325279,0.1557070814399298,0.3380961637724818,-0.3278933184400019,-0.063295899399149,-0.6791456840737199,-0.8755809692540959,0,2,2,True,0.0004454817943465184,0.12851737164550836,0.8710371465601451
0.1178448495313057,0,1.322636455710778,-0.8875151110697495,0.0850492518807105,0,0.0,1.2962934155683197,-1.5756862740979405,1,1.6783773645215088,0.3796721288811475,-0.9614863916702532,1,-0.6608531809232983,0,-0.8309894080558813,-1.0096606131300243,0.9237707881769818,0,0,-0.6039107501479274,-0.4262300150429028,1.1914379855160335,0.0,2.5899937140505074,0.2211851850634235,0.1557070814399298,0.3380961637724818,0.651787937874638,1.5932911412551394,0.2521455058408027,1.086895217551534,0,0,1,False,0.11255323547753833,0.8874448907009994,1.8738214623419545e-06
-0.42966440714069,2,-1.6250160963378495,-0.8875151110697495,0.0850492518807105,0,0.0,0.30264005212551,-0.6605306743650393,1,1.629170848250136,0.3796721288811475,-0.9614863916702532,1,0.2462002046576992,1,-0.6168109271086387,-0.8269573969123324,-0.6780493930322936,0,0,-0.6039107501479274,-0.4262300150429028,1.1914379855160335,0.0,0.241988311858558,-0.8073390444129942,-0.6201892226844657,0.3380961637724818,-0.3278933184400019,-0.063295899399149,-0.3687152874355457,-0.0345197463373974,0,0,1,False,0.4719780731822355,0.5280205488392642,1.377978500286422e-06
-0.2106607044718917,2,0.4698252884233702,-1.010909342912418,0.0850492518807105,3,0.0,0.8958411403346788,1.1697805251007627,1,0.1037688438375884,-1.0261667362455194,-0.9614863916702532,2,-1.5679065665042955,2,-0.8611613766020206,1.0425181278013125,-0.6780493930322936,0,0,1.036019304133083,-0.4262300150429028,-0.6589728319256667,0.0,-0.9320143892374164,-1.0644701017820986,0.1557070814399298,0.3380961637724818,-0.6544537372115486,-1.1676872598353414,-0.3687152874355457,-0.5952272282818631,0,1,1,True,0.06022088925526716,0.939765644035652,1.3466709080853109e-05
0.3368485522001039,1,-0.5193365015408035,-0.0237554881710714,1.0617867539482455,3,0.0,0.2345133165048491,-0.6605306743650393,0,1.0878991692650386,0.3796721288811475,0.8459113011114247,5,0.2462002046576992,2,1.4865152464000455,-0.0746417689020977,2.5255909693862573,0,0,0.4893759527060795,-0.4262300150429028,0.2662325767951835,0.0,-0.9320143892374164,1.121143885855289,0.1557070814399298,-1.0778621289498782,1.794749403575051,0.7649976209279952,-0.0582848907973714,2.488663922412698,0,1,1,True,0.007645036711503747,0.7844496495957287,0.2079053136927676
1.103361511540898,2,0.3780985058953641,-0.6407266473844129,-0.8916882501868245,1,0.0,-0.0363319982797293,1.1697805251007627,0,0.841866587908176,0.3796721288811475,-0.0577875452794142,7,1.153253590238697,2,-0.4971854461827483,-0.8070005840639384,-0.6780493930322936,0,1,0.4893759527060795,-0.4262300150429028,0.2662325767951835,0.0,-0.9320143892374164,-0.2930769296747854,-2.171981830933257,0.3380961637724818,0.3252275191030913,-1.1676872598353414,-0.6791456840737199,0.8065414765793012,0,2,2,True,0.0014085787133750222,0.13150427264575368,0.8670871486408712
1.2128633628752972,2,-0.7697258268199553,0.8400041347276065,1.0617867539482455,1,0.0,0.8842097464482245,0.2546249253678617,0,1.4815512994360187,0.3796721288811475,-0.0577875452794142,7,0.2462002046576992,0,-0.0135840348375856,-0.087149912166232,2.1251359240839385,0,0,-0.3305890744344257,-0.4262300150429028,0.2662325767951835,0.0,0.241988311858558,0.8640128284861845,-0.6201892226844657,0.3380961637724818,0.161947309717318,0.7649976209279952,1.4938670923934996,0.8065414765793012,0,2,2,True,0.0010552577331655445,0.20553892755910685,0.7934058147077276
-0.9771736638126856,1,-0.0483070777483398,-1.010909342912418,-0.8916882501868245,1,0.0,1.4990119947322371,0.2546249253678617,1,-1.1756005792180968,-1.0261667362455194,-0.0577875452794142,7,1.153253590238697,1,0.0703450325970976,0.6945387713743854,-0.6780493930322936,0,1,-0.8772324258614291,-0.4262300150429028,0.2662325767951835,0.0,0.241988311858558,-0.5502079870438897,-0.6201892226844657,0.3380961637724818,-0.0013328996684553,0.7649976209279952,-0.6791456840737199,0.8065414765793012,0,2,2,True,0.00156101398986693,0.2565972947409528,0.7418416912691803
-1.196177366481484,1,0.293809030058818,-1.010909342912418,-1.86842575225436,3,0.0,0.071673802094489,-1.5756862740979405,0,0.0053558112948434,-1.0261667362455194,-0.9614863916702532,6,0.2462002046576992,0,-0.955289419319906,1.5391897940423305,-0.6780493930322936,0,0,-0.6039107501479274,-0.4262300150429028,0.2662325767951835,0.0,1.4159910129545328,-0.8073390444129942,1.707499689688721,0.3380961637724818,-0.3278933184400019,-0.339393739508197,-0.3687152874355457,-0.3148734873096303,0,1,1,True,0.000637126082261385,0.8828915489847384,0.11647132493300026
0.3368485522001039,2,0.9706039389816736,-0.8875151110697495,1.0617867539482455,3,0.0,1.7050538292922846,0.2546249253678617,0,1.5799643319787635,0.3796721288811475,-0.9614863916702532,6,0.2462002046576992,1,-0.9565642912303062,-0.247928742437801,-0.2775943477299747,0,0,-0.3305890744344257,-0.4262300150429028,-0.6589728319256667,0.0,2.5899937140505074,1.121143885855289,-0.6201892226844657,0.3380961637724818,-0.3278933184400019,-0.339393739508197,-0.6791456840737199,-0.5952272282818631,0,1,1,True,0.001149129303551627,0.8968506563529985,0.10200021434344982
0.6653541062033014,1,-1.5308102115793571,0.0996387436715968,1.0617867539482455,1,0.0,-0.9884446692709165,0.2546249253678617,0,-1.6184592256604493,0.3796721288811475,-0.9614863916702532,2,1.153253590238697,2,-0.8600989833433538,-0.5113024556623815,-1.0785044383346123,0,0,1.036019304133083,-0.4262300150429028,-1.584178240646517,0.0,-0.9320143892374164,-0.2930769296747854,1.707499689688721,0.3380961637724818,0.161947309717318,0.7649976209279952,-0.3687152874355457,0.8065414765793012,0,1,1,True,0.025741457119473996,0.9742459282031022,1.2614677424000274e-05
-1.196177366481484,2,0.6532788534793824,-0.8875151110697495,-0.8916882501868245,3,0.0,-0.0114075828087558,1.1697805251007627,1,-1.6676657419318217,1.7855109940078144,-0.0577875452794142,4,1.153253590238697,1,-0.2190508910637598,-1.543013463550133,-0.6780493930322936,0,0,-0.8772324258614291,-0.4262300150429028,-0.6589728319256667,0.0,-0.9320143892374164,-0.4216424583593375,-0.6201892226844657,0.3380961637724818,0.161947309717318,0.7649976209279952,-0.3687152874355457,-0.3148734873096303,0,1,1,True,0.025697089649716467,0.9701801753761066,0.004122734974176866
-0.2106607044718917,2,0.8516070319183144,2.073946453154289,1.0617867539482455,1,0.0,1.6867759246135705,0.2546249253678617,0,-1.7168722582031943,0.3796721288811475,0.8459113011114247,1,1.153253590238697,2,0.4959397720190487,0.3273053067768245,-0.6780493930322936,0,1,0.2160542769925777,-0.4262300150429028,0.2662325767951835,0.0,-0.9320143892374164,-0.2930769296747854,-0.6201892226844657,0.3380961637724818,0.3252275191030913,-1.1676872598353414,-0.3687152874355457,0.8065414765793012,0,0,1,False,0.3038856348921217,0.6960964030703733,1.796203750496729e-05
0.3368485522001039,2,-1.2481925573038788,1.950552221311621,1.0617867539482455,2,0.0,0.4870807266107137,1.1697805251007627,1,-0.4375028351475091,-1.0261667362455194,0.8459113011114247,7,-0.6608531809232983,2,0.5505467855145263,0.4106460815592024,-0.2775943477299747,0,1,-0.8772324258614291,-0.4262300150429028,0.2662325767951835,0.0,-0.9320143892374164,-0.2930769296747854,-0.6201892226844657,0.3380961637724818,-0.3278933184400019,-0.063295899399149,-0.3687152874355457,-1.1559347102263289,1,2,2,True,0.0001866079610820304,0.02284227455684289,0.976971117482075
-0.42966440714069,2,-0.7474139067455754,0.7166099028849382,-0.8916882501868245,3,0.0,1.6352654659735588,-0.6605306743650393,0,1.432344783164646,0.3796721288811475,-0.0577875452794142,0,1.153253590238697,1,-0.3452632101933848,1.031555934828251,-1.0785044383346123,0,1,-0.6039107501479274,-0.4262300150429028,-1.584178240646517,0.0,0.241988311858558,-0.1645114009902331,2.4833959938131165,0.3380961637724818,0.3252275191030913,0.7649976209279952,1.8042974890316736,-0.8755809692540959,0,1,1,True,0.021335093426494072,0.9786628704481929,2.0361253132415358e-06
2.3078818762192883,2,0.6260087289440293,-1.010909342912418,0.0850492518807105,3,0.0,0.6615516349075281,1.1697805251007627,0,0.4974209740085685,0.3796721288811475,2.6533089938931025,5,-1.5679065665042955,1,2.8043078444504403,1.1444103060765638,0.1228606975723441,0,1,1.5826626555600865,2.346151056253851,0.2662325767951835,0.0,0.241988311858558,2.6639302300699157,0.1557070814399298,0.3380961637724818,0.3252275191030913,1.041095461037043,-0.3687152874355457,0.2458339946348354,0,1,2,False,0.0005793886990131497,0.12494872290934354,0.8744718883916434
1.6508707682128936,2,-0.4499216390871772,-0.7641208792270812,1.0617867539482455,2,0.0,-0.4135214857404614,0.2546249253678617,1,-1.7168722582031943,-1.0261667362455194,1.7496101475022634,3,-1.5679065665042955,1,2.199806080268987,-0.5943621485736553,-0.6780493930322936,0,0,-1.1505541015749308,-0.4262300150429028,-1.584178240646517,0.0,-0.9320143892374164,2.92106128743902,0.1557070814399298,1.754054456494842,4.407232753747424,0.4888997808189471,-0.3687152874355457,3.329725145329397,0,2,1,False,0.4484748732056855,0.5444888977397888,0.0070362290545257266
-1.196177366481484,2,1.5879003943728498,1.7037637576262843,0.0850492518807105,2,0.0,-1.58330738517815,0.2546249253678617,0,-0.929567997861234,-1.0261667362455194,-0.0577875452794142,7,1.153253590238697,1,-0.4984603180931486,1.0010585518134516,1.7246808787816197,0,1,1.036019304133083,-0.4262300150429028,0.2662325767951835,0.0,0.241988311858558,-0.8073390444129942,-0.6201892226844657,-1.0778621289498782,-0.8177339465973219,-0.6154915796172451,-0.6791456840737199,-1.1559347102263289,0,2,2,True,0.00013478731063636823,0.2940895761400612,0.7057756365493024
-0.7581699611438873,2,-1.488665473661084,-0.8875151110697495,-1.86842575225436,5,0.0,-0.8588377088218542,0.2546249253678617,1,0.3005949089230785,0.3796721288811475,-0.9614863916702532,8,-0.6608531809232983,1,-0.8556369316569529,0.4386137277340645,-0.6780493930322936,0,0,0.7626976284195812,-0.4262300150429028,-1.584178240646517,0.0,0.241988311858558,-1.3216011591512031,0.1557070814399298,0.3380961637724818,-0.9810141559830952,-1.1676872598353414,-0.6791456840737199,-1.1559347102263289,0,2,2,True,2.9803707173596404e-05,0.09452919221819465,0.9054410040746318
-1.196177366481484,2,-0.7945168491248218,-1.010909342912418,-0.8916882501868245,1,0.0,1.4425166529980304,-0.6605306743650393,0,1.1863122018077836,-1.0261667362455194,-0.9614863916702532,6,0.2462002046576992,1,-0.7585341878148002,0.0836073245295338,-0.6780493930322936,0,1,-0.6039107501479274,-0.4262300150429028,0.2662325767951835,0.0,0.241988311858558,-1.3216011591512031,0.1557070814399298,-1.0778621289498782,-0.9810141559830952,-1.1676872598353414,-0.3687152874355457,-1.1559347102263289,0,1,1,True,0.008088539103797655,0.8227817987788192,0.16912966211738314
1.7603726195472926,2,1.570546678759443,-0.3939381836990763,-0.8916882501868245,2,0.0,-1.3623109013355186,-0.6605306743650393,1,-1.569252709389077,0.3796721288811475,-0.0577875452794142,8,0.2462002046576992,1,-0.8917583024516267,0.2436834501233424,-0.2775943477299747,0,1,1.3093409798465847,2.346151056253851,1.1914379855160335,0.0,0.241988311858558,0.2211851850634235,0.1557070814399298,-2.4938204216722384,-0.0013328996684553,0.7649976209279952,0.5625759024789769,0.2458339946348354,0,2,2,True,4.02536970754859e-06,0.029464426123510606,0.9705315485067818
-0.7581699611438873,2,0.7177355114720353,0.0996387436715968,0.0850492518807105,3,0.0,1.3145713202470333,-1.5756862740979405,0,-0.0930572212479015,0.3796721288811475,0.8459113011114247,4,0.2462002046576992,2,0.6722970529577504,-1.626635320203615,2.5255909693862573,0,0,-0.3305890744344257,-0.4262300150429028,-0.6589728319256667,0.0,-0.9320143892374164,-0.2930769296747854,0.1557070814399298,0.3380961637724818,-0.0013328996684553,0.7649976209279952,-0.6791456840737199,-0.5952272282818631,0,1,1,True,0.019618583981503984,0.9435449424662379,0.0368364735522582
-0.2106607044718917,2,-0.2986964030274915,1.0867925984129432,1.0617867539482455,3,0.0,1.5289212932974052,-0.6605306743650393,1,0.251388392651706,0.3796721288811475,-0.0577875452794142,7,-1.5679065665042955,1,-0.2001402910594893,0.2335645027635933,-1.0785044383346123,0,0,0.2160542769925777,-0.4262300150429028,1.1914379855160335,0.0,0.241988311858558,-0.678773515728442,-0.6201892226844657,-2.4938204216722384,-0.3278933184400019,-0.339393739508197,-0.6791456840737199,-0.0345197463373974,0,2,2,True,0.0003793153903045468,0.16370473447816272,0.8359159501315327
0.1178448495313057,2,-0.1970532115775388,-0.8875151110697495,1.0617867539482455,2,0.0,1.3461422465102664,-0.6605306743650393,0,0.5466274902799411,-2.432005601372186,-0.0577875452794142,8,1.153253590238697,1,-0.2332869607298959,-1.4151212121977486,-0.2775943477299747,0,1,1.3093409798465847,2.346151056253851,-1.584178240646517,0.0,1.4159910129545328,1.121143885855289,0.9316033855643254,-1.0778621289498782,-0.4911735278257753,-0.6154915796172451,-0.6791456840737199,-0.3148734873096303,0,2,2,True,1.0036055009997083e-05,0.03217095192994341,0.9678190120150466
1.4318670655440953,2,0.4623879817319102,-0.270543951856408,-0.8916882501868245,3,0.0,-1.5700143635936308,-0.6605306743650393,0,-1.1263940629467242,-1.0261667362455194,2.6533089938931025,5,0.2462002046576992,0,2.6001158601346663,0.3355972219743967,0.9237707881769818,0,1,-0.8772324258614291,-0.4262300150429028,1.1914379855160335,0.0,0.241988311858558,2.2782336440162587,-0.6201892226844657,-1.0778621289498782,3.264271288047011,-0.339393739508197,3.3564494722225446,1.086895217551534,0,1,2,False,0.0010563042193356758,0.07390641503053698,0.9250372807501274
-0.3201625558062908,2,-0.9878868231027804,-0.8875151110697495,1.0617867539482455,5,0.0,0.5950865269849321,0.2546249253678617,0,1.5799643319787635,0.3796721288811475,-0.0577875452794142,0,1.153253590238697,2,0.0391106707922914,-1.1454231568733246,-0.6780493930322936,0,0,-1.1505541015749308,-0.4262300150429028,1.1914379855160335,0.0,-0.9320143892374164,0.3497507137479757,-0.6201892226844657,1.754054456494842,1.141628566031958,1.8693889813641875,0.5625759024789769,1.9279564404682328,0,1,1,True,0.07643260915942987,0.923566539763681,8.510768891359768e-07
0.8843578088720997,1,-1.0870509123222465,1.950552221311621,0.0850492518807105,3,0.0,0.4671411942339349,-0.6605306743650393,0,0.841866587908176,0.3796721288811475,2.6533089938931025,3,-0.6608531809232983,2,2.4558428556077043,-0.1796258477594946,0.1228606975723441,0,0,1.855984331273588,2.346151056253851,0.2662325767951835,0.0,-0.9320143892374164,1.3782749432243937,0.9316033855643254,0.3380961637724818,-1.1442943653688686,-1.1676872598353414,-0.6791456840737199,-1.1559347102263289,0,1,1,True,0.015354489716546287,0.8984383633632074,0.08620714692024634
-0.1011588531374925,0,0.7499638404683617,1.827157989468953,1.0617867539482455,1,0.0,-1.0067225739496302,-0.6605306743650393,0,-0.929567997861234,0.3796721288811475,-0.0577875452794142,2,-0.6608531809232983,1,-0.1761302034136179,-1.0380498821115427,1.7246808787816197,0,0,-0.0572673987209239,-0.4262300150429028,0.2662325767951835,0.0,0.241988311858558,-0.0359458723056809,0.1557070814399298,0.3380961637724818,0.3252275191030913,1.041095461037043,-0.6791456840737199,1.086895217551534,0,1,1,True,0.03550487926492031,0.9644532098341158,4.191090096401658e-05
1.979376322216091,2,-1.290337295222152,-0.8875151110697495,-0.8916882501868245,3,0.0,0.5169900251758819,1.1697805251007627,0,-0.3882963188761366,-2.432005601372186,2.6533089938931025,3,0.2462002046576992,1,2.6950938174594854,-1.0289147213006582,0.523315742874663,0,0,-0.3305890744344257,-0.4262300150429028,1.1914379855160335,0.0,0.241988311858558,1.5068404719089457,1.707499689688721,0.3380961637724818,1.9580296129608248,1.3171933011460917,2.114727885669848,1.9279564404682328,0,1,1,True,0.026473515891542454,0.8480653927897571,0.1254610913187003
-0.3201625558062908,2,0.3483492791295243,-0.0237554881710714,0.0850492518807105,1,0.0,0.5302830467604011,1.1697805251007627,1,0.9894861367222936,0.3796721288811475,0.8459113011114247,0,1.153253590238697,0,0.4243344663849012,-1.23944504275766,-1.0785044383346123,0,0,-1.1505541015749308,-0.4262300150429028,1.1914379855160335,0.0,0.241988311858558,-0.1645114009902331,-2.171981830933257,-1.0778621289498782,0.3252275191030913,0.7649976209279952,-0.3687152874355457,0.5261877356070683,0,1,1,True,0.46956353641671034,0.5304342443847717,2.2191985179698124e-06
-0.1011588531374925,1,0.2020822475308119,1.7037637576262843,-0.8916882501868245,3,0.0,1.7216701062729334,0.2546249253678617,1,-1.2248070954894692,1.7855109940078144,-0.0577875452794142,2,1.153253590238697,1,-0.8354514597422822,-0.2843288447457873,0.523315742874663,0,0,0.4893759527060795,-0.4262300150429028,0.2662325767951835,0.0,0.241988311858558,0.7354472998016324,0.1557070814399298,0.3380961637724818,-0.3278933184400019,-0.6154915796172451,-0.6791456840737199,-0.3148734873096303,0,1,1,True,0.026381894251320155,0.9735974558509912,2.064989768861974e-05
0.3368485522001039,1,-0.55156483053713,-0.5173324155417446,1.0617867539482455,1,0.0,-0.4916179875495116,1.1697805251007627,1,-0.8803614815898617,-1.0261667362455194,0.8459113011114247,7,-1.5679065665042955,1,0.8439798035583179,1.3293621772630888,0.9237707881769818,0,1,1.5826626555600865,2.346151056253851,0.2662325767951835,0.0,0.241988311858558,1.121143885855289,-0.6201892226844657,0.3380961637724818,1.794749403575051,2.421584661582284,-0.3687152874355457,2.2083101814404653,0,2,2,True,0.00018564806753531833,0.055390448293359706,0.944423903639105
1.869874470881692,2,-1.0573016855564068,1.2101868302556114,1.0617867539482455,3,0.0,-0.3753040486849687,1.1697805251007627,0,1.432344783164646,0.3796721288811475,-0.0577875452794142,4,-1.5679065665042955,0,-0.2162886685912259,1.174486066284707,2.5255909693862573,0,1,-1.1505541015749308,-0.4262300150429028,-0.6589728319256667,0.0,1.4159910129545328,-0.2930769296747854,0.9316033855643254,0.3380961637724818,-0.3278933184400019,-0.339393739508197,-0.3687152874355457,-0.0345197463373974,0,1,1,True,0.005192240690277444,0.9894666409282435,0.005341118381478971
-2.072192177156677,0,0.7970667828476081,-1.010909342912418,0.0850492518807105,1,0.0,0.5701621115139587,1.1697805251007627,0,1.5307578157073911,0.3796721288811475,-0.9614863916702532,2,1.153253590238697,2,-1.0394309654063227,0.7015658181519889,-0.6780493930322936,0,0,-0.0572673987209239,-0.4262300150429028,0.2662325767951835,0.0,-0.9320143892374164,-1.4501666878357553,1.707499689688721,1.754054456494842,-1.1442943653688686,-1.1676872598353414,-0.6791456840737199,-1.1559347102263289,0,1,1,True,0.041189716154723575,0.9587872174685671,2.3066376709251208e-05
1.979376322216091,0,-0.8887227338833145,-0.8875151110697495,-1.86842575225436,3,0.0,0.0816435682828784,0.2546249253678617,1,-1.2740136117608418,-1.0261667362455194,1.7496101475022634,3,-1.5679065665042955,2,2.178558215095649,0.4230136838877847,1.7246808787816197,0,0,-0.0572673987209239,-0.4262300150429028,-0.6589728319256667,0.0,-0.9320143892374164,2.535364701385363,0.1557070814399298,1.754054456494842,0.3252275191030913,0.7649976209279952,1.1834366957553253,-0.5952272282818631,0,1,1,True,0.037180537333542214,0.9519354027869751,0.010884059879482657
-1.0866755151470848,0,-1.4688326558171907,-1.010909342912418,-1.86842575225436,2,0.0,-0.9568737430076832,0.2546249253678617,1,0.349801425194451,0.3796721288811475,-0.0577875452794142,7,-0.6608531809232983,1,-0.0327071134935894,1.095361519568891,-1.0785044383346123,0,1,-0.6039107501479274,-0.4262300150429028,1.1914379855160335,0.0,0.241988311858558,-0.678773515728442,-2.171981830933257,0.3380961637724818,-0.3278933184400019,-0.063295899399149,-0.3687152874355457,-0.0345197463373974,0,2,2,True,0.0005546816082349537,0.16301848562335808,0.8364268327684071
-0.5391662584750891,1,0.5020536174196967,-0.8875151110697495,-0.8916882501868245,1,0.0,-1.6896515578543037,1.1697805251007627,1,0.645040522822686,0.3796721288811475,-0.9614863916702532,2,1.153253590238697,2,-0.7298495698307945,-0.3441992832909694,-1.0785044383346123,0,0,-0.6039107501479274,-0.4262300150429028,0.2662325767951835,0.0,-0.9320143892374164,-0.4216424583593375,-0.6201892226844657,-1.0778621289498782,-0.0013328996684553,0.7649976209279952,0.2521455058408027,0.5261877356070683,0,1,1,True,0.037543128619901146,0.9624423257356447,1.4545644454206365e-05
-0.3201625558062908,2,1.082163539353573,0.4698214391996017,1.0617867539482455,3,0.0,1.5388910594857943,1.1697805251007627,1,-1.3232201280322142,0.3796721288811475,0.8459113011114247,7,0.2462002046576992,0,0.4515317338067733,1.2087780545594122,-0.6780493930322936,0,0,0.7626976284195812,-0.4262300150429028,0.2662325767951835,0.0,0.241988311858558,-0.2930769296747854,-0.6201892226844657,-1.0778621289498782,0.161947309717318,0.7649976209279952,-0.3687152874355457,-0.8755809692540959,0,2,2,True,8.79417339284068e-05,0.041251277999368424,0.9586607802667033
-0.3201625558062908,2,-0.7325392933626554,0.7166099028849382,-0.8916882501868245,3,0.0,0.5502225791371799,0.2546249253678617,0,0.0053558112948434,0.3796721288811475,-0.0577875452794142,7,-1.5679065665042955,2,-0.0803023314818656,1.2985837123771855,-0.6780493930322936,0,0,-0.8772324258614291,-0.4262300150429028,1.1914379855160335,0.0,-0.9320143892374164,-0.1645114009902331,2.4833959938131165,1.754054456494842,0.4885077284888646,1.041095461037043,2.114727885669848,0.5261877356070683,0,2,2,True,7.949120207351562e-05,0.09163697039552503,0.9082835384024015
1.869874470881692,2,-1.0052405387161871,1.2101868302556114,1.0617867539482455,3,0.0,-0.5431284461895235,0.2546249253678617,1,1.0878991692650386,0.3796721288811475,0.8459113011114247,1,-0.6608531809232983,1,0.8970994664916617,-1.065876987350853,-0.2775943477299747,0,0,-0.0572673987209239,-0.4262300150429028,0.2662325767951835,0.0,0.241988311858558,0.6068817711170802,-1.3960855268088614,1.754054456494842,0.3252275191030913,0.7649976209279952,1.4938670923934996,-0.8755809692540959,0,0,1,False,0.14724743760287692,0.8526821464063267,7.041599079637658e-05
0.5558522548689022,1,-0.6705617376004892,2.4441291486822943,-0.8916882501868245,1,0.0,-0.7940342285973232,-1.5756862740979405,0,1.2847252343505289,0.3796721288811475,-0.0577875452794142,6,0.2462002046576992,0,-0.4136813360515318,-0.1941015641213579,-0.2775943477299747,0,0,-1.1505541015749308,-0.4262300150429028,-0.6589728319256667,0.0,0.241988311858558,0.9925783571707368,0.1557070814399298,0.3380961637724818,-0.3278933184400019,-0.063295899399149,-0.6791456840737199,-0.5952272282818631,0,1,1,True,0.002050496214946888,0.6937387295611888,0.3042107742238644
1.869874470881692,2,0.0458988070101529,-0.5173324155417446,-0.8916882501868245,3,0.0,-0.8355749210489456,-1.5756862740979405,1,0.9894861367222936,0.3796721288811475,2.6533089938931025,5,-1.5679065665042955,1,2.7416266421890945,-0.8157141220681667,0.523315742874663,0,0,-1.1505541015749308,-0.4262300150429028,0.2662325767951835,0.0,0.241988311858558,1.6354060005934978,0.9316033855643254,-1.0778621289498782,-0.4911735278257753,-0.6154915796172451,-0.3687152874355457,-0.5952272282818631,0,1,2,False,0.0009953254096559342,0.15061934029961527,0.8483853342907288
-0.7581699611438873,2,1.3771767047814845,0.8400041347276065,-1.86842575225436,1,0.0,0.7546027859991624,1.1697805251007627,1,1.4815512994360187,0.3796721288811475,-0.0577875452794142,7,0.2462002046576992,1,-0.255384740510167,-1.5985271330932007,2.1251359240839385,0,0,-0.0572673987209239,-0.4262300150429028,0.2662325767951835,0.0,1.4159910129545328,-0.9359045730975464,-0.6201892226844657,-1.0778621289498782,-0.8177339465973219,-0.8915894197262932,-0.0582848907973714,-0.5952272282818631,0,2,2,True,0.0006187452657694278,0.1437823187151233,0.8555989360191073
-0.9771736638126856,0,0.7450056360073884,0.8400041347276065,0.0850492518807105,3,0.0,1.532244548693535,0.2546249253678617,1,-0.8311549653184892,0.3796721288811475,-0.9614863916702532,6,0.2462002046576992,2,-0.9261798440324336,-1.7133490774392426,-0.6780493930322936,0,0,-0.3305890744344257,-0.4262300150429028,0.2662325767951835,0.0,-0.9320143892374164,-0.8073390444129942,0.1557070814399298,-1.0778621289498782,-0.3278933184400019,-0.339393739508197,-0.3687152874355457,-0.0345197463373974,0,1,1,True,0.0033343318436940225,0.9227159332813683,0.07394973487493764
0.4463504035345031,2,1.3821349092424575,0.3464272073569334,0.0850492518807105,5,0.0,-1.6065701729510586,-0.6605306743650393,0,-0.8311549653184892,0.3796721288811475,2.6533089938931025,5,0.2462002046576992,1,2.7711611747800338,0.2764294881069749,-0.6780493930322936,0,0,-0.8772324258614291,-0.4262300150429028,1.1914379855160335,0.0,-0.9320143892374164,1.5068404719089457,-2.171981830933257,0.3380961637724818,2.447870241118145,2.97378034180038,3.977310265498893,1.086895217551534,1,1,2,False,0.00012107368141989505,0.03178100395960778,0.9680979223589723
1.4318670655440953,2,0.1277091806162123,-1.010909342912418,1.0617867539482455,3,0.0,-1.1662388329638604,1.1697805251007627,0,0.1037688438375884,0.3796721288811475,2.6533089938931025,3,1.153253590238697,0,2.765211772531499,1.3779893409641053,0.1228606975723441,0,0,-1.1505541015749308,-0.4262300150429028,0.2662325767951835,0.0,0.241988311858558,2.6639302300699157,0.1557070814399298,-1.0778621289498782,-0.0013328996684553,-1.1676872598353414,-0.6791456840737199,0.5261877356070683,0,2,1,False,0.01699329253067874,0.9621218141360498,0.020884893333271426
1.869874470881692,2,-0.5416484216151833,1.5803695257836163,2.038524256015781,3,0.0,1.0636655378392337,-0.6605306743650393,0,1.235518718079156,0.3796721288811475,1.7496101475022634,3,0.2462002046576992,1,2.320918911757011,0.6144304381097051,0.1228606975723441,0,0,2.675949358414093,2.346151056253851,0.2662325767951835,0.0,0.241988311858558,3.1781923448081244,2.4833959938131165,0.3380961637724818,0.4885077284888646,1.041095461037043,0.5625759024789769,0.8065414765793012,0,1,1,True,0.005641107414691533,0.9829157508886871,0.011443141696621344
-0.6486681098094882,2,0.8714398497622077,-0.8875151110697495,-0.8916882501868245,1,0.0,1.613664305898715,-1.5756862740979405,1,-0.5851223839616266,0.3796721288811475,-0.9614863916702532,8,0.2462002046576992,1,-0.7300620484825279,-1.1130987416963485,-1.0785044383346123,0,0,1.036019304133083,-0.4262300150429028,0.2662325767951835,0.0,0.241988311858558,-1.0644701017820986,-1.3960855268088614,0.3380961637724818,-0.8177339465973219,-0.6154915796172451,-0.3687152874355457,-0.5952272282818631,0,2,2,True,0.0006785216052281354,0.0839487366963974,0.9153727416983745
0.9938596602064989,2,0.7995458850780948,0.0996387436715968,0.0850492518807105,2,0.0,-0.7392005145611815,0.2546249253678617,0,1.3831382668932737,-1.0261667362455194,0.8459113011114247,7,1.153253590238697,1,0.5456597765246587,-0.3865021048921427,-0.2775943477299747,0,1,1.036019304133083,-0.4262300150429028,0.2662325767951835,0.0,0.241988311858558,0.4783162424325279,0.1557070814399298,0.3380961637724818,-0.6544537372115486,-0.6154915796172451,-0.3687152874355457,-0.5952272282818631,0,2,2,True,3.733241311547972e-05,0.04902390257592606,0.9509387650109585
0.5558522548689022,2,0.3235582568246578,2.4441291486822943,0.0850492518807105,1,0.0,-0.3138238238565674,-0.6605306743650393,1,1.5799643319787635,0.3796721288811475,-0.0577875452794142,4,-0.6608531809232983,1,-0.4396037315630036,-0.3523506575529895,-0.6780493930322936,0,0,-0.6039107501479274,-0.4262300150429028,1.1914379855160335,0.0,0.241988311858558,-0.1645114009902331,0.1557070814399298,-1.0778621289498782,0.3252275191030913,1.041095461037043,1.4938670923934996,1.086895217551534,0,1,1,True,0.007753086338888955,0.9848823457341676,0.007364567926943445
-0.2106607044718917,2,-0.1301174513543993,2.320734916839626,0.0850492518807105,1,0.0,0.9490132266727556,-0.6605306743650393,1,-0.9787745141326066,1.7855109940078144,-0.0577875452794142,2,0.2462002046576992,1,-0.6578193068931802,1.5508546916931525,-0.6780493930322936,0,0,0.4893759527060795,-0.4262300150429028,1.1914379855160335,0.0,1.4159910129545328,-0.1645114009902331,0.1557070814399298,-1.0778621289498782,0.4885077284888646,1.3171933011460917,1.1834366957553253,1.086895217551534,0,1,1,True,0.018134238185405337,0.9818017299430694,6.4031871525212e-05
-0.7581699611438873,0,-0.4003395944774442,1.950552221311621,-0.8916882501868245,5,0.0,-0.913671422857996,1.1697805251007627,0,0.9402796204509212,0.3796721288811475,-0.0577875452794142,7,0.2462002046576992,1,-0.3754351787395242,-1.1586340048152193,1.7246808787816197,0,1,-0.8772324258614291,-0.4262300150429028,-0.6589728319256667,0.0,0.241988311858558,-0.9359045730975464,-0.6201892226844657,1.754054456494842,-0.8177339465973219,-0.6154915796172451,-0.0582848907973714,-0.5952272282818631,0,2,2,True,7.17477224440308e-05,0.2268495241264607,0.7730787281510952
0.0083429981969065,2,1.04745610812676,0.0996387436715968,-0.8916882501868245,1,0.0,-0.5148807753224202,1.1697805251007627,1,0.6942470390940585,1.7855109940078144,-0.9614863916702532,6,1.153253590238697,2,-0.3873339832365932,0.1291425876484048,0.1228606975723441,0,0,0.4893759527060795,-0.4262300150429028,-1.584178240646517,0.0,-0.9320143892374164,-0.9359045730975464,-0.6201892226844657,0.3380961637724818,-0.9810141559830952,-1.1676872598353414,-0.6791456840737199,-1.1559347102263289,0,1,1,True,0.012893149249295981,0.8613613145161938,0.12574553623451018
-0.2106607044718917,2,0.99539496128654,-0.6407266473844129,0.0850492518807105,5,0.0,0.1248458884325658,1.1697805251007627,1,0.9894861367222936,0.3796721288811475,0.8459113011114247,7,-1.5679065665042955,2,0.6542363675604136,-0.5593674556211897,-1.0785044383346123,0,1,1.855984331273588,2.346151056253851,-1.584178240646517,0.0,-0.9320143892374164,-0.2930769296747854,-0.6201892226844657,0.3380961637724818,0.161947309717318,0.7649976209279952,0.5625759024789769,0.8065414765793012,1,2,2,True,1.3737671930213202e-05,0.02218112631732923,0.9778051360107405
-0.2106607044718917,1,-0.7945168491248218,-0.6407266473844129,1.0617867539482455,1,0.0,0.5402528129487905,0.2546249253678617,1,1.038692652993666,0.3796721288811475,-0.0577875452794142,6,0.2462002046576992,2,-0.4789122821336781,-1.6335218260456663,-0.6780493930322936,0,1,-1.1505541015749308,-0.4262300150429028,-0.6589728319256667,0.0,-0.9320143892374164,-0.2930769296747854,0.1557070814399298,0.3380961637724818,0.3252275191030913,0.4888997808189471,-0.3687152874355457,-0.8755809692540959,0,1,1,True,0.005388525455693888,0.5168303538252295,0.4777811207190766
-1.196177366481484,2,0.2913299278283313,1.3335810620982798,-0.8916882501868245,3,0.0,1.317894575643163,1.1697805251007627,0,0.1529753601089609,0.3796721288811475,-0.9614863916702532,1,-0.6608531809232983,1,-0.9253299294255,-1.0433904376625214,-1.0785044383346123,0,1,-1.1505541015749308,-0.4262300150429028,0.2662325767951835,0.0,-0.9320143892374164,-0.678773515728442,0.1557070814399298,0.3380961637724818,-0.3278933184400019,-0.8915894197262932,-0.3687152874355457,-0.0345197463373974,1,0,1,False,0.18823615928967896,0.8117623750230901,1.4656872309428348e-06
0.0083429981969065,2,1.4143632382387843,-0.8875151110697495,-0.8916882501868245,4,0.0,-1.6962980686465632,1.1697805251007627,1,1.2847252343505289,-1.0261667362455194,-0.9614863916702532,2,0.2462002046576992,2,-0.9376536912260358,-1.6748408610979753,1.324225833479301,0,1,-0.0572673987209239,-0.4262300150429028,-0.6589728319256667,0.0,-0.9320143892374164,-0.5502079870438897,0.1557070814399298,0.3380961637724818,-1.1442943653688686,-1.1676872598353414,-0.6791456840737199,-1.1559347102263289,1,1,1,True,0.01767216272129587,0.9823178641899708,9.973088733407155e-06
0.4463504035345031,2,-0.6308961019127028,-0.0237554881710714,1.0617867539482455,1,0.0,1.2414597015321778,0.2546249253678617,1,1.3831382668932737,0.3796721288811475,-0.9614863916702532,2,-1.5679065665042955,0,-0.8953704395310941,0.8723230548477549,-0.6780493930322936,0,0,1.3093409798465847,2.346151056253851,-0.6589728319256667,0.0,1.4159910129545328,-0.8073390444129942,-0.6201892226844657,0.3380961637724818,-0.3278933184400019,-0.339393739508197,-0.6791456840737199,-0.0345197463373974,0,1,1,True,0.14876581795468316,0.8512096967077799,2.4485337536829694e-05
1.103361511540898,2,-1.4762699625086508,-0.0237554881710714,1.0617867539482455,1,0.0,1.3810364281696292,-0.6605306743650393,0,-0.0930572212479015,0.3796721288811475,-0.9614863916702532,2,0.2462002046576992,2,-0.9344665114500352,-1.251109940408482,0.523315742874663,0,0,-0.8772324258614291,-0.4262300150429028,0.2662325767951835,0.0,-0.9320143892374164,-0.5502079870438897,-0.6201892226844657,0.3380961637724818,-0.8177339465973219,-0.6154915796172451,-0.0582848907973714,-1.1559347102263289,0,1,1,True,0.2726089271067964,0.7273716195739367,1.945331926680529e-05
1.4318670655440953,2,0.3384328702075777,1.827157989468953,0.0850492518807105,1,0.0,-0.0330087428835995,1.1697805251007627,1,1.432344783164646,0.3796721288811475,1.7496101475022634,4,0.2462002046576992,1,1.5872301273216654,-1.4267861098485703,0.1228606975723441,0,1,0.7626976284195812,-0.4262300150429028,1.1914379855160335,0.0,0.241988311858558,1.3782749432243937,-0.6201892226844657,0.3380961637724818,0.8150681472604113,1.8693889813641875,-0.3687152874355457,0.2458339946348354,0,1,1,True,0.022580151145467922,0.8432436767733581,0.13417617208117408
0.0083429981969065,2,-0.0483070777483398,-0.270543951856408,1.0617867539482455,3,0.0,1.4292236314135114,1.1697805251007627,1,0.5958340065513135,0.3796721288811475,-0.0577875452794142,6,-1.5679065665042955,1,-0.4714755293230099,-0.1019067103991995,0.9237707881769818,0,1,1.855984331273588,2.346151056253851,0.2662325767951835,0.0,0.241988311858558,0.6068817711170802,-0.6201892226844657,0.3380961637724818,-0.3278933184400019,-0.339393739508197,-0.6791456840737199,-0.0345197463373974,0,1,1,True,0.003196898185621626,0.8046641110643346,0.19213899075004398
-1.7436866231534796,2,-0.6358543063736761,-0.5173324155417446,-1.86842575225436,3,0.0,0.9938771745205078,0.2546249253678617,1,1.5307578157073911,0.3796721288811475,-0.9614863916702532,6,1.153253590238697,2,-0.7194381158958592,1.6437522500930712,-0.6780493930322936,0,0,0.7626976284195812,-0.4262300150429028,0.2662325767951835,0.0,-0.9320143892374164,-1.0644701017820986,-0.6201892226844657,0.3380961637724818,-0.8177339465973219,-0.6154915796172451,-0.0582848907973714,-0.5952272282818631,0,1,1,True,0.003603895059450343,0.8829814530871738,0.11341465185337588
-0.9771736638126856,2,0.2169568609137318,-0.8875151110697495,1.0617867539482455,3,0.0,-0.3271168454410866,0.2546249253678617,1,-0.9787745141326066,0.3796721288811475,-0.9614863916702532,6,0.2462002046576992,2,-0.4506526214531391,0.2896403360488696,1.324225833479301,0,0,0.4893759527060795,-0.4262300150429028,1.1914379855160335,0.0,-0.9320143892374164,-0.8073390444129942,0.1557070814399298,-1.0778621289498782,-0.8177339465973219,-0.6154915796172451,-0.0582848907973714,-0.8755809692540959,1,1,1,True,0.005319038977663672,0.8972958848513274,0.09738507617100899
-0.7581699611438873,2,-1.6473280164122297,1.5803695257836163,0.0850492518807105,1,0.0,-0.0346703705816644,-1.5756862740979405,0,-0.8803614815898617,0.3796721288811475,-0.9614863916702532,6,0.2462002046576992,1,-0.928729587853234,-0.3898750873453924,0.523315742874663,0,1,-1.1505541015749308,-0.4262300150429028,-0.6589728319256667,0.0,-0.9320143892374164,-0.5502079870438897,-0.6201892226844657,0.3380961637724818,-0.3278933184400019,-0.6154915796172451,-0.6791456840737199,-0.8755809692540959,1,1,1,True,0.024253911351935407,0.8520283124059769,0.12371777624208773
0.8843578088720997,2,0.3657029947429309,2.320734916839626,0.0850492518807105,5,0.0,0.8659318417695107,1.1697805251007627,1,1.5307578157073911,0.3796721288811475,-0.9614863916702532,6,1.153253590238697,1,-0.928729587853234,-1.3671967531744924,0.523315742874663,0,0,1.3093409798465847,2.346151056253851,1.1914379855160335,0.0,0.241988311858558,-0.4216424583593375,0.1557070814399298,0.3380961637724818,-0.3278933184400019,-0.063295899399149,-0.6791456840737199,-0.3148734873096303,0,1,1,True,0.0011551966511457459,0.8851121911126035,0.11373261223625057
-0.5391662584750891,1,-0.5391693193846967,0.0996387436715968,0.0850492518807105,1,0.0,1.155055061232803,-1.5756862740979405,1,-0.4867093514188816,0.3796721288811475,-0.9614863916702532,6,0.2462002046576992,1,-0.6522948619481125,0.4282136985032113,1.324225833479301,0,0,-0.6039107501479274,-0.4262300150429028,-1.584178240646517,0.0,0.241988311858558,-0.1645114009902331,0.1557070814399298,-1.0778621289498782,-0.3278933184400019,-0.6154915796172451,-0.3687152874355457,-0.3148734873096303,0,1,1,True,0.009025617718529,0.9251621990872239,0.06581218319424716
-0.7581699611438873,2,-1.679556345408556,-0.0237554881710714,-0.8916882501868245,3,0.0,-1.634817843818162,1.1697805251007627,1,0.841866587908176,-1.0261667362455194,-0.9614863916702532,2,0.2462002046576992,2,-0.9130061676249642,0.2535213156119874,-0.6780493930322936,0,0,-0.6039107501479274,-0.4262300150429028,-1.584178240646517,0.0,-0.9320143892374164,-0.1645114009902331,1.707499689688721,0.3380961637724818,0.4885077284888646,-1.1676872598353414,-0.3687152874355457,1.086895217551534,0,1,1,True,0.02234415013495035,0.9776482533066252,7.5965584243368025e-06
-1.0866755151470848,1,-0.5242947060017769,-0.8875151110697495,0.0850492518807105,3,0.0,1.0354178669721303,1.1697805251007627,1,1.038692652993666,0.3796721288811475,-0.9614863916702532,6,1.153253590238697,2,-0.8335391518766818,-1.1265906715093472,-0.2775943477299747,0,0,-0.6039107501479274,-0.4262300150429028,0.2662325767951835,0.0,-0.9320143892374164,-0.678773515728442,-2.171981830933257,-1.0778621289498782,-0.4911735278257753,-0.6154915796172451,-0.3687152874355457,-0.5952272282818631,0,1,1,True,0.008645640350008,0.8878945225965421,0.10345983705344998
-0.2106607044718917,2,-0.4474425368566906,0.59321567104227,1.0617867539482455,4,0.0,-0.024700604393275,0.2546249253678617,1,-1.3232201280322142,-1.0261667362455194,-0.9614863916702532,2,-0.6608531809232983,0,-0.586426479910766,-0.5957675579291761,-0.6780493930322936,0,1,2.4026276827005915,2.346151056253851,1.1914379855160335,0.0,0.241988311858558,-0.8073390444129942,-0.6201892226844657,-2.4938204216722384,-0.4911735278257753,-0.6154915796172451,-0.6791456840737199,-0.5952272282818631,1,1,1,True,0.042813177310545174,0.9571725674997772,1.4255189677756267e-05
0.3368485522001039,2,-0.6135423862992962,-0.8875151110697495,0.0850492518807105,3,0.0,-0.8372365487470106,-0.6605306743650393,0,0.5958340065513135,-1.0261667362455194,-0.0577875452794142,2,0.2462002046576992,1,-0.6491076821721119,-0.1232689326031142,1.324225833479301,0,0,1.855984331273588,2.346151056253851,-0.6589728319256667,0.0,0.241988311858558,1.121143885855289,0.1557070814399298,0.3380961637724818,-0.9810141559830952,-1.1676872598353414,-0.6791456840737199,-1.1559347102263289,0,1,1,True,0.011010591320785157,0.9889516272447891,3.7781434425752854e-05
1.979376322216091,2,-0.1920950071165655,-0.8875151110697495,0.0850492518807105,3,0.0,-0.3952435810617475,1.1697805251007627,1,0.5958340065513135,0.3796721288811475,2.6533089938931025,3,-1.5679065665042955,1,2.837879471424314,0.9677503500876108,0.9237707881769818,0,1,-0.6039107501479274,-0.4262300150429028,1.1914379855160335,0.0,0.241988311858558,1.6354060005934978,-0.6201892226844657,0.3380961637724818,-0.3278933184400019,-0.6154915796172451,-0.3687152874355457,-0.0345197463373974,1,1,1,True,0.0645179882852508,0.877955006635767,0.05752700507898234
-0.3201625558062908,2,1.58046308768139,-0.270543951856408,-0.8916882501868245,5,0.0,0.8576237032791861,-0.6605306743650393,1,-0.5359158676902541,0.3796721288811475,-0.9614863916702532,8,0.2462002046576992,1,-0.89133334514816,-1.316742557311299,-1.0785044383346123,0,1,2.675949358414093,2.346151056253851,-0.6589728319256667,0.0,0.241988311858558,0.0926196563788712,0.9316033855643254,0.3380961637724818,0.651787937874638,1.5932911412551394,0.8730062991171511,0.8065414765793012,0,2,2,True,1.1365539469995723e-05,0.12475110215514815,0.8752375323053819
-0.8676718124782865,2,-0.1896159048860789,2.4441291486822943,-1.86842575225436,1,0.0,1.386021311263824,1.1697805251007627,1,1.333931750621901,-2.432005601372186,-0.0577875452794142,0,0.2462002046576992,0,-0.0252703606829213,0.9598800576966948,2.1251359240839385,0,0,0.4893759527060795,-0.4262300150429028,1.1914379855160335,0.0,1.4159910129545328,-0.0359458723056809,0.1557070814399298,0.3380961637724818,-0.0013328996684553,-1.1676872598353414,-0.3687152874355457,0.5261877356070683,0,1,1,True,0.36105628993169725,0.6389434391575065,2.7091079628628566e-07
-0.8676718124782865,2,1.4837781006924105,-0.3939381836990763,-1.86842575225436,3,0.0,0.2777156366545365,-0.6605306743650393,0,-0.5851223839616266,0.3796721288811475,-0.9614863916702532,2,1.153253590238697,1,-0.7164634147715919,1.6905523816319108,-0.6780493930322936,0,0,-0.6039107501479274,-0.4262300150429028,-1.584178240646517,0.0,0.241988311858558,-0.1645114009902331,1.707499689688721,0.3380961637724818,0.4885077284888646,1.041095461037043,-0.6791456840737199,1.086895217551534,0,1,1,True,0.008131334209475805,0.9918573278005292,1.133798999493455e-05
0.4463504035345031,2,1.1912440374949855,-0.5173324155417446,2.038524256015781,3,0.0,0.7030923273591506,-0.6605306743650393,1,1.1863122018077836,1.7855109940078144,-0.9614863916702532,6,0.2462002046576992,1,-0.9297919811119008,-1.2300288000756714,-0.2775943477299747,0,1,-0.8772324258614291,-0.4262300150429028,-1.584178240646517,0.0,-0.9320143892374164,-0.5502079870438897,1.707499689688721,-1.0778621289498782,-0.4911735278257753,-0.6154915796172451,-0.6791456840737199,-0.3148734873096303,0,1,1,True,0.0019185953967002791,0.943616399436049,0.05446500516725069
1.3223652142096962,2,0.9458129166768072,0.2230329755142651,0.0850492518807105,2,0.0,-0.3071773130643078,0.2546249253678617,0,-1.1263940629467242,0.3796721288811475,0.8459113011114247,7,1.153253590238697,1,0.2445775270184655,-1.188007060345602,-0.6780493930322936,0,0,0.7626976284195812,-0.4262300150429028,-1.584178240646517,0.0,1.4159910129545328,-0.2930769296747854,0.1557070814399298,1.754054456494842,0.3252275191030913,1.041095461037043,1.4938670923934996,0.8065414765793012,1,2,2,True,1.3842908440330883e-05,0.01489943504350842,0.9850867220480513
0.1178448495313057,2,0.5119700263416432,-0.8875151110697495,-0.8916882501868245,1,0.0,0.548560951439115,-0.6605306743650393,0,-1.7168722582031943,0.3796721288811475,-0.0577875452794142,7,-1.5679065665042955,0,0.0828812730493668,0.7234902040981119,0.1228606975723441,0,0,-0.0572673987209239,-0.4262300150429028,1.1914379855160335,0.0,0.241988311858558,-0.0359458723056809,0.1557070814399298,0.3380961637724818,-0.0013328996684553,0.7649976209279952,-0.3687152874355457,0.8065414765793012,0,2,2,True,0.001522605104239437,0.2148344625003121,0.7836429323954485
0.4463504035345031,0,-1.3275238286794515,0.0996387436715968,-0.8916882501868245,1,0.0,-0.7076295882979484,1.1697805251007627,1,-0.4867093514188816,0.3796721288811475,-0.0577875452794142,7,1.153253590238697,2,-0.0579920730498611,-0.1241121782164266,1.7246808787816197,0,0,-0.3305890744344257,-0.4262300150429028,1.1914379855160335,0.0,-0.9320143892374164,0.6068817711170802,0.1557070814399298,0.3380961637724818,1.141628566031958,-0.339393739508197,-0.3687152874355457,1.6476026994959998,0,2,2,True,0.002040174473643869,0.25026497854924423,0.747694846977112
0.0083429981969065,2,1.2457842865656918,0.0996387436715968,1.0617867539482455,1,0.0,-0.8422214318412052,0.2546249253678617,1,-0.8311549653184892,0.3796721288811475,-0.0577875452794142,4,-0.6608531809232983,2,-0.4899611720238135,0.9570692389856535,-0.2775943477299747,0,1,-0.8772324258614291,-0.4262300150429028,1.1914379855160335,0.0,-0.9320143892374164,0.8640128284861845,-0.6201892226844657,-1.0778621289498782,-0.9810141559830952,-1.1676872598353414,-0.6791456840737199,-0.8755809692540959,0,1,1,True,0.013652446770695745,0.9849178103203217,0.0014297429089826928
-0.1011588531374925,2,0.2020822475308119,-1.010909342912418,1.0617867539482455,1,0.0,0.9307353219940416,-0.6605306743650393,0,0.349801425194451,0.3796721288811475,-0.0577875452794142,7,0.2462002046576992,2,0.0663079382141635,1.0026045021045245,1.324225833479301,0,0,-0.6039107501479274,-0.4262300150429028,-1.584178240646517,0.0,-0.9320143892374164,0.4783162424325279,1.707499689688721,0.3380961637724818,-0.9810141559830952,-1.1676872598353414,-0.6791456840737199,-1.1559347102263289,0,2,2,True,0.00072250270394016,0.21192385565541536,0.7873536416406446
-0.2106607044718917,1,-0.3433202431762513,-1.010909342912418,0.0850492518807105,3,0.0,-1.5567213420091115,-0.6605306743650393,1,0.645040522822686,0.3796721288811475,-0.9614863916702532,6,-1.5679065665042955,1,-0.9155559114457648,-1.1868827328611855,0.523315742874663,0,0,-0.6039107501479274,-0.4262300150429028,1.1914379855160335,0.0,0.241988311858558,-0.8073390444129942,-0.6201892226844657,-1.0778621289498782,-0.6544537372115486,-0.6154915796172451,-0.3687152874355457,-0.5952272282818631,0,1,1,True,0.002666150507156787,0.9062222438575888,0.0911116056352544
-0.3201625558062908,0,1.4193214426997576,0.0996387436715968,0.0850492518807105,1,0.0,1.2447829569283075,1.1697805251007627,1,1.038692652993666,0.3796721288811475,-0.0577875452794142,7,0.2462002046576992,0,-0.5316069877635552,-0.2810964032280897,-0.6780493930322936,0,1,-0.3305890744344257,-0.4262300150429028,0.2662325767951835,0.0,0.241988311858558,0.4783162424325279,0.1557070814399298,0.3380961637724818,1.304908775417731,2.6976825016913315,-0.6791456840737199,0.8065414765793012,0,2,2,True,0.0003098195470210816,0.1850767025278174,0.8146134779251615
-0.2106607044718917,1,-0.4127351056298775,-0.6407266473844129,1.0617867539482455,4,0.0,0.2660842427680822,1.1697805251007627,1,-0.929567997861234,-1.0261667362455194,-0.9614863916702532,2,1.153253590238697,1,-0.8768847968302904,1.7179578640645643,-0.6780493930322936,0,0,-0.6039107501479274,-0.4262300150429028,-0.6589728319256667,0.0,0.241988311858558,-1.193035630466651,-0.6201892226844657,1.754054456494842,-0.8177339465973219,-0.6154915796172451,-0.0582848907973714,-0.5952272282818631,0,1,1,True,0.024775900795322825,0.9752148084304544,9.290774222873608e-06
-0.42966440714069,2,1.02514418805238,-0.1471497200137397,1.0617867539482455,2,0.0,-0.5780226278488864,0.2546249253678617,1,-1.3232201280322142,0.3796721288811475,-0.0577875452794142,7,0.2462002046576992,0,0.127714268565109,0.8598149115836206,-1.0785044383346123,0,0,-0.8772324258614291,-0.4262300150429028,1.1914379855160335,0.0,-0.9320143892374164,-0.678773515728442,0.1557070814399298,0.3380961637724818,-0.3278933184400019,-1.1676872598353414,-0.3687152874355457,-0.5952272282818631,0,2,2,True,0.0023757082450373453,0.25251316254927136,0.7451111292056914
0.9938596602064989,2,1.280491717792505,-0.7641208792270812,0.0850492518807105,5,0.0,1.3926678220560835,-1.5756862740979405,0,-1.0279810304039791,1.7855109940078144,1.7496101475022634,7,-1.5679065665042955,0,1.4282960958251003,-0.9239306424432612,-0.2775943477299747,0,0,-0.8772324258614291,-0.4262300150429028,1.1914379855160335,0.0,0.241988311858558,1.76397152927805,1.707499689688721,0.3380961637724818,1.9580296129608248,3.5259760220184755,-0.0582848907973714,1.086895217551534,0,2,2,True,3.58942157749827e-06,0.006811218129709202,0.9931851924487133
-0.5391662584750891,0,0.8516070319183144,0.7166099028849382,1.0617867539482455,3,0.0,1.5455375702780545,0.2546249253678617,0,-1.569252709389077,0.3796721288811475,-0.0577875452794142,0,1.153253590238697,0,0.0348610977576239,0.3132512132216175,0.9237707881769818,0,0,0.7626976284195812,-0.4262300150429028,-0.6589728319256667,0.0,0.241988311858558,-0.2930769296747854,2.4833959938131165,0.3380961637724818,-0.3278933184400019,-0.8915894197262932,-0.3687152874355457,-0.5952272282818631,0,1,1,True,0.06938660041106263,0.9306129664911769,4.330977605444279e-07
0.2273467008657048,0,-0.9011182450357478,-0.0237554881710714,0.0850492518807105,1,0.0,0.1780179747706425,0.2546249253678617,1,0.2021818763803334,0.3796721288811475,-0.0577875452794142,2,-0.6608531809232983,2,0.0592961427069621,-0.7790329378890763,2.5255909693862573,0,0,-0.0572673987209239,-0.4262300150429028,0.2662325767951835,0.0,-0.9320143892374164,-0.2930769296747854,-0.6201892226844657,-1.0778621289498782,-0.3278933184400019,-0.063295899399149,-0.6791456840737199,-0.3148734873096303,0,1,1,True,0.1601109322564153,0.8398317447211607,5.732302242388033e-05
0.3368485522001039,2,0.2020822475308119,0.7166099028849382,0.0850492518807105,1,0.0,1.0021853130108322,-1.5756862740979405,0,0.6942470390940585,-1.0261667362455194,0.8459113011114247,4,0.2462002046576992,1,0.8354806574889828,1.6143791945626884,-0.6780493930322936,0,0,-0.6039107501479274,-0.4262300150429028,1.1914379855160335,0.0,1.4159910129545328,0.8640128284861845,-0.6201892226844657,0.3380961637724818,1.794749403575051,2.97378034180038,3.666879868860719,2.2083101814404653,0,1,1,True,0.006342335961902956,0.9142026228333564,0.0794550412047406
1.103361511540898,0,0.8912726676061008,-1.010909342912418,-1.86842575225436,3,0.0,1.6203108166909748,0.2546249253678617,0,1.5799643319787635,0.3796721288811475,0.8459113011114247,5,-0.6608531809232983,1,1.1588731654271804,0.4100839178169942,-1.0785044383346123,0,0,0.7626976284195812,-0.4262300150429028,-1.584178240646517,0.0,1.4159910129545328,0.3497507137479757,0.1557070814399298,-2.4938204216722384,0.9783483566461848,1.041095461037043,0.8730062991171511,2.2083101814404653,0,1,1,True,0.0007259161302630969,0.5625530427356401,0.43672104113409677
-0.9771736638126856,2,0.229352372066165,0.7166099028849382,-0.8916882501868245,1,0.0,0.1281691438286956,-1.5756862740979405,1,-0.7819484490471167,0.3796721288811475,-0.9614863916702532,2,0.2462002046576992,0,-0.9127936889732308,1.1480643704009177,-0.6780493930322936,0,0,0.2160542769925777,-0.4262300150429028,1.1914379855160335,0.0,0.241988311858558,-0.9359045730975464,1.707499689688721,-1.0778621289498782,-0.4911735278257753,-0.6154915796172451,-0.0582848907973714,-0.5952272282818631,0,1,1,True,0.05199505481861605,0.947994404629128,1.054055225601183e-05
-1.0866755151470848,2,1.0846426415840595,-0.8875151110697495,1.0617867539482455,1,0.0,-1.6132166837433182,1.1697805251007627,0,-1.6184592256604493,0.3796721288811475,-0.9614863916702532,2,-1.5679065665042955,0,-0.8843215496409585,0.7591876017283379,-0.6780493930322936,0,0,-0.6039107501479274,-0.4262300150429028,1.1914379855160335,0.0,0.241988311858558,-1.3216011591512031,2.4833959938131165,0.3380961637724818,-0.9810141559830952,-1.1676872598353414,-0.6791456840737199,-1.1559347102263289,0,1,1,True,0.051138534778498605,0.9488502804304515,1.1184791049951382e-05
-1.0866755151470848,1,0.4747834928843435,-0.1471497200137397,0.0850492518807105,1,0.0,-1.6098934283471884,1.1697805251007627,1,-1.4216331605749593,0.3796721288811475,0.8459113011114247,7,0.2462002046576992,2,0.4723546416766441,-1.5934676594133264,-0.6780493930322936,0,0,-0.0572673987209239,-0.4262300150429028,1.1914379855160335,0.0,-0.9320143892374164,-0.2930769296747854,-2.171981830933257,0.3380961637724818,0.3252275191030913,1.041095461037043,-0.3687152874355457,0.8065414765793012,0,2,2,True,0.00036389570717465275,0.05486773065092637,0.9447683736418989
1.6508707682128936,2,0.5640311731818629,-0.5173324155417446,0.0850492518807105,1,0.0,0.4887423543087786,-0.6605306743650393,1,-0.0930572212479015,0.3796721288811475,0.8459113011114247,7,-0.6608531809232983,2,0.4128606191912989,1.0148315634975549,2.5255909693862573,0,1,1.036019304133083,-0.4262300150429028,0.2662325767951835,0.0,-0.9320143892374164,-0.1645114009902331,-0.6201892226844657,-1.0778621289498782,0.161947309717318,0.7649976209279952,1.4938670923934996,0.8065414765793012,1,2,2,True,0.00011463475211297233,0.028886074495191105,0.9709992907526959
-0.5391662584750891,2,-0.4995036836969103,-0.270543951856408,2.038524256015781,2,0.0,0.6997690719630207,1.1697805251007627,1,1.5307578157073911,0.3796721288811475,-0.0577875452794142,7,1.153253590238697,1,0.5739194372051976,1.2690701159112503,0.523315742874663,0,0,-0.8772324258614291,-0.4262300150429028,0.2662325767951835,0.0,0.241988311858558,-0.5502079870438897,0.1557070814399298,-1.0778621289498782,-0.4911735278257753,-0.339393739508197,-0.6791456840737199,-0.3148734873096303,0,2,2,True,0.0006847175066353116,0.16217883753887283,0.8371364449544919
1.4318670655440953,2,1.287929024483965,2.320734916839626,0.0850492518807105,1,0.0,0.4854190989126488,1.1697805251007627,0,-1.1263940629467242,0.3796721288811475,1.7496101475022634,5,-1.5679065665042955,1,2.204905567910588,1.139631914267793,0.523315742874663,0,1,-1.1505541015749308,-0.4262300150429028,-0.6589728319256667,0.0,-0.9320143892374164,1.76397152927805,-0.6201892226844657,0.3380961637724818,-0.6544537372115486,-0.6154915796172451,-0.3687152874355457,-0.5952272282818631,0,1,1,True,0.02394278358143002,0.6198087766808087,0.35624843973776127
1.103361511540898,1,1.429237851621704,0.8400041347276065,1.0617867539482455,3,0.0,-0.0629180414487677,0.2546249253678617,1,-0.0930572212479015,1.7855109940078144,-0.0577875452794142,4,0.2462002046576992,0,-0.3051047450157769,-1.0616607592842906,-0.6780493930322936,0,1,1.036019304133083,-0.4262300150429028,0.2662325767951835,0.0,-0.9320143892374164,1.121143885855289,0.1557070814399298,1.754054456494842,1.9580296129608248,1.5932911412551394,-0.0582848907973714,0.8065414765793012,0,1,1,True,0.01474547834339663,0.9815210310727783,0.003733490583825119
-1.196177366481484,2,1.3548647847071045,1.7037637576262843,0.0850492518807105,1,0.0,-0.7724330685224795,-1.5756862740979405,0,1.1863122018077836,0.3796721288811475,-0.9614863916702532,6,1.153253590238697,0,-0.7685206844462689,-1.5854568260868582,-0.6780493930322936,0,0,1.855984331273588,2.346151056253851,-0.6589728319256667,0.0,1.4159910129545328,-1.0644701017820986,0.1557070814399298,-2.4938204216722384,-0.6544537372115486,-0.6154915796172451,-0.6791456840737199,-0.5952272282818631,0,1,1,True,0.0014428468855006051,0.8157182707231215,0.18283888239137777
-1.0866755151470848,2,-1.3225656242184785,-0.5173324155417446,-1.86842575225436,5,0.0,-0.3005308022720482,0.2546249253678617,1,-1.1756005792180968,-1.0261667362455194,0.8459113011114247,5,1.153253590238697,0,1.3396924980522829,-0.7689139905293272,-0.6780493930322936,0,1,0.2160542769925777,-0.4262300150429028,-0.6589728319256667,0.0,0.241988311858558,-0.2930769296747854,0.1557070814399298,0.3380961637724818,0.3252275191030913,1.041095461037043,-0.6791456840737199,1.086895217551534,0,1,1,True,0.0030774619809945426,0.9052691884853931,0.09165334953361236
-1.3056792178158831,2,1.3722185003205112,0.0996387436715968,1.0617867539482455,1,0.0,0.3574737661616516,0.2546249253678617,1,-0.4375028351475091,0.3796721288811475,-0.0577875452794142,7,1.153253590238697,2,-0.3299647472685818,0.8867987712096181,-1.0785044383346123,0,0,-0.3305890744344257,-0.4262300150429028,-0.6589728319256667,0.0,-0.9320143892374164,-0.8073390444129942,0.9316033855643254,0.3380961637724818,-0.4911735278257753,-0.339393739508197,-0.3687152874355457,-0.8755809692540959,0,2,2,True,0.00045053188143099097,0.17487002417504757,0.8246794439435213
-0.6486681098094882,2,-0.2763844829531117,-0.270543951856408,0.0850492518807105,2,0.0,-0.9751516476863972,1.1697805251007627,1,0.349801425194451,0.3796721288811475,-0.0577875452794142,7,1.153253590238697,0,0.2218423112829943,-1.0076930400322954,0.523315742874663,0,0,-0.8772324258614291,-0.4262300150429028,1.1914379855160335,0.0,2.5899937140505074,0.2211851850634235,0.1557070814399298,0.3380961637724818,-0.0013328996684553,0.7649976209279952,-0.3687152874355457,0.8065414765793012,0,2,2,True,0.0003763491418616015,0.27344373913738207,0.7261799117207564
-0.1011588531374925,0,-1.2432343528429055,0.7166099028849382,1.0617867539482455,2,0.0,1.680129413821311,1.1697805251007627,1,1.0878991692650386,-2.432005601372186,-0.0577875452794142,7,1.153253590238697,0,-0.2330744820781626,-0.5448917392593264,-0.6780493930322936,0,0,2.4026276827005915,2.346151056253851,-1.584178240646517,0.0,0.241988311858558,0.4783162424325279,0.9316033855643254,-1.0778621289498782,1.304908775417731,2.145486821473236,2.7355886789461965,1.9279564404682328,0,2,2,True,7.100027209124174e-05,0.15140911608040153,0.8485198836475073
0.4463504035345031,0,0.2566224966015182,-0.5173324155417446,-0.8916882501868245,1,0.0,0.3076249352197047,-1.5756862740979405,1,1.432344783164646,-1.0261667362455194,-0.9614863916702532,6,-1.5679065665042955,0,-0.9340415541465684,0.8404202624774348,1.324225833479301,0,0,0.4893759527060795,-0.4262300150429028,-1.584178240646517,0.0,0.241988311858558,-0.8073390444129942,-0.6201892226844657,-2.4938204216722384,-0.9810141559830952,-1.1676872598353414,-0.6791456840737199,-1.1559347102263289,1,1,1,True,0.006181541032520565,0.8270435027391948,0.16677495622828473
-0.1011588531374925,2,1.4713825895399772,-0.5173324155417446,-0.8916882501868245,1,0.0,-1.1978097592270935,1.1697805251007627,1,-0.1914702537906465,0.3796721288811475,-0.0577875452794142,2,-0.6608531809232983,2,-0.1251353269976078,-0.6138973386153932,2.1251359240839385,0,0,0.2160542769925777,-0.4262300150429028,1.1914379855160335,0.0,-0.9320143892374164,0.6068817711170802,0.1557070814399298,1.754054456494842,0.9783483566461848,1.8693889813641875,0.2521455058408027,0.8065414765793012,0,1,1,True,0.0915094127338968,0.908444509489994,4.60777761093145e-05
-0.9771736638126856,2,0.9086263832195074,-0.1471497200137397,-0.8916882501868245,3,0.0,-0.2589901098204258,-0.6605306743650393,1,-0.142263737519274,-1.0261667362455194,-0.9614863916702532,1,1.153253590238697,0,-0.3329394483928491,1.3564865778246389,-0.6780493930322936,0,0,-0.6039107501479274,-0.4262300150429028,1.1914379855160335,0.0,0.241988311858558,-0.678773515728442,2.4833959938131165,0.3380961637724818,-0.3278933184400019,-0.8915894197262932,-0.6791456840737199,-0.0345197463373974,0,0,1,False,0.0501719435160067,0.9498272941218839,7.623621092529405e-07
-0.6486681098094882,2,-0.2763844829531117,-0.5173324155417446,1.0617867539482455,5,0.0,-1.0000760631573706,0.2546249253678617,1,0.9894861367222936,0.3796721288811475,-0.9614863916702532,6,1.153253590238697,1,-0.3573744933421873,-0.5953459351225199,-1.0785044383346123,0,1,-0.8772324258614291,-0.4262300150429028,0.2662325767951835,0.0,0.241988311858558,-0.678773515728442,0.9316033855643254,0.3380961637724818,-0.3278933184400019,-0.6154915796172451,-0.6791456840737199,-0.3148734873096303,0,1,1,True,0.0008714388856008996,0.936197642003538,0.06293091911086121
0.4463504035345031,2,-0.8812854271918545,-0.5173324155417446,0.0850492518807105,1,0.0,1.3112480648509035,-0.6605306743650393,1,0.9402796204509212,1.7855109940078144,-0.0577875452794142,0,-0.6608531809232983,2,0.0779942640594991,0.1710237864429218,0.1228606975723441,0,0,-0.8772324258614291,-0.4262300150429028,-1.584178240646517,0.0,-0.9320143892374164,-0.0359458723056809,0.1557070814399298,-2.4938204216722384,-0.6544537372115486,-0.6154915796172451,-0.3687152874355457,-0.5952272282818631,0,1,1,True,0.3411658961730726,0.6588334375041207,6.663228068063832e-07
0.4463504035345031,1,-1.6349325052597965,-0.6407266473844129,0.0850492518807105,2,0.0,-0.8920702627831522,-1.5756862740979405,1,-0.4867093514188816,0.3796721288811475,-0.0577875452794142,7,-0.6608531809232983,2,0.6060037136169373,-0.6682866806740446,-0.6780493930322936,0,0,0.7626976284195812,-0.4262300150429028,0.2662325767951835,0.0,-0.9320143892374164,-0.4216424583593375,1.707499689688721,0.3380961637724818,0.161947309717318,0.7649976209279952,1.4938670923934996,0.8065414765793012,1,2,2,True,0.0002314186146923902,0.07842491099133839,0.9213436703939691
0.3368485522001039,2,0.9135845876804808,0.0996387436715968,1.0617867539482455,1,0.0,-0.9003784012734767,1.1697805251007627,0,-0.9787745141326066,1.7855109940078144,-0.9614863916702532,2,0.2462002046576992,1,-0.9115188170628306,1.1498914025630946,0.1228606975723441,0,1,-0.6039107501479274,-0.4262300150429028,0.2662325767951835,0.0,0.241988311858558,-0.1645114009902331,0.1557070814399298,0.3380961637724818,-0.0013328996684553,0.7649976209279952,-0.3687152874355457,0.8065414765793012,0,1,1,True,0.030773177149632916,0.9692193374675749,7.4853827921767925e-06
-0.8676718124782865,2,-0.9283883695711008,-0.0237554881710714,0.0850492518807105,2,0.0,1.2082271475708797,-0.6605306743650393,0,-0.6835354165043717,-2.432005601372186,-0.9614863916702532,8,-0.6608531809232983,2,-0.7952929945646742,0.0445369444460582,-0.6780493930322936,0,0,-0.6039107501479274,-0.4262300150429028,0.2662325767951835,0.0,-0.9320143892374164,-1.193035630466651,0.1557070814399298,0.3380961637724818,-0.8177339465973219,-0.6154915796172451,-0.0582848907973714,-0.5952272282818631,1,2,2,True,0.0001728473136638875,0.04438264846220768,0.9554445042241283
0.2273467008657048,2,1.3052827400973714,-0.6407266473844129,1.0617867539482455,1,0.0,-1.4005283383910112,1.1697805251007627,0,-0.929567997861234,-1.0261667362455194,-0.0577875452794142,7,0.2462002046576992,1,-0.1276850708184083,0.0389153070239753,0.523315742874663,0,0,-0.3305890744344257,-0.4262300150429028,0.2662325767951835,0.0,0.241988311858558,0.7354472998016324,-1.3960855268088614,1.754054456494842,1.304908775417731,1.8693889813641875,0.8730062991171511,1.3672489585237668,0,2,2,True,0.000606146018655081,0.18861348255820445,0.8107803714231404
1.5413689168784943,1,0.4103268348916906,-0.3939381836990763,-0.8916882501868245,3,0.0,0.4521865449513508,-0.6605306743650393,0,-1.2740136117608418,-1.0261667362455194,-0.9614863916702532,2,0.2462002046576992,2,-0.7787196597294709,-1.4132941800355716,-1.0785044383346123,0,0,-0.3305890744344257,-0.4262300150429028,-0.6589728319256667,0.0,-0.9320143892374164,-0.4216424583593375,2.4833959938131165,-1.0778621289498782,-0.0013328996684553,-1.1676872598353414,1.4938670923934996,0.8065414765793012,0,1,1,True,0.016207770808519702,0.9837757459665287,1.648322495157082e-05
1.6508707682128936,2,-1.3498357487538315,-0.1471497200137397,1.0617867539482455,4,0.0,0.6382888471346195,0.2546249253678617,0,-0.5851223839616266,0.3796721288811475,-0.9614863916702532,2,-1.5679065665042955,1,-0.7549220507353328,0.4286353213098675,2.5255909693862573,0,0,-0.6039107501479274,-0.4262300150429028,0.2662325767951835,0.0,-0.9320143892374164,0.0926196563788712,-0.6201892226844657,-2.4938204216722384,-0.3278933184400019,-0.063295899399149,-0.6791456840737199,-0.0345197463373974,0,1,1,True,0.046713109097051654,0.9532786762055411,8.21469740719016e-06
1.979376322216091,2,-1.6250160963378495,1.3335810620982798,-0.8916882501868245,5,0.0,-1.056571404891577,-0.6605306743650393,1,-1.4216331605749593,0.3796721288811475,-0.0577875452794142,2,1.153253590238697,1,-0.2311621742125622,0.2331428799569371,0.1228606975723441,0,1,1.036019304133083,-0.4262300150429028,1.1914379855160335,0.0,0.241988311858558,0.0926196563788712,0.9316033855643254,0.3380961637724818,0.4885077284888646,0.7649976209279952,-0.6791456840737199,1.086895217551534,0,1,1,True,0.00583271625072091,0.9941393720612738,2.7911688005303212e-05
0.0083429981969065,2,-0.7945168491248218,-0.7641208792270812,0.0850492518807105,4,0.0,-0.5580830954721075,0.2546249253678617,1,-1.4708396768463317,0.3796721288811475,0.8459113011114247,4,0.2462002046576992,1,0.6227895271038739,-0.6615407157675451,-0.6780493930322936,0,0,-0.0572673987209239,-0.4262300150429028,0.2662325767951835,0.0,0.241988311858558,-0.1645114009902331,-0.6201892226844657,0.3380961637724818,0.4885077284888646,0.7649976209279952,1.4938670923934996,1.086895217551534,0,1,1,True,0.007046591048993307,0.972479774843304,0.020473634107702712
-0.5391662584750891,0,0.4301596527355837,2.073946453154289,1.0617867539482455,2,0.0,-1.1496225559832114,0.2546249253678617,1,1.6783773645215088,0.3796721288811475,-0.0577875452794142,7,1.153253590238697,1,-0.4330168933592689,-0.3153883915027949,-1.0785044383346123,0,0,0.7626976284195812,-0.4262300150429028,-1.584178240646517,0.0,-0.9320143892374164,-0.9359045730975464,-0.6201892226844657,0.3380961637724818,-0.6544537372115486,-0.6154915796172451,-0.0582848907973714,-0.5952272282818631,0,2,2,True,0.00016631983581229086,0.1789378881549863,0.8208957920092015
-1.4151810691502822,2,0.449992470579477,0.9633983665702748,-0.8916882501868245,1,0.0,0.3225795845022887,1.1697805251007627,0,1.5307578157073911,0.3796721288811475,-0.9614863916702532,2,-0.6608531809232983,1,-0.9121562530180308,-1.5376729079991542,-0.6780493930322936,0,0,-0.6039107501479274,-0.4262300150429028,-1.584178240646517,0.0,0.241988311858558,-1.3216011591512031,0.1557070814399298,-2.4938204216722384,-0.9810141559830952,-1.1676872598353414,-0.6791456840737199,-1.1559347102263289,1,1,1,True,0.08609202869933961,0.9138627802060407,4.519109461972477e-05
-0.9771736638126856,2,0.9160636899109672,-0.7641208792270812,0.0850492518807105,3,0.0,1.4126073544328623,-0.6605306743650393,0,0.5958340065513135,0.3796721288811475,-0.9614863916702532,8,-0.6608531809232983,1,-0.7748950439982701,-1.4926998086224916,-0.6780493930322936,0,0,1.036019304133083,-0.4262300150429028,1.1914379855160335,0.0,0.241988311858558,-1.3216011591512031,0.1557070814399298,0.3380961637724818,-0.9810141559830952,-1.1676872598353414,-0.6791456840737199,-1.1559347102263289,0,2,2,True,0.00010733255257585766,0.05689742807819608,0.942995239369228
-0.8676718124782865,2,-0.2094487227299721,-0.1471497200137397,-1.86842575225436,3,0.0,0.2079272733358107,-0.6605306743650393,1,0.645040522822686,-1.0261667362455194,-0.0577875452794142,4,1.153253590238697,1,-0.307442010184844,0.4744516662998426,-0.6780493930322936,0,1,-0.0572673987209239,-0.4262300150429028,0.2662325767951835,0.0,0.241988311858558,-0.1645114009902331,-0.6201892226844657,-1.0778621289498782,0.4885077284888646,0.7649976209279952,-0.3687152874355457,-0.5952272282818631,0,1,1,True,0.00591224974336253,0.9867594095613995,0.007328340695237896
-0.2106607044718917,1,0.3508283813600109,-1.010909342912418,0.0850492518807105,2,0.0,-1.1811934822464445,0.2546249253678617,0,1.2847252343505289,0.3796721288811475,0.8459113011114247,7,0.2462002046576992,2,0.4857407967358467,-0.7332165928991012,-0.6780493930322936,0,0,-0.3305890744344257,-0.4262300150429028,-1.584178240646517,0.0,-0.9320143892374164,-0.1645114009902331,0.1557070814399298,1.754054456494842,0.4885077284888646,0.7649976209279952,-0.6791456840737199,1.086895217551534,0,2,2,True,3.963566301371969e-05,0.027437246714528685,0.9725231176224576
0.7748559575377005,1,0.968124836751187,-0.8875151110697495,-1.86842575225436,3,0.0,0.7828504568662658,-0.6605306743650393,1,0.9894861367222936,0.3796721288811475,0.8459113011114247,4,0.2462002046576992,2,0.78746048219724,0.7597497654705462,0.9237707881769818,0,1,0.7626976284195812,-0.4262300150429028,-0.6589728319256667,0.0,-0.9320143892374164,0.6068817711170802,-0.6201892226844657,-1.0778621289498782,-0.8177339465973219,-0.6154915796172451,-0.0582848907973714,-0.5952272282818631,0,1,1,True,0.006152798370688686,0.9766909836311773,0.017156217998133768
-1.0866755151470848,2,0.2268732698356784,-0.0237554881710714,0.0850492518807105,3,0.0,-1.270921377941949,1.1697805251007627,0,1.629170848250136,0.3796721288811475,-0.9614863916702532,6,-0.6608531809232983,2,-0.8974952260484278,-0.3558641809417913,-0.6780493930322936,0,0,0.2160542769925777,-0.4262300150429028,1.1914379855160335,0.0,-0.9320143892374164,-0.5502079870438897,-0.6201892226844657,-1.0778621289498782,-0.0013328996684553,0.7649976209279952,-0.6791456840737199,-0.3148734873096303,0,1,1,True,0.0013137594282112057,0.8375608902014531,0.16112535037033576
-0.6486681098094882,0,0.4375969594270437,-1.010909342912418,1.0617867539482455,3,0.0,-1.191163248434834,0.2546249253678617,1,1.1863122018077836,-2.432005601372186,-0.0577875452794142,4,0.2462002046576992,1,-0.458514331567274,-1.395867104027115,-1.0785044383346123,0,0,-0.8772324258614291,-0.4262300150429028,1.1914379855160335,0.0,0.241988311858558,-0.678773515728442,-0.6201892226844657,0.3380961637724818,-0.3278933184400019,-0.063295899399149,-0.3687152874355457,-0.0345197463373974,0,1,1,True,0.004934137248296408,0.990089192809799,0.0049766699419045565
-0.6486681098094882,2,-0.2838217896445716,-0.270543951856408,0.0850492518807105,1,0.0,-0.6843668005250398,0.2546249253678617,1,-1.0771875466753518,-1.0261667362455194,0.8459113011114247,3,1.153253590238697,0,1.0738817047338305,1.5428438583666844,2.5255909693862573,0,0,1.5826626555600865,2.346151056253851,0.2662325767951835,0.0,0.241988311858558,-0.1645114009902331,0.1557070814399298,-1.0778621289498782,-0.3278933184400019,-0.063295899399149,-0.6791456840737199,-0.8755809692540959,0,2,1,False,0.0611790340579744,0.9364172856803271,0.0024036802616984577
1.869874470881692,2,-1.6051832784939566,-0.0237554881710714,-0.8916882501868245,1,0.0,1.5688003580509629,-1.5756862740979405,0,0.0545623275662159,0.3796721288811475,-0.0577875452794142,6,0.2462002046576992,1,-0.7661834192772018,1.146940042916501,0.1228606975723441,0,0,-1.1505541015749308,-0.4262300150429028,0.2662325767951835,0.0,1.4159910129545328,-0.2930769296747854,2.4833959938131165,-1.0778621289498782,-0.4911735278257753,-0.339393739508197,-0.0582848907973714,-0.3148734873096303,0,1,2,False,0.0008615635760407538,0.4705387983664387,0.5285996380575206
0.3368485522001039,1,1.652357052365503,-0.0237554881710714,1.0617867539482455,3,0.0,-0.1011354785042604,1.1697805251007627,1,-1.5200461931177045,0.3796721288811475,-0.9614863916702532,6,-0.6608531809232983,0,-0.6131987900291714,1.5108005250608123,2.1251359240839385,0,1,-0.3305890744344257,-0.4262300150429028,1.1914379855160335,0.0,0.241988311858558,-1.0644701017820986,-0.6201892226844657,0.3380961637724818,-0.9810141559830952,-0.8915894197262932,-0.6791456840737199,-1.1559347102263289,0,1,1,True,0.005497163856626054,0.9544091887279383,0.04009364741543564
-1.4151810691502822,1,-1.0449061744039736,-0.0237554881710714,0.0850492518807105,3,0.0,0.7795272014701359,-0.6605306743650393,1,1.137105685536411,0.3796721288811475,-0.9614863916702532,2,-1.5679065665042955,2,-0.7077517900505235,0.3773378798333617,-0.2775943477299747,0,1,-1.1505541015749308,-0.4262300150429028,0.2662325767951835,0.0,-0.9320143892374164,-0.9359045730975464,-0.6201892226844657,-1.0778621289498782,-1.1442943653688686,-1.1676872598353414,-0.6791456840737199,-1.1559347102263289,1,1,1,True,0.08162573219958803,0.9183562230834775,1.804471693442828e-05
-0.2106607044718917,1,-0.3482784476372246,1.0867925984129432,1.0617867539482455,2,0.0,0.5901016438907375,1.1697805251007627,0,0.0545623275662159,0.3796721288811475,-0.0577875452794142,7,0.2462002046576992,1,-0.401357574250996,1.2613403644558867,-1.0785044383346123,0,1,0.7626976284195812,-0.4262300150429028,0.2662325767951835,0.0,0.241988311858558,-0.8073390444129942,-2.171981830933257,-1.0778621289498782,-0.4911735278257753,-0.6154915796172451,0.2521455058408027,-0.5952272282818631,1,2,2,True,0.00020340567815412916,0.08132105842770657,0.9184755358941393
0.4463504035345031,0,-1.3771058732891848,-0.270543951856408,-1.86842575225436,1,0.0,0.0168400880583474,-0.6605306743650393,0,-0.5359158676902541,-2.432005601372186,2.6533089938931025,5,0.2462002046576992,0,2.862102037721918,0.8391553940574662,-0.6780493930322936,0,0,1.855984331273588,2.346151056253851,-0.6589728319256667,0.0,1.4159910129545328,1.2497094145398413,0.1557070814399298,0.3380961637724818,2.284590031732371,3.249878181909428,0.8730062991171511,1.6476026994959998,0,1,2,False,0.00020238483561201213,0.02753617642679946,0.9722614387375886
-0.42966440714069,2,-1.0176360498686203,-0.8875151110697495,1.0617867539482455,3,0.0,1.071973676329558,1.1697805251007627,1,1.333931750621901,0.3796721288811475,-0.0577875452794142,7,1.153253590238697,0,-0.2120390955565584,-1.4605159343810674,-0.6780493930322936,0,0,-0.3305890744344257,-0.4262300150429028,0.2662325767951835,0.0,1.4159910129545328,-0.678773515728442,1.707499689688721,0.3380961637724818,-0.1646131090542286,-0.6154915796172451,-0.6791456840737199,-0.0345197463373974,0,2,2,True,0.00033551043014919997,0.17150024338115777,0.828164246188693
2.198380024884889,2,-0.985407720872294,-1.010909342912418,-0.8916882501868245,1,0.0,0.7612492967914221,-0.6605306743650393,1,1.333931750621901,1.7855109940078144,-0.0577875452794142,6,0.2462002046576992,1,-0.3405886798552506,-1.6291650570435523,-1.0785044383346123,0,0,2.4026276827005915,2.346151056253851,-1.584178240646517,0.0,0.241988311858558,0.2211851850634235,-0.6201892226844657,-1.0778621289498782,0.8150681472604113,1.3171933011460917,-0.0582848907973714,1.086895217551534,0,1,2,False,0.002906026601917528,0.37164815711128507,0.6254458162867974
-1.5246829204846812,2,1.0920799482755197,-0.3939381836990763,0.0850492518807105,1,0.0,-0.3553645163081899,0.2546249253678617,1,-0.142263737519274,1.7855109940078144,-0.9614863916702532,2,-1.5679065665042955,1,-1.0415557519236565,-1.527413419703853,-0.6780493930322936,0,1,1.5826626555600865,2.346151056253851,0.2662325767951835,0.0,1.4159910129545328,-1.3216011591512031,-0.6201892226844657,0.3380961637724818,-1.1442943653688686,-1.1676872598353414,-0.6791456840737199,-1.1559347102263289,1,1,1,True,0.11772232667206539,0.8822514534305399,2.6219897394565282e-05
-1.4151810691502822,2,-0.806912360277255,1.827157989468953,0.0850492518807105,3,0.0,0.2461447103913034,1.1697805251007627,1,-0.8311549653184892,0.3796721288811475,-0.9614863916702532,2,-0.6608531809232983,2,-0.6174483630638389,-1.1108500867275153,2.1251359240839385,0,0,1.855984331273588,2.346151056253851,1.1914379855160335,0.0,-0.9320143892374164,-0.678773515728442,-0.6201892226844657,0.3380961637724818,-0.4911735278257753,-0.339393739508197,-0.3687152874355457,-0.5952272282818631,0,1,1,True,0.12168724630639485,0.8783031221928959,9.631500709300405e-06
-0.1011588531374925,2,-0.3135710164104114,-1.010909342912418,0.0850492518807105,4,0.0,-0.3354249839314111,0.2546249253678617,0,-1.5200461931177045,0.3796721288811475,-0.0577875452794142,4,-0.6608531809232983,1,-0.2708956820867034,1.2715998527511878,-1.0785044383346123,0,0,-0.0572673987209239,-0.4262300150429028,-1.584178240646517,0.0,0.241988311858558,-0.1645114009902331,-0.6201892226844657,0.3380961637724818,0.3252275191030913,0.7649976209279952,-0.6791456840737199,0.2458339946348354,0,1,1,True,0.004383756292983272,0.9896435902010816,0.00597265350593505
-1.196177366481484,2,0.8516070319183144,-0.1471497200137397,0.0850492518807105,5,0.0,-0.3802889317791634,1.1697805251007627,1,-1.3724266443035866,-1.0261667362455194,-0.0577875452794142,7,-1.5679065665042955,2,-0.2500727742168326,-1.580959516149192,1.324225833479301,0,0,0.4893759527060795,-0.4262300150429028,0.2662325767951835,0.0,-0.9320143892374164,-0.678773515728442,-0.6201892226844657,-1.0778621289498782,-0.4911735278257753,-0.339393739508197,-0.3687152874355457,-0.5952272282818631,1,2,2,True,0.00028202397305639843,0.21588288398058042,0.7838350920463631
-0.42966440714069,2,-0.5639603416895632,1.950552221311621,0.0850492518807105,1,0.0,0.8642702140714458,1.1697805251007627,1,-1.0771875466753518,-1.0261667362455194,-0.0577875452794142,4,-0.6608531809232983,2,-0.4638262978606084,1.3827677327728758,-0.6780493930322936,0,0,-0.6039107501479274,-0.4262300150429028,1.1914379855160335,0.0,-0.9320143892374164,-0.8073390444129942,-0.6201892226844657,0.3380961637724818,-0.3278933184400019,-0.339393739508197,-0.6791456840737199,-0.5952272282818631,0,1,1,True,0.06052603357946219,0.9334829650791122,0.005991001341425627
0.8843578088720997,2,0.5020536174196967,2.320734916839626,-0.8916882501868245,5,0.0,1.1533934335347382,1.1697805251007627,0,-0.8803614815898617,-1.0261667362455194,1.7496101475022634,5,-0.6608531809232983,2,2.167509325205514,0.3943433330351623,-0.6780493930322936,0,0,-1.1505541015749308,-0.4262300150429028,0.2662325767951835,0.0,-0.9320143892374164,1.2497094145398413,-0.6201892226844657,0.3380961637724818,2.284590031732371,0.4888997808189471,1.8042974890316736,0.5261877356070683,0,1,2,False,0.0023059740941765456,0.17212513788301814,0.8255688880228053
-1.196177366481484,2,-0.54412752384567,-0.6407266473844129,-0.8916882501868245,1,0.0,0.4156307355939231,0.2546249253678617,1,-0.6343289002329991,0.3796721288811475,-0.9614863916702532,6,1.153253590238697,2,-0.770857949615336,-0.6099621924199352,-0.6780493930322936,0,1,1.3093409798465847,2.346151056253851,-0.6589728319256667,0.0,-0.9320143892374164,-0.4216424583593375,-0.6201892226844657,-1.0778621289498782,0.161947309717318,0.212801940709899,-0.0582848907973714,-0.5952272282818631,0,1,1,True,0.009486831953624274,0.8501277032486378,0.14038546479773792
0.8843578088720997,2,1.6226078255996628,-0.270543951856408,0.0850492518807105,3,0.0,0.2827005197487311,-1.5756862740979405,0,0.841866587908176,0.3796721288811475,-0.9614863916702532,6,0.2462002046576992,1,-0.4304671495384684,0.8132958619158851,0.523315742874663,0,1,1.036019304133083,-0.4262300150429028,0.2662325767951835,0.0,0.241988311858558,-0.5502079870438897,-0.6201892226844657,-1.0778621289498782,-0.6544537372115486,-0.6154915796172451,-0.6791456840737199,-0.5952272282818631,0,1,1,True,0.0017509537279188515,0.887879069998578,0.11036997627350308
-0.8676718124782865,2,0.0062331713223664,-1.010909342912418,-0.8916882501868245,1,0.0,-0.3470563778178654,-0.6605306743650393,0,-1.4708396768463317,-1.0261667362455194,-0.9614863916702532,2,-1.5679065665042955,1,-0.8889960799790928,-1.0714986247729354,-0.6780493930322936,0,1,-1.1505541015749308,-0.4262300150429028,1.1914379855160335,0.0,0.241988311858558,-1.3216011591512031,-1.3960855268088614,0.3380961637724818,-0.9810141559830952,-1.1676872598353414,-0.6791456840737199,-1.1559347102263289,1,1,1,True,0.30419639973981466,0.6957839042796073,1.9695980577900945e-05
1.4318670655440953,0,-1.629974300798823,-1.010909342912418,0.0850492518807105,1,0.0,0.0251482265486718,1.1697805251007627,0,1.432344783164646,0.3796721288811475,-0.0577875452794142,7,0.2462002046576992,1,-0.0331320707970562,1.490703171276866,-1.0785044383346123,0,0,-0.8772324258614291,-0.4262300150429028,-1.584178240646517,0.0,0.241988311858558,0.9925783571707368,0.1557070814399298,0.3380961637724818,1.794749403575051,0.7649976209279952,-0.6791456840737199,2.488663922412698,0,2,2,True,0.00031235497198291065,0.10611438273183946,0.8935732622961776
0.9938596602064989,2,-0.2416770517262986,-0.8875151110697495,1.0617867539482455,2,0.0,-1.6398027269123563,-0.6605306743650393,0,0.841866587908176,0.3796721288811475,2.6533089938931025,3,-1.5679065665042955,2,2.644098941043475,1.1958482884886217,0.1228606975723441,0,0,-0.8772324258614291,-0.4262300150429028,1.1914379855160335,0.0,-0.9320143892374164,1.3782749432243937,-0.6201892226844657,-1.0778621289498782,-0.8177339465973219,-0.6154915796172451,-0.0582848907973714,-0.8755809692540959,0,2,1,False,0.025942108881105097,0.8960868665731475,0.07797102454574721
0.1178448495313057,1,0.9507711211377804,-0.7641208792270812,1.0617867539482455,4,0.0,0.0583807805099698,0.2546249253678617,1,-1.0771875466753518,0.3796721288811475,-0.9614863916702532,6,0.2462002046576992,1,-0.7823317968089383,-1.5903757588311809,0.1228606975723441,0,0,0.2160542769925777,-0.4262300150429028,-1.584178240646517,0.0,0.241988311858558,-0.4216424583593375,-0.6201892226844657,0.3380961637724818,-0.8177339465973219,-0.6154915796172451,-0.0582848907973714,-0.5952272282818631,0,1,1,True,0.0018622059084014704,0.9515894922691802,0.046548301822418356
0.0083429981969065,2,-0.5738767506115098,0.0996387436715968,-1.86842575225436,1,0.0,-0.370319165590774,1.1697805251007627,0,0.7926600716368035,0.3796721288811475,-0.9614863916702532,6,-1.5679065665042955,0,-0.7906184642265399,0.7858903794832314,-1.0785044383346123,0,1,-0.6039107501479274,-0.4262300150429028,-0.6589728319256667,0.0,1.4159910129545328,-0.678773515728442,0.1557070814399298,-1.0778621289498782,-0.3278933184400019,-0.339393739508197,0.5625759024789769,-0.3148734873096303,0,1,1,True,0.0028144674330858096,0.8303685329481869,0.16681699961872717
0.2273467008657048,1,-0.3234874253323581,-0.270543951856408,-0.8916882501868245,3,0.0,-0.9651818814980078,0.2546249253678617,1,-0.5851223839616266,-1.0261667362455194,2.6533089938931025,3,1.153253590238697,1,2.7131545028568222,0.9595989758255908,-0.6780493930322936,0,0,-0.0572673987209239,-0.4262300150429028,-1.584178240646517,0.0,0.241988311858558,1.2497094145398413,-0.6201892226844657,0.3380961637724818,2.284590031732371,1.3171933011460917,3.3564494722225446,-0.3148734873096303,0,1,1,True,0.015098181206320883,0.7447468678007112,0.24015495099296788
-0.42966440714069,2,-0.5292529104627501,2.320734916839626,1.0617867539482455,1,0.0,0.8709167248637053,-0.6605306743650393,1,0.645040522822686,0.3796721288811475,-0.0577875452794142,2,0.2462002046576992,1,-0.2753577337731043,1.2136969873037349,-0.6780493930322936,0,1,-0.8772324258614291,-0.4262300150429028,-0.6589728319256667,0.0,0.241988311858558,0.4783162424325279,0.1557070814399298,0.3380961637724818,1.304908775417731,2.6976825016913315,0.8730062991171511,0.8065414765793012,0,1,1,True,0.030603791273138094,0.9693246306440669,7.157808279511481e-05
-0.5391662584750891,1,-1.0498643788649469,-0.5173324155417446,-0.8916882501868245,1,0.0,-0.2257575558591278,-0.6605306743650393,1,-0.8803614815898617,0.3796721288811475,-0.0577875452794142,7,-0.6608531809232983,1,0.0044766505597512,-0.7620274846872758,-0.6780493930322936,0,0,-0.3305890744344257,-0.4262300150429028,1.1914379855160335,0.0,0.241988311858558,-0.1645114009902331,0.1557070814399298,0.3380961637724818,0.4885077284888646,1.041095461037043,0.8730062991171511,-0.3148734873096303,0,2,2,True,0.0005686099418773481,0.09741645092129937,0.9020149391368232
-1.196177366481484,0,-1.332482033140425,2.4441291486822943,-0.8916882501868245,3,0.0,0.0201633434544771,-0.6605306743650393,1,0.645040522822686,-2.432005601372186,-0.0577875452794142,7,-1.5679065665042955,2,-0.3259276528856477,1.0540424845165823,2.1251359240839385,0,0,0.7626976284195812,-0.4262300150429028,1.1914379855160335,0.0,-0.9320143892374164,-0.5502079870438897,2.4833959938131165,0.3380961637724818,-0.8177339465973219,-0.6154915796172451,-0.0582848907973714,-0.5952272282818631,1,2,2,True,0.00011360342760106543,0.18196176164322184,0.8179246349291771
1.3223652142096962,2,0.016149580244313,-1.010909342912418,0.0850492518807105,1,0.0,1.0836050702160125,0.2546249253678617,1,-1.4708396768463317,0.3796721288811475,1.7496101475022634,3,0.2462002046576992,2,1.8859751116587915,1.1342913587168146,0.523315742874663,0,0,-0.3305890744344257,-0.4262300150429028,-1.584178240646517,0.0,-0.9320143892374164,1.5068404719089457,-0.6201892226844657,0.3380961637724818,0.161947309717318,0.7649976209279952,-0.6791456840737199,-1.1559347102263289,0,1,1,True,0.14405446920624979,0.8412738530795114,0.014671677714238803
-0.8676718124782865,2,1.406925931547324,-0.7641208792270812,-1.86842575225436,3,0.0,0.9323969496921066,-0.6605306743650393,1,1.038692652993666,0.3796721288811475,-0.9614863916702532,2,-1.5679065665042955,2,-0.3781974012120581,0.2670132454249861,-0.6780493930322936,0,1,0.7626976284195812,-0.4262300150429028,1.1914379855160335,0.0,-0.9320143892374164,-0.1645114009902331,0.1557070814399298,0.3380961637724818,0.4885077284888646,1.3171933011460917,-0.3687152874355457,0.2458339946348354,0,1,1,True,0.04584102419821071,0.9541422983774177,1.667742437153887e-05
-0.1011588531374925,2,0.5913012977172161,0.4698214391996017,0.0850492518807105,0,0.0,-0.3254552177430217,0.2546249253678617,1,-1.4708396768463317,0.3796721288811475,-0.9614863916702532,1,-0.6608531809232983,1,-0.9263923226841668,1.576011519156973,0.523315742874663,0,0,-0.6039107501479274,-0.4262300150429028,-0.6589728319256667,0.0,0.241988311858558,-0.4216424583593375,-0.6201892226844657,0.3380961637724818,-0.3278933184400019,-0.6154915796172451,-0.6791456840737199,-0.0345197463373974,0,0,1,False,0.28662528972419155,0.7133741040844279,6.061913805458532e-07
-0.6486681098094882,1,0.6384042400964625,-1.010909342912418,0.0850492518807105,1,0.0,0.5086818866855575,1.1697805251007627,0,-0.5851223839616266,0.3796721288811475,-0.9614863916702532,8,-0.6608531809232983,2,-0.8926082170585602,-0.8424168998230602,-0.6780493930322936,0,1,-1.1505541015749308,-0.4262300150429028,-1.584178240646517,0.0,-0.9320143892374164,-1.0644701017820986,-0.6201892226844657,1.754054456494842,-0.6544537372115486,-0.6154915796172451,-0.0582848907973714,-0.5952272282818631,1,2,2,True,0.00029926038345346573,0.047554126387348454,0.952146613229198
-0.3201625558062908,0,0.4078477326612039,0.8400041347276065,1.0617867539482455,5,0.0,1.4624561853748093,1.1697805251007627,1,0.9402796204509212,-2.432005601372186,-0.9614863916702532,6,-1.5679065665042955,1,-0.8915458237998933,0.0206449854022061,-0.6780493930322936,0,1,2.1293060069870897,2.346151056253851,-0.6589728319256667,0.0,0.241988311858558,-0.8073390444129942,-0.6201892226844657,0.3380961637724818,-0.3278933184400019,-0.6154915796172451,0.2521455058408027,-1.1559347102263289,1,1,1,True,0.0010923835607447461,0.7875116988030032,0.21139591763625193
-0.2106607044718917,2,1.0201859835914069,-1.010909342912418,0.0850492518807105,3,0.0,-1.5284736711420084,-0.6605306743650393,1,-1.7660787744745667,-1.0261667362455194,-0.9614863916702532,6,0.2462002046576992,2,-0.77425760804307,1.6815577617565782,-0.6780493930322936,0,0,0.7626976284195812,-0.4262300150429028,-1.584178240646517,0.0,-0.9320143892374164,-0.678773515728442,0.1557070814399298,0.3380961637724818,-0.1646131090542286,-0.063295899399149,-0.6791456840737199,-0.0345197463373974,0,1,1,True,0.001311194587304608,0.9415345821954658,0.0571542232172296
0.0083429981969065,2,-0.8837645294223412,-1.010909342912418,1.0617867539482455,1,0.0,-0.6478109911676121,-0.6605306743650393,0,-0.043850704976529,0.3796721288811475,-0.0577875452794142,4,-0.6608531809232983,1,-0.0118842056237186,0.1950562864223259,1.324225833479301,0,0,-0.8772324258614291,-0.4262300150429028,-0.6589728319256667,0.0,0.241988311858558,-0.4216424583593375,-0.6201892226844657,-1.0778621289498782,-0.1646131090542286,0.212801940709899,0.5625759024789769,-0.3148734873096303,0,1,1,True,0.02533293523144899,0.9653398023860211,0.009327262382529814
-1.0866755151470848,2,1.238346979874232,1.2101868302556114,0.0850492518807105,4,0.0,0.9872306637282484,1.1697805251007627,1,0.0545623275662159,-1.0261667362455194,-0.9614863916702532,2,-1.5679065665042955,0,-0.5177958754008858,0.2778348974624956,-0.6780493930322936,0,0,-1.1505541015749308,-0.4262300150429028,-1.584178240646517,0.0,1.4159910129545328,-0.5502079870438897,0.1557070814399298,0.3380961637724818,-0.0013328996684553,0.7649976209279952,-0.6791456840737199,0.8065414765793012,0,1,1,True,0.018951246314627027,0.9810417915946237,6.962090749106234e-06
-0.9771736638126856,2,0.9383756099853472,-1.010909342912418,0.0850492518807105,1,0.0,1.28632364937993,0.2546249253678617,1,0.7926600716368035,0.3796721288811475,-0.9614863916702532,6,1.153253590238697,1,-0.947427709205771,-1.2342450281422337,-0.6780493930322936,0,0,-1.1505541015749308,-0.4262300150429028,0.2662325767951835,0.0,0.241988311858558,-0.8073390444129942,2.4833959938131165,1.754054456494842,-0.3278933184400019,-0.339393739508197,-0.6791456840737199,-0.3148734873096303,0,1,1,True,0.008461083673025794,0.892634728393908,0.09890418793306624
0.5558522548689022,2,1.4713825895399772,-0.3939381836990763,0.0850492518807105,3,0.0,1.4724259515631988,0.2546249253678617,1,0.841866587908176,0.3796721288811475,0.8459113011114247,5,-1.5679065665042955,1,1.4544309699883058,0.0743316227830972,2.5255909693862573,0,0,-0.6039107501479274,-0.4262300150429028,-0.6589728319256667,0.0,0.241988311858558,0.8640128284861845,0.1557070814399298,1.754054456494842,0.9783483566461848,0.7649976209279952,0.8730062991171511,0.8065414765793012,0,1,1,True,0.0197979122275156,0.7656623517979185,0.21453973597456585
-0.2106607044718917,2,1.03258149474384,1.0867925984129432,0.0850492518807105,3,0.0,-0.0828575738255465,0.2546249253678617,0,0.9894861367222936,0.3796721288811475,-0.0577875452794142,7,0.2462002046576992,1,-0.4041197967235299,-1.1431745019044917,-0.6780493930322936,0,0,0.2160542769925777,-0.4262300150429028,-0.6589728319256667,0.0,-0.9320143892374164,-0.8073390444129942,0.1557070814399298,0.3380961637724818,-0.3278933184400019,-0.6154915796172451,-0.3687152874355457,-1.1559347102263289,0,2,2,True,0.00017634136915309072,0.1015338327988836,0.8982898258319634
-1.8531884744878788,2,-0.3681112654811178,1.456975293940948,0.0850492518807105,2,0.0,0.334210978388743,0.2546249253678617,1,-1.1263940629467242,1.7855109940078144,-0.9614863916702532,8,1.153253590238697,2,-0.812716244006811,-1.3018452181427795,-0.6780493930322936,0,0,0.4893759527060795,-0.4262300150429028,1.1914379855160335,0.0,-0.9320143892374164,-1.193035630466651,-0.6201892226844657,0.3380961637724818,-0.8177339465973219,-0.8915894197262932,-0.0582848907973714,-0.5952272282818631,0,2,2,True,0.00048696155453251686,0.1311373964585112,0.8683756419869563
1.103361511540898,2,1.6845853813618292,-0.5173324155417446,2.038524256015781,1,0.0,-0.960196998403813,1.1697805251007627,1,-1.1756005792180968,0.3796721288811475,2.6533089938931025,5,0.2462002046576992,1,2.5066252533719813,0.2897808769844217,0.523315742874663,0,0,-1.1505541015749308,-0.4262300150429028,-0.6589728319256667,0.0,0.241988311858558,1.2497094145398413,-0.6201892226844657,0.3380961637724818,-0.6544537372115486,-0.6154915796172451,-0.3687152874355457,-0.8755809692540959,0,1,2,False,0.004974777190861143,0.2373562843839355,0.7576689384252033
-1.0866755151470848,2,-0.4573589457786372,-0.6407266473844129,0.0850492518807105,1,0.0,-0.1526459371442722,-0.6605306743650393,0,0.4974209740085685,0.3796721288811475,-0.9614863916702532,6,0.2462002046576992,2,-0.8892085586308262,0.491176037630539,-0.6780493930322936,0,0,1.036019304133083,-0.4262300150429028,0.2662325767951835,0.0,-0.9320143892374164,-1.3216011591512031,-0.6201892226844657,0.3380961637724818,-0.9810141559830952,-0.8915894197262932,-0.6791456840737199,-1.1559347102263289,0,1,1,True,0.008288727627363426,0.8202374154678891,0.17147385690474745
-1.0866755151470848,1,0.8144204984610147,0.7166099028849382,0.0850492518807105,1,0.0,1.4042992159425378,1.1697805251007627,0,0.5466274902799411,-1.0261667362455194,-0.9614863916702532,6,-1.5679065665042955,1,-0.3673609899736559,1.339481124622838,-1.0785044383346123,0,0,1.036019304133083,-0.4262300150429028,1.1914379855160335,0.0,0.241988311858558,-0.4216424583593375,-0.6201892226844657,-1.0778621289498782,-0.0013328996684553,0.4888997808189471,1.4938670923934996,-0.3148734873096303,0,1,1,True,0.004594431963074268,0.7833904975487241,0.2120150704882016
0.2273467008657048,1,0.3533074835904976,1.5803695257836163,0.0850492518807105,3,0.0,0.0301331096428665,1.1697805251007627,0,0.7926600716368035,0.3796721288811475,0.8459113011114247,4,-1.5679065665042955,2,0.930033657510335,-1.2972073672695612,-0.6780493930322936,0,1,-0.6039107501479274,-0.4262300150429028,0.2662325767951835,0.0,-0.9320143892374164,1.2497094145398413,-0.6201892226844657,0.3380961637724818,2.284590031732371,0.4888997808189471,-0.0582848907973714,1.086895217551534,0,1,1,True,0.028206790497240262,0.9170605232382898,0.054732686264469935
0.7748559575377005,2,-0.4400052301652307,-0.6407266473844129,0.0850492518807105,3,0.0,-0.2872377806875291,1.1697805251007627,1,-0.7819484490471167,0.3796721288811475,-0.0577875452794142,0,-0.6608531809232983,2,-0.1210982326146737,-1.281185700616625,2.5255909693862573,0,0,-0.8772324258614291,-0.4262300150429028,1.1914379855160335,0.0,-0.9320143892374164,-0.1645114009902331,-0.6201892226844657,-1.0778621289498782,-0.3278933184400019,-0.6154915796172451,-0.0582848907973714,-0.3148734873096303,0,1,1,True,0.3004202244524924,0.6995794236345932,3.519129142402411e-07
-0.7581699611438873,2,1.3176782512498049,-0.6407266473844129,-0.8916882501868245,3,0.0,-1.50188762797297,0.2546249253678617,0,-0.142263737519274,-1.0261667362455194,-0.0577875452794142,7,-0.6608531809232983,0,-0.2749327764696376,0.7655119438281811,-0.6780493930322936,0,1,-0.8772324258614291,-0.4262300150429028,-0.6589728319256667,0.0,2.5899937140505074,-0.0359458723056809,0.9316033855643254,-1.0778621289498782,0.651787937874638,1.041095461037043,-0.0582848907973714,0.8065414765793012,0,2,2,True,2.0432192513690495e-05,0.187948568048635,0.8120309997588513
1.3223652142096962,2,-0.8391406892735814,0.8400041347276065,0.0850492518807105,3,0.0,1.0786201871218175,1.1697805251007627,0,0.3990079414658235,0.3796721288811475,-0.9614863916702532,2,-1.5679065665042955,0,-0.8320518013145481,1.4936545309234597,0.523315742874663,0,1,0.2160542769925777,-0.4262300150429028,-0.6589728319256667,0.0,0.241988311858558,0.7354472998016324,-0.6201892226844657,-1.0778621289498782,-0.8177339465973219,-0.6154915796172451,-0.0582848907973714,-0.5952272282818631,0,1,1,True,0.028193384947562912,0.9718004980782828,6.1169741543124706e-06
2.198380024884889,2,-1.4688326558171907,2.4441291486822943,0.0850492518807105,2,0.0,-0.7591400469379603,-1.5756862740979405,1,-0.4867093514188816,-1.0261667362455194,1.7496101475022634,3,1.153253590238697,0,1.618039531823005,1.0946588148911307,0.1228606975723441,0,0,-0.8772324258614291,-0.4262300150429028,0.2662325767951835,0.0,0.241988311858558,2.6639302300699157,0.1557070814399298,-1.0778621289498782,-0.9810141559830952,-1.1676872598353414,-0.6791456840737199,-1.1559347102263289,0,2,1,False,0.019465404932167953,0.9773937268969449,0.003140868170887074
-1.0866755151470848,2,-0.1846577004251056,1.7037637576262843,-1.86842575225436,3,0.0,1.3943294497541483,-0.6605306743650393,0,-1.4708396768463317,-1.0261667362455194,-0.0577875452794142,8,0.2462002046576992,1,-0.6295596462126413,-1.0252606569763043,-0.6780493930322936,0,0,1.5826626555600865,2.346151056253851,1.1914379855160335,0.0,0.241988311858558,-0.2930769296747854,1.707499689688721,0.3380961637724818,0.3252275191030913,1.041095461037043,0.8730062991171511,1.086895217551534,0,2,2,True,5.656857024437237e-06,0.019934022359845063,0.9800603207831307
-0.42966440714069,2,-1.4514789402037842,0.0996387436715968,1.0617867539482455,2,0.0,1.4940271116380424,-0.6605306743650393,1,-1.1263940629467242,0.3796721288811475,-0.0577875452794142,7,0.2462002046576992,2,-0.2158637112877592,-0.5485458035836803,-0.6780493930322936,0,0,-0.3305890744344257,-0.4262300150429028,-0.6589728319256667,0.0,-0.9320143892374164,-0.1645114009902331,-0.6201892226844657,-1.0778621289498782,0.4885077284888646,-0.063295899399149,-0.6791456840737199,1.3672489585237668,0,2,2,True,0.002036003804033572,0.26145433695753945,0.736509659238427
-0.2106607044718917,1,0.1252300783857257,1.0867925984129432,2.038524256015781,1,0.0,-1.5799841297820203,-0.6605306743650393,1,0.251388392651706,0.3796721288811475,0.8459113011114247,7,-1.5679065665042955,1,0.5452348192211919,-0.4612698826058444,-0.6780493930322936,0,0,1.855984331273588,2.346151056253851,1.1914379855160335,0.0,0.241988311858558,-0.2930769296747854,0.1557070814399298,-1.0778621289498782,0.3252275191030913,1.041095461037043,-0.3687152874355457,1.086895217551534,0,2,2,True,4.3529026459755756e-05,0.03221146074886536,0.9677450102246749
-1.196177366481484,2,1.6027750077557696,0.8400041347276065,1.0617867539482455,3,0.0,-1.0482632664012528,-1.5756862740979405,1,-1.0279810304039791,0.3796721288811475,-0.9614863916702532,2,-0.6608531809232983,0,-0.8775222327854906,-0.0187064765523736,-0.2775943477299747,0,1,-0.6039107501479274,-0.4262300150429028,1.1914379855160335,0.0,0.241988311858558,-0.8073390444129942,-0.6201892226844657,0.3380961637724818,-0.6544537372115486,-0.6154915796172451,-0.6791456840737199,-0.5952272282818631,1,1,1,True,0.05181255574949739,0.9481805376183726,6.906632129931967e-06
0.2273467008657048,0,-1.729138390018289,-0.0237554881710714,0.0850492518807105,1,0.0,1.6568666260484024,1.1697805251007627,1,1.038692652993666,0.3796721288811475,2.6533089938931025,3,1.153253590238697,2,2.746938608482429,0.1389804531370497,-0.2775943477299747,0,0,-0.6039107501479274,-0.4262300150429028,0.2662325767951835,0.0,-0.9320143892374164,1.2497094145398413,0.1557070814399298,-1.0778621289498782,-0.1646131090542286,-1.1676872598353414,-0.3687152874355457,-0.3148734873096303,0,1,1,True,0.12909560382038143,0.7986638129706429,0.07224058320897557
-0.6486681098094882,2,0.0632525226235594,-0.8875151110697495,-1.86842575225436,1,0.0,-0.6993214498076239,-0.6605306743650393,1,0.5466274902799411,0.3796721288811475,-0.0577875452794142,7,1.153253590238697,2,0.016800412360287,-0.8386222945631543,0.523315742874663,0,1,-0.6039107501479274,-0.4262300150429028,0.2662325767951835,0.0,-0.9320143892374164,-0.1645114009902331,-0.6201892226844657,1.754054456494842,-0.1646131090542286,0.212801940709899,-0.6791456840737199,0.2458339946348354,0,2,2,True,0.0017938386789442637,0.2370876553807764,0.7611185059402794
-0.2106607044718917,2,0.0359823980882062,-1.010909342912418,0.0850492518807105,3,0.0,0.5718237392120236,1.1697805251007627,0,-0.2898832863333916,-1.0261667362455194,-0.0577875452794142,2,1.153253590238697,1,-0.2422110641026977,-0.4872699556829775,-1.0785044383346123,0,0,-0.8772324258614291,-0.4262300150429028,-0.6589728319256667,0.0,0.241988311858558,-0.1645114009902331,-2.171981830933257,0.3380961637724818,0.3252275191030913,0.7649976209279952,-0.6791456840737199,-1.1559347102263289,0,1,1,True,0.07668159915631786,0.9231669312653104,0.00015146957837170236
-0.7581699611438873,2,1.1714112196510924,2.320734916839626,-0.8916882501868245,3,0.0,-0.9701667645922024,1.1697805251007627,0,-0.0930572212479015,0.3796721288811475,-0.0577875452794142,6,1.153253590238697,1,-0.154669859588547,-0.3343614178023245,-0.6780493930322936,0,0,-0.6039107501479274,-0.4262300150429028,1.1914379855160335,0.0,1.4159910129545328,-0.0359458723056809,-0.6201892226844657,0.3380961637724818,0.4885077284888646,1.041095461037043,-0.3687152874355457,1.3672489585237668,0,1,1,True,0.0006029125226418878,0.6917964370309432,0.307600650446415
0.5558522548689022,1,-0.5763558528419964,-0.1471497200137397,0.0850492518807105,1,0.0,-0.3586877717043197,-0.6605306743650393,1,0.0053558112948434,0.3796721288811475,2.6533089938931025,3,1.153253590238697,0,2.53424747809732,0.268699736651611,-0.6780493930322936,0,0,-0.6039107501479274,-0.4262300150429028,-0.6589728319256667,0.0,0.241988311858558,1.6354060005934978,0.9316033855643254,-1.0778621289498782,2.774430659889691,0.7649976209279952,3.666879868860719,1.3672489585237668,0,1,1,True,0.04148447686190233,0.8073179804755801,0.15119754266251753
1.2128633628752972,2,1.074726232662113,-1.010909342912418,1.0617867539482455,1,0.0,-0.5996237879237301,1.1697805251007627,0,-1.2740136117608418,-1.0261667362455194,1.7496101475022634,3,-1.5679065665042955,1,1.890862120648659,0.5177382744498804,1.7246808787816197,0,0,-1.1505541015749308,-0.4262300150429028,-1.584178240646517,0.0,0.241988311858558,1.2497094145398413,0.1557070814399298,-2.4938204216722384,-0.6544537372115486,-0.6154915796172451,-0.6791456840737199,-0.5952272282818631,0,1,1,True,0.03598644583061566,0.9556414830192708,0.008372071150113626
-0.3201625558062908,1,-0.6011468751468629,-1.010909342912418,1.0617867539482455,4,0.0,0.6748446564920473,1.1697805251007627,1,1.235518718079156,0.3796721288811475,-0.9614863916702532,6,-1.5679065665042955,0,-0.7451480327555976,0.8391553940574662,0.9237707881769818,0,0,-0.3305890744344257,-0.4262300150429028,0.2662325767951835,0.0,1.4159910129545328,-0.1645114009902331,-0.6201892226844657,0.3380961637724818,-0.4911735278257753,-0.339393739508197,-0.3687152874355457,-0.3148734873096303,0,1,1,True,0.0022934283517586796,0.934715989191566,0.06299058245667556
0.8843578088720997,2,-1.3647103621367511,-1.010909342912418,0.0850492518807105,4,0.0,-1.1446376728890169,0.2546249253678617,1,0.2021818763803334,1.7855109940078144,2.6533089938931025,3,1.153253590238697,1,2.6982809972354858,0.232861798085833,-1.0785044383346123,0,0,-1.1505541015749308,-0.4262300150429028,0.2662325767951835,0.0,0.241988311858558,1.76397152927805,-0.6201892226844657,0.3380961637724818,2.774430659889691,-1.1676872598353414,-0.3687152874355457,0.8065414765793012,0,1,1,True,0.10374714605446814,0.7621979302871644,0.1340549236583675
0.6653541062033014,2,-0.5664394439200499,0.2230329755142651,0.0850492518807105,1,0.0,1.5721236134470926,-1.5756862740979405,1,-1.7660787744745667,0.3796721288811475,0.8459113011114247,0,0.2462002046576992,1,0.2139806011688594,0.3597702628893529,-0.6780493930322936,0,0,0.4893759527060795,-0.4262300150429028,-0.6589728319256667,0.0,0.241988311858558,-0.1645114009902331,-1.3960855268088614,0.3380961637724818,0.4885077284888646,1.3171933011460917,-0.6791456840737199,1.3672489585237668,0,1,1,True,0.3618739854191169,0.6381241724530253,1.8421278577824387e-06
2.3078818762192883,2,-1.2729835796087454,-0.8875151110697495,0.0850492518807105,5,0.0,-0.0795343184294167,1.1697805251007627,1,-0.7327419327757442,0.3796721288811475,-0.9614863916702532,6,0.2462002046576992,2,-0.8549994957017527,1.6743901740434226,0.523315742874663,0,0,2.4026276827005915,2.346151056253851,-1.584178240646517,0.0,-0.9320143892374164,-0.5502079870438897,0.9316033855643254,0.3380961637724818,-0.9810141559830952,-1.1676872598353414,-0.6791456840737199,-1.1559347102263289,1,1,1,True,0.0012553611190754392,0.8279811336292288,0.1707635052516957
0.5558522548689022,2,0.130188282846699,0.3464272073569334,0.0850492518807105,3,0.0,1.2348131907399182,-0.6605306743650393,1,-0.4375028351475091,0.3796721288811475,-0.9614863916702532,2,-0.6608531809232983,0,-0.794018122654274,-0.7534544876185995,2.1251359240839385,0,0,1.855984331273588,2.346151056253851,-0.6589728319256667,0.0,2.5899937140505074,-0.5502079870438897,2.4833959938131165,-1.0778621289498782,-0.3278933184400019,-0.339393739508197,-0.6791456840737199,-0.0345197463373974,0,1,1,True,0.014591053800517546,0.9853957214775303,1.3224721952158413e-05
-0.7581699611438873,2,-0.9035973472662344,1.0867925984129432,0.0850492518807105,1,0.0,-1.3805888060142324,-1.5756862740979405,0,0.448214457737196,0.3796721288811475,-0.9614863916702532,6,0.2462002046576992,2,-0.8224902619865463,1.3487568263692746,-0.6780493930322936,0,0,-0.3305890744344257,-0.4262300150429028,0.2662325767951835,0.0,-0.9320143892374164,-0.8073390444129942,0.9316033855643254,-1.0778621289498782,-0.3278933184400019,-0.063295899399149,-0.6791456840737199,-0.0345197463373974,0,1,1,True,0.002076892274660372,0.8651410968064779,0.1327820109188616
-0.9771736638126856,2,1.6920226880532891,0.3464272073569334,-1.86842575225436,1,0.0,0.2494679657874332,0.2546249253678617,0,0.645040522822686,0.3796721288811475,-0.9614863916702532,2,1.153253590238697,1,-0.8473502642393512,1.2145402329170472,-0.6780493930322936,0,1,-1.1505541015749308,-0.4262300150429028,1.1914379855160335,0.0,-0.9320143892374164,-1.3216011591512031,0.9316033855643254,-1.0778621289498782,-0.9810141559830952,-0.8915894197262932,-0.6791456840737199,-1.1559347102263289,1,1,1,True,0.07411675212753945,0.9258535948366066,2.965303585403462e-05
-1.4151810691502822,0,0.0682107270845327,0.4698214391996017,-0.8916882501868245,1,0.0,0.7811888291682008,1.1697805251007627,0,0.5958340065513135,0.3796721288811475,-0.9614863916702532,8,-0.6608531809232983,1,-0.9497649743748382,-1.0133146774543782,-0.6780493930322936,0,0,-0.6039107501479274,-0.4262300150429028,0.2662325767951835,0.0,0.241988311858558,-1.3216011591512031,-0.6201892226844657,0.3380961637724818,-0.9810141559830952,-1.1676872598353414,-0.6791456840737199,-1.1559347102263289,0,2,2,True,0.00018018872096808638,0.04897649722313405,0.950843314055898
-0.42966440714069,2,-0.494545479235937,-0.0237554881710714,1.0617867539482455,2,0.0,0.219558667222265,-1.5756862740979405,0,0.5466274902799411,0.3796721288811475,-0.0577875452794142,7,-1.5679065665042955,2,0.3656903585064896,0.5722681574440839,-1.0785044383346123,0,1,0.4893759527060795,-0.4262300150429028,-1.584178240646517,0.0,-0.9320143892374164,-0.678773515728442,0.1557070814399298,0.3380961637724818,-0.3278933184400019,-0.6154915796172451,-0.6791456840737199,-0.3148734873096303,1,2,2,True,0.0003760878215226627,0.07189585750899846,0.9277280546694788
0.5558522548689022,1,1.1614948107291458,-0.8875151110697495,-1.86842575225436,3,0.0,-0.2490203436320364,-0.6605306743650393,1,-1.5200461931177045,0.3796721288811475,-0.9614863916702532,6,1.153253590238697,2,-0.8473502642393512,-0.7371517390945592,0.9237707881769818,0,1,-0.3305890744344257,-0.4262300150429028,1.1914379855160335,0.0,-0.9320143892374164,-0.4216424583593375,-0.6201892226844657,0.3380961637724818,-0.8177339465973219,-0.8915894197262932,-0.0582848907973714,-0.5952272282818631,0,1,1,True,0.003778231707239646,0.9495129932019188,0.04670877509084154
-0.5391662584750891,0,0.1475419984601055,-0.8875151110697495,-1.86842575225436,1,0.0,0.2743923812584067,0.2546249253678617,0,0.4974209740085685,0.3796721288811475,-0.9614863916702532,8,-1.5679065665042955,0,-0.7810569248985381,0.0890884210160646,-0.6780493930322936,0,0,-0.8772324258614291,-0.4262300150429028,0.2662325767951835,0.0,2.5899937140505074,-1.3216011591512031,0.1557070814399298,0.3380961637724818,-0.9810141559830952,-1.1676872598353414,-0.6791456840737199,-1.1559347102263289,0,2,2,True,5.332830875790628e-05,0.03249976592513938,0.9674469057661027
-1.3056792178158831,2,0.0186286824747997,-0.1471497200137397,0.0850492518807105,1,0.0,-0.5281737969069393,1.1697805251007627,1,-0.4375028351475091,1.7855109940078144,-0.0577875452794142,7,-0.6608531809232983,1,-0.351000133790186,0.1918238449046283,-1.0785044383346123,0,0,1.855984331273588,2.346151056253851,0.2662325767951835,0.0,0.241988311858558,-0.9359045730975464,0.9316033855643254,0.3380961637724818,-0.6544537372115486,-0.6154915796172451,-0.3687152874355457,-0.5952272282818631,0,2,2,True,0.00039043931913961997,0.1312682760364393,0.8683412846444212
0.0083429981969065,2,-1.2705044773782588,1.456975293940948,0.0850492518807105,1,0.0,-1.2592899840554947,-0.6605306743650393,1,-0.043850704976529,1.7855109940078144,-0.9614863916702532,6,-1.5679065665042955,1,-0.6244601585710403,1.2176321334991926,-0.6780493930322936,0,1,-0.8772324258614291,-0.4262300150429028,-1.584178240646517,0.0,0.241988311858558,-0.4216424583593375,0.1557070814399298,-1.0778621289498782,0.161947309717318,0.7649976209279952,-0.3687152874355457,0.8065414765793012,0,1,1,True,0.0031376479545062647,0.9230696018615803,0.07379275018391339
0.5558522548689022,1,-0.6135423862992962,2.073946453154289,0.0850492518807105,2,0.0,-1.0316469894206035,0.2546249253678617,0,0.5466274902799411,0.3796721288811475,1.7496101475022634,7,-0.6608531809232983,1,1.4920396913451133,0.0774235233652427,0.9237707881769818,0,0,-0.3305890744344257,-0.4262300150429028,1.1914379855160335,0.0,0.241988311858558,1.5068404719089457,-0.6201892226844657,1.754054456494842,2.1213098223465976,-0.063295899399149,0.5625759024789769,1.086895217551534,0,2,2,True,3.076173267765688e-05,0.004604187251666829,0.9953650510156554
1.6508707682128936,2,1.2953663311754249,0.2230329755142651,1.0617867539482455,1,0.0,-0.3520412609120601,1.1697805251007627,0,0.7926600716368035,0.3796721288811475,-0.0577875452794142,2,0.2462002046576992,1,-0.7126387990403912,1.055166812000999,2.1251359240839385,0,0,1.3093409798465847,2.346151056253851,-0.6589728319256667,0.0,0.241988311858558,-0.2930769296747854,0.1557070814399298,0.3380961637724818,-0.3278933184400019,-0.6154915796172451,-0.3687152874355457,-0.0345197463373974,0,1,1,True,0.03730621990039882,0.9625979725419123,9.580755768891184e-05
1.103361511540898,2,-1.488665473661084,-0.8875151110697495,-0.8916882501868245,4,0.0,-0.3404098670256058,0.2546249253678617,0,-1.6184592256604493,0.3796721288811475,1.7496101475022634,3,1.153253590238697,1,2.177708300488716,-0.1870745173437543,-0.6780493930322936,0,1,-1.1505541015749308,-0.4262300150429028,0.2662325767951835,0.0,0.241988311858558,1.8925370579626024,0.1557070814399298,-1.0778621289498782,3.1009910786612376,2.6976825016913315,0.2521455058408027,-1.1559347102263289,0,1,1,True,0.027556202451259434,0.8745485595353687,0.09789523801337176
-0.2106607044718917,0,0.7301310226244685,0.2230329755142651,-0.8916882501868245,3,0.0,-1.5866306405742798,0.2546249253678617,1,0.645040522822686,-1.0261667362455194,0.8459113011114247,0,-1.5679065665042955,1,0.7184049203838929,-0.8448060957274455,-0.2775943477299747,0,1,-0.6039107501479274,-0.4262300150429028,0.2662325767951835,0.0,0.241988311858558,-0.1645114009902331,0.1557070814399298,0.3380961637724818,-0.4911735278257753,-1.1676872598353414,-0.0582848907973714,-0.3148734873096303,0,1,1,True,0.06467940107216869,0.9353182829084942,2.3160193370927815e-06
-1.3056792178158831,2,0.4326387549660704,-0.8875151110697495,-1.86842575225436,4,0.0,1.6070177951064557,1.1697805251007627,1,-0.4375028351475091,0.3796721288811475,-0.9614863916702532,2,0.2462002046576992,0,-0.5367064754051563,-0.9859091950217244,1.324225833479301,0,1,1.036019304133083,-0.4262300150429028,0.2662325767951835,0.0,0.241988311858558,-0.5502079870438897,-0.6201892226844657,-1.0778621289498782,-0.8177339465973219,-0.6154915796172451,-0.6791456840737199,-0.5952272282818631,0,1,1,True,0.05622925466567064,0.943766576916085,4.168418244208282e-06
-0.9771736638126856,1,-0.0284742599044466,-1.010909342912418,1.0617867539482455,3,0.0,0.433908640272637,1.1697805251007627,1,-1.0771875466753518,0.3796721288811475,-0.9614863916702532,2,0.2462002046576992,2,-0.9240550575150998,-1.0499958616334688,-1.0785044383346123,0,1,-1.1505541015749308,-0.4262300150429028,0.2662325767951835,0.0,-0.9320143892374164,-0.8073390444129942,-0.6201892226844657,-1.0778621289498782,-0.4911735278257753,-0.6154915796172451,-0.6791456840737199,-0.5952272282818631,0,1,1,True,0.05536713424005067,0.9446250186797578,7.847080191476067e-06
-0.1011588531374925,2,-0.6755199420614625,-0.7641208792270812,-1.86842575225436,1,0.0,-0.0961505954100657,0.2546249253678617,1,-0.7327419327757442,-1.0261667362455194,0.8459113011114247,7,1.153253590238697,1,0.8121080057983115,-1.2360720603044104,-0.6780493930322936,0,1,-1.1505541015749308,-0.4262300150429028,-1.584178240646517,0.0,0.241988311858558,0.6068817711170802,2.4833959938131165,0.3380961637724818,1.4681889848035046,0.7649976209279952,0.2521455058408027,0.8065414765793012,1,2,2,True,0.00010731827203296924,0.02304632277118174,0.9768463589567854
0.1178448495313057,2,-0.2838217896445716,1.7037637576262843,1.0617867539482455,1,0.0,-1.0499248940993176,1.1697805251007627,1,0.7926600716368035,0.3796721288811475,-0.0577875452794142,0,1.153253590238697,0,-0.1610442191405482,0.6445061983178482,2.5255909693862573,0,0,-0.3305890744344257,-0.4262300150429028,-0.6589728319256667,0.0,0.241988311858558,-0.1645114009902331,-0.6201892226844657,0.3380961637724818,-0.8177339465973219,-0.6154915796172451,-0.3687152874355457,-0.5952272282818631,0,1,1,True,0.24561872333499915,0.7543810460350141,2.306299868324786e-07
-0.6486681098094882,2,-0.1524293714287791,-0.8875151110697495,1.0617867539482455,1,0.0,1.156716688930868,-0.6605306743650393,1,0.1529753601089609,0.3796721288811475,-0.9614863916702532,2,0.2462002046576992,1,-0.642945801271844,0.5326356136183998,-0.6780493930322936,0,0,-0.3305890744344257,-0.4262300150429028,1.1914379855160335,0.0,0.241988311858558,-0.678773515728442,-0.6201892226844657,1.754054456494842,-0.3278933184400019,-0.6154915796172451,-0.6791456840737199,-0.3148734873096303,0,1,1,True,0.3065672737160871,0.6934223109411484,1.0415342764435448e-05
0.3368485522001039,0,0.7226937159330086,2.320734916839626,0.0850492518807105,4,0.0,-0.6810435451289101,0.2546249253678617,1,-0.3882963188761366,-2.432005601372186,0.8459113011114247,7,-1.5679065665042955,0,0.9410825474004704,-0.4132048826470362,0.1228606975723441,0,0,-0.0572673987209239,-0.4262300150429028,0.2662325767951835,0.0,0.241988311858558,1.121143885855289,-0.6201892226844657,0.3380961637724818,-0.9810141559830952,-1.1676872598353414,-0.6791456840737199,-0.8755809692540959,0,2,2,True,0.00014283122434937385,0.15120492500877433,0.8486522437668763
-0.1011588531374925,2,1.1490992995767126,0.0996387436715968,1.0617867539482455,5,0.0,1.4209154929231869,-0.6605306743650393,0,-0.142263737519274,-1.0261667362455194,-0.0577875452794142,7,0.2462002046576992,1,-0.1763426820653513,-1.159898873235188,-0.6780493930322936,0,1,-0.6039107501479274,-0.4262300150429028,-1.584178240646517,0.0,0.241988311858558,-0.1645114009902331,0.9316033855643254,0.3380961637724818,0.4885077284888646,1.3171933011460917,-0.3687152874355457,0.8065414765793012,0,2,2,True,5.699007788291488e-05,0.22810338906886143,0.7718396208532556
-1.3056792178158831,2,0.1971240430698386,1.2101868302556114,-1.86842575225436,3,0.0,0.5535458345333096,1.1697805251007627,1,0.0545623275662159,0.3796721288811475,-0.9614863916702532,2,1.153253590238697,1,-0.6021499001390359,-0.7361679525456948,0.1228606975723441,0,0,-1.1505541015749308,-0.4262300150429028,0.2662325767951835,0.0,2.5899937140505074,-0.5502079870438897,2.4833959938131165,-1.0778621289498782,-0.6544537372115486,-0.6154915796172451,-0.3687152874355457,-0.5952272282818631,0,1,1,True,0.008728102712170095,0.9912592097500341,1.2687537795743487e-05
-1.3056792178158831,0,-0.3160501186408981,-0.5173324155417446,-0.8916882501868245,1,0.0,-1.0898039588528752,-0.6605306743650393,1,0.9402796204509212,1.7855109940078144,-0.0577875452794142,0,-1.5679065665042955,0,-0.5318194664152885,0.5721276165085317,-0.6780493930322936,0,0,-0.8772324258614291,-0.4262300150429028,1.1914379855160335,0.0,1.4159910129545328,-0.678773515728442,-0.6201892226844657,0.3380961637724818,-0.1646131090542286,-0.339393739508197,-0.3687152874355457,0.2458339946348354,0,1,1,True,0.16551727304565614,0.8344820044446558,7.225096879977172e-07
-0.8676718124782865,2,0.5144491285721299,-1.010909342912418,0.0850492518807105,1,0.0,0.3724284154442357,-1.5756862740979405,0,1.5307578157073911,0.3796721288811475,-0.9614863916702532,6,1.153253590238697,0,-0.5828143428312987,-1.2248287854602449,-0.6780493930322936,0,0,-0.0572673987209239,-0.4262300150429028,-1.584178240646517,0.0,2.5899937140505074,-1.0644701017820986,1.707499689688721,0.3380961637724818,-0.6544537372115486,-0.6154915796172451,-0.3687152874355457,-0.5952272282818631,0,1,1,True,0.0020703900712655144,0.8038620926575508,0.19406751727118368
1.103361511540898,1,0.7202146137025219,-0.0237554881710714,0.0850492518807105,1,0.0,1.1484085504405437,0.2546249253678617,1,0.7926600716368035,-2.432005601372186,1.7496101475022634,7,0.2462002046576992,1,1.366889765474155,1.3844542239995006,1.7246808787816197,0,0,-1.1505541015749308,-0.4262300150429028,0.2662325767951835,0.0,-0.9320143892374164,1.76397152927805,0.1557070814399298,-2.4938204216722384,2.6111504505039176,0.212801940709899,3.666879868860719,1.6476026994959998,1,2,2,True,2.441306662238964e-05,0.0034536787458647133,0.9965219081875129
-1.3056792178158831,2,0.3880149148173107,2.320734916839626,0.0850492518807105,1,0.0,-1.3988667106929462,-1.5756862740979405,1,-1.2248070954894692,-1.0261667362455194,-0.0577875452794142,7,0.2462002046576992,1,0.4538689989758404,1.47875719175494,-0.2775943477299747,0,0,0.7626976284195812,-0.4262300150429028,1.1914379855160335,0.0,-0.9320143892374164,-0.678773515728442,0.1557070814399298,0.3380961637724818,-0.8177339465973219,-0.6154915796172451,-0.0582848907973714,-0.5952272282818631,0,2,2,True,0.0012262130483998064,0.2827805098414424,0.7159932771101578
0.1178448495313057,2,0.1153136694637791,1.950552221311621,-0.8916882501868245,1,0.0,-1.0033993185535004,-1.5756862740979405,0,0.743453555365431,-1.0261667362455194,0.8459113011114247,5,-0.6608531809232983,1,1.1809709452074515,1.7418498231084163,0.1228606975723441,0,0,0.4893759527060795,-0.4262300150429028,0.2662325767951835,0.0,0.241988311858558,0.9925783571707368,-0.6201892226844657,0.3380961637724818,0.4885077284888646,1.041095461037043,-0.6791456840737199,-0.8755809692540959,0,1,1,True,0.00642708558063929,0.6130337576505411,0.3805391567688197
0.3368485522001039,2,-0.1301174513543993,0.3464272073569334,0.0850492518807105,1,0.0,1.336172480321877,-0.6605306743650393,0,-0.929567997861234,0.3796721288811475,-0.0577875452794142,0,-1.5679065665042955,0,-0.4366290304387363,-0.5010429673670804,-0.2775943477299747,0,0,-0.8772324258614291,-0.4262300150429028,-0.6589728319256667,0.0,0.241988311858558,0.4783162424325279,0.1557070814399298,0.3380961637724818,-0.0013328996684553,-0.063295899399149,1.4938670923934996,0.8065414765793012,0,1,1,True,0.2865542126800494,0.7134454418392017,3.45480748911796e-07
-0.8676718124782865,2,-0.5218156037712901,-0.270543951856408,0.0850492518807105,1,0.0,1.4259003760173814,1.1697805251007627,1,-0.3390898026047641,0.3796721288811475,-0.9614863916702532,2,-1.5679065665042955,2,-0.9436030934745704,0.7126685520606025,0.1228606975723441,0,0,-0.3305890744344257,-0.4262300150429028,-0.6589728319256667,0.0,-0.9320143892374164,-0.0359458723056809,-0.6201892226844657,0.3380961637724818,-0.6544537372115486,-0.6154915796172451,-0.3687152874355457,-0.5952272282818631,0,1,1,True,0.21155246074020173,0.7884406341035141,6.905156284291522e-06
1.2128633628752972,2,0.0359823980882062,-0.8875151110697495,-1.86842575225436,2,0.0,-0.5198656584166149,-0.6605306743650393,1,-0.4867093514188816,1.7855109940078144,-0.0577875452794142,7,-0.6608531809232983,1,0.3435925787262185,0.6020628357811229,0.1228606975723441,0,0,-0.8772324258614291,-0.4262300150429028,1.1914379855160335,0.0,-0.9320143892374164,0.0926196563788712,0.1557070814399298,0.3380961637724818,-0.8177339465973219,-0.6154915796172451,-0.0582848907973714,-0.5952272282818631,0,2,2,True,0.0014794576978867358,0.195512117007501,0.8030084252946122
-0.6486681098094882,1,-0.5986677729163763,-0.7641208792270812,0.0850492518807105,1,0.0,0.8509771924869266,1.1697805251007627,0,-1.6184592256604493,0.3796721288811475,-0.9614863916702532,6,0.2462002046576992,2,-0.513971259669685,-1.4274888145263307,-0.6780493930322936,0,0,-0.8772324258614291,-0.4262300150429028,-1.584178240646517,0.0,-0.9320143892374164,-0.5502079870438897,-0.6201892226844657,-2.4938204216722384,-0.0013328996684553,-0.6154915796172451,1.4938670923934996,0.8065414765793012,1,1,1,True,0.0144544453718566,0.8146834984595017,0.1708620561686416
1.7603726195472926,2,-0.4846290703139904,-0.8875151110697495,2.038524256015781,5,0.0,0.909134161919198,0.2546249253678617,0,0.5958340065513135,-1.0261667362455194,0.8459113011114247,4,1.153253590238697,1,0.778961336127905,0.0428504532194333,-1.0785044383346123,0,0,0.2160542769925777,-0.4262300150429028,-0.6589728319256667,0.0,0.241988311858558,2.92106128743902,0.9316033855643254,0.3380961637724818,4.243952544361651,0.7649976209279952,-0.3687152874355457,1.3672489585237668,1,1,1,True,0.012937708415575887,0.8744877606740247,0.1125745309103995
-0.2106607044718917,2,1.406925931547324,2.197340684996958,1.0617867539482455,1,0.0,1.1683480828173225,1.1697805251007627,1,-0.8311549653184892,0.3796721288811475,-0.0577875452794142,4,0.2462002046576992,1,0.080756486532033,-1.2876505836520202,-0.2775943477299747,0,0,0.2160542769925777,-0.4262300150429028,-0.6589728319256667,0.0,0.241988311858558,0.7354472998016324,0.1557070814399298,0.3380961637724818,-0.0013328996684553,0.7649976209279952,-0.6791456840737199,0.8065414765793012,0,1,1,True,0.026073399834022504,0.9720217541736124,0.0019048459923652098
-0.2106607044718917,2,1.4689034873094906,-0.0237554881710714,1.0617867539482455,3,0.0,1.6336038382754938,-0.6605306743650393,1,-0.8803614815898617,0.3796721288811475,-0.0577875452794142,6,0.2462002046576992,2,-0.2985179068120422,0.6162574702718819,-0.6780493930322936,0,0,1.036019304133083,-0.4262300150429028,-0.6589728319256667,0.0,-0.9320143892374164,-0.1645114009902331,1.707499689688721,0.3380961637724818,0.4885077284888646,0.7649976209279952,-0.6791456840737199,1.086895217551534,0,1,1,True,0.0012958356296964273,0.773862550010307,0.2248416143599965
-1.4151810691502822,0,0.7177355114720353,-0.0237554881710714,0.0850492518807105,1,0.0,-0.353702888610125,0.2546249253678617,1,-0.2898832863333916,-1.0261667362455194,-0.9614863916702532,2,-0.6608531809232983,0,-0.8093165855790769,1.7199254371622934,-0.6780493930322936,0,0,-1.1505541015749308,-0.4262300150429028,0.2662325767951835,0.0,2.5899937140505074,-1.3216011591512031,0.9316033855643254,0.3380961637724818,-0.9810141559830952,-1.1676872598353414,-0.6791456840737199,-1.1559347102263289,0,1,1,True,0.028373535464590746,0.9716107642775346,1.5700257874708223e-05
1.2128633628752972,2,0.130188282846699,-0.6407266473844129,0.0850492518807105,1,0.0,0.5618539730236342,1.1697805251007627,1,-0.5851223839616266,0.3796721288811475,0.8459113011114247,4,1.153253590238697,2,0.2964223180414091,0.6173817977562985,-0.6780493930322936,0,0,-1.1505541015749308,-0.4262300150429028,0.2662325767951835,0.0,-0.9320143892374164,-0.0359458723056809,-0.6201892226844657,0.3380961637724818,0.4885077284888646,1.3171933011460917,-0.6791456840737199,1.086895217551534,0,1,1,True,0.03605768964327698,0.9349586807807754,0.02898362957594751
-0.5391662584750891,2,0.4326387549660704,-0.8875151110697495,0.0850492518807105,3,0.0,1.073635304027623,1.1697805251007627,1,-1.0279810304039791,0.3796721288811475,-0.0577875452794142,6,-0.6608531809232983,0,-0.2194758483672265,1.5747466507370045,-1.0785044383346123,0,0,-0.6039107501479274,-0.4262300150429028,0.2662325767951835,0.0,1.4159910129545328,-0.1645114009902331,0.9316033855643254,-1.0778621289498782,0.3252275191030913,0.212801940709899,-0.3687152874355457,0.5261877356070683,0,1,1,True,0.0014479068399419796,0.735989739421995,0.2625623537380631
-0.42966440714069,2,0.3186000523636845,0.59321567104227,0.0850492518807105,3,0.0,-1.2842143995264683,1.1697805251007627,0,0.3005949089230785,0.3796721288811475,-0.9614863916702532,6,-0.6608531809232983,1,-0.7961429091716077,-1.35482915084591,-0.6780493930322936,0,0,-0.6039107501479274,-0.4262300150429028,1.1914379855160335,0.0,0.241988311858558,-0.4216424583593375,1.707499689688721,0.3380961637724818,0.161947309717318,0.7649976209279952,-0.3687152874355457,0.5261877356070683,0,1,1,True,0.0010536434351617924,0.8966763667586354,0.10226998980620279
-1.3056792178158831,2,0.2194359631442184,-0.6407266473844129,-0.8916882501868245,1,0.0,-0.8272667825586212,-0.6605306743650393,0,1.629170848250136,-1.0261667362455194,-0.0577875452794142,7,1.153253590238697,2,-0.4283423630211347,-0.3124370318562015,-0.6780493930322936,0,1,-1.1505541015749308,-0.4262300150429028,-0.6589728319256667,0.0,-0.9320143892374164,-0.8073390444129942,0.1557070814399298,0.3380961637724818,-0.3278933184400019,-0.063295899399149,-0.3687152874355457,-0.3148734873096303,0,2,2,True,0.00020408642671499347,0.12558193174722068,0.8742139818260644
-0.8676718124782865,2,-0.3606739587896578,2.197340684996958,0.0850492518807105,3,0.0,-0.3852738148733581,-0.6605306743650393,0,0.0053558112948434,0.3796721288811475,-0.0577875452794142,0,0.2462002046576992,1,-0.4606391180846078,1.5791034197391185,0.523315742874663,0,0,-0.8772324258614291,-0.4262300150429028,-1.584178240646517,0.0,0.241988311858558,-0.0359458723056809,0.1557070814399298,-1.0778621289498782,0.161947309717318,0.7649976209279952,-0.3687152874355457,-0.8755809692540959,0,1,1,True,0.02816642953167009,0.9718326152788943,9.551894356408476e-07
-1.0866755151470848,2,1.2110768553388789,0.2230329755142651,0.0850492518807105,3,0.0,0.563515600721699,0.2546249253678617,0,1.5799643319787635,1.7855109940078144,-0.9614863916702532,8,1.153253590238697,1,-0.843313169856417,-1.094266256332371,2.1251359240839385,0,0,-0.3305890744344257,-0.4262300150429028,-0.6589728319256667,0.0,0.241988311858558,-0.8073390444129942,0.9316033855643254,0.3380961637724818,-0.9810141559830952,-1.1676872598353414,-0.6791456840737199,-1.1559347102263289,0,2,2,True,7.291666849526437e-05,0.09888463485567964,0.901042448475825
-0.8676718124782865,2,1.4540288739265703,1.456975293940948,1.0617867539482455,1,0.0,-1.6697120254775248,-0.6605306743650393,0,-0.7327419327757442,1.7855109940078144,0.8459113011114247,4,-1.5679065665042955,0,0.738802870950297,-0.5787621047273755,-0.6780493930322936,0,0,-1.1505541015749308,-0.4262300150429028,0.2662325767951835,0.0,0.241988311858558,-0.1645114009902331,-1.3960855268088614,0.3380961637724818,0.4885077284888646,1.3171933011460917,1.8042974890316736,1.086895217551534,0,1,1,True,0.020696331295033437,0.9500960514707284,0.029207617234238106
-0.7581699611438873,1,1.2631380021790986,1.7037637576262843,0.0850492518807105,1,0.0,-1.4387457754465038,-1.5756862740979405,1,1.4815512994360187,-2.432005601372186,-0.9614863916702532,6,0.2462002046576992,0,-0.8265273563694804,1.1238913294859614,-0.6780493930322936,0,0,2.675949358414093,2.346151056253851,0.2662325767951835,0.0,2.5899937140505074,-0.1645114009902331,-0.6201892226844657,-1.0778621289498782,0.4885077284888646,0.7649976209279952,-0.6791456840737199,1.3672489585237668,0,1,1,True,0.0005713321263067846,0.8990691347470366,0.10035953312665655
-0.8676718124782865,2,0.6929444891671688,-0.0237554881710714,1.0617867539482455,3,0.0,1.1367771565540892,1.1697805251007627,0,-1.1263940629467242,0.3796721288811475,-0.9614863916702532,2,0.2462002046576992,1,-0.7498225630937319,1.5598493115684848,2.5255909693862573,0,0,0.4893759527060795,-0.4262300150429028,0.2662325767951835,0.0,0.241988311858558,-0.2930769296747854,-0.6201892226844657,0.3380961637724818,-0.3278933184400019,-0.339393739508197,-0.3687152874355457,-0.5952272282818631,0,1,1,True,0.053784657110714125,0.9462073489727199,7.993916566036049e-06
1.4318670655440953,2,0.0037540690918798,-0.0237554881710714,0.0850492518807105,1,0.0,0.0085319495680229,-1.5756862740979405,1,-0.0930572212479015,0.3796721288811475,-0.9614863916702532,2,1.153253590238697,1,-0.8760348822233569,0.8224310227267697,0.523315742874663,0,0,0.7626976284195812,-0.4262300150429028,-0.6589728319256667,0.0,-0.9320143892374164,-0.4216424583593375,1.707499689688721,0.3380961637724818,-0.9810141559830952,-1.1676872598353414,-0.6791456840737199,-1.1559347102263289,0,1,1,True,0.07463242751457563,0.9253580866488571,9.485836567274241e-06
1.3223652142096962,2,-1.2432343528429055,1.5803695257836163,1.0617867539482455,4,0.0,1.0470492608585846,-1.5756862740979405,0,0.3005949089230785,0.3796721288811475,1.7496101475022634,5,-0.6608531809232983,1,2.105678037551101,-1.5199647501195932,0.1228606975723441,0,0,0.2160542769925777,-0.4262300150429028,-0.6589728319256667,0.0,1.4159910129545328,2.0211025866471544,-0.6201892226844657,0.3380961637724818,-0.4911735278257753,-0.6154915796172451,-0.3687152874355457,-0.5952272282818631,0,1,2,False,0.0030353066675722546,0.48924940327060856,0.5077152900618191
-0.8676718124782865,2,-1.1440702636234394,-1.010909342912418,0.0850492518807105,3,0.0,-0.2141261619726735,-0.6605306743650393,0,-0.8803614815898617,-1.0261667362455194,-0.9614863916702532,8,0.2462002046576992,0,-0.7867938484953392,1.2942269433750713,1.324225833479301,0,1,1.036019304133083,-0.4262300150429028,0.2662325767951835,0.0,2.5899937140505074,-0.8073390444129942,0.1557070814399298,0.3380961637724818,-0.6544537372115486,-0.6154915796172451,-0.6791456840737199,-0.5952272282818631,1,2,2,True,4.2069376334936535e-05,0.08828031110572496,0.9116776195179401
-1.0866755151470848,2,1.652357052365503,-1.010909342912418,-0.8916882501868245,3,0.0,-0.8771156135005681,1.1697805251007627,1,0.7926600716368035,0.3796721288811475,-0.9614863916702532,2,-0.6608531809232983,0,-0.5709155383342297,0.5014355259258402,-0.6780493930322936,0,0,-1.1505541015749308,-0.4262300150429028,-0.6589728319256667,0.0,0.241988311858558,-0.8073390444129942,-0.6201892226844657,0.3380961637724818,-0.3278933184400019,-0.6154915796172451,-0.6791456840737199,-0.0345197463373974,0,1,1,True,0.05793458742893818,0.9420562518772891,9.160693772565581e-06
-0.8676718124782865,2,0.2318314742966517,1.0867925984129432,-1.86842575225436,3,0.0,-1.1795318545483795,0.2546249253678617,1,0.9894861367222936,-1.0261667362455194,-0.9614863916702532,6,1.153253590238697,2,-0.8741225743577565,0.0910559941137936,-0.6780493930322936,0,1,-0.6039107501479274,-0.4262300150429028,0.2662325767951835,0.0,-0.9320143892374164,-0.9359045730975464,0.1557070814399298,-1.0778621289498782,-0.4911735278257753,-0.339393739508197,-0.6791456840737199,-0.8755809692540959,1,1,1,True,0.0015257945576122056,0.8531275548981611,0.1453466505442268
-0.6486681098094882,1,-0.2466352561872719,-0.8875151110697495,0.0850492518807105,1,0.0,0.5884400161926726,0.2546249253678617,0,1.1863122018077836,-1.0261667362455194,-0.9614863916702532,8,1.153253590238697,2,-0.7899810282713399,-0.3416695464510322,1.7246808787816197,0,0,-0.3305890744344257,-0.4262300150429028,0.2662325767951835,0.0,-0.9320143892374164,-1.0644701017820986,0.1557070814399298,1.754054456494842,-0.9810141559830952,-1.1676872598353414,-0.6791456840737199,-1.1559347102263289,1,2,2,True,0.0002738891418112034,0.039259629426489445,0.9604664814316994
1.103361511540898,2,-0.5738767506115098,0.59321567104227,0.0850492518807105,3,0.0,0.79448185075272,0.2546249253678617,0,0.5958340065513135,0.3796721288811475,-0.0577875452794142,7,0.2462002046576992,1,-0.4062445832408636,1.3895136976793752,0.1228606975723441,0,1,0.4893759527060795,-0.4262300150429028,0.2662325767951835,0.0,0.241988311858558,-0.0359458723056809,0.9316033855643254,-1.0778621289498782,-0.3278933184400019,-0.063295899399149,-0.3687152874355457,-0.5952272282818631,0,2,2,True,7.119081618400897e-05,0.15426127017042296,0.8456675390133931
-0.3201625558062908,1,0.4599088795014236,1.7037637576262843,0.0850492518807105,0,0.0,-0.7225842375805326,-0.6605306743650393,0,-1.1263940629467242,0.3796721288811475,0.8459113011114247,1,-1.5679065665042955,0,0.7324285113982957,-0.3907183329587048,2.5255909693862573,0,1,-0.0572673987209239,-0.4262300150429028,0.2662325767951835,0.0,2.5899937140505074,-0.0359458723056809,-0.6201892226844657,0.3380961637724818,-0.6544537372115486,-0.6154915796172451,-0.6791456840737199,-0.5952272282818631,1,0,1,False,0.20093390230336022,0.7990331106240424,3.2987072597498076e-05
0.3368485522001039,2,0.4623879817319102,-0.6407266473844129,-1.86842575225436,3,0.0,-1.282552771828403,1.1697805251007627,0,-0.9787745141326066,0.3796721288811475,2.6533089938931025,3,0.2462002046576992,1,2.6623721050925453,-1.098201402527829,-0.6780493930322936,0,0,-0.3305890744344257,-0.4262300150429028,-0.6589728319256667,0.0,0.241988311858558,1.2497094145398413,-0.6201892226844657,0.3380961637724818,2.1213098223465976,1.041095461037043,2.114727885669848,1.3672489585237668,0,1,1,True,0.02711556875043055,0.8202526892180322,0.15263174203153723
-0.5391662584750891,1,1.2780126155620184,0.0996387436715968,1.0617867539482455,2,0.0,1.3760515450754345,1.1697805251007627,1,0.645040522822686,0.3796721288811475,-0.0577875452794142,7,1.153253590238697,2,-0.3941333000920612,1.653027951839508,2.1251359240839385,0,0,-0.6039107501479274,-0.4262300150429028,0.2662325767951835,0.0,-0.9320143892374164,-0.9359045730975464,-0.6201892226844657,1.754054456494842,-1.1442943653688686,-1.1676872598353414,-0.6791456840737199,-1.1559347102263289,0,2,2,True,0.0011302352094829237,0.22373529913028842,0.7751344656602286
0.2273467008657048,2,1.4391542605436507,-0.8875151110697495,0.0850492518807105,1,0.0,-0.1925250018978298,1.1697805251007627,0,-1.1756005792180968,-1.0261667362455194,-0.0577875452794142,1,1.153253590238697,1,-0.2759951697283044,-0.9167630547301056,2.1251359240839385,0,0,-1.1505541015749308,-0.4262300150429028,0.2662325767951835,0.0,1.4159910129545328,0.2211851850634235,-0.6201892226844657,0.3380961637724818,-0.3278933184400019,-0.063295899399149,-0.6791456840737199,-0.0345197463373974,0,0,1,False,0.11859771169699103,0.8813983408208145,3.947482194450604e-06
-0.42966440714069,1,1.223472366491312,-0.3939381836990763,0.0850492518807105,1,0.0,-0.5530982123779129,0.2546249253678617,1,-1.7660787744745667,0.3796721288811475,-0.0577875452794142,0,1.153253590238697,0,0.2596635112915352,-1.2617910515104394,0.1228606975723441,0,0,2.1293060069870897,2.346151056253851,0.2662325767951835,0.0,0.241988311858558,0.4783162424325279,-0.6201892226844657,-2.4938204216722384,0.9783483566461848,1.8693889813641875,0.5625759024789769,0.8065414765793012,0,1,1,True,0.16390419861815944,0.8360952019903244,5.993915161675989e-07
1.2128633628752972,2,0.7574011471598217,0.7166099028849382,1.0617867539482455,4,0.0,0.9157806727114576,0.2546249253678617,0,-0.043850704976529,0.3796721288811475,-0.9614863916702532,6,-1.5679065665042955,1,-0.8787971046958908,0.3115647219949926,2.1251359240839385,0,0,-0.8772324258614291,-0.4262300150429028,1.1914379855160335,0.0,0.241988311858558,-0.1645114009902331,0.1557070814399298,-1.0778621289498782,0.161947309717318,-0.6154915796172451,1.4938670923934996,0.5261877356070683,0,1,1,True,0.0019296565786871916,0.9062825394278987,0.09178780399341419
-0.9771736638126856,2,-0.1648248825812124,2.073946453154289,0.0850492518807105,1,0.0,0.6017330377771918,0.2546249253678617,1,-0.8803614815898617,-1.0261667362455194,-0.0577875452794142,7,-1.5679065665042955,1,-0.3779849225603247,1.3940110076170416,-0.6780493930322936,0,0,-1.1505541015749308,-0.4262300150429028,0.2662325767951835,0.0,0.241988311858558,-0.8073390444129942,-2.171981830933257,0.3380961637724818,-0.3278933184400019,-0.339393739508197,-0.6791456840737199,-0.0345197463373974,0,2,2,True,0.002411675008875941,0.20393553995219624,0.7936527850389279
0.3368485522001039,2,1.287929024483965,-0.8875151110697495,1.0617867539482455,1,0.0,1.7000689461980898,0.2546249253678617,1,-0.6835354165043717,-1.0261667362455194,-0.9614863916702532,6,0.2462002046576992,2,-0.7848815406297388,-1.628602893301344,-0.2775943477299747,0,0,-0.3305890744344257,-0.4262300150429028,1.1914379855160335,0.0,-0.9320143892374164,-0.4216424583593375,-0.6201892226844657,0.3380961637724818,-0.8177339465973219,-0.6154915796172451,-0.0582848907973714,-0.5952272282818631,0,1,1,True,0.027636098218351567,0.8986536374554387,0.0737102643262098
-0.5391662584750891,2,0.7102982047805754,-0.270543951856408,-0.8916882501868245,1,0.0,0.4721260773281296,1.1697805251007627,1,0.645040522822686,0.3796721288811475,-0.0577875452794142,2,0.2462002046576992,1,-0.344200816934718,1.199080730006319,-0.6780493930322936,0,0,0.7626976284195812,-0.4262300150429028,-1.584178240646517,0.0,0.241988311858558,-0.1645114009902331,0.1557070814399298,0.3380961637724818,0.4885077284888646,-0.063295899399149,-0.3687152874355457,-0.8755809692540959,1,1,1,True,0.10884059424145409,0.8909608861276002,0.00019851963094575826
0.3368485522001039,0,0.8416906229963679,-0.1471497200137397,-0.8916882501868245,1,0.0,0.8759016079579001,1.1697805251007627,1,0.3005949089230785,0.3796721288811475,-0.0577875452794142,0,1.153253590238697,0,-0.5171584394456856,-0.7690545314648793,0.1228606975723441,0,1,0.7626976284195812,-0.4262300150429028,0.2662325767951835,0.0,-0.9320143892374164,-0.4216424583593375,-0.6201892226844657,0.3380961637724818,-0.8177339465973219,-0.6154915796172451,-0.0582848907973714,-0.5952272282818631,0,1,1,True,0.28341677934838017,0.7165829530852937,2.675663261544212e-07
-1.3056792178158831,2,-0.4474425368566906,0.4698214391996017,-1.86842575225436,3,0.0,-0.631194714186963,-0.6605306743650393,1,-1.2740136117608418,0.3796721288811475,-0.9614863916702532,8,0.2462002046576992,1,-0.9363788193156356,1.695330773440681,-0.6780493930322936,0,0,-1.1505541015749308,-0.4262300150429028,0.2662325767951835,0.0,-0.9320143892374164,-0.5502079870438897,-1.3960855268088614,0.3380961637724818,-0.0013328996684553,-0.063295899399149,-0.6791456840737199,0.5261877356070683,0,2,2,True,0.00033426277958602176,0.19116126629101296,0.808504470929401
0.7748559575377005,0,0.442555163888017,-0.5173324155417446,0.0850492518807105,1,0.0,0.7413097644146432,0.2546249253678617,1,1.1863122018077836,-1.0261667362455194,-0.9614863916702532,2,0.2462002046576992,2,-0.7098765765678573,-0.8910440635240767,0.1228606975723441,0,0,-0.3305890744344257,-0.4262300150429028,1.1914379855160335,0.0,-0.9320143892374164,-0.5502079870438897,1.707499689688721,0.3380961637724818,-0.3278933184400019,-0.6154915796172451,-0.6791456840737199,-0.3148734873096303,0,1,1,True,0.09778289214345727,0.9021987856473156,1.832220922693154e-05
-0.3201625558062908,1,-0.3581948565591712,-0.270543951856408,0.0850492518807105,1,0.0,-1.4586853078232829,-1.5756862740979405,1,0.0053558112948434,-2.432005601372186,-0.0577875452794142,2,0.2462002046576992,2,-0.0911387427202677,1.2049834492995064,-0.6780493930322936,0,1,2.4026276827005915,2.346151056253851,1.1914379855160335,0.0,-0.9320143892374164,-0.2930769296747854,0.1557070814399298,0.3380961637724818,0.3252275191030913,0.7649976209279952,-0.6791456840737199,0.5261877356070683,1,1,1,True,0.043732051066340795,0.9561468674402971,0.00012108149336200654
0.4463504035345031,2,-0.3904231855554976,-1.010909342912418,0.0850492518807105,2,0.0,-0.8156353886721669,-0.6605306743650393,1,-0.8311549653184892,1.7855109940078144,0.8459113011114247,7,-1.5679065665042955,1,0.4013867719976967,0.7382470023310794,-0.6780493930322936,0,0,0.2160542769925777,-0.4262300150429028,0.2662325767951835,0.0,0.241988311858558,-0.1645114009902331,-0.6201892226844657,0.3380961637724818,0.4885077284888646,0.7649976209279952,-0.6791456840737199,0.8065414765793012,0,2,2,True,0.0001263131339804648,0.03871650901630207,0.9611571778497175
-1.5246829204846812,2,-0.9308674718015876,-0.270543951856408,0.0850492518807105,1,0.0,1.1251457626676349,0.2546249253678617,1,1.629170848250136,0.3796721288811475,-0.9614863916702532,8,1.153253590238697,0,-0.8983451406553613,1.516422162482895,-0.6780493930322936,0,1,1.5826626555600865,2.346151056253851,-0.6589728319256667,0.0,0.241988311858558,-1.0644701017820986,-0.6201892226844657,0.3380961637724818,-0.6544537372115486,-0.6154915796172451,-0.6791456840737199,-0.5952272282818631,1,2,2,True,0.0002336375383040704,0.05333262925341193,0.9464337332082841
1.979376322216091,1,0.7152564092415487,-0.8875151110697495,-1.86842575225436,1,0.0,0.1181993776403062,1.1697805251007627,1,-0.043850704976529,0.3796721288811475,0.8459113011114247,4,-0.6608531809232983,1,0.950431608076739,0.2107968712041578,0.1228606975723441,0,0,0.7626976284195812,-0.4262300150429028,-0.6589728319256667,0.0,0.241988311858558,1.5068404719089457,0.9316033855643254,0.3380961637724818,-0.6544537372115486,-0.6154915796172451,-0.3687152874355457,-0.5952272282818631,0,1,1,True,0.019213200495261762,0.9623189599646732,0.018467839540064947
